  0
SECTION
  2
HEADER
  9
$ACADVER
  1
AC1015
  9
$ACADMAINTVER
 70
    20
  9
$DWGCODEPAGE
  3
ANSI_1252
  9
$INSBASE
 10
0.0
 20
0.0
 30
0.0
  9
$EXTMIN
 10
0.0
 20
-105.0
 30
0.0
  9
$EXTMAX
 10
6437.252689103165
 20
54115.82370706359
 30
0.0
  9
$LIMMIN
 10
0.0
 20
0.0
  9
$LIMMAX
 10
12.0
 20
9.0
  9
$ORTHOMODE
 70
     0
  9
$REGENMODE
 70
     1
  9
$FILLMODE
 70
     1
  9
$QTEXTMODE
 70
     0
  9
$MIRRTEXT
 70
     1
  9
$LTSCALE
 40
1.0
  9
$ATTMODE
 70
     1
  9
$TEXTSIZE
 40
0.2
  9
$TRACEWID
 40
0.05
  9
$TEXTSTYLE
  7
Standard
  9
$CLAYER
  8
0
  9
$CELTYPE
  6
ByLayer
  9
$CECOLOR
 62
   256
  9
$CELTSCALE
 40
1.0
  9
$DISPSILH
 70
     0
  9
$DIMSCALE
 40
1.0
  9
$DIMASZ
 40
0.18
  9
$DIMEXO
 40
0.0625
  9
$DIMDLI
 40
0.38
  9
$DIMRND
 40
0.0
  9
$DIMDLE
 40
0.0
  9
$DIMEXE
 40
0.18
  9
$DIMTP
 40
0.0
  9
$DIMTM
 40
0.0
  9
$DIMTXT
 40
0.18
  9
$DIMCEN
 40
0.09
  9
$DIMTSZ
 40
0.0
  9
$DIMTOL
 70
     0
  9
$DIMLIM
 70
     0
  9
$DIMTIH
 70
     1
  9
$DIMTOH
 70
     1
  9
$DIMSE1
 70
     0
  9
$DIMSE2
 70
     0
  9
$DIMTAD
 70
     0
  9
$DIMZIN
 70
     0
  9
$DIMBLK
  1

  9
$DIMASO
 70
     1
  9
$DIMSHO
 70
     1
  9
$DIMPOST
  1

  9
$DIMAPOST
  1

  9
$DIMALT
 70
     0
  9
$DIMALTD
 70
     2
  9
$DIMALTF
 40
0.0393700787401575
  9
$DIMLFAC
 40
1.0
  9
$DIMTOFL
 70
     0
  9
$DIMTVP
 40
0.0
  9
$DIMTIX
 70
     0
  9
$DIMSOXD
 70
     0
  9
$DIMSAH
 70
     0
  9
$DIMBLK1
  1

  9
$DIMBLK2
  1

  9
$DIMSTYLE
  2
Standard
  9
$DIMCLRD
 70
     0
  9
$DIMCLRE
 70
     0
  9
$DIMCLRT
 70
     0
  9
$DIMTFAC
 40
1.0
  9
$DIMGAP
 40
0.09
  9
$DIMJUST
 70
     0
  9
$DIMSD1
 70
     0
  9
$DIMSD2
 70
     0
  9
$DIMTOLJ
 70
     1
  9
$DIMTZIN
 70
     0
  9
$DIMALTZ
 70
     0
  9
$DIMALTTZ
 70
     0
  9
$DIMUPT
 70
     0
  9
$DIMDEC
 70
     4
  9
$DIMTDEC
 70
     4
  9
$DIMALTU
 70
     2
  9
$DIMALTTD
 70
     0
  9
$DIMTXSTY
  7
Standard
  9
$DIMAUNIT
 70
     0
  9
$DIMADEC
 70
     0
  9
$DIMALTRND
 40
0.0
  9
$DIMAZIN
 70
     0
  9
$DIMDSEP
 70
    46
  9
$DIMATFIT
 70
     0
  9
$DIMFRAC
 70
     0
  9
$DIMLDRBLK
  1

  9
$DIMLUNIT
 70
     2
  9
$DIMLWD
 70
    -2
  9
$DIMLWE
 70
    -2
  9
$DIMTMOVE
 70
     0
  9
$LUNITS
 70
     2
  9
$LUPREC
 70
     4
  9
$SKETCHINC
 40
0.1
  9
$FILLETRAD
 40
0.0
  9
$AUNITS
 70
     0
  9
$AUPREC
 70
     0
  9
$MENU
  1
.
  9
$ELEVATION
 40
0.0
  9
$PELEVATION
 40
0.0
  9
$THICKNESS
 40
0.0
  9
$LIMCHECK
 70
     0
  9
$CHAMFERA
 40
0.5
  9
$CHAMFERB
 40
0.5
  9
$CHAMFERC
 40
0.0
  9
$CHAMFERD
 40
0.0
  9
$SKPOLY
 70
     0
  9
$TDCREATE
 40
2461119.453900463
  9
$TDUCREATE
 40
2461119.578901563
  9
$TDUPDATE
 40
2461119.962465278
  9
$TDUUPDATE
 40
2461120.087465278
  9
$TDINDWG
 40
0.0085069444
  9
$TDUSRTIMER
 40
0.0085069560
  9
$USRTIMER
 70
     1
  9
$ANGBASE
 50
0.0
  9
$ANGDIR
 70
     1
  9
$PDMODE
 70
     0
  9
$PDSIZE
 40
0.0
  9
$PLINEWID
 40
0.0
  9
$SPLFRAME
 70
     0
  9
$SPLINETYPE
 70
     6
  9
$SPLINESEGS
 70
     8
  9
$HANDSEED
  5
72A
  9
$SURFTAB1
 70
     6
  9
$SURFTAB2
 70
     6
  9
$SURFTYPE
 70
     6
  9
$SURFU
 70
     6
  9
$SURFV
 70
     6
  9
$UCSBASE
  2

  9
$UCSNAME
  2

  9
$UCSORG
 10
0.0
 20
0.0
 30
0.0
  9
$UCSXDIR
 10
1.0
 20
0.0
 30
0.0
  9
$UCSYDIR
 10
0.0
 20
1.0
 30
0.0
  9
$UCSORTHOREF
  2

  9
$UCSORTHOVIEW
 70
     0
  9
$UCSORGTOP
 10
0.0
 20
0.0
 30
0.0
  9
$UCSORGBOTTOM
 10
0.0
 20
0.0
 30
0.0
  9
$UCSORGLEFT
 10
0.0
 20
0.0
 30
0.0
  9
$UCSORGRIGHT
 10
0.0
 20
0.0
 30
0.0
  9
$UCSORGFRONT
 10
0.0
 20
0.0
 30
0.0
  9
$UCSORGBACK
 10
0.0
 20
0.0
 30
0.0
  9
$PUCSBASE
  2

  9
$PUCSNAME
  2

  9
$PUCSORG
 10
0.0
 20
0.0
 30
0.0
  9
$PUCSXDIR
 10
1.0
 20
0.0
 30
0.0
  9
$PUCSYDIR
 10
0.0
 20
1.0
 30
0.0
  9
$PUCSORTHOREF
  2

  9
$PUCSORTHOVIEW
 70
     0
  9
$PUCSORGTOP
 10
0.0
 20
0.0
 30
0.0
  9
$PUCSORGBOTTOM
 10
0.0
 20
0.0
 30
0.0
  9
$PUCSORGLEFT
 10
0.0
 20
0.0
 30
0.0
  9
$PUCSORGRIGHT
 10
0.0
 20
0.0
 30
0.0
  9
$PUCSORGFRONT
 10
0.0
 20
0.0
 30
0.0
  9
$PUCSORGBACK
 10
0.0
 20
0.0
 30
0.0
  9
$USERI1
 70
     0
  9
$USERI2
 70
     0
  9
$USERI3
 70
     0
  9
$USERI4
 70
     0
  9
$USERI5
 70
     0
  9
$USERR1
 40
0.0
  9
$USERR2
 40
0.0
  9
$USERR3
 40
0.0
  9
$USERR4
 40
0.0
  9
$USERR5
 40
0.0
  9
$WORLDVIEW
 70
     1
  9
$SHADEDGE
 70
     3
  9
$SHADEDIF
 70
    70
  9
$TILEMODE
 70
     1
  9
$MAXACTVP
 70
    48
  9
$PINSBASE
 10
0.0
 20
0.0
 30
0.0
  9
$PLIMCHECK
 70
     0
  9
$PEXTMIN
 10
1.000000000000000E+20
 20
1.000000000000000E+20
 30
1.000000000000000E+20
  9
$PEXTMAX
 10
-1.000000000000000E+20
 20
-1.000000000000000E+20
 30
-1.000000000000000E+20
  9
$PLIMMIN
 10
0.0
 20
0.0
  9
$PLIMMAX
 10
0.0
 20
0.0
  9
$UNITMODE
 70
     0
  9
$VISRETAIN
 70
     1
  9
$PLINEGEN
 70
     1
  9
$PSLTSCALE
 70
     1
  9
$TREEDEPTH
 70
  3020
  9
$CMLSTYLE
  2
STANDARD
  9
$CMLJUST
 70
     0
  9
$CMLSCALE
 40
1.0
  9
$PROXYGRAPHICS
 70
     1
  9
$MEASUREMENT
 70
     1
  9
$CELWEIGHT
370
    -1
  9
$ENDCAPS
280
     0
  9
$JOINSTYLE
280
     0
  9
$LWDISPLAY
290
     1
  9
$INSUNITS
 70
     4
  9
$HYPERLINKBASE
  1

  9
$STYLESHEET
  1

  9
$XEDIT
290
     1
  9
$CEPSNTYPE
380
     0
  9
$PSTYLEMODE
290
     0
  9
$FINGERPRINTGUID
  2

  9
$VERSIONGUID
  2
{4D7EB23C-D2E9-EC43-918B-4AF009A545B6}
  9
$EXTNAMES
290
     1
  9
$PSVPSCALE
 40
0.0
  9
$OLESTARTUP
290
     0
  0
ENDSEC
  0
SECTION
  2
CLASSES
  0
CLASS
  1
RASTERVARIABLES
  2
AcDbRasterVariables
  3
ISM
 90
    32768
280
     0
281
     0
  0
CLASS
  1
IMAGEDEF
  2
AcDbRasterImageDef
  3
ISM
 90
    32768
280
     0
281
     0
  0
CLASS
  1
IMAGEDEF_REACTOR
  2
AcDbRasterImageDefReactor
  3
ISM
 90
    32769
280
     0
281
     0
  0
CLASS
  1
IMAGE
  2
AcDbRasterImage
  3
ISM
 90
    34943
280
     0
281
     1
  0
CLASS
  1
ACAD_EVALUATION_GRAPH
  2
AcDbEvalGraph
  3
ObjectDBX Classes
 90
    33921
280
     0
281
     0
  0
CLASS
  1
BLOCKPOINTPARAMETER
  2
AcDbBlockPointParameter
  3
ObjectDBX Classes
 90
    33921
280
     0
281
     0
  0
CLASS
  1
BLOCKBASEPOINTPARAMETER
  2
AcDbBlockBasepointParameter
  3
ObjectDBX Classes
 90
    33921
280
     0
281
     0
  0
CLASS
  1
BLOCKLOOKUPPARAMETER
  2
AcDbBlockLookupParameter
  3
ObjectDBX Classes
 90
    33921
280
     0
281
     0
  0
CLASS
  1
BLOCKVISIBILITYPARAMETER
  2
AcDbBlockVisibilityParameter
  3
ObjectDBX Classes
 90
    33921
280
     0
281
     0
  0
CLASS
  1
BLOCKPROPERTIESTABLE
  2
AcDbBlockPropertiesTable
  3
ObjectDBX Classes
 90
    33921
280
     0
281
     0
  0
CLASS
  1
BLOCKPOLARPARAMETER
  2
AcDbBlockPolarParameter
  3
ObjectDBX Classes
 90
    33921
280
     0
281
     0
  0
CLASS
  1
BLOCKROTATIONPARAMETER
  2
AcDbBlockRotationParameter
  3
ObjectDBX Classes
 90
    33921
280
     0
281
     0
  0
CLASS
  1
BLOCKLINEARPARAMETER
  2
AcDbBlockLinearParameter
  3
ObjectDBX Classes
 90
    33921
280
     0
281
     0
  0
CLASS
  1
BLOCKXYPARAMETER
  2
AcDbBlockXYParameter
  3
ObjectDBX Classes
 90
    33921
280
     0
281
     0
  0
CLASS
  1
BLOCKFLIPPARAMETER
  2
AcDbBlockFlipParameter
  3
ObjectDBX Classes
 90
    33921
280
     0
281
     0
  0
CLASS
  1
BLOCKALIGNMENTPARAMETER
  2
AcDbBlockAlignmentParameter
  3
ObjectDBX Classes
 90
    33921
280
     0
281
     0
  0
CLASS
  1
BLOCKROTATEACTION
  2
AcDbBlockRotateAction
  3
ObjectDBX Classes
 90
    33921
280
     0
281
     0
  0
CLASS
  1
BLOCKSCALEACTION
  2
AcDbBlockScaleAction
  3
ObjectDBX Classes
 90
    33921
280
     0
281
     0
  0
CLASS
  1
BLOCKARRAYACTION
  2
AcDbBlockArrayAction
  3
ObjectDBX Classes
 90
    33921
280
     0
281
     0
  0
CLASS
  1
BLOCKFLIPACTION
  2
AcDbBlockFlipAction
  3
ObjectDBX Classes
 90
    33921
280
     0
281
     0
  0
CLASS
  1
BLOCKLOOKUPACTION
  2
AcDbBlockLookupAction
  3
ObjectDBX Classes
 90
    33921
280
     0
281
     0
  0
CLASS
  1
BLOCKMOVEACTION
  2
AcDbBlockMoveAction
  3
ObjectDBX Classes
 90
    33921
280
     0
281
     0
  0
CLASS
  1
BLOCKPOLARSTRETCHACTION
  2
AcDbBlockPolarStretchAction
  3
ObjectDBX Classes
 90
    33921
280
     0
281
     0
  0
CLASS
  1
BLOCKSTRETCHACTION
  2
AcDbBlockStretchAction
  3
ObjectDBX Classes
 90
    33921
280
     0
281
     0
  0
CLASS
  1
BLOCKALIGNMENTGRIP
  2
AcDbBlockAlignmentGrip
  3
ObjectDBX Classes
 90
    33921
280
     0
281
     0
  0
CLASS
  1
BLOCKFLIPGRIP
  2
AcDbBlockFlipGrip
  3
ObjectDBX Classes
 90
    33921
280
     0
281
     0
  0
CLASS
  1
ACDB_BLOCKREPRESENTATION_DATA
  2
AcDbBlockRepresentationData
  3
ObjectDBX Classes
 90
    33921
280
     0
281
     0
  0
CLASS
  1
ACDB_DYNAMICBLOCKPURGEPREVENTER_VERSION
  2
AcDbDynamicBlockPurgePreventer
  3
ObjectDBX Classes
 90
    33921
280
     0
281
     0
  0
CLASS
  1
BLOCKLINEARGRIP
  2
AcDbBlockLinearGrip
  3
ObjectDBX Classes
 90
    33921
280
     0
281
     0
  0
CLASS
  1
BLOCKLOOKUPGRIP
  2
AcDbBlockLookupGrip
  3
ObjectDBX Classes
 90
    33921
280
     0
281
     0
  0
CLASS
  1
BLOCKPOLARGRIP
  2
AcDbBlockPolarGrip
  3
ObjectDBX Classes
 90
    33921
280
     0
281
     0
  0
CLASS
  1
BLOCKPROPERTIESTABLEGRIP
  2
AcDbBlockPropertiesTableGrip
  3
ObjectDBX Classes
 90
    33921
280
     0
281
     0
  0
CLASS
  1
BLOCKROTATIONGRIP
  2
AcDbBlockRotationGrip
  3
ObjectDBX Classes
 90
    33921
280
     0
281
     0
  0
CLASS
  1
BLOCKVISIBILITYGRIP
  2
AcDbBlockVisibilityGrip
  3
ObjectDBX Classes
 90
    33921
280
     0
281
     0
  0
CLASS
  1
BLOCKXYGRIP
  2
AcDbBlockXYGrip
  3
ObjectDBX Classes
 90
    33921
280
     0
281
     0
  0
CLASS
  1
BLOCKGRIPLOCATIONCOMPONENT
  2
AcDbBlockGripExpr
  3
ObjectDBX Classes
 90
    33921
280
     0
281
     0
  0
CLASS
  1
ACDB_DYNAMICBLOCKPROXYNODE
  2
AcDbDynamicBlockProxyNode
  3
ObjectDBX Classes
 90
    33921
280
     0
281
     0
  0
CLASS
  1
BLOCKLINEARCONSTRAINTPARAMETER
  2
AcDbBlockLinearConstraintParameter
  3
ObjectDBX Classes
 90
    33921
280
     0
281
     0
  0
CLASS
  1
BLOCKHORIZONTALCONSTRAINTPARAMETER
  2
AcDbBlockHorizontalConstraintParameter
  3
ObjectDBX Classes
 90
    33921
280
     0
281
     0
  0
CLASS
  1
BLOCKVERTICALCONSTRAINTPARAMETER
  2
AcDbBlockVerticalConstraintParameter
  3
ObjectDBX Classes
 90
    33921
280
     0
281
     0
  0
CLASS
  1
BLOCKALIGNEDCONSTRAINTPARAMETER
  2
AcDbBlockAlignedConstraintParameter
  3
ObjectDBX Classes
 90
    33921
280
     0
281
     0
  0
CLASS
  1
BLOCKANGULARCONSTRAINTPARAMETER
  2
AcDbBlockAngularConstraintParameter
  3
ObjectDBX Classes
 90
    33921
280
     0
281
     0
  0
CLASS
  1
BLOCKDIAMETRICCONSTRAINTPARAMETER
  2
AcDbBlockDiametricConstraintParameter
  3
ObjectDBX Classes
 90
    33921
280
     0
281
     0
  0
CLASS
  1
BLOCKRADIALCONSTRAINTPARAMETER
  2
AcDbBlockRadialConstraintParameter
  3
ObjectDBX Classes
 90
    33921
280
     0
281
     0
  0
CLASS
  1
FIELDLIST
  2
AcDbFieldList
  3
ObjectDBX Classes
 90
     1152
280
     0
281
     0
  0
CLASS
  1
ACDBDICTIONARYWDFLT
  2
AcDbDictionaryWithDefault
  3
ObjectDBX Classes
 90
        0
280
     0
281
     0
  0
CLASS
  1
CELLSTYLEMAP
  2
AcDbCellStyleMap
  3
ObjectDBX Classes
 90
     1152
280
     0
281
     0
  0
CLASS
  1
MLEADERSTYLE
  2
AcDbMLeaderStyle
  3
ACDB_MLEADERSTYLE_CLASS
 90
     4095
280
     0
281
     0
  0
CLASS
  1
TABLESTYLE
  2
AcDbTableStyle
  3
ObjectDBX Classes
 90
     4095
280
     0
281
     0
  0
CLASS
  1
DICTIONARYVAR
  2
AcDbDictionaryVar
  3
ObjectDBX Classes
 90
        0
280
     0
281
     0
  0
CLASS
  1
MATERIAL
  2
AcDbMaterial
  3
ObjectDBX Classes
 90
     1153
280
     0
281
     0
  0
CLASS
  1
VISUALSTYLE
  2
AcDbVisualStyle
  3
ObjectDBX Classes
 90
     4095
280
     0
281
     0
  0
CLASS
  1
SCALE
  2
AcDbScale
  3
ObjectDBX Classes
 90
     1153
280
     0
281
     0
  0
CLASS
  1
ACDBSECTIONVIEWSTYLE
  2
AcDbSectionViewStyle
  3
ObjectDBX Classes
 90
     1025
280
     0
281
     0
  0
CLASS
  1
ACDBDETAILVIEWSTYLE
  2
AcDbDetailViewStyle
  3
ObjectDBX Classes
 90
     1025
280
     0
281
     0
  0
CLASS
  1
SORTENTSTABLE
  2
AcDbSortentsTable
  3
ObjectDBX Classes
 90
        0
280
     0
281
     0
  0
CLASS
  1
ACDBPLACEHOLDER
  2
AcDbPlaceHolder
  3
ObjectDBX Classes
 90
        0
280
     0
281
     0
  0
CLASS
  1
LAYOUT
  2
AcDbLayout
  3
ObjectDBX Classes
 90
        0
280
     0
281
     0
  0
ENDSEC
  0
SECTION
  2
TABLES
  0
TABLE
  2
VPORT
  5
8
330
0
100
AcDbSymbolTable
 70
     1
  0
VPORT
  5
17A
330
8
100
AcDbSymbolTableRecord
100
AcDbViewportTableRecord
  2
*Active
 70
     0
 10
0.0
 20
0.0
 11
1.0
 21
1.0
 12
2836.644323453278
 22
847.6138529797434
 13
0.0
 23
0.0
 14
1.0
 24
1.0
 15
0.0
 25
0.0
 16
0.0
 26
0.0
 36
1.0
 17
0.0
 27
0.0
 37
0.0
 40
4118.460994366318
 41
2.351715686274509
 42
50.0
 43
0.0
 44
0.0
 50
0.0
 51
0.0
 71
     0
 72
 20000
 73
     1
 74
     1
 75
     0
 76
     0
 77
     0
 78
     0
281
     0
 65
     1
110
0.0
120
0.0
130
0.0
111
1.0
121
0.0
131
0.0
112
0.0
122
1.0
132
0.0
 79
     0
146
0.0
1001
ACAD_NAV_VCDISPLAY
1070
     3
  0
ENDTAB
  0
TABLE
  2
LTYPE
  5
5
330
0
100
AcDbSymbolTable
 70
     1
  0
LTYPE
  5
14
330
5
100
AcDbSymbolTableRecord
100
AcDbLinetypeTableRecord
  2
ByBlock
 70
     0
  3

 72
    65
 73
     0
 40
0.0
  0
LTYPE
  5
15
330
5
100
AcDbSymbolTableRecord
100
AcDbLinetypeTableRecord
  2
ByLayer
 70
     0
  3

 72
    65
 73
     0
 40
0.0
  0
LTYPE
  5
16
330
5
100
AcDbSymbolTableRecord
100
AcDbLinetypeTableRecord
  2
Continuous
 70
     0
  3
Solid line
 72
    65
 73
     0
 40
0.0
  0
ENDTAB
  0
TABLE
  2
LAYER
  5
2
102
{ACAD_XDICTIONARY
360
1F4
102
}
330
0
100
AcDbSymbolTable
 70
    20
  0
LAYER
  5
10
102
{ACAD_XDICTIONARY
360
60F
102
}
330
2
100
AcDbSymbolTableRecord
100
AcDbLayerTableRecord
  2
0
 70
     0
 62
     7
  6
Continuous
370
    -3
390
F
  0
LAYER
  5
27
102
{ACAD_XDICTIONARY
360
611
102
}
330
2
100
AcDbSymbolTableRecord
100
AcDbLayerTableRecord
  2
sheet
 70
     0
 62
    24
  6
Continuous
370
    -3
390
F
  0
LAYER
  5
28
102
{ACAD_XDICTIONARY
360
613
102
}
330
2
100
AcDbSymbolTableRecord
100
AcDbLayerTableRecord
  2
13319070v01
 70
     0
 62
     7
  6
Continuous
370
    -3
390
F
  0
LAYER
  5
29
102
{ACAD_XDICTIONARY
360
615
102
}
330
2
100
AcDbSymbolTableRecord
100
AcDbLayerTableRecord
  2
Texto
 70
     0
 62
     7
  6
Continuous
370
    -3
390
F
  0
LAYER
  5
2A
102
{ACAD_XDICTIONARY
360
617
102
}
330
2
100
AcDbSymbolTableRecord
100
AcDbLayerTableRecord
  2
13318985
 70
     0
 62
     7
  6
Continuous
370
    -3
390
F
  0
LAYER
  5
2B
102
{ACAD_XDICTIONARY
360
619
102
}
330
2
100
AcDbSymbolTableRecord
100
AcDbLayerTableRecord
  2
em-26207-20
 70
     0
 62
     7
  6
Continuous
370
    -3
390
F
  0
LAYER
  5
2C
102
{ACAD_XDICTIONARY
360
61B
102
}
330
2
100
AcDbSymbolTableRecord
100
AcDbLayerTableRecord
  2
mn-22030-15
 70
     0
 62
     7
  6
Continuous
370
    -3
390
F
  0
LAYER
  5
2D
102
{ACAD_XDICTIONARY
360
61D
102
}
330
2
100
AcDbSymbolTableRecord
100
AcDbLayerTableRecord
  2
mn-22030-13
 70
     0
 62
     7
  6
Continuous
370
    -3
390
F
  0
LAYER
  5
2E
102
{ACAD_XDICTIONARY
360
61F
102
}
330
2
100
AcDbSymbolTableRecord
100
AcDbLayerTableRecord
  2
Des.pa-24103-01
 70
     0
 62
     7
  6
Continuous
370
    -3
390
F
  0
LAYER
  5
2F
102
{ACAD_XDICTIONARY
360
621
102
}
330
2
100
AcDbSymbolTableRecord
100
AcDbLayerTableRecord
  2
5606330
 70
     0
 62
     7
  6
Continuous
370
    -3
390
F
  0
LAYER
  5
30
102
{ACAD_XDICTIONARY
360
623
102
}
330
2
100
AcDbSymbolTableRecord
100
AcDbLayerTableRecord
  2
13652725
 70
     0
 62
     7
  6
Continuous
370
    -3
390
F
  0
LAYER
  5
31
102
{ACAD_XDICTIONARY
360
625
102
}
330
2
100
AcDbSymbolTableRecord
100
AcDbLayerTableRecord
  2
13461301
 70
     0
 62
     7
  6
Continuous
370
    -3
390
F
  0
LAYER
  5
32
102
{ACAD_XDICTIONARY
360
627
102
}
330
2
100
AcDbSymbolTableRecord
100
AcDbLayerTableRecord
  2
MN-25219 15
 70
     0
 62
     7
  6
Continuous
370
    -3
390
F
  0
LAYER
  5
33
102
{ACAD_XDICTIONARY
360
629
102
}
330
2
100
AcDbSymbolTableRecord
100
AcDbLayerTableRecord
  2
13461382
 70
     0
 62
     7
  6
Continuous
370
    -3
390
F
  0
LAYER
  5
34
102
{ACAD_XDICTIONARY
360
62B
102
}
330
2
100
AcDbSymbolTableRecord
100
AcDbLayerTableRecord
  2
13227915
 70
     0
 62
     7
  6
Continuous
370
    -3
390
F
  0
LAYER
  5
35
102
{ACAD_XDICTIONARY
360
62D
102
}
330
2
100
AcDbSymbolTableRecord
100
AcDbLayerTableRecord
  2
Stats
 70
     0
 62
     7
  6
Continuous
370
    -3
390
F
  0
LAYER
  5
36
102
{ACAD_XDICTIONARY
360
62F
102
}
330
2
100
AcDbSymbolTableRecord
100
AcDbLayerTableRecord
  2
13376364v01
 70
     0
 62
     7
  6
Continuous
370
    -3
390
F
  0
LAYER
  5
37
330
2
100
AcDbSymbolTableRecord
100
AcDbLayerTableRecord
  2
DEFPOINTS
 70
     0
 62
     7
  6
Continuous
290
     0
370
    -3
390
F
  0
LAYER
  5
1E9
102
{ACAD_XDICTIONARY
360
631
102
}
330
2
100
AcDbSymbolTableRecord
100
AcDbLayerTableRecord
  2
Chanfro
 70
     0
 62
     1
  6
Continuous
370
    -3
390
F
1001
AcAecLayerStandard
1000

1000

1001
AcCmTransparency
1071
        0
  0
LAYER
  5
1EA
102
{ACAD_XDICTIONARY
360
633
102
}
330
2
100
AcDbSymbolTableRecord
100
AcDbLayerTableRecord
  2
Rebaixo
 70
     0
 62
     6
  6
Continuous
370
    -3
390
F
1001
AcAecLayerStandard
1000

1000

1001
AcCmTransparency
1071
        0
  0
ENDTAB
  0
TABLE
  2
STYLE
  5
3
330
0
100
AcDbSymbolTable
 70
     1
  0
STYLE
  5
11
330
3
100
AcDbSymbolTableRecord
100
AcDbTextStyleTableRecord
  2
Standard
 70
     0
 40
0.0
 41
1.0
 50
0.0
 71
     0
 42
0.2
  3
txt.shx
  4

  0
ENDTAB
  0
TABLE
  2
VIEW
  5
6
330
0
100
AcDbSymbolTable
 70
     0
  0
ENDTAB
  0
TABLE
  2
UCS
  5
7
330
0
100
AcDbSymbolTable
 70
     0
  0
ENDTAB
  0
TABLE
  2
APPID
  5
9
330
0
100
AcDbSymbolTable
 70
     9
  0
APPID
  5
12
330
0
100
AcDbSymbolTableRecord
100
AcDbRegAppTableRecord
  2
ACAD
 70
     0
  0
APPID
  5
19D
330
0
100
AcDbSymbolTableRecord
100
AcDbRegAppTableRecord
  2
ACAD_MLEADERVER
 70
     0
  0
APPID
  5
1ED
330
9
100
AcDbSymbolTableRecord
100
AcDbRegAppTableRecord
  2
ACAD_PSEXT
 70
     0
  0
APPID
  5
1EE
330
9
100
AcDbSymbolTableRecord
100
AcDbRegAppTableRecord
  2
AcadAnnotative
 70
     0
  0
APPID
  5
1EF
330
9
100
AcDbSymbolTableRecord
100
AcDbRegAppTableRecord
  2
ACAD_DSTYLE_DIMJAG
 70
     0
  0
APPID
  5
1F0
330
9
100
AcDbSymbolTableRecord
100
AcDbRegAppTableRecord
  2
ACAD_DSTYLE_DIMTALN
 70
     0
  0
APPID
  5
1F1
330
9
100
AcDbSymbolTableRecord
100
AcDbRegAppTableRecord
  2
ACAD_NAV_VCDISPLAY
 70
     0
  0
APPID
  5
1F2
330
9
100
AcDbSymbolTableRecord
100
AcDbRegAppTableRecord
  2
AcAecLayerStandard
 70
     0
  0
APPID
  5
1F3
330
9
100
AcDbSymbolTableRecord
100
AcDbRegAppTableRecord
  2
AcCmTransparency
 70
     0
  0
ENDTAB
  0
TABLE
  2
DIMSTYLE
  5
A
330
0
100
AcDbSymbolTable
 70
     3
100
AcDbDimStyleTable
 71
     0
  0
DIMSTYLE
105
179
330
A
100
AcDbSymbolTableRecord
100
AcDbDimStyleTableRecord
  2
Standard
 70
     0
143
1.0
274
     0
289
     0
340
11
  0
DIMSTYLE
105
1EB
330
A
100
AcDbSymbolTableRecord
100
AcDbDimStyleTableRecord
  2
Annotative
 70
     0
 40
0.0
 41
2.5
 42
0.625
 43
3.75
 44
1.25
 73
     0
 74
     0
 77
     1
 78
     8
140
2.5
141
2.5
143
0.03937007874016
147
0.625
171
     3
172
     1
271
     2
272
     2
274
     3
278
    44
283
     0
284
     8
340
11
1001
AcadAnnotative
1000
AnnotativeData
1002
{
1070
     1
1070
     1
1002
}
1001
ACAD_DSTYLE_DIMJAG
1070
   388
1040
1.5
1001
ACAD_DSTYLE_DIMTALN
1070
   392
1070
     0
  0
DIMSTYLE
105
1EC
330
A
100
AcDbSymbolTableRecord
100
AcDbDimStyleTableRecord
  2
ISO-25
 70
     0
 41
2.5
 42
0.625
 43
3.75
 44
1.25
 73
     0
 74
     0
 77
     1
 78
     8
140
2.5
141
2.5
143
0.03937007874016
147
0.625
171
     3
172
     1
271
     2
272
     2
274
     3
278
    44
283
     0
284
     8
340
11
  0
ENDTAB
  0
TABLE
  2
BLOCK_RECORD
  5
1
330
0
100
AcDbSymbolTable
 70
     1
  0
BLOCK_RECORD
  5
1F
330
1
100
AcDbSymbolTableRecord
100
AcDbBlockTableRecord
  2
*Model_Space
340
22
  0
BLOCK_RECORD
  5
176
330
1
100
AcDbSymbolTableRecord
100
AcDbBlockTableRecord
  2
*Paper_Space
340
1E
  0
ENDTAB
  0
ENDSEC
  0
SECTION
  2
BLOCKS
  0
BLOCK
  5
20
330
1F
100
AcDbEntity
  8
0
100
AcDbBlockBegin
  2
*Model_Space
 70
     0
 10
0.0
 20
0.0
 30
0.0
  3
*Model_Space
  1

  0
ENDBLK
  5
21
330
1F
100
AcDbEntity
  8
0
100
AcDbBlockEnd
  0
BLOCK
  5
177
330
176
100
AcDbEntity
 67
     1
  8
0
100
AcDbBlockBegin
  2
*Paper_Space
 70
     0
 10
0.0
 20
0.0
 30
0.0
  3
*Paper_Space
  1

  0
ENDBLK
  5
178
330
176
100
AcDbEntity
 67
     1
  8
0
100
AcDbBlockEnd
  0
ENDSEC
  0
SECTION
  2
ENTITIES
  0
LWPOLYLINE
  5
D4
330
1F
100
AcDbEntity
  8
sheet
 62
     7
100
AcDbPolyline
 90
        4
 70
     1
 43
0.0
 10
2625.00000031
 20
0.0000001
 10
5125.00000031
 20
0.0000001
 10
5125.00000031
 20
1600.0000001
 10
2625.00000031
 20
1600.0000001
  0
LWPOLYLINE
  5
D5
330
1F
100
AcDbEntity
  8
13318985
 62
     4
100
AcDbPolyline
 90
       12
 70
     1
 43
0.0
 10
4930.00000031052
 20
243.260917235428
 10
5104.00000031052
 20
243.2609172354281
 42
0.4142135603828341
 10
5107.000000310509
 20
246.2609172354281
 10
5107.000000310509
 20
540.260917235428
 42
0.4142135471346512
 10
5104.00000031052
 20
543.260917235428
 10
5060.00000031052
 20
543.260917235428
 42
0.4142135699643303
 10
5057.000000310509
 20
540.260917235428
 10
5057.000000310509
 20
296.2609172354282
 42
-0.4142135392620976
 10
5054.000000310519
 20
293.2609172354282
 10
4930.00000031052
 20
293.260917235428
 42
0.4142135424452241
 10
4927.00000031052
 20
290.2609172354281
 10
4927.00000031052
 20
246.2609172354281
 42
0.4142135406334412
  0
CIRCLE
  5
D6
330
1F
100
AcDbEntity
  8
13318985
 62
     4
100
AcDbCircle
 10
5082.000000310508
 20
378.2609172354282
 30
0.0
 40
9.0
  0
CIRCLE
  5
D7
330
1F
100
AcDbEntity
  8
13318985
 62
     4
100
AcDbCircle
 10
5082.000000310508
 20
518.260917235428
 30
0.0
 40
9.0
  0
MTEXT
  5
D8
330
1F
100
AcDbEntity
  8
Texto
 62
     4
100
AcDbMText
 10
5069.915469114119
 20
266.8937811785221
 30
0.0
 40
10.0
 41
58.45220318102656
 71
     1
 72
     5
  1
13318985 pos.38
 11
0.0000000000000001
 21
1.0
 31
0.0
 73
     1
 44
1.0
1001
ACAD
1000
MTEXTBEGIN
1070
    73
1070
     1
1070
    44
1040
1.0
1070
    74
1070
     0
1000
MTEXTEND
  0
LWPOLYLINE
  5
D9
330
1F
100
AcDbEntity
  8
13652725
 62
     4
100
AcDbPolyline
 90
       29
 70
     1
 43
0.0
 10
4303.295612727444
 20
614.9768382354279
 42
0.414213584099988
 10
4300.237929025067
 20
612.0356530361875
 10
4293.209186002626
 20
250.103895972063
 42
0.4142136068296403
 10
4296.150371201867
 20
247.0462122696881
 10
4490.113799020761
 20
243.2794273350089
 42
0.4142136113115821
 10
4493.171482723137
 20
246.2206125342492
 10
4493.773391655996
 20
277.2147685259286
 10
4478.776219401971
 20
277.5060147837645
 10
4478.970383573861
 20
287.5041296197899
 10
4468.972268737824
 20
287.6982937916808
 10
4469.205265744093
 20
299.6960315949114
 10
4459.207150908068
 20
299.8901957668021
 10
4459.459564331526
 20
312.8877450536208
 10
4449.461449495499
 20
313.0819092255115
 10
4449.752695753336
 20
328.0790814795643
 10
4439.754580917322
 20
328.2732456514548
 10
4440.084660009536
 20
345.2700408726983
 10
4430.086545173499
 20
345.4642050445892
 10
4430.47487351728
 20
365.4604347166402
 10
4415.477701263241
 20
365.7516809744762
 10
4416.176692282049
 20
401.7448943841536
 10
4406.178577446023
 20
401.9390585560443
 10
4406.741653544505
 20
430.9335915805329
 10
4396.74353870848
 20
431.1277557524237
 10
4397.461946144475
 20
468.120780645718
 10
4387.46383130845
 20
468.3149448176088
 10
4388.434652167905
 20
518.3055189977364
 10
4378.43653733188
 20
518.499683169627
 10
4380.281096964839
 20
613.4817741118697
  0
MTEXT
  5
DA
330
1F
100
AcDbEntity
  8
Texto
 62
     4
100
AcDbMText
 10
4334.700081678167
 20
487.2416154837276
 30
0.0
 40
10.0
 41
122.8748579127441
 71
     1
 72
     5
  1
13652725 pos16
 11
-0.0194164171889507
 21
-0.9998114836025564
 31
0.0
 73
     1
 44
1.0
1001
ACAD
1000
MTEXTBEGIN
1070
    73
1070
     1
1070
    44
1040
1.0
1070
    74
1070
     0
1000
MTEXTEND
  0
LWPOLYLINE
  5
DB
330
1F
100
AcDbEntity
  8
Des.pa-24103-01
 62
     2
100
AcDbPolyline
 90
        2
 70
     1
 43
0.0
 10
4047.727727776045
 20
243.260917235428
 42
4.779765040890721
 10
3737.043000117536
 20
243.260917235428
  0
LWPOLYLINE
  5
DC
330
1F
100
AcDbEntity
  8
Des.pa-24103-01
 62
     2
100
AcDbPolyline
 90
        6
 70
     1
 43
0.0
 10
4157.385363946793
 20
623.2609172354425
 10
4090.122563279825
 20
623.2609172354425
 42
-0.3707699847386701
 10
4085.179133296136
 20
627.5109172354425
 42
13.25790664442937
 10
4085.179133296136
 20
569.0109172354425
 42
-0.3707699798483488
 10
4090.122563279825
 20
573.2609172354425
 10
4157.385363946793
 20
573.2609172354425
 42
1.000005031943946
  0
CIRCLE
  5
DD
330
1F
100
AcDbEntity
  8
Des.pa-24103-01
 62
     2
100
AcDbCircle
 10
3554.385363946795
 20
598.260917235428
 30
0.0
 40
30.0
  0
MTEXT
  5
DE
330
1F
100
AcDbEntity
  8
Texto
 62
     2
100
AcDbMText
 10
3646.938747458285
 20
655.8556081586141
 30
0.0
 40
10.0
 41
140.260954612273
 71
     1
 72
     5
  1
pa-24103-01
 11
-0.0000000000000002
 21
-1.0
 31
0.0
 73
     1
 44
1.0
1001
ACAD
1000
MTEXTBEGIN
1070
    73
1070
     1
1070
    44
1040
1.0
1070
    74
1070
     0
1000
MTEXTEND
  0
LWPOLYLINE
  5
DF
330
1F
100
AcDbEntity
  8
mn-22030-15
 62
     4
100
AcDbPolyline
 90
       15
 70
     1
 43
0.0
 10
4180.748580766894
 20
278.260917235428
 10
4144.748580766894
 20
278.260917235428
 10
4144.748580766894
 20
246.260917235428
 42
0.4142135580441697
 10
4147.748580766893
 20
243.260917235428
 10
4224.748580766894
 20
243.260917235428
 10
4244.748580766894
 20
263.2609172354281
 10
4244.748580766894
 20
355.2609172354281
 42
0.4142135515097499
 10
4241.748580766894
 20
358.2609172354281
 10
4228.748580766893
 20
358.2609172354281
 10
4228.748580766893
 20
338.2609172354281
 10
4212.748580766894
 20
338.2609172354281
 10
4212.748580766894
 20
318.260917235428
 10
4204.748580766893
 20
318.260917235428
 10
4204.748580766893
 20
298.2609172354281
 10
4180.748580766894
 20
298.2609172354281
  0
MTEXT
  5
E0
330
1F
100
AcDbEntity
  8
Texto
 62
     4
100
AcDbMText
 10
4148.600543609777
 20
263.6373548845552
 30
0.0
 40
10.0
 41
104.0453861330406
 71
     1
 72
     5
  1
mn-22030-15
 73
     1
 44
1.0
1001
ACAD
1000
MTEXTBEGIN
1070
    73
1070
     1
1070
    44
1040
1.0
1070
    74
1070
     0
1000
MTEXTEND
  0
LWPOLYLINE
  5
E1
330
1F
100
AcDbEntity
  8
13652725
 62
     4
100
AcDbPolyline
 90
       29
 70
     1
 43
0.0
 10
3408.221569657773
 20
616.8226962354278
 42
0.4142135892395462
 10
3405.13481374172
 20
613.912036874612
 10
3394.510321575671
 20
252.0679818367913
 42
0.4142136119691155
 10
3397.420980936487
 20
248.9812259207371
 10
3591.337408221949
 20
243.2874373013636
 42
0.4142136061720618
 10
3594.424164138003
 20
246.1980966621795
 10
3595.333996340068
 20
277.184742259341
 10
3580.340458147893
 20
277.6249836474369
 10
3580.633952406625
 20
287.6206757755536
 10
3570.638260278507
 20
287.9141700342842
 10
3570.990453388984
 20
299.909000588024
 10
3560.994761260868
 20
300.2024948467546
 10
3561.376303797217
 20
313.1968946132916
 10
3551.3806116691
 20
313.4903888720221
 10
3551.820853057197
 20
328.4839270642117
 10
3541.82516092908
 20
328.7774213229422
 10
3542.324101168921
 20
345.7700979407405
 10
3532.328409040805
 20
346.063592199471
 10
3532.915397558267
 20
366.0549764557042
 10
3517.921859366092
 20
366.4952178438002
 10
3518.978438697521
 20
402.4797095050053
 10
3508.982746569405
 20
402.773203763736
 10
3509.833879919725
 20
431.7607109352886
 10
3499.838187791608
 20
432.0542051940192
 10
3500.92411654891
 20
469.0382660680505
 10
3490.928424420793
 20
469.3317603267811
 10
3492.395895714447
 20
519.310220967364
 10
3482.40020358633
 20
519.6037152260945
 10
3485.188399044272
 20
614.5627904432024
  0
MTEXT
  5
E2
330
1F
100
AcDbEntity
  8
Texto
 62
     4
100
AcDbMText
 10
3438.355331672609
 20
488.7817489242808
 30
0.0
 40
10.0
 41
122.8748579127441
 71
     1
 72
     5
  1
13652725 pos16
 11
-0.0293494258730813
 21
-0.9995692128116594
 31
0.0
 73
     1
 44
1.0
1001
ACAD
1000
MTEXTBEGIN
1070
    73
1070
     1
1070
    44
1040
1.0
1070
    74
1070
     0
1000
MTEXTEND
  0
LWPOLYLINE
  5
E3
330
1F
100
AcDbEntity
  8
MN-25219 15
 62
     4
100
AcDbPolyline
 90
       15
 70
     1
 43
0.0
 10
3209.004524869913
 20
243.2609172354279
 10
3277.004524869913
 20
243.2609172354279
 10
3297.004524869912
 20
263.2609172354172
 10
3297.004524869912
 20
325.2609172354281
 42
0.4142135598160727
 10
3294.004524869921
 20
328.260917235428
 10
3269.004524869913
 20
328.260917235428
 10
3269.004524869913
 20
308.2609172354281
 10
3250.004524869912
 20
308.2609172354281
 10
3250.004524869912
 20
298.2609172354281
 10
3239.004524869912
 20
298.2609172354281
 10
3239.004524869912
 20
288.260917235428
 10
3223.004524869913
 20
288.260917235428
 10
3223.004524869913
 20
278.2609172354172
 10
3206.004524869921
 20
278.2609172354172
 10
3206.004524869921
 20
246.260917235428
 42
0.4142135716181417
  0
MTEXT
  5
E4
102
{ACAD_XDICTIONARY
360
6D9
102
}
330
1F
100
AcDbEntity
  8
Texto
 62
     4
100
AcDbMText
 10
3210.938282670704
 20
274.0849435848871
 30
0.0
 40
10.0
 41
85.24053142484991
 71
     1
 72
     5
  1
MN-25219 15\Ppos.1
 73
     1
 44
1.0
1001
ACAD
1000
MTEXTBEGIN
1070
    73
1070
     1
1070
    44
1040
1.0
1070
    74
1070
     0
1000
MTEXTEND
  0
LWPOLYLINE
  5
E5
330
1F
100
AcDbEntity
  8
MN-25219 15
 62
     4
100
AcDbPolyline
 90
       15
 70
     1
 43
0.0
 10
4535.87257246303
 20
245.4450856881047
 10
4603.872572463029
 20
245.4450856881047
 10
4623.872572463029
 20
265.4450856881048
 10
4623.872572463029
 20
327.4450856881048
 42
0.4142135620935409
 10
4620.872572463038
 20
330.4450856881048
 10
4595.872572463029
 20
330.4450856881048
 10
4595.872572463029
 20
310.4450856881048
 10
4576.872572463029
 20
310.4450856881048
 10
4576.872572463029
 20
300.4450856881157
 10
4565.872572463029
 20
300.4450856881157
 10
4565.872572463029
 20
290.4450856881048
 10
4549.872572463029
 20
290.4450856881048
 10
4549.872572463029
 20
280.4450856881048
 10
4532.872572463037
 20
280.4450856881048
 10
4532.872572463037
 20
248.4450856881047
 42
0.4142135726498585
  0
MTEXT
  5
E6
102
{ACAD_XDICTIONARY
360
6DB
102
}
330
1F
100
AcDbEntity
  8
Texto
 62
     4
100
AcDbMText
 10
4537.806330263821
 20
276.2691120371163
 30
0.0
 40
10.0
 41
85.24053142484991
 71
     1
 72
     5
  1
MN-25219 15\Ppos.1
 73
     1
 44
1.0
1001
ACAD
1000
MTEXTBEGIN
1070
    73
1070
     1
1070
    44
1040
1.0
1070
    74
1070
     0
1000
MTEXTEND
  0
LWPOLYLINE
  5
E7
330
1F
100
AcDbEntity
  8
13652725
 62
     4
100
AcDbPolyline
 90
       33
 70
     1
 43
0.0
 10
4946.903036323479
 20
440.2903988466216
 42
0.4142135696975399
 10
4945.432106808252
 20
444.2698920758115
 10
4906.370743806494
 20
462.2479320258426
 10
4928.111629327459
 20
509.4849291442407
 42
0.4142135501716605
 10
4926.640699812213
 20
513.4644223734396
 10
4878.495298903079
 20
535.6234018467293
 42
0.4142135433554078
 10
4874.515805673884
 20
534.1524723314925
 10
4869.498678245969
 20
523.2516268426297
 10
4858.597832757105
 20
528.2687542705454
 42
0.4142135509752042
 10
4854.618339527905
 20
526.7978247553201
 10
4847.92883629068
 20
512.2633641034964
 10
4861.55489315177
 20
505.9919548185974
 10
4857.37395362851
 20
496.9079169112186
 10
4866.457991535885
 20
492.72697738796
 10
4861.440864107969
 20
481.8261318990975
 10
4870.524902015365
 20
477.6451923758298
 10
4865.089680635122
 20
465.8359430962287
 10
4874.173718542508
 20
461.6550035729657
 10
4867.90230925761
 20
448.0289467118807
 10
4876.986347164996
 20
443.8480071886178
 10
4869.878749975453
 20
428.405142746069
 10
4878.962787882827
 20
424.2242032228104
 10
4870.600908836301
 20
406.0561274080394
 10
4884.226965697379
 20
399.7847181231449
 10
4869.175583413633
 20
367.0821816565571
 10
4878.259621321018
 20
362.901242133294
 10
4866.134896703552
 20
336.5575322018695
 10
4875.218934610948
 20
332.3765926786018
 10
4859.749458374878
 20
298.765652421282
 10
4868.833496282263
 20
294.584712898019
 10
4847.928798665947
 20
249.1645233610914
 10
4854.287625201116
 20
246.2378656948073
 42
0.4142135706025229
 10
4858.2671184303
 20
247.7087952100419
  0
MTEXT
  5
E8
330
1F
100
AcDbEntity
  8
Texto
 62
     4
100
AcDbMText
 10
4882.027491716563
 20
344.555040733808
 30
0.0
 40
10.0
 41
122.8748579127441
 71
     1
 72
     5
  1
13652725 pos3
 11
0.4180939523258426
 21
0.908403790738764
 31
0.0
 73
     1
 44
1.0
1001
ACAD
1000
MTEXTBEGIN
1070
    73
1070
     1
1070
    44
1040
1.0
1070
    74
1070
     0
1000
MTEXTEND
  0
LWPOLYLINE
  5
E9
330
1F
100
AcDbEntity
  8
Des.pa-24103-01
 62
     2
100
AcDbPolyline
 90
        2
 70
     1
 43
0.0
 10
2643.00000031052
 20
787.9951963716958
 10
2643.00000031052
 20
477.3104687131856
 42
4.779765040893952
  0
LWPOLYLINE
  5
EA
330
1F
100
AcDbEntity
  8
Des.pa-24103-01
 62
     2
100
AcDbPolyline
 90
        6
 70
     1
 43
0.0
 10
3023.000000310521
 20
897.6528325424444
 42
1.000008913706601
 10
2973.000000310513
 20
897.6528325424444
 10
2973.000000310513
 20
830.3900318754752
 42
-0.3707699790758324
 10
2968.750000310513
 20
825.4466018917849
 42
13.25790664442223
 10
3027.25000031052
 20
825.4466018917849
 42
-0.3707699855134157
 10
3023.000000310521
 20
830.3900318754752
  0
CIRCLE
  5
EB
330
1F
100
AcDbEntity
  8
Des.pa-24103-01
 62
     2
100
AcDbCircle
 10
2998.000000310513
 20
294.6528325424446
 30
0.0
 40
30.0
  0
MTEXT
  5
EC
330
1F
100
AcDbEntity
  8
Texto
 62
     2
100
AcDbMText
 10
3055.594691233692
 20
387.2062160539357
 30
0.0
 40
10.0
 41
140.260954612273
 71
     3
 72
     5
  1
pa-24103-01
 73
     1
 44
1.0
1001
ACAD
1000
MTEXTBEGIN
1070
    73
1070
     1
1070
    44
1040
1.0
1070
    74
1070
     0
1000
MTEXTEND
  0
LWPOLYLINE
  5
ED
330
1F
100
AcDbEntity
  8
mn-22030-13
 62
     2
100
AcDbPolyline
 90
       18
 70
     1
 43
0.0
 10
4725.790104742587
 20
264.6489656464992
 42
0.4142135817417204
 10
4728.790104742594
 20
261.6489656465065
 10
4802.790104742594
 20
261.6489656465065
 42
0.4142135407691309
 10
4805.790104742587
 20
264.6489656464992
 10
4805.790104742587
 20
311.6489656465065
 10
4769.790104742588
 20
311.6489656465065
 10
4769.790104742588
 20
331.6489656465065
 10
4745.790104742594
 20
331.6489656465065
 10
4745.790104742594
 20
351.6489656464992
 10
4737.790104742588
 20
351.6489656464992
 10
4737.790104742588
 20
371.6489656465065
 10
4721.790104742587
 20
371.6489656465065
 10
4721.790104742587
 20
391.6489656465065
 10
4708.790104742587
 20
391.6489656465065
 42
0.4142135689378663
 10
4705.790104742594
 20
388.6489656465065
 10
4705.790104742594
 20
294.6489656464992
 42
0.4142135500300654
 10
4708.790104742587
 20
291.6489656465065
 10
4725.790104742587
 20
291.6489656465065
  0
MTEXT
  5
EE
330
1F
100
AcDbEntity
  8
Texto
 62
     2
100
AcDbMText
 10
4708.321584777404
 20
298.2850924326277
 30
0.0
 40
10.0
 41
127.008849587226
 71
     1
 72
     5
  1
mn-22030-13
 11
0.0000000000000001
 21
1.0
 31
0.0
 73
     1
 44
1.0
1001
ACAD
1000
MTEXTBEGIN
1070
    73
1070
     1
1070
    44
1040
1.0
1070
    74
1070
     0
1000
MTEXTEND
  0
LWPOLYLINE
  5
EF
330
1F
100
AcDbEntity
  8
mn-22030-13
 62
     3
100
AcDbPolyline
 90
       18
 70
     1
 43
0.0
 10
2646.00000031052
 20
282.3664973404818
 10
2673.00000031052
 20
282.3664973404818
 10
2673.00000031052
 20
265.3664973404818
 42
0.4142135427549408
 10
2676.000000310513
 20
262.3664973404818
 10
2770.000000310513
 20
262.3664973404818
 42
0.4142135512573004
 10
2773.000000310521
 20
265.3664973404818
 10
2773.000000310521
 20
278.3664973404817
 10
2753.00000031052
 20
278.3664973404817
 10
2753.00000031052
 20
294.3664973404818
 10
2733.000000310513
 20
294.3664973404818
 10
2733.000000310513
 20
302.3664973404818
 10
2713.000000310513
 20
302.3664973404818
 10
2713.000000310513
 20
326.3664973404818
 10
2693.000000310521
 20
326.3664973404818
 10
2693.000000310521
 20
362.3664973404817
 10
2646.00000031052
 20
362.3664973404817
 42
0.41421356352274
 10
2643.00000031052
 20
359.3664973404817
 10
2643.00000031052
 20
285.3664973404818
 42
0.4142135603582602
  0
MTEXT
  5
F0
330
1F
100
AcDbEntity
  8
Texto
 62
     3
100
AcDbMText
 10
2761.576426081683
 20
264.5980896440894
 30
0.0
 40
10.0
 41
127.008849587226
 71
     1
 72
     5
  1
mn-22030-13
 11
-1.0
 21
0.0000000000000001
 31
0.0
 73
     1
 44
1.0
1001
ACAD
1000
MTEXTBEGIN
1070
    73
1070
     1
1070
    44
1040
1.0
1070
    74
1070
     0
1000
MTEXTEND
  0
LWPOLYLINE
  5
F1
330
1F
100
AcDbEntity
  8
mn-22030-15
 62
     4
100
AcDbPolyline
 90
       15
 70
     1
 43
0.0
 10
4650.790104742589
 20
348.2324926464992
 10
4650.790104742589
 20
312.2324926464847
 10
4682.790104742589
 20
312.2324926464847
 42
0.4142135460920377
 10
4685.790104742578
 20
315.2324926464847
 10
4685.790104742578
 20
392.2324926464847
 10
4665.79010474259
 20
412.2324926464846
 10
4573.790104742589
 20
412.2324926464846
 42
0.4142135796531689
 10
4570.790104742589
 20
409.2324926464991
 10
4570.790104742589
 20
396.2324926464847
 10
4590.790104742579
 20
396.2324926464847
 10
4590.790104742579
 20
380.2324926464848
 10
4610.79010474259
 20
380.2324926464848
 10
4610.79010474259
 20
372.2324926464847
 10
4630.790104742579
 20
372.2324926464847
 10
4630.790104742579
 20
348.2324926464992
  0
MTEXT
  5
F2
330
1F
100
AcDbEntity
  8
Texto
 62
     4
100
AcDbMText
 10
4665.413667093448
 20
316.0844554893468
 30
0.0
 40
10.0
 41
104.0453861330406
 71
     1
 72
     5
  1
mn-22030-15
 11
0.0000000000000001
 21
1.0
 31
0.0
 73
     1
 44
1.0
1001
ACAD
1000
MTEXTBEGIN
1070
    73
1070
     1
1070
    44
1040
1.0
1070
    74
1070
     0
1000
MTEXTEND
  0
LWPOLYLINE
  5
F3
330
1F
100
AcDbEntity
  8
mn-22030-15
 62
     4
100
AcDbPolyline
 90
       15
 70
     1
 43
0.0
 10
4516.193930727443
 20
348.2324926464992
 10
4516.193930727443
 20
312.2324926464992
 10
4548.193930727443
 20
312.2324926464992
 42
0.4142135775026995
 10
4551.193930727432
 20
315.2324926464992
 10
4551.193930727432
 20
392.2324926464992
 10
4531.193930727443
 20
412.2324926464991
 10
4439.193930727443
 20
412.2324926464991
 42
0.4142135485894176
 10
4436.193930727443
 20
409.2324926464991
 10
4436.193930727443
 20
396.2324926464992
 10
4456.193930727432
 20
396.2324926464992
 10
4456.193930727432
 20
380.2324926464992
 10
4476.193930727442
 20
380.2324926464992
 10
4476.193930727442
 20
372.2324926464992
 10
4496.193930727432
 20
372.2324926464992
 10
4496.193930727432
 20
348.2324926464992
  0
MTEXT
  5
F4
330
1F
100
AcDbEntity
  8
Texto
 62
     4
100
AcDbMText
 10
4530.817493078301
 20
316.0844554893832
 30
0.0
 40
10.0
 41
104.0453861330406
 71
     1
 72
     5
  1
mn-22030-15
 11
0.0000000000000001
 21
1.0
 31
0.0
 73
     1
 44
1.0
1001
ACAD
1000
MTEXTBEGIN
1070
    73
1070
     1
1070
    44
1040
1.0
1070
    74
1070
     0
1000
MTEXTEND
  0
LWPOLYLINE
  5
F5
330
1F
100
AcDbEntity
  8
13652725
 62
     4
100
AcDbPolyline
 90
       30
 70
     1
 43
0.0
 10
5026.39039431052
 20
363.2686002354282
 10
5027.028431436403
 20
313.2726713149052
 10
5034.027861485277
 20
313.3619965125289
 42
0.4142135613407588
 10
5036.989334992965
 20
316.4000344753135
 10
5034.284057579217
 20
528.3827730983311
 42
0.4142135450855096
 10
5031.246019616421
 20
531.3442466060092
 10
4989.249439323183
 20
530.8082954202663
 10
4988.853856305134
 20
561.8057713509909
 42
0.4142135637835832
 10
4985.815818342349
 20
564.7672448586689
 10
4916.821436432028
 20
563.8867536249486
 42
0.4142135476988247
 10
4913.85996292436
 20
560.8487156621643
 10
4913.987570349537
 20
550.8495298780598
 10
4928.986349025683
 20
551.0409410158249
 10
4929.11395645086
 20
541.0417552317202
 10
4939.113142234976
 20
541.1693626568973
 10
4939.266271145189
 20
529.1703397159718
 10
4949.265456929282
 20
529.2979471411485
 10
4949.431346582011
 20
516.2990056218126
 10
4959.430532366116
 20
516.4266130469894
 10
4959.621943503882
 20
501.4278343708327
 10
4969.621129287986
 20
501.5554417960095
 10
4969.838061910786
 20
484.5568259630317
 10
4979.837247694902
 20
484.6844333882088
 10
4980.092462545255
 20
464.6860618199994
 10
4995.091241221413
 20
464.8774729577647
 10
4995.55062795205
 20
428.8804041349881
 10
5005.549813736143
 20
429.0080115601648
 10
5005.919875269156
 20
400.0103727862615
 10
5015.919061053262
 20
400.1379802114382
 10
5016.391208526414
 20
363.1409928102513
  0
MTEXT
  5
F6
330
1F
100
AcDbEntity
  8
Texto
 62
     4
100
AcDbMText
 10
5016.351661060402
 20
417.2839254081022
 30
0.0
 40
10.0
 41
122.8748579127441
 71
     1
 72
     5
  1
13652725 pos1
 11
-0.012760742516548
 21
0.9999185784104756
 31
0.0
 73
     1
 44
1.0
1001
ACAD
1000
MTEXTBEGIN
1070
    73
1070
     1
1070
    44
1040
1.0
1070
    74
1070
     0
1000
MTEXTEND
  0
LWPOLYLINE
  5
F7
330
1F
100
AcDbEntity
  8
mn-22030-15
 62
     4
100
AcDbPolyline
 90
       15
 70
     1
 43
0.0
 10
4800.124240261594
 20
367.6489656464992
 10
4800.124240261594
 20
331.6489656464991
 10
4832.124240261594
 20
331.6489656464991
 42
0.4142135703344498
 10
4835.124240261595
 20
334.6489656464992
 10
4835.124240261595
 20
411.6489656464991
 10
4815.124240261594
 20
431.6489656464991
 10
4723.124240261594
 20
431.6489656464991
 42
0.4142135590874769
 10
4720.124240261594
 20
428.6489656464992
 10
4720.124240261594
 20
415.6489656464991
 10
4740.124240261594
 20
415.6489656464991
 10
4740.124240261594
 20
399.6489656464992
 10
4760.124240261594
 20
399.6489656464992
 10
4760.124240261594
 20
391.6489656464992
 10
4780.124240261595
 20
391.6489656464992
 10
4780.124240261595
 20
367.6489656464992
  0
MTEXT
  5
F8
330
1F
100
AcDbEntity
  8
Texto
 62
     4
100
AcDbMText
 10
4814.747802612938
 20
335.5009284893904
 30
0.0
 40
10.0
 41
104.0453861330406
 71
     1
 72
     5
  1
mn-22030-15
 11
0.0000000000000001
 21
1.0
 31
0.0
 73
     1
 44
1.0
1001
ACAD
1000
MTEXTBEGIN
1070
    73
1070
     1
1070
    44
1040
1.0
1070
    74
1070
     0
1000
MTEXTEND
  0
LWPOLYLINE
  5
F9
330
1F
100
AcDbEntity
  8
mn-22030-13
 62
     2
100
AcDbPolyline
 90
       18
 70
     1
 43
0.0
 10
4634.928835323479
 20
452.2324926464992
 42
0.4142135488803098
 10
4637.928835323479
 20
455.23249264651
 10
4637.928835323479
 20
529.2324926465099
 42
0.4142135680951746
 10
4634.928835323479
 20
532.2324926464991
 10
4587.928835323479
 20
532.2324926464991
 10
4587.928835323479
 20
496.2324926464991
 10
4567.928835323479
 20
496.2324926464991
 10
4567.928835323479
 20
472.23249264651
 10
4547.928835323486
 20
472.23249264651
 10
4547.928835323486
 20
464.23249264651
 10
4527.928835323479
 20
464.23249264651
 10
4527.928835323479
 20
448.2324926465101
 10
4507.928835323478
 20
448.2324926465101
 10
4507.928835323478
 20
435.2324926464992
 42
0.4142135636733971
 10
4510.928835323478
 20
432.2324926465101
 10
4604.928835323486
 20
432.2324926465101
 42
0.4142135778470629
 10
4607.928835323479
 20
435.2324926464992
 10
4607.928835323479
 20
452.2324926464992
  0
MTEXT
  5
FA
330
1F
100
AcDbEntity
  8
Texto
 62
     2
100
AcDbMText
 10
4601.292708537329
 20
434.7639726813197
 30
0.0
 40
10.0
 41
127.008849587226
 71
     1
 72
     5
  1
mn-22030-13
 11
-1.0
 21
0.0000000000000001
 31
0.0
 73
     1
 44
1.0
1001
ACAD
1000
MTEXTBEGIN
1070
    73
1070
     1
1070
    44
1040
1.0
1070
    74
1070
     0
1000
MTEXTEND
  0
LWPOLYLINE
  5
FB
330
1F
100
AcDbEntity
  8
mn-22030-15
 62
     4
100
AcDbPolyline
 90
       15
 70
     1
 43
0.0
 10
4692.928835323479
 20
515.6489656464991
 10
4692.928835323479
 20
551.6489656464991
 10
4660.928835323468
 20
551.6489656464991
 42
0.4142135721517495
 10
4657.928835323468
 20
548.6489656464991
 10
4657.928835323468
 20
471.6489656464992
 10
4677.928835323467
 20
451.6489656464992
 10
4769.928835323468
 20
451.6489656464992
 42
0.4142135628095832
 10
4772.928835323479
 20
454.6489656464992
 10
4772.928835323479
 20
467.6489656464992
 10
4752.928835323467
 20
467.6489656464992
 10
4752.928835323467
 20
483.6489656464992
 10
4732.928835323479
 20
483.6489656464992
 10
4732.928835323479
 20
491.6489656464992
 10
4712.928835323467
 20
491.6489656464992
 10
4712.928835323467
 20
515.6489656464991
  0
MTEXT
  5
FC
330
1F
100
AcDbEntity
  8
Texto
 62
     4
100
AcDbMText
 10
4678.305272972606
 20
547.7970028036081
 30
0.0
 40
10.0
 41
104.0453861330406
 71
     1
 72
     5
  1
mn-22030-15
 11
-0.0000000000000002
 21
-1.0
 31
0.0
 73
     1
 44
1.0
1001
ACAD
1000
MTEXTBEGIN
1070
    73
1070
     1
1070
    44
1040
1.0
1070
    74
1070
     0
1000
MTEXTEND
  0
LWPOLYLINE
  5
FD
330
1F
100
AcDbEntity
  8
mn-22030-15
 62
     4
100
AcDbPolyline
 90
       15
 70
     1
 43
0.0
 10
4792.928835323478
 20
496.9178533471118
 10
4792.928835323478
 20
460.9178533471117
 10
4824.928835323479
 20
460.9178533471117
 42
0.4142135764062539
 10
4827.928835323479
 20
463.9178533471118
 10
4827.928835323479
 20
540.9178533471117
 10
4807.928835323479
 20
560.9178533471116
 10
4715.928835323478
 20
560.9178533471116
 42
0.4142135596389546
 10
4712.928835323479
 20
557.9178533471116
 10
4712.928835323479
 20
544.9178533471116
 10
4732.928835323479
 20
544.9178533471116
 10
4732.928835323479
 20
528.9178533471116
 10
4752.928835323479
 20
528.9178533471116
 10
4752.928835323479
 20
520.9178533471116
 10
4772.928835323479
 20
520.9178533471116
 10
4772.928835323479
 20
496.9178533471118
  0
MTEXT
  5
FE
330
1F
100
AcDbEntity
  8
Texto
 62
     4
100
AcDbMText
 10
4807.552397674352
 20
464.769816190003
 30
0.0
 40
10.0
 41
104.0453861330406
 71
     1
 72
     5
  1
mn-22030-15
 11
0.0000000000000001
 21
1.0
 31
0.0
 73
     1
 44
1.0
1001
ACAD
1000
MTEXTBEGIN
1070
    73
1070
     1
1070
    44
1040
1.0
1070
    74
1070
     0
1000
MTEXTEND
  0
LWPOLYLINE
  5
FF
330
1F
100
AcDbEntity
  8
13652725
 62
     4
100
AcDbPolyline
 90
       33
 70
     1
 43
0.0
 10
4471.953740172465
 20
583.0960556464993
 42
0.4142135552789634
 10
4468.933701437313
 20
580.1162291350865
 10
4468.645513833926
 20
537.1171948679632
 10
4416.646681696939
 20
537.4657008069431
 42
0.4142135631450953
 10
4413.626642961788
 20
534.4858742955088
 10
4413.27143498552
 20
481.4870646174375
 42
0.4142135563283432
 10
4416.251261496944
 20
478.4670258822855
 10
4428.250991990093
 20
478.3866014348287
 10
4428.170567542636
 20
466.3868709416778
 42
0.4142135589528757
 10
4431.150394054061
 20
463.3668322065151
 10
4447.150034711609
 20
463.2595996099057
 10
4447.25056527093
 20
478.2592627263551
 10
4457.250340681875
 20
478.1922423534744
 10
4457.317361054755
 20
488.1920177644225
 10
4469.317091547905
 20
488.1115933169656
 10
4469.384111920787
 20
498.1113687279353
 10
4482.383819955034
 20
498.0242422431904
 10
4482.450840327913
 20
508.0240176541494
 10
4497.450503444353
 20
507.9234870948281
 10
4497.517523817233
 20
517.9232625057871
 10
4514.517142015864
 20
517.8093278718897
 10
4514.584162388746
 20
527.8091032828378
 10
4534.583713210662
 20
527.6750625370762
 10
4534.684243769984
 20
542.6747256535146
 10
4570.683435249436
 20
542.4334523111439
 10
4570.750455622316
 20
552.4332277221028
 10
4599.749804314098
 20
552.2388686407487
 10
4599.816824686977
 20
562.2386440517185
 10
4636.815993707526
 20
561.9906686720598
 10
4636.883014080408
 20
571.9904440830187
 10
4686.881891135202
 20
571.6553422186149
 10
4686.928805396218
 20
578.655185006286
 42
0.4142135533324345
 10
4683.948978884795
 20
581.6752237414272
  0
MTEXT
  5
100
330
1F
100
AcDbEntity
  8
Texto
 62
     4
100
AcDbMText
 10
4585.914898709218
 20
563.4250255264249
 30
0.0
 40
10.0
 41
122.8748579127441
 71
     1
 72
     5
  1
13652725 pos3
 11
-0.9999775410958935
 21
0.0067020372880554
 31
0.0
 73
     1
 44
1.0
1001
ACAD
1000
MTEXTBEGIN
1070
    73
1070
     1
1070
    44
1040
1.0
1070
    74
1070
     0
1000
MTEXTEND
  0
LWPOLYLINE
  5
101
330
1F
100
AcDbEntity
  8
0
 62
     4
100
AcDbPolyline
 90
       27
 70
     1
 43
0.0
 10
2918.720211474527
 20
719.1440955379672
 10
2918.720211474527
 20
769.1440955379672
 10
2889.720211474527
 20
769.1440955379672
 42
0.4142135604180302
 10
2886.720211474527
 20
766.1440955379672
 10
2886.720211474527
 20
499.1440955379673
 42
0.4142135522667213
 10
2889.720211474527
 20
496.1440955379673
 10
3025.720211474527
 20
496.1440955379673
 42
0.414213544837182
 10
3028.720211474527
 20
499.1440955379673
 10
3028.720211474527
 20
530.1440955379672
 10
3013.720211474527
 20
530.1440955379672
 10
3013.720211474527
 20
540.1440955379672
 10
3003.720211474527
 20
540.1440955379672
 10
3003.720211474527
 20
552.1440955379672
 10
2993.720211474527
 20
552.1440955379672
 10
2993.720211474527
 20
565.1440955379672
 10
2983.720211474527
 20
565.1440955379672
 10
2983.720211474527
 20
580.1440955379672
 10
2973.720211474527
 20
580.1440955379672
 10
2973.720211474527
 20
597.1440955379672
 10
2963.720211474527
 20
597.1440955379672
 10
2963.720211474527
 20
617.1440955379672
 10
2948.720211474527
 20
617.1440955379672
 10
2948.720211474527
 20
653.1440955379672
 10
2938.720211474527
 20
653.1440955379672
 10
2938.720211474527
 20
682.1440955379672
 10
2928.720211474527
 20
682.1440955379672
 10
2928.720211474527
 20
719.1440955379672
  0
MTEXT
  5
102
330
1F
100
AcDbEntity
  8
Texto
 62
     4
100
AcDbMText
 10
2930.192270330929
 20
633.4622087749464
 30
0.0
 40
10.0
 41
122.8748579127441
 71
     1
 72
     5
  1
13652725 pos4
 11
-0.0000000000000002
 21
-1.0
 31
0.0
 73
     1
 44
1.0
1001
ACAD
1000
MTEXTBEGIN
1070
    73
1070
     1
1070
    44
1040
1.0
1070
    74
1070
     0
1000
MTEXTEND
  0
LWPOLYLINE
  5
103
330
1F
100
AcDbEntity
  8
13652725
 62
     4
100
AcDbPolyline
 90
       30
 70
     1
 43
0.0
 10
3793.447640863885
 20
514.4135706754751
 10
3743.447640863885
 20
514.4135706754751
 10
3743.447640863885
 20
507.4135706754751
 42
0.4142135637854674
 10
3746.447640863885
 20
504.4135706754751
 10
3958.447640863885
 20
504.4135706754751
 42
0.4142135442655869
 10
3961.447640863885
 20
507.4135706754751
 10
3961.447640863885
 20
549.4135706754751
 10
3992.447640863885
 20
549.4135706754751
 42
0.4142135601287141
 10
3995.447640863885
 20
552.4135706754751
 10
3995.447640863885
 20
621.4135706754752
 42
0.4142135572510476
 10
3992.447640863885
 20
624.4135706754751
 10
3982.447640863885
 20
624.4135706754751
 10
3982.447640863885
 20
609.4135706754752
 10
3972.447640863885
 20
609.4135706754752
 10
3972.447640863885
 20
599.4135706754751
 10
3960.447640863885
 20
599.4135706754751
 10
3960.447640863885
 20
589.4135706754751
 10
3947.447640863885
 20
589.4135706754751
 10
3947.447640863885
 20
579.4135706754751
 10
3932.447640863885
 20
579.4135706754751
 10
3932.447640863885
 20
569.4135706754751
 10
3915.447640863885
 20
569.4135706754751
 10
3915.447640863885
 20
559.4135706754752
 10
3895.447640863885
 20
559.4135706754752
 10
3895.447640863885
 20
544.4135706754751
 10
3859.447640863885
 20
544.4135706754751
 10
3859.447640863885
 20
534.4135706754752
 10
3830.447640863885
 20
534.4135706754752
 10
3830.447640863885
 20
524.4135706754751
 10
3793.447640863885
 20
524.4135706754751
  0
MTEXT
  5
104
330
1F
100
AcDbEntity
  8
Texto
 62
     4
100
AcDbMText
 10
3847.586669713132
 20
523.7622108989743
 30
0.0
 40
10.0
 41
122.8748579127441
 71
     1
 72
     5
  1
13652725 pos1
 73
     1
 44
1.0
1001
ACAD
1000
MTEXTBEGIN
1070
    73
1070
     1
1070
    44
1040
1.0
1070
    74
1070
     0
1000
MTEXTEND
  0
LWPOLYLINE
  5
105
330
1F
100
AcDbEntity
  8
0
 62
     4
100
AcDbPolyline
 90
       27
 70
     1
 43
0.0
 10
3048.720211474527
 20
564.9865609419343
 10
3048.720211474527
 20
514.9865609419342
 10
3077.720211474527
 20
514.9865609419342
 42
0.414213537617621
 10
3080.720211474527
 20
517.9865609419342
 10
3080.720211474527
 20
784.9865609419341
 42
0.4142135750661329
 10
3077.720211474527
 20
787.9865609419341
 10
2941.720211474527
 20
787.9865609419341
 42
0.4142135676386242
 10
2938.720211474527
 20
784.9865609419341
 10
2938.720211474527
 20
753.9865609419341
 10
2953.720211474527
 20
753.9865609419341
 10
2953.720211474527
 20
743.9865609419341
 10
2963.720211474527
 20
743.9865609419341
 10
2963.720211474527
 20
731.9865609419341
 10
2973.720211474527
 20
731.9865609419341
 10
2973.720211474527
 20
718.9865609419343
 10
2983.720211474527
 20
718.9865609419343
 10
2983.720211474527
 20
703.9865609419344
 10
2993.720211474527
 20
703.9865609419344
 10
2993.720211474527
 20
686.9865609419344
 10
3003.720211474527
 20
686.9865609419344
 10
3003.720211474527
 20
666.9865609419344
 10
3018.720211474527
 20
666.9865609419344
 10
3018.720211474527
 20
630.9865609419343
 10
3028.720211474527
 20
630.9865609419343
 10
3028.720211474527
 20
601.9865609419343
 10
3038.720211474527
 20
601.9865609419343
 10
3038.720211474527
 20
564.9865609419343
  0
MTEXT
  5
106
330
1F
100
AcDbEntity
  8
Texto
 62
     4
100
AcDbMText
 10
3037.248152618125
 20
650.6684477049552
 30
0.0
 40
10.0
 41
122.8748579127441
 71
     1
 72
     5
  1
13652725 pos4
 11
0.0000000000000001
 21
1.0
 31
0.0
 73
     1
 44
1.0
1001
ACAD
1000
MTEXTBEGIN
1070
    73
1070
     1
1070
    44
1040
1.0
1070
    74
1070
     0
1000
MTEXTEND
  0
LWPOLYLINE
  5
107
330
1F
100
AcDbEntity
  8
13652725
 62
     4
100
AcDbPolyline
 90
       33
 70
     1
 43
0.0
 10
3785.047442109432
 20
654.4135706754753
 42
0.4142135671450353
 10
3782.047442109432
 20
651.4135706754679
 10
3782.047442109432
 20
608.4135706754753
 10
3730.047442109432
 20
608.4135706754753
 42
0.4142135607176133
 10
3727.047442109432
 20
605.4135706754679
 10
3727.047442109432
 20
552.4135706754679
 42
0.4142135525156356
 10
3730.047442109432
 20
549.4135706754751
 10
3742.047442109432
 20
549.4135706754751
 10
3742.047442109432
 20
537.4135706754678
 42
0.4142135458807668
 10
3745.047442109432
 20
534.4135706754752
 10
3761.047442109432
 20
534.4135706754752
 10
3761.047442109432
 20
549.4135706754751
 10
3771.047442109432
 20
549.4135706754751
 10
3771.047442109432
 20
559.4135706754752
 10
3783.047442109432
 20
559.4135706754752
 10
3783.047442109432
 20
569.4135706754678
 10
3796.047442109432
 20
569.4135706754678
 10
3796.047442109432
 20
579.4135706754679
 10
3811.047442109446
 20
579.4135706754679
 10
3811.047442109446
 20
589.4135706754752
 10
3828.047442109432
 20
589.4135706754752
 10
3828.047442109432
 20
599.4135706754753
 10
3848.047442109432
 20
599.4135706754753
 10
3848.047442109432
 20
614.4135706754752
 10
3884.047442109432
 20
614.4135706754752
 10
3884.047442109432
 20
624.4135706754678
 10
3913.047442109432
 20
624.4135706754678
 10
3913.047442109432
 20
634.4135706754679
 10
3950.047442109432
 20
634.4135706754679
 10
3950.047442109432
 20
644.4135706754678
 10
4000.047442109432
 20
644.4135706754678
 10
4000.047442109432
 20
651.4135706754679
 42
0.4142135725990097
 10
3997.047442109432
 20
654.4135706754753
  0
MTEXT
  5
108
330
1F
100
AcDbEntity
  8
Texto
 62
     4
100
AcDbMText
 10
3899.137877180815
 20
635.5067542790748
 30
0.0
 40
10.0
 41
122.8748579127441
 71
     1
 72
     5
  1
13652725 pos3
 11
-1.0
 21
0.0000000000000001
 31
0.0
 73
     1
 44
1.0
1001
ACAD
1000
MTEXTBEGIN
1070
    73
1070
     1
1070
    44
1040
1.0
1070
    74
1070
     0
1000
MTEXTEND
  0
LWPOLYLINE
  5
109
330
1F
100
AcDbEntity
  8
13652725
 62
     4
100
AcDbPolyline
 90
       33
 70
     1
 43
0.0
 10
5008.02576131052
 20
668.4379335620733
 42
0.4142135541463227
 10
5009.496690825745
 20
664.4584403328833
 10
5048.558053827504
 20
646.4804003828523
 10
5026.817168306537
 20
599.2434032644475
 42
0.4142135615603431
 10
5028.288097821785
 20
595.2639100352485
 10
5076.433498730915
 20
573.1049305619588
 42
0.4142135547426359
 10
5080.412991960111
 20
574.5758600771956
 10
5085.430119388027
 20
585.4767055660584
 10
5096.330964876889
 20
580.4595781381427
 42
0.4142135573667364
 10
5100.310458106093
 20
581.9305076533748
 10
5106.999961343314
 20
596.4649683051916
 10
5093.373904482226
 20
602.7363775900907
 10
5097.55484400549
 20
611.8204154974763
 10
5088.470806098114
 20
616.0013550207347
 10
5093.487933526029
 20
626.9022005095973
 10
5084.403895618635
 20
631.083140032865
 10
5089.839116998875
 20
642.8923893124663
 10
5080.75507909149
 20
647.0733288357291
 10
5087.026488376391
 20
660.6993856968207
 10
5077.942450469005
 20
664.8803252200836
 10
5085.050047658546
 20
680.3231896626258
 10
5075.966009751171
 20
684.5041291858843
 10
5084.327888797698
 20
702.6722050006553
 10
5070.701831936617
 20
708.9436142855499
 10
5085.753214220365
 20
741.6461507521376
 10
5076.669176312979
 20
745.8270902754009
 10
5088.793900930442
 20
772.1708002068188
 10
5079.709863023048
 20
776.3517397300863
 10
5095.179339259121
 20
809.9626799874126
 10
5086.095301351736
 20
814.1436195106757
 10
5106.99999896805
 20
859.5638090476034
 10
5100.641172432881
 20
862.4904667138876
 42
0.4142135809560882
 10
5096.661679203696
 20
861.0195371986463
  0
MTEXT
  5
10A
330
1F
100
AcDbEntity
  8
Texto
 62
     4
100
AcDbMText
 10
5072.901305917419
 20
764.1732916748537
 30
0.0
 40
10.0
 41
122.8748579127441
 71
     1
 72
     5
  1
13652725 pos3
 11
-0.4180939523266362
 21
-0.9084037907383988
 31
0.0
 73
     1
 44
1.0
1001
ACAD
1000
MTEXTBEGIN
1070
    73
1070
     1
1070
    44
1040
1.0
1070
    74
1070
     0
1000
MTEXTEND
  0
LWPOLYLINE
  5
10B
330
1F
100
AcDbEntity
  8
13652725
 62
     4
100
AcDbPolyline
 90
       30
 70
     1
 43
0.0
 10
4786.956693824349
 20
591.7177893471118
 10
4736.963715833968
 20
590.8798444485089
 10
4737.08102811977
 20
583.8808275298553
 42
0.4142135621519876
 10
4740.130883493111
 20
580.9315255443485
 10
4952.101110172332
 20
584.484411914425
 42
0.4142135458986436
 10
4955.05041215784
 20
587.5342672877641
 10
4954.346538443012
 20
629.5283687996856
 10
4985.34218479705
 20
630.0478946368194
 42
0.4142135617612682
 10
4988.291486782558
 20
633.0977500101587
 10
4987.135122822485
 20
702.0880596368869
 42
0.4142135588840067
 10
4984.085267449146
 20
705.0373616223937
 10
4974.086671851071
 20
704.8697726426731
 10
4974.33805532065
 20
689.8718792455583
 10
4964.339459722574
 20
689.7042902658377
 10
4964.507048702294
 20
679.7056946677612
 10
4952.508733984603
 20
679.5045878920965
 10
4952.676322964324
 20
669.5059922940199
 10
4939.678148686824
 20
669.2881266203832
 10
4939.845737666544
 20
659.2895310223065
 10
4924.84784426943
 20
659.0381475527256
 10
4925.015433249149
 20
649.0395519546491
 10
4908.017820732419
 20
648.7546506891241
 10
4908.185409712139
 20
638.7560550910476
 10
4888.188218515986
 20
638.4208771316064
 10
4888.439601985568
 20
623.4229837344916
 10
4852.444657832492
 20
622.8196634074975
 10
4852.612246812213
 20
612.8210678094208
 10
4823.616319577791
 20
612.3350597682312
 10
4823.783908557512
 20
602.3364641701545
 10
4786.789104844628
 20
601.7163849451885
  0
MTEXT
  5
10C
330
1F
100
AcDbEntity
  8
Texto
 62
     4
100
AcDbMText
 10
4840.931446470289
 20
601.972427106571
 30
0.0
 40
10.0
 41
122.8748579127441
 71
     1
 72
     5
  1
13652725 pos1
 11
0.9998595598076569
 21
0.0167588979720755
 31
0.0
 73
     1
 44
1.0
1001
ACAD
1000
MTEXTBEGIN
1070
    73
1070
     1
1070
    44
1040
1.0
1070
    74
1070
     0
1000
MTEXTEND
  0
LWPOLYLINE
  5
10D
330
1F
100
AcDbEntity
  8
13461382
 62
     4
100
AcDbPolyline
 90
       12
 70
     1
 43
0.0
 10
3102.970211474527
 20
628.8098401379207
 42
0.3419986916357462
 10
3100.720211474527
 20
625.9051026282427
 10
3100.720211474527
 20
591.3889693979176
 42
0.4142135654329911
 10
3103.720211474527
 20
588.3889693979177
 10
3140.720211474527
 20
588.3889693979177
 42
0.4142135627042113
 10
3150.720211474527
 20
598.3889693979176
 10
3150.720211474527
 20
715.3889693979176
 42
0.4142135645872093
 10
3140.720211474527
 20
725.3889693979321
 10
3103.720211474527
 20
725.3889693979321
 42
0.4142136032239894
 10
3100.720211474527
 20
722.3889693979177
 10
3100.720211474527
 20
687.8728361675634
 42
0.3419987335535603
 10
3102.970211474527
 20
684.9680986579292
 42
-0.7745966698525482
  0
CIRCLE
  5
10E
330
1F
100
AcDbEntity
  8
13461382
 62
     4
100
AcDbCircle
 10
3130.720211474527
 20
636.8889693979176
 30
0.0
 40
6.0
  0
CIRCLE
  5
10F
330
1F
100
AcDbEntity
  8
13461382
 62
     4
100
AcDbCircle
 10
3130.720211474527
 20
676.8889693979176
 30
0.0
 40
6.0
  0
MTEXT
  5
110
330
1F
100
AcDbEntity
  8
Texto
 62
     4
100
AcDbMText
 10
3123.541312947247
 20
600.2628466354103
 30
0.0
 40
8.0
 41
29.53226223396996
 71
     1
 72
     5
  1
12654584\Ppos3
 11
0.0000000000000001
 21
1.0
 31
0.0
 73
     1
 44
1.0
1001
ACAD
1000
MTEXTBEGIN
1070
    73
1070
     1
1070
    44
1040
1.0
1070
    74
1070
     0
1000
MTEXTEND
  0
LWPOLYLINE
  5
111
330
1F
100
AcDbEntity
  8
em-26207-20
 62
     1
100
AcDbPolyline
 90
        2
 70
     1
 43
0.0
 10
5106.898632625266
 20
1246.4984448275
 42
6.180614856145316
 10
5106.898632625266
 20
937.46770202019
  0
CIRCLE
  5
112
330
1F
100
AcDbEntity
  8
em-26207-20
 62
     1
100
AcDbCircle
 10
4641.898632625265
 20
681.9830734238504
 30
0.0
 40
40.0
  0
LWPOLYLINE
  5
113
330
1F
100
AcDbEntity
  8
em-26207-20
 62
     1
100
AcDbPolyline
 90
        8
 70
     1
 43
0.0
 10
4666.898632625264
 20
1314.974104633789
 10
4666.898632625264
 20
1361.983073423851
 42
0.4142135625215194
 10
4641.898632625265
 20
1386.983073423851
 10
4641.898632625265
 20
1386.983073423851
 42
0.414213561952207
 10
4616.898632625265
 20
1361.983073423851
 10
4616.898632625265
 20
1314.974104633789
 42
-0.3755652939011112
 10
4612.56529929196
 20
1310.018748384669
 42
14.93303437365562
 10
4671.231965958607
 20
1310.018748384669
 42
-0.3755653098093256
  0
MTEXT
  5
114
330
1F
100
AcDbEntity
  8
Texto
 62
     1
100
AcDbMText
 10
4719.202110244196
 20
1487.553674964461
 30
0.0
 40
10.0
 41
33.43343747864128
 71
     1
 72
     5
  1
em-26207-20
 73
     1
 44
1.0
1001
ACAD
1000
MTEXTBEGIN
1070
    73
1070
     1
1070
    44
1040
1.0
1070
    74
1070
     0
1000
MTEXTEND
  0
LWPOLYLINE
  5
115
330
1F
100
AcDbEntity
  8
13652725
 62
     4
100
AcDbPolyline
 90
       33
 70
     1
 43
0.0
 10
3553.356973966546
 20
850.2362826296502
 42
0.414213550342584
 10
3551.886044451303
 20
854.2157758588478
 10
3512.824681449551
 20
872.1938158088757
 10
3534.565566970516
 20
919.4308129272739
 42
0.4142136016517474
 10
3533.094637455275
 20
923.4103061564779
 10
3484.949236546132
 20
945.5692856297721
 42
0.414213589267694
 10
3480.969743316941
 20
944.0983561145257
 10
3475.952615889029
 20
933.1975106256697
 10
3465.051770400159
 20
938.2146380535886
 42
0.4142135362744912
 10
3461.072277170968
 20
936.7437085383421
 10
3454.382773933751
 20
922.209247886532
 10
3468.008830794829
 20
915.9378386016374
 10
3463.827891271566
 20
906.8538006942517
 10
3472.911929178951
 20
902.6728611709888
 10
3467.894801751033
 20
891.7720156821195
 10
3476.978839658411
 20
887.5910761588595
 10
3471.543618278173
 20
875.7818268792648
 10
3480.627656185558
 20
871.6008873560021
 10
3474.356246900664
 20
857.9748304949236
 10
3483.440284808056
 20
853.7938909716576
 10
3476.332687618508
 20
838.3510265291024
 10
3485.416725525894
 20
834.1700870058392
 10
3477.054846479365
 20
816.0020111910615
 10
3490.680903340443
 20
809.7306019061669
 10
3475.629521056699
 20
777.0280654395857
 10
3484.713558964078
 20
772.8471259163256
 10
3472.588834346612
 20
746.5034159849011
 10
3481.672872253998
 20
742.3224764616382
 10
3466.203396017927
 20
708.7115362043183
 10
3475.287433925313
 20
704.5305966810552
 10
3454.382736308995
 20
659.1104071441212
 10
3460.741562844165
 20
656.1837494778369
 42
0.4142135678776202
 10
3464.721056073369
 20
657.6546789930772
  0
MTEXT
  5
116
330
1F
100
AcDbEntity
  8
Texto
 62
     4
100
AcDbMText
 10
3488.48142935962
 20
754.5009245168412
 30
0.0
 40
10.0
 41
122.8748579127441
 71
     1
 72
     5
  1
13652725 pos3
 11
0.4180939523266363
 21
0.9084037907383988
 31
0.0
 73
     1
 44
1.0
1001
ACAD
1000
MTEXTBEGIN
1070
    73
1070
     1
1070
    44
1040
1.0
1070
    74
1070
     0
1000
MTEXTEND
  0
LWPOLYLINE
  5
117
330
1F
100
AcDbEntity
  8
13652725
 62
     4
100
AcDbPolyline
 90
       30
 70
     1
 43
0.0
 10
3983.939000208512
 20
685.6556940195016
 10
4029.359192840438
 20
664.7510031277724
 10
4032.285849565279
 20
671.109830096242
 42
0.4142135629727851
 10
4030.814919460873
 20
675.0893231076712
 10
3838.233302701509
 20
763.725212488603
 42
0.4142135434529505
 10
3834.253809690085
 20
762.2542823841812
 10
3816.693869341031
 20
724.1013205733635
 10
3788.533349909238
 20
737.0622289262358
 42
0.4142135621510134
 10
3784.553856897817
 20
735.5912988218238
 10
3755.705383467231
 20
672.9114329897662
 42
0.4142135994713377
 10
3757.176313571648
 20
668.9319399783568
 10
3766.260352098033
 20
664.7510018000112
 10
3772.531759365546
 20
678.3770595895788
 10
3781.615797891932
 20
674.1961214112329
 10
3785.796736070281
 20
683.2801599376281
 10
3796.697582301945
 20
678.2630341236131
 10
3800.878520480286
 20
687.3470726499883
 10
3812.687770564587
 20
681.9118530181387
 10
3816.868708742933
 20
690.9958915445239
 10
3830.49476653251
 20
684.7244842770052
 10
3834.675704710856
 20
693.8085228033903
 10
3850.118570205711
 20
686.7009279002025
 10
3854.299508384062
 20
695.7849664265974
 10
3872.467585436833
 20
687.4230900699057
 10
3878.738992704351
 20
701.0491478594836
 10
3911.441531399338
 20
685.9977704174384
 10
3915.622469577679
 20
695.0818089438138
 10
3941.966181304195
 20
682.9570882266111
 10
3946.147119482541
 20
692.0411267529961
 10
3979.758062030168
 20
676.5716554931165
  0
MTEXT
  5
118
330
1F
100
AcDbEntity
  8
Texto
 62
     4
100
AcDbMText
 10
3930.85028914095
 20
699.7985464885623
 30
0.0
 40
10.0
 41
122.8748579127441
 71
     1
 72
     5
  1
13652725 pos1
 11
-0.9084038526384677
 21
0.4180938178346925
 31
0.0
 73
     1
 44
1.0
1001
ACAD
1000
MTEXTBEGIN
1070
    73
1070
     1
1070
    44
1040
1.0
1070
    74
1070
     0
1000
MTEXTEND
  0
LWPOLYLINE
  5
119
330
1F
100
AcDbEntity
  8
0
 62
     4
100
AcDbPolyline
 90
       27
 70
     1
 43
0.0
 10
3403.970200347935
 20
729.3936913683408
 10
3404.383898500157
 20
679.3954028592444
 10
3433.382905835444
 20
679.6353477875335
 42
0.4142135951038232
 10
3436.357981256846
 20
682.6600669872123
 10
3434.148833123979
 20
949.6509276257874
 42
0.4142135475154501
 10
3431.12411392431
 20
952.6260030472
 10
3295.128769179556
 20
951.5007440731553
 42
0.4142135512364073
 10
3292.153693758155
 20
948.4760248734758
 10
3292.410186612533
 20
917.4770859978364
 10
3307.409673165251
 20
917.6011954435029
 10
3307.492412795696
 20
907.6015377416835
 10
3317.492070497526
 20
907.6842773721281
 10
3317.591358054059
 20
895.6846881299449
 10
3327.591015755868
 20
895.7674277603896
 10
3327.698577275445
 20
882.7678727480243
 10
3337.698234977265
 20
882.850612378469
 10
3337.822344422932
 20
867.8511258257399
 10
3347.822002124751
 20
867.9338654561844
 10
3347.962659496506
 20
850.9344473630914
 10
3357.962317198337
 20
851.017186993536
 10
3358.127796459225
 20
831.0178715898976
 10
3373.127283011954
 20
831.1419810355642
 10
3373.425145681554
 20
795.1432133090147
 10
3383.424803383363
 20
795.225952939459
 10
3383.664748311652
 20
766.2269456041832
 10
3393.664406013471
 20
766.3096852346276
 10
3393.970542646115
 20
729.3109517378963
  0
MTEXT
  5
11A
330
1F
100
AcDbEntity
  8
Texto
 62
     4
100
AcDbMText
 10
3391.789605413376
 20
814.9777258649443
 30
0.0
 40
10.0
 41
122.8748579127441
 71
     1
 72
     5
  1
13652725 pos4
 11
-0.0082739630447578
 21
0.9999657701819268
 31
0.0
 73
     1
 44
1.0
1001
ACAD
1000
MTEXTBEGIN
1070
    73
1070
     1
1070
    44
1040
1.0
1070
    74
1070
     0
1000
MTEXTEND
  0
LWPOLYLINE
  5
11B
330
1F
100
AcDbEntity
  8
mn-22030-13
 62
     3
100
AcDbPolyline
 90
       18
 70
     1
 43
0.0
 10
4651.18919604201
 20
916.5900736244745
 10
4651.18919604201
 20
943.5900736244745
 10
4668.18919604201
 20
943.5900736244745
 42
0.4142135665094743
 10
4671.18919604201
 20
946.5900736244744
 10
4671.18919604201
 20
1040.590073624475
 42
0.414213562458871
 10
4668.18919604201
 20
1043.590073624475
 10
4655.18919604201
 20
1043.590073624475
 10
4655.18919604201
 20
1023.590073624474
 10
4639.18919604201
 20
1023.590073624474
 10
4639.18919604201
 20
1003.590073624474
 10
4631.18919604201
 20
1003.590073624474
 10
4631.18919604201
 20
983.5900736244745
 10
4607.18919604201
 20
983.5900736244745
 10
4607.18919604201
 20
963.5900736244744
 10
4571.189196042009
 20
963.5900736244744
 10
4571.189196042009
 20
916.5900736244745
 42
0.4142135949406074
 10
4574.189196042009
 20
913.5900736244744
 10
4648.18919604201
 20
913.5900736244744
 42
0.4142135917736355
  0
MTEXT
  5
11C
330
1F
100
AcDbEntity
  8
Texto
 62
     3
100
AcDbMText
 10
4668.957603738403
 20
1032.166499395674
 30
0.0
 40
10.0
 41
127.008849587226
 71
     1
 72
     5
  1
mn-22030-13
 11
-0.0000000000000002
 21
-1.0
 31
0.0
 73
     1
 44
1.0
1001
ACAD
1000
MTEXTBEGIN
1070
    73
1070
     1
1070
    44
1040
1.0
1070
    74
1070
     0
1000
MTEXTEND
  0
LWPOLYLINE
  5
11D
330
1F
100
AcDbEntity
  8
MN-25219 15
 62
     4
100
AcDbPolyline
 90
       15
 70
     1
 43
0.0
 10
4551.18919604201
 20
939.5305877794536
 10
4551.18919604201
 20
1007.530587779453
 10
4531.189196042009
 20
1027.530587779454
 10
4469.189196042011
 20
1027.530587779453
 42
0.4142135593293598
 10
4466.189196042011
 20
1024.530587779461
 10
4466.189196042011
 20
999.5305877794535
 10
4486.189196042011
 20
999.5305877794535
 10
4486.189196042011
 20
980.5305877794536
 10
4496.189196042011
 20
980.5305877794536
 10
4496.189196042011
 20
969.5305877794535
 10
4506.18919604201
 20
969.5305877794535
 10
4506.18919604201
 20
953.5305877794534
 10
4516.189196042009
 20
953.5305877794534
 10
4516.189196042009
 20
936.5305877794607
 10
4548.189196042009
 20
936.5305877794607
 42
0.414213575411534
  0
MTEXT
  5
11E
102
{ACAD_XDICTIONARY
360
6DD
102
}
330
1F
100
AcDbEntity
  8
Texto
 62
     4
100
AcDbMText
 10
4520.365169692541
 20
941.4643455802444
 30
0.0
 40
10.0
 41
85.24053142484991
 71
     1
 72
     5
  1
MN-25219 15\Ppos.1
 11
0.0000000000000001
 21
1.0
 31
0.0
 73
     1
 44
1.0
1001
ACAD
1000
MTEXTBEGIN
1070
    73
1070
     1
1070
    44
1040
1.0
1070
    74
1070
     0
1000
MTEXTEND
  0
LWPOLYLINE
  5
11F
330
1F
100
AcDbEntity
  8
13376364v01
 62
     4
100
AcDbPolyline
 90
       24
 70
     1
 43
0.0
 10
3426.18276172308
 20
1230.159650888621
 10
3472.023227071041
 20
968.4629740288153
 42
0.3607830380149645
 10
3474.941051621132
 20
965.9808225679691
 10
3709.945740166061
 20
963.0678473853864
 42
0.3607830276564794
 10
3712.924193257848
 20
965.4769121748696
 10
3765.237243406363
 20
1225.956937756377
 42
-0.3607830569050157
 10
3768.215696498121
 20
1228.366002546329
 10
3842.721343773336
 20
1227.442475859186
 42
0.414213538362298
 10
3845.758296650173
 20
1230.405062098241
 10
3846.303651993952
 20
1274.401682281482
 42
0.4142135472492673
 10
3843.341065754905
 20
1277.438635158332
 10
3727.361451055048
 20
1278.876247920009
 42
0.3607830275455904
 10
3724.382997963283
 20
1276.467183130057
 10
3672.069947814768
 20
1015.987157548539
 42
-0.3607830399989679
 10
3669.091494722995
 20
1013.578092759059
 10
3517.03474102734
 20
1015.462895792573
 42
-0.3607830287766651
 10
3514.116916477213
 20
1017.945047253416
 10
3468.276451129288
 20
1279.641724113233
 42
0.3607830251503632
 10
3465.358626579174
 20
1282.123875574548
 10
3349.379011879345
 20
1283.561488336225
 42
0.4142135570882576
 10
3346.342059002495
 20
1280.598902097163
 10
3345.796703658715
 20
1236.602281913923
 42
0.4142135543629986
 10
3348.759289897777
 20
1233.56532903708
 10
3423.264937172958
 20
1232.641802349937
 42
-0.3607830353159955
  0
MTEXT
  5
120
330
1F
100
AcDbEntity
  8
Texto
 62
     4
100
AcDbMText
 10
3505.666420983339
 20
997.6228289141548
 30
0.0
 40
15.0
 41
165.2828553999097
 71
     1
 72
     5
  1
13376364 POS.9
 11
0.9999231859829151
 21
-0.0123944396314022
 31
0.0
 73
     1
 44
1.0
1001
ACAD
1000
MTEXTBEGIN
1070
    73
1070
     1
1070
    44
1040
1.0
1070
    74
1070
     0
1000
MTEXTEND
  0
LWPOLYLINE
  5
121
330
1F
100
AcDbEntity
  8
13652725
 62
     4
100
AcDbPolyline
 90
       30
 70
     1
 43
0.0
 10
3216.121542005292
 20
1006.153856346993
 10
3166.653614352268
 20
1013.428753852416
 10
3165.635128701508
 20
1006.503243980992
 42
0.4142135362680115
 10
3168.166710510364
 20
1003.098674471474
 10
3377.910723759217
 20
972.2531090484718
 42
0.4142135762132636
 10
3381.315293268718
 20
974.7846908573398
 10
3387.426207173276
 20
1016.337750085887
 10
3418.096322318162
 20
1011.827313632522
 42
0.4142135948851709
 10
3421.500891827662
 20
1014.358895441379
 10
3431.540250385149
 20
1082.624635602563
 42
0.4142135796458469
 10
3429.008668576298
 20
1086.029205112058
 10
3419.115083045693
 20
1087.484184613144
 10
3416.932613794067
 20
1072.643806317245
 10
3407.039028263461
 20
1074.09878581833
 10
3405.584048762373
 20
1064.205200287712
 10
3393.711746125646
 20
1065.951175689014
 10
3392.256766624563
 20
1056.057590158419
 10
3379.395105434774
 20
1057.94906350983
 10
3377.940125933689
 20
1048.055477979223
 10
3363.09974763778
 20
1050.237947230851
 10
3361.644768136694
 20
1040.344361700245
 10
3344.825672734657
 20
1042.81782685209
 10
3343.37069323357
 20
1032.924241321473
 10
3323.583522172365
 20
1035.834200323642
 10
3321.401052920737
 20
1020.993822027732
 10
3285.784145010555
 20
1026.231748231639
 10
3284.329165509471
 20
1016.338162701043
 10
3255.637767470713
 20
1020.557603254189
 10
3254.182787969628
 20
1010.664017723583
 10
3217.576521506377
 20
1016.047441877599
  0
MTEXT
  5
122
330
1F
100
AcDbEntity
  8
Texto
 62
     4
100
AcDbMText
 10
3271.044661240587
 20
1007.525895793624
 30
0.0
 40
10.0
 41
122.8748579127441
 71
     1
 72
     5
  1
13652725 pos1
 11
0.9893585530606333
 21
-0.1454979501084804
 31
0.0
 73
     1
 44
1.0
1001
ACAD
1000
MTEXTBEGIN
1070
    73
1070
     1
1070
    44
1040
1.0
1070
    74
1070
     0
1000
MTEXTEND
  0
LWPOLYLINE
  5
123
330
1F
100
AcDbEntity
  8
0
 62
     4
100
AcDbPolyline
 90
       30
 70
     1
 43
0.0
 10
2727.714396848595
 20
1051.625852689756
 42
0.4142135424447578
 10
2730.714396848595
 20
1048.625852689756
 10
2748.714396848595
 20
1048.625852689756
 10
2748.714396848595
 20
977.6258526897555
 42
0.4142135251608131
 10
2751.714396848603
 20
974.6258526897555
 10
2761.714396848595
 20
974.6258526897555
 10
2761.714396848595
 20
989.6258526897556
 10
2771.714396848595
 20
989.6258526897556
 10
2771.714396848595
 20
999.6258526897555
 10
2783.714396848595
 20
999.6258526897555
 10
2783.714396848595
 20
1009.625852689755
 10
2796.714396848603
 20
1009.625852689755
 10
2796.714396848603
 20
1019.625852689755
 10
2811.714396848603
 20
1019.625852689755
 10
2811.714396848603
 20
1029.625852689756
 10
2828.714396848595
 20
1029.625852689756
 10
2828.714396848595
 20
1039.625852689756
 10
2848.714396848595
 20
1039.625852689756
 10
2848.714396848595
 20
1054.625852689756
 10
2884.714396848603
 20
1054.625852689756
 10
2884.714396848603
 20
1064.625852689756
 10
2913.714396848595
 20
1064.625852689756
 10
2913.714396848595
 20
1074.625852689756
 10
2950.714396848595
 20
1074.625852689756
 10
2950.714396848595
 20
1084.625852689756
 10
3000.714396848595
 20
1084.625852689756
 10
3000.714396848595
 20
1091.625852689756
 42
0.4142135822912226
 10
2997.714396848595
 20
1094.625852689756
 10
2730.714396848595
 20
1094.625852689756
 42
0.4142135484231213
 10
2727.714396848595
 20
1091.625852689756
  0
MTEXT
  5
124
330
1F
100
AcDbEntity
  8
Texto
 62
     4
100
AcDbMText
 10
2867.192484370103
 20
1070.591524765035
 30
0.0
 40
10.0
 41
122.8748579127441
 71
     1
 72
     5
  1
13652725 pos2
 11
-1.0
 21
0.0000000000000001
 31
0.0
 73
     1
 44
1.0
1001
ACAD
1000
MTEXTBEGIN
1070
    73
1070
     1
1070
    44
1040
1.0
1070
    74
1070
     0
1000
MTEXTEND
  0
LWPOLYLINE
  5
125
330
1F
100
AcDbEntity
  8
mn-22030-15
 62
     4
100
AcDbPolyline
 90
       15
 70
     1
 43
0.0
 10
4635.189196042009
 20
1063.590073624474
 10
4671.189196042025
 20
1063.590073624474
 10
4671.189196042025
 20
1095.590073624475
 42
0.4142135738907097
 10
4668.189196042025
 20
1098.590073624475
 10
4591.189196042026
 20
1098.590073624475
 10
4571.189196042025
 20
1078.590073624475
 10
4571.189196042025
 20
986.5900736244745
 42
0.4142135820210749
 10
4574.189196042009
 20
983.5900736244745
 10
4587.189196042025
 20
983.5900736244745
 10
4587.189196042025
 20
1003.590073624474
 10
4603.189196042025
 20
1003.590073624474
 10
4603.189196042025
 20
1023.590073624474
 10
4611.189196042025
 20
1023.590073624474
 10
4611.189196042025
 20
1043.590073624475
 10
4635.189196042009
 20
1043.590073624475
  0
MTEXT
  5
126
330
1F
100
AcDbEntity
  8
Texto
 62
     4
100
AcDbMText
 10
4667.337233199162
 20
1078.213635975816
 30
0.0
 40
10.0
 41
104.0453861330406
 71
     1
 72
     5
  1
mn-22030-15
 11
-1.0
 21
0.0000000000000001
 31
0.0
 73
     1
 44
1.0
1001
ACAD
1000
MTEXTBEGIN
1070
    73
1070
     1
1070
    44
1040
1.0
1070
    74
1070
     0
1000
MTEXTEND
  0
LWPOLYLINE
  5
127
330
1F
100
AcDbEntity
  8
mn-22030-13
 62
     3
100
AcDbPolyline
 90
       18
 70
     1
 43
0.0
 10
3944.6493038319
 20
1017.460668670018
 10
3971.6493038319
 20
1017.460668670018
 10
3971.6493038319
 20
1000.460668670018
 42
0.4142135498896141
 10
3974.6493038319
 20
997.460668670025
 10
4068.649303831906
 20
997.460668670025
 42
0.4142135683228114
 10
4071.649303831899
 20
1000.460668670018
 10
4071.649303831899
 20
1013.460668670018
 10
4051.6493038319
 20
1013.460668670018
 10
4051.6493038319
 20
1029.460668670018
 10
4031.6493038319
 20
1029.460668670018
 10
4031.6493038319
 20
1037.460668670025
 10
4011.6493038319
 20
1037.460668670025
 10
4011.6493038319
 20
1061.460668670018
 10
3991.6493038319
 20
1061.460668670018
 10
3991.6493038319
 20
1097.460668670018
 10
3944.6493038319
 20
1097.460668670018
 42
0.4142135406101435
 10
3941.6493038319
 20
1094.460668670025
 10
3941.6493038319
 20
1020.460668670025
 42
0.4142135604493748
  0
MTEXT
  5
128
330
1F
100
AcDbEntity
  8
Texto
 62
     3
100
AcDbMText
 10
4060.225729603078
 20
999.6922609731669
 30
0.0
 40
10.0
 41
127.008849587226
 71
     1
 72
     5
  1
mn-22030-13
 11
-1.0
 21
0.0000000000000001
 31
0.0
 73
     1
 44
1.0
1001
ACAD
1000
MTEXTBEGIN
1070
    73
1070
     1
1070
    44
1040
1.0
1070
    74
1070
     0
1000
MTEXTEND
  0
LWPOLYLINE
  5
129
330
1F
100
AcDbEntity
  8
MN-25219 15
 62
     4
100
AcDbPolyline
 90
       15
 70
     1
 43
0.0
 10
2643.00000031052
 20
1088.715256492423
 10
2643.00000031052
 20
1020.715256492423
 10
2663.000000310509
 20
1000.715256492423
 10
2725.000000310521
 20
1000.715256492423
 42
0.4142135689180705
 10
2728.00000031052
 20
1003.715256492408
 10
2728.00000031052
 20
1028.715256492423
 10
2708.00000031052
 20
1028.715256492423
 10
2708.00000031052
 20
1047.715256492423
 10
2698.00000031052
 20
1047.715256492423
 10
2698.00000031052
 20
1058.715256492423
 10
2688.00000031052
 20
1058.715256492423
 10
2688.00000031052
 20
1074.715256492423
 10
2678.00000031051
 20
1074.715256492423
 10
2678.00000031051
 20
1091.715256492423
 10
2646.00000031052
 20
1091.715256492423
 42
0.414213570493193
  0
MTEXT
  5
12A
102
{ACAD_XDICTIONARY
360
6DF
102
}
330
1F
100
AcDbEntity
  8
Texto
 62
     4
100
AcDbMText
 10
2673.824026659979
 20
1086.781498691632
 30
0.0
 40
10.0
 41
85.24053142484991
 71
     1
 72
     5
  1
MN-25219 15\Ppos.1
 11
-0.0000000000000002
 21
-1.0
 31
0.0
 73
     1
 44
1.0
1001
ACAD
1000
MTEXTBEGIN
1070
    73
1070
     1
1070
    44
1040
1.0
1070
    74
1070
     0
1000
MTEXTEND
  0
LWPOLYLINE
  5
12B
330
1F
100
AcDbEntity
  8
mn-22030-13
 62
     2
100
AcDbPolyline
 90
       18
 70
     1
 43
0.0
 10
4714.521631902322
 20
1009.99878537502
 42
0.4142135715251457
 10
4717.521631902329
 20
1006.998785375021
 10
4791.521631902329
 20
1006.998785375021
 42
0.4142135828259458
 10
4794.521631902322
 20
1009.99878537502
 10
4794.521631902322
 20
1056.998785375021
 10
4758.521631902323
 20
1056.998785375021
 10
4758.521631902323
 20
1076.998785375014
 10
4734.521631902329
 20
1076.998785375014
 10
4734.521631902329
 20
1096.998785375014
 10
4726.521631902323
 20
1096.998785375014
 10
4726.521631902323
 20
1116.998785375021
 10
4710.521631902323
 20
1116.998785375021
 10
4710.521631902323
 20
1136.998785375021
 10
4697.521631902323
 20
1136.998785375021
 42
0.4142135714609026
 10
4694.521631902329
 20
1133.998785375021
 10
4694.521631902329
 20
1039.998785375014
 42
0.4142135736431494
 10
4697.521631902323
 20
1036.998785375021
 10
4714.521631902322
 20
1036.998785375021
  0
MTEXT
  5
12C
330
1F
100
AcDbEntity
  8
Texto
 62
     2
100
AcDbMText
 10
4697.053111937139
 20
1043.634912161142
 30
0.0
 40
10.0
 41
127.008849587226
 71
     1
 72
     5
  1
mn-22030-13
 11
0.0000000000000001
 21
1.0
 31
0.0
 73
     1
 44
1.0
1001
ACAD
1000
MTEXTBEGIN
1070
    73
1070
     1
1070
    44
1040
1.0
1070
    74
1070
     0
1000
MTEXTEND
  0
LWPOLYLINE
  5
12D
330
1F
100
AcDbEntity
  8
0
 62
     4
100
AcDbPolyline
 90
       27
 70
     1
 43
0.0
 10
3998.051748838273
 20
1143.657662740951
 10
4048.051713184904
 20
1143.597952309906
 10
4048.086345234911
 20
1172.597931630952
 42
0.4142135964862301
 10
4045.089929999976
 20
1175.601512117612
 10
3778.090120388963
 20
1175.920365819397
 42
0.4142135691816299
 10
3775.086539902303
 20
1172.923950584462
 10
3774.924127529858
 20
1036.924047561624
 42
0.4142135617516633
 10
3777.920542764794
 20
1033.920467074963
 10
3808.920520659705
 20
1033.883446607715
 10
3808.93843378902
 20
1048.883435911704
 10
3818.938426658345
 20
1048.871493825495
 10
3818.950368744554
 20
1058.871486694822
 10
3830.950360187745
 20
1058.85715619137
 10
3830.962302273955
 20
1068.857149060697
 10
3843.96229300408
 20
1068.841624348625
 10
3843.974235090289
 20
1078.841617217951
 10
3858.974224394279
 20
1078.823704088637
 10
3858.986166480487
 20
1088.823696957964
 10
3875.986154358343
 20
1088.803395411408
 10
3875.998096444551
 20
1098.803388280734
 10
3895.998082183204
 20
1098.779504108316
 10
3896.015995312518
 20
1113.779493412306
 10
3932.015969642093
 20
1113.736501901953
 10
3932.027911728301
 20
1123.736494771279
 10
3961.027891049349
 20
1123.701862721273
 10
3961.039833135558
 20
1133.701855590599
 10
3998.039806752064
 20
1133.657669871625
  0
MTEXT
  5
12E
330
1F
100
AcDbEntity
  8
Texto
 62
     4
100
AcDbMText
 10
3912.356223140624
 20
1132.287934112729
 30
0.0
 40
10.0
 41
122.8748579127441
 71
     1
 72
     5
  1
13652725 pos4
 11
-0.9999992869326305
 21
0.0011942086209732
 31
0.0
 73
     1
 44
1.0
1001
ACAD
1000
MTEXTBEGIN
1070
    73
1070
     1
1070
    44
1040
1.0
1070
    74
1070
     0
1000
MTEXTEND
  0
LWPOLYLINE
  5
12F
330
1F
100
AcDbEntity
  8
13376364v01
 62
     4
100
AcDbPolyline
 90
       24
 70
     1
 43
0.0
 10
3572.568370320265
 20
1089.958550024056
 10
3526.727903935038
 20
1351.655226702178
 42
0.3607829993662558
 10
3523.810079375102
 20
1354.137378151459
 10
3288.80539081862
 20
1357.050352402567
 42
0.36078300046688
 10
3285.826937736388
 20
1354.641287601278
 10
3233.513888620323
 20
1094.16126181241
 42
-0.3607830554897433
 10
3230.535435538115
 20
1091.752197010662
 10
3156.029788259245
 20
1092.675723402492
 42
0.4142135726693714
 10
3152.992835394137
 20
1089.7131371514
 10
3152.447480224744
 20
1045.71651696599
 42
0.4142135652945399
 10
3155.410066475843
 20
1042.67956410089
 10
3271.389681181393
 20
1041.241951798914
 42
0.360783038394131
 10
3274.368134263608
 20
1043.651016600662
 10
3326.681183379673
 20
1304.13104238953
 42
-0.3607830551853652
 10
3329.659636461896
 20
1306.540107190819
 10
3481.716390165022
 20
1304.655304760003
 42
-0.3607830366645791
 10
3484.634214724973
 20
1302.173153310722
 10
3530.474681110192
 20
1040.4764766326
 42
0.3607830373281239
 10
3533.392505670137
 20
1037.994325182861
 10
3649.372120375666
 20
1036.556712880886
 42
0.4142135675567868
 10
3652.409073240765
 20
1039.519299131978
 10
3652.95442841016
 20
1083.515919317388
 42
0.414213582018444
 10
3649.991842159066
 20
1086.552872182488
 10
3575.486194880217
 20
1087.476398574317
 42
-0.3607830272923929
  0
MTEXT
  5
130
330
1F
100
AcDbEntity
  8
Texto
 62
     4
100
AcDbMText
 10
3493.084710138312
 20
1322.495371683478
 30
0.0
 40
15.0
 41
165.2828553999097
 71
     1
 72
     5
  1
13376364 POS.9
 11
-0.9999231860320453
 21
0.0123944356678303
 31
0.0
 73
     1
 44
1.0
1001
ACAD
1000
MTEXTBEGIN
1070
    73
1070
     1
1070
    44
1040
1.0
1070
    74
1070
     0
1000
MTEXTEND
  0
LWPOLYLINE
  5
131
330
1F
100
AcDbEntity
  8
0
 62
     4
100
AcDbPolyline
 90
       30
 70
     1
 43
0.0
 10
4455.845441149629
 20
1124.530587779453
 42
0.4142135496260929
 10
4458.845441149629
 20
1121.530587779453
 10
4476.845441149629
 20
1121.530587779453
 10
4476.845441149629
 20
1050.530587779453
 42
0.4142135217075228
 10
4479.845441149637
 20
1047.530587779442
 10
4489.845441149629
 20
1047.530587779442
 10
4489.845441149629
 20
1062.530587779454
 10
4499.84544114963
 20
1062.530587779454
 10
4499.84544114963
 20
1072.530587779443
 10
4511.845441149629
 20
1072.530587779443
 10
4511.845441149629
 20
1082.530587779453
 10
4524.845441149636
 20
1082.530587779453
 10
4524.845441149636
 20
1092.530587779453
 10
4539.845441149636
 20
1092.530587779453
 10
4539.845441149636
 20
1102.530587779454
 10
4556.845441149629
 20
1102.530587779454
 10
4556.845441149629
 20
1112.530587779443
 10
4576.845441149629
 20
1112.530587779443
 10
4576.845441149629
 20
1127.530587779443
 10
4612.845441149636
 20
1127.530587779443
 10
4612.845441149636
 20
1137.530587779443
 10
4641.845441149629
 20
1137.530587779443
 10
4641.845441149629
 20
1147.530587779454
 10
4678.845441149629
 20
1147.530587779454
 10
4678.845441149629
 20
1157.530587779453
 10
4728.845441149629
 20
1157.530587779453
 10
4728.845441149629
 20
1164.530587779454
 42
0.414213593954595
 10
4725.845441149629
 20
1167.530587779443
 10
4458.845441149629
 20
1167.530587779442
 42
0.414213534587716
 10
4455.845441149629
 20
1164.530587779453
  0
MTEXT
  5
132
330
1F
100
AcDbEntity
  8
Texto
 62
     4
100
AcDbMText
 10
4595.323528671136
 20
1143.496259854733
 30
0.0
 40
10.0
 41
122.8748579127441
 71
     1
 72
     5
  1
13652725 pos2
 11
-1.0
 21
0.0000000000000001
 31
0.0
 73
     1
 44
1.0
1001
ACAD
1000
MTEXTBEGIN
1070
    73
1070
     1
1070
    44
1040
1.0
1070
    74
1070
     0
1000
MTEXTEND
  0
LWPOLYLINE
  5
133
330
1F
100
AcDbEntity
  8
mn-22030-15
 62
     4
100
AcDbPolyline
 90
       15
 70
     1
 43
0.0
 10
4067.6493038319
 20
1095.500373706919
 10
4031.649303831885
 20
1095.500373706919
 10
4031.649303831885
 20
1063.500373706908
 42
0.4142135757080538
 10
4034.649303831884
 20
1060.500373706908
 10
4111.649303831884
 20
1060.500373706908
 10
4131.649303831885
 20
1080.500373706908
 10
4131.649303831885
 20
1172.500373706908
 42
0.4142135857441251
 10
4128.6493038319
 20
1175.50037370692
 10
4115.649303831885
 20
1175.50037370692
 10
4115.649303831885
 20
1155.500373706908
 10
4099.649303831885
 20
1155.500373706908
 10
4099.649303831885
 20
1135.50037370692
 10
4091.649303831885
 20
1135.50037370692
 10
4091.649303831885
 20
1115.500373706908
 10
4067.6493038319
 20
1115.500373706908
  0
MTEXT
  5
134
330
1F
100
AcDbEntity
  8
Texto
 62
     4
100
AcDbMText
 10
4035.501266674747
 20
1080.876811356046
 30
0.0
 40
10.0
 41
104.0453861330406
 71
     1
 72
     5
  1
mn-22030-15
 73
     1
 44
1.0
1001
ACAD
1000
MTEXTBEGIN
1070
    73
1070
     1
1070
    44
1040
1.0
1070
    74
1070
     0
1000
MTEXTEND
  0
LWPOLYLINE
  5
135
330
1F
100
AcDbEntity
  8
MN-25219 15
 62
     4
100
AcDbPolyline
 90
       15
 70
     1
 43
0.0
 10
4833.845441149629
 20
1079.530549779454
 10
4833.845441149629
 20
1147.530549779453
 10
4813.84544114963
 20
1167.530549779453
 10
4751.845441149629
 20
1167.530549779453
 42
0.4142135711950062
 10
4748.845441149629
 20
1164.530549779468
 10
4748.845441149629
 20
1139.530549779453
 10
4768.845441149629
 20
1139.530549779453
 10
4768.845441149629
 20
1120.530549779453
 10
4778.845441149617
 20
1120.530549779453
 10
4778.845441149617
 20
1109.530549779453
 10
4788.845441149629
 20
1109.530549779453
 10
4788.845441149629
 20
1093.530549779453
 10
4798.845441149629
 20
1093.530549779453
 10
4798.845441149629
 20
1076.530549779453
 10
4830.84544114963
 20
1076.530549779453
 42
0.4142135715264111
  0
MTEXT
  5
136
102
{ACAD_XDICTIONARY
360
6E1
102
}
330
1F
100
AcDbEntity
  8
Texto
 62
     4
100
AcDbMText
 10
4803.021414800618
 20
1081.464307580245
 30
0.0
 40
10.0
 41
85.24053142484991
 71
     1
 72
     5
  1
MN-25219 15\Ppos.1
 11
0.0000000000000001
 21
1.0
 31
0.0
 73
     1
 44
1.0
1001
ACAD
1000
MTEXTBEGIN
1070
    73
1070
     1
1070
    44
1040
1.0
1070
    74
1070
     0
1000
MTEXTEND
  0
LWPOLYLINE
  5
137
330
1F
100
AcDbEntity
  8
13376364v01
 62
     4
100
AcDbPolyline
 90
       24
 70
     1
 43
0.0
 10
2924.442251792363
 20
1379.12232799666
 10
2970.282717787535
 20
1117.425651250223
 42
0.3607830571886969
 10
2973.200542343764
 20
1114.943499796593
 10
3208.205230895899
 20
1112.030525195208
 42
0.3607830192543937
 10
3211.183683981727
 20
1114.439589992057
 10
3263.496733486041
 20
1374.919615702941
 42
-0.3607830345041449
 10
3266.475186571839
 20
1377.32868050026
 10
3340.980833849334
 20
1376.40515399738
 42
0.4142135564016868
 10
3344.017786718849
 20
1379.367740243945
 10
3344.56314195382
 20
1423.364360428542
 42
0.4142135517172167
 10
3341.600555707255
 20
1426.401313298058
 10
3225.620941003855
 20
1427.838925772903
 42
0.360783022198321
 10
3222.642487918049
 20
1425.429860975583
 10
3170.329438413736
 20
1164.949835264699
 42
-0.3607830640377998
 10
3167.350985327907
 20
1162.54077046785
 10
3015.294231627605
 20
1164.425573125308
 42
-0.3607830725696493
 10
3012.37640707134
 20
1166.907724578938
 10
2966.535941076196
 20
1428.604401325374
 42
0.3607830551484647
 10
2963.618116519937
 20
1431.086552779474
 10
2847.638501816559
 20
1432.524165254318
 42
0.4142135674218528
 10
2844.601548947036
 20
1429.561579007752
 10
2844.056193712065
 20
1385.564958823156
 42
0.4142135698785764
 10
2847.018779958638
 20
1382.52800595364
 10
2921.524427236104
 20
1381.604479450759
 42
-0.3607830295247498
  0
MTEXT
  5
138
330
1F
100
AcDbEntity
  8
Texto
 62
     4
100
AcDbMText
 10
3003.925911627717
 20
1146.585506218767
 30
0.0
 40
15.0
 41
165.2828553999097
 71
     1
 72
     5
  1
13376364 POS.9
 11
0.9999231860135679
 21
-0.0123944371584887
 31
0.0
 73
     1
 44
1.0
1001
ACAD
1000
MTEXTBEGIN
1070
    73
1070
     1
1070
    44
1040
1.0
1070
    74
1070
     0
1000
MTEXTEND
  0
LWPOLYLINE
  5
139
330
1F
100
AcDbEntity
  8
mn-22030-13
 62
     3
100
AcDbPolyline
 90
       18
 70
     1
 43
0.0
 10
3607.827434687776
 20
1243.030440302498
 10
3607.827434687776
 20
1216.030440302498
 10
3590.827434687775
 20
1216.030440302498
 42
0.4142135843893806
 10
3587.827434687782
 20
1213.030440302506
 10
3587.827434687782
 20
1119.030440302506
 42
0.4142135639868766
 10
3590.827434687775
 20
1116.030440302498
 10
3603.827434687775
 20
1116.030440302498
 10
3603.827434687775
 20
1136.030440302498
 10
3619.827434687775
 20
1136.030440302498
 10
3619.827434687775
 20
1156.030440302506
 10
3627.827434687783
 20
1156.030440302506
 10
3627.827434687783
 20
1176.030440302506
 10
3651.827434687775
 20
1176.030440302506
 10
3651.827434687775
 20
1196.030440302498
 10
3687.827434687775
 20
1196.030440302498
 10
3687.827434687775
 20
1243.030440302498
 42
0.4142135409537133
 10
3684.827434687782
 20
1246.030440302498
 10
3610.827434687782
 20
1246.030440302498
 42
0.4142135610260536
  0
MTEXT
  5
13A
330
1F
100
AcDbEntity
  8
Texto
 62
     3
100
AcDbMText
 10
3590.059026990924
 20
1127.454014531335
 30
0.0
 40
10.0
 41
127.008849587226
 71
     1
 72
     5
  1
mn-22030-13
 11
0.0000000000000001
 21
1.0
 31
0.0
 73
     1
 44
1.0
1001
ACAD
1000
MTEXTBEGIN
1070
    73
1070
     1
1070
    44
1040
1.0
1070
    74
1070
     0
1000
MTEXTEND
  0
LWPOLYLINE
  5
13B
330
1F
100
AcDbEntity
  8
MN-25219 15
 62
     4
100
AcDbPolyline
 90
       15
 70
     1
 43
0.0
 10
3328.342591533215
 20
1210.371586655715
 10
3328.342591533215
 20
1142.371586655715
 10
3348.342591533216
 20
1122.371586655716
 10
3410.342591533215
 20
1122.371586655716
 42
0.4142135684343268
 10
3413.342591533215
 20
1125.371586655701
 10
3413.342591533215
 20
1150.371586655715
 10
3393.342591533216
 20
1150.371586655715
 10
3393.342591533216
 20
1169.371586655715
 10
3383.342591533216
 20
1169.371586655715
 10
3383.342591533216
 20
1180.371586655715
 10
3373.342591533216
 20
1180.371586655715
 10
3373.342591533216
 20
1196.371586655715
 10
3363.342591533216
 20
1196.371586655715
 10
3363.342591533216
 20
1213.371586655715
 10
3331.342591533215
 20
1213.371586655715
 42
0.4142135742885776
  0
MTEXT
  5
13C
102
{ACAD_XDICTIONARY
360
6E3
102
}
330
1F
100
AcDbEntity
  8
Texto
 62
     4
100
AcDbMText
 10
3359.166617882685
 20
1208.437828854925
 30
0.0
 40
10.0
 41
85.24053142484991
 71
     1
 72
     5
  1
MN-25219 15\Ppos.1
 11
-0.0000000000000002
 21
-1.0
 31
0.0
 73
     1
 44
1.0
1001
ACAD
1000
MTEXTBEGIN
1070
    73
1070
     1
1070
    44
1040
1.0
1070
    74
1070
     0
1000
MTEXTEND
  0
LWPOLYLINE
  5
13D
330
1F
100
AcDbEntity
  8
0
 62
     4
100
AcDbPolyline
 90
       30
 70
     1
 43
0.0
 10
2916.00000031052
 20
1170.358476597001
 42
0.4142135439747613
 10
2913.00000031052
 20
1173.358476597001
 10
2895.00000031052
 20
1173.358476597001
 10
2895.00000031052
 20
1244.358476597001
 42
0.4142135733879306
 10
2892.00000031052
 20
1247.358476597001
 10
2882.000000310521
 20
1247.358476597001
 10
2882.000000310521
 20
1232.358476597001
 10
2872.00000031052
 20
1232.358476597001
 10
2872.00000031052
 20
1222.358476597001
 10
2860.000000310528
 20
1222.358476597001
 10
2860.000000310528
 20
1212.358476597001
 10
2847.00000031052
 20
1212.358476597001
 10
2847.00000031052
 20
1202.358476597001
 10
2832.00000031052
 20
1202.358476597001
 10
2832.00000031052
 20
1192.358476597001
 10
2815.00000031052
 20
1192.358476597001
 10
2815.00000031052
 20
1182.358476597001
 10
2795.00000031052
 20
1182.358476597001
 10
2795.00000031052
 20
1167.358476597001
 10
2759.00000031052
 20
1167.358476597001
 10
2759.00000031052
 20
1157.358476597001
 10
2730.00000031052
 20
1157.358476597001
 10
2730.00000031052
 20
1147.358476597001
 10
2693.000000310521
 20
1147.358476597001
 10
2693.000000310521
 20
1137.358476597001
 10
2643.00000031052
 20
1137.358476597001
 10
2643.00000031052
 20
1130.358476597001
 42
0.4142135542699129
 10
2646.00000031052
 20
1127.358476597001
 10
2913.00000031052
 20
1127.358476597001
 42
0.4142135499505941
 10
2916.00000031052
 20
1130.358476597001
  0
MTEXT
  5
13E
330
1F
100
AcDbEntity
  8
Texto
 62
     4
100
AcDbMText
 10
2776.521912789005
 20
1151.392804521722
 30
0.0
 40
10.0
 41
122.8748579127441
 71
     1
 72
     5
  1
13652725 pos2
 73
     1
 44
1.0
1001
ACAD
1000
MTEXTBEGIN
1070
    73
1070
     1
1070
    44
1040
1.0
1070
    74
1070
     0
1000
MTEXTEND
  0
LWPOLYLINE
  5
13F
330
1F
100
AcDbEntity
  8
13376364v01
 62
     4
100
AcDbPolyline
 90
       24
 70
     1
 43
0.0
 10
3071.518263409494
 20
1236.457789597001
 10
3025.358231071899
 20
1498.098287909811
 42
0.3607830224270174
 10
3022.437377331331
 20
1500.576874080577
 10
2787.429306523341
 20
1503.202843925644
 42
0.3607830627816424
 10
2784.453797760921
 20
1500.790143450102
 10
2732.458901945082
 20
1240.246423986585
 42
-0.3607830554511383
 10
2729.483393182694
 20
1237.833723510584
 10
2654.976673598236
 20
1238.666258317627
 42
0.4142135477340018
 10
2651.943341091139
 20
1235.699965361529
 10
2651.451717717149
 20
1191.702711964775
 42
0.414213557433857
 10
2654.418010673247
 20
1188.669379457679
 10
2770.399294589022
 20
1187.373409693289
 42
0.360783014756698
 10
2773.37480335141
 20
1189.78611016929
 10
2825.369699167256
 20
1450.329829632806
 42
-0.3607830211672172
 10
2828.345207929676
 20
1452.742530108338
 10
2980.404150075025
 20
1451.043430177968
 42
-0.3607830407240384
 10
2983.325003815622
 20
1448.564844007212
 10
3029.485036153196
 20
1186.924345694401
 42
0.3607830587039241
 10
3032.405889893794
 20
1184.445759523177
 10
3148.387173809525
 20
1183.149789758787
 42
0.4142135941022885
 10
3151.420506316622
 20
1186.116082714884
 10
3151.912129690613
 20
1230.113336111638
 42
0.4142135844013665
 10
3148.945836734515
 20
1233.146668618734
 10
3074.439117150093
 20
1233.979203425777
 42
-0.3607830513585029
  0
MTEXT
  5
140
330
1F
100
AcDbEntity
  8
Texto
 62
     4
100
AcDbMText
 10
2991.750674179406
 20
1468.897367491571
 30
0.0
 40
15.0
 41
165.2828553999097
 71
     1
 72
     5
  1
13376364 POS.9
 11
-0.9999375771989472
 21
0.0111732584996378
 31
0.0
 73
     1
 44
1.0
1001
ACAD
1000
MTEXTBEGIN
1070
    73
1070
     1
1070
    44
1040
1.0
1070
    74
1070
     0
1000
MTEXTEND
  0
LWPOLYLINE
  5
141
330
1F
100
AcDbEntity
  8
13652725
 62
     4
100
AcDbPolyline
 90
       33
 70
     1
 43
0.0
 10
4618.304245863917
 20
1286.504788779453
 42
0.4142135912426384
 10
4614.324752634726
 20
1285.033859264227
 10
4596.346712684696
 20
1245.972496262469
 10
4549.109715566298
 20
1267.713381783434
 42
0.4142136024919275
 10
4545.130222337092
 20
1266.24245226819
 10
4522.971242863802
 20
1218.097051359057
 42
0.4142135970861104
 10
4524.442172379045
 20
1214.117558129859
 10
4535.343017867901
 20
1209.100430701946
 10
4530.325890439986
 20
1198.199585213084
 42
0.4142135467275919
 10
4531.796819955225
 20
1194.220091983877
 10
4546.331280607035
 20
1187.530588746659
 10
4552.602689891934
 20
1201.156645607747
 10
4561.68672779932
 20
1196.975706084484
 10
4565.867667322578
 20
1206.059743991859
 10
4576.768512811447
 20
1201.042616563941
 10
4580.949452334714
 20
1210.126654471336
 10
4592.75870161431
 20
1204.691433091097
 10
4596.939641137573
 20
1213.775470998483
 10
4610.56569799865
 20
1207.504061713588
 10
4614.746637521913
 20
1216.588099620974
 10
4630.189501964468
 20
1209.480502431427
 10
4634.370441487728
 20
1218.564540338803
 10
4652.538517302505
 20
1210.202661292273
 10
4658.8099265874
 20
1223.828718153351
 10
4691.512463053981
 20
1208.777335869607
 10
4695.693402577244
 20
1217.861373776993
 10
4722.037112508671
 20
1205.736649159527
 10
4726.218052031936
 20
1214.820687066922
 10
4759.828992289256
 20
1199.351210830852
 10
4764.00993181252
 20
1208.435248738238
 10
4809.430121349453
 20
1187.530551121919
 10
4812.356779015738
 20
1193.889377657089
 42
0.4142135223393057
 10
4810.88584950049
 20
1197.868870886277
  0
MTEXT
  5
142
330
1F
100
AcDbEntity
  8
Texto
 62
     4
100
AcDbMText
 10
4714.03960397673
 20
1221.629244172539
 30
0.0
 40
10.0
 41
122.8748579127441
 71
     1
 72
     5
  1
13652725 pos3
 11
-0.9084037907386111
 21
0.4180939523261746
 31
0.0
 73
     1
 44
1.0
1001
ACAD
1000
MTEXTBEGIN
1070
    73
1070
     1
1070
    44
1040
1.0
1070
    74
1070
     0
1000
MTEXTEND
  0
LWPOLYLINE
  5
143
330
1F
100
AcDbEntity
  8
13376364v01
 62
     4
100
AcDbPolyline
 90
       24
 70
     1
 43
0.0
 10
3851.31624737815
 20
1459.387325452727
 10
3900.084921869066
 20
1198.220491166322
 42
0.3607830365612392
 10
3903.030364268787
 20
1195.771175945754
 10
4138.052938267111
 20
1195.490509383444
 42
0.3607830722207641
 10
4141.004222256047
 20
1197.932782668013
 10
4190.396533410978
 20
1458.982392017574
 42
-0.360783031932201
 10
4193.347817399901
 20
1461.424665302602
 10
4267.859135061049
 20
1461.335683061341
 42
0.4142135709115565
 10
4270.862715552532
 20
1464.332098291443
 10
4270.915260802657
 20
1508.332066916395
 42
0.4142135595746316
 10
4267.918845572554
 20
1511.335647407866
 10
4151.930404036075
 20
1511.474162090094
 42
0.3607830745184364
 10
4148.979120047161
 20
1509.031888805076
 10
4099.586808892229
 20
1247.982279455517
 42
-0.3607830583859617
 10
4096.635524903286
 20
1245.540006170958
 10
3944.567198655623
 20
1245.721607851332
 42
-0.3607830494893625
 10
3941.621756255879
 20
1248.17092307189
 10
3892.853081764993
 20
1509.337757358296
 42
0.3607830411449324
 10
3889.907639365251
 20
1511.787072579312
 10
3773.919197828785
 20
1511.92558726154
 42
0.4142135587971426
 10
3770.915617337317
 20
1508.929172031448
 10
3770.863072087192
 20
1464.929203406497
 42
0.4142135492625571
 10
3773.85948731728
 20
1461.925622915014
 10
3848.370804978415
 20
1461.836640673755
 42
-0.3607830160374931
  0
MTEXT
  5
144
330
1F
100
AcDbEntity
  8
Texto
 62
     4
100
AcDbMText
 10
3933.399406015182
 20
1227.755331264632
 30
0.0
 40
15.0
 41
165.2828553999097
 71
     1
 72
     5
  1
13376364 POS.9
 11
0.999999286930709
 21
-0.001194210230097
 31
0.0
 73
     1
 44
1.0
1001
ACAD
1000
MTEXTBEGIN
1070
    73
1070
     1
1070
    44
1040
1.0
1070
    74
1070
     0
1000
MTEXTEND
  0
LWPOLYLINE
  5
145
330
1F
100
AcDbEntity
  8
13376364v01
 62
     4
100
AcDbPolyline
 90
       24
 70
     1
 43
0.0
 10
3999.773322557584
 20
1318.1015278275
 10
3951.00464786382
 20
1579.268362076028
 42
0.360783019624914
 10
3948.059205462204
 20
1581.717677294298
 10
3713.036631463661
 20
1581.998343674073
 42
0.3607830632859946
 10
3710.085347476622
 20
1579.556070387222
 10
3660.693036524441
 20
1318.5064609993
 42
-0.3607830115102413
 10
3657.741752537415
 20
1316.064187711979
 10
3583.23043487619
 20
1316.153169895369
 42
0.4142135631279415
 10
3580.226854387034
 20
1313.156754662935
 10
3580.174309171083
 20
1269.156786037942
 42
0.4142135720015818
 10
3583.170724403518
 20
1266.153205548788
 10
3699.15916594012
 20
1266.014690956645
 42
0.3607830305381276
 10
3702.110449927137
 20
1268.456964243964
 10
3751.502760879319
 20
1529.506573631887
 42
-0.3607830516791529
 10
3754.454044866358
 20
1531.948846918737
 10
3906.522371114169
 20
1531.76724535647
 42
-0.3607830140277629
 10
3909.467813515816
 20
1529.3179301382
 10
3958.236488209536
 20
1268.151095889672
 42
0.3607830196708032
 10
3961.181930611181
 20
1265.701780670932
 10
4077.170372147745
 20
1265.56326607879
 42
0.4142135787072701
 10
4080.173952636901
 20
1268.559681311224
 10
4080.226497852852
 20
1312.559649936216
 42
0.414213569833585
 10
4077.230082620417
 20
1315.563230425371
 10
4002.718764959229
 20
1315.652212608761
 42
-0.3607830282903084
  0
MTEXT
  5
146
330
1F
100
AcDbEntity
  8
Texto
 62
     4
100
AcDbMText
 10
3917.69016374065
 20
1549.733521951847
 30
0.0
 40
15.0
 41
165.2828553999097
 71
     1
 72
     5
  1
13376364 POS.9
 11
-0.9999992869316367
 21
0.0011942094533881
 31
0.0
 73
     1
 44
1.0
1001
ACAD
1000
MTEXTBEGIN
1070
    73
1070
     1
1070
    44
1040
1.0
1070
    74
1070
     0
1000
MTEXTEND
  0
LWPOLYLINE
  5
147
330
1F
100
AcDbEntity
  8
MN-25219 15
 62
     4
100
AcDbPolyline
 90
       15
 70
     1
 43
0.0
 10
2820.325693684557
 20
1272.823489995306
 10
2888.325693684557
 20
1272.823489995306
 10
2908.325693684557
 20
1292.823489995306
 10
2908.325693684557
 20
1354.823489995306
 42
0.4142135679346776
 10
2905.32569368455
 20
1357.823489995306
 10
2880.325693684557
 20
1357.823489995306
 10
2880.325693684557
 20
1337.823489995306
 10
2861.325693684557
 20
1337.823489995306
 10
2861.325693684557
 20
1327.823489995306
 10
2850.325693684557
 20
1327.823489995306
 10
2850.325693684557
 20
1317.823489995306
 10
2834.325693684557
 20
1317.823489995306
 10
2834.325693684557
 20
1307.823489995306
 10
2817.32569368455
 20
1307.823489995306
 10
2817.32569368455
 20
1275.823489995306
 42
0.4142135904949881
  0
MTEXT
  5
148
102
{ACAD_XDICTIONARY
360
6E5
102
}
330
1F
100
AcDbEntity
  8
Texto
 62
     4
100
AcDbMText
 10
2822.25945148537
 20
1303.647516344776
 30
0.0
 40
10.0
 41
85.24053142484991
 71
     1
 72
     5
  1
MN-25219 15\Ppos.1
 73
     1
 44
1.0
1001
ACAD
1000
MTEXTBEGIN
1070
    73
1070
     1
1070
    44
1040
1.0
1070
    74
1070
     0
1000
MTEXTEND
  0
LWPOLYLINE
  5
149
330
1F
100
AcDbEntity
  8
13318985
 62
     4
100
AcDbPolyline
 90
       12
 70
     1
 43
0.0
 10
2820.00000031052
 20
1581.9999998275
 10
2646.00000031052
 20
1581.999999827804
 42
0.4142135493273645
 10
2643.000000310515
 20
1578.999999827824
 10
2643.000000310001
 20
1284.999999827809
 42
0.4142135671570337
 10
2646.000000309997
 20
1281.999999827818
 10
2690.000000309997
 20
1281.999999827742
 42
0.4142135637136989
 10
2693.000000310001
 20
1284.999999827722
 10
2693.000000310428
 20
1528.999999827722
 42
-0.414213552642346
 10
2696.000000310432
 20
1531.999999827732
 10
2820.000000310433
 20
1531.999999827515
 42
0.4142135717127472
 10
2823.000000310438
 20
1534.99999982751
 10
2823.000000310515
 20
1578.99999982751
 42
0.4142135501340222
  0
CIRCLE
  5
14A
330
1F
100
AcDbEntity
  8
13318985
 62
     4
100
AcDbCircle
 10
2668.000000310284
 20
1446.99999982778
 30
0.0
 40
9.0
  0
CIRCLE
  5
14B
330
1F
100
AcDbEntity
  8
13318985
 62
     4
100
AcDbCircle
 10
2668.00000031004
 20
1306.99999982778
 30
0.0
 40
9.0
  0
MTEXT
  5
14C
330
1F
100
AcDbEntity
  8
Texto
 62
     4
100
AcDbMText
 10
2680.084531506868
 20
1558.367135884665
 30
0.0
 40
10.0
 41
58.45220318102656
 71
     1
 72
     5
  1
13318985 pos.38
 11
-0.0000000000013644
 21
-1.0
 31
0.0
 73
     1
 44
1.0
1001
ACAD
1000
MTEXTBEGIN
1070
    73
1070
     1
1070
    44
1040
1.0
1070
    74
1070
     0
1000
MTEXTEND
  0
LWPOLYLINE
  5
14D
330
1F
100
AcDbEntity
  8
0
 62
     4
100
AcDbPolyline
 90
       27
 70
     1
 43
0.0
 10
3114.607221178995
 20
1358.9999998275
 10
3114.607221075147
 20
1308.9999998275
 10
3143.607221075147
 20
1308.999999767269
 42
0.4142135907559565
 10
3146.607221081379
 20
1311.999999761038
 10
3146.607221635921
 20
1578.999999761038
 42
0.4142135749094097
 10
3143.607221642153
 20
1581.999999767269
 10
3007.607221642153
 20
1582.000000049733
 42
0.4142135674819122
 10
3004.607221635922
 20
1579.000000055964
 10
3004.607221571537
 20
1548.000000055964
 10
3019.607221571537
 20
1548.00000002481
 10
3019.607221550767
 20
1538.00000002481
 10
3029.607221550767
 20
1538.00000000404
 10
3029.607221525844
 20
1526.000000004047
 10
3039.607221525844
 20
1525.999999983278
 10
3039.607221498844
 20
1512.999999983271
 10
3049.607221498844
 20
1512.999999962502
 10
3049.607221467689
 20
1497.999999962502
 10
3059.60722146769
 20
1497.999999941732
 10
3059.607221432381
 20
1480.999999941732
 10
3069.607221432381
 20
1480.999999920963
 10
3069.607221390842
 20
1460.99999992097
 10
3084.607221390843
 20
1460.999999889816
 10
3084.607221316073
 20
1424.999999889809
 10
3094.607221316073
 20
1424.999999869039
 10
3094.607221255841
 20
1395.999999869039
 10
3104.607221255841
 20
1395.99999984827
 10
3104.607221178995
 20
1358.99999984827
  0
MTEXT
  5
14E
330
1F
100
AcDbEntity
  8
Texto
 62
     4
100
AcDbMText
 10
3103.135162500549
 20
1444.681886614341
 30
0.0
 40
10.0
 41
122.8748579127441
 71
     1
 72
     5
  1
13652725 pos4
 11
0.0000000020768312
 21
1.0
 31
0.0
 73
     1
 44
1.0
1001
ACAD
1000
MTEXTBEGIN
1070
    73
1070
     1
1070
    44
1040
1.0
1070
    74
1070
     0
1000
MTEXTEND
  0
LWPOLYLINE
  5
14F
330
1F
100
AcDbEntity
  8
mn-22030-15
 62
     4
100
AcDbPolyline
 90
       15
 70
     1
 43
0.0
 10
3773.42598977703
 20
1347.480453294713
 10
3737.425989777015
 20
1347.480453294713
 10
3737.425989777015
 20
1315.480453294713
 42
0.4142135799615315
 10
3740.425989777015
 20
1312.480453294713
 10
3817.425989777015
 20
1312.480453294713
 10
3837.425989777015
 20
1332.480453294713
 10
3837.425989777015
 20
1424.480453294713
 42
0.4142135825735905
 10
3834.425989777029
 20
1427.480453294713
 10
3821.425989777015
 20
1427.480453294713
 10
3821.425989777015
 20
1407.480453294713
 10
3805.425989777015
 20
1407.480453294713
 10
3805.425989777015
 20
1387.480453294713
 10
3797.425989777015
 20
1387.480453294713
 10
3797.425989777015
 20
1367.480453294713
 10
3773.42598977703
 20
1367.480453294713
  0
MTEXT
  5
150
330
1F
100
AcDbEntity
  8
Texto
 62
     4
100
AcDbMText
 10
3741.277952619877
 20
1332.85689094384
 30
0.0
 40
10.0
 41
104.0453861330406
 71
     1
 72
     5
  1
mn-22030-15
 73
     1
 44
1.0
1001
ACAD
1000
MTEXTBEGIN
1070
    73
1070
     1
1070
    44
1040
1.0
1070
    74
1070
     0
1000
MTEXTEND
  0
LWPOLYLINE
  5
151
330
1F
100
AcDbEntity
  8
MN-25219 15
 62
     4
100
AcDbPolyline
 90
       15
 70
     1
 43
0.0
 10
5103.4469049274
 20
1375.982458616814
 10
5103.4469049274
 20
1443.982458616814
 10
5083.4469049274
 20
1463.982458616814
 10
5021.4469049274
 20
1463.982458616814
 42
0.4142135706967777
 10
5018.446904927401
 20
1460.982458616807
 10
5018.446904927401
 20
1435.982458616814
 10
5038.4469049274
 20
1435.982458616814
 10
5038.4469049274
 20
1416.982458616814
 10
5048.44690492739
 20
1416.982458616814
 10
5048.44690492739
 20
1405.982458616814
 10
5058.4469049274
 20
1405.982458616814
 10
5058.4469049274
 20
1389.982458616814
 10
5068.446904927401
 20
1389.982458616814
 10
5068.446904927401
 20
1372.982458616807
 10
5100.446904927401
 20
1372.982458616807
 42
0.4142135878126924
  0
MTEXT
  5
152
102
{ACAD_XDICTIONARY
360
6E7
102
}
330
1F
100
AcDbEntity
  8
Texto
 62
     4
100
AcDbMText
 10
5072.622878578388
 20
1377.916216417627
 30
0.0
 40
10.0
 41
85.24053142484991
 71
     1
 72
     5
  1
MN-25219 15\Ppos.1
 11
0.0000000000000001
 21
1.0
 31
0.0
 73
     1
 44
1.0
1001
ACAD
1000
MTEXTBEGIN
1070
    73
1070
     1
1070
    44
1040
1.0
1070
    74
1070
     0
1000
MTEXTEND
  0
LWPOLYLINE
  5
153
330
1F
100
AcDbEntity
  8
13461382
 62
     4
100
AcDbPolyline
 90
       12
 70
     1
 43
0.0
 10
3493.012440569474
 20
1471.579128827501
 42
0.3419987219505342
 10
3495.262440569478
 20
1474.483866337131
 10
3495.26244056954
 20
1508.999999567485
 42
0.4142135230046835
 10
3492.262440569545
 20
1511.99999956749
 10
3455.262440569544
 20
1511.999999567554
 42
0.4142135626620095
 10
3445.262440569527
 20
1501.999999567572
 10
3445.262440569324
 20
1384.999999567579
 42
0.4142135630595887
 10
3455.262440569305
 20
1374.999999567555
 10
3492.262440569305
 20
1374.99999956749
 42
0.4142135725081724
 10
3495.262440569311
 20
1377.999999567492
 10
3495.262440569371
 20
1412.51613279781
 42
0.341998720983965
 10
3493.012440569377
 20
1415.420870307484
 42
-0.7745966688827859
  0
CIRCLE
  5
154
330
1F
100
AcDbEntity
  8
13461382
 62
     4
100
AcDbCircle
 10
3465.26244056946
 20
1463.499999567537
 30
0.0
 40
6.0
  0
CIRCLE
  5
155
330
1F
100
AcDbEntity
  8
13461382
 62
     4
100
AcDbCircle
 10
3465.26244056939
 20
1423.499999567544
 30
0.0
 40
6.0
  0
MTEXT
  5
156
330
1F
100
AcDbEntity
  8
Texto
 62
     4
100
AcDbMText
 10
3472.441339096803
 20
1500.126122330003
 30
0.0
 40
8.0
 41
29.53226223396996
 71
     1
 72
     5
  1
12654584\Ppos3
 11
-0.0000000000013644
 21
-1.0
 31
0.0
 73
     1
 44
1.0
1001
ACAD
1000
MTEXTBEGIN
1070
    73
1070
     1
1070
    44
1040
1.0
1070
    74
1070
     0
1000
MTEXTEND
  0
LWPOLYLINE
  5
157
330
1F
100
AcDbEntity
  8
mn-22030-13
 62
     2
100
AcDbPolyline
 90
       18
 70
     1
 43
0.0
 10
3400.452454233776
 20
1508.9999998275
 42
0.4142135696664456
 10
3397.452454233765
 20
1511.9999998275
 10
3323.452454233765
 20
1511.9999998275
 42
0.4142135886472539
 10
3320.452454233776
 20
1508.9999998275
 10
3320.452454233776
 20
1461.9999998275
 10
3356.452454233776
 20
1461.9999998275
 10
3356.452454233776
 20
1441.999999827508
 10
3380.452454233765
 20
1441.999999827508
 10
3380.452454233765
 20
1421.999999827508
 10
3388.452454233764
 20
1421.999999827508
 10
3388.452454233764
 20
1401.9999998275
 10
3404.452454233765
 20
1401.9999998275
 10
3404.452454233765
 20
1381.9999998275
 10
3417.452454233776
 20
1381.9999998275
 42
0.4142135696121029
 10
3420.452454233764
 20
1384.9999998275
 10
3420.452454233764
 20
1478.999999827508
 42
0.4142135717908645
 10
3417.452454233776
 20
1481.9999998275
 10
3400.452454233776
 20
1481.9999998275
  0
MTEXT
  5
158
330
1F
100
AcDbEntity
  8
Texto
 62
     2
100
AcDbMText
 10
3417.920974198955
 20
1475.363873041379
 30
0.0
 40
10.0
 41
127.008849587226
 71
     1
 72
     5
  1
mn-22030-13
 11
-0.0000000000000002
 21
-1.0
 31
0.0
 73
     1
 44
1.0
1001
ACAD
1000
MTEXTBEGIN
1070
    73
1070
     1
1070
    44
1040
1.0
1070
    74
1070
     0
1000
MTEXTEND
  0
LWPOLYLINE
  5
159
330
1F
100
AcDbEntity
  8
13318985
 62
     4
100
AcDbPolyline
 90
       12
 70
     1
 43
0.0
 10
3656.607222178994
 20
1404.999999827501
 10
3656.607222178994
 20
1578.999999827501
 42
0.4142135642571462
 10
3653.607222179009
 20
1581.99999982749
 10
3359.607222178995
 20
1581.99999982749
 42
0.4142135962401106
 10
3356.607222179009
 20
1578.999999827501
 10
3356.607222179009
 20
1534.9999998275
 42
0.4142135666009997
 10
3359.607222178995
 20
1531.999999827489
 10
3603.607222178994
 20
1531.999999827489
 42
-0.4142135678192664
 10
3606.607222179009
 20
1528.999999827501
 10
3606.607222179009
 20
1404.999999827501
 42
0.4142135655746634
 10
3609.607222179009
 20
1401.9999998275
 10
3653.607222179009
 20
1401.9999998275
 42
0.41421354399494
  0
CIRCLE
  5
15A
330
1F
100
AcDbEntity
  8
13318985
 62
     4
100
AcDbCircle
 10
3521.607222179009
 20
1556.999999827489
 30
0.0
 40
9.0
  0
CIRCLE
  5
15B
330
1F
100
AcDbEntity
  8
13318985
 62
     4
100
AcDbCircle
 10
3381.607222179009
 20
1556.999999827489
 30
0.0
 40
9.0
  0
MTEXT
  5
15C
330
1F
100
AcDbEntity
  8
Texto
 62
     4
100
AcDbMText
 10
3632.974358235915
 20
1544.9154686311
 30
0.0
 40
10.0
 41
58.45220318102656
 71
     1
 72
     5
  1
13318985 pos.38
 11
-1.0
 21
0.0000000000000001
 31
0.0
 73
     1
 44
1.0
1001
ACAD
1000
MTEXTBEGIN
1070
    73
1070
     1
1070
    44
1040
1.0
1070
    74
1070
     0
1000
MTEXTEND
  0
LWPOLYLINE
  5
15D
330
1F
100
AcDbEntity
  8
MN-25219 15
 62
     4
100
AcDbPolyline
 90
       15
 70
     1
 43
0.0
 10
4016.336705324987
 20
1406.9999998275
 10
4084.336705324988
 20
1406.9999998275
 10
4104.336705324987
 20
1426.999999827489
 10
4104.336705324987
 20
1488.9999998275
 42
0.4142135684184103
 10
4101.336705324979
 20
1491.9999998275
 10
4076.336705324988
 20
1491.9999998275
 10
4076.336705324988
 20
1471.9999998275
 10
4057.336705324988
 20
1471.9999998275
 10
4057.336705324988
 20
1461.9999998275
 10
4046.336705324987
 20
1461.9999998275
 10
4046.336705324987
 20
1451.9999998275
 10
4030.336705324987
 20
1451.9999998275
 10
4030.336705324987
 20
1441.999999827489
 10
4013.336705324981
 20
1441.999999827489
 10
4013.336705324981
 20
1409.9999998275
 42
0.4142135932415714
  0
MTEXT
  5
15E
102
{ACAD_XDICTIONARY
360
6E9
102
}
330
1F
100
AcDbEntity
  8
Texto
 62
     4
100
AcDbMText
 10
4018.270463125801
 20
1437.824026176959
 30
0.0
 40
10.0
 41
85.24053142484991
 71
     1
 72
     5
  1
MN-25219 15\Ppos.1
 73
     1
 44
1.0
1001
ACAD
1000
MTEXTBEGIN
1070
    73
1070
     1
1070
    44
1040
1.0
1070
    74
1070
     0
1000
MTEXTEND
  0
LWPOLYLINE
  5
15F
330
1F
100
AcDbEntity
  8
13461382
 62
     4
100
AcDbPolyline
 90
       12
 70
     1
 43
0.0
 10
3214.357222178995
 20
1541.5791288275
 42
0.3419986974925218
 10
3216.607222199431
 20
1544.483866321348
 10
3216.607222442267
 20
1578.999999551674
 42
0.414213568698958
 10
3213.607222463372
 20
1581.99999957278
 10
3176.607222463372
 20
1581.99999983309
 42
0.4142135630248722
 10
3166.607222393018
 20
1571.999999903444
 10
3166.607221569874
 20
1454.999999903444
 42
0.4142135649131344
 10
3176.60722149952
 20
1444.999999833076
 10
3213.60722149952
 20
1444.999999572765
 42
0.4142135998078473
 10
3216.607221520626
 20
1447.999999551673
 10
3216.607221763462
 20
1482.516132782027
 42
0.3419987326944569
 10
3214.357221783898
 20
1485.420870307491
 42
-0.7745966699388363
  0
CIRCLE
  5
160
330
1F
100
AcDbEntity
  8
13461382
 62
     4
100
AcDbCircle
 10
3186.607222122154
 20
1533.499999762736
 30
0.0
 40
6.0
  0
CIRCLE
  5
161
330
1F
100
AcDbEntity
  8
13461382
 62
     4
100
AcDbCircle
 10
3186.607221840737
 20
1493.499999762736
 30
0.0
 40
6.0
  0
MTEXT
  5
162
330
1F
100
AcDbEntity
  8
Texto
 62
     4
100
AcDbMText
 10
3193.786120907125
 20
1570.126122474736
 30
0.0
 40
8.0
 41
29.53226223396996
 71
     1
 72
     5
  1
12654584\Ppos3
 11
-0.0000000070358512
 21
-1.0
 31
0.0
 73
     1
 44
1.0
1001
ACAD
1000
MTEXTBEGIN
1070
    73
1070
     1
1070
    44
1040
1.0
1070
    74
1070
     0
1000
MTEXTEND
  0
LWPOLYLINE
  5
163
330
1F
100
AcDbEntity
  8
mn-22030-13
 62
     3
100
AcDbPolyline
 90
       18
 70
     1
 43
0.0
 10
3256.607222178995
 20
1578.9999998275
 10
3256.607222178995
 20
1551.9999998275
 10
3239.607222178995
 20
1551.9999998275
 42
0.4142135423169597
 10
3236.607222179002
 20
1548.9999998275
 10
3236.607222179002
 20
1454.9999998275
 42
0.4142135947630952
 10
3239.607222178995
 20
1451.9999998275
 10
3252.607222178995
 20
1451.9999998275
 10
3252.607222178995
 20
1471.9999998275
 10
3268.607222178995
 20
1471.9999998275
 10
3268.607222178995
 20
1491.9999998275
 10
3276.607222179001
 20
1491.9999998275
 10
3276.607222179001
 20
1511.9999998275
 10
3300.607222178995
 20
1511.9999998275
 10
3300.607222178995
 20
1531.9999998275
 10
3336.607222178995
 20
1531.9999998275
 10
3336.607222178995
 20
1578.9999998275
 42
0.4142135860155491
 10
3333.607222179001
 20
1581.9999998275
 10
3259.607222179002
 20
1581.9999998275
 42
0.4142135533453799
  0
MTEXT
  5
164
330
1F
100
AcDbEntity
  8
Texto
 62
     3
100
AcDbMText
 10
3238.838814482144
 20
1463.42357405633
 30
0.0
 40
10.0
 41
127.008849587226
 71
     1
 72
     5
  1
mn-22030-13
 11
0.0000000000000001
 21
1.0
 31
0.0
 73
     1
 44
1.0
1001
ACAD
1000
MTEXTBEGIN
1070
    73
1070
     1
1070
    44
1040
1.0
1070
    74
1070
     0
1000
MTEXTEND
  0
LWPOLYLINE
  5
165
330
1F
100
AcDbEntity
  8
0
 62
     4
100
AcDbPolyline
 90
       30
 70
     1
 43
0.0
 10
3978.964696723053
 20
1538.9999998275
 42
0.4142135511551195
 10
3981.964696723053
 20
1535.9999998275
 10
3999.964696723053
 20
1535.9999998275
 10
3999.964696723053
 20
1464.9999998275
 42
0.4142135699336962
 10
4002.964696723052
 20
1461.999999827489
 10
4012.964696723052
 20
1461.999999827489
 10
4012.964696723052
 20
1476.9999998275
 10
4022.964696723053
 20
1476.9999998275
 10
4022.964696723053
 20
1486.999999827489
 10
4034.964696723045
 20
1486.999999827489
 10
4034.964696723045
 20
1496.9999998275
 10
4047.964696723052
 20
1496.9999998275
 10
4047.964696723052
 20
1506.9999998275
 10
4062.964696723052
 20
1506.9999998275
 10
4062.964696723052
 20
1516.9999998275
 10
4079.964696723052
 20
1516.9999998275
 10
4079.964696723052
 20
1526.999999827489
 10
4099.964696723053
 20
1526.999999827489
 10
4099.964696723053
 20
1541.999999827489
 10
4135.964696723053
 20
1541.999999827489
 10
4135.964696723053
 20
1551.999999827489
 10
4164.964696723052
 20
1551.999999827489
 10
4164.964696723052
 20
1561.9999998275
 10
4201.964696723052
 20
1561.9999998275
 10
4201.964696723052
 20
1571.9999998275
 10
4251.964696723052
 20
1571.9999998275
 10
4251.964696723052
 20
1578.9999998275
 42
0.4142135654595851
 10
4248.964696723052
 20
1581.999999827489
 10
3981.964696723053
 20
1581.999999827489
 42
0.4142135365913958
 10
3978.964696723053
 20
1578.9999998275
  0
MTEXT
  5
166
330
1F
100
AcDbEntity
  8
Texto
 62
     4
100
AcDbMText
 10
4118.442784244567
 20
1557.96567190278
 30
0.0
 40
10.0
 41
122.8748579127441
 71
     1
 72
     5
  1
13652725 pos2
 11
-1.0
 21
0.0000000000000001
 31
0.0
 73
     1
 44
1.0
1001
ACAD
1000
MTEXTBEGIN
1070
    73
1070
     1
1070
    44
1040
1.0
1070
    74
1070
     0
1000
MTEXTEND
  0
LWPOLYLINE
  5
167
330
1F
100
AcDbEntity
  8
13652725
 62
     4
100
AcDbPolyline
 90
       30
 70
     1
 43
0.0
 10
4866.459232223101
 20
1561.0953068275
 10
4821.039039591183
 20
1581.999997719227
 10
4818.112382866339
 20
1575.641170750757
 42
0.4142135370797049
 10
4819.583312970752
 20
1571.661677739337
 10
5012.164929730118
 20
1483.025788358406
 42
0.4142135770264481
 10
5016.144422741529
 20
1484.496718462821
 10
5033.704363090583
 20
1522.649680273638
 10
5061.864882522383
 20
1509.688771920763
 42
0.4142135928614403
 10
5065.844375533796
 20
1511.159702025178
 10
5094.692848964381
 20
1573.839567857236
 42
0.4142135899836801
 10
5093.221918859978
 20
1577.819060868653
 10
5084.137880333592
 20
1581.999999046998
 10
5077.866473066073
 20
1568.37394125742
 10
5068.782434539688
 20
1572.554879435766
 10
5064.601496361342
 20
1563.470840909381
 10
5053.700650129679
 20
1568.487966723396
 10
5049.519711951334
 20
1559.403928197011
 10
5037.710461867033
 20
1564.83914782886
 10
5033.529523688687
 20
1555.755109302475
 10
5019.90346589911
 20
1562.026516569994
 10
5015.722527720765
 20
1552.942478043608
 10
5000.279662225903
 20
1560.0500729468
 10
4996.098724047556
 20
1550.966034420414
 10
4977.930646994793
 20
1559.327910777103
 10
4971.659239727274
 20
1545.701852987525
 10
4938.956701032287
 20
1560.75323042957
 10
4934.775762853941
 20
1551.669191903185
 10
4908.432051127425
 20
1563.793912620388
 10
4904.251112949078
 20
1554.709874094003
 10
4870.640170401447
 20
1570.179345353886
  0
MTEXT
  5
168
330
1F
100
AcDbEntity
  8
Texto
 62
     4
100
AcDbMText
 10
4919.547943290478
 20
1546.952454358017
 30
0.0
 40
10.0
 41
122.8748579127441
 71
     1
 72
     5
  1
13652725 pos1
 11
0.9084038526386336
 21
-0.4180938178343323
 31
0.0
 73
     1
 44
1.0
1001
ACAD
1000
MTEXTBEGIN
1070
    73
1070
     1
1070
    44
1040
1.0
1070
    74
1070
     0
1000
MTEXTEND
  0
LWPOLYLINE
  5
169
330
1F
100
AcDbEntity
  8
5606330
 62
     4
100
AcDbPolyline
 90
       17
 70
     1
 43
0.0
 10
4394.916761378149
 20
1578.9999998275
 42
0.4142135859456896
 10
4391.916761378157
 20
1581.9999998275
 10
4293.916761378149
 20
1581.9999998275
 42
0.4142135792533252
 10
4290.916761378149
 20
1578.9999998275
 10
4290.916761378149
 20
1504.9999998275
 42
0.4142135822274455
 10
4293.916761378149
 20
1501.9999998275
 10
4322.916761378156
 20
1501.9999998275
 10
4322.916761378156
 20
1516.9999998275
 10
4331.916761378149
 20
1516.9999998275
 10
4331.916761378149
 20
1526.9999998275
 10
4342.916761378149
 20
1526.9999998275
 10
4342.916761378149
 20
1536.9999998275
 10
4356.916761378149
 20
1536.9999998275
 10
4356.916761378149
 20
1546.9999998275
 10
4376.916761378157
 20
1546.9999998275
 10
4376.916761378157
 20
1556.9999998275
 10
4394.916761378149
 20
1556.9999998275
  0
MTEXT
  5
16A
330
1F
100
AcDbEntity
  8
Texto
 62
     4
100
AcDbMText
 10
4355.483079631212
 20
1572.181216540537
 30
0.0
 40
5.0
 41
8.291839852514385
 71
     1
 72
     5
  1
5906330pos.7
 11
-1.0
 21
0.0000000000000001
 31
0.0
 73
     1
 44
1.0
1001
ACAD
1000
MTEXTBEGIN
1070
    73
1070
     1
1070
    44
1040
1.0
1070
    74
1070
     0
1000
MTEXTEND
  0
LWPOLYLINE
  5
16B
330
1F
100
AcDbEntity
  8
13461382
 62
     4
100
AcDbPolyline
 90
       12
 70
     1
 43
0.0
 10
2939.57912931052
 20
1534.2499998275
 42
0.3419987210918953
 10
2942.483866820154
 20
1531.9999998275
 10
2977.000000050509
 20
1531.9999998275
 42
0.4142135262721815
 10
2980.000000050509
 20
1534.9999998275
 10
2980.000000050509
 20
1571.9999998275
 42
0.4142135629826901
 10
2970.000000050509
 20
1581.9999998275
 10
2853.000000050516
 20
1581.9999998275
 42
0.4142135633861499
 10
2843.000000050509
 20
1571.9999998275
 10
2843.000000050509
 20
1534.9999998275
 42
0.4142135757720748
 10
2846.000000050516
 20
1531.9999998275
 10
2880.516133280833
 20
1531.9999998275
 42
0.3419987268384357
 10
2883.420870790504
 20
1534.2499998275
 42
-0.77459666896908
  0
CIRCLE
  5
16C
330
1F
100
AcDbEntity
  8
13461382
 62
     4
100
AcDbCircle
 10
2931.500000050509
 20
1561.9999998275
 30
0.0
 40
6.0
  0
CIRCLE
  5
16D
330
1F
100
AcDbEntity
  8
13461382
 62
     4
100
AcDbCircle
 10
2891.500000050516
 20
1561.9999998275
 30
0.0
 40
6.0
  0
MTEXT
  5
16E
330
1F
100
AcDbEntity
  8
Texto
 62
     4
100
AcDbMText
 10
2968.126122812987
 20
1554.821101300209
 30
0.0
 40
8.0
 41
29.53226223396996
 71
     1
 72
     5
  1
12654584\Ppos3
 11
-1.0
 21
0.0000000000000001
 31
0.0
 73
     1
 44
1.0
1001
ACAD
1000
MTEXTBEGIN
1070
    73
1070
     1
1070
    44
1040
1.0
1070
    74
1070
     0
1000
MTEXTEND
  0
LWPOLYLINE
  5
16F
330
1F
100
AcDbEntity
  8
Stats
 62
   151
100
AcDbPolyline
 90
        5
 70
     1
 43
0.0
 10
2625.00000021
 20
-25.0
 10
2875.00000021
 20
-25.0
 10
2875.00000021
 20
-105.0
 10
2625.00000021
 20
-105.0
 10
2625.00000021
 20
-25.0
  0
TEXT
  5
170
330
1F
100
AcDbEntity
  8
Stats
 62
    60
100
AcDbText
 10
2627.00000021
 20
-37.0
 30
0.0
 40
10.0
  1
Production Qty: 1
100
AcDbText
  0
TEXT
  5
171
330
1F
100
AcDbEntity
  8
Stats
 62
    60
100
AcDbText
 10
2627.00000021
 20
-49.0
 30
0.0
 40
10.0
  1
Sheet 2 (2500,00 x 1600,00)
100
AcDbText
  0
TEXT
  5
172
330
1F
100
AcDbEntity
  8
Stats
 62
    60
100
AcDbText
 10
2627.00000021
 20
-61.0
 30
0.0
 40
10.0
  1
Parts Nested: 67
100
AcDbText
  0
TEXT
  5
173
330
1F
100
AcDbEntity
  8
Stats
 62
    60
100
AcDbText
 10
2627.00000021
 20
-73.0
 30
0.0
 40
10.0
  1
Util (Nest): 66,06%
100
AcDbText
  0
TEXT
  5
174
330
1F
100
AcDbEntity
  8
Stats
 62
    60
100
AcDbText
 10
2627.00000021
 20
-85.0
 30
0.0
 40
10.0
  1
Util (Sheet): 54,48%
100
AcDbText
  0
TEXT
  5
175
330
1F
100
AcDbEntity
  8
Stats
 62
    60
100
AcDbText
 10
2627.00000021
 20
-97.0
 30
0.0
 40
10.0
  1
Cut Distance: 59582,57mm
100
AcDbText
  0
LWPOLYLINE
  5
3F9
330
1F
100
AcDbEntity
  8
Rebaixo
 62
     1
100
AcDbPolyline
 90
        4
 70
     1
 43
0.0
 10
4806.82285764997
 20
1221.98307342385
 10
5116.898632625265
 20
1221.98307342385
 10
5116.898632625265
 20
961.9830734238503
 10
4806.82285764997
 20
961.9830734238503
 42
0.3467367305791819
  0
MTEXT
  5
3FA
330
1F
100
AcDbEntity
  8
Rebaixo
 62
     1
100
AcDbMText
 10
4964.429371235457
 20
1141.94721755921
 30
0.0
 40
10.0
 41
70.51699368284244
 71
     1
 72
     5
  1
reb 15
 73
     1
 44
1.0
1001
ACAD
1000
ACAD_MTEXT_COLUMN_INFO_BEGIN
1070
    75
1070
     2
1070
    79
1070
     0
1070
    76
1070
     1
1070
    78
1070
     0
1070
    48
1040
70.51699368284244
1070
    49
1040
12.5
1070
    50
1070
     1
1040
0.0
1000
ACAD_MTEXT_COLUMN_INFO_END
1000
MTEXTBEGIN
1070
    73
1070
     1
1070
    44
1040
1.0
1070
    74
1070
     0
1000
MTEXTEND
  0
LINE
  5
3FB
330
1F
100
AcDbEntity
  8
Chanfro
 62
     1
100
AcDbLine
 10
4819.633851791967
 20
1245.98307342385
 30
0.0
 11
4819.633851791967
 21
1215.98307342385
 31
0.0
  0
LINE
  5
3FC
330
1F
100
AcDbEntity
  8
Chanfro
 62
     1
100
AcDbLine
 10
4829.633851791967
 20
1245.98307342385
 30
0.0
 11
4829.633851791967
 21
1215.98307342385
 31
0.0
  0
LINE
  5
3FD
330
1F
100
AcDbEntity
  8
Chanfro
 62
     1
100
AcDbLine
 10
4839.633851791966
 20
1245.98307342385
 30
0.0
 11
4839.633851791966
 21
1215.98307342385
 31
0.0
  0
LINE
  5
3FE
330
1F
100
AcDbEntity
  8
Chanfro
 62
     1
100
AcDbLine
 10
4849.633851791967
 20
1245.98307342385
 30
0.0
 11
4849.633851791967
 21
1215.98307342385
 31
0.0
  0
LINE
  5
3FF
330
1F
100
AcDbEntity
  8
Chanfro
 62
     1
100
AcDbLine
 10
4859.633851791967
 20
1245.98307342385
 30
0.0
 11
4859.633851791967
 21
1215.98307342385
 31
0.0
  0
LINE
  5
400
330
1F
100
AcDbEntity
  8
Chanfro
 62
     1
100
AcDbLine
 10
4869.633851791967
 20
1245.98307342385
 30
0.0
 11
4869.633851791967
 21
1215.98307342385
 31
0.0
  0
LINE
  5
401
330
1F
100
AcDbEntity
  8
Chanfro
 62
     1
100
AcDbLine
 10
4879.633851791966
 20
1245.98307342385
 30
0.0
 11
4879.633851791966
 21
1215.98307342385
 31
0.0
  0
LINE
  5
402
330
1F
100
AcDbEntity
  8
Chanfro
 62
     1
100
AcDbLine
 10
4889.633851791966
 20
1245.98307342385
 30
0.0
 11
4889.633851791966
 21
1215.98307342385
 31
0.0
  0
LINE
  5
403
330
1F
100
AcDbEntity
  8
Chanfro
 62
     1
100
AcDbLine
 10
4899.633851791967
 20
1245.98307342385
 30
0.0
 11
4899.633851791967
 21
1215.98307342385
 31
0.0
  0
LINE
  5
404
330
1F
100
AcDbEntity
  8
Chanfro
 62
     1
100
AcDbLine
 10
4909.633851791967
 20
1245.98307342385
 30
0.0
 11
4909.633851791967
 21
1215.98307342385
 31
0.0
  0
LINE
  5
405
330
1F
100
AcDbEntity
  8
Chanfro
 62
     1
100
AcDbLine
 10
4919.633851791967
 20
1245.98307342385
 30
0.0
 11
4919.633851791967
 21
1215.98307342385
 31
0.0
  0
LINE
  5
406
330
1F
100
AcDbEntity
  8
Chanfro
 62
     1
100
AcDbLine
 10
4929.633851791966
 20
1245.98307342385
 30
0.0
 11
4929.633851791966
 21
1215.98307342385
 31
0.0
  0
LINE
  5
407
330
1F
100
AcDbEntity
  8
Chanfro
 62
     1
100
AcDbLine
 10
4939.633851791967
 20
1245.98307342385
 30
0.0
 11
4939.633851791967
 21
1215.98307342385
 31
0.0
  0
LINE
  5
408
330
1F
100
AcDbEntity
  8
Chanfro
 62
     1
100
AcDbLine
 10
4949.633851791967
 20
1245.98307342385
 30
0.0
 11
4949.633851791967
 21
1215.98307342385
 31
0.0
  0
LINE
  5
409
330
1F
100
AcDbEntity
  8
Chanfro
 62
     1
100
AcDbLine
 10
4959.633851791966
 20
1245.98307342385
 30
0.0
 11
4959.633851791966
 21
1215.98307342385
 31
0.0
  0
LINE
  5
40A
330
1F
100
AcDbEntity
  8
Chanfro
 62
     1
100
AcDbLine
 10
4969.633851791967
 20
1245.98307342385
 30
0.0
 11
4969.633851791967
 21
1215.98307342385
 31
0.0
  0
LINE
  5
40B
330
1F
100
AcDbEntity
  8
Chanfro
 62
     1
100
AcDbLine
 10
4979.633851791966
 20
1245.98307342385
 30
0.0
 11
4979.633851791966
 21
1215.98307342385
 31
0.0
  0
LINE
  5
40C
330
1F
100
AcDbEntity
  8
Chanfro
 62
     1
100
AcDbLine
 10
4989.633851791967
 20
1245.98307342385
 30
0.0
 11
4989.633851791967
 21
1215.98307342385
 31
0.0
  0
LINE
  5
40D
330
1F
100
AcDbEntity
  8
Chanfro
 62
     1
100
AcDbLine
 10
4999.633851791966
 20
1245.98307342385
 30
0.0
 11
4999.633851791966
 21
1215.98307342385
 31
0.0
  0
LINE
  5
40E
330
1F
100
AcDbEntity
  8
Chanfro
 62
     1
100
AcDbLine
 10
5009.633851791967
 20
1245.98307342385
 30
0.0
 11
5009.633851791967
 21
1215.98307342385
 31
0.0
  0
LINE
  5
40F
330
1F
100
AcDbEntity
  8
Chanfro
 62
     1
100
AcDbLine
 10
5019.633851791967
 20
1245.98307342385
 30
0.0
 11
5019.633851791967
 21
1215.98307342385
 31
0.0
  0
LINE
  5
410
330
1F
100
AcDbEntity
  8
Chanfro
 62
     1
100
AcDbLine
 10
5029.633851791967
 20
1245.98307342385
 30
0.0
 11
5029.633851791967
 21
1215.98307342385
 31
0.0
  0
LINE
  5
411
330
1F
100
AcDbEntity
  8
Chanfro
 62
     1
100
AcDbLine
 10
5039.633851791966
 20
1245.98307342385
 30
0.0
 11
5039.633851791966
 21
1215.98307342385
 31
0.0
  0
LINE
  5
412
330
1F
100
AcDbEntity
  8
Chanfro
 62
     1
100
AcDbLine
 10
5049.633851791966
 20
1245.98307342385
 30
0.0
 11
5049.633851791966
 21
1215.98307342385
 31
0.0
  0
LINE
  5
413
330
1F
100
AcDbEntity
  8
Chanfro
 62
     1
100
AcDbLine
 10
5059.633851791967
 20
1245.98307342385
 30
0.0
 11
5059.633851791967
 21
1215.98307342385
 31
0.0
  0
LINE
  5
414
330
1F
100
AcDbEntity
  8
Chanfro
 62
     1
100
AcDbLine
 10
5069.633851791967
 20
1245.98307342385
 30
0.0
 11
5069.633851791967
 21
1215.98307342385
 31
0.0
  0
LINE
  5
415
330
1F
100
AcDbEntity
  8
Chanfro
 62
     1
100
AcDbLine
 10
5079.633851791967
 20
1245.98307342385
 30
0.0
 11
5079.633851791967
 21
1215.98307342385
 31
0.0
  0
LINE
  5
416
330
1F
100
AcDbEntity
  8
Chanfro
 62
     1
100
AcDbLine
 10
5089.633851791966
 20
1245.98307342385
 30
0.0
 11
5089.633851791966
 21
1215.98307342385
 31
0.0
  0
LINE
  5
417
330
1F
100
AcDbEntity
  8
Chanfro
 62
     1
100
AcDbLine
 10
5099.633851791967
 20
1245.98307342385
 30
0.0
 11
5099.633851791967
 21
1215.98307342385
 31
0.0
  0
MTEXT
  5
418
330
1F
100
AcDbEntity
  8
Chanfro
 62
     1
100
AcDbMText
 10
4959.633851791966
 20
1230.98307342385
 30
0.0
 40
10.0
 41
80.20800570937353
 71
     1
 72
     5
  1
ch 0+10
 73
     1
 44
1.0
1001
ACAD
1000
ACAD_MTEXT_COLUMN_INFO_BEGIN
1070
    75
1070
     2
1070
    79
1070
     0
1070
    76
1070
     1
1070
    78
1070
     0
1070
    48
1040
80.20800570937353
1070
    49
1040
12.5
1070
    50
1070
     1
1040
0.0
1000
ACAD_MTEXT_COLUMN_INFO_END
1000
MTEXTBEGIN
1070
    73
1070
     1
1070
    44
1040
1.0
1070
    74
1070
     0
1000
MTEXTEND
  0
LINE
  5
419
330
1F
100
AcDbEntity
  8
Chanfro
 62
     1
100
AcDbLine
 10
4819.633851791967
 20
937.9830734238502
 30
0.0
 11
4819.633851791967
 21
967.9830734238503
 31
0.0
  0
LINE
  5
41A
330
1F
100
AcDbEntity
  8
Chanfro
 62
     1
100
AcDbLine
 10
4829.633851791967
 20
937.9830734238502
 30
0.0
 11
4829.633851791967
 21
967.9830734238503
 31
0.0
  0
LINE
  5
41B
330
1F
100
AcDbEntity
  8
Chanfro
 62
     1
100
AcDbLine
 10
4839.633851791966
 20
937.9830734238502
 30
0.0
 11
4839.633851791966
 21
967.9830734238503
 31
0.0
  0
LINE
  5
41C
330
1F
100
AcDbEntity
  8
Chanfro
 62
     1
100
AcDbLine
 10
4849.633851791967
 20
937.9830734238502
 30
0.0
 11
4849.633851791967
 21
967.9830734238503
 31
0.0
  0
LINE
  5
41D
330
1F
100
AcDbEntity
  8
Chanfro
 62
     1
100
AcDbLine
 10
4859.633851791967
 20
937.9830734238502
 30
0.0
 11
4859.633851791967
 21
967.9830734238503
 31
0.0
  0
LINE
  5
41E
330
1F
100
AcDbEntity
  8
Chanfro
 62
     1
100
AcDbLine
 10
4869.633851791967
 20
937.9830734238502
 30
0.0
 11
4869.633851791967
 21
967.9830734238503
 31
0.0
  0
LINE
  5
41F
330
1F
100
AcDbEntity
  8
Chanfro
 62
     1
100
AcDbLine
 10
4879.633851791966
 20
937.9830734238502
 30
0.0
 11
4879.633851791966
 21
967.9830734238503
 31
0.0
  0
LINE
  5
420
330
1F
100
AcDbEntity
  8
Chanfro
 62
     1
100
AcDbLine
 10
4889.633851791966
 20
937.9830734238502
 30
0.0
 11
4889.633851791966
 21
967.9830734238503
 31
0.0
  0
LINE
  5
421
330
1F
100
AcDbEntity
  8
Chanfro
 62
     1
100
AcDbLine
 10
4899.633851791967
 20
937.9830734238502
 30
0.0
 11
4899.633851791967
 21
967.9830734238503
 31
0.0
  0
LINE
  5
422
330
1F
100
AcDbEntity
  8
Chanfro
 62
     1
100
AcDbLine
 10
4909.633851791967
 20
937.9830734238502
 30
0.0
 11
4909.633851791967
 21
967.9830734238503
 31
0.0
  0
LINE
  5
423
330
1F
100
AcDbEntity
  8
Chanfro
 62
     1
100
AcDbLine
 10
4919.633851791967
 20
937.9830734238502
 30
0.0
 11
4919.633851791967
 21
967.9830734238503
 31
0.0
  0
LINE
  5
424
330
1F
100
AcDbEntity
  8
Chanfro
 62
     1
100
AcDbLine
 10
4929.633851791966
 20
937.9830734238502
 30
0.0
 11
4929.633851791966
 21
967.9830734238503
 31
0.0
  0
LINE
  5
425
330
1F
100
AcDbEntity
  8
Chanfro
 62
     1
100
AcDbLine
 10
4939.633851791967
 20
937.9830734238502
 30
0.0
 11
4939.633851791967
 21
967.9830734238503
 31
0.0
  0
LINE
  5
426
330
1F
100
AcDbEntity
  8
Chanfro
 62
     1
100
AcDbLine
 10
4949.633851791967
 20
937.9830734238502
 30
0.0
 11
4949.633851791967
 21
967.9830734238503
 31
0.0
  0
LINE
  5
427
330
1F
100
AcDbEntity
  8
Chanfro
 62
     1
100
AcDbLine
 10
4959.633851791966
 20
937.9830734238502
 30
0.0
 11
4959.633851791966
 21
967.9830734238503
 31
0.0
  0
LINE
  5
428
330
1F
100
AcDbEntity
  8
Chanfro
 62
     1
100
AcDbLine
 10
4969.633851791967
 20
937.9830734238502
 30
0.0
 11
4969.633851791967
 21
967.9830734238503
 31
0.0
  0
LINE
  5
429
330
1F
100
AcDbEntity
  8
Chanfro
 62
     1
100
AcDbLine
 10
4979.633851791966
 20
937.9830734238502
 30
0.0
 11
4979.633851791966
 21
967.9830734238503
 31
0.0
  0
LINE
  5
42A
330
1F
100
AcDbEntity
  8
Chanfro
 62
     1
100
AcDbLine
 10
4989.633851791967
 20
937.9830734238502
 30
0.0
 11
4989.633851791967
 21
967.9830734238503
 31
0.0
  0
LINE
  5
42B
330
1F
100
AcDbEntity
  8
Chanfro
 62
     1
100
AcDbLine
 10
4999.633851791966
 20
937.9830734238502
 30
0.0
 11
4999.633851791966
 21
967.9830734238503
 31
0.0
  0
LINE
  5
42C
330
1F
100
AcDbEntity
  8
Chanfro
 62
     1
100
AcDbLine
 10
5009.633851791967
 20
937.9830734238502
 30
0.0
 11
5009.633851791967
 21
967.9830734238503
 31
0.0
  0
LINE
  5
42D
330
1F
100
AcDbEntity
  8
Chanfro
 62
     1
100
AcDbLine
 10
5019.633851791967
 20
937.9830734238502
 30
0.0
 11
5019.633851791967
 21
967.9830734238503
 31
0.0
  0
LINE
  5
42E
330
1F
100
AcDbEntity
  8
Chanfro
 62
     1
100
AcDbLine
 10
5029.633851791967
 20
937.9830734238502
 30
0.0
 11
5029.633851791967
 21
967.9830734238503
 31
0.0
  0
LINE
  5
42F
330
1F
100
AcDbEntity
  8
Chanfro
 62
     1
100
AcDbLine
 10
5039.633851791966
 20
937.9830734238502
 30
0.0
 11
5039.633851791966
 21
967.9830734238503
 31
0.0
  0
LINE
  5
430
330
1F
100
AcDbEntity
  8
Chanfro
 62
     1
100
AcDbLine
 10
5049.633851791966
 20
937.9830734238502
 30
0.0
 11
5049.633851791966
 21
967.9830734238503
 31
0.0
  0
LINE
  5
431
330
1F
100
AcDbEntity
  8
Chanfro
 62
     1
100
AcDbLine
 10
5059.633851791967
 20
937.9830734238502
 30
0.0
 11
5059.633851791967
 21
967.9830734238503
 31
0.0
  0
LINE
  5
432
330
1F
100
AcDbEntity
  8
Chanfro
 62
     1
100
AcDbLine
 10
5069.633851791967
 20
937.9830734238502
 30
0.0
 11
5069.633851791967
 21
967.9830734238503
 31
0.0
  0
LINE
  5
433
330
1F
100
AcDbEntity
  8
Chanfro
 62
     1
100
AcDbLine
 10
5079.633851791967
 20
937.9830734238502
 30
0.0
 11
5079.633851791967
 21
967.9830734238503
 31
0.0
  0
LINE
  5
434
330
1F
100
AcDbEntity
  8
Chanfro
 62
     1
100
AcDbLine
 10
5089.633851791966
 20
937.9830734238502
 30
0.0
 11
5089.633851791966
 21
967.9830734238503
 31
0.0
  0
LINE
  5
435
330
1F
100
AcDbEntity
  8
Chanfro
 62
     1
100
AcDbLine
 10
5099.633851791967
 20
937.9830734238502
 30
0.0
 11
5099.633851791967
 21
967.9830734238503
 31
0.0
  0
MTEXT
  5
436
330
1F
100
AcDbEntity
  8
Chanfro
 62
     1
100
AcDbMText
 10
4959.633851791966
 20
952.9830734238503
 30
0.0
 40
10.0
 41
80.20800570937353
 71
     7
 72
     5
  1
ch 0+10
 73
     1
 44
1.0
1001
ACAD
1000
ACAD_MTEXT_COLUMN_INFO_BEGIN
1070
    75
1070
     2
1070
    79
1070
     0
1070
    76
1070
     1
1070
    78
1070
     0
1070
    48
1040
80.20800570937353
1070
    49
1040
12.5
1070
    50
1070
     1
1040
0.0
1000
ACAD_MTEXT_COLUMN_INFO_END
1000
MTEXTBEGIN
1070
    73
1070
     1
1070
    44
1040
1.0
1070
    74
1070
     0
1000
MTEXTEND
  0
LWPOLYLINE
  5
4FD
330
1F
100
AcDbEntity
  8
Rebaixo
 62
     2
100
AcDbPolyline
 90
        4
 70
     1
 43
0.0
 10
3952.385489745392
 20
423.2609172354427
 42
-0.1666666666666667
 10
3832.385489745392
 20
423.2609172354427
 10
3832.385489745392
 20
233.2609172354428
 10
3952.385489745392
 20
233.2609172354428
  0
LINE
  5
4FF
330
1F
100
AcDbEntity
  8
Chanfro
 62
     2
100
AcDbLine
 10
4021.385489745392
 20
248.2609172354423
 30
0.0
 11
3946.385489745392
 21
248.2609172354428
 31
0.0
  0
LINE
  5
500
330
1F
100
AcDbEntity
  8
Chanfro
 62
     2
100
AcDbLine
 10
4021.385489745392
 20
258.2609172354423
 30
0.0
 11
3946.385489745392
 21
258.2609172354428
 31
0.0
  0
LINE
  5
501
330
1F
100
AcDbEntity
  8
Chanfro
 62
     2
100
AcDbLine
 10
4021.385489745392
 20
268.2609172354423
 30
0.0
 11
3946.385489745392
 21
268.2609172354428
 31
0.0
  0
LINE
  5
502
330
1F
100
AcDbEntity
  8
Chanfro
 62
     2
100
AcDbLine
 10
4021.385489745392
 20
278.2609172354423
 30
0.0
 11
3946.385489745392
 21
278.2609172354428
 31
0.0
  0
LINE
  5
503
330
1F
100
AcDbEntity
  8
Chanfro
 62
     2
100
AcDbLine
 10
4021.385489745392
 20
288.2609172354423
 30
0.0
 11
3946.385489745392
 21
288.2609172354428
 31
0.0
  0
LINE
  5
504
330
1F
100
AcDbEntity
  8
Chanfro
 62
     2
100
AcDbLine
 10
4021.385489745392
 20
298.2609172354423
 30
0.0
 11
3946.385489745392
 21
298.2609172354428
 31
0.0
  0
LINE
  5
505
330
1F
100
AcDbEntity
  8
Chanfro
 62
     2
100
AcDbLine
 10
4021.385489745392
 20
308.2609172354423
 30
0.0
 11
3946.385489745392
 21
308.2609172354428
 31
0.0
  0
LINE
  5
506
330
1F
100
AcDbEntity
  8
Chanfro
 62
     2
100
AcDbLine
 10
4021.385489745392
 20
318.2609172354423
 30
0.0
 11
3946.385489745392
 21
318.2609172354428
 31
0.0
  0
LINE
  5
507
330
1F
100
AcDbEntity
  8
Chanfro
 62
     2
100
AcDbLine
 10
4021.385489745392
 20
328.2609172354423
 30
0.0
 11
3946.385489745392
 21
328.2609172354428
 31
0.0
  0
LINE
  5
508
330
1F
100
AcDbEntity
  8
Chanfro
 62
     2
100
AcDbLine
 10
4021.385489745392
 20
338.2609172354423
 30
0.0
 11
3946.385489745392
 21
338.2609172354428
 31
0.0
  0
LINE
  5
509
330
1F
100
AcDbEntity
  8
Chanfro
 62
     2
100
AcDbLine
 10
4021.385489745392
 20
348.2609172354423
 30
0.0
 11
3946.385489745392
 21
348.2609172354428
 31
0.0
  0
LINE
  5
50A
330
1F
100
AcDbEntity
  8
Chanfro
 62
     2
100
AcDbLine
 10
4021.385489745392
 20
358.2609172354423
 30
0.0
 11
3946.385489745392
 21
358.2609172354428
 31
0.0
  0
LINE
  5
50B
330
1F
100
AcDbEntity
  8
Chanfro
 62
     2
100
AcDbLine
 10
4021.385489745392
 20
368.2609172354423
 30
0.0
 11
3946.385489745392
 21
368.2609172354428
 31
0.0
  0
LINE
  5
50C
330
1F
100
AcDbEntity
  8
Chanfro
 62
     2
100
AcDbLine
 10
4021.385489745392
 20
378.2609172354423
 30
0.0
 11
3946.385489745392
 21
378.2609172354428
 31
0.0
  0
LINE
  5
50D
330
1F
100
AcDbEntity
  8
Chanfro
 62
     2
100
AcDbLine
 10
4021.385489745392
 20
388.2609172354423
 30
0.0
 11
3946.385489745392
 21
388.2609172354428
 31
0.0
  0
LINE
  5
50E
330
1F
100
AcDbEntity
  8
Chanfro
 62
     2
100
AcDbLine
 10
4021.385489745392
 20
398.2609172354423
 30
0.0
 11
3946.385489745392
 21
398.2609172354428
 31
0.0
  0
LINE
  5
50F
330
1F
100
AcDbEntity
  8
Chanfro
 62
     2
100
AcDbLine
 10
4021.385489745392
 20
408.2609172354422
 30
0.0
 11
3946.385489745392
 21
408.2609172354428
 31
0.0
  0
LINE
  5
510
330
1F
100
AcDbEntity
  8
Chanfro
 62
     2
100
AcDbLine
 10
4021.385489745392
 20
418.2609172354423
 30
0.0
 11
3946.385489745392
 21
418.2609172354427
 31
0.0
  0
LINE
  5
511
330
1F
100
AcDbEntity
  8
Chanfro
 62
     2
100
AcDbLine
 10
4021.385489745392
 20
428.2609172354423
 30
0.0
 11
3946.385489745392
 21
428.2609172354427
 31
0.0
  0
MTEXT
  5
512
330
1F
100
AcDbEntity
  8
Rebaixo
 62
     2
100
AcDbMText
 10
3899.15761837815
 20
352.200088770755
 30
0.0
 40
10.0
 41
66.30899823951768
 71
     1
 72
     5
  1
reb 44
 11
-0.0000000000000002
 21
-1.0
 31
0.0
 73
     1
 44
1.0
1001
ACAD
1000
ACAD_MTEXT_COLUMN_INFO_BEGIN
1070
    75
1070
     2
1070
    79
1070
     0
1070
    76
1070
     1
1070
    78
1070
     0
1070
    48
1040
66.30899823951768
1070
    49
1040
12.5
1070
    50
1070
     1
1040
0.0
1000
ACAD_MTEXT_COLUMN_INFO_END
1000
MTEXTBEGIN
1070
    73
1070
     1
1070
    44
1040
1.0
1070
    74
1070
     0
1000
MTEXTEND
  0
MTEXT
  5
513
330
1F
100
AcDbEntity
  8
Chanfro
 62
     2
100
AcDbMText
 10
3997.721298517055
 20
356.8497386627282
 30
0.0
 40
10.0
 41
58.23117264723987
 71
     1
 72
     5
  1
ch 0+44
 11
-0.0000000000000002
 21
-1.0
 31
0.0
 73
     1
 44
1.0
1001
ACAD
1000
ACAD_MTEXT_COLUMN_INFO_BEGIN
1070
    75
1070
     2
1070
    79
1070
     0
1070
    76
1070
     1
1070
    78
1070
     0
1070
    48
1040
58.23117264723987
1070
    49
1040
12.5
1070
    50
1070
     1
1040
0.0
1000
ACAD_MTEXT_COLUMN_INFO_END
1000
MTEXTBEGIN
1070
    73
1070
     1
1070
    44
1040
1.0
1070
    74
1070
     0
1000
MTEXTEND
  0
LINE
  5
514
330
1F
100
AcDbEntity
  8
Chanfro
 62
     2
100
AcDbLine
 10
3763.385489745392
 20
248.2609172354428
 30
0.0
 11
3838.385489745392
 21
248.2609172354428
 31
0.0
  0
LINE
  5
515
330
1F
100
AcDbEntity
  8
Chanfro
 62
     2
100
AcDbLine
 10
3763.385489745392
 20
258.2609172354428
 30
0.0
 11
3838.385489745392
 21
258.2609172354428
 31
0.0
  0
LINE
  5
516
330
1F
100
AcDbEntity
  8
Chanfro
 62
     2
100
AcDbLine
 10
3763.385489745392
 20
268.2609172354428
 30
0.0
 11
3838.385489745392
 21
268.2609172354428
 31
0.0
  0
LINE
  5
517
330
1F
100
AcDbEntity
  8
Chanfro
 62
     2
100
AcDbLine
 10
3763.385489745392
 20
278.2609172354428
 30
0.0
 11
3838.385489745392
 21
278.2609172354428
 31
0.0
  0
LINE
  5
518
330
1F
100
AcDbEntity
  8
Chanfro
 62
     2
100
AcDbLine
 10
3763.385489745392
 20
288.2609172354428
 30
0.0
 11
3838.385489745392
 21
288.2609172354428
 31
0.0
  0
LINE
  5
519
330
1F
100
AcDbEntity
  8
Chanfro
 62
     2
100
AcDbLine
 10
3763.385489745392
 20
298.2609172354428
 30
0.0
 11
3838.385489745392
 21
298.2609172354428
 31
0.0
  0
LINE
  5
51A
330
1F
100
AcDbEntity
  8
Chanfro
 62
     2
100
AcDbLine
 10
3763.385489745392
 20
308.2609172354428
 30
0.0
 11
3838.385489745392
 21
308.2609172354428
 31
0.0
  0
LINE
  5
51B
330
1F
100
AcDbEntity
  8
Chanfro
 62
     2
100
AcDbLine
 10
3763.385489745392
 20
318.2609172354428
 30
0.0
 11
3838.385489745392
 21
318.2609172354428
 31
0.0
  0
LINE
  5
51C
330
1F
100
AcDbEntity
  8
Chanfro
 62
     2
100
AcDbLine
 10
3763.385489745392
 20
328.2609172354428
 30
0.0
 11
3838.385489745392
 21
328.2609172354428
 31
0.0
  0
LINE
  5
51D
330
1F
100
AcDbEntity
  8
Chanfro
 62
     2
100
AcDbLine
 10
3763.385489745392
 20
338.2609172354428
 30
0.0
 11
3838.385489745392
 21
338.2609172354428
 31
0.0
  0
LINE
  5
51E
330
1F
100
AcDbEntity
  8
Chanfro
 62
     2
100
AcDbLine
 10
3763.385489745392
 20
348.2609172354428
 30
0.0
 11
3838.385489745392
 21
348.2609172354428
 31
0.0
  0
LINE
  5
51F
330
1F
100
AcDbEntity
  8
Chanfro
 62
     2
100
AcDbLine
 10
3763.385489745392
 20
358.2609172354428
 30
0.0
 11
3838.385489745392
 21
358.2609172354428
 31
0.0
  0
LINE
  5
520
330
1F
100
AcDbEntity
  8
Chanfro
 62
     2
100
AcDbLine
 10
3763.385489745392
 20
368.2609172354428
 30
0.0
 11
3838.385489745392
 21
368.2609172354428
 31
0.0
  0
LINE
  5
521
330
1F
100
AcDbEntity
  8
Chanfro
 62
     2
100
AcDbLine
 10
3763.385489745392
 20
378.2609172354428
 30
0.0
 11
3838.385489745392
 21
378.2609172354428
 31
0.0
  0
LINE
  5
522
330
1F
100
AcDbEntity
  8
Chanfro
 62
     2
100
AcDbLine
 10
3763.385489745392
 20
388.2609172354428
 30
0.0
 11
3838.385489745392
 21
388.2609172354428
 31
0.0
  0
LINE
  5
523
330
1F
100
AcDbEntity
  8
Chanfro
 62
     2
100
AcDbLine
 10
3763.385489745392
 20
398.2609172354428
 30
0.0
 11
3838.385489745392
 21
398.2609172354428
 31
0.0
  0
LINE
  5
524
330
1F
100
AcDbEntity
  8
Chanfro
 62
     2
100
AcDbLine
 10
3763.385489745392
 20
408.2609172354428
 30
0.0
 11
3838.385489745392
 21
408.2609172354428
 31
0.0
  0
LINE
  5
525
330
1F
100
AcDbEntity
  8
Chanfro
 62
     2
100
AcDbLine
 10
3763.385489745392
 20
418.2609172354427
 30
0.0
 11
3838.385489745392
 21
418.2609172354427
 31
0.0
  0
LINE
  5
526
330
1F
100
AcDbEntity
  8
Chanfro
 62
     2
100
AcDbLine
 10
3763.385489745392
 20
428.2609172354427
 30
0.0
 11
3838.385489745392
 21
428.2609172354427
 31
0.0
  0
MTEXT
  5
527
330
1F
100
AcDbEntity
  8
Chanfro
 62
     2
100
AcDbMText
 10
3787.04968097373
 20
356.8497386627282
 30
0.0
 40
10.0
 41
58.23117264723987
 71
     7
 72
     5
  1
ch 0+44
 11
-0.0000000000000002
 21
-1.0
 31
0.0
 73
     1
 44
1.0
1001
ACAD
1000
ACAD_MTEXT_COLUMN_INFO_BEGIN
1070
    75
1070
     2
1070
    79
1070
     0
1070
    76
1070
     1
1070
    78
1070
     0
1070
    48
1040
58.23117264723987
1070
    49
1040
12.5
1070
    50
1070
     1
1040
0.0
1000
ACAD_MTEXT_COLUMN_INFO_END
1000
MTEXTBEGIN
1070
    73
1070
     1
1070
    44
1040
1.0
1070
    74
1070
     0
1000
MTEXTEND
  0
LWPOLYLINE
  5
583
330
1F
100
AcDbEntity
  8
Rebaixo
 62
     2
100
AcDbPolyline
 90
        4
 70
     1
 43
0.0
 10
2823.000000310513
 20
692.6528325424446
 42
0.1666666666666667
 10
2823.000000310513
 20
572.6528325424446
 10
2633.000000310513
 20
572.6528325424446
 10
2633.000000310513
 20
692.6528325424446
  0
LINE
  5
585
330
1F
100
AcDbEntity
  8
Chanfro
 62
     2
100
AcDbLine
 10
2648.000000310513
 20
761.6528325424447
 30
0.0
 11
2648.000000310513
 21
686.6528325424447
 31
0.0
  0
LINE
  5
586
330
1F
100
AcDbEntity
  8
Chanfro
 62
     2
100
AcDbLine
 10
2658.000000310513
 20
761.6528325424447
 30
0.0
 11
2658.000000310513
 21
686.6528325424447
 31
0.0
  0
LINE
  5
587
330
1F
100
AcDbEntity
  8
Chanfro
 62
     2
100
AcDbLine
 10
2668.000000310513
 20
761.6528325424447
 30
0.0
 11
2668.000000310513
 21
686.6528325424447
 31
0.0
  0
LINE
  5
588
330
1F
100
AcDbEntity
  8
Chanfro
 62
     2
100
AcDbLine
 10
2678.000000310513
 20
761.6528325424447
 30
0.0
 11
2678.000000310513
 21
686.6528325424447
 31
0.0
  0
LINE
  5
589
330
1F
100
AcDbEntity
  8
Chanfro
 62
     2
100
AcDbLine
 10
2688.000000310513
 20
761.6528325424447
 30
0.0
 11
2688.000000310513
 21
686.6528325424447
 31
0.0
  0
LINE
  5
58A
330
1F
100
AcDbEntity
  8
Chanfro
 62
     2
100
AcDbLine
 10
2698.000000310513
 20
761.6528325424447
 30
0.0
 11
2698.000000310513
 21
686.6528325424447
 31
0.0
  0
LINE
  5
58B
330
1F
100
AcDbEntity
  8
Chanfro
 62
     2
100
AcDbLine
 10
2708.000000310513
 20
761.6528325424447
 30
0.0
 11
2708.000000310513
 21
686.6528325424447
 31
0.0
  0
LINE
  5
58C
330
1F
100
AcDbEntity
  8
Chanfro
 62
     2
100
AcDbLine
 10
2718.000000310513
 20
761.6528325424447
 30
0.0
 11
2718.000000310513
 21
686.6528325424447
 31
0.0
  0
LINE
  5
58D
330
1F
100
AcDbEntity
  8
Chanfro
 62
     2
100
AcDbLine
 10
2728.000000310513
 20
761.6528325424447
 30
0.0
 11
2728.000000310513
 21
686.6528325424447
 31
0.0
  0
LINE
  5
58E
330
1F
100
AcDbEntity
  8
Chanfro
 62
     2
100
AcDbLine
 10
2738.000000310513
 20
761.6528325424447
 30
0.0
 11
2738.000000310513
 21
686.6528325424447
 31
0.0
  0
LINE
  5
58F
330
1F
100
AcDbEntity
  8
Chanfro
 62
     2
100
AcDbLine
 10
2748.000000310513
 20
761.6528325424447
 30
0.0
 11
2748.000000310513
 21
686.6528325424447
 31
0.0
  0
LINE
  5
590
330
1F
100
AcDbEntity
  8
Chanfro
 62
     2
100
AcDbLine
 10
2758.000000310513
 20
761.6528325424447
 30
0.0
 11
2758.000000310513
 21
686.6528325424447
 31
0.0
  0
LINE
  5
591
330
1F
100
AcDbEntity
  8
Chanfro
 62
     2
100
AcDbLine
 10
2768.000000310513
 20
761.6528325424447
 30
0.0
 11
2768.000000310513
 21
686.6528325424447
 31
0.0
  0
LINE
  5
592
330
1F
100
AcDbEntity
  8
Chanfro
 62
     2
100
AcDbLine
 10
2778.000000310513
 20
761.6528325424447
 30
0.0
 11
2778.000000310513
 21
686.6528325424447
 31
0.0
  0
LINE
  5
593
330
1F
100
AcDbEntity
  8
Chanfro
 62
     2
100
AcDbLine
 10
2788.000000310513
 20
761.6528325424447
 30
0.0
 11
2788.000000310513
 21
686.6528325424447
 31
0.0
  0
LINE
  5
594
330
1F
100
AcDbEntity
  8
Chanfro
 62
     2
100
AcDbLine
 10
2798.000000310513
 20
761.6528325424447
 30
0.0
 11
2798.000000310513
 21
686.6528325424447
 31
0.0
  0
LINE
  5
595
330
1F
100
AcDbEntity
  8
Chanfro
 62
     2
100
AcDbLine
 10
2808.000000310513
 20
761.6528325424447
 30
0.0
 11
2808.000000310513
 21
686.6528325424447
 31
0.0
  0
LINE
  5
596
330
1F
100
AcDbEntity
  8
Chanfro
 62
     2
100
AcDbLine
 10
2818.000000310513
 20
761.6528325424447
 30
0.0
 11
2818.000000310513
 21
686.6528325424447
 31
0.0
  0
LINE
  5
597
330
1F
100
AcDbEntity
  8
Chanfro
 62
     2
100
AcDbLine
 10
2828.000000310513
 20
761.6528325424447
 30
0.0
 11
2828.000000310513
 21
686.6528325424447
 31
0.0
  0
MTEXT
  5
598
330
1F
100
AcDbEntity
  8
Rebaixo
 62
     2
100
AcDbMText
 10
2751.939171845825
 20
639.4249611752025
 30
0.0
 40
10.0
 41
66.30899823951768
 71
     3
 72
     5
  1
reb 44
 73
     1
 44
1.0
1001
ACAD
1000
ACAD_MTEXT_COLUMN_INFO_BEGIN
1070
    75
1070
     2
1070
    79
1070
     0
1070
    76
1070
     1
1070
    78
1070
     0
1070
    48
1040
66.30899823951768
1070
    49
1040
12.5
1070
    50
1070
     1
1040
0.0
1000
ACAD_MTEXT_COLUMN_INFO_END
1000
MTEXTBEGIN
1070
    73
1070
     1
1070
    44
1040
1.0
1070
    74
1070
     0
1000
MTEXTEND
  0
MTEXT
  5
599
330
1F
100
AcDbEntity
  8
Chanfro
 62
     2
100
AcDbMText
 10
2756.588821737798
 20
737.9886413141071
 30
0.0
 40
10.0
 41
58.23117264723987
 71
     3
 72
     5
  1
ch 0+44
 73
     1
 44
1.0
1001
ACAD
1000
ACAD_MTEXT_COLUMN_INFO_BEGIN
1070
    75
1070
     2
1070
    79
1070
     0
1070
    76
1070
     1
1070
    78
1070
     0
1070
    48
1040
58.23117264723987
1070
    49
1040
12.5
1070
    50
1070
     1
1040
0.0
1000
ACAD_MTEXT_COLUMN_INFO_END
1000
MTEXTBEGIN
1070
    73
1070
     1
1070
    44
1040
1.0
1070
    74
1070
     0
1000
MTEXTEND
  0
LINE
  5
59A
330
1F
100
AcDbEntity
  8
Chanfro
 62
     2
100
AcDbLine
 10
2648.000000310513
 20
503.6528325424447
 30
0.0
 11
2648.000000310513
 21
578.6528325424447
 31
0.0
  0
LINE
  5
59B
330
1F
100
AcDbEntity
  8
Chanfro
 62
     2
100
AcDbLine
 10
2658.000000310513
 20
503.6528325424447
 30
0.0
 11
2658.000000310513
 21
578.6528325424447
 31
0.0
  0
LINE
  5
59C
330
1F
100
AcDbEntity
  8
Chanfro
 62
     2
100
AcDbLine
 10
2668.000000310513
 20
503.6528325424447
 30
0.0
 11
2668.000000310513
 21
578.6528325424447
 31
0.0
  0
LINE
  5
59D
330
1F
100
AcDbEntity
  8
Chanfro
 62
     2
100
AcDbLine
 10
2678.000000310513
 20
503.6528325424447
 30
0.0
 11
2678.000000310513
 21
578.6528325424447
 31
0.0
  0
LINE
  5
59E
330
1F
100
AcDbEntity
  8
Chanfro
 62
     2
100
AcDbLine
 10
2688.000000310513
 20
503.6528325424447
 30
0.0
 11
2688.000000310513
 21
578.6528325424447
 31
0.0
  0
LINE
  5
59F
330
1F
100
AcDbEntity
  8
Chanfro
 62
     2
100
AcDbLine
 10
2698.000000310513
 20
503.6528325424447
 30
0.0
 11
2698.000000310513
 21
578.6528325424447
 31
0.0
  0
LINE
  5
5A0
330
1F
100
AcDbEntity
  8
Chanfro
 62
     2
100
AcDbLine
 10
2708.000000310513
 20
503.6528325424447
 30
0.0
 11
2708.000000310513
 21
578.6528325424447
 31
0.0
  0
LINE
  5
5A1
330
1F
100
AcDbEntity
  8
Chanfro
 62
     2
100
AcDbLine
 10
2718.000000310513
 20
503.6528325424447
 30
0.0
 11
2718.000000310513
 21
578.6528325424447
 31
0.0
  0
LINE
  5
5A2
330
1F
100
AcDbEntity
  8
Chanfro
 62
     2
100
AcDbLine
 10
2728.000000310513
 20
503.6528325424447
 30
0.0
 11
2728.000000310513
 21
578.6528325424447
 31
0.0
  0
LINE
  5
5A3
330
1F
100
AcDbEntity
  8
Chanfro
 62
     2
100
AcDbLine
 10
2738.000000310513
 20
503.6528325424447
 30
0.0
 11
2738.000000310513
 21
578.6528325424447
 31
0.0
  0
LINE
  5
5A4
330
1F
100
AcDbEntity
  8
Chanfro
 62
     2
100
AcDbLine
 10
2748.000000310513
 20
503.6528325424447
 30
0.0
 11
2748.000000310513
 21
578.6528325424447
 31
0.0
  0
LINE
  5
5A5
330
1F
100
AcDbEntity
  8
Chanfro
 62
     2
100
AcDbLine
 10
2758.000000310513
 20
503.6528325424447
 30
0.0
 11
2758.000000310513
 21
578.6528325424447
 31
0.0
  0
LINE
  5
5A6
330
1F
100
AcDbEntity
  8
Chanfro
 62
     2
100
AcDbLine
 10
2768.000000310513
 20
503.6528325424447
 30
0.0
 11
2768.000000310513
 21
578.6528325424447
 31
0.0
  0
LINE
  5
5A7
330
1F
100
AcDbEntity
  8
Chanfro
 62
     2
100
AcDbLine
 10
2778.000000310513
 20
503.6528325424447
 30
0.0
 11
2778.000000310513
 21
578.6528325424447
 31
0.0
  0
LINE
  5
5A8
330
1F
100
AcDbEntity
  8
Chanfro
 62
     2
100
AcDbLine
 10
2788.000000310513
 20
503.6528325424447
 30
0.0
 11
2788.000000310513
 21
578.6528325424447
 31
0.0
  0
LINE
  5
5A9
330
1F
100
AcDbEntity
  8
Chanfro
 62
     2
100
AcDbLine
 10
2798.000000310513
 20
503.6528325424447
 30
0.0
 11
2798.000000310513
 21
578.6528325424447
 31
0.0
  0
LINE
  5
5AA
330
1F
100
AcDbEntity
  8
Chanfro
 62
     2
100
AcDbLine
 10
2808.000000310513
 20
503.6528325424447
 30
0.0
 11
2808.000000310513
 21
578.6528325424447
 31
0.0
  0
LINE
  5
5AB
330
1F
100
AcDbEntity
  8
Chanfro
 62
     2
100
AcDbLine
 10
2818.000000310513
 20
503.6528325424447
 30
0.0
 11
2818.000000310513
 21
578.6528325424447
 31
0.0
  0
LINE
  5
5AC
330
1F
100
AcDbEntity
  8
Chanfro
 62
     2
100
AcDbLine
 10
2828.000000310513
 20
503.6528325424447
 30
0.0
 11
2828.000000310513
 21
578.6528325424447
 31
0.0
  0
MTEXT
  5
5AD
330
1F
100
AcDbEntity
  8
Chanfro
 62
     2
100
AcDbMText
 10
2756.588821737798
 20
527.3170237707822
 30
0.0
 40
10.0
 41
58.23117264723987
 71
     9
 72
     5
  1
ch 0+44
 73
     1
 44
1.0
1001
ACAD
1000
ACAD_MTEXT_COLUMN_INFO_BEGIN
1070
    75
1070
     2
1070
    79
1070
     0
1070
    76
1070
     1
1070
    78
1070
     0
1070
    48
1040
58.23117264723987
1070
    49
1040
12.5
1070
    50
1070
     1
1040
0.0
1000
ACAD_MTEXT_COLUMN_INFO_END
1000
MTEXTBEGIN
1070
    73
1070
     1
1070
    44
1040
1.0
1070
    74
1070
     0
1000
MTEXTEND
  0
LWPOLYLINE
  5
5F4
330
1F
100
AcDbEntity
  8
Rebaixo
 62
     2
100
AcDbPolyline
 90
        6
 70
     1
 43
0.0
 10
4617.928835323478
 20
542.2324926464989
 10
4634.928835323479
 20
542.2324926464989
 42
-0.4142135623730951
 10
4647.928835323479
 20
529.2324926464989
 10
4647.928835323479
 20
455.2324926464989
 42
-0.4142135623730951
 10
4634.928835323479
 20
442.2324926464989
 10
4617.928835323478
 20
442.2324926464989
  0
MTEXT
  5
5F5
330
1F
100
AcDbEntity
  8
Rebaixo
 62
     2
100
AcDbMText
 10
4634.198403127512
 20
508.6301396412945
 30
0.0
 40
10.0
 41
45.80391973569567
 71
     1
 72
     5
  1
reb 35
 11
-0.0000000000000004
 21
-1.0
 31
0.0
 73
     1
 44
1.0
1001
ACAD
1000
ACAD_MTEXT_COLUMN_INFO_BEGIN
1070
    75
1070
     2
1070
    79
1070
     0
1070
    76
1070
     1
1070
    78
1070
     0
1070
    48
1040
45.80391973569567
1070
    49
1040
12.5
1070
    50
1070
     1
1040
0.0
1000
ACAD_MTEXT_COLUMN_INFO_END
1000
MTEXTBEGIN
1070
    73
1070
     1
1070
    44
1040
1.0
1070
    74
1070
     0
1000
MTEXTEND
  0
LWPOLYLINE
  5
5F8
330
1F
100
AcDbEntity
  8
Rebaixo
 62
     2
100
AcDbPolyline
 90
        6
 70
     1
 43
0.0
 10
4815.790104742587
 20
281.6489656465064
 10
4815.790104742587
 20
264.6489656465064
 42
-0.4142135623730951
 10
4802.790104742587
 20
251.6489656465062
 10
4728.790104742587
 20
251.6489656465062
 42
-0.4142135623730951
 10
4715.790104742587
 20
264.6489656465064
 10
4715.790104742587
 20
281.6489656465064
  0
MTEXT
  5
5F9
330
1F
100
AcDbEntity
  8
Rebaixo
 62
     2
100
AcDbMText
 10
4782.187751737383
 20
265.3793978424737
 30
0.0
 40
10.0
 41
45.80391973569567
 71
     1
 72
     5
  1
reb 35
 11
-1.0
 21
0.0000000000000006
 31
0.0
 73
     1
 44
1.0
1001
ACAD
1000
ACAD_MTEXT_COLUMN_INFO_BEGIN
1070
    75
1070
     2
1070
    79
1070
     0
1070
    76
1070
     1
1070
    78
1070
     0
1070
    48
1040
45.80391973569567
1070
    49
1040
12.5
1070
    50
1070
     1
1040
0.0
1000
ACAD_MTEXT_COLUMN_INFO_END
1000
MTEXTBEGIN
1070
    73
1070
     1
1070
    44
1040
1.0
1070
    74
1070
     0
1000
MTEXTEND
  0
LWPOLYLINE
  5
5FA
330
1F
100
AcDbEntity
  8
Rebaixo
 62
     2
100
AcDbPolyline
 90
        6
 70
     1
 43
0.0
 10
3310.452454233776
 20
1491.9999998275
 10
3310.452454233776
 20
1508.9999998275
 42
-0.4142135623730951
 10
3323.452454233776
 20
1521.999999827501
 10
3397.452454233776
 20
1521.999999827501
 42
-0.4142135623730951
 10
3410.452454233776
 20
1508.9999998275
 10
3410.452454233776
 20
1491.9999998275
  0
MTEXT
  5
5FB
330
1F
100
AcDbEntity
  8
Rebaixo
 62
     2
100
AcDbMText
 10
3344.05480723898
 20
1508.269567631533
 30
0.0
 40
10.0
 41
45.80391973569567
 71
     1
 72
     5
  1
reb 35
 73
     1
 44
1.0
1001
ACAD
1000
ACAD_MTEXT_COLUMN_INFO_BEGIN
1070
    75
1070
     2
1070
    79
1070
     0
1070
    76
1070
     1
1070
    78
1070
     0
1070
    48
1040
45.80391973569567
1070
    49
1040
12.5
1070
    50
1070
     1
1040
0.0
1000
ACAD_MTEXT_COLUMN_INFO_END
1000
MTEXTBEGIN
1070
    73
1070
     1
1070
    44
1040
1.0
1070
    74
1070
     0
1000
MTEXTEND
  0
LWPOLYLINE
  5
5FC
330
1F
100
AcDbEntity
  8
Rebaixo
 62
     2
100
AcDbPolyline
 90
        6
 70
     1
 43
0.0
 10
4804.521631902323
 20
1026.998785375021
 10
4804.521631902323
 20
1009.998785375021
 42
-0.4142135623730951
 10
4791.521631902322
 20
996.9987853750208
 10
4717.521631902322
 20
996.9987853750208
 42
-0.4142135623730951
 10
4704.521631902323
 20
1009.998785375021
 10
4704.521631902323
 20
1026.998785375021
  0
MTEXT
  5
5FD
330
1F
100
AcDbEntity
  8
Rebaixo
 62
     2
100
AcDbMText
 10
4770.919278897118
 20
1010.729217570988
 30
0.0
 40
10.0
 41
45.80391973569567
 71
     1
 72
     5
  1
reb 35
 11
-1.0
 21
0.0000000000000006
 31
0.0
 73
     1
 44
1.0
1001
ACAD
1000
ACAD_MTEXT_COLUMN_INFO_BEGIN
1070
    75
1070
     2
1070
    79
1070
     0
1070
    76
1070
     1
1070
    78
1070
     0
1070
    48
1040
45.80391973569567
1070
    49
1040
12.5
1070
    50
1070
     1
1040
0.0
1000
ACAD_MTEXT_COLUMN_INFO_END
1000
MTEXTBEGIN
1070
    73
1070
     1
1070
    44
1040
1.0
1070
    74
1070
     0
1000
MTEXTEND
  0
LWPOLYLINE
  5
5FE
330
1F
100
AcDbEntity
  8
Rebaixo
 62
     3
100
AcDbPolyline
 90
        6
 70
     1
 43
0.0
 10
3346.607222178994
 20
1561.9999998275
 10
3346.607222178994
 20
1578.9999998275
 42
0.4142135623730951
 10
3333.607222178995
 20
1591.9999998275
 10
3259.607222178995
 20
1591.9999998275
 42
0.4142135623730951
 10
3246.607222178994
 20
1578.9999998275
 10
3246.607222178994
 20
1561.9999998275
  0
MTEXT
  5
5FF
330
1F
100
AcDbEntity
  8
Rebaixo
 62
     3
100
AcDbMText
 10
3317.27551121176
 20
1579.052875647524
 30
0.0
 40
10.0
 41
45.80391973569567
 71
     3
 72
     5
  1
reb 35
 73
     1
 44
1.0
1001
ACAD
1000
ACAD_MTEXT_COLUMN_INFO_BEGIN
1070
    75
1070
     2
1070
    79
1070
     0
1070
    76
1070
     1
1070
    78
1070
     0
1070
    48
1040
45.80391973569567
1070
    49
1040
12.5
1070
    50
1070
     1
1040
0.0
1000
ACAD_MTEXT_COLUMN_INFO_END
1000
MTEXTBEGIN
1070
    73
1070
     1
1070
    44
1040
1.0
1070
    74
1070
     0
1000
MTEXTEND
  0
LWPOLYLINE
  5
600
330
1F
100
AcDbEntity
  8
Rebaixo
 62
     3
100
AcDbPolyline
 90
        6
 70
     1
 43
0.0
 10
3697.827434687776
 20
1226.030440302498
 10
3697.827434687776
 20
1243.030440302498
 42
0.4142135623730951
 10
3684.827434687775
 20
1256.030440302498
 10
3610.827434687775
 20
1256.030440302498
 42
0.4142135623730951
 10
3597.827434687776
 20
1243.030440302498
 10
3597.827434687776
 20
1226.030440302498
  0
MTEXT
  5
601
330
1F
100
AcDbEntity
  8
Rebaixo
 62
     3
100
AcDbMText
 10
3668.49572372054
 20
1243.083316122522
 30
0.0
 40
10.0
 41
45.80391973569567
 71
     3
 72
     5
  1
reb 35
 73
     1
 44
1.0
1001
ACAD
1000
ACAD_MTEXT_COLUMN_INFO_BEGIN
1070
    75
1070
     2
1070
    79
1070
     0
1070
    76
1070
     1
1070
    78
1070
     0
1070
    48
1040
45.80391973569567
1070
    49
1040
12.5
1070
    50
1070
     1
1040
0.0
1000
ACAD_MTEXT_COLUMN_INFO_END
1000
MTEXTBEGIN
1070
    73
1070
     1
1070
    44
1040
1.0
1070
    74
1070
     0
1000
MTEXTEND
  0
LWPOLYLINE
  5
606
330
1F
100
AcDbEntity
  8
Rebaixo
 62
     3
100
AcDbPolyline
 90
        6
 70
     1
 43
0.0
 10
4561.18919604201
 20
933.5900736244743
 10
4561.18919604201
 20
916.5900736244743
 42
0.4142135623730951
 10
4574.189196042009
 20
903.5900736244743
 10
4648.18919604201
 20
903.5900736244743
 42
0.4142135623730951
 10
4661.18919604201
 20
916.5900736244743
 10
4661.18919604201
 20
933.5900736244743
  0
MTEXT
  5
607
330
1F
100
AcDbEntity
  8
Rebaixo
 62
     3
100
AcDbMText
 10
4590.520907009245
 20
916.5371978044509
 30
0.0
 40
10.0
 41
45.80391973569567
 71
     3
 72
     5
  1
reb 35
 11
-1.0
 21
0.0000000000000004
 31
0.0
 73
     1
 44
1.0
1001
ACAD
1000
ACAD_MTEXT_COLUMN_INFO_BEGIN
1070
    75
1070
     2
1070
    79
1070
     0
1070
    76
1070
     1
1070
    78
1070
     0
1070
    48
1040
45.80391973569567
1070
    49
1040
12.5
1070
    50
1070
     1
1040
0.0
1000
ACAD_MTEXT_COLUMN_INFO_END
1000
MTEXTBEGIN
1070
    73
1070
     1
1070
    44
1040
1.0
1070
    74
1070
     0
1000
MTEXTEND
  0
LWPOLYLINE
  5
60A
330
1F
100
AcDbEntity
  8
Rebaixo
 62
     3
100
AcDbPolyline
 90
        6
 70
     1
 43
0.0
 10
3961.6493038319
 20
1107.460668670018
 10
3944.6493038319
 20
1107.460668670018
 42
0.4142135623730951
 10
3931.6493038319
 20
1094.460668670018
 10
3931.6493038319
 20
1020.460668670018
 42
0.4142135623730951
 10
3944.6493038319
 20
1007.460668670018
 10
3961.6493038319
 20
1007.460668670018
  0
MTEXT
  5
60B
330
1F
100
AcDbEntity
  8
Rebaixo
 62
     3
100
AcDbMText
 10
3944.596428011877
 20
1078.128957702783
 30
0.0
 40
10.0
 41
45.80391973569567
 71
     3
 72
     5
  1
reb 35
 11
0.0000000000000003
 21
1.0
 31
0.0
 73
     1
 44
1.0
1001
ACAD
1000
ACAD_MTEXT_COLUMN_INFO_BEGIN
1070
    75
1070
     2
1070
    79
1070
     0
1070
    76
1070
     1
1070
    78
1070
     0
1070
    48
1040
45.80391973569567
1070
    49
1040
12.5
1070
    50
1070
     1
1040
0.0
1000
ACAD_MTEXT_COLUMN_INFO_END
1000
MTEXTBEGIN
1070
    73
1070
     1
1070
    44
1040
1.0
1070
    74
1070
     0
1000
MTEXTEND
  0
LWPOLYLINE
  5
60C
330
1F
100
AcDbEntity
  8
Rebaixo
 62
     3
100
AcDbPolyline
 90
        6
 70
     1
 43
0.0
 10
2663.00000031052
 20
372.3664973404816
 10
2646.00000031052
 20
372.3664973404816
 42
0.4142135623730951
 10
2633.00000031052
 20
359.3664973404816
 10
2633.00000031052
 20
285.3664973404816
 42
0.4142135623730951
 10
2646.00000031052
 20
272.3664973404816
 10
2663.00000031052
 20
272.3664973404816
  0
MTEXT
  5
60D
330
1F
100
AcDbEntity
  8
Rebaixo
 62
     3
100
AcDbMText
 10
2645.947124490497
 20
343.0347863732464
 30
0.0
 40
10.0
 41
45.80391973569567
 71
     3
 72
     5
  1
reb 35
 11
0.0000000000000003
 21
1.0
 31
0.0
 73
     1
 44
1.0
1001
ACAD
1000
ACAD_MTEXT_COLUMN_INFO_BEGIN
1070
    75
1070
     2
1070
    79
1070
     0
1070
    76
1070
     1
1070
    78
1070
     0
1070
    48
1040
45.80391973569567
1070
    49
1040
12.5
1070
    50
1070
     1
1040
0.0
1000
ACAD_MTEXT_COLUMN_INFO_END
1000
MTEXTBEGIN
1070
    73
1070
     1
1070
    44
1040
1.0
1070
    74
1070
     0
1000
MTEXTEND
  0
ENDSEC
  0
SECTION
  2
OBJECTS
  0
DICTIONARY
  5
C
330
0
100
AcDbDictionary
281
     1
  3
ACAD_CIP_PREVIOUS_PRODUCT_INFO
350
1E8
  3
ACAD_COLOR
350
18D
  3
ACAD_DETAILVIEWSTYLE
350
1E5
  3
ACAD_FIELDLIST
350
18E
  3
ACAD_GROUP
350
D
  3
ACAD_IMAGE_DICT
350
18F
  3
ACAD_LAST_SAVED_VERSION_INFO
350
60E
  3
ACAD_LAYOUT
350
1A
  3
ACAD_MATERIAL
350
190
  3
ACAD_MLEADERSTYLE
350
191
  3
ACAD_MLINESTYLE
350
17
  3
ACAD_PLOTSETTINGS
350
19
  3
ACAD_PLOTSTYLENAME
350
E
  3
ACAD_SCALELIST
350
17B
  3
ACAD_SECTIONVIEWSTYLE
350
1E3
  3
ACAD_TABLESTYLE
350
193
  3
ACAD_VISUALSTYLE
350
19B
  3
ACDB_RECOMPOSE_DATA
350
6EC
  3
AcDbVariableDictionary
350
198
  3
DWGPROPS
350
6ED
  0
DICTIONARY
  5
1F4
330
2
100
AcDbDictionary
280
     1
281
     1
  3
ACAD_LAYERSTATES
360
1F5
  0
DICTIONARY
  5
60F
330
10
100
AcDbDictionary
280
     1
281
     1
  3
ADSK_XREC_LAYER_RECONCILED
360
610
  0
DICTIONARY
  5
611
330
27
100
AcDbDictionary
280
     1
281
     1
  3
ADSK_XREC_LAYER_RECONCILED
360
612
  0
DICTIONARY
  5
613
330
28
100
AcDbDictionary
280
     1
281
     1
  3
ADSK_XREC_LAYER_RECONCILED
360
614
  0
DICTIONARY
  5
615
330
29
100
AcDbDictionary
280
     1
281
     1
  3
ADSK_XREC_LAYER_RECONCILED
360
616
  0
DICTIONARY
  5
617
330
2A
100
AcDbDictionary
280
     1
281
     1
  3
ADSK_XREC_LAYER_RECONCILED
360
618
  0
DICTIONARY
  5
619
330
2B
100
AcDbDictionary
280
     1
281
     1
  3
ADSK_XREC_LAYER_RECONCILED
360
61A
  0
DICTIONARY
  5
61B
330
2C
100
AcDbDictionary
280
     1
281
     1
  3
ADSK_XREC_LAYER_RECONCILED
360
61C
  0
DICTIONARY
  5
61D
330
2D
100
AcDbDictionary
280
     1
281
     1
  3
ADSK_XREC_LAYER_RECONCILED
360
61E
  0
DICTIONARY
  5
61F
330
2E
100
AcDbDictionary
280
     1
281
     1
  3
ADSK_XREC_LAYER_RECONCILED
360
620
  0
DICTIONARY
  5
621
330
2F
100
AcDbDictionary
280
     1
281
     1
  3
ADSK_XREC_LAYER_RECONCILED
360
622
  0
DICTIONARY
  5
623
330
30
100
AcDbDictionary
280
     1
281
     1
  3
ADSK_XREC_LAYER_RECONCILED
360
624
  0
DICTIONARY
  5
625
330
31
100
AcDbDictionary
280
     1
281
     1
  3
ADSK_XREC_LAYER_RECONCILED
360
626
  0
DICTIONARY
  5
627
330
32
100
AcDbDictionary
280
     1
281
     1
  3
ADSK_XREC_LAYER_RECONCILED
360
628
  0
DICTIONARY
  5
629
330
33
100
AcDbDictionary
280
     1
281
     1
  3
ADSK_XREC_LAYER_RECONCILED
360
62A
  0
DICTIONARY
  5
62B
330
34
100
AcDbDictionary
280
     1
281
     1
  3
ADSK_XREC_LAYER_RECONCILED
360
62C
  0
DICTIONARY
  5
62D
330
35
100
AcDbDictionary
280
     1
281
     1
  3
ADSK_XREC_LAYER_RECONCILED
360
62E
  0
DICTIONARY
  5
62F
330
36
100
AcDbDictionary
280
     1
281
     1
  3
ADSK_XREC_LAYER_RECONCILED
360
630
  0
DICTIONARY
  5
631
330
1E9
100
AcDbDictionary
280
     1
281
     1
  3
ADSK_XREC_LAYER_RECONCILED
360
632
  0
DICTIONARY
  5
633
330
1EA
100
AcDbDictionary
280
     1
281
     1
  3
ADSK_XREC_LAYER_RECONCILED
360
634
  0
DICTIONARY
  5
6D9
330
E4
100
AcDbDictionary
280
     1
281
     1
  3
ACAD_MTEXT_2008_RT
360
6DA
  0
DICTIONARY
  5
6DB
330
E6
100
AcDbDictionary
280
     1
281
     1
  3
ACAD_MTEXT_2008_RT
360
6DC
  0
DICTIONARY
  5
6DD
330
11E
100
AcDbDictionary
280
     1
281
     1
  3
ACAD_MTEXT_2008_RT
360
6DE
  0
DICTIONARY
  5
6DF
330
12A
100
AcDbDictionary
280
     1
281
     1
  3
ACAD_MTEXT_2008_RT
360
6E0
  0
DICTIONARY
  5
6E1
330
136
100
AcDbDictionary
280
     1
281
     1
  3
ACAD_MTEXT_2008_RT
360
6E2
  0
DICTIONARY
  5
6E3
330
13C
100
AcDbDictionary
280
     1
281
     1
  3
ACAD_MTEXT_2008_RT
360
6E4
  0
DICTIONARY
  5
6E5
330
148
100
AcDbDictionary
280
     1
281
     1
  3
ACAD_MTEXT_2008_RT
360
6E6
  0
DICTIONARY
  5
6E7
330
152
100
AcDbDictionary
280
     1
281
     1
  3
ACAD_MTEXT_2008_RT
360
6E8
  0
DICTIONARY
  5
6E9
330
15E
100
AcDbDictionary
280
     1
281
     1
  3
ACAD_MTEXT_2008_RT
360
6EA
  0
XRECORD
  5
1E8
102
{ACAD_REACTORS
330
C
102
}
330
C
100
AcDbXrecord
280
     1
300
ACDLT
300
2025
300

  0
DICTIONARY
  5
18D
102
{ACAD_REACTORS
330
C
102
}
330
C
100
AcDbDictionary
281
     1
  0
DICTIONARY
  5
1E5
102
{ACAD_REACTORS
330
C
102
}
330
C
100
AcDbDictionary
281
     1
  3
Metric50
350
1E6
  0
FIELDLIST
  5
18E
102
{ACAD_REACTORS
330
C
102
}
330
C
100
AcDbIdSet
 90
        0
100
AcDbFieldList
  0
DICTIONARY
  5
D
102
{ACAD_REACTORS
330
C
102
}
330
C
100
AcDbDictionary
281
     1
  0
DICTIONARY
  5
18F
102
{ACAD_REACTORS
330
C
102
}
330
C
100
AcDbDictionary
281
     1
  0
XRECORD
  5
60E
102
{ACAD_REACTORS
330
C
102
}
330
C
100
AcDbXrecord
280
     1
300
{4D7EB23C-D2E9-EC43-918B-4AF009A545B6}
301
{859E4914-6BE8-D54A-BCA9-6AD49A41FD0E}
302
{4D7EB23C-D2E9-EC43-918B-4AF009A545B6}
303

  0
DICTIONARY
  5
1A
102
{ACAD_REACTORS
330
C
102
}
330
C
100
AcDbDictionary
281
     1
  3
Layout1
350
1E
  3
Model
350
22
  0
DICTIONARY
  5
190
102
{ACAD_REACTORS
330
C
102
}
330
C
100
AcDbDictionary
281
     1
  3
ByBlock
350
1AA
  3
ByLayer
350
1A2
  3
Global
350
1B2
  0
DICTIONARY
  5
191
102
{ACAD_REACTORS
330
C
102
}
330
C
100
AcDbDictionary
281
     1
  3
Standard
350
192
  0
DICTIONARY
  5
17
102
{ACAD_REACTORS
330
C
102
}
330
C
100
AcDbDictionary
281
     1
  3
STANDARD
350
18
  0
DICTIONARY
  5
19
102
{ACAD_REACTORS
330
C
102
}
330
C
100
AcDbDictionary
281
     1
  0
ACDBDICTIONARYWDFLT
  5
E
102
{ACAD_REACTORS
330
C
102
}
330
C
100
AcDbDictionary
281
     1
  3
Normal
350
F
100
AcDbDictionaryWithDefault
340
F
  0
DICTIONARY
  5
17B
102
{ACAD_REACTORS
330
C
102
}
330
C
100
AcDbDictionary
281
     1
  3
A0
350
1D2
  3
A1
350
1D3
  3
A2
350
1D4
  3
A3
350
1D5
  3
A4
350
1D6
  3
A5
350
1D7
  3
A6
350
1D8
  3
A7
350
1D9
  3
A8
350
1DA
  3
A9
350
1DB
  3
B0
350
1DC
  3
B1
350
1DD
  3
B2
350
1DE
  3
B3
350
1DF
  3
B4
350
1E0
  3
B5
350
1E1
  3
B6
350
1E2
  0
DICTIONARY
  5
1E3
102
{ACAD_REACTORS
330
C
102
}
330
C
100
AcDbDictionary
281
     1
  3
Metric50
350
1E4
  0
DICTIONARY
  5
193
102
{ACAD_REACTORS
330
C
102
}
330
C
100
AcDbDictionary
281
     1
  3
Standard
350
194
  0
DICTIONARY
  5
19B
102
{ACAD_REACTORS
330
C
102
}
330
C
100
AcDbDictionary
281
     1
  3
2dWireframe
350
1BF
  3
Basic
350
1BE
  3
Brighten
350
1C5
  3
ColorChange
350
1C9
  3
Conceptual
350
1C2
  3
Dim
350
1C4
  3
EdgeColorOff
350
1D1
  3
Facepattern
350
1C8
  3
Flat
350
1BA
  3
FlatWithEdges
350
1BB
  3
Gouraud
350
1BC
  3
GouraudWithEdges
350
1BD
  3
Hidden
350
1C1
  3
JitterOff
350
1CF
  3
Linepattern
350
1C7
  3
OverhangOff
350
1D0
  3
Realistic
350
1C3
  3
Shaded
350
1CE
  3
Shaded with edges
350
1CD
  3
Shades of Gray
350
1CA
  3
Sketchy
350
1CB
  3
Thicken
350
1C6
  3
Wireframe
350
1C0
  3
X-Ray
350
1CC
  0
XRECORD
  5
6EC
102
{ACAD_REACTORS
330
C
102
}
330
C
100
AcDbXrecord
280
     1
 90
        1
330
E4
330
E6
330
11E
330
12A
330
136
330
13C
330
148
330
152
330
15E
330
194
330
3FA
330
418
330
436
330
512
330
513
330
527
330
598
330
599
330
5AD
330
5F5
330
5F9
330
5FB
330
5FD
330
5FF
330
601
330
607
330
60B
330
60D
  0
DICTIONARY
  5
198
102
{ACAD_REACTORS
330
C
102
}
330
C
100
AcDbDictionary
281
     1
  3
CANNOSCALE
350
639
  3
CMLEADERSTYLE
350
636
  3
CTABLESTYLE
350
635
  3
CVIEWDETAILSTYLE
350
637
  3
CVIEWSECTIONSTYLE
350
638
  3
DIMASSOC
350
199
  3
HIDETEXT
350
19A
  3
INDEXCTL
350
63B
  3
SORTENTS
350
63A
  3
XCLIPFRAME
350
63C
  0
XRECORD
  5
6ED
102
{ACAD_REACTORS
330
C
102
}
330
C
100
AcDbXrecord
280
     1
  1
DWGPROPS COOKIE
  2

  3

  4

  6

  7

  8
MatheusRVBIsolantes
  9

300
=
301
=
302
=
303
=
304
=
305
=
306
=
307
=
308
=
309
=
 40
0.0085069444444444
 41
2461119.453900463
 42
2461119.962465278
  1

 90
        0
  0
DICTIONARY
  5
1F5
102
{ACAD_REACTORS
330
1F4
102
}
330
1F4
100
AcDbDictionary
281
     1
  0
XRECORD
  5
610
102
{ACAD_REACTORS
330
60F
102
}
330
60F
100
AcDbXrecord
280
     1
290
     1
  0
XRECORD
  5
612
102
{ACAD_REACTORS
330
611
102
}
330
611
100
AcDbXrecord
280
     1
290
     1
  0
XRECORD
  5
614
102
{ACAD_REACTORS
330
613
102
}
330
613
100
AcDbXrecord
280
     1
290
     1
  0
XRECORD
  5
616
102
{ACAD_REACTORS
330
615
102
}
330
615
100
AcDbXrecord
280
     1
290
     1
  0
XRECORD
  5
618
102
{ACAD_REACTORS
330
617
102
}
330
617
100
AcDbXrecord
280
     1
290
     1
  0
XRECORD
  5
61A
102
{ACAD_REACTORS
330
619
102
}
330
619
100
AcDbXrecord
280
     1
290
     1
  0
XRECORD
  5
61C
102
{ACAD_REACTORS
330
61B
102
}
330
61B
100
AcDbXrecord
280
     1
290
     1
  0
XRECORD
  5
61E
102
{ACAD_REACTORS
330
61D
102
}
330
61D
100
AcDbXrecord
280
     1
290
     1
  0
XRECORD
  5
620
102
{ACAD_REACTORS
330
61F
102
}
330
61F
100
AcDbXrecord
280
     1
290
     1
  0
XRECORD
  5
622
102
{ACAD_REACTORS
330
621
102
}
330
621
100
AcDbXrecord
280
     1
290
     1
  0
XRECORD
  5
624
102
{ACAD_REACTORS
330
623
102
}
330
623
100
AcDbXrecord
280
     1
290
     1
  0
XRECORD
  5
626
102
{ACAD_REACTORS
330
625
102
}
330
625
100
AcDbXrecord
280
     1
290
     1
  0
XRECORD
  5
628
102
{ACAD_REACTORS
330
627
102
}
330
627
100
AcDbXrecord
280
     1
290
     1
  0
XRECORD
  5
62A
102
{ACAD_REACTORS
330
629
102
}
330
629
100
AcDbXrecord
280
     1
290
     1
  0
XRECORD
  5
62C
102
{ACAD_REACTORS
330
62B
102
}
330
62B
100
AcDbXrecord
280
     1
290
     1
  0
XRECORD
  5
62E
102
{ACAD_REACTORS
330
62D
102
}
330
62D
100
AcDbXrecord
280
     1
290
     1
  0
XRECORD
  5
630
102
{ACAD_REACTORS
330
62F
102
}
330
62F
100
AcDbXrecord
280
     1
290
     1
  0
XRECORD
  5
632
102
{ACAD_REACTORS
330
631
102
}
330
631
100
AcDbXrecord
280
     1
290
     1
  0
XRECORD
  5
634
102
{ACAD_REACTORS
330
633
102
}
330
633
100
AcDbXrecord
280
     1
290
     1
  0
XRECORD
  5
6DA
102
{ACAD_REACTORS
330
6D9
102
}
330
6D9
100
AcDbXrecord
280
     1
 40
12174.0
  1
\pxql;MN-25219 15\Ppos.1
  0
XRECORD
  5
6DC
102
{ACAD_REACTORS
330
6DB
102
}
330
6DB
100
AcDbXrecord
280
     1
 40
12174.0
  1
\pxql;MN-25219 15\Ppos.1
  0
XRECORD
  5
6DE
102
{ACAD_REACTORS
330
6DD
102
}
330
6DD
100
AcDbXrecord
280
     1
 40
12174.0
  1
\pxql;MN-25219 15\Ppos.1
  0
XRECORD
  5
6E0
102
{ACAD_REACTORS
330
6DF
102
}
330
6DF
100
AcDbXrecord
280
     1
 40
12174.0
  1
\pxql;MN-25219 15\Ppos.1
  0
XRECORD
  5
6E2
102
{ACAD_REACTORS
330
6E1
102
}
330
6E1
100
AcDbXrecord
280
     1
 40
12174.0
  1
\pxql;MN-25219 15\Ppos.1
  0
XRECORD
  5
6E4
102
{ACAD_REACTORS
330
6E3
102
}
330
6E3
100
AcDbXrecord
280
     1
 40
12174.0
  1
\pxql;MN-25219 15\Ppos.1
  0
XRECORD
  5
6E6
102
{ACAD_REACTORS
330
6E5
102
}
330
6E5
100
AcDbXrecord
280
     1
 40
12174.0
  1
\pxql;MN-25219 15\Ppos.1
  0
XRECORD
  5
6E8
102
{ACAD_REACTORS
330
6E7
102
}
330
6E7
100
AcDbXrecord
280
     1
 40
12174.0
  1
\pxql;MN-25219 15\Ppos.1
  0
XRECORD
  5
6EA
102
{ACAD_REACTORS
330
6E9
102
}
330
6E9
100
AcDbXrecord
280
     1
 40
12174.0
  1
\pxql;MN-25219 15\Ppos.1
  0
ACDBDETAILVIEWSTYLE
  5
1E6
102
{ACAD_XDICTIONARY
360
728
102
}
102
{ACAD_REACTORS
330
1E5
102
}
330
1E5
100
AcDbModelDocViewStyle
 70
     0
  3
Metric50
290
     0
100
AcDbDetailViewStyle
 70
     0
 71
     0
 90
        3
 71
     1
340
11
 40
5.0
340
0
 40
5.0
300

 40
0.0
280
     1
 71
     2
340
16
 90
       25
 71
     3
340
11
 40
5.0
 90
        0
 40
15.0
 90
        1
300
%<\AcVar ViewDetailId>% (%<\AcVar ViewScale \f "%sn">%)
 71
     4
340
16
 90
       25
340
16
 90
       25
280
     0
  0
LAYOUT
  5
1E
102
{ACAD_XDICTIONARY
360
6EE
102
}
102
{ACAD_REACTORS
330
1A
102
}
330
1A
100
AcDbPlotSettings
  1

  2
C:\Program Files\AutoCAD 2002\plotters\DWF ePlot (optimized for plotting).pc3
  4

  6

 40
0.0
 41
0.0
 42
0.0
 43
0.0
 44
0.0
 45
0.0
 46
0.0
 47
0.0
 48
0.0
 49
0.0
140
0.0
141
0.0
142
1.0
143
1.0
 70
   688
 72
     1
 73
     1
 74
     1
  7
acad.stb
 75
    16
147
1.0
148
0.0
149
0.0
100
AcDbLayout
  1
Layout1
 70
     1
 71
     1
 10
0.0
 20
0.0
 11
0.0
 21
0.0
 12
0.0
 22
0.0
 32
0.0
 14
1.000000000000000E+20
 24
1.000000000000000E+20
 34
1.000000000000000E+20
 15
-1.000000000000000E+20
 25
-1.000000000000000E+20
 35
-1.000000000000000E+20
146
0.0
 13
0.0
 23
0.0
 33
0.0
 16
1.0
 26
0.0
 36
0.0
 17
0.0
 27
1.0
 37
0.0
 76
     0
330
176
  0
LAYOUT
  5
22
102
{ACAD_XDICTIONARY
360
6F0
102
}
102
{ACAD_REACTORS
330
1A
102
}
330
1A
100
AcDbPlotSettings
  1

  2
C:\Program Files\AutoCAD 2002\plotters\DWF ePlot (optimized for plotting).pc3
  4

  6

 40
0.0
 41
0.0
 42
0.0
 43
0.0
 44
0.0
 45
0.0
 46
0.0
 47
0.0
 48
0.0
 49
0.0
140
0.0
141
0.0
142
1.0
143
1.0
 70
  1712
 72
     1
 73
     1
 74
     0
  7
acad.stb
 75
     0
147
1.0
148
0.0
149
0.0
100
AcDbLayout
  1
Model
 70
     1
 71
     0
 10
0.0
 20
0.0
 11
12.0
 21
9.0
 12
0.0
 22
0.0
 32
0.0
 14
0.0
 24
0.0
 34
0.0
 15
0.0
 25
0.0
 35
0.0
146
0.0
 13
0.0
 23
0.0
 33
0.0
 16
1.0
 26
0.0
 36
0.0
 17
0.0
 27
1.0
 37
0.0
 76
     0
330
1F
331
17A
  0
MATERIAL
  5
1AA
102
{ACAD_XDICTIONARY
360
1AB
102
}
102
{ACAD_REACTORS
330
190
102
}
330
190
100
AcDbMaterial
  1
ByBlock
 72
     0
 43
0.0008202099737533
 43
0.0
 43
0.0
 43
0.0
 43
0.0
 43
0.0008202099737533
 43
0.0
 43
0.0
 43
0.0
 43
0.0
 43
1.0
 43
0.0
 43
0.0
 43
0.0
 43
0.0
 43
1.0
 77
     0
 47
0.0008202099737533
 47
0.0
 47
0.0
 47
0.0
 47
0.0
 47
0.0008202099737533
 47
0.0
 47
0.0
 47
0.0
 47
0.0
 47
1.0
 47
0.0
 47
0.0
 47
0.0
 47
0.0
 47
1.0
171
     0
 49
0.0008202099737533
 49
0.0
 49
0.0
 49
0.0
 49
0.0
 49
0.0008202099737533
 49
0.0
 49
0.0
 49
0.0
 49
0.0
 49
1.0
 49
0.0
 49
0.0
 49
0.0
 49
0.0
 49
1.0
175
     0
142
0.0008202099737533
142
0.0
142
0.0
142
0.0
142
0.0
142
0.0008202099737533
142
0.0
142
0.0
142
0.0
142
0.0
142
1.0
142
0.0
142
0.0
142
0.0
142
0.0
142
1.0
179
     0
144
0.0008202099737533
144
0.0
144
0.0
144
0.0
144
0.0
144
0.0008202099737533
144
0.0
144
0.0
144
0.0
144
0.0
144
1.0
144
0.0
144
0.0
144
0.0
144
0.0
144
1.0
147
0.0008202099737533
147
0.0
147
0.0
147
0.0
147
0.0
147
0.0008202099737533
147
0.0
147
0.0
147
0.0
147
0.0
147
1.0
147
0.0
147
0.0
147
0.0
147
0.0
147
1.0
  0
MATERIAL
  5
1A2
102
{ACAD_XDICTIONARY
360
1A3
102
}
102
{ACAD_REACTORS
330
190
102
}
330
190
100
AcDbMaterial
  1
ByLayer
 72
     0
 43
0.0008202099737533
 43
0.0
 43
0.0
 43
0.0
 43
0.0
 43
0.0008202099737533
 43
0.0
 43
0.0
 43
0.0
 43
0.0
 43
1.0
 43
0.0
 43
0.0
 43
0.0
 43
0.0
 43
1.0
 77
     0
 47
0.0008202099737533
 47
0.0
 47
0.0
 47
0.0
 47
0.0
 47
0.0008202099737533
 47
0.0
 47
0.0
 47
0.0
 47
0.0
 47
1.0
 47
0.0
 47
0.0
 47
0.0
 47
0.0
 47
1.0
171
     0
 49
0.0008202099737533
 49
0.0
 49
0.0
 49
0.0
 49
0.0
 49
0.0008202099737533
 49
0.0
 49
0.0
 49
0.0
 49
0.0
 49
1.0
 49
0.0
 49
0.0
 49
0.0
 49
0.0
 49
1.0
175
     0
142
0.0008202099737533
142
0.0
142
0.0
142
0.0
142
0.0
142
0.0008202099737533
142
0.0
142
0.0
142
0.0
142
0.0
142
1.0
142
0.0
142
0.0
142
0.0
142
0.0
142
1.0
179
     0
144
0.0008202099737533
144
0.0
144
0.0
144
0.0
144
0.0
144
0.0008202099737533
144
0.0
144
0.0
144
0.0
144
0.0
144
1.0
144
0.0
144
0.0
144
0.0
144
0.0
144
1.0
147
0.0008202099737533
147
0.0
147
0.0
147
0.0
147
0.0
147
0.0008202099737533
147
0.0
147
0.0
147
0.0
147
0.0
147
1.0
147
0.0
147
0.0
147
0.0
147
0.0
147
1.0
  0
MATERIAL
  5
1B2
102
{ACAD_XDICTIONARY
360
1B3
102
}
102
{ACAD_REACTORS
330
190
102
}
330
190
100
AcDbMaterial
  1
Global
 72
     0
 43
0.0008202099737533
 43
0.0
 43
0.0
 43
0.0
 43
0.0
 43
0.0008202099737533
 43
0.0
 43
0.0
 43
0.0
 43
0.0
 43
1.0
 43
0.0
 43
0.0
 43
0.0
 43
0.0
 43
1.0
 77
     0
 47
0.0008202099737533
 47
0.0
 47
0.0
 47
0.0
 47
0.0
 47
0.0008202099737533
 47
0.0
 47
0.0
 47
0.0
 47
0.0
 47
1.0
 47
0.0
 47
0.0
 47
0.0
 47
0.0
 47
1.0
171
     0
 49
0.0008202099737533
 49
0.0
 49
0.0
 49
0.0
 49
0.0
 49
0.0008202099737533
 49
0.0
 49
0.0
 49
0.0
 49
0.0
 49
1.0
 49
0.0
 49
0.0
 49
0.0
 49
0.0
 49
1.0
175
     0
142
0.0008202099737533
142
0.0
142
0.0
142
0.0
142
0.0
142
0.0008202099737533
142
0.0
142
0.0
142
0.0
142
0.0
142
1.0
142
0.0
142
0.0
142
0.0
142
0.0
142
1.0
179
     0
144
0.0008202099737533
144
0.0
144
0.0
144
0.0
144
0.0
144
0.0008202099737533
144
0.0
144
0.0
144
0.0
144
0.0
144
1.0
144
0.0
144
0.0
144
0.0
144
0.0
144
1.0
147
0.0008202099737533
147
0.0
147
0.0
147
0.0
147
0.0
147
0.0008202099737533
147
0.0
147
0.0
147
0.0
147
0.0
147
1.0
147
0.0
147
0.0
147
0.0
147
0.0
147
1.0
  0
MLEADERSTYLE
  5
192
102
{ACAD_REACTORS
330
191
102
}
330
191
100
AcDbMLeaderStyle
170
     2
171
     1
172
     0
 90
        2
 40
0.0
 41
0.0
173
     1
 91
-1073741824
 92
       -2
290
     1
 42
0.09
291
     1
 43
0.36
  3
Standard
 44
0.18
300

174
     1
178
     1
175
     1
176
     0
 93
-1073741824
 45
0.18
292
     0
297
     0
 46
0.0
 94
-1073741824
 47
1.0
 49
1.0
140
1.0
293
     1
141
0.0
294
     1
177
     0
142
1.0
295
     0
296
     0
143
0.125
1001
ACAD_MLEADERVER
1070
     2
  0
MLINESTYLE
  5
18
102
{ACAD_REACTORS
330
17
102
}
330
17
100
AcDbMlineStyle
  2
STANDARD
 70
     0
  3

 62
   256
 51
90.0
 52
90.0
 71
     2
 49
0.5
 62
     0
  6
BYLAYER
 49
-0.5
 62
     0
  6
BYLAYER
  0
ACDBPLACEHOLDER
  5
F
102
{ACAD_REACTORS
330
E
102
}
330
E
  0
SCALE
  5
1D2
102
{ACAD_REACTORS
330
17B
102
}
330
17B
100
AcDbScale
 70
     0
300
1:1
140
1.0
141
1.0
290
     1
  0
SCALE
  5
1D3
102
{ACAD_REACTORS
330
17B
102
}
330
17B
100
AcDbScale
 70
     0
300
1:2
140
1.0
141
2.0
290
     0
  0
SCALE
  5
1D4
102
{ACAD_REACTORS
330
17B
102
}
330
17B
100
AcDbScale
 70
     0
300
1:4
140
1.0
141
4.0
290
     0
  0
SCALE
  5
1D5
102
{ACAD_REACTORS
330
17B
102
}
330
17B
100
AcDbScale
 70
     0
300
1:5
140
1.0
141
5.0
290
     0
  0
SCALE
  5
1D6
102
{ACAD_REACTORS
330
17B
102
}
330
17B
100
AcDbScale
 70
     0
300
1:8
140
1.0
141
8.0
290
     0
  0
SCALE
  5
1D7
102
{ACAD_REACTORS
330
17B
102
}
330
17B
100
AcDbScale
 70
     0
300
1:10
140
1.0
141
10.0
290
     0
  0
SCALE
  5
1D8
102
{ACAD_REACTORS
330
17B
102
}
330
17B
100
AcDbScale
 70
     0
300
1:16
140
1.0
141
16.0
290
     0
  0
SCALE
  5
1D9
102
{ACAD_REACTORS
330
17B
102
}
330
17B
100
AcDbScale
 70
     0
300
1:20
140
1.0
141
20.0
290
     0
  0
SCALE
  5
1DA
102
{ACAD_REACTORS
330
17B
102
}
330
17B
100
AcDbScale
 70
     0
300
1:30
140
1.0
141
30.0
290
     0
  0
SCALE
  5
1DB
102
{ACAD_REACTORS
330
17B
102
}
330
17B
100
AcDbScale
 70
     0
300
1:40
140
1.0
141
40.0
290
     0
  0
SCALE
  5
1DC
102
{ACAD_REACTORS
330
17B
102
}
330
17B
100
AcDbScale
 70
     0
300
1:50
140
1.0
141
50.0
290
     0
  0
SCALE
  5
1DD
102
{ACAD_REACTORS
330
17B
102
}
330
17B
100
AcDbScale
 70
     0
300
1:100
140
1.0
141
100.0
290
     0
  0
SCALE
  5
1DE
102
{ACAD_REACTORS
330
17B
102
}
330
17B
100
AcDbScale
 70
     0
300
2:1
140
2.0
141
1.0
290
     0
  0
SCALE
  5
1DF
102
{ACAD_REACTORS
330
17B
102
}
330
17B
100
AcDbScale
 70
     0
300
4:1
140
4.0
141
1.0
290
     0
  0
SCALE
  5
1E0
102
{ACAD_REACTORS
330
17B
102
}
330
17B
100
AcDbScale
 70
     0
300
8:1
140
8.0
141
1.0
290
     0
  0
SCALE
  5
1E1
102
{ACAD_REACTORS
330
17B
102
}
330
17B
100
AcDbScale
 70
     0
300
10:1
140
10.0
141
1.0
290
     0
  0
SCALE
  5
1E2
102
{ACAD_REACTORS
330
17B
102
}
330
17B
100
AcDbScale
 70
     0
300
100:1
140
100.0
141
1.0
290
     0
  0
ACDBSECTIONVIEWSTYLE
  5
1E4
102
{ACAD_XDICTIONARY
360
726
102
}
102
{ACAD_REACTORS
330
1E3
102
}
330
1E3
100
AcDbModelDocViewStyle
 70
     0
  3
Metric50
290
     0
100
AcDbSectionViewStyle
 70
     0
 71
     0
 90
      102
 71
     1
340
11
 40
5.0
340
0
340
0
 40
5.0
300
I, O, Q, S, X, Z
 40
10.0
 90
        0
 40
2.5
 90
        0
 71
     2
340
16
 90
       25
340
16
 90
       50
 40
5.0
 40
2.5
 40
5.0
 71
     3
340
11
 40
5.0
 90
        0
 40
15.0
 90
        1
300
%<\AcVar ViewSectionStartId>%-%<\AcVar ViewSectionEndId>% (%<\AcVar ViewScale \f "%sn">%)
 71
     4
300
ANSI31
 40
1.0
 90
        0
290
     0
290
     0
 90
        6
 40
0.0
 40
1.570796326794896
 40
0.2617993877991494
 40
1.308996938995747
 40
-0.2617993877991494
 40
1.832595714594046
  0
TABLESTYLE
  5
194
102
{ACAD_XDICTIONARY
360
195
102
}
102
{ACAD_REACTORS
330
193
102
}
330
193
100
AcDbTableStyle
  3

 70
     0
 71
     0
 40
0.06
 41
0.06
280
     0
281
     0
  7
Standard
140
0.18
170
     1
 62
     0
 63
     7
283
     0
274
    -2
284
     1
 64
     0
275
    -2
285
     1
 65
     0
276
    -2
286
     1
 66
     0
277
    -2
287
     1
 67
     0
278
    -2
288
     1
 68
     0
279
    -2
289
     1
 69
     0
  7
Standard
140
0.18
170
     1
 62
     0
 63
     7
283
     0
274
    -2
284
     1
 64
     0
275
    -2
285
     1
 65
     0
276
    -2
286
     1
 66
     0
277
    -2
287
     1
 67
     0
278
    -2
288
     1
 68
     0
279
    -2
289
     1
 69
     0
  7
Standard
140
0.18
170
     1
 62
     0
 63
     7
283
     0
274
    -2
284
     1
 64
     0
275
    -2
285
     1
 65
     0
276
    -2
286
     1
 66
     0
277
    -2
287
     1
 67
     0
278
    -2
288
     1
 68
     0
279
    -2
289
     1
 69
     0
  0
VISUALSTYLE
  5
1BF
102
{ACAD_XDICTIONARY
360
700
102
}
102
{ACAD_REACTORS
330
19B
102
}
330
19B
100
AcDbVisualStyle
  2
2dWireframe
 70
     4
 71
     0
 72
     2
 73
     0
 90
        0
 40
-0.6
 41
-30.0
 62
     5
 63
     7
 74
     1
 91
        4
 64
     7
 65
   257
 75
     1
175
     1
 42
1.0
 92
        0
 66
   257
 43
1.0
 76
     1
 77
     6
 78
     2
 67
     7
 79
     5
170
     0
171
     0
290
     0
174
     0
 93
        1
 44
0.0
173
     0
291
     0
 45
0.0
1001
ACAD
1000
AcDbSavedByObjectVersion
1070
     0
  0
VISUALSTYLE
  5
1BE
102
{ACAD_XDICTIONARY
360
6FE
102
}
102
{ACAD_REACTORS
330
19B
102
}
330
19B
100
AcDbVisualStyle
  2
Basic
 70
     7
 71
     1
 72
     0
 73
     1
 90
        0
 40
-0.6
 41
-30.0
 62
     5
 63
     7
 74
     0
 91
        4
 64
     7
 65
   257
 75
     1
175
     1
 42
1.0
 92
        8
 66
     7
 43
1.0
 76
     1
 77
     6
 78
     2
 67
     7
 79
     5
170
     0
171
     0
290
     0
174
     0
 93
        1
 44
0.0
173
     0
291
     1
 45
0.0
1001
ACAD
1000
AcDbSavedByObjectVersion
1070
     0
  0
VISUALSTYLE
  5
1C5
102
{ACAD_XDICTIONARY
360
70C
102
}
102
{ACAD_REACTORS
330
19B
102
}
330
19B
100
AcDbVisualStyle
  2
Brighten
 70
    12
 71
     2
 72
     2
 73
     0
 90
        0
 40
-0.6
 41
-30.0
 62
     5
 63
     7
 74
     1
 91
        4
 64
     7
 65
   257
 75
     1
175
     1
 42
1.0
 92
        8
 66
     7
 43
1.0
 76
     1
 77
     6
 78
     2
 67
     7
 79
     5
170
     0
171
     0
290
     0
174
     0
 93
        1
 44
50.0
173
     0
291
     1
 45
0.0
1001
ACAD
1000
AcDbSavedByObjectVersion
1070
     0
  0
VISUALSTYLE
  5
1C9
102
{ACAD_XDICTIONARY
360
714
102
}
102
{ACAD_REACTORS
330
19B
102
}
330
19B
100
AcDbVisualStyle
  2
ColorChange
 70
    16
 71
     2
 72
     2
 73
     3
 90
        0
 40
-0.6
 41
-30.0
 62
     5
 63
     8
 74
     1
 91
        4
 64
     7
 65
   257
 75
     1
175
     1
 42
1.0
 92
        8
 66
     8
 43
1.0
 76
     1
 77
     6
 78
     2
 67
     7
 79
     5
170
     0
171
     0
290
     0
174
     0
 93
        1
 44
0.0
173
     0
291
     1
 45
0.0
1001
ACAD
1000
AcDbSavedByObjectVersion
1070
     0
  0
VISUALSTYLE
  5
1C2
102
{ACAD_XDICTIONARY
360
706
102
}
102
{ACAD_REACTORS
330
19B
102
}
330
19B
100
AcDbVisualStyle
  2
Conceptual
 70
     9
 71
     3
 72
     2
 73
     0
 90
        0
 40
-0.6
 41
-30.0
 62
     5
 63
     7
 74
     2
 91
        2
 64
     7
 65
   257
 75
     1
175
     1
 42
179.0
 92
        8
 66
     7
 43
1.0
 76
     1
 77
     6
 78
     2
 67
     7
 79
     3
170
     0
171
     0
290
     0
174
     0
 93
        1
 44
0.0
173
     0
291
     0
 45
0.0
1001
ACAD
1000
AcDbSavedByObjectVersion
1070
     0
  0
VISUALSTYLE
  5
1C4
102
{ACAD_XDICTIONARY
360
70A
102
}
102
{ACAD_REACTORS
330
19B
102
}
330
19B
100
AcDbVisualStyle
  2
Dim
 70
    11
 71
     2
 72
     2
 73
     0
 90
        0
 40
-0.6
 41
-30.0
 62
     5
 63
     7
 74
     1
 91
        4
 64
     7
 65
   257
 75
     1
175
     1
 42
1.0
 92
        8
 66
     7
 43
1.0
 76
     1
 77
     6
 78
     2
 67
     7
 79
     5
170
     0
171
     0
290
     0
174
     0
 93
        1
 44
-50.0
173
     0
291
     1
 45
0.0
1001
ACAD
1000
AcDbSavedByObjectVersion
1070
     0
  0
VISUALSTYLE
  5
1D1
102
{ACAD_XDICTIONARY
360
724
102
}
102
{ACAD_REACTORS
330
19B
102
}
330
19B
100
AcDbVisualStyle
  2
EdgeColorOff
 70
    22
 71
     2
 72
     2
 73
     0
 90
        0
 40
-0.6
 41
-30.0
 62
     5
 63
     7
 74
     1
 91
        4
 64
     7
 65
   257
 75
     1
175
     1
 42
1.0
 92
        8
 66
     7
 43
1.0
 76
     1
 77
     6
 78
     2
 67
     7
 79
     5
170
     0
171
     0
290
     0
174
     0
 93
        1
 44
0.0
173
     0
291
     1
 45
0.0
1001
ACAD
1000
AcDbSavedByObjectVersion
1070
     0
  0
VISUALSTYLE
  5
1C8
102
{ACAD_XDICTIONARY
360
712
102
}
102
{ACAD_REACTORS
330
19B
102
}
330
19B
100
AcDbVisualStyle
  2
Facepattern
 70
    15
 71
     2
 72
     2
 73
     0
 90
        0
 40
-0.6
 41
-30.0
 62
     5
 63
     7
 74
     1
 91
        4
 64
     7
 65
   257
 75
     1
175
     1
 42
1.0
 92
        8
 66
     7
 43
1.0
 76
     1
 77
     6
 78
     2
 67
     7
 79
     5
170
     0
171
     0
290
     0
174
     0
 93
        1
 44
0.0
173
     0
291
     1
 45
0.0
1001
ACAD
1000
AcDbSavedByObjectVersion
1070
     0
  0
VISUALSTYLE
  5
1BA
102
{ACAD_XDICTIONARY
360
6F6
102
}
102
{ACAD_REACTORS
330
19B
102
}
330
19B
100
AcDbVisualStyle
  2
Flat
 70
     0
 71
     2
 72
     1
 73
     1
 90
        2
 40
-0.6
 41
30.0
 62
     5
 63
     7
 74
     0
 91
        0
 64
     7
 65
   257
 75
     1
175
     1
 42
1.0
 92
        8
 66
     7
 43
1.0
 76
     1
 77
     6
 78
     2
 67
     7
 79
     5
170
     0
171
     0
290
     0
174
     0
 93
       13
 44
0.0
173
     0
291
     1
 45
0.0
1001
ACAD
1000
AcDbSavedByObjectVersion
1070
     0
  0
VISUALSTYLE
  5
1BB
102
{ACAD_XDICTIONARY
360
6F8
102
}
102
{ACAD_REACTORS
330
19B
102
}
330
19B
100
AcDbVisualStyle
  2
FlatWithEdges
 70
     1
 71
     2
 72
     1
 73
     1
 90
        2
 40
-0.6
 41
30.0
 62
     5
 63
     7
 74
     1
 91
        0
 64
     7
 65
   257
 75
     1
175
     1
 42
1.0
 92
        0
 66
   257
 43
1.0
 76
     1
 77
     6
 78
     2
 67
     7
 79
     5
170
     0
171
     0
290
     0
174
     0
 93
       13
 44
0.0
173
     0
291
     1
 45
0.0
1001
ACAD
1000
AcDbSavedByObjectVersion
1070
     0
  0
VISUALSTYLE
  5
1BC
102
{ACAD_XDICTIONARY
360
6FA
102
}
102
{ACAD_REACTORS
330
19B
102
}
330
19B
100
AcDbVisualStyle
  2
Gouraud
 70
     2
 71
     2
 72
     2
 73
     1
 90
        2
 40
-0.6
 41
30.0
 62
     5
 63
     7
 74
     0
 91
        0
 64
     7
 65
   257
 75
     1
175
     1
 42
1.0
 92
        0
 66
     7
 43
1.0
 76
     1
 77
     6
 78
     2
 67
     7
 79
     5
170
     0
171
     0
290
     0
174
     0
 93
       13
 44
0.0
173
     0
291
     1
 45
0.0
1001
ACAD
1000
AcDbSavedByObjectVersion
1070
     0
  0
VISUALSTYLE
  5
1BD
102
{ACAD_XDICTIONARY
360
6FC
102
}
102
{ACAD_REACTORS
330
19B
102
}
330
19B
100
AcDbVisualStyle
  2
GouraudWithEdges
 70
     3
 71
     2
 72
     2
 73
     1
 90
        2
 40
-0.6
 41
30.0
 62
     5
 63
     7
 74
     1
 91
        0
 64
     7
 65
   257
 75
     1
175
     1
 42
1.0
 92
        0
 66
   257
 43
1.0
 76
     1
 77
     6
 78
     2
 67
     7
 79
     5
170
     0
171
     0
290
     0
174
     0
 93
       13
 44
0.0
173
     0
291
     1
 45
0.0
1001
ACAD
1000
AcDbSavedByObjectVersion
1070
     0
  0
VISUALSTYLE
  5
1C1
102
{ACAD_XDICTIONARY
360
704
102
}
102
{ACAD_REACTORS
330
19B
102
}
330
19B
100
AcDbVisualStyle
  2
Hidden
 70
     6
 71
     1
 72
     2
 73
     2
 90
        0
 40
-0.6
 41
-30.0
 62
     5
 63
     7
 74
     2
 91
        2
 64
     7
 65
   257
 75
     2
175
     1
 42
40.0
 92
        0
 66
   257
 43
1.0
 76
     1
 77
     6
 78
     2
 67
     7
 79
     3
170
     0
171
     0
290
     0
174
     0
 93
        1
 44
0.0
173
     0
291
     0
 45
0.0
1001
ACAD
1000
AcDbSavedByObjectVersion
1070
     0
  0
VISUALSTYLE
  5
1CF
102
{ACAD_XDICTIONARY
360
720
102
}
102
{ACAD_REACTORS
330
19B
102
}
330
19B
100
AcDbVisualStyle
  2
JitterOff
 70
    20
 71
     2
 72
     2
 73
     0
 90
        0
 40
-0.6
 41
-30.0
 62
     5
 63
     7
 74
     1
 91
        4
 64
     7
 65
   257
 75
     1
175
     1
 42
1.0
 92
       10
 66
     7
 43
1.0
 76
     1
 77
     6
 78
     2
 67
     7
 79
     5
170
     0
171
     0
290
     0
174
     0
 93
        1
 44
0.0
173
     0
291
     1
 45
0.0
1001
ACAD
1000
AcDbSavedByObjectVersion
1070
     0
  0
VISUALSTYLE
  5
1C7
102
{ACAD_XDICTIONARY
360
710
102
}
102
{ACAD_REACTORS
330
19B
102
}
330
19B
100
AcDbVisualStyle
  2
Linepattern
 70
    14
 71
     2
 72
     2
 73
     0
 90
        0
 40
-0.6
 41
-30.0
 62
     5
 63
     7
 74
     1
 91
        4
 64
     7
 65
   257
 75
     7
175
     7
 42
1.0
 92
        8
 66
     7
 43
1.0
 76
     1
 77
     6
 78
     2
 67
     7
 79
     5
170
     0
171
     0
290
     0
174
     0
 93
        1
 44
0.0
173
     0
291
     1
 45
0.0
1001
ACAD
1000
AcDbSavedByObjectVersion
1070
     0
  0
VISUALSTYLE
  5
1D0
102
{ACAD_XDICTIONARY
360
722
102
}
102
{ACAD_REACTORS
330
19B
102
}
330
19B
100
AcDbVisualStyle
  2
OverhangOff
 70
    21
 71
     2
 72
     2
 73
     0
 90
        0
 40
-0.6
 41
-30.0
 62
     5
 63
     7
 74
     1
 91
        4
 64
     7
 65
   257
 75
     1
175
     1
 42
1.0
 92
        9
 66
     7
 43
1.0
 76
     1
 77
     6
 78
     2
 67
     7
 79
     5
170
     0
171
     0
290
     0
174
     0
 93
        1
 44
0.0
173
     0
291
     1
 45
0.0
1001
ACAD
1000
AcDbSavedByObjectVersion
1070
     0
  0
VISUALSTYLE
  5
1C3
102
{ACAD_XDICTIONARY
360
708
102
}
102
{ACAD_REACTORS
330
19B
102
}
330
19B
100
AcDbVisualStyle
  2
Realistic
 70
     8
 71
     2
 72
     3
 73
     0
 90
        2
 40
-0.6
 41
30.0
 62
     5
 63
     7
 74
     0
 91
        0
 64
     7
 65
   257
 75
     1
175
     1
 42
1.0
 92
        8
 66
   257
 43
1.0
 76
     1
 77
     6
 78
     2
 67
     7
 79
     3
170
     0
171
     0
290
     0
174
     0
 93
       13
 44
0.0
173
     0
291
     0
 45
0.0
1001
ACAD
1000
AcDbSavedByObjectVersion
1070
     0
  0
VISUALSTYLE
  5
1CE
102
{ACAD_XDICTIONARY
360
71E
102
}
102
{ACAD_REACTORS
330
19B
102
}
330
19B
100
AcDbVisualStyle
  2
Shaded
 70
    27
 71
     2
 72
     2
 73
     1
 90
        2
 40
-0.6
 41
30.0
 62
     5
 63
     7
 74
     0
 91
        4
 64
     7
 65
   257
 75
     1
175
     1
 42
1.0
 92
        8
 66
   257
 43
1.0
 76
     1
 77
     6
 78
     2
 67
     8
 79
     3
170
     0
171
     0
290
     0
174
     0
 93
        5
 44
0.0
173
     0
291
     0
 45
0.0
1001
ACAD
1000
AcDbSavedByObjectVersion
1070
     0
  0
VISUALSTYLE
  5
1CD
102
{ACAD_XDICTIONARY
360
71C
102
}
102
{ACAD_REACTORS
330
19B
102
}
330
19B
100
AcDbVisualStyle
  2
Shaded with edges
 70
    26
 71
     2
 72
     2
 73
     1
 90
        2
 40
-0.6
 41
30.0
 62
     5
 63
     7
 74
     1
 91
        2
 64
     7
 65
   257
 75
     2
175
     1
 42
1.0
 92
        8
 66
   257
 43
1.0
 76
     1
 77
     6
 78
     2
 67
     7
 79
     3
170
     0
171
     0
290
     0
174
     0
 93
        5
 44
0.0
173
     0
291
     0
 45
0.0
1001
ACAD
1000
AcDbSavedByObjectVersion
1070
     0
  0
VISUALSTYLE
  5
1CA
102
{ACAD_XDICTIONARY
360
716
102
}
102
{ACAD_REACTORS
330
19B
102
}
330
19B
100
AcDbVisualStyle
  2
Shades of Gray
 70
    23
 71
     2
 72
     2
 73
     3
 90
        0
 40
-0.6
 41
-30.0
 62
     5
 63
     7
 74
     2
 91
        2
 64
     7
 65
     7
 75
     1
175
     1
 42
40.0
 92
        8
 66
     7
 43
1.0
 76
     1
 77
     6
 78
     2
 67
     7
 79
     3
170
     0
171
     0
290
     0
174
     0
 93
        1
 44
0.0
173
     0
291
     0
 45
0.0
1001
ACAD
1000
AcDbSavedByObjectVersion
1070
     0
  0
VISUALSTYLE
  5
1CB
102
{ACAD_XDICTIONARY
360
718
102
}
102
{ACAD_REACTORS
330
19B
102
}
330
19B
100
AcDbVisualStyle
  2
Sketchy
 70
    24
 71
     1
 72
     2
 73
     2
 90
        0
 40
-0.6
 41
-30.0
 62
     5
 63
     7
 74
     2
 91
        2
 64
     7
 65
     7
 75
     1
175
     1
 42
40.0
 92
       11
 66
     7
 43
1.0
 76
     1
 77
     6
 78
     2
 67
     7
 79
     6
170
     0
171
     0
290
     0
174
     0
 93
        1
 44
0.0
173
     0
291
     0
 45
0.0
1001
ACAD
1000
AcDbSavedByObjectVersion
1070
     0
  0
VISUALSTYLE
  5
1C6
102
{ACAD_XDICTIONARY
360
70E
102
}
102
{ACAD_REACTORS
330
19B
102
}
330
19B
100
AcDbVisualStyle
  2
Thicken
 70
    13
 71
     2
 72
     2
 73
     0
 90
        0
 40
-0.6
 41
-30.0
 62
     5
 63
     7
 74
     1
 91
        4
 64
     7
 65
   257
 75
     1
175
     1
 42
1.0
 92
       12
 66
     7
 43
1.0
 76
     1
 77
     6
 78
     2
 67
     7
 79
     5
170
     0
171
     0
290
     0
174
     0
 93
        1
 44
0.0
173
     0
291
     1
 45
0.0
1001
ACAD
1000
AcDbSavedByObjectVersion
1070
     0
  0
VISUALSTYLE
  5
1C0
102
{ACAD_XDICTIONARY
360
702
102
}
102
{ACAD_REACTORS
330
19B
102
}
330
19B
100
AcDbVisualStyle
  2
Wireframe
 70
     5
 71
     0
 72
     2
 73
     0
 90
        0
 40
-0.6
 41
-30.0
 62
     5
 63
     7
 74
     1
 91
        4
 64
     7
 65
   257
 75
     1
175
     1
 42
1.0
 92
        0
 66
   257
 43
1.0
 76
     1
 77
     6
 78
     2
 67
     7
 79
     3
170
     0
171
     0
290
     0
174
     0
 93
        1
 44
0.0
173
     0
291
     0
 45
0.0
1001
ACAD
1000
AcDbSavedByObjectVersion
1070
     0
  0
VISUALSTYLE
  5
1CC
102
{ACAD_XDICTIONARY
360
71A
102
}
102
{ACAD_REACTORS
330
19B
102
}
330
19B
100
AcDbVisualStyle
  2
X-Ray
 70
    25
 71
     2
 72
     2
 73
     1
 90
        1
 40
0.5
 41
-30.0
 62
     5
 63
     7
 74
     1
 91
        0
 64
     7
 65
   257
 75
     1
175
     1
 42
1.0
 92
        8
 66
     7
 43
1.0
 76
     1
 77
     6
 78
     2
 67
     7
 79
     3
170
     0
171
     0
290
     0
174
     0
 93
       13
 44
0.0
173
     0
291
     0
 45
0.0
1001
ACAD
1000
AcDbSavedByObjectVersion
1070
     0
  0
DICTIONARYVAR
  5
639
102
{ACAD_REACTORS
330
198
102
}
330
198
100
DictionaryVariables
280
     0
  1
1:1
  0
DICTIONARYVAR
  5
636
102
{ACAD_REACTORS
330
198
102
}
330
198
100
DictionaryVariables
280
     0
  1
STANDARD
  0
DICTIONARYVAR
  5
635
102
{ACAD_REACTORS
330
198
102
}
330
198
100
DictionaryVariables
280
     0
  1
STANDARD
  0
DICTIONARYVAR
  5
637
102
{ACAD_REACTORS
330
198
102
}
330
198
100
DictionaryVariables
280
     0
  1
Metric50
  0
DICTIONARYVAR
  5
638
102
{ACAD_REACTORS
330
198
102
}
330
198
100
DictionaryVariables
280
     0
  1
Metric50
  0
DICTIONARYVAR
  5
199
102
{ACAD_REACTORS
330
198
102
}
330
198
100
DictionaryVariables
280
     0
  1
1
  0
DICTIONARYVAR
  5
19A
102
{ACAD_REACTORS
330
198
102
}
330
198
100
DictionaryVariables
280
     0
  1
0
  0
DICTIONARYVAR
  5
63B
102
{ACAD_REACTORS
330
198
102
}
330
198
100
DictionaryVariables
280
     0
  1
0
  0
DICTIONARYVAR
  5
63A
102
{ACAD_REACTORS
330
198
102
}
330
198
100
DictionaryVariables
280
     0
  1
127
  0
DICTIONARYVAR
  5
63C
102
{ACAD_REACTORS
330
198
102
}
330
198
100
DictionaryVariables
280
     0
  1
2
  0
DICTIONARY
  5
728
330
1E6
100
AcDbDictionary
280
     1
281
     1
  3
ACAD_XREC_ROUNDTRIP
360
729
  0
DICTIONARY
  5
6EE
330
1E
100
AcDbDictionary
280
     1
281
     1
  3
ACAD_XREC_ROUNDTRIP
360
6EF
  0
DICTIONARY
  5
6F0
330
22
100
AcDbDictionary
280
     1
281
     1
  3
ACAD_XREC_ROUNDTRIP
360
6F1
  0
DICTIONARY
  5
1AB
330
1AA
100
AcDbDictionary
280
     1
281
     1
  3
ACAD_XREC_ROUNDTRIP
360
6F4
  3
BUMPTILE
360
1AD
  3
DIFFUSETILE
360
1AC
  3
OPACITYTILE
360
1B0
  3
REFLECTIONTILE
360
1AF
  3
REFRACTIONTILE
360
1B1
  3
SPECULARTILE
360
1AE
  0
DICTIONARY
  5
1A3
330
1A2
100
AcDbDictionary
280
     1
281
     1
  3
ACAD_XREC_ROUNDTRIP
360
6F3
  3
BUMPTILE
360
1A5
  3
DIFFUSETILE
360
1A4
  3
OPACITYTILE
360
1A8
  3
REFLECTIONTILE
360
1A7
  3
REFRACTIONTILE
360
1A9
  3
SPECULARTILE
360
1A6
  0
DICTIONARY
  5
1B3
330
1B2
100
AcDbDictionary
280
     1
281
     1
  3
ACAD_XREC_ROUNDTRIP
360
6F5
  3
BUMPTILE
360
1B5
  3
DIFFUSETILE
360
1B4
  3
OPACITYTILE
360
1B8
  3
REFLECTIONTILE
360
1B7
  3
REFRACTIONTILE
360
1B9
  3
SPECULARTILE
360
1B6
  0
DICTIONARY
  5
726
330
1E4
100
AcDbDictionary
280
     1
281
     1
  3
ACAD_XREC_ROUNDTRIP
360
727
  0
DICTIONARY
  5
195
330
194
100
AcDbDictionary
281
     1
  3
ACAD_ROUNDTRIP_2008_TABLESTYLE_CELLSTYLEMAP
350
6EB
  3
ACAD_XREC_ROUNDTRIP
350
6F2
  0
DICTIONARY
  5
700
330
1BF
100
AcDbDictionary
280
     1
281
     1
  3
ACAD_XREC_ROUNDTRIP
360
701
  0
DICTIONARY
  5
6FE
330
1BE
100
AcDbDictionary
280
     1
281
     1
  3
ACAD_XREC_ROUNDTRIP
360
6FF
  0
DICTIONARY
  5
70C
330
1C5
100
AcDbDictionary
280
     1
281
     1
  3
ACAD_XREC_ROUNDTRIP
360
70D
  0
DICTIONARY
  5
714
330
1C9
100
AcDbDictionary
280
     1
281
     1
  3
ACAD_XREC_ROUNDTRIP
360
715
  0
DICTIONARY
  5
706
330
1C2
100
AcDbDictionary
280
     1
281
     1
  3
ACAD_XREC_ROUNDTRIP
360
707
  0
DICTIONARY
  5
70A
330
1C4
100
AcDbDictionary
280
     1
281
     1
  3
ACAD_XREC_ROUNDTRIP
360
70B
  0
DICTIONARY
  5
724
330
1D1
100
AcDbDictionary
280
     1
281
     1
  3
ACAD_XREC_ROUNDTRIP
360
725
  0
DICTIONARY
  5
712
330
1C8
100
AcDbDictionary
280
     1
281
     1
  3
ACAD_XREC_ROUNDTRIP
360
713
  0
DICTIONARY
  5
6F6
330
1BA
100
AcDbDictionary
280
     1
281
     1
  3
ACAD_XREC_ROUNDTRIP
360
6F7
  0
DICTIONARY
  5
6F8
330
1BB
100
AcDbDictionary
280
     1
281
     1
  3
ACAD_XREC_ROUNDTRIP
360
6F9
  0
DICTIONARY
  5
6FA
330
1BC
100
AcDbDictionary
280
     1
281
     1
  3
ACAD_XREC_ROUNDTRIP
360
6FB
  0
DICTIONARY
  5
6FC
330
1BD
100
AcDbDictionary
280
     1
281
     1
  3
ACAD_XREC_ROUNDTRIP
360
6FD
  0
DICTIONARY
  5
704
330
1C1
100
AcDbDictionary
280
     1
281
     1
  3
ACAD_XREC_ROUNDTRIP
360
705
  0
DICTIONARY
  5
720
330
1CF
100
AcDbDictionary
280
     1
281
     1
  3
ACAD_XREC_ROUNDTRIP
360
721
  0
DICTIONARY
  5
710
330
1C7
100
AcDbDictionary
280
     1
281
     1
  3
ACAD_XREC_ROUNDTRIP
360
711
  0
DICTIONARY
  5
722
330
1D0
100
AcDbDictionary
280
     1
281
     1
  3
ACAD_XREC_ROUNDTRIP
360
723
  0
DICTIONARY
  5
708
330
1C3
100
AcDbDictionary
280
     1
281
     1
  3
ACAD_XREC_ROUNDTRIP
360
709
  0
DICTIONARY
  5
71E
330
1CE
100
AcDbDictionary
280
     1
281
     1
  3
ACAD_XREC_ROUNDTRIP
360
71F
  0
DICTIONARY
  5
71C
330
1CD
100
AcDbDictionary
280
     1
281
     1
  3
ACAD_XREC_ROUNDTRIP
360
71D
  0
DICTIONARY
  5
716
330
1CA
100
AcDbDictionary
280
     1
281
     1
  3
ACAD_XREC_ROUNDTRIP
360
717
  0
DICTIONARY
  5
718
330
1CB
100
AcDbDictionary
280
     1
281
     1
  3
ACAD_XREC_ROUNDTRIP
360
719
  0
DICTIONARY
  5
70E
330
1C6
100
AcDbDictionary
280
     1
281
     1
  3
ACAD_XREC_ROUNDTRIP
360
70F
  0
DICTIONARY
  5
702
330
1C0
100
AcDbDictionary
280
     1
281
     1
  3
ACAD_XREC_ROUNDTRIP
360
703
  0
DICTIONARY
  5
71A
330
1CC
100
AcDbDictionary
280
     1
281
     1
  3
ACAD_XREC_ROUNDTRIP
360
71B
  0
XRECORD
  5
729
102
{ACAD_REACTORS
330
728
102
}
330
728
100
AcDbXrecord
280
     1
102
DISPLAYNAME
  1
Metric50
102
FLAGS
 90
        0
  0
XRECORD
  5
6EF
102
{ACAD_REACTORS
330
6EE
102
}
330
6EE
100
AcDbXrecord
280
     1
102
SHADEPLOT
 70
     0
102
SHADEPLOTRESLEVEL
 70
     0
102
SHADEPLOTCUSTOMDPI
 70
     0
  0
XRECORD
  5
6F1
102
{ACAD_REACTORS
330
6F0
102
}
330
6F0
100
AcDbXrecord
280
     1
102
SHADEPLOT
 70
     0
102
SHADEPLOTRESLEVEL
 70
     0
102
SHADEPLOTCUSTOMDPI
 70
     0
  0
XRECORD
  5
6F4
102
{ACAD_REACTORS
330
1AB
102
}
330
1AB
100
AcDbXrecord
280
     1
102
MATERIAL
148
0.0
149
0.0
149
0.0
 93
        0
 94
      127
282
     0
 72
     0
 77
     0
171
     0
175
     0
179
     0
273
     0
  0
XRECORD
  5
1AD
102
{ACAD_REACTORS
330
1AB
102
}
330
1AB
100
AcDbXrecord
280
     1
270
     1
271
     1
  0
XRECORD
  5
1AC
102
{ACAD_REACTORS
330
1AB
102
}
330
1AB
100
AcDbXrecord
280
     1
270
     1
271
     1
  0
XRECORD
  5
1B0
102
{ACAD_REACTORS
330
1AB
102
}
330
1AB
100
AcDbXrecord
280
     1
270
     1
271
     1
  0
XRECORD
  5
1AF
102
{ACAD_REACTORS
330
1AB
102
}
330
1AB
100
AcDbXrecord
280
     1
270
     1
271
     1
  0
XRECORD
  5
1B1
102
{ACAD_REACTORS
330
1AB
102
}
330
1AB
100
AcDbXrecord
280
     1
270
     1
271
     1
  0
XRECORD
  5
1AE
102
{ACAD_REACTORS
330
1AB
102
}
330
1AB
100
AcDbXrecord
280
     1
270
     1
271
     1
  0
XRECORD
  5
6F3
102
{ACAD_REACTORS
330
1A3
102
}
330
1A3
100
AcDbXrecord
280
     1
102
MATERIAL
148
0.0
149
0.0
149
0.0
 93
        0
 94
      127
282
     0
 72
     0
 77
     0
171
     0
175
     0
179
     0
273
     0
  0
XRECORD
  5
1A5
102
{ACAD_REACTORS
330
1A3
102
}
330
1A3
100
AcDbXrecord
280
     1
270
     1
271
     1
  0
XRECORD
  5
1A4
102
{ACAD_REACTORS
330
1A3
102
}
330
1A3
100
AcDbXrecord
280
     1
270
     1
271
     1
  0
XRECORD
  5
1A8
102
{ACAD_REACTORS
330
1A3
102
}
330
1A3
100
AcDbXrecord
280
     1
270
     1
271
     1
  0
XRECORD
  5
1A7
102
{ACAD_REACTORS
330
1A3
102
}
330
1A3
100
AcDbXrecord
280
     1
270
     1
271
     1
  0
XRECORD
  5
1A9
102
{ACAD_REACTORS
330
1A3
102
}
330
1A3
100
AcDbXrecord
280
     1
270
     1
271
     1
  0
XRECORD
  5
1A6
102
{ACAD_REACTORS
330
1A3
102
}
330
1A3
100
AcDbXrecord
280
     1
270
     1
271
     1
  0
XRECORD
  5
6F5
102
{ACAD_REACTORS
330
1B3
102
}
330
1B3
100
AcDbXrecord
280
     1
102
MATERIAL
148
0.0
149
0.0
149
0.0
 93
        0
 94
      127
282
     0
 72
     0
 77
     0
171
     0
175
     0
179
     0
273
     0
  0
XRECORD
  5
1B5
102
{ACAD_REACTORS
330
1B3
102
}
330
1B3
100
AcDbXrecord
280
     1
270
     1
271
     1
  0
XRECORD
  5
1B4
102
{ACAD_REACTORS
330
1B3
102
}
330
1B3
100
AcDbXrecord
280
     1
270
     1
271
     1
  0
XRECORD
  5
1B8
102
{ACAD_REACTORS
330
1B3
102
}
330
1B3
100
AcDbXrecord
280
     1
270
     1
271
     1
  0
XRECORD
  5
1B7
102
{ACAD_REACTORS
330
1B3
102
}
330
1B3
100
AcDbXrecord
280
     1
270
     1
271
     1
  0
XRECORD
  5
1B9
102
{ACAD_REACTORS
330
1B3
102
}
330
1B3
100
AcDbXrecord
280
     1
270
     1
271
     1
  0
XRECORD
  5
1B6
102
{ACAD_REACTORS
330
1B3
102
}
330
1B3
100
AcDbXrecord
280
     1
270
     1
271
     1
  0
XRECORD
  5
727
102
{ACAD_REACTORS
330
726
102
}
330
726
100
AcDbXrecord
280
     1
102
DISPLAYNAME
  1
Metric50
102
FLAGS
 90
        0
  0
CELLSTYLEMAP
  5
6EB
102
{ACAD_REACTORS
330
195
102
}
330
195
100
AcDbCellStyleMap
 90
        3
300
CELLSTYLE
  1
TABLEFORMAT_BEGIN
 90
        5
170
     1
 91
        0
 92
    32768
 62
   257
 93
        1
300
CONTENTFORMAT
  1
CONTENTFORMAT_BEGIN
 90
        0
 91
        0
 92
        4
 93
        0
300

 40
0.0
140
1.0
 94
        1
 62
     0
340
11
144
0.18
309
CONTENTFORMAT_END
171
     1
301
MARGIN
  1
CELLMARGIN_BEGIN
 40
0.06
 40
0.06
 40
0.06
 40
0.06
 40
0.18
 40
0.18
309
CELLMARGIN_END
 94
        6
 95
        1
302
GRIDFORMAT
  1
GRIDFORMAT_BEGIN
 90
        0
 91
        1
 62
     0
 92
       -2
340
0
 93
        0
 40
0.045
309
GRIDFORMAT_END
 95
        2
302
GRIDFORMAT
  1
GRIDFORMAT_BEGIN
 90
        0
 91
        1
 62
     0
 92
       -2
340
0
 93
        0
 40
0.045
309
GRIDFORMAT_END
 95
        4
302
GRIDFORMAT
  1
GRIDFORMAT_BEGIN
 90
        0
 91
        1
 62
     0
 92
       -2
340
0
 93
        0
 40
0.045
309
GRIDFORMAT_END
 95
        8
302
GRIDFORMAT
  1
GRIDFORMAT_BEGIN
 90
        0
 91
        1
 62
     0
 92
       -2
340
0
 93
        0
 40
0.045
309
GRIDFORMAT_END
 95
       16
302
GRIDFORMAT
  1
GRIDFORMAT_BEGIN
 90
        0
 91
        1
 62
     0
 92
       -2
340
0
 93
        0
 40
0.045
309
GRIDFORMAT_END
 95
       32
302
GRIDFORMAT
  1
GRIDFORMAT_BEGIN
 90
        0
 91
        1
 62
     0
 92
       -2
340
0
 93
        0
 40
0.045
309
GRIDFORMAT_END
309
TABLEFORMAT_END
  1
CELLSTYLE_BEGIN
 90
        1
 91
        2
300
_TITLE
309
CELLSTYLE_END
300
CELLSTYLE
  1
TABLEFORMAT_BEGIN
 90
        5
170
     1
 91
        0
 92
        0
 62
   257
 93
        1
300
CONTENTFORMAT
  1
CONTENTFORMAT_BEGIN
 90
        0
 91
        0
 92
        4
 93
        0
300

 40
0.0
140
1.0
 94
        1
 62
     0
340
11
144
0.18
309
CONTENTFORMAT_END
171
     1
301
MARGIN
  1
CELLMARGIN_BEGIN
 40
0.06
 40
0.06
 40
0.06
 40
0.06
 40
0.18
 40
0.18
309
CELLMARGIN_END
 94
        6
 95
        1
302
GRIDFORMAT
  1
GRIDFORMAT_BEGIN
 90
        0
 91
        1
 62
     0
 92
       -2
340
0
 93
        0
 40
0.045
309
GRIDFORMAT_END
 95
        2
302
GRIDFORMAT
  1
GRIDFORMAT_BEGIN
 90
        0
 91
        1
 62
     0
 92
       -2
340
0
 93
        0
 40
0.045
309
GRIDFORMAT_END
 95
        4
302
GRIDFORMAT
  1
GRIDFORMAT_BEGIN
 90
        0
 91
        1
 62
     0
 92
       -2
340
0
 93
        0
 40
0.045
309
GRIDFORMAT_END
 95
        8
302
GRIDFORMAT
  1
GRIDFORMAT_BEGIN
 90
        0
 91
        1
 62
     0
 92
       -2
340
0
 93
        0
 40
0.045
309
GRIDFORMAT_END
 95
       16
302
GRIDFORMAT
  1
GRIDFORMAT_BEGIN
 90
        0
 91
        1
 62
     0
 92
       -2
340
0
 93
        0
 40
0.045
309
GRIDFORMAT_END
 95
       32
302
GRIDFORMAT
  1
GRIDFORMAT_BEGIN
 90
        0
 91
        1
 62
     0
 92
       -2
340
0
 93
        0
 40
0.045
309
GRIDFORMAT_END
309
TABLEFORMAT_END
  1
CELLSTYLE_BEGIN
 90
        2
 91
        2
300
_HEADER
309
CELLSTYLE_END
300
CELLSTYLE
  1
TABLEFORMAT_BEGIN
 90
        5
170
     1
 91
        0
 92
        0
 62
   257
 93
        1
300
CONTENTFORMAT
  1
CONTENTFORMAT_BEGIN
 90
        0
 91
        0
 92
        4
 93
        0
300

 40
0.0
140
1.0
 94
        1
 62
     0
340
11
144
0.18
309
CONTENTFORMAT_END
171
     1
301
MARGIN
  1
CELLMARGIN_BEGIN
 40
0.06
 40
0.06
 40
0.06
 40
0.06
 40
0.18
 40
0.18
309
CELLMARGIN_END
 94
        6
 95
        1
302
GRIDFORMAT
  1
GRIDFORMAT_BEGIN
 90
        0
 91
        1
 62
     0
 92
       -2
340
0
 93
        0
 40
0.045
309
GRIDFORMAT_END
 95
        2
302
GRIDFORMAT
  1
GRIDFORMAT_BEGIN
 90
        0
 91
        1
 62
     0
 92
       -2
340
0
 93
        0
 40
0.045
309
GRIDFORMAT_END
 95
        4
302
GRIDFORMAT
  1
GRIDFORMAT_BEGIN
 90
        0
 91
        1
 62
     0
 92
       -2
340
0
 93
        0
 40
0.045
309
GRIDFORMAT_END
 95
        8
302
GRIDFORMAT
  1
GRIDFORMAT_BEGIN
 90
        0
 91
        1
 62
     0
 92
       -2
340
0
 93
        0
 40
0.045
309
GRIDFORMAT_END
 95
       16
302
GRIDFORMAT
  1
GRIDFORMAT_BEGIN
 90
        0
 91
        1
 62
     0
 92
       -2
340
0
 93
        0
 40
0.045
309
GRIDFORMAT_END
 95
       32
302
GRIDFORMAT
  1
GRIDFORMAT_BEGIN
 90
        0
 91
        1
 62
     0
 92
       -2
340
0
 93
        0
 40
0.045
309
GRIDFORMAT_END
309
TABLEFORMAT_END
  1
CELLSTYLE_BEGIN
 90
        3
 91
        2
300
_DATA
309
CELLSTYLE_END
  0
XRECORD
  5
6F2
102
{ACAD_REACTORS
330
195
102
}
330
195
100
AcDbXrecord
280
     1
102
ACAD_ROUNDTRIP_PRE2007_TABLESTYLE
 90
        4
 91
        0
  1

 92
        4
 93
        0
  2

 94
        4
 95
        0
  3

  0
XRECORD
  5
701
102
{ACAD_REACTORS
330
700
102
}
330
700
100
AcDbXrecord
280
     1
102
RTVSPost2010Prop28
280
     1
102
RTVSPost2010PropOp28
 70
     1
102
RTVSPost2010Prop29
280
     1
102
RTVSPost2010PropOp29
 70
     1
102
RTVSPost2010Prop30
280
     0
102
RTVSPost2010PropOp30
 70
     1
102
RTVSPost2010Prop31
280
     0
102
RTVSPost2010PropOp31
 70
     1
102
RTVSPost2010Prop32
280
     0
102
RTVSPost2010PropOp32
 70
     1
102
RTVSPost2010Prop33
280
     0
102
RTVSPost2010PropOp33
 70
     1
102
RTVSPost2010Prop34
280
     0
102
RTVSPost2010PropOp34
 70
     1
102
RTVSPost2010Prop35
280
     0
102
RTVSPost2010PropOp35
 70
     1
102
RTVSPost2010Prop36
280
     0
102
RTVSPost2010PropOp36
 70
     1
102
RTVSPost2010Prop37
 90
       50
102
RTVSPost2010PropOp37
 70
     1
102
RTVSPost2010Prop38
140
0.0
102
RTVSPost2010PropOp38
 70
     1
102
RTVSPost2010Prop39
140
1.0
102
RTVSPost2010PropOp39
 70
     1
102
RTVSPost2010Prop40
 90
        0
102
RTVSPost2010PropOp40
 70
     1
102
RTVSPost2010Prop41ColorIndex
 90
       18
102
RTVSPost2010Prop41ColorRGB
 90
        0
102
RTVSPost2010PropOp41
 70
     1
102
RTVSPost2010Prop42
 90
       50
102
RTVSPost2010PropOp42
 70
     1
102
RTVSPost2010Prop43
 90
        3
102
RTVSPost2010PropOp43
 70
     1
102
RTVSPost2010Prop44ColorIndex
 90
        5
102
RTVSPost2010Prop44ColorRGB
 90
      255
102
RTVSPost2010PropOp44
 70
     1
102
RTVSPost2010Prop45
280
     0
102
RTVSPost2010PropOp45
 70
     1
102
RTVSPost2010Prop46
 90
       50
102
RTVSPost2010PropOp46
 70
     1
102
RTVSPost2010Prop47
 90
       50
102
RTVSPost2010PropOp47
 70
     1
102
RTVSPost2010Prop48
 90
       50
102
RTVSPost2010PropOp48
 70
     1
102
RTVSPost2010Prop49
280
     0
102
RTVSPost2010PropOp49
 70
     1
102
RTVSPost2010Prop50
 90
       50
102
RTVSPost2010PropOp50
 70
     1
102
RTVSPost2010Prop51ColorIndex
 90
      256
102
RTVSPost2010Prop51ColorRGB
 90
-16777216
102
RTVSPost2010PropOp51
 70
     0
102
RTVSPost2010Prop52
140
1.0
102
RTVSPost2010PropOp52
 70
     0
102
RTVSPost2010Prop53
 90
        2
102
RTVSPost2010PropOp53
 70
     1
102
RTVSPost2010Prop54
  1
strokes_ogs.tif
102
RTVSPost2010PropOp54
 70
     1
102
RTVSPost2010Prop55
280
     0
102
RTVSPost2010PropOp55
 70
     1
102
RTVSPost2010Prop56
140
1.0
102
RTVSPost2010PropOp56
 70
     1
102
RTVSPost2010Prop57
140
1.0
102
RTVSPost2010PropOp57
 70
     1
102
RTVSPropertyOp0
 70
     1
102
RTVSPropertyOp1
 70
     1
102
RTVSPropertyOp2
 70
     1
102
RTVSPropertyOp3
 70
     1
102
RTVSPropertyOp4
 70
     1
102
RTVSPropertyOp5
 70
     1
102
RTVSPropertyOp6
 70
     1
102
RTVSPropertyOp7
 70
     1
102
RTVSPropertyOp8
 70
     1
102
RTVSPropertyOp9
 70
     1
102
RTVSPropertyOp10
 70
     1
102
RTVSPropertyOp11
 70
     1
102
RTVSPropertyOp12
 70
     1
102
RTVSPropertyOp13
 70
     1
102
RTVSPropertyOp14
 70
     1
102
RTVSPropertyOp15
 70
     1
102
RTVSPropertyOp16
 70
     1
102
RTVSPropertyOp17
 70
     1
102
RTVSPropertyOp18
 70
     1
102
RTVSPropertyOp19
 70
     1
102
RTVSPropertyOp20
 70
     1
102
RTVSPropertyOp21
 70
     1
102
RTVSPropertyOp22
 70
     1
102
RTVSPropertyOp23
 70
     1
102
RTVSPropertyOp24
 70
     1
102
RTVSPropertyOp25
 70
     1
102
RTVSPropertyOp26
 70
     1
102
RTVSPropertyOp27
 70
     1
102
RTVSPropertyOp28
 70
     1
102
RTVSPropertyOp29
 70
     1
102
RTVSPropertyOp30
 70
     1
102
RTVSPropertyOp31
 70
     1
102
RTVSPropertyOp32
 70
     1
102
RTVSPropertyOp33
 70
     1
102
RTVSPropertyOp34
 70
     1
102
RTVSPropertyOp35
 70
     1
102
RTVSPropertyOp36
 70
     1
102
RTVSPropertyOp37
 70
     1
102
RTVSPropertyOp38
 70
     1
102
RTVSPropertyOp39
 70
     1
102
RTVSPropertyOp40
 70
     1
102
RTVSPropertyOp41
 70
     1
102
RTVSPropertyOp42
 70
     1
102
RTVSPropertyOp43
 70
     1
102
RTVSPropertyOp44
 70
     1
102
RTVSPropertyOp45
 70
     1
102
RTVSPropertyOp46
 70
     1
102
RTVSPropertyOp47
 70
     1
102
RTVSPropertyOp48
 70
     1
102
RTVSPropertyOp49
 70
     1
102
RTVSPropertyOp50
 70
     1
102
RTVSPropertyOp51
 70
     0
102
RTVSPropertyOp52
 70
     0
102
RTVSPropertyOp53
 70
     1
102
RTVSPropertyOp54
 70
     1
102
RTVSPropertyOp55
 70
     1
102
RTVSPropertyOp56
 70
     1
102
RTVSPropertyOp57
 70
     1
102
RTVSPropertyOp58
 70
     1
102
RTVSPropertyOp59
 70
     1
102
RTVSPropertyOp60
 70
     1
102
RTVSPropertyOp61
 70
     1
102
RTVSPropertyOp62
 70
     1
  0
XRECORD
  5
6FF
102
{ACAD_REACTORS
330
6FE
102
}
330
6FE
100
AcDbXrecord
280
     1
102
RTVSPost2010Prop28
280
     0
102
RTVSPost2010PropOp28
 70
     1
102
RTVSPost2010Prop29
280
     1
102
RTVSPost2010PropOp29
 70
     1
102
RTVSPost2010Prop30
280
     1
102
RTVSPost2010PropOp30
 70
     1
102
RTVSPost2010Prop31
280
     0
102
RTVSPost2010PropOp31
 70
     1
102
RTVSPost2010Prop32
280
     0
102
RTVSPost2010PropOp32
 70
     1
102
RTVSPost2010Prop33
280
     0
102
RTVSPost2010PropOp33
 70
     1
102
RTVSPost2010Prop34
280
     0
102
RTVSPost2010PropOp34
 70
     1
102
RTVSPost2010Prop35
280
     0
102
RTVSPost2010PropOp35
 70
     1
102
RTVSPost2010Prop36
280
     0
102
RTVSPost2010PropOp36
 70
     1
102
RTVSPost2010Prop37
 90
       50
102
RTVSPost2010PropOp37
 70
     1
102
RTVSPost2010Prop38
140
0.0
102
RTVSPost2010PropOp38
 70
     1
102
RTVSPost2010Prop39
140
1.0
102
RTVSPost2010PropOp39
 70
     1
102
RTVSPost2010Prop40
 90
        0
102
RTVSPost2010PropOp40
 70
     1
102
RTVSPost2010Prop41ColorIndex
 90
       18
102
RTVSPost2010Prop41ColorRGB
 90
        0
102
RTVSPost2010PropOp41
 70
     1
102
RTVSPost2010Prop42
 90
       50
102
RTVSPost2010PropOp42
 70
     1
102
RTVSPost2010Prop43
 90
        3
102
RTVSPost2010PropOp43
 70
     1
102
RTVSPost2010Prop44ColorIndex
 90
        5
102
RTVSPost2010Prop44ColorRGB
 90
      255
102
RTVSPost2010PropOp44
 70
     1
102
RTVSPost2010Prop45
280
     0
102
RTVSPost2010PropOp45
 70
     1
102
RTVSPost2010Prop46
 90
       50
102
RTVSPost2010PropOp46
 70
     1
102
RTVSPost2010Prop47
 90
       50
102
RTVSPost2010PropOp47
 70
     1
102
RTVSPost2010Prop48
 90
       50
102
RTVSPost2010PropOp48
 70
     1
102
RTVSPost2010Prop49
280
     0
102
RTVSPost2010PropOp49
 70
     1
102
RTVSPost2010Prop50
 90
       50
102
RTVSPost2010PropOp50
 70
     1
102
RTVSPost2010Prop51ColorIndex
 90
      256
102
RTVSPost2010Prop51ColorRGB
 90
-16777216
102
RTVSPost2010PropOp51
 70
     0
102
RTVSPost2010Prop52
140
1.0
102
RTVSPost2010PropOp52
 70
     0
102
RTVSPost2010Prop53
 90
        2
102
RTVSPost2010PropOp53
 70
     1
102
RTVSPost2010Prop54
  1
strokes_ogs.tif
102
RTVSPost2010PropOp54
 70
     1
102
RTVSPost2010Prop55
280
     0
102
RTVSPost2010PropOp55
 70
     1
102
RTVSPost2010Prop56
140
1.0
102
RTVSPost2010PropOp56
 70
     1
102
RTVSPost2010Prop57
140
1.0
102
RTVSPost2010PropOp57
 70
     1
102
RTVSPropertyOp0
 70
     1
102
RTVSPropertyOp1
 70
     1
102
RTVSPropertyOp2
 70
     1
102
RTVSPropertyOp3
 70
     1
102
RTVSPropertyOp4
 70
     1
102
RTVSPropertyOp5
 70
     1
102
RTVSPropertyOp6
 70
     1
102
RTVSPropertyOp7
 70
     1
102
RTVSPropertyOp8
 70
     1
102
RTVSPropertyOp9
 70
     1
102
RTVSPropertyOp10
 70
     1
102
RTVSPropertyOp11
 70
     1
102
RTVSPropertyOp12
 70
     1
102
RTVSPropertyOp13
 70
     1
102
RTVSPropertyOp14
 70
     1
102
RTVSPropertyOp15
 70
     1
102
RTVSPropertyOp16
 70
     1
102
RTVSPropertyOp17
 70
     1
102
RTVSPropertyOp18
 70
     1
102
RTVSPropertyOp19
 70
     1
102
RTVSPropertyOp20
 70
     1
102
RTVSPropertyOp21
 70
     1
102
RTVSPropertyOp22
 70
     1
102
RTVSPropertyOp23
 70
     1
102
RTVSPropertyOp24
 70
     1
102
RTVSPropertyOp25
 70
     1
102
RTVSPropertyOp26
 70
     1
102
RTVSPropertyOp27
 70
     1
102
RTVSPropertyOp28
 70
     1
102
RTVSPropertyOp29
 70
     1
102
RTVSPropertyOp30
 70
     1
102
RTVSPropertyOp31
 70
     1
102
RTVSPropertyOp32
 70
     1
102
RTVSPropertyOp33
 70
     1
102
RTVSPropertyOp34
 70
     1
102
RTVSPropertyOp35
 70
     1
102
RTVSPropertyOp36
 70
     1
102
RTVSPropertyOp37
 70
     1
102
RTVSPropertyOp38
 70
     1
102
RTVSPropertyOp39
 70
     1
102
RTVSPropertyOp40
 70
     1
102
RTVSPropertyOp41
 70
     1
102
RTVSPropertyOp42
 70
     1
102
RTVSPropertyOp43
 70
     1
102
RTVSPropertyOp44
 70
     1
102
RTVSPropertyOp45
 70
     1
102
RTVSPropertyOp46
 70
     1
102
RTVSPropertyOp47
 70
     1
102
RTVSPropertyOp48
 70
     1
102
RTVSPropertyOp49
 70
     1
102
RTVSPropertyOp50
 70
     1
102
RTVSPropertyOp51
 70
     0
102
RTVSPropertyOp52
 70
     0
102
RTVSPropertyOp53
 70
     1
102
RTVSPropertyOp54
 70
     1
102
RTVSPropertyOp55
 70
     1
102
RTVSPropertyOp56
 70
     1
102
RTVSPropertyOp57
 70
     1
102
RTVSPropertyOp58
 70
     1
102
RTVSPropertyOp59
 70
     1
102
RTVSPropertyOp60
 70
     1
102
RTVSPropertyOp61
 70
     1
102
RTVSPropertyOp62
 70
     1
  0
XRECORD
  5
70D
102
{ACAD_REACTORS
330
70C
102
}
330
70C
100
AcDbXrecord
280
     1
102
RTVSPost2010Prop28
280
     0
102
RTVSPost2010PropOp28
 70
     1
102
RTVSPost2010Prop29
280
     1
102
RTVSPost2010PropOp29
 70
     1
102
RTVSPost2010Prop30
280
     1
102
RTVSPost2010PropOp30
 70
     1
102
RTVSPost2010Prop31
280
     0
102
RTVSPost2010PropOp31
 70
     1
102
RTVSPost2010Prop32
280
     0
102
RTVSPost2010PropOp32
 70
     1
102
RTVSPost2010Prop33
280
     0
102
RTVSPost2010PropOp33
 70
     1
102
RTVSPost2010Prop34
280
     0
102
RTVSPost2010PropOp34
 70
     1
102
RTVSPost2010Prop35
280
     0
102
RTVSPost2010PropOp35
 70
     1
102
RTVSPost2010Prop36
280
     0
102
RTVSPost2010PropOp36
 70
     1
102
RTVSPost2010Prop37
 90
       50
102
RTVSPost2010PropOp37
 70
     1
102
RTVSPost2010Prop38
140
0.0
102
RTVSPost2010PropOp38
 70
     1
102
RTVSPost2010Prop39
140
1.0
102
RTVSPost2010PropOp39
 70
     1
102
RTVSPost2010Prop40
 90
        0
102
RTVSPost2010PropOp40
 70
     1
102
RTVSPost2010Prop41ColorIndex
 90
       18
102
RTVSPost2010Prop41ColorRGB
 90
        0
102
RTVSPost2010PropOp41
 70
     1
102
RTVSPost2010Prop42
 90
       50
102
RTVSPost2010PropOp42
 70
     1
102
RTVSPost2010Prop43
 90
        3
102
RTVSPost2010PropOp43
 70
     1
102
RTVSPost2010Prop44ColorIndex
 90
        5
102
RTVSPost2010Prop44ColorRGB
 90
      255
102
RTVSPost2010PropOp44
 70
     1
102
RTVSPost2010Prop45
280
     0
102
RTVSPost2010PropOp45
 70
     1
102
RTVSPost2010Prop46
 90
       50
102
RTVSPost2010PropOp46
 70
     1
102
RTVSPost2010Prop47
 90
       50
102
RTVSPost2010PropOp47
 70
     1
102
RTVSPost2010Prop48
 90
       50
102
RTVSPost2010PropOp48
 70
     1
102
RTVSPost2010Prop49
280
     0
102
RTVSPost2010PropOp49
 70
     1
102
RTVSPost2010Prop50
 90
       50
102
RTVSPost2010PropOp50
 70
     1
102
RTVSPost2010Prop51ColorIndex
 90
      256
102
RTVSPost2010Prop51ColorRGB
 90
-16777216
102
RTVSPost2010PropOp51
 70
     0
102
RTVSPost2010Prop52
140
1.0
102
RTVSPost2010PropOp52
 70
     0
102
RTVSPost2010Prop53
 90
        2
102
RTVSPost2010PropOp53
 70
     1
102
RTVSPost2010Prop54
  1
strokes_ogs.tif
102
RTVSPost2010PropOp54
 70
     1
102
RTVSPost2010Prop55
280
     0
102
RTVSPost2010PropOp55
 70
     1
102
RTVSPost2010Prop56
140
1.0
102
RTVSPost2010PropOp56
 70
     1
102
RTVSPost2010Prop57
140
1.0
102
RTVSPost2010PropOp57
 70
     1
102
RTVSPropertyOp0
 70
     1
102
RTVSPropertyOp1
 70
     1
102
RTVSPropertyOp2
 70
     1
102
RTVSPropertyOp3
 70
     1
102
RTVSPropertyOp4
 70
     1
102
RTVSPropertyOp5
 70
     1
102
RTVSPropertyOp6
 70
     1
102
RTVSPropertyOp7
 70
     1
102
RTVSPropertyOp8
 70
     1
102
RTVSPropertyOp9
 70
     1
102
RTVSPropertyOp10
 70
     1
102
RTVSPropertyOp11
 70
     1
102
RTVSPropertyOp12
 70
     1
102
RTVSPropertyOp13
 70
     1
102
RTVSPropertyOp14
 70
     1
102
RTVSPropertyOp15
 70
     1
102
RTVSPropertyOp16
 70
     1
102
RTVSPropertyOp17
 70
     1
102
RTVSPropertyOp18
 70
     1
102
RTVSPropertyOp19
 70
     1
102
RTVSPropertyOp20
 70
     1
102
RTVSPropertyOp21
 70
     1
102
RTVSPropertyOp22
 70
     1
102
RTVSPropertyOp23
 70
     1
102
RTVSPropertyOp24
 70
     1
102
RTVSPropertyOp25
 70
     1
102
RTVSPropertyOp26
 70
     1
102
RTVSPropertyOp27
 70
     1
102
RTVSPropertyOp28
 70
     1
102
RTVSPropertyOp29
 70
     1
102
RTVSPropertyOp30
 70
     1
102
RTVSPropertyOp31
 70
     1
102
RTVSPropertyOp32
 70
     1
102
RTVSPropertyOp33
 70
     1
102
RTVSPropertyOp34
 70
     1
102
RTVSPropertyOp35
 70
     1
102
RTVSPropertyOp36
 70
     1
102
RTVSPropertyOp37
 70
     1
102
RTVSPropertyOp38
 70
     1
102
RTVSPropertyOp39
 70
     1
102
RTVSPropertyOp40
 70
     1
102
RTVSPropertyOp41
 70
     1
102
RTVSPropertyOp42
 70
     1
102
RTVSPropertyOp43
 70
     1
102
RTVSPropertyOp44
 70
     1
102
RTVSPropertyOp45
 70
     1
102
RTVSPropertyOp46
 70
     1
102
RTVSPropertyOp47
 70
     1
102
RTVSPropertyOp48
 70
     1
102
RTVSPropertyOp49
 70
     1
102
RTVSPropertyOp50
 70
     1
102
RTVSPropertyOp51
 70
     0
102
RTVSPropertyOp52
 70
     0
102
RTVSPropertyOp53
 70
     1
102
RTVSPropertyOp54
 70
     1
102
RTVSPropertyOp55
 70
     1
102
RTVSPropertyOp56
 70
     1
102
RTVSPropertyOp57
 70
     1
102
RTVSPropertyOp58
 70
     1
102
RTVSPropertyOp59
 70
     1
102
RTVSPropertyOp60
 70
     1
102
RTVSPropertyOp61
 70
     1
102
RTVSPropertyOp62
 70
     1
  0
XRECORD
  5
715
102
{ACAD_REACTORS
330
714
102
}
330
714
100
AcDbXrecord
280
     1
102
RTVSPost2010Prop28
280
     0
102
RTVSPost2010PropOp28
 70
     1
102
RTVSPost2010Prop29
280
     1
102
RTVSPost2010PropOp29
 70
     1
102
RTVSPost2010Prop30
280
     1
102
RTVSPost2010PropOp30
 70
     1
102
RTVSPost2010Prop31
280
     0
102
RTVSPost2010PropOp31
 70
     1
102
RTVSPost2010Prop32
280
     0
102
RTVSPost2010PropOp32
 70
     1
102
RTVSPost2010Prop33
280
     0
102
RTVSPost2010PropOp33
 70
     1
102
RTVSPost2010Prop34
280
     0
102
RTVSPost2010PropOp34
 70
     1
102
RTVSPost2010Prop35
280
     0
102
RTVSPost2010PropOp35
 70
     1
102
RTVSPost2010Prop36
280
     0
102
RTVSPost2010PropOp36
 70
     1
102
RTVSPost2010Prop37
 90
       50
102
RTVSPost2010PropOp37
 70
     1
102
RTVSPost2010Prop38
140
0.0
102
RTVSPost2010PropOp38
 70
     1
102
RTVSPost2010Prop39
140
1.0
102
RTVSPost2010PropOp39
 70
     1
102
RTVSPost2010Prop40
 90
        0
102
RTVSPost2010PropOp40
 70
     1
102
RTVSPost2010Prop41ColorIndex
 90
       18
102
RTVSPost2010Prop41ColorRGB
 90
        0
102
RTVSPost2010PropOp41
 70
     1
102
RTVSPost2010Prop42
 90
       50
102
RTVSPost2010PropOp42
 70
     1
102
RTVSPost2010Prop43
 90
        3
102
RTVSPost2010PropOp43
 70
     1
102
RTVSPost2010Prop44ColorIndex
 90
        5
102
RTVSPost2010Prop44ColorRGB
 90
      255
102
RTVSPost2010PropOp44
 70
     1
102
RTVSPost2010Prop45
280
     0
102
RTVSPost2010PropOp45
 70
     1
102
RTVSPost2010Prop46
 90
       50
102
RTVSPost2010PropOp46
 70
     1
102
RTVSPost2010Prop47
 90
       50
102
RTVSPost2010PropOp47
 70
     1
102
RTVSPost2010Prop48
 90
       50
102
RTVSPost2010PropOp48
 70
     1
102
RTVSPost2010Prop49
280
     0
102
RTVSPost2010PropOp49
 70
     1
102
RTVSPost2010Prop50
 90
       50
102
RTVSPost2010PropOp50
 70
     1
102
RTVSPost2010Prop51ColorIndex
 90
      256
102
RTVSPost2010Prop51ColorRGB
 90
-16777216
102
RTVSPost2010PropOp51
 70
     0
102
RTVSPost2010Prop52
140
1.0
102
RTVSPost2010PropOp52
 70
     0
102
RTVSPost2010Prop53
 90
        2
102
RTVSPost2010PropOp53
 70
     1
102
RTVSPost2010Prop54
  1
strokes_ogs.tif
102
RTVSPost2010PropOp54
 70
     1
102
RTVSPost2010Prop55
280
     0
102
RTVSPost2010PropOp55
 70
     1
102
RTVSPost2010Prop56
140
1.0
102
RTVSPost2010PropOp56
 70
     1
102
RTVSPost2010Prop57
140
1.0
102
RTVSPost2010PropOp57
 70
     1
102
RTVSPropertyOp0
 70
     1
102
RTVSPropertyOp1
 70
     1
102
RTVSPropertyOp2
 70
     1
102
RTVSPropertyOp3
 70
     1
102
RTVSPropertyOp4
 70
     1
102
RTVSPropertyOp5
 70
     1
102
RTVSPropertyOp6
 70
     1
102
RTVSPropertyOp7
 70
     1
102
RTVSPropertyOp8
 70
     1
102
RTVSPropertyOp9
 70
     1
102
RTVSPropertyOp10
 70
     1
102
RTVSPropertyOp11
 70
     1
102
RTVSPropertyOp12
 70
     1
102
RTVSPropertyOp13
 70
     1
102
RTVSPropertyOp14
 70
     1
102
RTVSPropertyOp15
 70
     1
102
RTVSPropertyOp16
 70
     1
102
RTVSPropertyOp17
 70
     1
102
RTVSPropertyOp18
 70
     1
102
RTVSPropertyOp19
 70
     1
102
RTVSPropertyOp20
 70
     1
102
RTVSPropertyOp21
 70
     1
102
RTVSPropertyOp22
 70
     1
102
RTVSPropertyOp23
 70
     1
102
RTVSPropertyOp24
 70
     1
102
RTVSPropertyOp25
 70
     1
102
RTVSPropertyOp26
 70
     1
102
RTVSPropertyOp27
 70
     1
102
RTVSPropertyOp28
 70
     1
102
RTVSPropertyOp29
 70
     1
102
RTVSPropertyOp30
 70
     1
102
RTVSPropertyOp31
 70
     1
102
RTVSPropertyOp32
 70
     1
102
RTVSPropertyOp33
 70
     1
102
RTVSPropertyOp34
 70
     1
102
RTVSPropertyOp35
 70
     1
102
RTVSPropertyOp36
 70
     1
102
RTVSPropertyOp37
 70
     1
102
RTVSPropertyOp38
 70
     1
102
RTVSPropertyOp39
 70
     1
102
RTVSPropertyOp40
 70
     1
102
RTVSPropertyOp41
 70
     1
102
RTVSPropertyOp42
 70
     1
102
RTVSPropertyOp43
 70
     1
102
RTVSPropertyOp44
 70
     1
102
RTVSPropertyOp45
 70
     1
102
RTVSPropertyOp46
 70
     1
102
RTVSPropertyOp47
 70
     1
102
RTVSPropertyOp48
 70
     1
102
RTVSPropertyOp49
 70
     1
102
RTVSPropertyOp50
 70
     1
102
RTVSPropertyOp51
 70
     0
102
RTVSPropertyOp52
 70
     0
102
RTVSPropertyOp53
 70
     1
102
RTVSPropertyOp54
 70
     1
102
RTVSPropertyOp55
 70
     1
102
RTVSPropertyOp56
 70
     1
102
RTVSPropertyOp57
 70
     1
102
RTVSPropertyOp58
 70
     1
102
RTVSPropertyOp59
 70
     1
102
RTVSPropertyOp60
 70
     1
102
RTVSPropertyOp61
 70
     1
102
RTVSPropertyOp62
 70
     1
  0
XRECORD
  5
707
102
{ACAD_REACTORS
330
706
102
}
330
706
100
AcDbXrecord
280
     1
102
RTVSPost2010Prop28
280
     0
102
RTVSPost2010PropOp28
 70
     1
102
RTVSPost2010Prop29
280
     1
102
RTVSPost2010PropOp29
 70
     1
102
RTVSPost2010Prop30
280
     1
102
RTVSPost2010PropOp30
 70
     1
102
RTVSPost2010Prop31
280
     0
102
RTVSPost2010PropOp31
 70
     1
102
RTVSPost2010Prop32
280
     0
102
RTVSPost2010PropOp32
 70
     1
102
RTVSPost2010Prop33
280
     0
102
RTVSPost2010PropOp33
 70
     1
102
RTVSPost2010Prop34
280
     0
102
RTVSPost2010PropOp34
 70
     1
102
RTVSPost2010Prop35
280
     0
102
RTVSPost2010PropOp35
 70
     1
102
RTVSPost2010Prop36
280
     0
102
RTVSPost2010PropOp36
 70
     1
102
RTVSPost2010Prop37
 90
       50
102
RTVSPost2010PropOp37
 70
     1
102
RTVSPost2010Prop38
140
0.0
102
RTVSPost2010PropOp38
 70
     1
102
RTVSPost2010Prop39
140
1.0
102
RTVSPost2010PropOp39
 70
     1
102
RTVSPost2010Prop40
 90
        0
102
RTVSPost2010PropOp40
 70
     1
102
RTVSPost2010Prop41ColorIndex
 90
       18
102
RTVSPost2010Prop41ColorRGB
 90
        0
102
RTVSPost2010PropOp41
 70
     1
102
RTVSPost2010Prop42
 90
       50
102
RTVSPost2010PropOp42
 70
     1
102
RTVSPost2010Prop43
 90
        3
102
RTVSPost2010PropOp43
 70
     1
102
RTVSPost2010Prop44ColorIndex
 90
        5
102
RTVSPost2010Prop44ColorRGB
 90
      255
102
RTVSPost2010PropOp44
 70
     1
102
RTVSPost2010Prop45
280
     0
102
RTVSPost2010PropOp45
 70
     1
102
RTVSPost2010Prop46
 90
       50
102
RTVSPost2010PropOp46
 70
     1
102
RTVSPost2010Prop47
 90
       50
102
RTVSPost2010PropOp47
 70
     1
102
RTVSPost2010Prop48
 90
       50
102
RTVSPost2010PropOp48
 70
     1
102
RTVSPost2010Prop49
280
     0
102
RTVSPost2010PropOp49
 70
     1
102
RTVSPost2010Prop50
 90
       50
102
RTVSPost2010PropOp50
 70
     1
102
RTVSPost2010Prop51ColorIndex
 90
      256
102
RTVSPost2010Prop51ColorRGB
 90
-16777216
102
RTVSPost2010PropOp51
 70
     0
102
RTVSPost2010Prop52
140
1.0
102
RTVSPost2010PropOp52
 70
     0
102
RTVSPost2010Prop53
 90
        2
102
RTVSPost2010PropOp53
 70
     1
102
RTVSPost2010Prop54
  1
strokes_ogs.tif
102
RTVSPost2010PropOp54
 70
     1
102
RTVSPost2010Prop55
280
     0
102
RTVSPost2010PropOp55
 70
     1
102
RTVSPost2010Prop56
140
1.0
102
RTVSPost2010PropOp56
 70
     1
102
RTVSPost2010Prop57
140
1.0
102
RTVSPost2010PropOp57
 70
     1
102
RTVSPropertyOp0
 70
     1
102
RTVSPropertyOp1
 70
     1
102
RTVSPropertyOp2
 70
     1
102
RTVSPropertyOp3
 70
     1
102
RTVSPropertyOp4
 70
     1
102
RTVSPropertyOp5
 70
     1
102
RTVSPropertyOp6
 70
     1
102
RTVSPropertyOp7
 70
     1
102
RTVSPropertyOp8
 70
     1
102
RTVSPropertyOp9
 70
     1
102
RTVSPropertyOp10
 70
     1
102
RTVSPropertyOp11
 70
     1
102
RTVSPropertyOp12
 70
     1
102
RTVSPropertyOp13
 70
     1
102
RTVSPropertyOp14
 70
     1
102
RTVSPropertyOp15
 70
     1
102
RTVSPropertyOp16
 70
     1
102
RTVSPropertyOp17
 70
     1
102
RTVSPropertyOp18
 70
     1
102
RTVSPropertyOp19
 70
     1
102
RTVSPropertyOp20
 70
     1
102
RTVSPropertyOp21
 70
     1
102
RTVSPropertyOp22
 70
     1
102
RTVSPropertyOp23
 70
     1
102
RTVSPropertyOp24
 70
     1
102
RTVSPropertyOp25
 70
     1
102
RTVSPropertyOp26
 70
     1
102
RTVSPropertyOp27
 70
     1
102
RTVSPropertyOp28
 70
     1
102
RTVSPropertyOp29
 70
     1
102
RTVSPropertyOp30
 70
     1
102
RTVSPropertyOp31
 70
     1
102
RTVSPropertyOp32
 70
     1
102
RTVSPropertyOp33
 70
     1
102
RTVSPropertyOp34
 70
     1
102
RTVSPropertyOp35
 70
     1
102
RTVSPropertyOp36
 70
     1
102
RTVSPropertyOp37
 70
     1
102
RTVSPropertyOp38
 70
     1
102
RTVSPropertyOp39
 70
     1
102
RTVSPropertyOp40
 70
     1
102
RTVSPropertyOp41
 70
     1
102
RTVSPropertyOp42
 70
     1
102
RTVSPropertyOp43
 70
     1
102
RTVSPropertyOp44
 70
     1
102
RTVSPropertyOp45
 70
     1
102
RTVSPropertyOp46
 70
     1
102
RTVSPropertyOp47
 70
     1
102
RTVSPropertyOp48
 70
     1
102
RTVSPropertyOp49
 70
     1
102
RTVSPropertyOp50
 70
     1
102
RTVSPropertyOp51
 70
     0
102
RTVSPropertyOp52
 70
     0
102
RTVSPropertyOp53
 70
     1
102
RTVSPropertyOp54
 70
     1
102
RTVSPropertyOp55
 70
     1
102
RTVSPropertyOp56
 70
     1
102
RTVSPropertyOp57
 70
     1
102
RTVSPropertyOp58
 70
     1
102
RTVSPropertyOp59
 70
     1
102
RTVSPropertyOp60
 70
     1
102
RTVSPropertyOp61
 70
     1
102
RTVSPropertyOp62
 70
     1
  0
XRECORD
  5
70B
102
{ACAD_REACTORS
330
70A
102
}
330
70A
100
AcDbXrecord
280
     1
102
RTVSPost2010Prop28
280
     0
102
RTVSPost2010PropOp28
 70
     1
102
RTVSPost2010Prop29
280
     1
102
RTVSPost2010PropOp29
 70
     1
102
RTVSPost2010Prop30
280
     1
102
RTVSPost2010PropOp30
 70
     1
102
RTVSPost2010Prop31
280
     0
102
RTVSPost2010PropOp31
 70
     1
102
RTVSPost2010Prop32
280
     0
102
RTVSPost2010PropOp32
 70
     1
102
RTVSPost2010Prop33
280
     0
102
RTVSPost2010PropOp33
 70
     1
102
RTVSPost2010Prop34
280
     0
102
RTVSPost2010PropOp34
 70
     1
102
RTVSPost2010Prop35
280
     0
102
RTVSPost2010PropOp35
 70
     1
102
RTVSPost2010Prop36
280
     0
102
RTVSPost2010PropOp36
 70
     1
102
RTVSPost2010Prop37
 90
       50
102
RTVSPost2010PropOp37
 70
     1
102
RTVSPost2010Prop38
140
0.0
102
RTVSPost2010PropOp38
 70
     1
102
RTVSPost2010Prop39
140
1.0
102
RTVSPost2010PropOp39
 70
     1
102
RTVSPost2010Prop40
 90
        0
102
RTVSPost2010PropOp40
 70
     1
102
RTVSPost2010Prop41ColorIndex
 90
       18
102
RTVSPost2010Prop41ColorRGB
 90
        0
102
RTVSPost2010PropOp41
 70
     1
102
RTVSPost2010Prop42
 90
       50
102
RTVSPost2010PropOp42
 70
     1
102
RTVSPost2010Prop43
 90
        3
102
RTVSPost2010PropOp43
 70
     1
102
RTVSPost2010Prop44ColorIndex
 90
        5
102
RTVSPost2010Prop44ColorRGB
 90
      255
102
RTVSPost2010PropOp44
 70
     1
102
RTVSPost2010Prop45
280
     0
102
RTVSPost2010PropOp45
 70
     1
102
RTVSPost2010Prop46
 90
       50
102
RTVSPost2010PropOp46
 70
     1
102
RTVSPost2010Prop47
 90
       50
102
RTVSPost2010PropOp47
 70
     1
102
RTVSPost2010Prop48
 90
       50
102
RTVSPost2010PropOp48
 70
     1
102
RTVSPost2010Prop49
280
     0
102
RTVSPost2010PropOp49
 70
     1
102
RTVSPost2010Prop50
 90
       50
102
RTVSPost2010PropOp50
 70
     1
102
RTVSPost2010Prop51ColorIndex
 90
      256
102
RTVSPost2010Prop51ColorRGB
 90
-16777216
102
RTVSPost2010PropOp51
 70
     0
102
RTVSPost2010Prop52
140
1.0
102
RTVSPost2010PropOp52
 70
     0
102
RTVSPost2010Prop53
 90
        2
102
RTVSPost2010PropOp53
 70
     1
102
RTVSPost2010Prop54
  1
strokes_ogs.tif
102
RTVSPost2010PropOp54
 70
     1
102
RTVSPost2010Prop55
280
     0
102
RTVSPost2010PropOp55
 70
     1
102
RTVSPost2010Prop56
140
1.0
102
RTVSPost2010PropOp56
 70
     1
102
RTVSPost2010Prop57
140
1.0
102
RTVSPost2010PropOp57
 70
     1
102
RTVSPropertyOp0
 70
     1
102
RTVSPropertyOp1
 70
     1
102
RTVSPropertyOp2
 70
     1
102
RTVSPropertyOp3
 70
     1
102
RTVSPropertyOp4
 70
     1
102
RTVSPropertyOp5
 70
     1
102
RTVSPropertyOp6
 70
     1
102
RTVSPropertyOp7
 70
     1
102
RTVSPropertyOp8
 70
     1
102
RTVSPropertyOp9
 70
     1
102
RTVSPropertyOp10
 70
     1
102
RTVSPropertyOp11
 70
     1
102
RTVSPropertyOp12
 70
     1
102
RTVSPropertyOp13
 70
     1
102
RTVSPropertyOp14
 70
     1
102
RTVSPropertyOp15
 70
     1
102
RTVSPropertyOp16
 70
     1
102
RTVSPropertyOp17
 70
     1
102
RTVSPropertyOp18
 70
     1
102
RTVSPropertyOp19
 70
     1
102
RTVSPropertyOp20
 70
     1
102
RTVSPropertyOp21
 70
     1
102
RTVSPropertyOp22
 70
     1
102
RTVSPropertyOp23
 70
     1
102
RTVSPropertyOp24
 70
     1
102
RTVSPropertyOp25
 70
     1
102
RTVSPropertyOp26
 70
     1
102
RTVSPropertyOp27
 70
     1
102
RTVSPropertyOp28
 70
     1
102
RTVSPropertyOp29
 70
     1
102
RTVSPropertyOp30
 70
     1
102
RTVSPropertyOp31
 70
     1
102
RTVSPropertyOp32
 70
     1
102
RTVSPropertyOp33
 70
     1
102
RTVSPropertyOp34
 70
     1
102
RTVSPropertyOp35
 70
     1
102
RTVSPropertyOp36
 70
     1
102
RTVSPropertyOp37
 70
     1
102
RTVSPropertyOp38
 70
     1
102
RTVSPropertyOp39
 70
     1
102
RTVSPropertyOp40
 70
     1
102
RTVSPropertyOp41
 70
     1
102
RTVSPropertyOp42
 70
     1
102
RTVSPropertyOp43
 70
     1
102
RTVSPropertyOp44
 70
     1
102
RTVSPropertyOp45
 70
     1
102
RTVSPropertyOp46
 70
     1
102
RTVSPropertyOp47
 70
     1
102
RTVSPropertyOp48
 70
     1
102
RTVSPropertyOp49
 70
     1
102
RTVSPropertyOp50
 70
     1
102
RTVSPropertyOp51
 70
     0
102
RTVSPropertyOp52
 70
     0
102
RTVSPropertyOp53
 70
     1
102
RTVSPropertyOp54
 70
     1
102
RTVSPropertyOp55
 70
     1
102
RTVSPropertyOp56
 70
     1
102
RTVSPropertyOp57
 70
     1
102
RTVSPropertyOp58
 70
     1
102
RTVSPropertyOp59
 70
     1
102
RTVSPropertyOp60
 70
     1
102
RTVSPropertyOp61
 70
     1
102
RTVSPropertyOp62
 70
     1
  0
XRECORD
  5
725
102
{ACAD_REACTORS
330
724
102
}
330
724
100
AcDbXrecord
280
     1
102
RTVSPost2010Prop28
280
     0
102
RTVSPost2010PropOp28
 70
     1
102
RTVSPost2010Prop29
280
     1
102
RTVSPost2010PropOp29
 70
     1
102
RTVSPost2010Prop30
280
     1
102
RTVSPost2010PropOp30
 70
     1
102
RTVSPost2010Prop31
280
     0
102
RTVSPost2010PropOp31
 70
     1
102
RTVSPost2010Prop32
280
     0
102
RTVSPost2010PropOp32
 70
     1
102
RTVSPost2010Prop33
280
     0
102
RTVSPost2010PropOp33
 70
     1
102
RTVSPost2010Prop34
280
     0
102
RTVSPost2010PropOp34
 70
     1
102
RTVSPost2010Prop35
280
     0
102
RTVSPost2010PropOp35
 70
     1
102
RTVSPost2010Prop36
280
     0
102
RTVSPost2010PropOp36
 70
     1
102
RTVSPost2010Prop37
 90
       50
102
RTVSPost2010PropOp37
 70
     0
102
RTVSPost2010Prop38
140
0.0
102
RTVSPost2010PropOp38
 70
     0
102
RTVSPost2010Prop39
140
1.0
102
RTVSPost2010PropOp39
 70
     0
102
RTVSPost2010Prop40
 90
        0
102
RTVSPost2010PropOp40
 70
     0
102
RTVSPost2010Prop41ColorIndex
 90
       18
102
RTVSPost2010Prop41ColorRGB
 90
        0
102
RTVSPost2010PropOp41
 70
     0
102
RTVSPost2010Prop42
 90
       50
102
RTVSPost2010PropOp42
 70
     0
102
RTVSPost2010Prop43
 90
        3
102
RTVSPost2010PropOp43
 70
     0
102
RTVSPost2010Prop44ColorIndex
 90
        5
102
RTVSPost2010Prop44ColorRGB
 90
      255
102
RTVSPost2010PropOp44
 70
     0
102
RTVSPost2010Prop45
280
     0
102
RTVSPost2010PropOp45
 70
     1
102
RTVSPost2010Prop46
 90
       50
102
RTVSPost2010PropOp46
 70
     0
102
RTVSPost2010Prop47
 90
       50
102
RTVSPost2010PropOp47
 70
     0
102
RTVSPost2010Prop48
 90
       50
102
RTVSPost2010PropOp48
 70
     0
102
RTVSPost2010Prop49
280
     0
102
RTVSPost2010PropOp49
 70
     1
102
RTVSPost2010Prop50
 90
       50
102
RTVSPost2010PropOp50
 70
     0
102
RTVSPost2010Prop51ColorIndex
 90
      256
102
RTVSPost2010Prop51ColorRGB
 90
-16777216
102
RTVSPost2010PropOp51
 70
     0
102
RTVSPost2010Prop52
140
1.0
102
RTVSPost2010PropOp52
 70
     0
102
RTVSPost2010Prop53
 90
        2
102
RTVSPost2010PropOp53
 70
     0
102
RTVSPost2010Prop54
  1
strokes_ogs.tif
102
RTVSPost2010PropOp54
 70
     0
102
RTVSPost2010Prop55
280
     0
102
RTVSPost2010PropOp55
 70
     1
102
RTVSPost2010Prop56
140
1.0
102
RTVSPost2010PropOp56
 70
     0
102
RTVSPost2010Prop57
140
1.0
102
RTVSPost2010PropOp57
 70
     0
102
RTVSPropertyOp0
 70
     0
102
RTVSPropertyOp1
 70
     0
102
RTVSPropertyOp2
 70
     0
102
RTVSPropertyOp3
 70
     0
102
RTVSPropertyOp4
 70
     0
102
RTVSPropertyOp5
 70
     0
102
RTVSPropertyOp6
 70
     0
102
RTVSPropertyOp7
 70
     0
102
RTVSPropertyOp8
 70
     0
102
RTVSPropertyOp9
 70
     0
102
RTVSPropertyOp10
 70
     0
102
RTVSPropertyOp11
 70
     0
102
RTVSPropertyOp12
 70
     0
102
RTVSPropertyOp13
 70
     0
102
RTVSPropertyOp14
 70
     2
102
RTVSPropertyOp15
 70
     0
102
RTVSPropertyOp16
 70
     0
102
RTVSPropertyOp17
 70
     0
102
RTVSPropertyOp18
 70
     0
102
RTVSPropertyOp19
 70
     0
102
RTVSPropertyOp20
 70
     0
102
RTVSPropertyOp21
 70
     0
102
RTVSPropertyOp22
 70
     0
102
RTVSPropertyOp23
 70
     0
102
RTVSPropertyOp24
 70
     0
102
RTVSPropertyOp25
 70
     0
102
RTVSPropertyOp26
 70
     0
102
RTVSPropertyOp27
 70
     0
102
RTVSPropertyOp28
 70
     1
102
RTVSPropertyOp29
 70
     1
102
RTVSPropertyOp30
 70
     1
102
RTVSPropertyOp31
 70
     1
102
RTVSPropertyOp32
 70
     1
102
RTVSPropertyOp33
 70
     1
102
RTVSPropertyOp34
 70
     1
102
RTVSPropertyOp35
 70
     1
102
RTVSPropertyOp36
 70
     1
102
RTVSPropertyOp37
 70
     0
102
RTVSPropertyOp38
 70
     0
102
RTVSPropertyOp39
 70
     0
102
RTVSPropertyOp40
 70
     0
102
RTVSPropertyOp41
 70
     0
102
RTVSPropertyOp42
 70
     0
102
RTVSPropertyOp43
 70
     0
102
RTVSPropertyOp44
 70
     0
102
RTVSPropertyOp45
 70
     1
102
RTVSPropertyOp46
 70
     0
102
RTVSPropertyOp47
 70
     0
102
RTVSPropertyOp48
 70
     0
102
RTVSPropertyOp49
 70
     1
102
RTVSPropertyOp50
 70
     0
102
RTVSPropertyOp51
 70
     0
102
RTVSPropertyOp52
 70
     0
102
RTVSPropertyOp53
 70
     0
102
RTVSPropertyOp54
 70
     0
102
RTVSPropertyOp55
 70
     1
102
RTVSPropertyOp56
 70
     0
102
RTVSPropertyOp57
 70
     0
102
RTVSPropertyOp58
 70
     0
102
RTVSPropertyOp59
 70
     0
102
RTVSPropertyOp60
 70
     0
102
RTVSPropertyOp61
 70
     0
102
RTVSPropertyOp62
 70
     0
  0
XRECORD
  5
713
102
{ACAD_REACTORS
330
712
102
}
330
712
100
AcDbXrecord
280
     1
102
RTVSPost2010Prop28
280
     0
102
RTVSPost2010PropOp28
 70
     1
102
RTVSPost2010Prop29
280
     1
102
RTVSPost2010PropOp29
 70
     1
102
RTVSPost2010Prop30
280
     1
102
RTVSPost2010PropOp30
 70
     1
102
RTVSPost2010Prop31
280
     0
102
RTVSPost2010PropOp31
 70
     1
102
RTVSPost2010Prop32
280
     0
102
RTVSPost2010PropOp32
 70
     1
102
RTVSPost2010Prop33
280
     0
102
RTVSPost2010PropOp33
 70
     1
102
RTVSPost2010Prop34
280
     0
102
RTVSPost2010PropOp34
 70
     1
102
RTVSPost2010Prop35
280
     0
102
RTVSPost2010PropOp35
 70
     1
102
RTVSPost2010Prop36
280
     0
102
RTVSPost2010PropOp36
 70
     1
102
RTVSPost2010Prop37
 90
       50
102
RTVSPost2010PropOp37
 70
     1
102
RTVSPost2010Prop38
140
0.0
102
RTVSPost2010PropOp38
 70
     1
102
RTVSPost2010Prop39
140
1.0
102
RTVSPost2010PropOp39
 70
     1
102
RTVSPost2010Prop40
 90
        0
102
RTVSPost2010PropOp40
 70
     1
102
RTVSPost2010Prop41ColorIndex
 90
       18
102
RTVSPost2010Prop41ColorRGB
 90
        0
102
RTVSPost2010PropOp41
 70
     1
102
RTVSPost2010Prop42
 90
       50
102
RTVSPost2010PropOp42
 70
     1
102
RTVSPost2010Prop43
 90
        3
102
RTVSPost2010PropOp43
 70
     1
102
RTVSPost2010Prop44ColorIndex
 90
        5
102
RTVSPost2010Prop44ColorRGB
 90
      255
102
RTVSPost2010PropOp44
 70
     1
102
RTVSPost2010Prop45
280
     0
102
RTVSPost2010PropOp45
 70
     1
102
RTVSPost2010Prop46
 90
       50
102
RTVSPost2010PropOp46
 70
     1
102
RTVSPost2010Prop47
 90
       50
102
RTVSPost2010PropOp47
 70
     1
102
RTVSPost2010Prop48
 90
       50
102
RTVSPost2010PropOp48
 70
     1
102
RTVSPost2010Prop49
280
     0
102
RTVSPost2010PropOp49
 70
     1
102
RTVSPost2010Prop50
 90
       50
102
RTVSPost2010PropOp50
 70
     1
102
RTVSPost2010Prop51ColorIndex
 90
      256
102
RTVSPost2010Prop51ColorRGB
 90
-16777216
102
RTVSPost2010PropOp51
 70
     0
102
RTVSPost2010Prop52
140
1.0
102
RTVSPost2010PropOp52
 70
     0
102
RTVSPost2010Prop53
 90
        2
102
RTVSPost2010PropOp53
 70
     1
102
RTVSPost2010Prop54
  1
strokes_ogs.tif
102
RTVSPost2010PropOp54
 70
     1
102
RTVSPost2010Prop55
280
     0
102
RTVSPost2010PropOp55
 70
     1
102
RTVSPost2010Prop56
140
1.0
102
RTVSPost2010PropOp56
 70
     1
102
RTVSPost2010Prop57
140
1.0
102
RTVSPost2010PropOp57
 70
     1
102
RTVSPropertyOp0
 70
     1
102
RTVSPropertyOp1
 70
     1
102
RTVSPropertyOp2
 70
     1
102
RTVSPropertyOp3
 70
     1
102
RTVSPropertyOp4
 70
     1
102
RTVSPropertyOp5
 70
     1
102
RTVSPropertyOp6
 70
     1
102
RTVSPropertyOp7
 70
     1
102
RTVSPropertyOp8
 70
     1
102
RTVSPropertyOp9
 70
     1
102
RTVSPropertyOp10
 70
     1
102
RTVSPropertyOp11
 70
     1
102
RTVSPropertyOp12
 70
     1
102
RTVSPropertyOp13
 70
     1
102
RTVSPropertyOp14
 70
     1
102
RTVSPropertyOp15
 70
     1
102
RTVSPropertyOp16
 70
     1
102
RTVSPropertyOp17
 70
     1
102
RTVSPropertyOp18
 70
     1
102
RTVSPropertyOp19
 70
     1
102
RTVSPropertyOp20
 70
     1
102
RTVSPropertyOp21
 70
     1
102
RTVSPropertyOp22
 70
     1
102
RTVSPropertyOp23
 70
     1
102
RTVSPropertyOp24
 70
     1
102
RTVSPropertyOp25
 70
     1
102
RTVSPropertyOp26
 70
     1
102
RTVSPropertyOp27
 70
     1
102
RTVSPropertyOp28
 70
     1
102
RTVSPropertyOp29
 70
     1
102
RTVSPropertyOp30
 70
     1
102
RTVSPropertyOp31
 70
     1
102
RTVSPropertyOp32
 70
     1
102
RTVSPropertyOp33
 70
     1
102
RTVSPropertyOp34
 70
     1
102
RTVSPropertyOp35
 70
     1
102
RTVSPropertyOp36
 70
     1
102
RTVSPropertyOp37
 70
     1
102
RTVSPropertyOp38
 70
     1
102
RTVSPropertyOp39
 70
     1
102
RTVSPropertyOp40
 70
     1
102
RTVSPropertyOp41
 70
     1
102
RTVSPropertyOp42
 70
     1
102
RTVSPropertyOp43
 70
     1
102
RTVSPropertyOp44
 70
     1
102
RTVSPropertyOp45
 70
     1
102
RTVSPropertyOp46
 70
     1
102
RTVSPropertyOp47
 70
     1
102
RTVSPropertyOp48
 70
     1
102
RTVSPropertyOp49
 70
     1
102
RTVSPropertyOp50
 70
     1
102
RTVSPropertyOp51
 70
     0
102
RTVSPropertyOp52
 70
     0
102
RTVSPropertyOp53
 70
     1
102
RTVSPropertyOp54
 70
     1
102
RTVSPropertyOp55
 70
     1
102
RTVSPropertyOp56
 70
     1
102
RTVSPropertyOp57
 70
     1
102
RTVSPropertyOp58
 70
     1
102
RTVSPropertyOp59
 70
     1
102
RTVSPropertyOp60
 70
     1
102
RTVSPropertyOp61
 70
     1
102
RTVSPropertyOp62
 70
     1
  0
XRECORD
  5
6F7
102
{ACAD_REACTORS
330
6F6
102
}
330
6F6
100
AcDbXrecord
280
     1
102
RTVSPost2010Prop28
280
     0
102
RTVSPost2010PropOp28
 70
     1
102
RTVSPost2010Prop29
280
     1
102
RTVSPost2010PropOp29
 70
     1
102
RTVSPost2010Prop30
280
     1
102
RTVSPost2010PropOp30
 70
     1
102
RTVSPost2010Prop31
280
     0
102
RTVSPost2010PropOp31
 70
     1
102
RTVSPost2010Prop32
280
     0
102
RTVSPost2010PropOp32
 70
     1
102
RTVSPost2010Prop33
280
     0
102
RTVSPost2010PropOp33
 70
     1
102
RTVSPost2010Prop34
280
     0
102
RTVSPost2010PropOp34
 70
     1
102
RTVSPost2010Prop35
280
     0
102
RTVSPost2010PropOp35
 70
     1
102
RTVSPost2010Prop36
280
     0
102
RTVSPost2010PropOp36
 70
     1
102
RTVSPost2010Prop37
 90
       50
102
RTVSPost2010PropOp37
 70
     1
102
RTVSPost2010Prop38
140
0.0
102
RTVSPost2010PropOp38
 70
     1
102
RTVSPost2010Prop39
140
1.0
102
RTVSPost2010PropOp39
 70
     1
102
RTVSPost2010Prop40
 90
        0
102
RTVSPost2010PropOp40
 70
     1
102
RTVSPost2010Prop41ColorIndex
 90
       18
102
RTVSPost2010Prop41ColorRGB
 90
        0
102
RTVSPost2010PropOp41
 70
     1
102
RTVSPost2010Prop42
 90
       50
102
RTVSPost2010PropOp42
 70
     1
102
RTVSPost2010Prop43
 90
        3
102
RTVSPost2010PropOp43
 70
     1
102
RTVSPost2010Prop44ColorIndex
 90
        5
102
RTVSPost2010Prop44ColorRGB
 90
      255
102
RTVSPost2010PropOp44
 70
     1
102
RTVSPost2010Prop45
280
     0
102
RTVSPost2010PropOp45
 70
     1
102
RTVSPost2010Prop46
 90
       50
102
RTVSPost2010PropOp46
 70
     1
102
RTVSPost2010Prop47
 90
       50
102
RTVSPost2010PropOp47
 70
     1
102
RTVSPost2010Prop48
 90
       50
102
RTVSPost2010PropOp48
 70
     1
102
RTVSPost2010Prop49
280
     0
102
RTVSPost2010PropOp49
 70
     1
102
RTVSPost2010Prop50
 90
       50
102
RTVSPost2010PropOp50
 70
     1
102
RTVSPost2010Prop51ColorIndex
 90
      256
102
RTVSPost2010Prop51ColorRGB
 90
-16777216
102
RTVSPost2010PropOp51
 70
     0
102
RTVSPost2010Prop52
140
1.0
102
RTVSPost2010PropOp52
 70
     0
102
RTVSPost2010Prop53
 90
        2
102
RTVSPost2010PropOp53
 70
     1
102
RTVSPost2010Prop54
  1
strokes_ogs.tif
102
RTVSPost2010PropOp54
 70
     1
102
RTVSPost2010Prop55
280
     0
102
RTVSPost2010PropOp55
 70
     1
102
RTVSPost2010Prop56
140
1.0
102
RTVSPost2010PropOp56
 70
     1
102
RTVSPost2010Prop57
140
1.0
102
RTVSPost2010PropOp57
 70
     1
102
RTVSPropertyOp0
 70
     1
102
RTVSPropertyOp1
 70
     1
102
RTVSPropertyOp2
 70
     1
102
RTVSPropertyOp3
 70
     1
102
RTVSPropertyOp4
 70
     1
102
RTVSPropertyOp5
 70
     1
102
RTVSPropertyOp6
 70
     1
102
RTVSPropertyOp7
 70
     1
102
RTVSPropertyOp8
 70
     1
102
RTVSPropertyOp9
 70
     1
102
RTVSPropertyOp10
 70
     1
102
RTVSPropertyOp11
 70
     1
102
RTVSPropertyOp12
 70
     1
102
RTVSPropertyOp13
 70
     1
102
RTVSPropertyOp14
 70
     1
102
RTVSPropertyOp15
 70
     1
102
RTVSPropertyOp16
 70
     1
102
RTVSPropertyOp17
 70
     1
102
RTVSPropertyOp18
 70
     1
102
RTVSPropertyOp19
 70
     1
102
RTVSPropertyOp20
 70
     1
102
RTVSPropertyOp21
 70
     1
102
RTVSPropertyOp22
 70
     1
102
RTVSPropertyOp23
 70
     1
102
RTVSPropertyOp24
 70
     1
102
RTVSPropertyOp25
 70
     1
102
RTVSPropertyOp26
 70
     1
102
RTVSPropertyOp27
 70
     1
102
RTVSPropertyOp28
 70
     1
102
RTVSPropertyOp29
 70
     1
102
RTVSPropertyOp30
 70
     1
102
RTVSPropertyOp31
 70
     1
102
RTVSPropertyOp32
 70
     1
102
RTVSPropertyOp33
 70
     1
102
RTVSPropertyOp34
 70
     1
102
RTVSPropertyOp35
 70
     1
102
RTVSPropertyOp36
 70
     1
102
RTVSPropertyOp37
 70
     1
102
RTVSPropertyOp38
 70
     1
102
RTVSPropertyOp39
 70
     1
102
RTVSPropertyOp40
 70
     1
102
RTVSPropertyOp41
 70
     1
102
RTVSPropertyOp42
 70
     1
102
RTVSPropertyOp43
 70
     1
102
RTVSPropertyOp44
 70
     1
102
RTVSPropertyOp45
 70
     1
102
RTVSPropertyOp46
 70
     1
102
RTVSPropertyOp47
 70
     1
102
RTVSPropertyOp48
 70
     1
102
RTVSPropertyOp49
 70
     1
102
RTVSPropertyOp50
 70
     1
102
RTVSPropertyOp51
 70
     0
102
RTVSPropertyOp52
 70
     0
102
RTVSPropertyOp53
 70
     1
102
RTVSPropertyOp54
 70
     1
102
RTVSPropertyOp55
 70
     1
102
RTVSPropertyOp56
 70
     1
102
RTVSPropertyOp57
 70
     1
102
RTVSPropertyOp58
 70
     1
102
RTVSPropertyOp59
 70
     1
102
RTVSPropertyOp60
 70
     1
102
RTVSPropertyOp61
 70
     1
102
RTVSPropertyOp62
 70
     1
  0
XRECORD
  5
6F9
102
{ACAD_REACTORS
330
6F8
102
}
330
6F8
100
AcDbXrecord
280
     1
102
RTVSPost2010Prop28
280
     0
102
RTVSPost2010PropOp28
 70
     1
102
RTVSPost2010Prop29
280
     1
102
RTVSPost2010PropOp29
 70
     1
102
RTVSPost2010Prop30
280
     1
102
RTVSPost2010PropOp30
 70
     1
102
RTVSPost2010Prop31
280
     0
102
RTVSPost2010PropOp31
 70
     1
102
RTVSPost2010Prop32
280
     0
102
RTVSPost2010PropOp32
 70
     1
102
RTVSPost2010Prop33
280
     0
102
RTVSPost2010PropOp33
 70
     1
102
RTVSPost2010Prop34
280
     0
102
RTVSPost2010PropOp34
 70
     1
102
RTVSPost2010Prop35
280
     0
102
RTVSPost2010PropOp35
 70
     1
102
RTVSPost2010Prop36
280
     0
102
RTVSPost2010PropOp36
 70
     1
102
RTVSPost2010Prop37
 90
       50
102
RTVSPost2010PropOp37
 70
     1
102
RTVSPost2010Prop38
140
0.0
102
RTVSPost2010PropOp38
 70
     1
102
RTVSPost2010Prop39
140
1.0
102
RTVSPost2010PropOp39
 70
     1
102
RTVSPost2010Prop40
 90
        0
102
RTVSPost2010PropOp40
 70
     1
102
RTVSPost2010Prop41ColorIndex
 90
       18
102
RTVSPost2010Prop41ColorRGB
 90
        0
102
RTVSPost2010PropOp41
 70
     1
102
RTVSPost2010Prop42
 90
       50
102
RTVSPost2010PropOp42
 70
     1
102
RTVSPost2010Prop43
 90
        3
102
RTVSPost2010PropOp43
 70
     1
102
RTVSPost2010Prop44ColorIndex
 90
        5
102
RTVSPost2010Prop44ColorRGB
 90
      255
102
RTVSPost2010PropOp44
 70
     1
102
RTVSPost2010Prop45
280
     0
102
RTVSPost2010PropOp45
 70
     1
102
RTVSPost2010Prop46
 90
       50
102
RTVSPost2010PropOp46
 70
     1
102
RTVSPost2010Prop47
 90
       50
102
RTVSPost2010PropOp47
 70
     1
102
RTVSPost2010Prop48
 90
       50
102
RTVSPost2010PropOp48
 70
     1
102
RTVSPost2010Prop49
280
     0
102
RTVSPost2010PropOp49
 70
     1
102
RTVSPost2010Prop50
 90
       50
102
RTVSPost2010PropOp50
 70
     1
102
RTVSPost2010Prop51ColorIndex
 90
      256
102
RTVSPost2010Prop51ColorRGB
 90
-16777216
102
RTVSPost2010PropOp51
 70
     0
102
RTVSPost2010Prop52
140
1.0
102
RTVSPost2010PropOp52
 70
     0
102
RTVSPost2010Prop53
 90
        2
102
RTVSPost2010PropOp53
 70
     1
102
RTVSPost2010Prop54
  1
strokes_ogs.tif
102
RTVSPost2010PropOp54
 70
     1
102
RTVSPost2010Prop55
280
     0
102
RTVSPost2010PropOp55
 70
     1
102
RTVSPost2010Prop56
140
1.0
102
RTVSPost2010PropOp56
 70
     1
102
RTVSPost2010Prop57
140
1.0
102
RTVSPost2010PropOp57
 70
     1
102
RTVSPropertyOp0
 70
     1
102
RTVSPropertyOp1
 70
     1
102
RTVSPropertyOp2
 70
     1
102
RTVSPropertyOp3
 70
     1
102
RTVSPropertyOp4
 70
     1
102
RTVSPropertyOp5
 70
     1
102
RTVSPropertyOp6
 70
     1
102
RTVSPropertyOp7
 70
     1
102
RTVSPropertyOp8
 70
     1
102
RTVSPropertyOp9
 70
     1
102
RTVSPropertyOp10
 70
     1
102
RTVSPropertyOp11
 70
     1
102
RTVSPropertyOp12
 70
     1
102
RTVSPropertyOp13
 70
     1
102
RTVSPropertyOp14
 70
     1
102
RTVSPropertyOp15
 70
     1
102
RTVSPropertyOp16
 70
     1
102
RTVSPropertyOp17
 70
     1
102
RTVSPropertyOp18
 70
     1
102
RTVSPropertyOp19
 70
     1
102
RTVSPropertyOp20
 70
     1
102
RTVSPropertyOp21
 70
     1
102
RTVSPropertyOp22
 70
     1
102
RTVSPropertyOp23
 70
     1
102
RTVSPropertyOp24
 70
     1
102
RTVSPropertyOp25
 70
     1
102
RTVSPropertyOp26
 70
     1
102
RTVSPropertyOp27
 70
     1
102
RTVSPropertyOp28
 70
     1
102
RTVSPropertyOp29
 70
     1
102
RTVSPropertyOp30
 70
     1
102
RTVSPropertyOp31
 70
     1
102
RTVSPropertyOp32
 70
     1
102
RTVSPropertyOp33
 70
     1
102
RTVSPropertyOp34
 70
     1
102
RTVSPropertyOp35
 70
     1
102
RTVSPropertyOp36
 70
     1
102
RTVSPropertyOp37
 70
     1
102
RTVSPropertyOp38
 70
     1
102
RTVSPropertyOp39
 70
     1
102
RTVSPropertyOp40
 70
     1
102
RTVSPropertyOp41
 70
     1
102
RTVSPropertyOp42
 70
     1
102
RTVSPropertyOp43
 70
     1
102
RTVSPropertyOp44
 70
     1
102
RTVSPropertyOp45
 70
     1
102
RTVSPropertyOp46
 70
     1
102
RTVSPropertyOp47
 70
     1
102
RTVSPropertyOp48
 70
     1
102
RTVSPropertyOp49
 70
     1
102
RTVSPropertyOp50
 70
     1
102
RTVSPropertyOp51
 70
     0
102
RTVSPropertyOp52
 70
     0
102
RTVSPropertyOp53
 70
     1
102
RTVSPropertyOp54
 70
     1
102
RTVSPropertyOp55
 70
     1
102
RTVSPropertyOp56
 70
     1
102
RTVSPropertyOp57
 70
     1
102
RTVSPropertyOp58
 70
     1
102
RTVSPropertyOp59
 70
     1
102
RTVSPropertyOp60
 70
     1
102
RTVSPropertyOp61
 70
     1
102
RTVSPropertyOp62
 70
     1
  0
XRECORD
  5
6FB
102
{ACAD_REACTORS
330
6FA
102
}
330
6FA
100
AcDbXrecord
280
     1
102
RTVSPost2010Prop28
280
     0
102
RTVSPost2010PropOp28
 70
     1
102
RTVSPost2010Prop29
280
     1
102
RTVSPost2010PropOp29
 70
     1
102
RTVSPost2010Prop30
280
     1
102
RTVSPost2010PropOp30
 70
     1
102
RTVSPost2010Prop31
280
     0
102
RTVSPost2010PropOp31
 70
     1
102
RTVSPost2010Prop32
280
     0
102
RTVSPost2010PropOp32
 70
     1
102
RTVSPost2010Prop33
280
     0
102
RTVSPost2010PropOp33
 70
     1
102
RTVSPost2010Prop34
280
     0
102
RTVSPost2010PropOp34
 70
     1
102
RTVSPost2010Prop35
280
     0
102
RTVSPost2010PropOp35
 70
     1
102
RTVSPost2010Prop36
280
     0
102
RTVSPost2010PropOp36
 70
     1
102
RTVSPost2010Prop37
 90
       50
102
RTVSPost2010PropOp37
 70
     1
102
RTVSPost2010Prop38
140
0.0
102
RTVSPost2010PropOp38
 70
     1
102
RTVSPost2010Prop39
140
1.0
102
RTVSPost2010PropOp39
 70
     1
102
RTVSPost2010Prop40
 90
        0
102
RTVSPost2010PropOp40
 70
     1
102
RTVSPost2010Prop41ColorIndex
 90
       18
102
RTVSPost2010Prop41ColorRGB
 90
        0
102
RTVSPost2010PropOp41
 70
     1
102
RTVSPost2010Prop42
 90
       50
102
RTVSPost2010PropOp42
 70
     1
102
RTVSPost2010Prop43
 90
        3
102
RTVSPost2010PropOp43
 70
     1
102
RTVSPost2010Prop44ColorIndex
 90
        5
102
RTVSPost2010Prop44ColorRGB
 90
      255
102
RTVSPost2010PropOp44
 70
     1
102
RTVSPost2010Prop45
280
     0
102
RTVSPost2010PropOp45
 70
     1
102
RTVSPost2010Prop46
 90
       50
102
RTVSPost2010PropOp46
 70
     1
102
RTVSPost2010Prop47
 90
       50
102
RTVSPost2010PropOp47
 70
     1
102
RTVSPost2010Prop48
 90
       50
102
RTVSPost2010PropOp48
 70
     1
102
RTVSPost2010Prop49
280
     0
102
RTVSPost2010PropOp49
 70
     1
102
RTVSPost2010Prop50
 90
       50
102
RTVSPost2010PropOp50
 70
     1
102
RTVSPost2010Prop51ColorIndex
 90
      256
102
RTVSPost2010Prop51ColorRGB
 90
-16777216
102
RTVSPost2010PropOp51
 70
     0
102
RTVSPost2010Prop52
140
1.0
102
RTVSPost2010PropOp52
 70
     0
102
RTVSPost2010Prop53
 90
        2
102
RTVSPost2010PropOp53
 70
     1
102
RTVSPost2010Prop54
  1
strokes_ogs.tif
102
RTVSPost2010PropOp54
 70
     1
102
RTVSPost2010Prop55
280
     0
102
RTVSPost2010PropOp55
 70
     1
102
RTVSPost2010Prop56
140
1.0
102
RTVSPost2010PropOp56
 70
     1
102
RTVSPost2010Prop57
140
1.0
102
RTVSPost2010PropOp57
 70
     1
102
RTVSPropertyOp0
 70
     1
102
RTVSPropertyOp1
 70
     1
102
RTVSPropertyOp2
 70
     1
102
RTVSPropertyOp3
 70
     1
102
RTVSPropertyOp4
 70
     1
102
RTVSPropertyOp5
 70
     1
102
RTVSPropertyOp6
 70
     1
102
RTVSPropertyOp7
 70
     1
102
RTVSPropertyOp8
 70
     1
102
RTVSPropertyOp9
 70
     1
102
RTVSPropertyOp10
 70
     1
102
RTVSPropertyOp11
 70
     1
102
RTVSPropertyOp12
 70
     1
102
RTVSPropertyOp13
 70
     1
102
RTVSPropertyOp14
 70
     1
102
RTVSPropertyOp15
 70
     1
102
RTVSPropertyOp16
 70
     1
102
RTVSPropertyOp17
 70
     1
102
RTVSPropertyOp18
 70
     1
102
RTVSPropertyOp19
 70
     1
102
RTVSPropertyOp20
 70
     1
102
RTVSPropertyOp21
 70
     1
102
RTVSPropertyOp22
 70
     1
102
RTVSPropertyOp23
 70
     1
102
RTVSPropertyOp24
 70
     1
102
RTVSPropertyOp25
 70
     1
102
RTVSPropertyOp26
 70
     1
102
RTVSPropertyOp27
 70
     1
102
RTVSPropertyOp28
 70
     1
102
RTVSPropertyOp29
 70
     1
102
RTVSPropertyOp30
 70
     1
102
RTVSPropertyOp31
 70
     1
102
RTVSPropertyOp32
 70
     1
102
RTVSPropertyOp33
 70
     1
102
RTVSPropertyOp34
 70
     1
102
RTVSPropertyOp35
 70
     1
102
RTVSPropertyOp36
 70
     1
102
RTVSPropertyOp37
 70
     1
102
RTVSPropertyOp38
 70
     1
102
RTVSPropertyOp39
 70
     1
102
RTVSPropertyOp40
 70
     1
102
RTVSPropertyOp41
 70
     1
102
RTVSPropertyOp42
 70
     1
102
RTVSPropertyOp43
 70
     1
102
RTVSPropertyOp44
 70
     1
102
RTVSPropertyOp45
 70
     1
102
RTVSPropertyOp46
 70
     1
102
RTVSPropertyOp47
 70
     1
102
RTVSPropertyOp48
 70
     1
102
RTVSPropertyOp49
 70
     1
102
RTVSPropertyOp50
 70
     1
102
RTVSPropertyOp51
 70
     0
102
RTVSPropertyOp52
 70
     0
102
RTVSPropertyOp53
 70
     1
102
RTVSPropertyOp54
 70
     1
102
RTVSPropertyOp55
 70
     1
102
RTVSPropertyOp56
 70
     1
102
RTVSPropertyOp57
 70
     1
102
RTVSPropertyOp58
 70
     1
102
RTVSPropertyOp59
 70
     1
102
RTVSPropertyOp60
 70
     1
102
RTVSPropertyOp61
 70
     1
102
RTVSPropertyOp62
 70
     1
  0
XRECORD
  5
6FD
102
{ACAD_REACTORS
330
6FC
102
}
330
6FC
100
AcDbXrecord
280
     1
102
RTVSPost2010Prop28
280
     0
102
RTVSPost2010PropOp28
 70
     1
102
RTVSPost2010Prop29
280
     1
102
RTVSPost2010PropOp29
 70
     1
102
RTVSPost2010Prop30
280
     1
102
RTVSPost2010PropOp30
 70
     1
102
RTVSPost2010Prop31
280
     0
102
RTVSPost2010PropOp31
 70
     1
102
RTVSPost2010Prop32
280
     0
102
RTVSPost2010PropOp32
 70
     1
102
RTVSPost2010Prop33
280
     0
102
RTVSPost2010PropOp33
 70
     1
102
RTVSPost2010Prop34
280
     0
102
RTVSPost2010PropOp34
 70
     1
102
RTVSPost2010Prop35
280
     0
102
RTVSPost2010PropOp35
 70
     1
102
RTVSPost2010Prop36
280
     0
102
RTVSPost2010PropOp36
 70
     1
102
RTVSPost2010Prop37
 90
       50
102
RTVSPost2010PropOp37
 70
     1
102
RTVSPost2010Prop38
140
0.0
102
RTVSPost2010PropOp38
 70
     1
102
RTVSPost2010Prop39
140
1.0
102
RTVSPost2010PropOp39
 70
     1
102
RTVSPost2010Prop40
 90
        0
102
RTVSPost2010PropOp40
 70
     1
102
RTVSPost2010Prop41ColorIndex
 90
       18
102
RTVSPost2010Prop41ColorRGB
 90
        0
102
RTVSPost2010PropOp41
 70
     1
102
RTVSPost2010Prop42
 90
       50
102
RTVSPost2010PropOp42
 70
     1
102
RTVSPost2010Prop43
 90
        3
102
RTVSPost2010PropOp43
 70
     1
102
RTVSPost2010Prop44ColorIndex
 90
        5
102
RTVSPost2010Prop44ColorRGB
 90
      255
102
RTVSPost2010PropOp44
 70
     1
102
RTVSPost2010Prop45
280
     0
102
RTVSPost2010PropOp45
 70
     1
102
RTVSPost2010Prop46
 90
       50
102
RTVSPost2010PropOp46
 70
     1
102
RTVSPost2010Prop47
 90
       50
102
RTVSPost2010PropOp47
 70
     1
102
RTVSPost2010Prop48
 90
       50
102
RTVSPost2010PropOp48
 70
     1
102
RTVSPost2010Prop49
280
     0
102
RTVSPost2010PropOp49
 70
     1
102
RTVSPost2010Prop50
 90
       50
102
RTVSPost2010PropOp50
 70
     1
102
RTVSPost2010Prop51ColorIndex
 90
      256
102
RTVSPost2010Prop51ColorRGB
 90
-16777216
102
RTVSPost2010PropOp51
 70
     0
102
RTVSPost2010Prop52
140
1.0
102
RTVSPost2010PropOp52
 70
     0
102
RTVSPost2010Prop53
 90
        2
102
RTVSPost2010PropOp53
 70
     1
102
RTVSPost2010Prop54
  1
strokes_ogs.tif
102
RTVSPost2010PropOp54
 70
     1
102
RTVSPost2010Prop55
280
     0
102
RTVSPost2010PropOp55
 70
     1
102
RTVSPost2010Prop56
140
1.0
102
RTVSPost2010PropOp56
 70
     1
102
RTVSPost2010Prop57
140
1.0
102
RTVSPost2010PropOp57
 70
     1
102
RTVSPropertyOp0
 70
     1
102
RTVSPropertyOp1
 70
     1
102
RTVSPropertyOp2
 70
     1
102
RTVSPropertyOp3
 70
     1
102
RTVSPropertyOp4
 70
     1
102
RTVSPropertyOp5
 70
     1
102
RTVSPropertyOp6
 70
     1
102
RTVSPropertyOp7
 70
     1
102
RTVSPropertyOp8
 70
     1
102
RTVSPropertyOp9
 70
     1
102
RTVSPropertyOp10
 70
     1
102
RTVSPropertyOp11
 70
     1
102
RTVSPropertyOp12
 70
     1
102
RTVSPropertyOp13
 70
     1
102
RTVSPropertyOp14
 70
     1
102
RTVSPropertyOp15
 70
     1
102
RTVSPropertyOp16
 70
     1
102
RTVSPropertyOp17
 70
     1
102
RTVSPropertyOp18
 70
     1
102
RTVSPropertyOp19
 70
     1
102
RTVSPropertyOp20
 70
     1
102
RTVSPropertyOp21
 70
     1
102
RTVSPropertyOp22
 70
     1
102
RTVSPropertyOp23
 70
     1
102
RTVSPropertyOp24
 70
     1
102
RTVSPropertyOp25
 70
     1
102
RTVSPropertyOp26
 70
     1
102
RTVSPropertyOp27
 70
     1
102
RTVSPropertyOp28
 70
     1
102
RTVSPropertyOp29
 70
     1
102
RTVSPropertyOp30
 70
     1
102
RTVSPropertyOp31
 70
     1
102
RTVSPropertyOp32
 70
     1
102
RTVSPropertyOp33
 70
     1
102
RTVSPropertyOp34
 70
     1
102
RTVSPropertyOp35
 70
     1
102
RTVSPropertyOp36
 70
     1
102
RTVSPropertyOp37
 70
     1
102
RTVSPropertyOp38
 70
     1
102
RTVSPropertyOp39
 70
     1
102
RTVSPropertyOp40
 70
     1
102
RTVSPropertyOp41
 70
     1
102
RTVSPropertyOp42
 70
     1
102
RTVSPropertyOp43
 70
     1
102
RTVSPropertyOp44
 70
     1
102
RTVSPropertyOp45
 70
     1
102
RTVSPropertyOp46
 70
     1
102
RTVSPropertyOp47
 70
     1
102
RTVSPropertyOp48
 70
     1
102
RTVSPropertyOp49
 70
     1
102
RTVSPropertyOp50
 70
     1
102
RTVSPropertyOp51
 70
     0
102
RTVSPropertyOp52
 70
     0
102
RTVSPropertyOp53
 70
     1
102
RTVSPropertyOp54
 70
     1
102
RTVSPropertyOp55
 70
     1
102
RTVSPropertyOp56
 70
     1
102
RTVSPropertyOp57
 70
     1
102
RTVSPropertyOp58
 70
     1
102
RTVSPropertyOp59
 70
     1
102
RTVSPropertyOp60
 70
     1
102
RTVSPropertyOp61
 70
     1
102
RTVSPropertyOp62
 70
     1
  0
XRECORD
  5
705
102
{ACAD_REACTORS
330
704
102
}
330
704
100
AcDbXrecord
280
     1
102
RTVSPost2010Prop28
280
     0
102
RTVSPost2010PropOp28
 70
     1
102
RTVSPost2010Prop29
280
     1
102
RTVSPost2010PropOp29
 70
     1
102
RTVSPost2010Prop30
280
     1
102
RTVSPost2010PropOp30
 70
     1
102
RTVSPost2010Prop31
280
     0
102
RTVSPost2010PropOp31
 70
     1
102
RTVSPost2010Prop32
280
     0
102
RTVSPost2010PropOp32
 70
     1
102
RTVSPost2010Prop33
280
     0
102
RTVSPost2010PropOp33
 70
     1
102
RTVSPost2010Prop34
280
     0
102
RTVSPost2010PropOp34
 70
     1
102
RTVSPost2010Prop35
280
     0
102
RTVSPost2010PropOp35
 70
     1
102
RTVSPost2010Prop36
280
     0
102
RTVSPost2010PropOp36
 70
     1
102
RTVSPost2010Prop37
 90
       50
102
RTVSPost2010PropOp37
 70
     1
102
RTVSPost2010Prop38
140
0.0
102
RTVSPost2010PropOp38
 70
     1
102
RTVSPost2010Prop39
140
1.0
102
RTVSPost2010PropOp39
 70
     1
102
RTVSPost2010Prop40
 90
        0
102
RTVSPost2010PropOp40
 70
     1
102
RTVSPost2010Prop41ColorIndex
 90
       18
102
RTVSPost2010Prop41ColorRGB
 90
        0
102
RTVSPost2010PropOp41
 70
     1
102
RTVSPost2010Prop42
 90
       50
102
RTVSPost2010PropOp42
 70
     1
102
RTVSPost2010Prop43
 90
        3
102
RTVSPost2010PropOp43
 70
     1
102
RTVSPost2010Prop44ColorIndex
 90
        5
102
RTVSPost2010Prop44ColorRGB
 90
      255
102
RTVSPost2010PropOp44
 70
     1
102
RTVSPost2010Prop45
280
     0
102
RTVSPost2010PropOp45
 70
     1
102
RTVSPost2010Prop46
 90
       50
102
RTVSPost2010PropOp46
 70
     1
102
RTVSPost2010Prop47
 90
       50
102
RTVSPost2010PropOp47
 70
     1
102
RTVSPost2010Prop48
 90
       50
102
RTVSPost2010PropOp48
 70
     1
102
RTVSPost2010Prop49
280
     0
102
RTVSPost2010PropOp49
 70
     1
102
RTVSPost2010Prop50
 90
       50
102
RTVSPost2010PropOp50
 70
     1
102
RTVSPost2010Prop51ColorIndex
 90
      256
102
RTVSPost2010Prop51ColorRGB
 90
-16777216
102
RTVSPost2010PropOp51
 70
     0
102
RTVSPost2010Prop52
140
1.0
102
RTVSPost2010PropOp52
 70
     0
102
RTVSPost2010Prop53
 90
        2
102
RTVSPost2010PropOp53
 70
     1
102
RTVSPost2010Prop54
  1
strokes_ogs.tif
102
RTVSPost2010PropOp54
 70
     1
102
RTVSPost2010Prop55
280
     0
102
RTVSPost2010PropOp55
 70
     1
102
RTVSPost2010Prop56
140
1.0
102
RTVSPost2010PropOp56
 70
     1
102
RTVSPost2010Prop57
140
1.0
102
RTVSPost2010PropOp57
 70
     1
102
RTVSPropertyOp0
 70
     1
102
RTVSPropertyOp1
 70
     1
102
RTVSPropertyOp2
 70
     1
102
RTVSPropertyOp3
 70
     1
102
RTVSPropertyOp4
 70
     1
102
RTVSPropertyOp5
 70
     1
102
RTVSPropertyOp6
 70
     1
102
RTVSPropertyOp7
 70
     1
102
RTVSPropertyOp8
 70
     1
102
RTVSPropertyOp9
 70
     1
102
RTVSPropertyOp10
 70
     1
102
RTVSPropertyOp11
 70
     1
102
RTVSPropertyOp12
 70
     1
102
RTVSPropertyOp13
 70
     1
102
RTVSPropertyOp14
 70
     1
102
RTVSPropertyOp15
 70
     1
102
RTVSPropertyOp16
 70
     1
102
RTVSPropertyOp17
 70
     1
102
RTVSPropertyOp18
 70
     1
102
RTVSPropertyOp19
 70
     1
102
RTVSPropertyOp20
 70
     1
102
RTVSPropertyOp21
 70
     1
102
RTVSPropertyOp22
 70
     1
102
RTVSPropertyOp23
 70
     1
102
RTVSPropertyOp24
 70
     1
102
RTVSPropertyOp25
 70
     1
102
RTVSPropertyOp26
 70
     1
102
RTVSPropertyOp27
 70
     1
102
RTVSPropertyOp28
 70
     1
102
RTVSPropertyOp29
 70
     1
102
RTVSPropertyOp30
 70
     1
102
RTVSPropertyOp31
 70
     1
102
RTVSPropertyOp32
 70
     1
102
RTVSPropertyOp33
 70
     1
102
RTVSPropertyOp34
 70
     1
102
RTVSPropertyOp35
 70
     1
102
RTVSPropertyOp36
 70
     1
102
RTVSPropertyOp37
 70
     1
102
RTVSPropertyOp38
 70
     1
102
RTVSPropertyOp39
 70
     1
102
RTVSPropertyOp40
 70
     1
102
RTVSPropertyOp41
 70
     1
102
RTVSPropertyOp42
 70
     1
102
RTVSPropertyOp43
 70
     1
102
RTVSPropertyOp44
 70
     1
102
RTVSPropertyOp45
 70
     1
102
RTVSPropertyOp46
 70
     1
102
RTVSPropertyOp47
 70
     1
102
RTVSPropertyOp48
 70
     1
102
RTVSPropertyOp49
 70
     1
102
RTVSPropertyOp50
 70
     1
102
RTVSPropertyOp51
 70
     0
102
RTVSPropertyOp52
 70
     0
102
RTVSPropertyOp53
 70
     1
102
RTVSPropertyOp54
 70
     1
102
RTVSPropertyOp55
 70
     1
102
RTVSPropertyOp56
 70
     1
102
RTVSPropertyOp57
 70
     1
102
RTVSPropertyOp58
 70
     1
102
RTVSPropertyOp59
 70
     1
102
RTVSPropertyOp60
 70
     1
102
RTVSPropertyOp61
 70
     1
102
RTVSPropertyOp62
 70
     1
  0
XRECORD
  5
721
102
{ACAD_REACTORS
330
720
102
}
330
720
100
AcDbXrecord
280
     1
102
RTVSPost2010Prop28
280
     0
102
RTVSPost2010PropOp28
 70
     1
102
RTVSPost2010Prop29
280
     1
102
RTVSPost2010PropOp29
 70
     1
102
RTVSPost2010Prop30
280
     1
102
RTVSPost2010PropOp30
 70
     1
102
RTVSPost2010Prop31
280
     0
102
RTVSPost2010PropOp31
 70
     1
102
RTVSPost2010Prop32
280
     0
102
RTVSPost2010PropOp32
 70
     1
102
RTVSPost2010Prop33
280
     0
102
RTVSPost2010PropOp33
 70
     1
102
RTVSPost2010Prop34
280
     0
102
RTVSPost2010PropOp34
 70
     1
102
RTVSPost2010Prop35
280
     0
102
RTVSPost2010PropOp35
 70
     1
102
RTVSPost2010Prop36
280
     0
102
RTVSPost2010PropOp36
 70
     1
102
RTVSPost2010Prop37
 90
       50
102
RTVSPost2010PropOp37
 70
     0
102
RTVSPost2010Prop38
140
0.0
102
RTVSPost2010PropOp38
 70
     0
102
RTVSPost2010Prop39
140
1.0
102
RTVSPost2010PropOp39
 70
     0
102
RTVSPost2010Prop40
 90
        0
102
RTVSPost2010PropOp40
 70
     0
102
RTVSPost2010Prop41ColorIndex
 90
       18
102
RTVSPost2010Prop41ColorRGB
 90
        0
102
RTVSPost2010PropOp41
 70
     0
102
RTVSPost2010Prop42
 90
       50
102
RTVSPost2010PropOp42
 70
     0
102
RTVSPost2010Prop43
 90
        3
102
RTVSPost2010PropOp43
 70
     0
102
RTVSPost2010Prop44ColorIndex
 90
        5
102
RTVSPost2010Prop44ColorRGB
 90
      255
102
RTVSPost2010PropOp44
 70
     0
102
RTVSPost2010Prop45
280
     0
102
RTVSPost2010PropOp45
 70
     1
102
RTVSPost2010Prop46
 90
       50
102
RTVSPost2010PropOp46
 70
     0
102
RTVSPost2010Prop47
 90
       50
102
RTVSPost2010PropOp47
 70
     0
102
RTVSPost2010Prop48
 90
       50
102
RTVSPost2010PropOp48
 70
     0
102
RTVSPost2010Prop49
280
     0
102
RTVSPost2010PropOp49
 70
     1
102
RTVSPost2010Prop50
 90
       50
102
RTVSPost2010PropOp50
 70
     0
102
RTVSPost2010Prop51ColorIndex
 90
      256
102
RTVSPost2010Prop51ColorRGB
 90
-16777216
102
RTVSPost2010PropOp51
 70
     0
102
RTVSPost2010Prop52
140
1.0
102
RTVSPost2010PropOp52
 70
     0
102
RTVSPost2010Prop53
 90
        2
102
RTVSPost2010PropOp53
 70
     0
102
RTVSPost2010Prop54
  1
strokes_ogs.tif
102
RTVSPost2010PropOp54
 70
     0
102
RTVSPost2010Prop55
280
     0
102
RTVSPost2010PropOp55
 70
     1
102
RTVSPost2010Prop56
140
1.0
102
RTVSPost2010PropOp56
 70
     0
102
RTVSPost2010Prop57
140
1.0
102
RTVSPost2010PropOp57
 70
     0
102
RTVSPropertyOp0
 70
     0
102
RTVSPropertyOp1
 70
     0
102
RTVSPropertyOp2
 70
     0
102
RTVSPropertyOp3
 70
     0
102
RTVSPropertyOp4
 70
     0
102
RTVSPropertyOp5
 70
     0
102
RTVSPropertyOp6
 70
     0
102
RTVSPropertyOp7
 70
     0
102
RTVSPropertyOp8
 70
     0
102
RTVSPropertyOp9
 70
     0
102
RTVSPropertyOp10
 70
     0
102
RTVSPropertyOp11
 70
     0
102
RTVSPropertyOp12
 70
     0
102
RTVSPropertyOp13
 70
     0
102
RTVSPropertyOp14
 70
     2
102
RTVSPropertyOp15
 70
     0
102
RTVSPropertyOp16
 70
     0
102
RTVSPropertyOp17
 70
     0
102
RTVSPropertyOp18
 70
     0
102
RTVSPropertyOp19
 70
     0
102
RTVSPropertyOp20
 70
     0
102
RTVSPropertyOp21
 70
     0
102
RTVSPropertyOp22
 70
     0
102
RTVSPropertyOp23
 70
     0
102
RTVSPropertyOp24
 70
     0
102
RTVSPropertyOp25
 70
     0
102
RTVSPropertyOp26
 70
     0
102
RTVSPropertyOp27
 70
     0
102
RTVSPropertyOp28
 70
     1
102
RTVSPropertyOp29
 70
     1
102
RTVSPropertyOp30
 70
     1
102
RTVSPropertyOp31
 70
     1
102
RTVSPropertyOp32
 70
     1
102
RTVSPropertyOp33
 70
     1
102
RTVSPropertyOp34
 70
     1
102
RTVSPropertyOp35
 70
     1
102
RTVSPropertyOp36
 70
     1
102
RTVSPropertyOp37
 70
     0
102
RTVSPropertyOp38
 70
     0
102
RTVSPropertyOp39
 70
     0
102
RTVSPropertyOp40
 70
     0
102
RTVSPropertyOp41
 70
     0
102
RTVSPropertyOp42
 70
     0
102
RTVSPropertyOp43
 70
     0
102
RTVSPropertyOp44
 70
     0
102
RTVSPropertyOp45
 70
     1
102
RTVSPropertyOp46
 70
     0
102
RTVSPropertyOp47
 70
     0
102
RTVSPropertyOp48
 70
     0
102
RTVSPropertyOp49
 70
     1
102
RTVSPropertyOp50
 70
     0
102
RTVSPropertyOp51
 70
     0
102
RTVSPropertyOp52
 70
     0
102
RTVSPropertyOp53
 70
     0
102
RTVSPropertyOp54
 70
     0
102
RTVSPropertyOp55
 70
     1
102
RTVSPropertyOp56
 70
     0
102
RTVSPropertyOp57
 70
     0
102
RTVSPropertyOp58
 70
     0
102
RTVSPropertyOp59
 70
     0
102
RTVSPropertyOp60
 70
     0
102
RTVSPropertyOp61
 70
     0
102
RTVSPropertyOp62
 70
     0
  0
XRECORD
  5
711
102
{ACAD_REACTORS
330
710
102
}
330
710
100
AcDbXrecord
280
     1
102
RTVSPost2010Prop28
280
     0
102
RTVSPost2010PropOp28
 70
     1
102
RTVSPost2010Prop29
280
     1
102
RTVSPost2010PropOp29
 70
     1
102
RTVSPost2010Prop30
280
     1
102
RTVSPost2010PropOp30
 70
     1
102
RTVSPost2010Prop31
280
     0
102
RTVSPost2010PropOp31
 70
     1
102
RTVSPost2010Prop32
280
     0
102
RTVSPost2010PropOp32
 70
     1
102
RTVSPost2010Prop33
280
     0
102
RTVSPost2010PropOp33
 70
     1
102
RTVSPost2010Prop34
280
     0
102
RTVSPost2010PropOp34
 70
     1
102
RTVSPost2010Prop35
280
     0
102
RTVSPost2010PropOp35
 70
     1
102
RTVSPost2010Prop36
280
     0
102
RTVSPost2010PropOp36
 70
     1
102
RTVSPost2010Prop37
 90
       50
102
RTVSPost2010PropOp37
 70
     1
102
RTVSPost2010Prop38
140
0.0
102
RTVSPost2010PropOp38
 70
     1
102
RTVSPost2010Prop39
140
1.0
102
RTVSPost2010PropOp39
 70
     1
102
RTVSPost2010Prop40
 90
        0
102
RTVSPost2010PropOp40
 70
     1
102
RTVSPost2010Prop41ColorIndex
 90
       18
102
RTVSPost2010Prop41ColorRGB
 90
        0
102
RTVSPost2010PropOp41
 70
     1
102
RTVSPost2010Prop42
 90
       50
102
RTVSPost2010PropOp42
 70
     1
102
RTVSPost2010Prop43
 90
        3
102
RTVSPost2010PropOp43
 70
     1
102
RTVSPost2010Prop44ColorIndex
 90
        5
102
RTVSPost2010Prop44ColorRGB
 90
      255
102
RTVSPost2010PropOp44
 70
     1
102
RTVSPost2010Prop45
280
     0
102
RTVSPost2010PropOp45
 70
     1
102
RTVSPost2010Prop46
 90
       50
102
RTVSPost2010PropOp46
 70
     1
102
RTVSPost2010Prop47
 90
       50
102
RTVSPost2010PropOp47
 70
     1
102
RTVSPost2010Prop48
 90
       50
102
RTVSPost2010PropOp48
 70
     1
102
RTVSPost2010Prop49
280
     0
102
RTVSPost2010PropOp49
 70
     1
102
RTVSPost2010Prop50
 90
       50
102
RTVSPost2010PropOp50
 70
     1
102
RTVSPost2010Prop51ColorIndex
 90
      256
102
RTVSPost2010Prop51ColorRGB
 90
-16777216
102
RTVSPost2010PropOp51
 70
     0
102
RTVSPost2010Prop52
140
1.0
102
RTVSPost2010PropOp52
 70
     0
102
RTVSPost2010Prop53
 90
        2
102
RTVSPost2010PropOp53
 70
     1
102
RTVSPost2010Prop54
  1
strokes_ogs.tif
102
RTVSPost2010PropOp54
 70
     1
102
RTVSPost2010Prop55
280
     0
102
RTVSPost2010PropOp55
 70
     1
102
RTVSPost2010Prop56
140
1.0
102
RTVSPost2010PropOp56
 70
     1
102
RTVSPost2010Prop57
140
1.0
102
RTVSPost2010PropOp57
 70
     1
102
RTVSPropertyOp0
 70
     1
102
RTVSPropertyOp1
 70
     1
102
RTVSPropertyOp2
 70
     1
102
RTVSPropertyOp3
 70
     1
102
RTVSPropertyOp4
 70
     1
102
RTVSPropertyOp5
 70
     1
102
RTVSPropertyOp6
 70
     1
102
RTVSPropertyOp7
 70
     1
102
RTVSPropertyOp8
 70
     1
102
RTVSPropertyOp9
 70
     1
102
RTVSPropertyOp10
 70
     1
102
RTVSPropertyOp11
 70
     1
102
RTVSPropertyOp12
 70
     1
102
RTVSPropertyOp13
 70
     1
102
RTVSPropertyOp14
 70
     1
102
RTVSPropertyOp15
 70
     1
102
RTVSPropertyOp16
 70
     1
102
RTVSPropertyOp17
 70
     1
102
RTVSPropertyOp18
 70
     1
102
RTVSPropertyOp19
 70
     1
102
RTVSPropertyOp20
 70
     1
102
RTVSPropertyOp21
 70
     1
102
RTVSPropertyOp22
 70
     1
102
RTVSPropertyOp23
 70
     1
102
RTVSPropertyOp24
 70
     1
102
RTVSPropertyOp25
 70
     1
102
RTVSPropertyOp26
 70
     1
102
RTVSPropertyOp27
 70
     1
102
RTVSPropertyOp28
 70
     1
102
RTVSPropertyOp29
 70
     1
102
RTVSPropertyOp30
 70
     1
102
RTVSPropertyOp31
 70
     1
102
RTVSPropertyOp32
 70
     1
102
RTVSPropertyOp33
 70
     1
102
RTVSPropertyOp34
 70
     1
102
RTVSPropertyOp35
 70
     1
102
RTVSPropertyOp36
 70
     1
102
RTVSPropertyOp37
 70
     1
102
RTVSPropertyOp38
 70
     1
102
RTVSPropertyOp39
 70
     1
102
RTVSPropertyOp40
 70
     1
102
RTVSPropertyOp41
 70
     1
102
RTVSPropertyOp42
 70
     1
102
RTVSPropertyOp43
 70
     1
102
RTVSPropertyOp44
 70
     1
102
RTVSPropertyOp45
 70
     1
102
RTVSPropertyOp46
 70
     1
102
RTVSPropertyOp47
 70
     1
102
RTVSPropertyOp48
 70
     1
102
RTVSPropertyOp49
 70
     1
102
RTVSPropertyOp50
 70
     1
102
RTVSPropertyOp51
 70
     0
102
RTVSPropertyOp52
 70
     0
102
RTVSPropertyOp53
 70
     1
102
RTVSPropertyOp54
 70
     1
102
RTVSPropertyOp55
 70
     1
102
RTVSPropertyOp56
 70
     1
102
RTVSPropertyOp57
 70
     1
102
RTVSPropertyOp58
 70
     1
102
RTVSPropertyOp59
 70
     1
102
RTVSPropertyOp60
 70
     1
102
RTVSPropertyOp61
 70
     1
102
RTVSPropertyOp62
 70
     1
  0
XRECORD
  5
723
102
{ACAD_REACTORS
330
722
102
}
330
722
100
AcDbXrecord
280
     1
102
RTVSPost2010Prop28
280
     0
102
RTVSPost2010PropOp28
 70
     1
102
RTVSPost2010Prop29
280
     1
102
RTVSPost2010PropOp29
 70
     1
102
RTVSPost2010Prop30
280
     1
102
RTVSPost2010PropOp30
 70
     1
102
RTVSPost2010Prop31
280
     0
102
RTVSPost2010PropOp31
 70
     1
102
RTVSPost2010Prop32
280
     0
102
RTVSPost2010PropOp32
 70
     1
102
RTVSPost2010Prop33
280
     0
102
RTVSPost2010PropOp33
 70
     1
102
RTVSPost2010Prop34
280
     0
102
RTVSPost2010PropOp34
 70
     1
102
RTVSPost2010Prop35
280
     0
102
RTVSPost2010PropOp35
 70
     1
102
RTVSPost2010Prop36
280
     0
102
RTVSPost2010PropOp36
 70
     1
102
RTVSPost2010Prop37
 90
       50
102
RTVSPost2010PropOp37
 70
     0
102
RTVSPost2010Prop38
140
0.0
102
RTVSPost2010PropOp38
 70
     0
102
RTVSPost2010Prop39
140
1.0
102
RTVSPost2010PropOp39
 70
     0
102
RTVSPost2010Prop40
 90
        0
102
RTVSPost2010PropOp40
 70
     0
102
RTVSPost2010Prop41ColorIndex
 90
       18
102
RTVSPost2010Prop41ColorRGB
 90
        0
102
RTVSPost2010PropOp41
 70
     0
102
RTVSPost2010Prop42
 90
       50
102
RTVSPost2010PropOp42
 70
     0
102
RTVSPost2010Prop43
 90
        3
102
RTVSPost2010PropOp43
 70
     0
102
RTVSPost2010Prop44ColorIndex
 90
        5
102
RTVSPost2010Prop44ColorRGB
 90
      255
102
RTVSPost2010PropOp44
 70
     0
102
RTVSPost2010Prop45
280
     0
102
RTVSPost2010PropOp45
 70
     1
102
RTVSPost2010Prop46
 90
       50
102
RTVSPost2010PropOp46
 70
     0
102
RTVSPost2010Prop47
 90
       50
102
RTVSPost2010PropOp47
 70
     0
102
RTVSPost2010Prop48
 90
       50
102
RTVSPost2010PropOp48
 70
     0
102
RTVSPost2010Prop49
280
     0
102
RTVSPost2010PropOp49
 70
     1
102
RTVSPost2010Prop50
 90
       50
102
RTVSPost2010PropOp50
 70
     0
102
RTVSPost2010Prop51ColorIndex
 90
      256
102
RTVSPost2010Prop51ColorRGB
 90
-16777216
102
RTVSPost2010PropOp51
 70
     0
102
RTVSPost2010Prop52
140
1.0
102
RTVSPost2010PropOp52
 70
     0
102
RTVSPost2010Prop53
 90
        2
102
RTVSPost2010PropOp53
 70
     0
102
RTVSPost2010Prop54
  1
strokes_ogs.tif
102
RTVSPost2010PropOp54
 70
     0
102
RTVSPost2010Prop55
280
     0
102
RTVSPost2010PropOp55
 70
     1
102
RTVSPost2010Prop56
140
1.0
102
RTVSPost2010PropOp56
 70
     0
102
RTVSPost2010Prop57
140
1.0
102
RTVSPost2010PropOp57
 70
     0
102
RTVSPropertyOp0
 70
     0
102
RTVSPropertyOp1
 70
     0
102
RTVSPropertyOp2
 70
     0
102
RTVSPropertyOp3
 70
     0
102
RTVSPropertyOp4
 70
     0
102
RTVSPropertyOp5
 70
     0
102
RTVSPropertyOp6
 70
     0
102
RTVSPropertyOp7
 70
     0
102
RTVSPropertyOp8
 70
     0
102
RTVSPropertyOp9
 70
     0
102
RTVSPropertyOp10
 70
     0
102
RTVSPropertyOp11
 70
     0
102
RTVSPropertyOp12
 70
     0
102
RTVSPropertyOp13
 70
     0
102
RTVSPropertyOp14
 70
     2
102
RTVSPropertyOp15
 70
     0
102
RTVSPropertyOp16
 70
     0
102
RTVSPropertyOp17
 70
     0
102
RTVSPropertyOp18
 70
     0
102
RTVSPropertyOp19
 70
     0
102
RTVSPropertyOp20
 70
     0
102
RTVSPropertyOp21
 70
     0
102
RTVSPropertyOp22
 70
     0
102
RTVSPropertyOp23
 70
     0
102
RTVSPropertyOp24
 70
     0
102
RTVSPropertyOp25
 70
     0
102
RTVSPropertyOp26
 70
     0
102
RTVSPropertyOp27
 70
     0
102
RTVSPropertyOp28
 70
     1
102
RTVSPropertyOp29
 70
     1
102
RTVSPropertyOp30
 70
     1
102
RTVSPropertyOp31
 70
     1
102
RTVSPropertyOp32
 70
     1
102
RTVSPropertyOp33
 70
     1
102
RTVSPropertyOp34
 70
     1
102
RTVSPropertyOp35
 70
     1
102
RTVSPropertyOp36
 70
     1
102
RTVSPropertyOp37
 70
     0
102
RTVSPropertyOp38
 70
     0
102
RTVSPropertyOp39
 70
     0
102
RTVSPropertyOp40
 70
     0
102
RTVSPropertyOp41
 70
     0
102
RTVSPropertyOp42
 70
     0
102
RTVSPropertyOp43
 70
     0
102
RTVSPropertyOp44
 70
     0
102
RTVSPropertyOp45
 70
     1
102
RTVSPropertyOp46
 70
     0
102
RTVSPropertyOp47
 70
     0
102
RTVSPropertyOp48
 70
     0
102
RTVSPropertyOp49
 70
     1
102
RTVSPropertyOp50
 70
     0
102
RTVSPropertyOp51
 70
     0
102
RTVSPropertyOp52
 70
     0
102
RTVSPropertyOp53
 70
     0
102
RTVSPropertyOp54
 70
     0
102
RTVSPropertyOp55
 70
     1
102
RTVSPropertyOp56
 70
     0
102
RTVSPropertyOp57
 70
     0
102
RTVSPropertyOp58
 70
     0
102
RTVSPropertyOp59
 70
     0
102
RTVSPropertyOp60
 70
     0
102
RTVSPropertyOp61
 70
     0
102
RTVSPropertyOp62
 70
     0
  0
XRECORD
  5
709
102
{ACAD_REACTORS
330
708
102
}
330
708
100
AcDbXrecord
280
     1
102
RTVSPost2010Prop28
280
     0
102
RTVSPost2010PropOp28
 70
     1
102
RTVSPost2010Prop29
280
     1
102
RTVSPost2010PropOp29
 70
     1
102
RTVSPost2010Prop30
280
     1
102
RTVSPost2010PropOp30
 70
     1
102
RTVSPost2010Prop31
280
     0
102
RTVSPost2010PropOp31
 70
     1
102
RTVSPost2010Prop32
280
     0
102
RTVSPost2010PropOp32
 70
     1
102
RTVSPost2010Prop33
280
     0
102
RTVSPost2010PropOp33
 70
     1
102
RTVSPost2010Prop34
280
     0
102
RTVSPost2010PropOp34
 70
     1
102
RTVSPost2010Prop35
280
     0
102
RTVSPost2010PropOp35
 70
     1
102
RTVSPost2010Prop36
280
     0
102
RTVSPost2010PropOp36
 70
     1
102
RTVSPost2010Prop37
 90
       50
102
RTVSPost2010PropOp37
 70
     1
102
RTVSPost2010Prop38
140
0.0
102
RTVSPost2010PropOp38
 70
     1
102
RTVSPost2010Prop39
140
1.0
102
RTVSPost2010PropOp39
 70
     1
102
RTVSPost2010Prop40
 90
        0
102
RTVSPost2010PropOp40
 70
     1
102
RTVSPost2010Prop41ColorIndex
 90
       18
102
RTVSPost2010Prop41ColorRGB
 90
        0
102
RTVSPost2010PropOp41
 70
     1
102
RTVSPost2010Prop42
 90
       50
102
RTVSPost2010PropOp42
 70
     1
102
RTVSPost2010Prop43
 90
        3
102
RTVSPost2010PropOp43
 70
     1
102
RTVSPost2010Prop44ColorIndex
 90
        5
102
RTVSPost2010Prop44ColorRGB
 90
      255
102
RTVSPost2010PropOp44
 70
     1
102
RTVSPost2010Prop45
280
     0
102
RTVSPost2010PropOp45
 70
     1
102
RTVSPost2010Prop46
 90
       50
102
RTVSPost2010PropOp46
 70
     1
102
RTVSPost2010Prop47
 90
       50
102
RTVSPost2010PropOp47
 70
     1
102
RTVSPost2010Prop48
 90
       50
102
RTVSPost2010PropOp48
 70
     1
102
RTVSPost2010Prop49
280
     0
102
RTVSPost2010PropOp49
 70
     1
102
RTVSPost2010Prop50
 90
       50
102
RTVSPost2010PropOp50
 70
     1
102
RTVSPost2010Prop51ColorIndex
 90
      256
102
RTVSPost2010Prop51ColorRGB
 90
-16777216
102
RTVSPost2010PropOp51
 70
     0
102
RTVSPost2010Prop52
140
1.0
102
RTVSPost2010PropOp52
 70
     0
102
RTVSPost2010Prop53
 90
        2
102
RTVSPost2010PropOp53
 70
     1
102
RTVSPost2010Prop54
  1
strokes_ogs.tif
102
RTVSPost2010PropOp54
 70
     1
102
RTVSPost2010Prop55
280
     0
102
RTVSPost2010PropOp55
 70
     1
102
RTVSPost2010Prop56
140
1.0
102
RTVSPost2010PropOp56
 70
     1
102
RTVSPost2010Prop57
140
1.0
102
RTVSPost2010PropOp57
 70
     1
102
RTVSPropertyOp0
 70
     1
102
RTVSPropertyOp1
 70
     1
102
RTVSPropertyOp2
 70
     1
102
RTVSPropertyOp3
 70
     1
102
RTVSPropertyOp4
 70
     1
102
RTVSPropertyOp5
 70
     1
102
RTVSPropertyOp6
 70
     1
102
RTVSPropertyOp7
 70
     1
102
RTVSPropertyOp8
 70
     1
102
RTVSPropertyOp9
 70
     1
102
RTVSPropertyOp10
 70
     1
102
RTVSPropertyOp11
 70
     1
102
RTVSPropertyOp12
 70
     1
102
RTVSPropertyOp13
 70
     1
102
RTVSPropertyOp14
 70
     1
102
RTVSPropertyOp15
 70
     1
102
RTVSPropertyOp16
 70
     1
102
RTVSPropertyOp17
 70
     1
102
RTVSPropertyOp18
 70
     1
102
RTVSPropertyOp19
 70
     1
102
RTVSPropertyOp20
 70
     1
102
RTVSPropertyOp21
 70
     1
102
RTVSPropertyOp22
 70
     1
102
RTVSPropertyOp23
 70
     1
102
RTVSPropertyOp24
 70
     1
102
RTVSPropertyOp25
 70
     1
102
RTVSPropertyOp26
 70
     1
102
RTVSPropertyOp27
 70
     1
102
RTVSPropertyOp28
 70
     1
102
RTVSPropertyOp29
 70
     1
102
RTVSPropertyOp30
 70
     1
102
RTVSPropertyOp31
 70
     1
102
RTVSPropertyOp32
 70
     1
102
RTVSPropertyOp33
 70
     1
102
RTVSPropertyOp34
 70
     1
102
RTVSPropertyOp35
 70
     1
102
RTVSPropertyOp36
 70
     1
102
RTVSPropertyOp37
 70
     1
102
RTVSPropertyOp38
 70
     1
102
RTVSPropertyOp39
 70
     1
102
RTVSPropertyOp40
 70
     1
102
RTVSPropertyOp41
 70
     1
102
RTVSPropertyOp42
 70
     1
102
RTVSPropertyOp43
 70
     1
102
RTVSPropertyOp44
 70
     1
102
RTVSPropertyOp45
 70
     1
102
RTVSPropertyOp46
 70
     1
102
RTVSPropertyOp47
 70
     1
102
RTVSPropertyOp48
 70
     1
102
RTVSPropertyOp49
 70
     1
102
RTVSPropertyOp50
 70
     1
102
RTVSPropertyOp51
 70
     0
102
RTVSPropertyOp52
 70
     0
102
RTVSPropertyOp53
 70
     1
102
RTVSPropertyOp54
 70
     1
102
RTVSPropertyOp55
 70
     1
102
RTVSPropertyOp56
 70
     1
102
RTVSPropertyOp57
 70
     1
102
RTVSPropertyOp58
 70
     1
102
RTVSPropertyOp59
 70
     1
102
RTVSPropertyOp60
 70
     1
102
RTVSPropertyOp61
 70
     1
102
RTVSPropertyOp62
 70
     1
  0
XRECORD
  5
71F
102
{ACAD_REACTORS
330
71E
102
}
330
71E
100
AcDbXrecord
280
     1
102
RTVSPost2010Prop28
280
     0
102
RTVSPost2010PropOp28
 70
     1
102
RTVSPost2010Prop29
280
     1
102
RTVSPost2010PropOp29
 70
     1
102
RTVSPost2010Prop30
280
     1
102
RTVSPost2010PropOp30
 70
     1
102
RTVSPost2010Prop31
280
     0
102
RTVSPost2010PropOp31
 70
     1
102
RTVSPost2010Prop32
280
     0
102
RTVSPost2010PropOp32
 70
     1
102
RTVSPost2010Prop33
280
     0
102
RTVSPost2010PropOp33
 70
     1
102
RTVSPost2010Prop34
280
     0
102
RTVSPost2010PropOp34
 70
     1
102
RTVSPost2010Prop35
280
     0
102
RTVSPost2010PropOp35
 70
     1
102
RTVSPost2010Prop36
280
     0
102
RTVSPost2010PropOp36
 70
     1
102
RTVSPost2010Prop37
 90
       50
102
RTVSPost2010PropOp37
 70
     1
102
RTVSPost2010Prop38
140
0.0
102
RTVSPost2010PropOp38
 70
     1
102
RTVSPost2010Prop39
140
1.0
102
RTVSPost2010PropOp39
 70
     1
102
RTVSPost2010Prop40
 90
        0
102
RTVSPost2010PropOp40
 70
     1
102
RTVSPost2010Prop41ColorIndex
 90
       18
102
RTVSPost2010Prop41ColorRGB
 90
        0
102
RTVSPost2010PropOp41
 70
     1
102
RTVSPost2010Prop42
 90
       50
102
RTVSPost2010PropOp42
 70
     1
102
RTVSPost2010Prop43
 90
        3
102
RTVSPost2010PropOp43
 70
     1
102
RTVSPost2010Prop44ColorIndex
 90
        5
102
RTVSPost2010Prop44ColorRGB
 90
      255
102
RTVSPost2010PropOp44
 70
     1
102
RTVSPost2010Prop45
280
     0
102
RTVSPost2010PropOp45
 70
     1
102
RTVSPost2010Prop46
 90
       50
102
RTVSPost2010PropOp46
 70
     1
102
RTVSPost2010Prop47
 90
       50
102
RTVSPost2010PropOp47
 70
     1
102
RTVSPost2010Prop48
 90
       50
102
RTVSPost2010PropOp48
 70
     1
102
RTVSPost2010Prop49
280
     0
102
RTVSPost2010PropOp49
 70
     1
102
RTVSPost2010Prop50
 90
       50
102
RTVSPost2010PropOp50
 70
     1
102
RTVSPost2010Prop51ColorIndex
 90
      256
102
RTVSPost2010Prop51ColorRGB
 90
-16777216
102
RTVSPost2010PropOp51
 70
     0
102
RTVSPost2010Prop52
140
1.0
102
RTVSPost2010PropOp52
 70
     0
102
RTVSPost2010Prop53
 90
        2
102
RTVSPost2010PropOp53
 70
     1
102
RTVSPost2010Prop54
  1
strokes_ogs.tif
102
RTVSPost2010PropOp54
 70
     1
102
RTVSPost2010Prop55
280
     0
102
RTVSPost2010PropOp55
 70
     1
102
RTVSPost2010Prop56
140
1.0
102
RTVSPost2010PropOp56
 70
     1
102
RTVSPost2010Prop57
140
1.0
102
RTVSPost2010PropOp57
 70
     1
102
RTVSPropertyOp0
 70
     1
102
RTVSPropertyOp1
 70
     1
102
RTVSPropertyOp2
 70
     1
102
RTVSPropertyOp3
 70
     1
102
RTVSPropertyOp4
 70
     1
102
RTVSPropertyOp5
 70
     1
102
RTVSPropertyOp6
 70
     1
102
RTVSPropertyOp7
 70
     1
102
RTVSPropertyOp8
 70
     1
102
RTVSPropertyOp9
 70
     1
102
RTVSPropertyOp10
 70
     1
102
RTVSPropertyOp11
 70
     1
102
RTVSPropertyOp12
 70
     1
102
RTVSPropertyOp13
 70
     1
102
RTVSPropertyOp14
 70
     1
102
RTVSPropertyOp15
 70
     1
102
RTVSPropertyOp16
 70
     1
102
RTVSPropertyOp17
 70
     1
102
RTVSPropertyOp18
 70
     1
102
RTVSPropertyOp19
 70
     1
102
RTVSPropertyOp20
 70
     1
102
RTVSPropertyOp21
 70
     1
102
RTVSPropertyOp22
 70
     1
102
RTVSPropertyOp23
 70
     1
102
RTVSPropertyOp24
 70
     1
102
RTVSPropertyOp25
 70
     1
102
RTVSPropertyOp26
 70
     1
102
RTVSPropertyOp27
 70
     1
102
RTVSPropertyOp28
 70
     1
102
RTVSPropertyOp29
 70
     1
102
RTVSPropertyOp30
 70
     1
102
RTVSPropertyOp31
 70
     1
102
RTVSPropertyOp32
 70
     1
102
RTVSPropertyOp33
 70
     1
102
RTVSPropertyOp34
 70
     1
102
RTVSPropertyOp35
 70
     1
102
RTVSPropertyOp36
 70
     1
102
RTVSPropertyOp37
 70
     1
102
RTVSPropertyOp38
 70
     1
102
RTVSPropertyOp39
 70
     1
102
RTVSPropertyOp40
 70
     1
102
RTVSPropertyOp41
 70
     1
102
RTVSPropertyOp42
 70
     1
102
RTVSPropertyOp43
 70
     1
102
RTVSPropertyOp44
 70
     1
102
RTVSPropertyOp45
 70
     1
102
RTVSPropertyOp46
 70
     1
102
RTVSPropertyOp47
 70
     1
102
RTVSPropertyOp48
 70
     1
102
RTVSPropertyOp49
 70
     1
102
RTVSPropertyOp50
 70
     1
102
RTVSPropertyOp51
 70
     0
102
RTVSPropertyOp52
 70
     0
102
RTVSPropertyOp53
 70
     1
102
RTVSPropertyOp54
 70
     1
102
RTVSPropertyOp55
 70
     1
102
RTVSPropertyOp56
 70
     1
102
RTVSPropertyOp57
 70
     1
102
RTVSPropertyOp58
 70
     1
102
RTVSPropertyOp59
 70
     1
102
RTVSPropertyOp60
 70
     1
102
RTVSPropertyOp61
 70
     1
102
RTVSPropertyOp62
 70
     1
  0
XRECORD
  5
71D
102
{ACAD_REACTORS
330
71C
102
}
330
71C
100
AcDbXrecord
280
     1
102
RTVSPost2010Prop28
280
     0
102
RTVSPost2010PropOp28
 70
     1
102
RTVSPost2010Prop29
280
     1
102
RTVSPost2010PropOp29
 70
     1
102
RTVSPost2010Prop30
280
     1
102
RTVSPost2010PropOp30
 70
     1
102
RTVSPost2010Prop31
280
     0
102
RTVSPost2010PropOp31
 70
     1
102
RTVSPost2010Prop32
280
     0
102
RTVSPost2010PropOp32
 70
     1
102
RTVSPost2010Prop33
280
     0
102
RTVSPost2010PropOp33
 70
     1
102
RTVSPost2010Prop34
280
     0
102
RTVSPost2010PropOp34
 70
     1
102
RTVSPost2010Prop35
280
     0
102
RTVSPost2010PropOp35
 70
     1
102
RTVSPost2010Prop36
280
     0
102
RTVSPost2010PropOp36
 70
     1
102
RTVSPost2010Prop37
 90
       50
102
RTVSPost2010PropOp37
 70
     1
102
RTVSPost2010Prop38
140
0.0
102
RTVSPost2010PropOp38
 70
     1
102
RTVSPost2010Prop39
140
1.0
102
RTVSPost2010PropOp39
 70
     1
102
RTVSPost2010Prop40
 90
        0
102
RTVSPost2010PropOp40
 70
     1
102
RTVSPost2010Prop41ColorIndex
 90
       18
102
RTVSPost2010Prop41ColorRGB
 90
        0
102
RTVSPost2010PropOp41
 70
     1
102
RTVSPost2010Prop42
 90
       50
102
RTVSPost2010PropOp42
 70
     1
102
RTVSPost2010Prop43
 90
        3
102
RTVSPost2010PropOp43
 70
     1
102
RTVSPost2010Prop44ColorIndex
 90
        5
102
RTVSPost2010Prop44ColorRGB
 90
      255
102
RTVSPost2010PropOp44
 70
     1
102
RTVSPost2010Prop45
280
     0
102
RTVSPost2010PropOp45
 70
     1
102
RTVSPost2010Prop46
 90
       50
102
RTVSPost2010PropOp46
 70
     1
102
RTVSPost2010Prop47
 90
       50
102
RTVSPost2010PropOp47
 70
     1
102
RTVSPost2010Prop48
 90
       50
102
RTVSPost2010PropOp48
 70
     1
102
RTVSPost2010Prop49
280
     0
102
RTVSPost2010PropOp49
 70
     1
102
RTVSPost2010Prop50
 90
       50
102
RTVSPost2010PropOp50
 70
     1
102
RTVSPost2010Prop51ColorIndex
 90
      256
102
RTVSPost2010Prop51ColorRGB
 90
-16777216
102
RTVSPost2010PropOp51
 70
     0
102
RTVSPost2010Prop52
140
1.0
102
RTVSPost2010PropOp52
 70
     0
102
RTVSPost2010Prop53
 90
        2
102
RTVSPost2010PropOp53
 70
     1
102
RTVSPost2010Prop54
  1
strokes_ogs.tif
102
RTVSPost2010PropOp54
 70
     1
102
RTVSPost2010Prop55
280
     0
102
RTVSPost2010PropOp55
 70
     1
102
RTVSPost2010Prop56
140
1.0
102
RTVSPost2010PropOp56
 70
     1
102
RTVSPost2010Prop57
140
1.0
102
RTVSPost2010PropOp57
 70
     1
102
RTVSPropertyOp0
 70
     1
102
RTVSPropertyOp1
 70
     1
102
RTVSPropertyOp2
 70
     1
102
RTVSPropertyOp3
 70
     1
102
RTVSPropertyOp4
 70
     1
102
RTVSPropertyOp5
 70
     1
102
RTVSPropertyOp6
 70
     1
102
RTVSPropertyOp7
 70
     1
102
RTVSPropertyOp8
 70
     1
102
RTVSPropertyOp9
 70
     1
102
RTVSPropertyOp10
 70
     1
102
RTVSPropertyOp11
 70
     1
102
RTVSPropertyOp12
 70
     1
102
RTVSPropertyOp13
 70
     1
102
RTVSPropertyOp14
 70
     1
102
RTVSPropertyOp15
 70
     1
102
RTVSPropertyOp16
 70
     1
102
RTVSPropertyOp17
 70
     1
102
RTVSPropertyOp18
 70
     1
102
RTVSPropertyOp19
 70
     1
102
RTVSPropertyOp20
 70
     1
102
RTVSPropertyOp21
 70
     1
102
RTVSPropertyOp22
 70
     1
102
RTVSPropertyOp23
 70
     1
102
RTVSPropertyOp24
 70
     1
102
RTVSPropertyOp25
 70
     1
102
RTVSPropertyOp26
 70
     1
102
RTVSPropertyOp27
 70
     1
102
RTVSPropertyOp28
 70
     1
102
RTVSPropertyOp29
 70
     1
102
RTVSPropertyOp30
 70
     1
102
RTVSPropertyOp31
 70
     1
102
RTVSPropertyOp32
 70
     1
102
RTVSPropertyOp33
 70
     1
102
RTVSPropertyOp34
 70
     1
102
RTVSPropertyOp35
 70
     1
102
RTVSPropertyOp36
 70
     1
102
RTVSPropertyOp37
 70
     1
102
RTVSPropertyOp38
 70
     1
102
RTVSPropertyOp39
 70
     1
102
RTVSPropertyOp40
 70
     1
102
RTVSPropertyOp41
 70
     1
102
RTVSPropertyOp42
 70
     1
102
RTVSPropertyOp43
 70
     1
102
RTVSPropertyOp44
 70
     1
102
RTVSPropertyOp45
 70
     1
102
RTVSPropertyOp46
 70
     1
102
RTVSPropertyOp47
 70
     1
102
RTVSPropertyOp48
 70
     1
102
RTVSPropertyOp49
 70
     1
102
RTVSPropertyOp50
 70
     1
102
RTVSPropertyOp51
 70
     0
102
RTVSPropertyOp52
 70
     0
102
RTVSPropertyOp53
 70
     1
102
RTVSPropertyOp54
 70
     1
102
RTVSPropertyOp55
 70
     1
102
RTVSPropertyOp56
 70
     1
102
RTVSPropertyOp57
 70
     1
102
RTVSPropertyOp58
 70
     1
102
RTVSPropertyOp59
 70
     1
102
RTVSPropertyOp60
 70
     1
102
RTVSPropertyOp61
 70
     1
102
RTVSPropertyOp62
 70
     1
  0
XRECORD
  5
717
102
{ACAD_REACTORS
330
716
102
}
330
716
100
AcDbXrecord
280
     1
102
RTVSPost2010Prop28
280
     0
102
RTVSPost2010PropOp28
 70
     1
102
RTVSPost2010Prop29
280
     1
102
RTVSPost2010PropOp29
 70
     1
102
RTVSPost2010Prop30
280
     1
102
RTVSPost2010PropOp30
 70
     1
102
RTVSPost2010Prop31
280
     0
102
RTVSPost2010PropOp31
 70
     1
102
RTVSPost2010Prop32
280
     0
102
RTVSPost2010PropOp32
 70
     1
102
RTVSPost2010Prop33
280
     0
102
RTVSPost2010PropOp33
 70
     1
102
RTVSPost2010Prop34
280
     0
102
RTVSPost2010PropOp34
 70
     1
102
RTVSPost2010Prop35
280
     0
102
RTVSPost2010PropOp35
 70
     1
102
RTVSPost2010Prop36
280
     0
102
RTVSPost2010PropOp36
 70
     1
102
RTVSPost2010Prop37
 90
       50
102
RTVSPost2010PropOp37
 70
     1
102
RTVSPost2010Prop38
140
0.0
102
RTVSPost2010PropOp38
 70
     1
102
RTVSPost2010Prop39
140
1.0
102
RTVSPost2010PropOp39
 70
     1
102
RTVSPost2010Prop40
 90
        0
102
RTVSPost2010PropOp40
 70
     1
102
RTVSPost2010Prop41ColorIndex
 90
       18
102
RTVSPost2010Prop41ColorRGB
 90
        0
102
RTVSPost2010PropOp41
 70
     1
102
RTVSPost2010Prop42
 90
       50
102
RTVSPost2010PropOp42
 70
     1
102
RTVSPost2010Prop43
 90
        3
102
RTVSPost2010PropOp43
 70
     1
102
RTVSPost2010Prop44ColorIndex
 90
        5
102
RTVSPost2010Prop44ColorRGB
 90
      255
102
RTVSPost2010PropOp44
 70
     1
102
RTVSPost2010Prop45
280
     0
102
RTVSPost2010PropOp45
 70
     1
102
RTVSPost2010Prop46
 90
       50
102
RTVSPost2010PropOp46
 70
     1
102
RTVSPost2010Prop47
 90
       50
102
RTVSPost2010PropOp47
 70
     1
102
RTVSPost2010Prop48
 90
       50
102
RTVSPost2010PropOp48
 70
     1
102
RTVSPost2010Prop49
280
     0
102
RTVSPost2010PropOp49
 70
     1
102
RTVSPost2010Prop50
 90
       50
102
RTVSPost2010PropOp50
 70
     1
102
RTVSPost2010Prop51ColorIndex
 90
      256
102
RTVSPost2010Prop51ColorRGB
 90
-16777216
102
RTVSPost2010PropOp51
 70
     0
102
RTVSPost2010Prop52
140
1.0
102
RTVSPost2010PropOp52
 70
     0
102
RTVSPost2010Prop53
 90
        2
102
RTVSPost2010PropOp53
 70
     1
102
RTVSPost2010Prop54
  1
strokes_ogs.tif
102
RTVSPost2010PropOp54
 70
     1
102
RTVSPost2010Prop55
280
     0
102
RTVSPost2010PropOp55
 70
     1
102
RTVSPost2010Prop56
140
1.0
102
RTVSPost2010PropOp56
 70
     1
102
RTVSPost2010Prop57
140
1.0
102
RTVSPost2010PropOp57
 70
     1
102
RTVSPropertyOp0
 70
     1
102
RTVSPropertyOp1
 70
     1
102
RTVSPropertyOp2
 70
     1
102
RTVSPropertyOp3
 70
     1
102
RTVSPropertyOp4
 70
     1
102
RTVSPropertyOp5
 70
     1
102
RTVSPropertyOp6
 70
     1
102
RTVSPropertyOp7
 70
     1
102
RTVSPropertyOp8
 70
     1
102
RTVSPropertyOp9
 70
     1
102
RTVSPropertyOp10
 70
     1
102
RTVSPropertyOp11
 70
     1
102
RTVSPropertyOp12
 70
     1
102
RTVSPropertyOp13
 70
     1
102
RTVSPropertyOp14
 70
     1
102
RTVSPropertyOp15
 70
     1
102
RTVSPropertyOp16
 70
     1
102
RTVSPropertyOp17
 70
     1
102
RTVSPropertyOp18
 70
     1
102
RTVSPropertyOp19
 70
     1
102
RTVSPropertyOp20
 70
     1
102
RTVSPropertyOp21
 70
     1
102
RTVSPropertyOp22
 70
     1
102
RTVSPropertyOp23
 70
     1
102
RTVSPropertyOp24
 70
     1
102
RTVSPropertyOp25
 70
     1
102
RTVSPropertyOp26
 70
     1
102
RTVSPropertyOp27
 70
     1
102
RTVSPropertyOp28
 70
     1
102
RTVSPropertyOp29
 70
     1
102
RTVSPropertyOp30
 70
     1
102
RTVSPropertyOp31
 70
     1
102
RTVSPropertyOp32
 70
     1
102
RTVSPropertyOp33
 70
     1
102
RTVSPropertyOp34
 70
     1
102
RTVSPropertyOp35
 70
     1
102
RTVSPropertyOp36
 70
     1
102
RTVSPropertyOp37
 70
     1
102
RTVSPropertyOp38
 70
     1
102
RTVSPropertyOp39
 70
     1
102
RTVSPropertyOp40
 70
     1
102
RTVSPropertyOp41
 70
     1
102
RTVSPropertyOp42
 70
     1
102
RTVSPropertyOp43
 70
     1
102
RTVSPropertyOp44
 70
     1
102
RTVSPropertyOp45
 70
     1
102
RTVSPropertyOp46
 70
     1
102
RTVSPropertyOp47
 70
     1
102
RTVSPropertyOp48
 70
     1
102
RTVSPropertyOp49
 70
     1
102
RTVSPropertyOp50
 70
     1
102
RTVSPropertyOp51
 70
     0
102
RTVSPropertyOp52
 70
     0
102
RTVSPropertyOp53
 70
     1
102
RTVSPropertyOp54
 70
     1
102
RTVSPropertyOp55
 70
     1
102
RTVSPropertyOp56
 70
     1
102
RTVSPropertyOp57
 70
     1
102
RTVSPropertyOp58
 70
     1
102
RTVSPropertyOp59
 70
     1
102
RTVSPropertyOp60
 70
     1
102
RTVSPropertyOp61
 70
     1
102
RTVSPropertyOp62
 70
     1
  0
XRECORD
  5
719
102
{ACAD_REACTORS
330
718
102
}
330
718
100
AcDbXrecord
280
     1
102
RTVSPost2010Prop28
280
     0
102
RTVSPost2010PropOp28
 70
     1
102
RTVSPost2010Prop29
280
     1
102
RTVSPost2010PropOp29
 70
     1
102
RTVSPost2010Prop30
280
     1
102
RTVSPost2010PropOp30
 70
     1
102
RTVSPost2010Prop31
280
     0
102
RTVSPost2010PropOp31
 70
     1
102
RTVSPost2010Prop32
280
     0
102
RTVSPost2010PropOp32
 70
     1
102
RTVSPost2010Prop33
280
     0
102
RTVSPost2010PropOp33
 70
     1
102
RTVSPost2010Prop34
280
     0
102
RTVSPost2010PropOp34
 70
     1
102
RTVSPost2010Prop35
280
     0
102
RTVSPost2010PropOp35
 70
     1
102
RTVSPost2010Prop36
280
     0
102
RTVSPost2010PropOp36
 70
     1
102
RTVSPost2010Prop37
 90
       50
102
RTVSPost2010PropOp37
 70
     1
102
RTVSPost2010Prop38
140
0.0
102
RTVSPost2010PropOp38
 70
     1
102
RTVSPost2010Prop39
140
1.0
102
RTVSPost2010PropOp39
 70
     1
102
RTVSPost2010Prop40
 90
        0
102
RTVSPost2010PropOp40
 70
     1
102
RTVSPost2010Prop41ColorIndex
 90
       18
102
RTVSPost2010Prop41ColorRGB
 90
        0
102
RTVSPost2010PropOp41
 70
     1
102
RTVSPost2010Prop42
 90
       50
102
RTVSPost2010PropOp42
 70
     1
102
RTVSPost2010Prop43
 90
        3
102
RTVSPost2010PropOp43
 70
     1
102
RTVSPost2010Prop44ColorIndex
 90
        5
102
RTVSPost2010Prop44ColorRGB
 90
      255
102
RTVSPost2010PropOp44
 70
     1
102
RTVSPost2010Prop45
280
     0
102
RTVSPost2010PropOp45
 70
     1
102
RTVSPost2010Prop46
 90
       50
102
RTVSPost2010PropOp46
 70
     1
102
RTVSPost2010Prop47
 90
       50
102
RTVSPost2010PropOp47
 70
     1
102
RTVSPost2010Prop48
 90
       50
102
RTVSPost2010PropOp48
 70
     1
102
RTVSPost2010Prop49
280
     0
102
RTVSPost2010PropOp49
 70
     1
102
RTVSPost2010Prop50
 90
       50
102
RTVSPost2010PropOp50
 70
     1
102
RTVSPost2010Prop51ColorIndex
 90
      256
102
RTVSPost2010Prop51ColorRGB
 90
-16777216
102
RTVSPost2010PropOp51
 70
     0
102
RTVSPost2010Prop52
140
1.0
102
RTVSPost2010PropOp52
 70
     0
102
RTVSPost2010Prop53
 90
        2
102
RTVSPost2010PropOp53
 70
     1
102
RTVSPost2010Prop54
  1
strokes_ogs.tif
102
RTVSPost2010PropOp54
 70
     1
102
RTVSPost2010Prop55
280
     0
102
RTVSPost2010PropOp55
 70
     1
102
RTVSPost2010Prop56
140
1.0
102
RTVSPost2010PropOp56
 70
     1
102
RTVSPost2010Prop57
140
1.0
102
RTVSPost2010PropOp57
 70
     1
102
RTVSPropertyOp0
 70
     1
102
RTVSPropertyOp1
 70
     1
102
RTVSPropertyOp2
 70
     1
102
RTVSPropertyOp3
 70
     1
102
RTVSPropertyOp4
 70
     1
102
RTVSPropertyOp5
 70
     1
102
RTVSPropertyOp6
 70
     1
102
RTVSPropertyOp7
 70
     1
102
RTVSPropertyOp8
 70
     1
102
RTVSPropertyOp9
 70
     1
102
RTVSPropertyOp10
 70
     1
102
RTVSPropertyOp11
 70
     1
102
RTVSPropertyOp12
 70
     1
102
RTVSPropertyOp13
 70
     1
102
RTVSPropertyOp14
 70
     1
102
RTVSPropertyOp15
 70
     1
102
RTVSPropertyOp16
 70
     1
102
RTVSPropertyOp17
 70
     1
102
RTVSPropertyOp18
 70
     1
102
RTVSPropertyOp19
 70
     1
102
RTVSPropertyOp20
 70
     1
102
RTVSPropertyOp21
 70
     1
102
RTVSPropertyOp22
 70
     1
102
RTVSPropertyOp23
 70
     1
102
RTVSPropertyOp24
 70
     1
102
RTVSPropertyOp25
 70
     1
102
RTVSPropertyOp26
 70
     1
102
RTVSPropertyOp27
 70
     1
102
RTVSPropertyOp28
 70
     1
102
RTVSPropertyOp29
 70
     1
102
RTVSPropertyOp30
 70
     1
102
RTVSPropertyOp31
 70
     1
102
RTVSPropertyOp32
 70
     1
102
RTVSPropertyOp33
 70
     1
102
RTVSPropertyOp34
 70
     1
102
RTVSPropertyOp35
 70
     1
102
RTVSPropertyOp36
 70
     1
102
RTVSPropertyOp37
 70
     1
102
RTVSPropertyOp38
 70
     1
102
RTVSPropertyOp39
 70
     1
102
RTVSPropertyOp40
 70
     1
102
RTVSPropertyOp41
 70
     1
102
RTVSPropertyOp42
 70
     1
102
RTVSPropertyOp43
 70
     1
102
RTVSPropertyOp44
 70
     1
102
RTVSPropertyOp45
 70
     1
102
RTVSPropertyOp46
 70
     1
102
RTVSPropertyOp47
 70
     1
102
RTVSPropertyOp48
 70
     1
102
RTVSPropertyOp49
 70
     1
102
RTVSPropertyOp50
 70
     1
102
RTVSPropertyOp51
 70
     0
102
RTVSPropertyOp52
 70
     0
102
RTVSPropertyOp53
 70
     1
102
RTVSPropertyOp54
 70
     1
102
RTVSPropertyOp55
 70
     1
102
RTVSPropertyOp56
 70
     1
102
RTVSPropertyOp57
 70
     1
102
RTVSPropertyOp58
 70
     1
102
RTVSPropertyOp59
 70
     1
102
RTVSPropertyOp60
 70
     1
102
RTVSPropertyOp61
 70
     1
102
RTVSPropertyOp62
 70
     1
  0
XRECORD
  5
70F
102
{ACAD_REACTORS
330
70E
102
}
330
70E
100
AcDbXrecord
280
     1
102
RTVSPost2010Prop28
280
     0
102
RTVSPost2010PropOp28
 70
     1
102
RTVSPost2010Prop29
280
     1
102
RTVSPost2010PropOp29
 70
     1
102
RTVSPost2010Prop30
280
     1
102
RTVSPost2010PropOp30
 70
     1
102
RTVSPost2010Prop31
280
     0
102
RTVSPost2010PropOp31
 70
     1
102
RTVSPost2010Prop32
280
     0
102
RTVSPost2010PropOp32
 70
     1
102
RTVSPost2010Prop33
280
     0
102
RTVSPost2010PropOp33
 70
     1
102
RTVSPost2010Prop34
280
     0
102
RTVSPost2010PropOp34
 70
     1
102
RTVSPost2010Prop35
280
     0
102
RTVSPost2010PropOp35
 70
     1
102
RTVSPost2010Prop36
280
     0
102
RTVSPost2010PropOp36
 70
     1
102
RTVSPost2010Prop37
 90
       50
102
RTVSPost2010PropOp37
 70
     1
102
RTVSPost2010Prop38
140
0.0
102
RTVSPost2010PropOp38
 70
     1
102
RTVSPost2010Prop39
140
1.0
102
RTVSPost2010PropOp39
 70
     1
102
RTVSPost2010Prop40
 90
        0
102
RTVSPost2010PropOp40
 70
     1
102
RTVSPost2010Prop41ColorIndex
 90
       18
102
RTVSPost2010Prop41ColorRGB
 90
        0
102
RTVSPost2010PropOp41
 70
     1
102
RTVSPost2010Prop42
 90
       50
102
RTVSPost2010PropOp42
 70
     1
102
RTVSPost2010Prop43
 90
        3
102
RTVSPost2010PropOp43
 70
     1
102
RTVSPost2010Prop44ColorIndex
 90
        5
102
RTVSPost2010Prop44ColorRGB
 90
      255
102
RTVSPost2010PropOp44
 70
     1
102
RTVSPost2010Prop45
280
     0
102
RTVSPost2010PropOp45
 70
     1
102
RTVSPost2010Prop46
 90
       50
102
RTVSPost2010PropOp46
 70
     1
102
RTVSPost2010Prop47
 90
       50
102
RTVSPost2010PropOp47
 70
     1
102
RTVSPost2010Prop48
 90
       50
102
RTVSPost2010PropOp48
 70
     1
102
RTVSPost2010Prop49
280
     0
102
RTVSPost2010PropOp49
 70
     1
102
RTVSPost2010Prop50
 90
       50
102
RTVSPost2010PropOp50
 70
     1
102
RTVSPost2010Prop51ColorIndex
 90
      256
102
RTVSPost2010Prop51ColorRGB
 90
-16777216
102
RTVSPost2010PropOp51
 70
     0
102
RTVSPost2010Prop52
140
1.0
102
RTVSPost2010PropOp52
 70
     0
102
RTVSPost2010Prop53
 90
        2
102
RTVSPost2010PropOp53
 70
     1
102
RTVSPost2010Prop54
  1
strokes_ogs.tif
102
RTVSPost2010PropOp54
 70
     1
102
RTVSPost2010Prop55
280
     0
102
RTVSPost2010PropOp55
 70
     1
102
RTVSPost2010Prop56
140
1.0
102
RTVSPost2010PropOp56
 70
     1
102
RTVSPost2010Prop57
140
1.0
102
RTVSPost2010PropOp57
 70
     1
102
RTVSPropertyOp0
 70
     1
102
RTVSPropertyOp1
 70
     1
102
RTVSPropertyOp2
 70
     1
102
RTVSPropertyOp3
 70
     1
102
RTVSPropertyOp4
 70
     1
102
RTVSPropertyOp5
 70
     1
102
RTVSPropertyOp6
 70
     1
102
RTVSPropertyOp7
 70
     1
102
RTVSPropertyOp8
 70
     1
102
RTVSPropertyOp9
 70
     1
102
RTVSPropertyOp10
 70
     1
102
RTVSPropertyOp11
 70
     1
102
RTVSPropertyOp12
 70
     1
102
RTVSPropertyOp13
 70
     1
102
RTVSPropertyOp14
 70
     1
102
RTVSPropertyOp15
 70
     1
102
RTVSPropertyOp16
 70
     1
102
RTVSPropertyOp17
 70
     1
102
RTVSPropertyOp18
 70
     1
102
RTVSPropertyOp19
 70
     1
102
RTVSPropertyOp20
 70
     1
102
RTVSPropertyOp21
 70
     1
102
RTVSPropertyOp22
 70
     1
102
RTVSPropertyOp23
 70
     1
102
RTVSPropertyOp24
 70
     1
102
RTVSPropertyOp25
 70
     1
102
RTVSPropertyOp26
 70
     1
102
RTVSPropertyOp27
 70
     1
102
RTVSPropertyOp28
 70
     1
102
RTVSPropertyOp29
 70
     1
102
RTVSPropertyOp30
 70
     1
102
RTVSPropertyOp31
 70
     1
102
RTVSPropertyOp32
 70
     1
102
RTVSPropertyOp33
 70
     1
102
RTVSPropertyOp34
 70
     1
102
RTVSPropertyOp35
 70
     1
102
RTVSPropertyOp36
 70
     1
102
RTVSPropertyOp37
 70
     1
102
RTVSPropertyOp38
 70
     1
102
RTVSPropertyOp39
 70
     1
102
RTVSPropertyOp40
 70
     1
102
RTVSPropertyOp41
 70
     1
102
RTVSPropertyOp42
 70
     1
102
RTVSPropertyOp43
 70
     1
102
RTVSPropertyOp44
 70
     1
102
RTVSPropertyOp45
 70
     1
102
RTVSPropertyOp46
 70
     1
102
RTVSPropertyOp47
 70
     1
102
RTVSPropertyOp48
 70
     1
102
RTVSPropertyOp49
 70
     1
102
RTVSPropertyOp50
 70
     1
102
RTVSPropertyOp51
 70
     0
102
RTVSPropertyOp52
 70
     0
102
RTVSPropertyOp53
 70
     1
102
RTVSPropertyOp54
 70
     1
102
RTVSPropertyOp55
 70
     1
102
RTVSPropertyOp56
 70
     1
102
RTVSPropertyOp57
 70
     1
102
RTVSPropertyOp58
 70
     1
102
RTVSPropertyOp59
 70
     1
102
RTVSPropertyOp60
 70
     1
102
RTVSPropertyOp61
 70
     1
102
RTVSPropertyOp62
 70
     1
  0
XRECORD
  5
703
102
{ACAD_REACTORS
330
702
102
}
330
702
100
AcDbXrecord
280
     1
102
RTVSPost2010Prop28
280
     0
102
RTVSPost2010PropOp28
 70
     1
102
RTVSPost2010Prop29
280
     1
102
RTVSPost2010PropOp29
 70
     1
102
RTVSPost2010Prop30
280
     1
102
RTVSPost2010PropOp30
 70
     1
102
RTVSPost2010Prop31
280
     0
102
RTVSPost2010PropOp31
 70
     1
102
RTVSPost2010Prop32
280
     0
102
RTVSPost2010PropOp32
 70
     1
102
RTVSPost2010Prop33
280
     0
102
RTVSPost2010PropOp33
 70
     1
102
RTVSPost2010Prop34
280
     0
102
RTVSPost2010PropOp34
 70
     1
102
RTVSPost2010Prop35
280
     0
102
RTVSPost2010PropOp35
 70
     1
102
RTVSPost2010Prop36
280
     0
102
RTVSPost2010PropOp36
 70
     1
102
RTVSPost2010Prop37
 90
       50
102
RTVSPost2010PropOp37
 70
     1
102
RTVSPost2010Prop38
140
0.0
102
RTVSPost2010PropOp38
 70
     1
102
RTVSPost2010Prop39
140
1.0
102
RTVSPost2010PropOp39
 70
     1
102
RTVSPost2010Prop40
 90
        0
102
RTVSPost2010PropOp40
 70
     1
102
RTVSPost2010Prop41ColorIndex
 90
       18
102
RTVSPost2010Prop41ColorRGB
 90
        0
102
RTVSPost2010PropOp41
 70
     1
102
RTVSPost2010Prop42
 90
       50
102
RTVSPost2010PropOp42
 70
     1
102
RTVSPost2010Prop43
 90
        3
102
RTVSPost2010PropOp43
 70
     1
102
RTVSPost2010Prop44ColorIndex
 90
        5
102
RTVSPost2010Prop44ColorRGB
 90
      255
102
RTVSPost2010PropOp44
 70
     1
102
RTVSPost2010Prop45
280
     0
102
RTVSPost2010PropOp45
 70
     1
102
RTVSPost2010Prop46
 90
       50
102
RTVSPost2010PropOp46
 70
     1
102
RTVSPost2010Prop47
 90
       50
102
RTVSPost2010PropOp47
 70
     1
102
RTVSPost2010Prop48
 90
       50
102
RTVSPost2010PropOp48
 70
     1
102
RTVSPost2010Prop49
280
     0
102
RTVSPost2010PropOp49
 70
     1
102
RTVSPost2010Prop50
 90
       50
102
RTVSPost2010PropOp50
 70
     1
102
RTVSPost2010Prop51ColorIndex
 90
      256
102
RTVSPost2010Prop51ColorRGB
 90
-16777216
102
RTVSPost2010PropOp51
 70
     0
102
RTVSPost2010Prop52
140
1.0
102
RTVSPost2010PropOp52
 70
     0
102
RTVSPost2010Prop53
 90
        2
102
RTVSPost2010PropOp53
 70
     1
102
RTVSPost2010Prop54
  1
strokes_ogs.tif
102
RTVSPost2010PropOp54
 70
     1
102
RTVSPost2010Prop55
280
     0
102
RTVSPost2010PropOp55
 70
     1
102
RTVSPost2010Prop56
140
1.0
102
RTVSPost2010PropOp56
 70
     1
102
RTVSPost2010Prop57
140
1.0
102
RTVSPost2010PropOp57
 70
     1
102
RTVSPropertyOp0
 70
     1
102
RTVSPropertyOp1
 70
     1
102
RTVSPropertyOp2
 70
     1
102
RTVSPropertyOp3
 70
     1
102
RTVSPropertyOp4
 70
     1
102
RTVSPropertyOp5
 70
     1
102
RTVSPropertyOp6
 70
     1
102
RTVSPropertyOp7
 70
     1
102
RTVSPropertyOp8
 70
     1
102
RTVSPropertyOp9
 70
     1
102
RTVSPropertyOp10
 70
     1
102
RTVSPropertyOp11
 70
     1
102
RTVSPropertyOp12
 70
     1
102
RTVSPropertyOp13
 70
     1
102
RTVSPropertyOp14
 70
     1
102
RTVSPropertyOp15
 70
     1
102
RTVSPropertyOp16
 70
     1
102
RTVSPropertyOp17
 70
     1
102
RTVSPropertyOp18
 70
     1
102
RTVSPropertyOp19
 70
     1
102
RTVSPropertyOp20
 70
     1
102
RTVSPropertyOp21
 70
     1
102
RTVSPropertyOp22
 70
     1
102
RTVSPropertyOp23
 70
     1
102
RTVSPropertyOp24
 70
     1
102
RTVSPropertyOp25
 70
     1
102
RTVSPropertyOp26
 70
     1
102
RTVSPropertyOp27
 70
     1
102
RTVSPropertyOp28
 70
     1
102
RTVSPropertyOp29
 70
     1
102
RTVSPropertyOp30
 70
     1
102
RTVSPropertyOp31
 70
     1
102
RTVSPropertyOp32
 70
     1
102
RTVSPropertyOp33
 70
     1
102
RTVSPropertyOp34
 70
     1
102
RTVSPropertyOp35
 70
     1
102
RTVSPropertyOp36
 70
     1
102
RTVSPropertyOp37
 70
     1
102
RTVSPropertyOp38
 70
     1
102
RTVSPropertyOp39
 70
     1
102
RTVSPropertyOp40
 70
     1
102
RTVSPropertyOp41
 70
     1
102
RTVSPropertyOp42
 70
     1
102
RTVSPropertyOp43
 70
     1
102
RTVSPropertyOp44
 70
     1
102
RTVSPropertyOp45
 70
     1
102
RTVSPropertyOp46
 70
     1
102
RTVSPropertyOp47
 70
     1
102
RTVSPropertyOp48
 70
     1
102
RTVSPropertyOp49
 70
     1
102
RTVSPropertyOp50
 70
     1
102
RTVSPropertyOp51
 70
     0
102
RTVSPropertyOp52
 70
     0
102
RTVSPropertyOp53
 70
     1
102
RTVSPropertyOp54
 70
     1
102
RTVSPropertyOp55
 70
     1
102
RTVSPropertyOp56
 70
     1
102
RTVSPropertyOp57
 70
     1
102
RTVSPropertyOp58
 70
     1
102
RTVSPropertyOp59
 70
     1
102
RTVSPropertyOp60
 70
     1
102
RTVSPropertyOp61
 70
     1
102
RTVSPropertyOp62
 70
     1
  0
XRECORD
  5
71B
102
{ACAD_REACTORS
330
71A
102
}
330
71A
100
AcDbXrecord
280
     1
102
RTVSPost2010Prop28
280
     0
102
RTVSPost2010PropOp28
 70
     1
102
RTVSPost2010Prop29
280
     1
102
RTVSPost2010PropOp29
 70
     1
102
RTVSPost2010Prop30
280
     1
102
RTVSPost2010PropOp30
 70
     1
102
RTVSPost2010Prop31
280
     0
102
RTVSPost2010PropOp31
 70
     1
102
RTVSPost2010Prop32
280
     0
102
RTVSPost2010PropOp32
 70
     1
102
RTVSPost2010Prop33
280
     0
102
RTVSPost2010PropOp33
 70
     1
102
RTVSPost2010Prop34
280
     0
102
RTVSPost2010PropOp34
 70
     1
102
RTVSPost2010Prop35
280
     0
102
RTVSPost2010PropOp35
 70
     1
102
RTVSPost2010Prop36
280
     0
102
RTVSPost2010PropOp36
 70
     1
102
RTVSPost2010Prop37
 90
       50
102
RTVSPost2010PropOp37
 70
     1
102
RTVSPost2010Prop38
140
0.0
102
RTVSPost2010PropOp38
 70
     1
102
RTVSPost2010Prop39
140
1.0
102
RTVSPost2010PropOp39
 70
     1
102
RTVSPost2010Prop40
 90
        0
102
RTVSPost2010PropOp40
 70
     1
102
RTVSPost2010Prop41ColorIndex
 90
       18
102
RTVSPost2010Prop41ColorRGB
 90
        0
102
RTVSPost2010PropOp41
 70
     1
102
RTVSPost2010Prop42
 90
       50
102
RTVSPost2010PropOp42
 70
     1
102
RTVSPost2010Prop43
 90
        3
102
RTVSPost2010PropOp43
 70
     1
102
RTVSPost2010Prop44ColorIndex
 90
        5
102
RTVSPost2010Prop44ColorRGB
 90
      255
102
RTVSPost2010PropOp44
 70
     1
102
RTVSPost2010Prop45
280
     0
102
RTVSPost2010PropOp45
 70
     1
102
RTVSPost2010Prop46
 90
       50
102
RTVSPost2010PropOp46
 70
     1
102
RTVSPost2010Prop47
 90
       50
102
RTVSPost2010PropOp47
 70
     1
102
RTVSPost2010Prop48
 90
       50
102
RTVSPost2010PropOp48
 70
     1
102
RTVSPost2010Prop49
280
     0
102
RTVSPost2010PropOp49
 70
     1
102
RTVSPost2010Prop50
 90
       50
102
RTVSPost2010PropOp50
 70
     1
102
RTVSPost2010Prop51ColorIndex
 90
      256
102
RTVSPost2010Prop51ColorRGB
 90
-16777216
102
RTVSPost2010PropOp51
 70
     0
102
RTVSPost2010Prop52
140
1.0
102
RTVSPost2010PropOp52
 70
     0
102
RTVSPost2010Prop53
 90
        2
102
RTVSPost2010PropOp53
 70
     1
102
RTVSPost2010Prop54
  1
strokes_ogs.tif
102
RTVSPost2010PropOp54
 70
     1
102
RTVSPost2010Prop55
280
     0
102
RTVSPost2010PropOp55
 70
     1
102
RTVSPost2010Prop56
140
1.0
102
RTVSPost2010PropOp56
 70
     1
102
RTVSPost2010Prop57
140
1.0
102
RTVSPost2010PropOp57
 70
     1
102
RTVSPropertyOp0
 70
     1
102
RTVSPropertyOp1
 70
     1
102
RTVSPropertyOp2
 70
     1
102
RTVSPropertyOp3
 70
     1
102
RTVSPropertyOp4
 70
     1
102
RTVSPropertyOp5
 70
     1
102
RTVSPropertyOp6
 70
     1
102
RTVSPropertyOp7
 70
     1
102
RTVSPropertyOp8
 70
     1
102
RTVSPropertyOp9
 70
     1
102
RTVSPropertyOp10
 70
     1
102
RTVSPropertyOp11
 70
     1
102
RTVSPropertyOp12
 70
     1
102
RTVSPropertyOp13
 70
     1
102
RTVSPropertyOp14
 70
     1
102
RTVSPropertyOp15
 70
     1
102
RTVSPropertyOp16
 70
     1
102
RTVSPropertyOp17
 70
     1
102
RTVSPropertyOp18
 70
     1
102
RTVSPropertyOp19
 70
     1
102
RTVSPropertyOp20
 70
     1
102
RTVSPropertyOp21
 70
     1
102
RTVSPropertyOp22
 70
     1
102
RTVSPropertyOp23
 70
     1
102
RTVSPropertyOp24
 70
     1
102
RTVSPropertyOp25
 70
     1
102
RTVSPropertyOp26
 70
     1
102
RTVSPropertyOp27
 70
     1
102
RTVSPropertyOp28
 70
     1
102
RTVSPropertyOp29
 70
     1
102
RTVSPropertyOp30
 70
     1
102
RTVSPropertyOp31
 70
     1
102
RTVSPropertyOp32
 70
     1
102
RTVSPropertyOp33
 70
     1
102
RTVSPropertyOp34
 70
     1
102
RTVSPropertyOp35
 70
     1
102
RTVSPropertyOp36
 70
     1
102
RTVSPropertyOp37
 70
     1
102
RTVSPropertyOp38
 70
     1
102
RTVSPropertyOp39
 70
     1
102
RTVSPropertyOp40
 70
     1
102
RTVSPropertyOp41
 70
     1
102
RTVSPropertyOp42
 70
     1
102
RTVSPropertyOp43
 70
     1
102
RTVSPropertyOp44
 70
     1
102
RTVSPropertyOp45
 70
     1
102
RTVSPropertyOp46
 70
     1
102
RTVSPropertyOp47
 70
     1
102
RTVSPropertyOp48
 70
     1
102
RTVSPropertyOp49
 70
     1
102
RTVSPropertyOp50
 70
     1
102
RTVSPropertyOp51
 70
     0
102
RTVSPropertyOp52
 70
     0
102
RTVSPropertyOp53
 70
     1
102
RTVSPropertyOp54
 70
     1
102
RTVSPropertyOp55
 70
     1
102
RTVSPropertyOp56
 70
     1
102
RTVSPropertyOp57
 70
     1
102
RTVSPropertyOp58
 70
     1
102
RTVSPropertyOp59
 70
     1
102
RTVSPropertyOp60
 70
     1
102
RTVSPropertyOp61
 70
     1
102
RTVSPropertyOp62
 70
     1
  0
ENDSEC
  0
EOF
