  0
SECTION
  2
HEADER
  9
$ACADVER
  1
AC1015
  9
$ACADMAINTVER
 70
    20
  9
$DWGCODEPAGE
  3
ANSI_1252
  9
$INSBASE
 10
0.0
 20
0.0
 30
0.0
  9
$EXTMIN
 10
0.0
 20
-105.0
 30
0.0
  9
$EXTMAX
 10
15625.00000115
 20
8737.808890412232
 30
0.0
  9
$LIMMIN
 10
0.0
 20
0.0
  9
$LIMMAX
 10
12.0
 20
9.0
  9
$ORTHOMODE
 70
     1
  9
$REGENMODE
 70
     1
  9
$FILLMODE
 70
     1
  9
$QTEXTMODE
 70
     0
  9
$MIRRTEXT
 70
     1
  9
$LTSCALE
 40
1.0
  9
$ATTMODE
 70
     1
  9
$TEXTSIZE
 40
0.2
  9
$TRACEWID
 40
0.05
  9
$TEXTSTYLE
  7
Standard
  9
$CLAYER
  8
0
  9
$CELTYPE
  6
ByLayer
  9
$CECOLOR
 62
   256
  9
$CELTSCALE
 40
1.0
  9
$DISPSILH
 70
     0
  9
$DIMSCALE
 40
1.0
  9
$DIMASZ
 40
0.18
  9
$DIMEXO
 40
0.0625
  9
$DIMDLI
 40
0.38
  9
$DIMRND
 40
0.0
  9
$DIMDLE
 40
0.0
  9
$DIMEXE
 40
0.18
  9
$DIMTP
 40
0.0
  9
$DIMTM
 40
0.0
  9
$DIMTXT
 40
0.18
  9
$DIMCEN
 40
0.09
  9
$DIMTSZ
 40
0.0
  9
$DIMTOL
 70
     0
  9
$DIMLIM
 70
     0
  9
$DIMTIH
 70
     1
  9
$DIMTOH
 70
     1
  9
$DIMSE1
 70
     0
  9
$DIMSE2
 70
     0
  9
$DIMTAD
 70
     0
  9
$DIMZIN
 70
     0
  9
$DIMBLK
  1

  9
$DIMASO
 70
     1
  9
$DIMSHO
 70
     1
  9
$DIMPOST
  1

  9
$DIMAPOST
  1

  9
$DIMALT
 70
     0
  9
$DIMALTD
 70
     2
  9
$DIMALTF
 40
0.0393700787401575
  9
$DIMLFAC
 40
1.0
  9
$DIMTOFL
 70
     0
  9
$DIMTVP
 40
0.0
  9
$DIMTIX
 70
     0
  9
$DIMSOXD
 70
     0
  9
$DIMSAH
 70
     0
  9
$DIMBLK1
  1

  9
$DIMBLK2
  1

  9
$DIMSTYLE
  2
Standard
  9
$DIMCLRD
 70
     0
  9
$DIMCLRE
 70
     0
  9
$DIMCLRT
 70
     0
  9
$DIMTFAC
 40
1.0
  9
$DIMGAP
 40
0.09
  9
$DIMJUST
 70
     0
  9
$DIMSD1
 70
     0
  9
$DIMSD2
 70
     0
  9
$DIMTOLJ
 70
     1
  9
$DIMTZIN
 70
     0
  9
$DIMALTZ
 70
     0
  9
$DIMALTTZ
 70
     0
  9
$DIMUPT
 70
     0
  9
$DIMDEC
 70
     4
  9
$DIMTDEC
 70
     4
  9
$DIMALTU
 70
     2
  9
$DIMALTTD
 70
     0
  9
$DIMTXSTY
  7
Standard
  9
$DIMAUNIT
 70
     0
  9
$DIMADEC
 70
     0
  9
$DIMALTRND
 40
0.0
  9
$DIMAZIN
 70
     0
  9
$DIMDSEP
 70
    46
  9
$DIMATFIT
 70
     0
  9
$DIMFRAC
 70
     0
  9
$DIMLDRBLK
  1

  9
$DIMLUNIT
 70
     2
  9
$DIMLWD
 70
    -2
  9
$DIMLWE
 70
    -2
  9
$DIMTMOVE
 70
     0
  9
$LUNITS
 70
     2
  9
$LUPREC
 70
     4
  9
$SKETCHINC
 40
0.1
  9
$FILLETRAD
 40
0.0
  9
$AUNITS
 70
     0
  9
$AUPREC
 70
     0
  9
$MENU
  1
.
  9
$ELEVATION
 40
0.0
  9
$PELEVATION
 40
0.0
  9
$THICKNESS
 40
0.0
  9
$LIMCHECK
 70
     0
  9
$CHAMFERA
 40
0.5
  9
$CHAMFERB
 40
0.5
  9
$CHAMFERC
 40
0.0
  9
$CHAMFERD
 40
0.0
  9
$SKPOLY
 70
     0
  9
$TDCREATE
 40
2461106.222870371
  9
$TDUCREATE
 40
2461106.347876065
  9
$TDUPDATE
 40
2461106.767604167
  9
$TDUUPDATE
 40
2461106.892604167
  9
$TDINDWG
 40
0.0443981481
  9
$TDUSRTIMER
 40
0.0443981597
  9
$USRTIMER
 70
     1
  9
$ANGBASE
 50
0.0
  9
$ANGDIR
 70
     1
  9
$PDMODE
 70
     0
  9
$PDSIZE
 40
0.0
  9
$PLINEWID
 40
0.0
  9
$SPLFRAME
 70
     0
  9
$SPLINETYPE
 70
     6
  9
$SPLINESEGS
 70
     8
  9
$HANDSEED
  5
1B7E
  9
$SURFTAB1
 70
     6
  9
$SURFTAB2
 70
     6
  9
$SURFTYPE
 70
     6
  9
$SURFU
 70
     6
  9
$SURFV
 70
     6
  9
$UCSBASE
  2

  9
$UCSNAME
  2

  9
$UCSORG
 10
0.0
 20
0.0
 30
0.0
  9
$UCSXDIR
 10
1.0
 20
0.0
 30
0.0
  9
$UCSYDIR
 10
0.0
 20
1.0
 30
0.0
  9
$UCSORTHOREF
  2

  9
$UCSORTHOVIEW
 70
     0
  9
$UCSORGTOP
 10
0.0
 20
0.0
 30
0.0
  9
$UCSORGBOTTOM
 10
0.0
 20
0.0
 30
0.0
  9
$UCSORGLEFT
 10
0.0
 20
0.0
 30
0.0
  9
$UCSORGRIGHT
 10
0.0
 20
0.0
 30
0.0
  9
$UCSORGFRONT
 10
0.0
 20
0.0
 30
0.0
  9
$UCSORGBACK
 10
0.0
 20
0.0
 30
0.0
  9
$PUCSBASE
  2

  9
$PUCSNAME
  2

  9
$PUCSORG
 10
0.0
 20
0.0
 30
0.0
  9
$PUCSXDIR
 10
1.0
 20
0.0
 30
0.0
  9
$PUCSYDIR
 10
0.0
 20
1.0
 30
0.0
  9
$PUCSORTHOREF
  2

  9
$PUCSORTHOVIEW
 70
     0
  9
$PUCSORGTOP
 10
0.0
 20
0.0
 30
0.0
  9
$PUCSORGBOTTOM
 10
0.0
 20
0.0
 30
0.0
  9
$PUCSORGLEFT
 10
0.0
 20
0.0
 30
0.0
  9
$PUCSORGRIGHT
 10
0.0
 20
0.0
 30
0.0
  9
$PUCSORGFRONT
 10
0.0
 20
0.0
 30
0.0
  9
$PUCSORGBACK
 10
0.0
 20
0.0
 30
0.0
  9
$USERI1
 70
     0
  9
$USERI2
 70
     0
  9
$USERI3
 70
     0
  9
$USERI4
 70
     0
  9
$USERI5
 70
     0
  9
$USERR1
 40
0.0
  9
$USERR2
 40
0.0
  9
$USERR3
 40
0.0
  9
$USERR4
 40
0.0
  9
$USERR5
 40
0.0
  9
$WORLDVIEW
 70
     1
  9
$SHADEDGE
 70
     3
  9
$SHADEDIF
 70
    70
  9
$TILEMODE
 70
     1
  9
$MAXACTVP
 70
    48
  9
$PINSBASE
 10
0.0
 20
0.0
 30
0.0
  9
$PLIMCHECK
 70
     0
  9
$PEXTMIN
 10
1.000000000000000E+20
 20
1.000000000000000E+20
 30
1.000000000000000E+20
  9
$PEXTMAX
 10
-1.000000000000000E+20
 20
-1.000000000000000E+20
 30
-1.000000000000000E+20
  9
$PLIMMIN
 10
0.0
 20
0.0
  9
$PLIMMAX
 10
0.0
 20
0.0
  9
$UNITMODE
 70
     0
  9
$VISRETAIN
 70
     1
  9
$PLINEGEN
 70
     1
  9
$PSLTSCALE
 70
     1
  9
$TREEDEPTH
 70
  3020
  9
$CMLSTYLE
  2
STANDARD
  9
$CMLJUST
 70
     0
  9
$CMLSCALE
 40
1.0
  9
$PROXYGRAPHICS
 70
     1
  9
$MEASUREMENT
 70
     1
  9
$CELWEIGHT
370
    -1
  9
$ENDCAPS
280
     0
  9
$JOINSTYLE
280
     0
  9
$LWDISPLAY
290
     1
  9
$INSUNITS
 70
     4
  9
$HYPERLINKBASE
  1

  9
$STYLESHEET
  1

  9
$XEDIT
290
     1
  9
$CEPSNTYPE
380
     0
  9
$PSTYLEMODE
290
     0
  9
$FINGERPRINTGUID
  2

  9
$VERSIONGUID
  2
{DBEE3542-FCD1-E641-B2CE-73FE4F38C29C}
  9
$EXTNAMES
290
     1
  9
$PSVPSCALE
 40
0.0
  9
$OLESTARTUP
290
     0
  0
ENDSEC
  0
SECTION
  2
CLASSES
  0
CLASS
  1
RASTERVARIABLES
  2
AcDbRasterVariables
  3
ISM
 90
    32768
280
     0
281
     0
  0
CLASS
  1
IMAGEDEF
  2
AcDbRasterImageDef
  3
ISM
 90
    32768
280
     0
281
     0
  0
CLASS
  1
IMAGEDEF_REACTOR
  2
AcDbRasterImageDefReactor
  3
ISM
 90
    32769
280
     0
281
     0
  0
CLASS
  1
IMAGE
  2
AcDbRasterImage
  3
ISM
 90
    34943
280
     0
281
     1
  0
CLASS
  1
ACAD_EVALUATION_GRAPH
  2
AcDbEvalGraph
  3
ObjectDBX Classes
 90
    33921
280
     0
281
     0
  0
CLASS
  1
BLOCKPOINTPARAMETER
  2
AcDbBlockPointParameter
  3
ObjectDBX Classes
 90
    33921
280
     0
281
     0
  0
CLASS
  1
BLOCKBASEPOINTPARAMETER
  2
AcDbBlockBasepointParameter
  3
ObjectDBX Classes
 90
    33921
280
     0
281
     0
  0
CLASS
  1
BLOCKLOOKUPPARAMETER
  2
AcDbBlockLookupParameter
  3
ObjectDBX Classes
 90
    33921
280
     0
281
     0
  0
CLASS
  1
BLOCKVISIBILITYPARAMETER
  2
AcDbBlockVisibilityParameter
  3
ObjectDBX Classes
 90
    33921
280
     0
281
     0
  0
CLASS
  1
BLOCKPROPERTIESTABLE
  2
AcDbBlockPropertiesTable
  3
ObjectDBX Classes
 90
    33921
280
     0
281
     0
  0
CLASS
  1
BLOCKPOLARPARAMETER
  2
AcDbBlockPolarParameter
  3
ObjectDBX Classes
 90
    33921
280
     0
281
     0
  0
CLASS
  1
BLOCKROTATIONPARAMETER
  2
AcDbBlockRotationParameter
  3
ObjectDBX Classes
 90
    33921
280
     0
281
     0
  0
CLASS
  1
BLOCKLINEARPARAMETER
  2
AcDbBlockLinearParameter
  3
ObjectDBX Classes
 90
    33921
280
     0
281
     0
  0
CLASS
  1
BLOCKXYPARAMETER
  2
AcDbBlockXYParameter
  3
ObjectDBX Classes
 90
    33921
280
     0
281
     0
  0
CLASS
  1
BLOCKFLIPPARAMETER
  2
AcDbBlockFlipParameter
  3
ObjectDBX Classes
 90
    33921
280
     0
281
     0
  0
CLASS
  1
BLOCKALIGNMENTPARAMETER
  2
AcDbBlockAlignmentParameter
  3
ObjectDBX Classes
 90
    33921
280
     0
281
     0
  0
CLASS
  1
BLOCKROTATEACTION
  2
AcDbBlockRotateAction
  3
ObjectDBX Classes
 90
    33921
280
     0
281
     0
  0
CLASS
  1
BLOCKSCALEACTION
  2
AcDbBlockScaleAction
  3
ObjectDBX Classes
 90
    33921
280
     0
281
     0
  0
CLASS
  1
BLOCKARRAYACTION
  2
AcDbBlockArrayAction
  3
ObjectDBX Classes
 90
    33921
280
     0
281
     0
  0
CLASS
  1
BLOCKFLIPACTION
  2
AcDbBlockFlipAction
  3
ObjectDBX Classes
 90
    33921
280
     0
281
     0
  0
CLASS
  1
BLOCKLOOKUPACTION
  2
AcDbBlockLookupAction
  3
ObjectDBX Classes
 90
    33921
280
     0
281
     0
  0
CLASS
  1
BLOCKMOVEACTION
  2
AcDbBlockMoveAction
  3
ObjectDBX Classes
 90
    33921
280
     0
281
     0
  0
CLASS
  1
BLOCKPOLARSTRETCHACTION
  2
AcDbBlockPolarStretchAction
  3
ObjectDBX Classes
 90
    33921
280
     0
281
     0
  0
CLASS
  1
BLOCKSTRETCHACTION
  2
AcDbBlockStretchAction
  3
ObjectDBX Classes
 90
    33921
280
     0
281
     0
  0
CLASS
  1
BLOCKALIGNMENTGRIP
  2
AcDbBlockAlignmentGrip
  3
ObjectDBX Classes
 90
    33921
280
     0
281
     0
  0
CLASS
  1
BLOCKFLIPGRIP
  2
AcDbBlockFlipGrip
  3
ObjectDBX Classes
 90
    33921
280
     0
281
     0
  0
CLASS
  1
ACDB_BLOCKREPRESENTATION_DATA
  2
AcDbBlockRepresentationData
  3
ObjectDBX Classes
 90
    33921
280
     0
281
     0
  0
CLASS
  1
ACDB_DYNAMICBLOCKPURGEPREVENTER_VERSION
  2
AcDbDynamicBlockPurgePreventer
  3
ObjectDBX Classes
 90
    33921
280
     0
281
     0
  0
CLASS
  1
BLOCKLINEARGRIP
  2
AcDbBlockLinearGrip
  3
ObjectDBX Classes
 90
    33921
280
     0
281
     0
  0
CLASS
  1
BLOCKLOOKUPGRIP
  2
AcDbBlockLookupGrip
  3
ObjectDBX Classes
 90
    33921
280
     0
281
     0
  0
CLASS
  1
BLOCKPOLARGRIP
  2
AcDbBlockPolarGrip
  3
ObjectDBX Classes
 90
    33921
280
     0
281
     0
  0
CLASS
  1
BLOCKPROPERTIESTABLEGRIP
  2
AcDbBlockPropertiesTableGrip
  3
ObjectDBX Classes
 90
    33921
280
     0
281
     0
  0
CLASS
  1
BLOCKROTATIONGRIP
  2
AcDbBlockRotationGrip
  3
ObjectDBX Classes
 90
    33921
280
     0
281
     0
  0
CLASS
  1
BLOCKVISIBILITYGRIP
  2
AcDbBlockVisibilityGrip
  3
ObjectDBX Classes
 90
    33921
280
     0
281
     0
  0
CLASS
  1
BLOCKXYGRIP
  2
AcDbBlockXYGrip
  3
ObjectDBX Classes
 90
    33921
280
     0
281
     0
  0
CLASS
  1
BLOCKGRIPLOCATIONCOMPONENT
  2
AcDbBlockGripExpr
  3
ObjectDBX Classes
 90
    33921
280
     0
281
     0
  0
CLASS
  1
ACDB_DYNAMICBLOCKPROXYNODE
  2
AcDbDynamicBlockProxyNode
  3
ObjectDBX Classes
 90
    33921
280
     0
281
     0
  0
CLASS
  1
BLOCKLINEARCONSTRAINTPARAMETER
  2
AcDbBlockLinearConstraintParameter
  3
ObjectDBX Classes
 90
    33921
280
     0
281
     0
  0
CLASS
  1
BLOCKHORIZONTALCONSTRAINTPARAMETER
  2
AcDbBlockHorizontalConstraintParameter
  3
ObjectDBX Classes
 90
    33921
280
     0
281
     0
  0
CLASS
  1
BLOCKVERTICALCONSTRAINTPARAMETER
  2
AcDbBlockVerticalConstraintParameter
  3
ObjectDBX Classes
 90
    33921
280
     0
281
     0
  0
CLASS
  1
BLOCKALIGNEDCONSTRAINTPARAMETER
  2
AcDbBlockAlignedConstraintParameter
  3
ObjectDBX Classes
 90
    33921
280
     0
281
     0
  0
CLASS
  1
BLOCKANGULARCONSTRAINTPARAMETER
  2
AcDbBlockAngularConstraintParameter
  3
ObjectDBX Classes
 90
    33921
280
     0
281
     0
  0
CLASS
  1
BLOCKDIAMETRICCONSTRAINTPARAMETER
  2
AcDbBlockDiametricConstraintParameter
  3
ObjectDBX Classes
 90
    33921
280
     0
281
     0
  0
CLASS
  1
BLOCKRADIALCONSTRAINTPARAMETER
  2
AcDbBlockRadialConstraintParameter
  3
ObjectDBX Classes
 90
    33921
280
     0
281
     0
  0
CLASS
  1
FIELDLIST
  2
AcDbFieldList
  3
ObjectDBX Classes
 90
     1152
280
     0
281
     0
  0
CLASS
  1
ACDBDICTIONARYWDFLT
  2
AcDbDictionaryWithDefault
  3
ObjectDBX Classes
 90
        0
280
     0
281
     0
  0
CLASS
  1
CELLSTYLEMAP
  2
AcDbCellStyleMap
  3
ObjectDBX Classes
 90
     1152
280
     0
281
     0
  0
CLASS
  1
MLEADERSTYLE
  2
AcDbMLeaderStyle
  3
ACDB_MLEADERSTYLE_CLASS
 90
     4095
280
     0
281
     0
  0
CLASS
  1
TABLESTYLE
  2
AcDbTableStyle
  3
ObjectDBX Classes
 90
     4095
280
     0
281
     0
  0
CLASS
  1
DICTIONARYVAR
  2
AcDbDictionaryVar
  3
ObjectDBX Classes
 90
        0
280
     0
281
     0
  0
CLASS
  1
MATERIAL
  2
AcDbMaterial
  3
ObjectDBX Classes
 90
     1153
280
     0
281
     0
  0
CLASS
  1
VISUALSTYLE
  2
AcDbVisualStyle
  3
ObjectDBX Classes
 90
     4095
280
     0
281
     0
  0
CLASS
  1
SCALE
  2
AcDbScale
  3
ObjectDBX Classes
 90
     1153
280
     0
281
     0
  0
CLASS
  1
ACDBSECTIONVIEWSTYLE
  2
AcDbSectionViewStyle
  3
ObjectDBX Classes
 90
     1025
280
     0
281
     0
  0
CLASS
  1
ACDBDETAILVIEWSTYLE
  2
AcDbDetailViewStyle
  3
ObjectDBX Classes
 90
     1025
280
     0
281
     0
  0
CLASS
  1
ACDBPLACEHOLDER
  2
AcDbPlaceHolder
  3
ObjectDBX Classes
 90
        0
280
     0
281
     0
  0
CLASS
  1
LAYOUT
  2
AcDbLayout
  3
ObjectDBX Classes
 90
        0
280
     0
281
     0
  0
ENDSEC
  0
SECTION
  2
TABLES
  0
TABLE
  2
VPORT
  5
8
330
0
100
AcDbSymbolTable
 70
     1
  0
VPORT
  5
30A
330
8
100
AcDbSymbolTableRecord
100
AcDbViewportTableRecord
  2
*Active
 70
     0
 10
0.0
 20
0.0
 11
1.0
 21
1.0
 12
10527.85541332435
 22
390.0859328342485
 13
0.0
 23
0.0
 14
1.0
 24
1.0
 15
0.0
 25
0.0
 16
0.0
 26
0.0
 36
1.0
 17
0.0
 27
0.0
 37
0.0
 40
13252.91375828683
 41
2.351715686274509
 42
50.0
 43
0.0
 44
0.0
 50
0.0
 51
0.0
 71
     0
 72
 20000
 73
     1
 74
     1
 75
     0
 76
     0
 77
     0
 78
     0
281
     0
 65
     1
110
0.0
120
0.0
130
0.0
111
1.0
121
0.0
131
0.0
112
0.0
122
1.0
132
0.0
 79
     0
146
0.0
1001
ACAD_NAV_VCDISPLAY
1070
     3
  0
ENDTAB
  0
TABLE
  2
LTYPE
  5
5
330
0
100
AcDbSymbolTable
 70
     2
  0
LTYPE
  5
14
330
5
100
AcDbSymbolTableRecord
100
AcDbLinetypeTableRecord
  2
ByBlock
 70
     0
  3

 72
    65
 73
     0
 40
0.0
  0
LTYPE
  5
15
330
5
100
AcDbSymbolTableRecord
100
AcDbLinetypeTableRecord
  2
ByLayer
 70
     0
  3

 72
    65
 73
     0
 40
0.0
  0
LTYPE
  5
16
330
5
100
AcDbSymbolTableRecord
100
AcDbLinetypeTableRecord
  2
Continuous
 70
     0
  3
Solid line
 72
    65
 73
     0
 40
0.0
  0
ENDTAB
  0
TABLE
  2
LAYER
  5
2
102
{ACAD_XDICTIONARY
360
382
102
}
330
0
100
AcDbSymbolTable
 70
    24
  0
LAYER
  5
10
102
{ACAD_XDICTIONARY
360
1A31
102
}
330
2
100
AcDbSymbolTableRecord
100
AcDbLayerTableRecord
  2
0
 70
     0
 62
     7
  6
Continuous
370
    -3
390
F
  0
LAYER
  5
27
102
{ACAD_XDICTIONARY
360
1A33
102
}
330
2
100
AcDbSymbolTableRecord
100
AcDbLayerTableRecord
  2
sheet
 70
     0
 62
    24
  6
Continuous
370
    -3
390
F
  0
LAYER
  5
28
102
{ACAD_XDICTIONARY
360
1A35
102
}
330
2
100
AcDbSymbolTableRecord
100
AcDbLayerTableRecord
  2
PA-24106-01
 70
     0
 62
     7
  6
Continuous
370
    -3
390
F
  0
LAYER
  5
29
102
{ACAD_XDICTIONARY
360
1A37
102
}
330
2
100
AcDbSymbolTableRecord
100
AcDbLayerTableRecord
  2
Texto
 70
     0
 62
     7
  6
Continuous
370
    -3
390
F
  0
LAYER
  5
2A
102
{ACAD_XDICTIONARY
360
1A39
102
}
330
2
100
AcDbSymbolTableRecord
100
AcDbLayerTableRecord
  2
13437957
 70
     0
 62
     7
  6
Continuous
370
    -3
390
F
  0
LAYER
  5
2B
102
{ACAD_XDICTIONARY
360
1A3B
102
}
330
2
100
AcDbSymbolTableRecord
100
AcDbLayerTableRecord
  2
12714500
 70
     0
 62
     7
  6
Continuous
370
    -3
390
F
  0
LAYER
  5
2C
102
{ACAD_XDICTIONARY
360
1A3D
102
}
330
2
100
AcDbSymbolTableRecord
100
AcDbLayerTableRecord
  2
13969692
 70
     0
 62
     7
  6
Continuous
370
    -3
390
F
  0
LAYER
  5
2D
102
{ACAD_XDICTIONARY
360
1A3F
102
}
330
2
100
AcDbSymbolTableRecord
100
AcDbLayerTableRecord
  2
Rebaixo
 70
     0
 62
     7
  6
Continuous
370
    -3
390
F
  0
LAYER
  5
2E
102
{ACAD_XDICTIONARY
360
1A41
102
}
330
2
100
AcDbSymbolTableRecord
100
AcDbLayerTableRecord
  2
13794651
 70
     0
 62
     7
  6
Continuous
370
    -3
390
F
  0
LAYER
  5
2F
102
{ACAD_XDICTIONARY
360
1A43
102
}
330
2
100
AcDbSymbolTableRecord
100
AcDbLayerTableRecord
  2
Des.
 70
     0
 62
     7
  6
Continuous
370
    -3
390
F
  0
LAYER
  5
30
102
{ACAD_XDICTIONARY
360
1A45
102
}
330
2
100
AcDbSymbolTableRecord
100
AcDbLayerTableRecord
  2
12462841
 70
     0
 62
     7
  6
Continuous
370
    -3
390
F
  0
LAYER
  5
31
102
{ACAD_XDICTIONARY
360
1A47
102
}
330
2
100
AcDbSymbolTableRecord
100
AcDbLayerTableRecord
  2
MN-24113-13
 70
     0
 62
     7
  6
Continuous
370
    -3
390
F
  0
LAYER
  5
32
102
{ACAD_XDICTIONARY
360
1A49
102
}
330
2
100
AcDbSymbolTableRecord
100
AcDbLayerTableRecord
  2
13969717
 70
     0
 62
     7
  6
Continuous
370
    -3
390
F
  0
LAYER
  5
33
102
{ACAD_XDICTIONARY
360
1A4B
102
}
330
2
100
AcDbSymbolTableRecord
100
AcDbLayerTableRecord
  2
Mn-24106-13
 70
     0
 62
     7
  6
Continuous
370
    -3
390
F
  0
LAYER
  5
34
102
{ACAD_XDICTIONARY
360
1A4D
102
}
330
2
100
AcDbSymbolTableRecord
100
AcDbLayerTableRecord
  2
MN-24112-13
 70
     0
 62
     7
  6
Continuous
370
    -3
390
F
  0
LAYER
  5
35
102
{ACAD_XDICTIONARY
360
1A4F
102
}
330
2
100
AcDbSymbolTableRecord
100
AcDbLayerTableRecord
  2
MN-21009-15
 70
     0
 62
     7
  6
Continuous
370
    -3
390
F
  0
LAYER
  5
36
102
{ACAD_XDICTIONARY
360
1A51
102
}
330
2
100
AcDbSymbolTableRecord
100
AcDbLayerTableRecord
  2
MN-24106-15
 70
     0
 62
     7
  6
Continuous
370
    -3
390
F
  0
LAYER
  5
37
102
{ACAD_XDICTIONARY
360
1A53
102
}
330
2
100
AcDbSymbolTableRecord
100
AcDbLayerTableRecord
  2
Stats
 70
     0
 62
     7
  6
Continuous
370
    -3
390
F
  0
LAYER
  5
38
102
{ACAD_XDICTIONARY
360
1A55
102
}
330
2
100
AcDbSymbolTableRecord
100
AcDbLayerTableRecord
  2
12710626
 70
     0
 62
     7
  6
Continuous
370
    -3
390
F
  0
LAYER
  5
39
102
{ACAD_XDICTIONARY
360
1A57
102
}
330
2
100
AcDbSymbolTableRecord
100
AcDbLayerTableRecord
  2
Chanfro
 70
     0
 62
     7
  6
Continuous
370
    -3
390
F
  0
LAYER
  5
3A
102
{ACAD_XDICTIONARY
360
1A59
102
}
330
2
100
AcDbSymbolTableRecord
100
AcDbLayerTableRecord
  2
PA-22044-01
 70
     0
 62
     7
  6
Continuous
370
    -3
390
F
  0
LAYER
  5
3B
102
{ACAD_XDICTIONARY
360
1A5B
102
}
330
2
100
AcDbSymbolTableRecord
100
AcDbLayerTableRecord
  2
13376153
 70
     0
 62
     7
  6
Continuous
370
    -3
390
F
  0
LAYER
  5
3C
102
{ACAD_XDICTIONARY
360
1A5D
102
}
330
2
100
AcDbSymbolTableRecord
100
AcDbLayerTableRecord
  2
MN-23072-13
 70
     0
 62
     7
  6
Continuous
370
    -3
390
F
  0
LAYER
  5
3D
330
2
100
AcDbSymbolTableRecord
100
AcDbLayerTableRecord
  2
DEFPOINTS
 70
     0
 62
     7
  6
Continuous
290
     0
370
    -3
390
F
  0
ENDTAB
  0
TABLE
  2
STYLE
  5
3
330
0
100
AcDbSymbolTable
 70
     1
  0
STYLE
  5
11
330
3
100
AcDbSymbolTableRecord
100
AcDbTextStyleTableRecord
  2
Standard
 70
     0
 40
0.0
 41
1.0
 50
0.0
 71
     0
 42
0.2
  3
txt.shx
  4

  0
ENDTAB
  0
TABLE
  2
VIEW
  5
6
330
0
100
AcDbSymbolTable
 70
     0
  0
ENDTAB
  0
TABLE
  2
UCS
  5
7
330
0
100
AcDbSymbolTable
 70
     0
  0
ENDTAB
  0
TABLE
  2
APPID
  5
9
330
0
100
AcDbSymbolTable
 70
    10
  0
APPID
  5
12
330
0
100
AcDbSymbolTableRecord
100
AcDbRegAppTableRecord
  2
ACAD
 70
     0
  0
APPID
  5
32D
330
0
100
AcDbSymbolTableRecord
100
AcDbRegAppTableRecord
  2
ACAD_MLEADERVER
 70
     0
  0
APPID
  5
37B
330
9
100
AcDbSymbolTableRecord
100
AcDbRegAppTableRecord
  2
ACAD_PSEXT
 70
     0
  0
APPID
  5
37C
330
9
100
AcDbSymbolTableRecord
100
AcDbRegAppTableRecord
  2
AcadAnnotative
 70
     0
  0
APPID
  5
37D
330
9
100
AcDbSymbolTableRecord
100
AcDbRegAppTableRecord
  2
ACAD_DSTYLE_DIMJAG
 70
     0
  0
APPID
  5
37E
330
9
100
AcDbSymbolTableRecord
100
AcDbRegAppTableRecord
  2
ACAD_DSTYLE_DIMTALN
 70
     0
  0
APPID
  5
37F
330
9
100
AcDbSymbolTableRecord
100
AcDbRegAppTableRecord
  2
ACAD_NAV_VCDISPLAY
 70
     0
  0
APPID
  5
380
330
9
100
AcDbSymbolTableRecord
100
AcDbRegAppTableRecord
  2
AcAecLayerStandard
 70
     0
  0
APPID
  5
381
330
9
100
AcDbSymbolTableRecord
100
AcDbRegAppTableRecord
  2
AcCmTransparency
 70
     0
  0
APPID
  5
1A15
330
9
100
AcDbSymbolTableRecord
100
AcDbRegAppTableRecord
  2
ACAD_EXEMPT_FROM_CAD_STANDARDS
 70
     0
  0
ENDTAB
  0
TABLE
  2
DIMSTYLE
  5
A
330
0
100
AcDbSymbolTable
 70
     3
100
AcDbDimStyleTable
 71
     0
  0
DIMSTYLE
105
309
330
A
100
AcDbSymbolTableRecord
100
AcDbDimStyleTableRecord
  2
Standard
 70
     0
143
1.0
274
     0
289
     0
340
11
  0
DIMSTYLE
105
379
330
A
100
AcDbSymbolTableRecord
100
AcDbDimStyleTableRecord
  2
Annotative
 70
     0
 40
0.0
 41
2.5
 42
0.625
 43
3.75
 44
1.25
 73
     0
 74
     0
 77
     1
 78
     8
140
2.5
141
2.5
143
0.03937007874016
147
0.625
171
     3
172
     1
271
     2
272
     2
274
     3
278
    44
283
     0
284
     8
340
11
1001
AcadAnnotative
1000
AnnotativeData
1002
{
1070
     1
1070
     1
1002
}
1001
ACAD_DSTYLE_DIMJAG
1070
   388
1040
1.5
1001
ACAD_DSTYLE_DIMTALN
1070
   392
1070
     0
  0
DIMSTYLE
105
37A
330
A
100
AcDbSymbolTableRecord
100
AcDbDimStyleTableRecord
  2
ISO-25
 70
     0
 41
2.5
 42
0.625
 43
3.75
 44
1.25
 73
     0
 74
     0
 77
     1
 78
     8
140
2.5
141
2.5
143
0.03937007874016
147
0.625
171
     3
172
     1
271
     2
272
     2
274
     3
278
    44
283
     0
284
     8
340
11
  0
ENDTAB
  0
TABLE
  2
BLOCK_RECORD
  5
1
330
0
100
AcDbSymbolTable
 70
     1
  0
BLOCK_RECORD
  5
1F
330
1
100
AcDbSymbolTableRecord
100
AcDbBlockTableRecord
  2
*Model_Space
340
22
  0
BLOCK_RECORD
  5
306
330
1
100
AcDbSymbolTableRecord
100
AcDbBlockTableRecord
  2
*Paper_Space
340
1E
  0
ENDTAB
  0
ENDSEC
  0
SECTION
  2
BLOCKS
  0
BLOCK
  5
20
330
1F
100
AcDbEntity
  8
0
100
AcDbBlockBegin
  2
*Model_Space
 70
     0
 10
0.0
 20
0.0
 30
0.0
  3
*Model_Space
  1

  0
ENDBLK
  5
21
330
1F
100
AcDbEntity
  8
0
100
AcDbBlockEnd
  0
BLOCK
  5
307
330
306
100
AcDbEntity
 67
     1
  8
0
100
AcDbBlockBegin
  2
*Paper_Space
 70
     0
 10
0.0
 20
0.0
 30
0.0
  3
*Paper_Space
  1

  0
ENDBLK
  5
308
330
306
100
AcDbEntity
 67
     1
  8
0
100
AcDbBlockEnd
  0
ENDSEC
  0
SECTION
  2
ENTITIES
  0
LWPOLYLINE
  5
A8
330
1F
100
AcDbEntity
  8
sheet
 62
     7
100
AcDbPolyline
 90
        4
 70
     1
 43
0.0
 10
2625.00000031
 20
0.0000001
 10
5125.00000031
 20
0.0000001
 10
5125.00000031
 20
1860.0000001
 10
2625.00000031
 20
1860.0000001
  0
LWPOLYLINE
  5
A9
330
1F
100
AcDbEntity
  8
12714500
 62
     2
100
AcDbPolyline
 90
       48
 70
     1
 43
0.0
 10
2783.00000031
 20
1672.000000099874
 10
2818.00000031
 20
1672.000000099874
 10
2818.00000031
 20
1742.000000099874
 10
3038.000000309999
 20
1742.000000099874
 10
3038.000000309999
 20
1702.000000099874
 10
3135.500000309999
 20
1702.000000099874
 10
3135.500000309999
 20
1742.000000099874
 10
3265.500000309999
 20
1742.000000099874
 10
3265.500000309999
 20
1762.000000099875
 42
-0.999990135164819
 10
3305.500000310011
 20
1762.000000099875
 10
3305.500000310011
 20
1742.000000099874
 10
3435.50000031
 20
1742.000000099874
 10
3435.50000031
 20
1702.000000099875
 10
3533.000000310011
 20
1702.000000099875
 10
3533.000000310011
 20
1742.000000099874
 10
3753.00000031001
 20
1742.000000099874
 10
3753.00000031001
 20
1702.000000099875
 10
3850.50000031
 20
1702.000000099875
 10
3850.50000031
 20
1742.000000099874
 10
3980.50000031
 20
1742.000000099874
 10
3980.50000031
 20
1762.000000099875
 42
-1.000008572502656
 10
4020.50000031
 20
1762.000000099875
 10
4020.50000031
 20
1742.000000099874
 10
4150.50000031001
 20
1742.000000099874
 10
4150.50000031001
 20
1702.000000099875
 10
4248.00000031
 20
1702.000000099875
 10
4248.00000031
 20
1742.000000099874
 10
4468.00000031001
 20
1742.000000099874
 10
4468.00000031001
 20
1672.000000099875
 10
4503.00000031001
 20
1672.000000099875
 10
4503.00000031001
 20
1742.000000099874
 10
4643.00000031001
 20
1742.000000099874
 10
4643.00000031001
 20
1842.000000099875
 10
4468.00000031001
 20
1842.000000099875
 10
4408.00000031
 20
1802.000000099875
 10
4308.00000031
 20
1802.000000099875
 10
4248.00000031
 20
1842.000000099875
 10
3753.00000031001
 20
1842.000000099875
 10
3693.00000031001
 20
1802.000000099875
 10
3593.000000310011
 20
1802.000000099875
 10
3533.000000310011
 20
1842.000000099875
 10
3038.000000309999
 20
1842.000000099875
 10
2978.00000031
 20
1802.000000099874
 10
2878.00000031
 20
1802.000000099874
 10
2818.00000031
 20
1842.000000099875
 10
2643.00000031001
 20
1842.000000099875
 10
2643.00000031001
 20
1742.000000099874
 10
2783.00000031
 20
1742.000000099874
  0
MTEXT
  5
AA
330
1F
100
AcDbEntity
  8
Texto
 62
     2
100
AcDbMText
 10
3582.52308379788
 20
1756.231311842095
 30
0.0
 40
10.0
 41
178.1660832890338
 71
     1
 72
     5
  1
12714500 pos.10
 73
     1
 44
1.0
1001
ACAD
1000
MTEXTBEGIN
1070
    73
1070
     1
1070
    44
1040
1.0
1070
    74
1070
     0
1000
MTEXTEND
  0
LWPOLYLINE
  5
AB
330
1F
100
AcDbEntity
  8
12714500
 62
     2
100
AcDbPolyline
 90
       48
 70
     1
 43
0.0
 10
4503.000000310001
 20
189.5000000998746
 10
4468.00000031
 20
189.5000000998746
 10
4468.00000031
 20
119.5000000998746
 10
4248.00000031
 20
119.5000000998745
 10
4248.00000031
 20
159.5000000998745
 10
4150.50000031
 20
159.5000000998745
 10
4150.50000031
 20
119.5000000998745
 10
4020.50000031
 20
119.5000000998745
 10
4020.50000031
 20
99.50000009987455
 42
-0.9999893718279363
 10
3980.500000309989
 20
99.50000009987451
 10
3980.500000309989
 20
119.5000000998745
 10
3850.50000031
 20
119.5000000998745
 10
3850.50000031
 20
159.5000000998745
 10
3753.000000309989
 20
159.5000000998745
 10
3753.000000309989
 20
119.5000000998745
 10
3533.000000309988
 20
119.5000000998745
 10
3533.000000309988
 20
159.5000000998745
 10
3435.50000031
 20
159.5000000998745
 10
3435.50000031
 20
119.5000000998745
 10
3305.50000031
 20
119.5000000998744
 10
3305.50000031
 20
99.50000009987444
 42
-1.000007387156774
 10
3265.500000309999
 20
99.50000009987444
 10
3265.500000309999
 20
119.5000000998744
 10
3135.500000309989
 20
119.5000000998744
 10
3135.500000309989
 20
159.5000000998744
 10
3038.000000309999
 20
159.5000000998744
 10
3038.000000309999
 20
119.5000000998744
 10
2818.000000309988
 20
119.5000000998744
 10
2818.000000309988
 20
189.5000000998744
 10
2783.000000309989
 20
189.5000000998744
 10
2783.000000309989
 20
119.5000000998744
 10
2643.000000309989
 20
119.5000000998743
 10
2643.000000309989
 20
19.50000009987439
 10
2818.000000309988
 20
19.50000009987442
 10
2878.00000031
 20
59.50000009987442
 10
2978.00000031
 20
59.50000009987441
 10
3038.000000309999
 20
19.50000009987444
 10
3533.000000309988
 20
19.5000000998745
 10
3593.000000309988
 20
59.5000000998745
 10
3693.000000309989
 20
59.50000009987453
 10
3753.000000309989
 20
19.50000009987453
 10
4248.00000031
 20
19.5000000998746
 10
4308.00000031
 20
59.50000009987459
 10
4408.00000031
 20
59.50000009987461
 10
4468.00000031
 20
19.5000000998746
 10
4643.00000030999
 20
19.50000009987465
 10
4643.00000030999
 20
119.5000000998746
 10
4503.000000310001
 20
119.5000000998746
  0
MTEXT
  5
AC
330
1F
100
AcDbEntity
  8
Texto
 62
     2
100
AcDbMText
 10
3703.47691682212
 20
105.2686883576545
 30
0.0
 40
10.0
 41
178.1660832890338
 71
     1
 72
     5
  1
12714500 pos.10
 11
-1.0
 21
0.0000000000000001
 31
0.0
 73
     1
 44
1.0
1001
ACAD
1000
MTEXTBEGIN
1070
    73
1070
     1
1070
    44
1040
1.0
1070
    74
1070
     0
1000
MTEXTEND
  0
LWPOLYLINE
  5
AD
330
1F
100
AcDbEntity
  8
PA-24106-01
 62
     3
100
AcDbPolyline
 90
        2
 70
     1
 43
0.0
 10
2931.16404331
 20
1682.000000099874
 42
5.210935247519842
 10
3269.874834398637
 20
1682.000000099874
  0
CIRCLE
  5
AE
330
1F
100
AcDbEntity
  8
PA-24106-01
 62
     3
100
AcDbCircle
 10
3518.519438854317
 20
1257.000000099874
 30
0.0
 40
30.0
  0
LWPOLYLINE
  5
AF
330
1F
100
AcDbEntity
  8
PA-24106-01
 62
     3
100
AcDbPolyline
 90
        6
 70
     1
 43
0.0
 10
2873.084672140786
 20
1291.255319248816
 42
-0.3710759694096931
 10
2868.140438081587
 20
1287.000000099874
 10
2780.519438854316
 20
1287.000000099874
 42
1.000007724203078
 10
2780.519438854316
 20
1227.000000099874
 10
2868.140438081587
 20
1227.000000099874
 42
-0.3710759688557041
 10
2873.084672140786
 20
1222.744680950931
 42
13.35368573635612
  0
MTEXT
  5
B0
330
1F
100
AcDbEntity
  8
Texto
 62
     3
100
AcDbMText
 10
3362.693000981479
 20
1028.387480883004
 30
0.0
 40
20.0
 41
458.6504901641565
 71
     1
 72
     5
  1
PA-24106-01
 11
0.0000000000000001
 21
1.0
 31
0.0
 73
     1
 44
1.0
1001
ACAD
1000
MTEXTBEGIN
1070
    73
1070
     1
1070
    44
1040
1.0
1070
    74
1070
     0
1000
MTEXTEND
  0
LWPOLYLINE
  5
B1
330
1F
100
AcDbEntity
  8
PA-24106-01
 62
     3
100
AcDbPolyline
 90
        2
 70
     1
 43
0.0
 10
3578.03887731
 20
1417.141524177825
 10
3578.03887731
 20
1078.430733089184
 42
5.210935247520086
  0
CIRCLE
  5
B2
330
1F
100
AcDbEntity
  8
PA-24106-01
 62
     3
100
AcDbCircle
 10
4003.038877309999
 20
829.7861286335047
 30
0.0
 40
30.0
  0
LWPOLYLINE
  5
B3
330
1F
100
AcDbEntity
  8
PA-24106-01
 62
     3
100
AcDbPolyline
 90
        6
 70
     1
 43
0.0
 10
3968.783558161057
 20
1475.220895347035
 42
13.35368573635485
 10
4037.294196458941
 20
1475.220895347035
 42
-0.3710759681660616
 10
4033.038877309999
 20
1480.165129406223
 10
4033.038877309999
 20
1567.786128633504
 42
0.9999974410265547
 10
3973.038877309999
 20
1567.786128633504
 10
3973.038877309999
 20
1480.165129406223
 42
-0.3710759681816121
  0
MTEXT
  5
B4
330
1F
100
AcDbEntity
  8
Texto
 62
     3
100
AcDbMText
 10
3742.433740600362
 20
985.6125665063355
 30
0.0
 40
20.0
 41
458.6504901641565
 71
     1
 72
     5
  1
PA-24106-01
 73
     1
 44
1.0
1001
ACAD
1000
MTEXTBEGIN
1070
    73
1070
     1
1070
    44
1040
1.0
1070
    74
1070
     0
1000
MTEXTEND
  0
LWPOLYLINE
  5
B5
330
1F
100
AcDbEntity
  8
13969692
 62
     2
100
AcDbPolyline
 90
       19
 70
     1
 43
0.0
 10
4985.40989431
 20
1549.151864099875
 42
0.2771741778647712
 10
4987.000000316715
 20
1551.799919788233
 10
4987.000000317217
 20
1838.999999852303
 42
0.4142135632537633
 10
4984.000000317223
 20
1841.999999852308
 10
4915.000000317223
 20
1841.999999852428
 42
0.4142135603198673
 10
4912.000000317217
 20
1838.999999852433
 10
4912.000000317171
 20
1811.999999852433
 10
4811.361324754129
 20
1811.999999852609
 42
0.1364635947874215
 10
4809.81248011399
 20
1811.569256609272
 42
0.7512208780717476
 10
5103.93412193701
 20
707.1434769642676
 42
0.4206605842186801
 10
5107.000000315247
 20
710.1427535502227
 10
5107.000000315786
 20
1019.298744106723
 42
0.400817520148688
 10
5104.137809502961
 20
1022.295577206508
 42
-0.3572031057148722
 10
4840.251028082825
 20
1259.455830241348
 42
0.3702110165126713
 10
4837.285860523138
 20
1261.999999852564
 10
4747.00000031621
 20
1261.999999852722
 42
-0.9999966417718267
 10
4747.00000031635
 20
1341.999999852722
 10
4837.285860523278
 20
1341.999999852564
 42
0.3702110241243846
 10
4840.251028082973
 20
1344.544169463849
 42
-0.2365209553359036
  0
LINE
  5
B6
330
1F
100
AcDbEntity
  8
Rebaixo
 62
     2
100
AcDbLine
 10
4969.253439058689
 20
1594.163359762643
 30
0.0
 11
4969.253439059034
 21
1791.615431916093
 31
0.0
  0
MTEXT
  5
B7
330
1F
100
AcDbEntity
  8
Texto
 62
     2
100
AcDbMText
 10
4628.138513529354
 20
1333.514712029849
 30
0.0
 40
10.0
 41
225.5200399332025
 71
     1
 72
     5
  1
13969692
 11
-0.0000000000018192
 21
-1.0
 31
0.0
 73
     1
 44
1.0
1001
ACAD
1000
MTEXTBEGIN
1070
    73
1070
     1
1070
    44
1040
1.0
1070
    74
1070
     0
1000
MTEXTEND
  0
LWPOLYLINE
  5
B8
330
1F
100
AcDbEntity
  8
12714500
 62
     2
100
AcDbPolyline
 90
       48
 70
     1
 43
0.0
 10
2907.94939431
 20
139.5000000998745
 10
2942.94939431
 20
139.5000000998745
 10
2942.94939431
 20
209.5000000998745
 10
3162.94939431
 20
209.5000000998745
 10
3162.94939431
 20
169.5000000998745
 10
3260.449394310001
 20
169.5000000998745
 10
3260.449394310001
 20
209.5000000998746
 10
3390.44939431
 20
209.5000000998746
 10
3390.44939431
 20
229.5000000998746
 42
-0.9999940749440952
 10
3430.449394310011
 20
229.5000000998746
 10
3430.449394310011
 20
209.5000000998746
 10
3560.44939431
 20
209.5000000998746
 10
3560.44939431
 20
169.5000000998746
 10
3657.949394310011
 20
169.5000000998747
 10
3657.949394310011
 20
209.5000000998747
 10
3877.949394310011
 20
209.5000000998748
 10
3877.949394310011
 20
169.5000000998747
 10
3975.44939431
 20
169.5000000998747
 10
3975.44939431
 20
209.5000000998748
 10
4105.449394309999
 20
209.5000000998748
 10
4105.449394309999
 20
229.5000000998748
 42
-0.9999870076936799
 10
4145.449394309999
 20
229.5000000998748
 10
4145.449394309999
 20
209.5000000998748
 10
4275.449394310011
 20
209.5000000998748
 10
4275.449394310011
 20
169.5000000998748
 10
4372.949394309999
 20
169.5000000998748
 10
4372.949394309999
 20
209.5000000998748
 10
4592.94939431001
 20
209.5000000998749
 10
4592.94939431001
 20
139.5000000998749
 10
4627.94939431001
 20
139.5000000998749
 10
4627.94939431001
 20
209.5000000998749
 10
4767.94939431001
 20
209.500000099875
 10
4767.94939431001
 20
309.500000099875
 10
4592.94939431001
 20
309.500000099875
 10
4532.94939431
 20
269.5000000998748
 10
4432.949394309999
 20
269.5000000998748
 10
4372.949394309999
 20
309.5000000998748
 10
3877.949394310011
 20
309.5000000998747
 10
3817.949394310011
 20
269.5000000998748
 10
3717.949394310011
 20
269.5000000998748
 10
3657.949394310011
 20
309.5000000998747
 10
3162.94939431
 20
309.5000000998746
 10
3102.94939431
 20
269.5000000998746
 10
3002.94939431
 20
269.5000000998746
 10
2942.94939431
 20
309.5000000998746
 10
2767.949394310011
 20
309.5000000998745
 10
2767.949394310011
 20
209.5000000998744
 10
2907.94939431
 20
209.5000000998744
  0
MTEXT
  5
B9
330
1F
100
AcDbEntity
  8
Texto
 62
     2
100
AcDbMText
 10
3707.47247779788
 20
223.731311843026
 30
0.0
 40
10.0
 41
178.1660832890338
 71
     1
 72
     5
  1
12714500 pos.10
 73
     1
 44
1.0
1001
ACAD
1000
MTEXTBEGIN
1070
    73
1070
     1
1070
    44
1040
1.0
1070
    74
1070
     0
1000
MTEXTEND
  0
LWPOLYLINE
  5
BA
330
1F
100
AcDbEntity
  8
12714500
 62
     6
100
AcDbPolyline
 90
       48
 70
     1
 43
0.0
 10
4503.000000310001
 20
499.5000000998746
 10
4468.00000031
 20
499.5000000998746
 10
4468.00000031
 20
429.5000000998745
 10
4248.00000031
 20
429.5000000998745
 10
4248.00000031
 20
469.5000000998745
 10
4150.50000031
 20
469.5000000998745
 10
4150.50000031
 20
429.5000000998745
 10
4020.50000031
 20
429.5000000998745
 10
4020.50000031
 20
409.5000000998745
 42
-1.000013594551693
 10
3980.50000031
 20
409.5000000998744
 10
3980.50000031
 20
429.5000000998745
 10
3850.50000031
 20
429.5000000998745
 10
3850.50000031
 20
469.5000000998745
 10
3753.00000031
 20
469.5000000998745
 10
3753.00000031
 20
429.5000000998745
 10
3533.00000031
 20
429.5000000998745
 10
3533.00000031
 20
469.5000000998745
 10
3435.50000031
 20
469.5000000998745
 10
3435.50000031
 20
429.5000000998745
 10
3305.50000031
 20
429.5000000998745
 10
3305.50000031
 20
409.5000000998744
 42
-1.000013594551694
 10
3265.500000309999
 20
409.5000000998744
 10
3265.500000309999
 20
429.5000000998745
 10
3135.500000309999
 20
429.5000000998745
 10
3135.500000309999
 20
469.5000000998745
 10
3038.000000309999
 20
469.5000000998743
 10
3038.000000309999
 20
429.5000000998743
 10
2818.00000031
 20
429.5000000998743
 10
2818.00000031
 20
499.5000000998743
 10
2783.00000031
 20
499.5000000998743
 10
2783.00000031
 20
429.5000000998743
 10
2643.00000031
 20
429.5000000998743
 10
2643.00000031
 20
329.5000000998744
 10
2818.00000031
 20
329.5000000998745
 10
2878.00000031
 20
369.5000000998745
 10
2978.00000031
 20
369.5000000998744
 10
3038.000000309999
 20
329.5000000998745
 10
3533.00000031
 20
329.5000000998745
 10
3593.00000031
 20
369.5000000998745
 10
3693.00000031
 20
369.5000000998745
 10
3753.00000031
 20
329.5000000998745
 10
4248.00000031
 20
329.5000000998746
 10
4308.00000031
 20
369.5000000998746
 10
4408.00000031
 20
369.5000000998746
 10
4468.00000031
 20
329.5000000998746
 10
4643.00000031
 20
329.5000000998747
 10
4643.00000031
 20
429.5000000998745
 10
4503.000000310001
 20
429.5000000998745
  0
MTEXT
  5
BB
330
1F
100
AcDbEntity
  8
Texto
 62
     6
100
AcDbMText
 10
3705.144186445319
 20
410.6807744598456
 30
0.0
 40
10.0
 41
178.1660832890338
 71
     1
 72
     5
  1
12714500 pos.10
 11
-1.0
 21
0.0000000000000001
 31
0.0
 73
     1
 44
1.0
1001
ACAD
1000
MTEXTBEGIN
1070
    73
1070
     1
1070
    44
1040
1.0
1070
    74
1070
     0
1000
MTEXTEND
  0
LWPOLYLINE
  5
BC
330
1F
100
AcDbEntity
  8
12714500
 62
     6
100
AcDbPolyline
 90
       48
 70
     1
 43
0.0
 10
2907.94939431
 20
449.5000000998745
 10
2942.94939431
 20
449.5000000998745
 10
2942.94939431
 20
519.5000000998635
 10
3162.94939431
 20
519.5000000998635
 10
3162.94939431
 20
479.5000000998636
 10
3260.449394310001
 20
479.5000000998636
 10
3260.449394310001
 20
519.5000000998635
 10
3390.44939431
 20
519.5000000998635
 10
3390.44939431
 20
539.5000000998744
 42
-1.000010499138783
 10
3430.44939431
 20
539.5000000998744
 10
3430.44939431
 20
519.5000000998635
 10
3560.44939431
 20
519.5000000998637
 10
3560.44939431
 20
479.5000000998637
 10
3657.94939431
 20
479.5000000998637
 10
3657.94939431
 20
519.5000000998637
 10
3877.94939431
 20
519.5000000998637
 10
3877.94939431
 20
479.5000000998638
 10
3975.44939431
 20
479.5000000998638
 10
3975.44939431
 20
519.5000000998637
 10
4105.449394309999
 20
519.5000000998637
 10
4105.449394309999
 20
539.5000000998747
 42
-1.000010499138783
 10
4145.449394309999
 20
539.5000000998747
 10
4145.449394309999
 20
519.5000000998637
 10
4275.449394309999
 20
519.5000000998639
 10
4275.449394309999
 20
479.500000099864
 10
4372.949394309999
 20
479.500000099864
 10
4372.949394309999
 20
519.5000000998639
 10
4592.949394309999
 20
519.5000000998639
 10
4592.949394309999
 20
449.5000000998748
 10
4627.949394309999
 20
449.5000000998749
 10
4627.949394309999
 20
519.5000000998639
 10
4767.94939431
 20
519.5000000998639
 10
4767.94939431
 20
619.5000000998748
 10
4592.949394309999
 20
619.5000000998747
 10
4532.94939431
 20
579.5000000998746
 10
4432.949394309999
 20
579.5000000998746
 10
4372.949394309999
 20
619.5000000998747
 10
3877.94939431
 20
619.5000000998747
 10
3817.94939431
 20
579.5000000998746
 10
3717.94939431
 20
579.5000000998746
 10
3657.94939431
 20
619.5000000998747
 10
3162.94939431
 20
619.5000000998744
 10
3102.94939431
 20
579.5000000998745
 10
3002.94939431
 20
579.5000000998745
 10
2942.94939431
 20
619.5000000998743
 10
2767.94939431
 20
619.5000000998743
 10
2767.94939431
 20
519.5000000998633
 10
2907.94939431
 20
519.5000000998633
  0
MTEXT
  5
BD
330
1F
100
AcDbEntity
  8
Texto
 62
     6
100
AcDbMText
 10
3705.805208174679
 20
540.568570520017
 30
0.0
 40
10.0
 41
178.1660832890338
 71
     1
 72
     5
  1
12714500 pos.10
 73
     1
 44
1.0
1001
ACAD
1000
MTEXTBEGIN
1070
    73
1070
     1
1070
    44
1040
1.0
1070
    74
1070
     0
1000
MTEXTEND
  0
LWPOLYLINE
  5
BE
330
1F
100
AcDbEntity
  8
12714500
 62
     6
100
AcDbPolyline
 90
       57
 70
     1
 43
0.0
 10
4503.000000310001
 20
806.5000000998745
 42
0.4142135697397124
 10
4500.00000031
 20
809.5000000998746
 10
4471.00000031
 20
809.5000000998746
 42
0.4142135717846156
 10
4468.00000031
 20
806.5000000998745
 10
4468.00000031
 20
739.5000000998745
 10
4248.00000031
 20
739.5000000998745
 10
4248.00000031
 20
776.5000000998745
 42
0.4142135709666366
 10
4245.00000031
 20
779.5000000998745
 10
4153.50000031
 20
779.5000000998745
 42
0.4142135702312479
 10
4150.50000031
 20
776.5000000998745
 10
4150.50000031
 20
739.5000000998745
 10
4023.50000031
 20
739.5000000998745
 42
0.4142135659895466
 10
4020.50000031
 20
736.5000000998746
 10
4020.50000031
 20
719.5000000998746
 42
-1.000014260642177
 10
3980.50000031
 20
719.5000000998746
 10
3980.50000031
 20
736.5000000998746
 42
0.4142135682792909
 10
3977.50000031
 20
739.5000000998745
 10
3850.50000031
 20
739.5000000998745
 10
3850.50000031
 20
776.5000000998745
 42
0.4142135658991423
 10
3847.50000031
 20
779.5000000998745
 10
3753.00000031
 20
779.5000000998745
 10
3753.00000031
 20
739.5000000998745
 10
3533.00000031
 20
739.5000000998741
 10
3533.00000031
 20
779.5000000998742
 10
3435.50000031
 20
779.5000000998742
 10
3435.50000031
 20
739.5000000998741
 10
3305.50000031
 20
739.5000000998741
 10
3305.50000031
 20
719.5000000998744
 42
-1.000014260642177
 10
3265.500000309999
 20
719.5000000998744
 10
3265.500000309999
 20
739.5000000998741
 10
3135.500000309999
 20
739.5000000998741
 10
3135.500000309999
 20
779.5000000998742
 10
3038.000000309999
 20
779.5000000998742
 10
3038.000000309999
 20
739.5000000998741
 10
2818.00000031
 20
739.5000000998741
 10
2818.00000031
 20
809.5000000998743
 10
2783.00000031
 20
809.5000000998743
 10
2783.00000031
 20
739.5000000998741
 10
2643.00000031
 20
739.5000000998741
 10
2643.00000031
 20
639.5000000998743
 10
2818.00000031
 20
639.5000000998743
 10
2878.00000031
 20
679.5000000998743
 10
2978.00000031
 20
679.5000000998743
 10
3038.000000309999
 20
639.5000000998743
 10
3533.00000031
 20
639.5000000998743
 10
3593.00000031
 20
679.5000000998745
 10
3693.00000031
 20
679.5000000998745
 10
3753.00000031
 20
639.5000000998744
 10
4248.00000031
 20
639.5000000998744
 10
4308.00000031
 20
679.5000000998745
 10
4408.00000031
 20
679.5000000998745
 10
4468.00000031
 20
639.5000000998744
 10
4640.00000031
 20
639.5000000998744
 42
0.4142135618971098
 10
4643.00000031
 20
642.5000000998744
 10
4643.00000031
 20
736.5000000998746
 42
0.4142135612739802
 10
4640.00000031
 20
739.5000000998745
 10
4503.000000310001
 20
739.5000000998745
  0
MTEXT
  5
BF
330
1F
100
AcDbEntity
  8
Texto
 62
     6
100
AcDbMText
 10
3705.144186445319
 20
724.4591969021029
 30
0.0
 40
10.0
 41
178.1660832890338
 71
     1
 72
     5
  1
12714500 pos.10
 11
-1.0
 21
0.0000000000000001
 31
0.0
 73
     1
 44
1.0
1001
ACAD
1000
MTEXTBEGIN
1070
    73
1070
     1
1070
    44
1040
1.0
1070
    74
1070
     0
1000
MTEXTEND
  0
LWPOLYLINE
  5
C0
330
1F
100
AcDbEntity
  8
12710626
 62
     2
100
AcDbPolyline
 90
       17
 70
     1
 43
0.0
 10
5106.75961331
 20
508.1961485420781
 42
0.2611748162222916
 10
4860.411506982942
 20
738.7507561780754
 10
4792.949394470503
 20
738.7507561781932
 42
0.4142135664746756
 10
4787.949394470494
 20
733.7507561782
 10
4787.949394470248
 20
593.1577254269539
 42
0.3912512594461459
 10
4792.554657627981
 20
588.1733314993587
 42
-0.9239364353595775
 10
4792.554657627337
 20
219.3281808570327
 42
0.3912512599764064
 10
4787.949394469587
 20
214.3437869294501
 10
4787.949394469325
 20
64.08179969263052
 42
0.4271993909387781
 10
4793.169982704498
 20
59.08666797960157
 42
0.3145753439422439
 10
5106.759613309634
 20
299.3053638132443
 42
0.3932585194922405
 10
5103.847167958168
 20
305.4630598718683
 10
5039.243554192302
 20
331.2394321971512
 42
-0.3069160399956604
 10
5032.949394469808
 20
340.5274216372234
 10
5032.949394470029
 20
466.9740907183292
 42
-0.3069160406499551
 10
5039.243554192555
 20
476.2620801583723
 10
5103.847167958511
 20
502.0384524834296
 42
0.3932585172721045
  0
LINE
  5
C1
330
1F
100
AcDbEntity
  8
Chanfro
 62
     2
100
AcDbLine
 10
4872.949394470372
 20
663.4542408024432
 30
0.0
 11
4781.949394470361
 21
663.454240802602
 31
0.0
  0
LINE
  5
C2
330
1F
100
AcDbEntity
  8
Chanfro
 62
     2
100
AcDbLine
 10
4872.949394470353
 20
653.4542408024432
 30
0.0
 11
4781.949394470344
 21
653.454240802602
 31
0.0
  0
LINE
  5
C3
330
1F
100
AcDbEntity
  8
Chanfro
 62
     2
100
AcDbLine
 10
4872.949394470388
 20
673.454240802445
 30
0.0
 11
4781.949394470378
 21
673.4542408026038
 31
0.0
  0
MTEXT
  5
C4
330
1F
100
AcDbEntity
  8
Chanfro
 62
     2
100
AcDbMText
 10
4835.727992702534
 20
647.2683056500173
 30
0.0
 40
10.0
 41
80.5467694221488
 71
     3
 72
     5
  1
ch 10
 11
-0.0000000000018192
 21
-1.0
 31
0.0
 73
     1
 44
1.0
1001
ACAD
1000
MTEXTBEGIN
1070
    73
1070
     1
1070
    44
1040
1.0
1070
    74
1070
     0
1000
MTEXTEND
  0
MTEXT
  5
C5
330
1F
100
AcDbEntity
  8
Texto
 62
     2
100
AcDbMText
 10
5009.236936205018
 20
474.0531240996163
 30
0.0
 40
20.0
 41
303.1183217437392
 71
     1
 72
     5
  1
12710626
 11
-0.0000000000018192
 21
-1.0
 31
0.0
 73
     1
 44
1.0
1001
ACAD
1000
MTEXTBEGIN
1070
    73
1070
     1
1070
    44
1040
1.0
1070
    74
1070
     0
1000
MTEXTEND
  0
LWPOLYLINE
  5
C6
330
1F
100
AcDbEntity
  8
MN-24113-13
 62
     2
100
AcDbPolyline
 90
       21
 70
     1
 43
0.0
 10
2753.436865569004
 20
1608.806764299157
 10
2752.565091479653
 20
1637.07759750119
 10
2663.680139240935
 20
1720.644727794869
 42
0.4142135558802942
 10
2659.439514260629
 20
1720.513961681466
 10
2643.000078793021
 20
1703.028397306636
 10
2657.571382438712
 20
1689.328867750295
 10
2647.981711749273
 20
1679.128955198311
 10
2662.553015394965
 20
1665.429425641971
 10
2651.593391749893
 20
1653.772382725417
 10
2673.45034721843
 20
1633.223088390906
 10
2658.380864706455
 20
1617.194654380645
 10
2665.666516529301
 20
1610.344889602475
 10
2656.76182231768
 20
1600.873542232776
 10
2664.047474140526
 20
1594.023777454605
 10
2654.457803451086
 20
1583.823864902621
 10
2661.743455273932
 20
1576.97410012445
 10
2650.78383162886
 20
1565.317057207897
 10
2658.069483451705
 20
1558.467292429727
 10
2643.000000939731
 20
1542.438858419466
 10
2666.314086772838
 20
1520.519611129321
 42
0.4142135660126541
 10
2670.554711753141
 20
1520.650377242723
  0
MTEXT
  5
C7
330
1F
100
AcDbEntity
  8
Texto
 62
     2
100
AcDbMText
 10
2653.924392293396
 20
1540.659286894811
 30
0.0
 40
10.0
 41
109.7380975891656
 71
     1
 72
     5
  1
MN-24113-15
 11
0.6849764778168024
 21
0.7285651822848026
 31
0.0
 73
     1
 44
1.0
1001
ACAD
1000
MTEXTBEGIN
1070
    73
1070
     1
1070
    44
1040
1.0
1070
    74
1070
     0
1000
MTEXTEND
  0
LWPOLYLINE
  5
C8
330
1F
100
AcDbEntity
  8
12714500
 62
     4
100
AcDbPolyline
 90
        8
 70
     1
 43
0.0
 10
5017.000000310001
 20
1839.0000001
 10
5017.000000310001
 20
1475.0000001
 42
0.4142135603407342
 10
5020.00000031
 20
1472.0000001
 10
5104.000000310001
 20
1472.0000001
 42
0.4142135654633589
 10
5107.000000310001
 20
1475.0000001
 10
5107.000000310001
 20
1839.0000001
 42
0.4142135660696508
 10
5104.000000310001
 20
1842.0000001
 10
5020.00000031
 20
1842.0000001
 42
0.4142135609472259
  0
CIRCLE
  5
C9
330
1F
100
AcDbEntity
  8
12714500
 62
     4
100
AcDbCircle
 10
5062.00000031
 20
1747.0000001
 30
0.0
 40
11.0
  0
CIRCLE
  5
CA
330
1F
100
AcDbEntity
  8
12714500
 62
     4
100
AcDbCircle
 10
5062.00000031
 20
1567.0000001
 30
0.0
 40
11.0
  0
MTEXT
  5
CB
330
1F
100
AcDbEntity
  8
Texto
 62
     4
100
AcDbMText
 10
5091.923382624849
 20
1588.46354379554
 30
0.0
 40
10.0
 41
178.1660832890338
 71
     1
 72
     5
  1
12714500 pos.9
 11
0.0000000000000001
 21
1.0
 31
0.0
 73
     1
 44
1.0
1001
ACAD
1000
MTEXTBEGIN
1070
    73
1070
     1
1070
    44
1040
1.0
1070
    74
1070
     0
1000
MTEXTEND
  0
LWPOLYLINE
  5
CC
330
1F
100
AcDbEntity
  8
MN-21009-15
 62
     2
100
AcDbPolyline
 90
       15
 70
     1
 43
0.0
 10
4599.14210031
 20
1686.9662891
 10
4637.14210031
 20
1686.9662891
 10
4637.14210031
 20
1718.9662891
 42
0.4142135742348568
 10
4634.14210031
 20
1721.966289100001
 10
4547.14210031
 20
1721.966289100001
 10
4527.14210031
 20
1701.9662891
 10
4527.14210031
 20
1599.966289100001
 42
0.4142135528303025
 10
4530.14210031
 20
1596.966289100001
 10
4544.14210031
 20
1596.966289100001
 10
4544.14210031
 20
1616.966289100001
 10
4559.14210031
 20
1616.966289100001
 10
4559.14210031
 20
1646.9662891
 10
4574.142100310001
 20
1646.9662891
 10
4574.142100310001
 20
1666.966289100001
 10
4599.14210031
 20
1666.966289100001
  0
MTEXT
  5
CD
330
1F
100
AcDbEntity
  8
Texto
 62
     2
100
AcDbMText
 10
4543.382715563541
 20
1701.892577226972
 30
0.0
 40
10.0
 41
140.0022192636315
 71
     3
 72
     5
  1
mn-21009-15
 11
-1.0
 21
0.0000000000000001
 31
0.0
 73
     1
 44
1.0
1001
ACAD
1000
MTEXTBEGIN
1070
    73
1070
     1
1070
    44
1040
1.0
1070
    74
1070
     0
1000
MTEXTEND
  0
LWPOLYLINE
  5
CE
330
1F
100
AcDbEntity
  8
13969717
 62
     2
100
AcDbPolyline
 90
       11
 70
     1
 43
0.0
 10
4395.269867250025
 20
1686.814579557029
 10
4368.024605082542
 20
1659.569317389546
 10
4306.506315119313
 20
1721.087607352776
 42
0.4142135599451022
 10
4302.263674432193
 20
1721.087607352776
 10
4255.948180264475
 20
1674.772113185056
 42
0.41421356165512
 10
4255.948180264475
 20
1670.529472497937
 10
4384.995167831019
 20
1541.482484931393
 42
0.4142135641213505
 10
4389.237808518139
 20
1541.482484931393
 10
4477.731639505509
 20
1629.976315918763
 42
0.4720711037724614
 10
4477.28431193127
 20
1634.587163970146
 10
4399.065180362907
 20
1687.182786921295
 42
0.3586300197008197
  0
MTEXT
  5
CF
330
1F
100
AcDbEntity
  8
Texto
 62
     2
100
AcDbMText
 10
4366.753757343478
 20
1607.280784808732
 30
0.0
 40
10.0
 41
75.61371484861773
 71
     1
 72
     5
  1
13969717\Ppos.6
 11
0.7071067811865478
 21
0.7071067811865475
 31
0.0
 73
     1
 44
1.0
1001
ACAD
1000
MTEXTBEGIN
1070
    73
1070
     1
1070
    44
1040
1.0
1070
    74
1070
     0
1000
MTEXTEND
  0
LWPOLYLINE
  5
D0
330
1F
100
AcDbEntity
  8
MN-24112-13
 62
   231
100
AcDbPolyline
 90
       24
 70
     1
 43
0.0
 10
3536.83110031
 20
1658.9550521
 42
0.4142135554831404
 10
3533.831100309999
 20
1661.955052100011
 10
3506.831100309999
 20
1661.955052100011
 10
3506.831100309999
 20
1678.955052100011
 42
0.4142135659573696
 10
3503.831100309999
 20
1681.9550521
 10
3379.83110031
 20
1681.9550521
 42
0.4142135668615019
 10
3376.831100309999
 20
1678.955052100011
 10
3376.831100309999
 20
1654.9550521
 10
3396.831100309999
 20
1654.9550521
 10
3396.831100309999
 20
1640.955052100011
 10
3416.831100309999
 20
1640.955052100011
 10
3416.831100309999
 20
1624.9550521
 10
3446.831100309999
 20
1624.9550521
 10
3446.831100309999
 20
1602.955052100011
 10
3456.83110031
 20
1602.955052100011
 10
3456.83110031
 20
1589.9550521
 10
3466.831100309999
 20
1589.9550521
 10
3466.831100309999
 20
1575.955052100011
 10
3476.831100309999
 20
1575.955052100011
 10
3476.831100309999
 20
1559.9550521
 10
3486.831100309999
 20
1559.9550521
 10
3486.831100309999
 20
1537.955052100011
 10
3533.831100309999
 20
1537.955052100011
 42
0.4142135658090154
 10
3536.83110031
 20
1540.9550521
  0
MTEXT
  5
D1
330
1F
100
AcDbEntity
  8
Texto
 62
   231
100
AcDbMText
 10
3494.459662141747
 20
1674.614728489768
 30
0.0
 40
10.0
 41
98.07862972757265
 71
     3
 72
     5
  1
MN-24113-13 pos.1
 73
     1
 44
1.0
1001
ACAD
1000
MTEXTBEGIN
1070
    73
1070
     1
1070
    44
1040
1.0
1070
    74
1070
     0
1000
MTEXTEND
  0
LWPOLYLINE
  5
D2
330
1F
100
AcDbEntity
  8
MN-24113-13
 62
     2
100
AcDbPolyline
 90
       21
 70
     1
 43
0.0
 10
4423.935913921153
 20
1515.184457762902
 10
4416.615405845417
 20
1487.863949687226
 10
4477.615405845232
 20
1382.208850425418
 42
0.4142135608234494
 10
4481.713482056583
 20
1381.110774214058
 10
4502.498091747431
 20
1393.110774214022
 10
4492.498091747461
 20
1410.431282289727
 10
4504.622447400456
 20
1417.431282289706
 10
4494.622447400485
 20
1434.751790365412
 10
4508.478853861051
 20
1442.751790365388
 10
4493.478853861097
 20
1468.732552478948
 10
4512.531412744373
 20
1479.732552478914
 10
4507.531412744388
 20
1488.392806516768
 10
4518.789742993596
 20
1494.892806516747
 10
4513.789742993611
 20
1503.553060554601
 10
4525.914098646605
 20
1510.55306055458
 10
4520.914098646621
 20
1519.213314592433
 10
4534.770505107187
 20
1527.213314592409
 10
4529.770505107203
 20
1535.873568630262
 10
4548.82306399048
 20
1546.873568630229
 10
4532.823063990527
 20
1574.586381551359
 42
0.4142135610689821
 10
4528.724987779177
 20
1575.684457762719
  0
MTEXT
  5
D3
330
1F
100
AcDbEntity
  8
Texto
 62
     2
100
AcDbMText
 10
4538.876421578911
 20
1551.728824132856
 30
0.0
 40
10.0
 41
109.7380975891656
 71
     1
 72
     5
  1
MN-24113-15
 11
-0.8660254037852652
 21
-0.4999999999985684
 31
0.0
 73
     1
 44
1.0
1001
ACAD
1000
MTEXTBEGIN
1070
    73
1070
     1
1070
    44
1040
1.0
1070
    74
1070
     0
1000
MTEXTEND
  0
LWPOLYLINE
  5
D4
330
1F
100
AcDbEntity
  8
MN-24112-13
 62
   231
100
AcDbPolyline
 90
       24
 70
     1
 43
0.0
 10
3579.83110031
 20
1721.4690611
 42
0.4142135620170495
 10
3576.831100309988
 20
1718.4690611
 10
3576.831100309988
 20
1691.4690611
 10
3559.831100309989
 20
1691.4690611
 42
0.4142135596422954
 10
3556.831100309999
 20
1688.4690611
 10
3556.831100309999
 20
1564.4690611
 42
0.4142135598102066
 10
3559.831100309989
 20
1561.469061099999
 10
3583.83110031
 20
1561.469061099999
 10
3583.83110031
 20
1581.4690611
 10
3597.831100309988
 20
1581.4690611
 10
3597.831100309988
 20
1601.4690611
 10
3613.83110031
 20
1601.4690611
 10
3613.83110031
 20
1631.4690611
 10
3635.831100309989
 20
1631.4690611
 10
3635.831100309989
 20
1641.4690611
 10
3648.831100309999
 20
1641.4690611
 10
3648.831100309999
 20
1651.469061099999
 10
3662.831100309989
 20
1651.469061099999
 10
3662.831100309989
 20
1661.4690611
 10
3678.83110031
 20
1661.4690611
 10
3678.83110031
 20
1671.469061099999
 10
3700.831100309989
 20
1671.469061099999
 10
3700.831100309989
 20
1718.4690611
 42
0.4142135727398383
 10
3697.83110031
 20
1721.4690611
  0
MTEXT
  5
D5
330
1F
100
AcDbEntity
  8
Texto
 62
   231
100
AcDbMText
 10
3564.171423920231
 20
1679.097622931748
 30
0.0
 40
10.0
 41
98.07862972757265
 71
     3
 72
     5
  1
MN-24113-13 pos.1
 11
0.0000000000000001
 21
1.0
 31
0.0
 73
     1
 44
1.0
1001
ACAD
1000
MTEXTBEGIN
1070
    73
1070
     1
1070
    44
1040
1.0
1070
    74
1070
     0
1000
MTEXTEND
  0
LWPOLYLINE
  5
D6
330
1F
100
AcDbEntity
  8
12714500
 62
     7
100
AcDbPolyline
 90
       14
 70
     1
 43
0.0
 10
3018.26570031
 20
1441.1420791
 10
2958.26570031
 20
1411.1420791
 10
2958.26570031
 20
1284.1420791
 42
0.4142135508062886
 10
2961.26570031
 20
1281.1420791
 10
3042.26570031
 20
1281.1420791
 42
0.4142135583613618
 10
3045.26570031
 20
1284.1420791
 10
3045.265700309999
 20
1291.1420791
 10
3155.26570031
 20
1291.1420791
 10
3155.26570031
 20
1284.1420791
 42
0.4142135440875309
 10
3158.26570031
 20
1281.1420791
 10
3239.265700309999
 20
1281.1420791
 42
0.4142135452118968
 10
3242.265700309999
 20
1284.1420791
 10
3242.265700309999
 20
1411.1420791
 10
3182.265700309999
 20
1441.1420791
  0
MTEXT
  5
D7
330
1F
100
AcDbEntity
  8
Texto
 62
     7
100
AcDbMText
 10
3043.352259413128
 20
1303.938949294379
 30
0.0
 40
10.0
 41
178.1660832890338
 71
     1
 72
     5
  1
12714500 pos.11
 73
     1
 44
1.0
1001
ACAD
1000
MTEXTBEGIN
1070
    73
1070
     1
1070
    44
1040
1.0
1070
    74
1070
     0
1000
MTEXTEND
  0
LWPOLYLINE
  5
D8
330
1F
100
AcDbEntity
  8
12714500
 62
     7
100
AcDbPolyline
 90
       14
 70
     1
 43
0.0
 10
4875.52280031
 20
1227.8276821
 10
4905.52280031
 20
1167.8276821
 10
5032.52280031
 20
1167.8276821
 42
0.4142135555048064
 10
5035.52280031
 20
1170.8276821
 10
5035.52280031
 20
1251.8276821
 42
0.4142135630611227
 10
5032.52280031
 20
1254.8276821
 10
5025.52280031
 20
1254.8276821
 10
5025.52280031
 20
1364.8276821
 10
5032.52280031
 20
1364.8276821
 42
0.4142135487857376
 10
5035.52280031
 20
1367.8276821
 10
5035.52280031
 20
1448.827682100001
 42
0.4142135499109249
 10
5032.52280031
 20
1451.8276821
 10
4905.52280031
 20
1451.8276821
 10
4875.52280031
 20
1391.8276821
  0
MTEXT
  5
D9
330
1F
100
AcDbEntity
  8
Texto
 62
     7
100
AcDbMText
 10
5012.725930115617
 20
1252.914241203129
 30
0.0
 40
10.0
 41
178.1660832890338
 71
     1
 72
     5
  1
12714500 pos.11
 11
0.0000000000000001
 21
1.0
 31
0.0
 73
     1
 44
1.0
1001
ACAD
1000
MTEXTBEGIN
1070
    73
1070
     1
1070
    44
1040
1.0
1070
    74
1070
     0
1000
MTEXTEND
  0
LWPOLYLINE
  5
DA
330
1F
100
AcDbEntity
  8
12714500
 62
     7
100
AcDbPolyline
 90
       14
 70
     1
 43
0.0
 10
3920.847600310001
 20
1431.9469501
 10
3860.84760031
 20
1401.9469501
 10
3860.84760031
 20
1274.9469501
 42
0.4142135583551017
 10
3863.84760031
 20
1271.9469501
 10
3944.84760031
 20
1271.9469501
 42
0.4142135659106856
 10
3947.84760031
 20
1274.9469501
 10
3947.84760031
 20
1281.9469501
 10
4057.84760031
 20
1281.9469501
 10
4057.84760031
 20
1274.9469501
 42
0.4142135582591365
 10
4060.84760031
 20
1271.9469501
 10
4141.84760031
 20
1271.9469501
 42
0.4142135527607096
 10
4144.84760031
 20
1274.9469501
 10
4144.84760031
 20
1401.9469501
 10
4084.84760031
 20
1431.9469501
  0
MTEXT
  5
DB
330
1F
100
AcDbEntity
  8
Texto
 62
     7
100
AcDbMText
 10
3945.934159413128
 20
1294.743820294368
 30
0.0
 40
10.0
 41
178.1660832890338
 71
     1
 72
     5
  1
12714500 pos.11
 73
     1
 44
1.0
1001
ACAD
1000
MTEXTBEGIN
1070
    73
1070
     1
1070
    44
1040
1.0
1070
    74
1070
     0
1000
MTEXTEND
  0
LWPOLYLINE
  5
DC
330
1F
100
AcDbEntity
  8
12462841
 62
     3
100
AcDbPolyline
 90
       27
 70
     1
 43
0.0
 10
5063.486700309999
 20
1172.0595271
 10
5058.486700309988
 20
1172.0595271
 10
5058.486700309988
 20
1160.059527100001
 10
5053.486700309989
 20
1160.059527100001
 10
5053.486700309989
 20
1149.0595271
 10
5048.486700309988
 20
1149.0595271
 10
5048.486700309988
 20
1139.059527100001
 10
5038.486700309988
 20
1139.059527100001
 10
5038.486700309988
 20
1121.0595271
 10
5036.486700309988
 20
1121.0595271
 10
5036.486700309988
 20
1120.0595271
 42
0.4142135735070934
 10
5039.486700309988
 20
1117.0595271
 10
5103.486700309999
 20
1117.0595271
 42
0.4142135515047939
 10
5106.486700309988
 20
1120.0595271
 10
5106.486700309988
 20
1368.0595271
 42
0.4142135488533106
 10
5103.486700309999
 20
1371.0595271
 10
5093.486700309988
 20
1371.0595271
 10
5093.486700309988
 20
1286.0595271
 10
5083.486700309988
 20
1286.0595271
 10
5083.486700309988
 20
1234.0595271
 10
5078.486700309988
 20
1234.0595271
 10
5078.486700309988
 20
1215.0595271
 10
5073.486700309988
 20
1215.0595271
 10
5073.486700309988
 20
1199.0595271
 10
5068.486700309988
 20
1199.0595271
 10
5068.486700309988
 20
1185.0595271
 10
5063.486700309999
 20
1185.0595271
  0
MTEXT
  5
DD
330
1F
100
AcDbEntity
  8
Texto
 62
     3
100
AcDbMText
 10
5089.352306178387
 20
1181.423532113893
 30
0.0
 40
10.0
 41
161.0246541395672
 71
     1
 72
     5
  1
12462841 pos.6
 11
0.0000000000000001
 21
1.0
 31
0.0
 73
     1
 44
1.0
1001
ACAD
1000
MTEXTBEGIN
1070
    73
1070
     1
1070
    44
1040
1.0
1070
    74
1070
     0
1000
MTEXTEND
  0
LWPOLYLINE
  5
DE
330
1F
100
AcDbEntity
  8
12462841
 62
     1
100
AcDbPolyline
 90
       27
 70
     1
 43
0.0
 10
4523.62930031
 20
1099.4933211
 10
4523.62930031
 20
1112.493321100001
 10
4518.629300310009
 20
1112.493321100001
 10
4518.629300310009
 20
1126.493321100001
 10
4513.62930031001
 20
1126.493321100001
 10
4513.62930031001
 20
1142.493321100001
 10
4508.62930031001
 20
1142.493321100001
 10
4508.62930031001
 20
1161.493321100001
 10
4503.629300310009
 20
1161.493321100001
 10
4503.629300310009
 20
1213.493321100001
 10
4493.62930031001
 20
1213.493321100001
 10
4493.62930031001
 20
1298.493321100001
 10
4483.62930031
 20
1298.493321100001
 42
0.4142135508061554
 10
4480.62930031001
 20
1295.493321100001
 10
4480.62930031001
 20
1047.493321100001
 42
0.41421355374327
 10
4483.62930031
 20
1044.493321100001
 10
4547.62930031001
 20
1044.493321100001
 42
0.4142135673635041
 10
4550.629300310009
 20
1047.493321100001
 10
4550.629300310009
 20
1048.493321100001
 10
4548.62930031001
 20
1048.493321100001
 10
4548.62930031001
 20
1066.493321100001
 10
4538.629300310009
 20
1066.493321100001
 10
4538.629300310009
 20
1076.493321100001
 10
4533.62930031001
 20
1076.493321100001
 10
4533.62930031001
 20
1087.493321100001
 10
4528.62930031001
 20
1087.493321100001
 10
4528.62930031001
 20
1099.4933211
  0
MTEXT
  5
DF
330
1F
100
AcDbEntity
  8
Texto
 62
     1
100
AcDbMText
 10
4497.763694441611
 20
1108.857326113923
 30
0.0
 40
10.0
 41
161.0246541395672
 71
     3
 72
     5
  1
12462841 pos.6
 11
-0.0000000000000002
 21
-1.0
 31
0.0
 73
     1
 44
1.0
1001
ACAD
1000
MTEXTBEGIN
1070
    73
1070
     1
1070
    44
1040
1.0
1070
    74
1070
     0
1000
MTEXTEND
  0
LWPOLYLINE
  5
E0
330
1F
100
AcDbEntity
  8
12714500
 62
     7
100
AcDbPolyline
 90
       14
 70
     1
 43
0.0
 10
3157.93960031
 20
1100.4692841
 10
3217.93960031
 20
1130.4692841
 10
3217.93960031
 20
1257.4692841
 42
0.4142135612016233
 10
3214.93960031
 20
1260.4692841
 10
3133.939600310001
 20
1260.4692841
 42
0.4142135687567413
 10
3130.93960031
 20
1257.4692841
 10
3130.93960031
 20
1250.4692841
 10
3020.93960031
 20
1250.4692841
 10
3020.93960031
 20
1257.4692841
 42
0.4142135611057026
 10
3017.93960031
 20
1260.4692841
 10
2936.93960031
 20
1260.4692841
 42
0.4142135556072756
 10
2933.93960031
 20
1257.4692841
 10
2933.93960031
 20
1130.4692841
 10
2993.93960031
 20
1100.4692841
  0
MTEXT
  5
E1
330
1F
100
AcDbEntity
  8
Texto
 62
     7
100
AcDbMText
 10
3132.853041206871
 20
1237.672413905617
 30
0.0
 40
10.0
 41
178.1660832890338
 71
     1
 72
     5
  1
12714500 pos.11
 11
-1.0
 21
0.0000000000000001
 31
0.0
 73
     1
 44
1.0
1001
ACAD
1000
MTEXTBEGIN
1070
    73
1070
     1
1070
    44
1040
1.0
1070
    74
1070
     0
1000
MTEXTEND
  0
LWPOLYLINE
  5
E2
330
1F
100
AcDbEntity
  8
12714500
 62
     7
100
AcDbPolyline
 90
       14
 70
     1
 43
0.0
 10
3896.02780031
 20
1091.7711751
 10
4060.02780031
 20
1091.7711751
 10
4120.027800309998
 20
1121.7711751
 10
4120.027800309998
 20
1248.7711751
 42
0.4142135478979437
 10
4117.027800309998
 20
1251.7711751
 10
4036.02780031
 20
1251.7711751
 42
0.4142135414019502
 10
4033.027800310001
 20
1248.7711751
 10
4033.027800310001
 20
1241.7711751
 10
3923.027800310001
 20
1241.7711751
 10
3923.027800310001
 20
1248.7711751
 42
0.4142135478025334
 10
3920.02780031
 20
1251.7711751
 10
3839.02780031
 20
1251.7711751
 42
0.4142135547425684
 10
3836.02780031
 20
1248.7711751
 10
3836.02780031
 20
1121.7711751
  0
MTEXT
  5
E3
330
1F
100
AcDbEntity
  8
Texto
 62
     7
100
AcDbMText
 10
3921.11435941316
 20
1228.97430490562
 30
0.0
 40
10.0
 41
178.1660832890338
 71
     3
 72
     5
  1
12714500 pos.11
 11
-1.0
 21
0.0000000000000001
 31
0.0
 73
     1
 44
1.0
1001
ACAD
1000
MTEXTBEGIN
1070
    73
1070
     1
1070
    44
1040
1.0
1070
    74
1070
     0
1000
MTEXTEND
  0
LWPOLYLINE
  5
E4
330
1F
100
AcDbEntity
  8
13969717
 62
     2
100
AcDbPolyline
 90
       11
 70
     1
 43
0.0
 10
3492.030309802274
 20
980.2754577208627
 10
3511.295619436106
 20
946.9069626115199
 10
3435.95140930686
 20
903.4069626115199
 42
0.4142135618747346
 10
3434.853333095507
 20
899.3088864001668
 10
3467.603333095507
 20
842.5842224522861
 42
0.4142135597260922
 10
3471.70140930686
 20
841.4861462409326
 10
3629.751045497521
 20
932.7361462409326
 42
0.4142135621918787
 10
3630.849121708873
 20
936.834222452286
 10
3568.274533724514
 20
1045.216588103885
 42
0.4720711077870558
 10
3563.705019614975
 20
1045.977878136888
 10
3492.656948115441
 20
984.0367477538658
 42
0.3586300203396721
  0
MTEXT
  5
E5
330
1F
100
AcDbEntity
  8
Texto
 62
     2
100
AcDbMText
 10
3561.473543876377
 20
932.1461498866977
 30
0.0
 40
10.0
 41
75.61371484861773
 71
     1
 72
     5
  1
13969717\Ppos.5
 11
-0.5000000000000084
 21
0.8660254037844341
 31
0.0
 73
     1
 44
1.0
1001
ACAD
1000
MTEXTBEGIN
1070
    73
1070
     1
1070
    44
1040
1.0
1070
    74
1070
     0
1000
MTEXTEND
  0
LWPOLYLINE
  5
E6
330
1F
100
AcDbEntity
  8
12462841
 62
     1
100
AcDbPolyline
 90
       27
 70
     1
 43
0.0
 10
2686.000000309999
 20
881.2941690999998
 10
2686.000000309999
 20
894.2941691000006
 10
2681.00000031
 20
894.2941691000006
 10
2681.00000031
 20
908.2941691000007
 10
2676.00000031
 20
908.2941691000007
 10
2676.00000031
 20
924.2941691000007
 10
2671.00000031
 20
924.2941691000007
 10
2671.00000031
 20
943.2941691000008
 10
2666.000000309999
 20
943.2941691000008
 10
2666.000000309999
 20
995.2941691000008
 10
2656.00000031
 20
995.2941691000008
 10
2656.00000031
 20
1080.294169100001
 10
2646.00000031
 20
1080.294169100001
 42
0.4142135579620287
 10
2643.00000031
 20
1077.294169100001
 10
2643.00000031
 20
829.2941691000006
 42
0.4142135543833039
 10
2646.00000031
 20
826.2941691000007
 10
2710.00000031
 20
826.2941691000007
 42
0.4142135596662479
 10
2713.00000031
 20
829.2941691000006
 10
2713.00000031
 20
830.2941691000006
 10
2711.000000309999
 20
830.2941691000006
 10
2711.000000309999
 20
848.2941691000005
 10
2701.00000031
 20
848.2941691000005
 10
2701.00000031
 20
858.2941691000007
 10
2696.00000031
 20
858.2941691000007
 10
2696.00000031
 20
869.2941691000006
 10
2691.00000031
 20
869.2941691000006
 10
2691.00000031
 20
881.2941690999998
  0
LWPOLYLINE
  5
E8
330
1F
100
AcDbEntity
  8
13969717
 62
     2
100
AcDbPolyline
 90
       11
 70
     1
 43
0.0
 10
4467.069378112464
 20
875.0791733390025
 10
4433.700883003154
 20
894.3444829728926
 10
4477.200883003281
 20
969.6886931020536
 42
0.4142135662741298
 10
4476.102806791939
 20
973.7867693134178
 10
4419.378142844116
 20
1006.536769313517
 42
0.4142135576632255
 10
4415.280066632756
 20
1005.438693102161
 10
4324.03006663248
 20
847.3890569116607
 42
0.4142135664248203
 10
4325.128142843832
 20
843.2909807003149
 10
4433.510508495321
 20
780.7163927157668
 42
0.4720711092352658
 10
4437.848468813636
 20
782.341853262297
 10
4468.40733843077
 20
871.5084814628314
 42
0.3586300150317848
  0
MTEXT
  5
E9
330
1F
100
AcDbEntity
  8
Texto
 62
     2
100
AcDbMText
 10
4382.86511936627
 20
882.0387595530434
 30
0.0
 40
10.0
 41
75.61371484861773
 71
     1
 72
     5
  1
13969717\Ppos.5
 11
0.8660254037834814
 21
-0.5000000000016582
 31
0.0
 73
     1
 44
1.0
1001
ACAD
1000
MTEXTBEGIN
1070
    73
1070
     1
1070
    44
1040
1.0
1070
    74
1070
     0
1000
MTEXTEND
  0
LWPOLYLINE
  5
EA
330
1F
100
AcDbEntity
  8
MN-24113-13
 62
     2
100
AcDbPolyline
 90
       21
 70
     1
 43
0.0
 10
3639.529532722969
 20
905.0463965645837
 10
3612.209024647281
 20
897.725888488895
 10
3551.209024647281
 20
792.0707892271932
 42
0.4142135578058733
 10
3552.307100858635
 20
787.9727130158401
 10
3573.091710549461
 20
775.9727130158401
 10
3583.091710549461
 20
793.2932210915289
 10
3595.216066202443
 20
786.2932210915289
 10
3605.216066202443
 20
803.6137291672176
 10
3619.072472662994
 20
795.6137291672176
 10
3634.072472662994
 20
821.5944912807511
 10
3653.125031546252
 20
810.594491280751
 10
3658.125031546252
 20
819.2547453185952
 10
3669.38336179545
 20
812.7547453185952
 10
3674.383361795449
 20
821.4149993564397
 10
3686.507717448431
 20
814.4149993564397
 10
3691.507717448431
 20
823.075253394284
 10
3705.364123908983
 20
815.075253394284
 10
3710.364123908983
 20
823.7355074321284
 10
3729.416682792241
 20
812.7355074321284
 10
3745.41668279224
 20
840.4483203532304
 42
0.41421356408676
 10
3744.318606580887
 20
844.5463965645837
  0
MTEXT
  5
EB
330
1F
100
AcDbEntity
  8
Texto
 62
     2
100
AcDbMText
 10
3728.648136193549
 20
823.7771801942299
 30
0.0
 40
10.0
 41
109.7380975891656
 71
     1
 72
     5
  1
MN-24113-15
 11
-0.8660254037843488
 21
0.5000000000001558
 31
0.0
 73
     1
 44
1.0
1001
ACAD
1000
MTEXTBEGIN
1070
    73
1070
     1
1070
    44
1040
1.0
1070
    74
1070
     0
1000
MTEXTEND
  0
LWPOLYLINE
  5
EC
330
1F
100
AcDbEntity
  8
12462841
 62
     1
100
AcDbPolyline
 90
       27
 70
     1
 43
0.0
 10
3354.500000309999
 20
810.9897040999999
 10
3341.500000309999
 20
810.9897040999999
 10
3341.500000309999
 20
805.9897041000001
 10
3327.500000309999
 20
805.9897041000001
 10
3327.500000309999
 20
800.9897041
 10
3311.50000031
 20
800.9897041
 10
3311.50000031
 20
795.9897041
 10
3292.500000309999
 20
795.9897041
 10
3292.500000309999
 20
790.9897041
 10
3240.500000309999
 20
790.9897041
 10
3240.500000309999
 20
780.9897041
 10
3155.500000309999
 20
780.9897041
 10
3155.500000309999
 20
770.9897041
 42
0.4142135678693024
 10
3158.500000309999
 20
767.9897041
 10
3406.500000309999
 20
767.9897041
 42
0.4142135642895341
 10
3409.500000309999
 20
770.9897041
 10
3409.500000309999
 20
834.9897041
 42
0.414213569628863
 10
3406.500000309999
 20
837.9897041000001
 10
3405.500000309999
 20
837.9897041000001
 10
3405.500000309999
 20
835.9897040999999
 10
3387.500000309999
 20
835.9897040999999
 10
3387.500000309999
 20
825.9897041
 10
3377.500000309999
 20
825.9897041
 10
3377.500000309999
 20
820.9897041000001
 10
3366.500000309999
 20
820.9897041000001
 10
3366.500000309999
 20
815.9897041
 10
3354.500000309999
 20
815.9897041
  0
LWPOLYLINE
  5
EE
330
1F
100
AcDbEntity
  8
13969717
 62
     2
100
AcDbPolyline
 90
       11
 70
     1
 43
0.0
 10
4623.857404312249
 20
929.3964099000604
 10
4586.639684058701
 20
919.4239518139944
 10
4564.122427134782
 20
1003.459498701143
 42
0.4142135598452164
 10
4560.448192520606
 20
1005.580819044703
 10
4497.180050898673
 20
988.628171590488
 42
0.41421356155502
 10
4495.058730555112
 20
984.9539369763133
 10
4542.293206286322
 20
808.6724736785583
 42
0.4142135642213306
 10
4545.967440900498
 20
806.5511533349985
 10
4666.852262107454
 20
838.9421435545827
 42
0.4720711062775121
 10
4668.770289090037
 20
843.158918887201
 10
4627.328345565452
 20
927.8176302749452
 42
0.3586300256355633
  0
MTEXT
  5
EF
330
1F
100
AcDbEntity
  8
Texto
 62
     2
100
AcDbMText
 10
4559.394831342161
 20
874.7761781410421
 30
0.0
 40
10.0
 41
75.61371484861773
 71
     1
 72
     5
  1
13969717\Ppos.6
 11
0.965925826289065
 21
0.2588190451025333
 31
0.0
 73
     1
 44
1.0
1001
ACAD
1000
MTEXTBEGIN
1070
    73
1070
     1
1070
    44
1040
1.0
1070
    74
1070
     0
1000
MTEXTEND
  0
LWPOLYLINE
  5
F0
330
1F
100
AcDbEntity
  8
MN-24113-13
 62
     2
100
AcDbPolyline
 90
       21
 70
     1
 43
0.0
 10
4766.318500309999
 20
785.6824420999999
 10
4746.31850031
 20
805.6824421000008
 10
4624.318500309999
 20
805.6824421000008
 42
0.4142135596601653
 10
4621.31850031
 20
802.6824421
 10
4621.31850031
 20
778.6824421
 10
4641.318500309999
 20
778.6824421
 10
4641.318500309999
 20
764.6824420999999
 10
4661.31850031
 20
764.6824420999999
 10
4661.31850031
 20
748.6824421
 10
4691.318500309999
 20
748.6824421
 10
4691.318500309999
 20
726.6824420999999
 10
4701.31850031
 20
726.6824420999999
 10
4701.31850031
 20
713.6824420999999
 10
4711.318500309999
 20
713.6824420999999
 10
4711.318500309999
 20
699.6824420999999
 10
4721.31850031
 20
699.6824420999999
 10
4721.31850031
 20
683.6824420999999
 10
4731.318500309999
 20
683.6824420999999
 10
4731.318500309999
 20
661.6824420999998
 10
4763.318500309999
 20
661.6824420999998
 42
0.4142135622312229
 10
4766.318500309999
 20
664.6824420999998
  0
MTEXT
  5
F1
330
1F
100
AcDbEntity
  8
Texto
 62
     2
100
AcDbMText
 10
4740.496596122908
 20
667.8688593594797
 30
0.0
 40
10.0
 41
109.7380975891656
 71
     1
 72
     5
  1
MN-24113-15
 11
0.0000000000000001
 21
1.0
 31
0.0
 73
     1
 44
1.0
1001
ACAD
1000
MTEXTBEGIN
1070
    73
1070
     1
1070
    44
1040
1.0
1070
    74
1070
     0
1000
MTEXTEND
  0
LWPOLYLINE
  5
F2
330
1F
100
AcDbEntity
  8
MN-24106-15
 62
     2
100
AcDbPolyline
 90
       15
 70
     1
 43
0.0
 10
2643.043005845416
 20
531.1918511730149
 10
2650.363513921057
 20
503.8713430973142
 10
2738.698105106981
 20
452.87134309716
 42
0.4142135541212943
 10
2742.796181318327
 20
453.9694193085116
 10
2755.296181318364
 20
475.6200544031
 10
2737.975673242701
 20
485.6200544031248
 10
2745.975673242726
 20
499.4764608636618
 10
2728.655165167046
 20
509.4764608636976
 10
2738.155165167074
 20
525.9309435355852
 10
2712.174403053577
 20
540.9309435356251
 10
2724.174403053613
 20
561.7155532264312
 10
2706.853894977942
 20
571.7155532264617
 10
2724.853894977996
 20
602.8924677626691
 10
2697.141082056921
 20
618.8924677627176
 42
0.4142135658159308
 10
2693.043005845566
 20
617.7943915513715
  0
MTEXT
  5
F3
330
1F
100
AcDbEntity
  8
Texto
 62
     2
100
AcDbMText
 10
2712.950848928785
 20
601.8517397910252
 30
0.0
 40
7.0
 41
89.83840108928418
 71
     1
 72
     5
  1
MN-24106-15 pos.1
 11
-0.5000000000017173
 21
-0.8660254037834471
 31
0.0
 73
     1
 44
1.0
1001
ACAD
1000
MTEXTBEGIN
1070
    73
1070
     1
1070
    44
1040
1.0
1070
    74
1070
     0
1000
MTEXTEND
  0
LWPOLYLINE
  5
F4
330
1F
100
AcDbEntity
  8
13969717
 62
     2
100
AcDbPolyline
 90
       11
 70
     1
 43
0.0
 10
4900.05081931
 20
455.9817590999998
 10
4861.520200042336
 20
455.9817590999998
 10
4861.520200042336
 20
542.9817590999997
 42
0.4142135671232583
 10
4858.520200042335
 20
545.9817590999997
 10
4793.020200042336
 20
545.9817590999997
 42
0.4142135630346618
 10
4790.020200042333
 20
542.9817590999997
 10
4790.020200042306
 20
360.4817590999999
 42
0.4142135701850579
 10
4793.020200042305
 20
357.4817590999999
 10
4918.169376011025
 20
357.4817590999999
 42
0.4720711056736027
 10
4921.113429574023
 20
361.0584293853215
 10
4902.994872872998
 20
453.5584293853215
 42
0.3586300109447844
  0
MTEXT
  5
F5
330
1F
100
AcDbEntity
  8
Texto
 62
     2
100
AcDbMText
 10
4823.647999022
 20
419.9068081870398
 30
0.0
 40
10.0
 41
75.61371484861773
 71
     1
 72
     5
  1
13969717\Ppos.6
 73
     1
 44
1.0
1001
ACAD
1000
MTEXTBEGIN
1070
    73
1070
     1
1070
    44
1040
1.0
1070
    74
1070
     0
1000
MTEXTEND
  0
LWPOLYLINE
  5
F6
330
1F
100
AcDbEntity
  8
MN-24112-13
 62
   231
100
AcDbPolyline
 90
       24
 70
     1
 43
0.0
 10
5083.561000309999
 20
36.81481210000001
 42
0.414213559313197
 10
5086.561000309999
 20
39.8148121
 10
5086.561000309999
 20
66.8148121
 10
5103.561000309999
 20
66.8148121
 42
0.414213560523878
 10
5106.561000309999
 20
69.8148121
 10
5106.561000309999
 20
193.8148121
 42
0.4142135633252516
 10
5103.561000309999
 20
196.8148121000008
 10
5079.56100031
 20
196.8148121000008
 10
5079.56100031
 20
176.8148120999999
 10
5065.561000309999
 20
176.8148120999999
 10
5065.561000309999
 20
156.8148120999999
 10
5049.561000309999
 20
156.8148120999999
 10
5049.561000309999
 20
126.8148121
 10
5027.561000309999
 20
126.8148121
 10
5027.561000309999
 20
116.8148120999999
 10
5014.561000309999
 20
116.8148120999999
 10
5014.561000309999
 20
106.8148121000008
 10
5000.56100031
 20
106.8148121000008
 10
5000.56100031
 20
96.81481209999999
 10
4984.561000309999
 20
96.81481209999999
 10
4984.561000309999
 20
86.81481210000091
 10
4962.56100031
 20
86.81481210000091
 10
4962.56100031
 20
39.81481209999999
 42
0.4142135766280714
 10
4965.56100031
 20
36.81481209999999
  0
MTEXT
  5
F7
330
1F
100
AcDbEntity
  8
Texto
 62
   231
100
AcDbMText
 10
5099.220676699772
 20
79.1862502682521
 30
0.0
 40
10.0
 41
98.07862972757265
 71
     3
 72
     5
  1
MN-24113-13 pos.1
 11
-0.0000000000000002
 21
-1.0
 31
0.0
 73
     1
 44
1.0
1001
ACAD
1000
MTEXTBEGIN
1070
    73
1070
     1
1070
    44
1040
1.0
1070
    74
1070
     0
1000
MTEXTEND
  0
LWPOLYLINE
  5
F8
330
1F
100
AcDbEntity
  8
MN-24106-15
 62
     2
100
AcDbPolyline
 90
       15
 70
     1
 43
0.0
 10
2643.043005845416
 20
220.5451011730151
 10
2650.363513921057
 20
193.2245930973135
 10
2738.69810510698
 20
142.2245930971593
 42
0.4142135527376977
 10
2742.796181318326
 20
143.3226693085109
 10
2755.296181318364
 20
164.9733044031001
 10
2737.975673242701
 20
174.9733044031249
 10
2745.975673242726
 20
188.8297108636619
 10
2728.655165167046
 20
198.8297108636976
 10
2738.155165167074
 20
215.2841935355854
 10
2712.174403053577
 20
230.2841935356253
 10
2724.174403053613
 20
251.0688032264308
 10
2706.853894977941
 20
261.0688032264611
 10
2724.853894977997
 20
292.2457177626703
 10
2697.141082056923
 20
308.2457177627186
 42
0.4142135673072378
 10
2693.043005845567
 20
307.1476415513725
  0
MTEXT
  5
F9
330
1F
100
AcDbEntity
  8
Texto
 62
     2
100
AcDbMText
 10
2712.950848928785
 20
291.2049897910253
 30
0.0
 40
7.0
 41
89.83840108928418
 71
     1
 72
     5
  1
MN-24106-15 pos.1
 11
-0.5000000000017665
 21
-0.8660254037834187
 31
0.0
 73
     1
 44
1.0
1001
ACAD
1000
MTEXTBEGIN
1070
    73
1070
     1
1070
    44
1040
1.0
1070
    74
1070
     0
1000
MTEXTEND
  0
LWPOLYLINE
  5
FA
330
1F
100
AcDbEntity
  8
MN-24106-15
 62
     2
100
AcDbPolyline
 90
       15
 70
     1
 43
0.0
 10
4663.043005845415
 20
100.0141621730152
 10
4670.363513921055
 20
72.69365409731365
 10
4758.698105106979
 20
21.69365409715947
 42
0.4142135534318817
 10
4762.796181318328
 20
22.79173030851109
 10
4775.296181318364
 20
44.44236540310025
 10
4757.9756732427
 20
54.44236540312502
 10
4765.975673242726
 20
68.29877186366204
 10
4748.655165167045
 20
78.29877186369774
 10
4758.155165167074
 20
94.7532545355855
 10
4732.174403053577
 20
109.7532545356254
 10
4744.174403053612
 20
130.5378642264309
 10
4726.853894977941
 20
140.5378642264612
 10
4744.853894977995
 20
171.7147787626696
 10
4717.141082056921
 20
187.714778762718
 42
0.4142135670856354
 10
4713.043005845566
 20
186.6167025513725
  0
MTEXT
  5
FB
330
1F
100
AcDbEntity
  8
Texto
 62
     2
100
AcDbMText
 10
4732.950848928786
 20
170.6740507910255
 30
0.0
 40
7.0
 41
89.83840108928418
 71
     1
 72
     5
  1
MN-24106-15 pos.1
 11
-0.5000000000017419
 21
-0.8660254037834331
 31
0.0
 73
     1
 44
1.0
1001
ACAD
1000
MTEXTBEGIN
1070
    73
1070
     1
1070
    44
1040
1.0
1070
    74
1070
     0
1000
MTEXTEND
  0
LWPOLYLINE
  5
FC
330
1F
100
AcDbEntity
  8
MN-24106-15
 62
     2
100
AcDbPolyline
 90
       15
 70
     1
 43
0.0
 10
4760.245581318471
 20
420.0410206870297
 10
4752.925073242781
 20
447.3615287627177
 10
4664.590482056769
 20
498.3615287627177
 42
0.4142135542941193
 10
4660.492405845415
 20
497.2634525513643
 10
4647.992405845417
 20
475.6128174567542
 10
4665.312913921105
 20
465.6128174567543
 10
4657.312913921106
 20
451.7564109962031
 10
4674.633421996793
 20
441.7564109962031
 10
4665.133421996793
 20
425.3019283242988
 10
4691.114184110326
 20
410.3019283242988
 10
4679.114184110324
 20
389.5173186334716
 10
4696.434692186014
 20
379.5173186334716
 10
4678.434692186015
 20
348.3404040972326
 10
4706.147505107117
 20
332.3404040972326
 42
0.4142135672199369
 10
4710.245581318472
 20
333.4384803085859
  0
MTEXT
  5
FD
330
1F
100
AcDbEntity
  8
Texto
 62
     2
100
AcDbMText
 10
4690.337738235225
 20
349.3811320688958
 30
0.0
 40
7.0
 41
89.83840108928418
 71
     1
 72
     5
  1
MN-24106-15 pos.1
 11
0.5000000000000082
 21
0.8660254037844339
 31
0.0
 73
     1
 44
1.0
1001
ACAD
1000
MTEXTBEGIN
1070
    73
1070
     1
1070
    44
1040
1.0
1070
    74
1070
     0
1000
MTEXTEND
  0
LWPOLYLINE
  5
FE
330
1F
100
AcDbEntity
  8
Stats
 62
   151
100
AcDbPolyline
 90
        5
 70
     1
 43
0.0
 10
2625.00000021
 20
-25.0
 10
2875.00000021
 20
-25.0
 10
2875.00000021
 20
-105.0
 10
2625.00000021
 20
-105.0
 10
2625.00000021
 20
-25.0
  0
TEXT
  5
FF
330
1F
100
AcDbEntity
  8
Stats
 62
    60
100
AcDbText
 10
2627.00000021
 20
-37.0
 30
0.0
 40
10.0
  1
Production Qty: 1
100
AcDbText
  0
TEXT
  5
100
330
1F
100
AcDbEntity
  8
Stats
 62
    60
100
AcDbText
 10
2627.00000021
 20
-49.0
 30
0.0
 40
10.0
  1
Sheet 2 (2500,00 x 1860,00)
100
AcDbText
  0
TEXT
  5
101
330
1F
100
AcDbEntity
  8
Stats
 62
    60
100
AcDbText
 10
2627.00000021
 20
-61.0
 30
0.0
 40
10.0
  1
Parts Nested: 37
100
AcDbText
  0
TEXT
  5
102
330
1F
100
AcDbEntity
  8
Stats
 62
    60
100
AcDbText
 10
2627.00000021
 20
-73.0
 30
0.0
 40
10.0
  1
Util (Nest): 69,66%
100
AcDbText
  0
TEXT
  5
103
330
1F
100
AcDbEntity
  8
Stats
 62
    60
100
AcDbText
 10
2627.00000021
 20
-85.0
 30
0.0
 40
10.0
  1
Util (Sheet): 67,27%
100
AcDbText
  0
TEXT
  5
104
330
1F
100
AcDbEntity
  8
Stats
 62
    60
100
AcDbText
 10
2627.00000021
 20
-97.0
 30
0.0
 40
10.0
  1
Cut Distance: 62179,02mm
100
AcDbText
  0
LWPOLYLINE
  5
15D4
330
1F
100
AcDbEntity
  8
Rebaixo
 62
     3
100
AcDbPolyline
 90
        4
 70
     1
 43
0.0
 10
3180.519207128225
 20
1461.939015419067
 42
0.1882623085100962
 10
3020.519207128224
 20
1461.939015419067
 10
3020.519207128224
 20
1692.000000099875
 10
3180.519207128225
 20
1692.000000099875
  0
LINE
  5
15D5
330
1F
100
AcDbEntity
  8
Chanfro
 62
     3
100
AcDbLine
 10
2951.519207128225
 20
1458.211301105262
 30
0.0
 11
3026.519207128225
 21
1458.211301105262
 31
0.0
  0
LINE
  5
15D6
330
1F
100
AcDbEntity
  8
Chanfro
 62
     3
100
AcDbLine
 10
2951.519207128225
 20
1468.211301105262
 30
0.0
 11
3026.519207128225
 21
1468.211301105262
 31
0.0
  0
LINE
  5
15D7
330
1F
100
AcDbEntity
  8
Chanfro
 62
     3
100
AcDbLine
 10
2951.519207128225
 20
1478.211301105262
 30
0.0
 11
3026.519207128225
 21
1478.211301105262
 31
0.0
  0
LINE
  5
15D8
330
1F
100
AcDbEntity
  8
Chanfro
 62
     3
100
AcDbLine
 10
2951.519207128225
 20
1488.211301105262
 30
0.0
 11
3026.519207128225
 21
1488.211301105262
 31
0.0
  0
LINE
  5
15D9
330
1F
100
AcDbEntity
  8
Chanfro
 62
     3
100
AcDbLine
 10
2951.519207128225
 20
1498.211301105262
 30
0.0
 11
3026.519207128225
 21
1498.211301105262
 31
0.0
  0
LINE
  5
15DA
330
1F
100
AcDbEntity
  8
Chanfro
 62
     3
100
AcDbLine
 10
2951.519207128225
 20
1508.211301105262
 30
0.0
 11
3026.519207128225
 21
1508.211301105262
 31
0.0
  0
LINE
  5
15DB
330
1F
100
AcDbEntity
  8
Chanfro
 62
     3
100
AcDbLine
 10
2951.519207128225
 20
1518.211301105262
 30
0.0
 11
3026.519207128225
 21
1518.211301105262
 31
0.0
  0
LINE
  5
15DC
330
1F
100
AcDbEntity
  8
Chanfro
 62
     3
100
AcDbLine
 10
2951.519207128225
 20
1528.211301105262
 30
0.0
 11
3026.519207128225
 21
1528.211301105262
 31
0.0
  0
LINE
  5
15DD
330
1F
100
AcDbEntity
  8
Chanfro
 62
     3
100
AcDbLine
 10
2951.519207128225
 20
1538.211301105262
 30
0.0
 11
3026.519207128225
 21
1538.211301105262
 31
0.0
  0
LINE
  5
15DE
330
1F
100
AcDbEntity
  8
Chanfro
 62
     3
100
AcDbLine
 10
2951.519207128225
 20
1548.211301105262
 30
0.0
 11
3026.519207128225
 21
1548.211301105262
 31
0.0
  0
LINE
  5
15DF
330
1F
100
AcDbEntity
  8
Chanfro
 62
     3
100
AcDbLine
 10
2951.519207128225
 20
1558.211301105262
 30
0.0
 11
3026.519207128225
 21
1558.211301105262
 31
0.0
  0
LINE
  5
15E0
330
1F
100
AcDbEntity
  8
Chanfro
 62
     3
100
AcDbLine
 10
2951.519207128225
 20
1568.211301105262
 30
0.0
 11
3026.519207128225
 21
1568.211301105262
 31
0.0
  0
LINE
  5
15E1
330
1F
100
AcDbEntity
  8
Chanfro
 62
     3
100
AcDbLine
 10
2951.519207128225
 20
1578.211301105262
 30
0.0
 11
3026.519207128225
 21
1578.211301105262
 31
0.0
  0
LINE
  5
15E2
330
1F
100
AcDbEntity
  8
Chanfro
 62
     3
100
AcDbLine
 10
2951.519207128225
 20
1588.211301105262
 30
0.0
 11
3026.519207128225
 21
1588.211301105262
 31
0.0
  0
LINE
  5
15E3
330
1F
100
AcDbEntity
  8
Chanfro
 62
     3
100
AcDbLine
 10
2951.519207128225
 20
1598.211301105262
 30
0.0
 11
3026.519207128225
 21
1598.211301105262
 31
0.0
  0
LINE
  5
15E4
330
1F
100
AcDbEntity
  8
Chanfro
 62
     3
100
AcDbLine
 10
2951.519207128225
 20
1608.211301105262
 30
0.0
 11
3026.519207128225
 21
1608.211301105262
 31
0.0
  0
LINE
  5
15E5
330
1F
100
AcDbEntity
  8
Chanfro
 62
     3
100
AcDbLine
 10
2951.519207128225
 20
1618.211301105262
 30
0.0
 11
3026.519207128225
 21
1618.211301105262
 31
0.0
  0
LINE
  5
15E6
330
1F
100
AcDbEntity
  8
Chanfro
 62
     3
100
AcDbLine
 10
2951.519207128225
 20
1628.211301105262
 30
0.0
 11
3026.519207128225
 21
1628.211301105262
 31
0.0
  0
LINE
  5
15E7
330
1F
100
AcDbEntity
  8
Chanfro
 62
     3
100
AcDbLine
 10
2951.519207128225
 20
1638.211301105262
 30
0.0
 11
3026.519207128225
 21
1638.211301105262
 31
0.0
  0
LINE
  5
15E8
330
1F
100
AcDbEntity
  8
Chanfro
 62
     3
100
AcDbLine
 10
2951.519207128225
 20
1648.211301105262
 30
0.0
 11
3026.519207128225
 21
1648.211301105262
 31
0.0
  0
LINE
  5
15E9
330
1F
100
AcDbEntity
  8
Chanfro
 62
     3
100
AcDbLine
 10
2951.519207128225
 20
1658.211301105262
 30
0.0
 11
3026.519207128225
 21
1658.211301105262
 31
0.0
  0
LINE
  5
15EA
330
1F
100
AcDbEntity
  8
Chanfro
 62
     3
100
AcDbLine
 10
2951.519207128225
 20
1668.211301105262
 30
0.0
 11
3026.519207128225
 21
1668.211301105262
 31
0.0
  0
LINE
  5
15EB
330
1F
100
AcDbEntity
  8
Chanfro
 62
     3
100
AcDbLine
 10
2951.519207128225
 20
1676.000000099875
 30
0.0
 11
3026.519207128225
 21
1676.000000099875
 31
0.0
  0
MTEXT
  5
15EC
330
1F
100
AcDbEntity
  8
Rebaixo
 62
     3
100
AcDbMText
 10
3081.73160780677
 20
1538.872284624134
 30
0.0
 40
10.0
 41
107.8537160928099
 71
     1
 72
     5
  1
reb 45
 11
0.0000000000000003
 21
1.0
 31
0.0
 73
     1
 44
1.0
1001
ACAD
1000
ACAD_MTEXT_COLUMN_INFO_BEGIN
1070
    75
1070
     2
1070
    79
1070
     0
1070
    76
1070
     1
1070
    78
1070
     0
1070
    48
1040
107.8537160928099
1070
    49
1040
12.5
1070
    50
1070
     1
1040
0.0
1000
ACAD_MTEXT_COLUMN_INFO_END
1000
MTEXTBEGIN
1070
    73
1070
     1
1070
    44
1040
1.0
1070
    74
1070
     0
1000
MTEXTEND
  0
MTEXT
  5
15ED
330
1F
100
AcDbEntity
  8
Chanfro
 62
     3
100
AcDbMText
 10
2984.776962531631
 20
1538.379804042653
 30
0.0
 40
10.0
 41
90.61682319656393
 71
     1
 72
     5
  1
ch 0+45
 11
0.0000000000000003
 21
1.0
 31
0.0
 73
     1
 44
1.0
1001
ACAD
1000
ACAD_MTEXT_COLUMN_INFO_BEGIN
1070
    75
1070
     2
1070
    79
1070
     0
1070
    76
1070
     1
1070
    78
1070
     0
1070
    48
1040
90.61682319656393
1070
    49
1040
12.5
1070
    50
1070
     1
1040
0.0
1000
ACAD_MTEXT_COLUMN_INFO_END
1000
MTEXTBEGIN
1070
    73
1070
     1
1070
    44
1040
1.0
1070
    74
1070
     0
1000
MTEXTEND
  0
LINE
  5
15EE
330
1F
100
AcDbEntity
  8
Chanfro
 62
     3
100
AcDbLine
 10
3249.519207128225
 20
1458.211301105261
 30
0.0
 11
3174.519207128225
 21
1458.211301105262
 31
0.0
  0
LINE
  5
15EF
330
1F
100
AcDbEntity
  8
Chanfro
 62
     3
100
AcDbLine
 10
3249.519207128225
 20
1468.211301105261
 30
0.0
 11
3174.519207128225
 21
1468.211301105262
 31
0.0
  0
LINE
  5
15F0
330
1F
100
AcDbEntity
  8
Chanfro
 62
     3
100
AcDbLine
 10
3249.519207128225
 20
1478.211301105261
 30
0.0
 11
3174.519207128225
 21
1478.211301105262
 31
0.0
  0
LINE
  5
15F1
330
1F
100
AcDbEntity
  8
Chanfro
 62
     3
100
AcDbLine
 10
3249.519207128225
 20
1488.211301105261
 30
0.0
 11
3174.519207128225
 21
1488.211301105262
 31
0.0
  0
LINE
  5
15F2
330
1F
100
AcDbEntity
  8
Chanfro
 62
     3
100
AcDbLine
 10
3249.519207128225
 20
1498.21130110526
 30
0.0
 11
3174.519207128225
 21
1498.211301105262
 31
0.0
  0
LINE
  5
15F3
330
1F
100
AcDbEntity
  8
Chanfro
 62
     3
100
AcDbLine
 10
3249.519207128225
 20
1508.211301105261
 30
0.0
 11
3174.519207128225
 21
1508.211301105262
 31
0.0
  0
LINE
  5
15F4
330
1F
100
AcDbEntity
  8
Chanfro
 62
     3
100
AcDbLine
 10
3249.519207128225
 20
1518.21130110526
 30
0.0
 11
3174.519207128225
 21
1518.211301105262
 31
0.0
  0
LINE
  5
15F5
330
1F
100
AcDbEntity
  8
Chanfro
 62
     3
100
AcDbLine
 10
3249.519207128225
 20
1528.21130110526
 30
0.0
 11
3174.519207128225
 21
1528.211301105262
 31
0.0
  0
LINE
  5
15F6
330
1F
100
AcDbEntity
  8
Chanfro
 62
     3
100
AcDbLine
 10
3249.519207128225
 20
1538.21130110526
 30
0.0
 11
3174.519207128225
 21
1538.211301105262
 31
0.0
  0
LINE
  5
15F7
330
1F
100
AcDbEntity
  8
Chanfro
 62
     3
100
AcDbLine
 10
3249.519207128225
 20
1548.21130110526
 30
0.0
 11
3174.519207128225
 21
1548.211301105262
 31
0.0
  0
LINE
  5
15F8
330
1F
100
AcDbEntity
  8
Chanfro
 62
     3
100
AcDbLine
 10
3249.519207128225
 20
1558.21130110526
 30
0.0
 11
3174.519207128225
 21
1558.211301105262
 31
0.0
  0
LINE
  5
15F9
330
1F
100
AcDbEntity
  8
Chanfro
 62
     3
100
AcDbLine
 10
3249.519207128225
 20
1568.21130110526
 30
0.0
 11
3174.519207128225
 21
1568.211301105262
 31
0.0
  0
LINE
  5
15FA
330
1F
100
AcDbEntity
  8
Chanfro
 62
     3
100
AcDbLine
 10
3249.519207128225
 20
1578.211301105261
 30
0.0
 11
3174.519207128225
 21
1578.211301105262
 31
0.0
  0
LINE
  5
15FB
330
1F
100
AcDbEntity
  8
Chanfro
 62
     3
100
AcDbLine
 10
3249.519207128225
 20
1588.21130110526
 30
0.0
 11
3174.519207128225
 21
1588.211301105262
 31
0.0
  0
LINE
  5
15FC
330
1F
100
AcDbEntity
  8
Chanfro
 62
     3
100
AcDbLine
 10
3249.519207128225
 20
1598.21130110526
 30
0.0
 11
3174.519207128225
 21
1598.211301105262
 31
0.0
  0
LINE
  5
15FD
330
1F
100
AcDbEntity
  8
Chanfro
 62
     3
100
AcDbLine
 10
3249.519207128225
 20
1608.21130110526
 30
0.0
 11
3174.519207128225
 21
1608.211301105262
 31
0.0
  0
LINE
  5
15FE
330
1F
100
AcDbEntity
  8
Chanfro
 62
     3
100
AcDbLine
 10
3249.519207128225
 20
1618.211301105261
 30
0.0
 11
3174.519207128225
 21
1618.211301105262
 31
0.0
  0
LINE
  5
15FF
330
1F
100
AcDbEntity
  8
Chanfro
 62
     3
100
AcDbLine
 10
3249.519207128225
 20
1628.211301105261
 30
0.0
 11
3174.519207128225
 21
1628.211301105262
 31
0.0
  0
LINE
  5
1600
330
1F
100
AcDbEntity
  8
Chanfro
 62
     3
100
AcDbLine
 10
3249.519207128225
 20
1638.21130110526
 30
0.0
 11
3174.519207128225
 21
1638.211301105262
 31
0.0
  0
LINE
  5
1601
330
1F
100
AcDbEntity
  8
Chanfro
 62
     3
100
AcDbLine
 10
3249.519207128225
 20
1648.211301105261
 30
0.0
 11
3174.519207128225
 21
1648.211301105262
 31
0.0
  0
LINE
  5
1602
330
1F
100
AcDbEntity
  8
Chanfro
 62
     3
100
AcDbLine
 10
3249.519207128225
 20
1658.21130110526
 30
0.0
 11
3174.519207128225
 21
1658.211301105262
 31
0.0
  0
LINE
  5
1603
330
1F
100
AcDbEntity
  8
Chanfro
 62
     3
100
AcDbLine
 10
3249.519207128225
 20
1668.211301105261
 30
0.0
 11
3174.519207128225
 21
1668.211301105262
 31
0.0
  0
LINE
  5
1604
330
1F
100
AcDbEntity
  8
Chanfro
 62
     3
100
AcDbLine
 10
3249.519207128225
 20
1676.000000099873
 30
0.0
 11
3174.519207128225
 21
1676.000000099875
 31
0.0
  0
MTEXT
  5
1605
330
1F
100
AcDbEntity
  8
Chanfro
 62
     3
100
AcDbMText
 10
3216.261451724817
 20
1538.379804042653
 30
0.0
 40
10.0
 41
90.61682319656393
 71
     7
 72
     5
  1
ch 0+45
 11
0.0000000000000003
 21
1.0
 31
0.0
 73
     1
 44
1.0
1001
ACAD
1000
ACAD_MTEXT_COLUMN_INFO_BEGIN
1070
    75
1070
     2
1070
    79
1070
     0
1070
    76
1070
     1
1070
    78
1070
     0
1070
    48
1040
90.61682319656393
1070
    49
1040
12.5
1070
    50
1070
     1
1040
0.0
1000
ACAD_MTEXT_COLUMN_INFO_END
1000
MTEXTBEGIN
1070
    73
1070
     1
1070
    44
1040
1.0
1070
    74
1070
     0
1000
MTEXTEND
  0
LWPOLYLINE
  5
1796
330
1F
100
AcDbEntity
  8
Rebaixo
 62
     3
100
AcDbPolyline
 90
        4
 70
     1
 43
0.0
 10
3798.099861990806
 20
1167.786051864301
 42
-0.1882623085100962
 10
3798.099861990806
 20
1327.786051864301
 10
3568.038877309999
 20
1327.786051864301
 10
3568.038877309999
 20
1167.786051864301
  0
LINE
  5
1797
330
1F
100
AcDbEntity
  8
Chanfro
 62
     3
100
AcDbLine
 10
3801.827576304612
 20
1396.786051864301
 30
0.0
 11
3801.827576304612
 21
1321.786051864301
 31
0.0
  0
LINE
  5
1798
330
1F
100
AcDbEntity
  8
Chanfro
 62
     3
100
AcDbLine
 10
3791.827576304612
 20
1396.786051864301
 30
0.0
 11
3791.827576304612
 21
1321.786051864301
 31
0.0
  0
LINE
  5
1799
330
1F
100
AcDbEntity
  8
Chanfro
 62
     3
100
AcDbLine
 10
3781.827576304612
 20
1396.786051864301
 30
0.0
 11
3781.827576304612
 21
1321.786051864301
 31
0.0
  0
LINE
  5
179A
330
1F
100
AcDbEntity
  8
Chanfro
 62
     3
100
AcDbLine
 10
3771.827576304612
 20
1396.786051864301
 30
0.0
 11
3771.827576304612
 21
1321.786051864301
 31
0.0
  0
LINE
  5
179B
330
1F
100
AcDbEntity
  8
Chanfro
 62
     3
100
AcDbLine
 10
3761.827576304612
 20
1396.786051864301
 30
0.0
 11
3761.827576304612
 21
1321.786051864301
 31
0.0
  0
LINE
  5
179C
330
1F
100
AcDbEntity
  8
Chanfro
 62
     3
100
AcDbLine
 10
3751.827576304612
 20
1396.786051864301
 30
0.0
 11
3751.827576304612
 21
1321.786051864301
 31
0.0
  0
LINE
  5
179D
330
1F
100
AcDbEntity
  8
Chanfro
 62
     3
100
AcDbLine
 10
3741.827576304612
 20
1396.786051864301
 30
0.0
 11
3741.827576304612
 21
1321.786051864301
 31
0.0
  0
LINE
  5
179E
330
1F
100
AcDbEntity
  8
Chanfro
 62
     3
100
AcDbLine
 10
3731.827576304612
 20
1396.786051864301
 30
0.0
 11
3731.827576304612
 21
1321.786051864301
 31
0.0
  0
LINE
  5
179F
330
1F
100
AcDbEntity
  8
Chanfro
 62
     3
100
AcDbLine
 10
3721.827576304612
 20
1396.786051864301
 30
0.0
 11
3721.827576304612
 21
1321.786051864301
 31
0.0
  0
LINE
  5
17A0
330
1F
100
AcDbEntity
  8
Chanfro
 62
     3
100
AcDbLine
 10
3711.827576304612
 20
1396.786051864301
 30
0.0
 11
3711.827576304612
 21
1321.786051864301
 31
0.0
  0
LINE
  5
17A1
330
1F
100
AcDbEntity
  8
Chanfro
 62
     3
100
AcDbLine
 10
3701.827576304612
 20
1396.786051864301
 30
0.0
 11
3701.827576304612
 21
1321.786051864301
 31
0.0
  0
LINE
  5
17A2
330
1F
100
AcDbEntity
  8
Chanfro
 62
     3
100
AcDbLine
 10
3691.827576304612
 20
1396.786051864301
 30
0.0
 11
3691.827576304612
 21
1321.786051864301
 31
0.0
  0
LINE
  5
17A3
330
1F
100
AcDbEntity
  8
Chanfro
 62
     3
100
AcDbLine
 10
3681.827576304612
 20
1396.786051864301
 30
0.0
 11
3681.827576304612
 21
1321.786051864301
 31
0.0
  0
LINE
  5
17A4
330
1F
100
AcDbEntity
  8
Chanfro
 62
     3
100
AcDbLine
 10
3671.827576304611
 20
1396.786051864301
 30
0.0
 11
3671.827576304611
 21
1321.786051864301
 31
0.0
  0
LINE
  5
17A5
330
1F
100
AcDbEntity
  8
Chanfro
 62
     3
100
AcDbLine
 10
3661.827576304612
 20
1396.786051864301
 30
0.0
 11
3661.827576304612
 21
1321.786051864301
 31
0.0
  0
LINE
  5
17A6
330
1F
100
AcDbEntity
  8
Chanfro
 62
     3
100
AcDbLine
 10
3651.827576304612
 20
1396.786051864301
 30
0.0
 11
3651.827576304612
 21
1321.786051864301
 31
0.0
  0
LINE
  5
17A7
330
1F
100
AcDbEntity
  8
Chanfro
 62
     3
100
AcDbLine
 10
3641.827576304612
 20
1396.786051864301
 30
0.0
 11
3641.827576304612
 21
1321.786051864301
 31
0.0
  0
LINE
  5
17A8
330
1F
100
AcDbEntity
  8
Chanfro
 62
     3
100
AcDbLine
 10
3631.827576304612
 20
1396.786051864301
 30
0.0
 11
3631.827576304612
 21
1321.786051864301
 31
0.0
  0
LINE
  5
17A9
330
1F
100
AcDbEntity
  8
Chanfro
 62
     3
100
AcDbLine
 10
3621.827576304612
 20
1396.786051864301
 30
0.0
 11
3621.827576304612
 21
1321.786051864301
 31
0.0
  0
LINE
  5
17AA
330
1F
100
AcDbEntity
  8
Chanfro
 62
     3
100
AcDbLine
 10
3611.827576304612
 20
1396.786051864301
 30
0.0
 11
3611.827576304612
 21
1321.786051864301
 31
0.0
  0
LINE
  5
17AB
330
1F
100
AcDbEntity
  8
Chanfro
 62
     3
100
AcDbLine
 10
3601.827576304612
 20
1396.786051864301
 30
0.0
 11
3601.827576304612
 21
1321.786051864301
 31
0.0
  0
LINE
  5
17AC
330
1F
100
AcDbEntity
  8
Chanfro
 62
     3
100
AcDbLine
 10
3591.827576304612
 20
1396.786051864301
 30
0.0
 11
3591.827576304612
 21
1321.786051864301
 31
0.0
  0
LINE
  5
17AD
330
1F
100
AcDbEntity
  8
Chanfro
 62
     3
100
AcDbLine
 10
3584.038877309999
 20
1396.786051864301
 30
0.0
 11
3584.038877309999
 21
1321.786051864301
 31
0.0
  0
MTEXT
  5
17AE
330
1F
100
AcDbEntity
  8
Rebaixo
 62
     3
100
AcDbMText
 10
3721.16659278574
 20
1266.573651185756
 30
0.0
 40
10.0
 41
107.8537160928099
 71
     3
 72
     5
  1
reb 45
 73
     1
 44
1.0
1001
ACAD
1000
ACAD_MTEXT_COLUMN_INFO_BEGIN
1070
    75
1070
     2
1070
    79
1070
     0
1070
    76
1070
     1
1070
    78
1070
     0
1070
    48
1040
107.8537160928099
1070
    49
1040
12.5
1070
    50
1070
     1
1040
0.0
1000
ACAD_MTEXT_COLUMN_INFO_END
1000
MTEXTBEGIN
1070
    73
1070
     1
1070
    44
1040
1.0
1070
    74
1070
     0
1000
MTEXTEND
  0
LINE
  5
17AF
330
1F
100
AcDbEntity
  8
Chanfro
 62
     3
100
AcDbLine
 10
3801.827576304612
 20
1098.786051864301
 30
0.0
 11
3801.827576304612
 21
1173.786051864301
 31
0.0
  0
LINE
  5
17B0
330
1F
100
AcDbEntity
  8
Chanfro
 62
     3
100
AcDbLine
 10
3791.827576304612
 20
1098.786051864301
 30
0.0
 11
3791.827576304612
 21
1173.786051864301
 31
0.0
  0
LINE
  5
17B1
330
1F
100
AcDbEntity
  8
Chanfro
 62
     3
100
AcDbLine
 10
3781.827576304612
 20
1098.786051864301
 30
0.0
 11
3781.827576304612
 21
1173.786051864301
 31
0.0
  0
LINE
  5
17B2
330
1F
100
AcDbEntity
  8
Chanfro
 62
     3
100
AcDbLine
 10
3771.827576304612
 20
1098.786051864301
 30
0.0
 11
3771.827576304612
 21
1173.786051864301
 31
0.0
  0
LINE
  5
17B3
330
1F
100
AcDbEntity
  8
Chanfro
 62
     3
100
AcDbLine
 10
3761.827576304612
 20
1098.786051864301
 30
0.0
 11
3761.827576304612
 21
1173.786051864301
 31
0.0
  0
LINE
  5
17B4
330
1F
100
AcDbEntity
  8
Chanfro
 62
     3
100
AcDbLine
 10
3751.827576304612
 20
1098.786051864301
 30
0.0
 11
3751.827576304612
 21
1173.786051864301
 31
0.0
  0
LINE
  5
17B5
330
1F
100
AcDbEntity
  8
Chanfro
 62
     3
100
AcDbLine
 10
3741.827576304612
 20
1098.786051864301
 30
0.0
 11
3741.827576304612
 21
1173.786051864301
 31
0.0
  0
LINE
  5
17B6
330
1F
100
AcDbEntity
  8
Chanfro
 62
     3
100
AcDbLine
 10
3731.827576304612
 20
1098.786051864301
 30
0.0
 11
3731.827576304612
 21
1173.786051864301
 31
0.0
  0
LINE
  5
17B7
330
1F
100
AcDbEntity
  8
Chanfro
 62
     3
100
AcDbLine
 10
3721.827576304612
 20
1098.786051864301
 30
0.0
 11
3721.827576304612
 21
1173.786051864301
 31
0.0
  0
LINE
  5
17B8
330
1F
100
AcDbEntity
  8
Chanfro
 62
     3
100
AcDbLine
 10
3711.827576304612
 20
1098.786051864301
 30
0.0
 11
3711.827576304612
 21
1173.786051864301
 31
0.0
  0
LINE
  5
17B9
330
1F
100
AcDbEntity
  8
Chanfro
 62
     3
100
AcDbLine
 10
3701.827576304612
 20
1098.786051864301
 30
0.0
 11
3701.827576304612
 21
1173.786051864301
 31
0.0
  0
LINE
  5
17BA
330
1F
100
AcDbEntity
  8
Chanfro
 62
     3
100
AcDbLine
 10
3691.827576304612
 20
1098.786051864301
 30
0.0
 11
3691.827576304612
 21
1173.786051864301
 31
0.0
  0
LINE
  5
17BB
330
1F
100
AcDbEntity
  8
Chanfro
 62
     3
100
AcDbLine
 10
3681.827576304612
 20
1098.786051864301
 30
0.0
 11
3681.827576304612
 21
1173.786051864301
 31
0.0
  0
LINE
  5
17BC
330
1F
100
AcDbEntity
  8
Chanfro
 62
     3
100
AcDbLine
 10
3671.827576304611
 20
1098.786051864301
 30
0.0
 11
3671.827576304611
 21
1173.786051864301
 31
0.0
  0
LINE
  5
17BD
330
1F
100
AcDbEntity
  8
Chanfro
 62
     3
100
AcDbLine
 10
3661.827576304612
 20
1098.786051864301
 30
0.0
 11
3661.827576304612
 21
1173.786051864301
 31
0.0
  0
LINE
  5
17BE
330
1F
100
AcDbEntity
  8
Chanfro
 62
     3
100
AcDbLine
 10
3651.827576304612
 20
1098.786051864301
 30
0.0
 11
3651.827576304612
 21
1173.786051864301
 31
0.0
  0
LINE
  5
17BF
330
1F
100
AcDbEntity
  8
Chanfro
 62
     3
100
AcDbLine
 10
3641.827576304612
 20
1098.786051864301
 30
0.0
 11
3641.827576304612
 21
1173.786051864301
 31
0.0
  0
LINE
  5
17C0
330
1F
100
AcDbEntity
  8
Chanfro
 62
     3
100
AcDbLine
 10
3631.827576304612
 20
1098.786051864301
 30
0.0
 11
3631.827576304612
 21
1173.786051864301
 31
0.0
  0
LINE
  5
17C1
330
1F
100
AcDbEntity
  8
Chanfro
 62
     3
100
AcDbLine
 10
3621.827576304612
 20
1098.786051864301
 30
0.0
 11
3621.827576304612
 21
1173.786051864301
 31
0.0
  0
LINE
  5
17C2
330
1F
100
AcDbEntity
  8
Chanfro
 62
     3
100
AcDbLine
 10
3611.827576304612
 20
1098.786051864301
 30
0.0
 11
3611.827576304612
 21
1173.786051864301
 31
0.0
  0
LINE
  5
17C3
330
1F
100
AcDbEntity
  8
Chanfro
 62
     3
100
AcDbLine
 10
3601.827576304612
 20
1098.786051864301
 30
0.0
 11
3601.827576304612
 21
1173.786051864301
 31
0.0
  0
LINE
  5
17C4
330
1F
100
AcDbEntity
  8
Chanfro
 62
     3
100
AcDbLine
 10
3591.827576304612
 20
1098.786051864301
 30
0.0
 11
3591.827576304612
 21
1173.786051864301
 31
0.0
  0
LINE
  5
17C5
330
1F
100
AcDbEntity
  8
Chanfro
 62
     3
100
AcDbLine
 10
3584.038877309999
 20
1098.786051864301
 30
0.0
 11
3584.038877309999
 21
1173.786051864301
 31
0.0
  0
MTEXT
  5
17C6
330
1F
100
AcDbEntity
  8
Chanfro
 62
     3
100
AcDbMText
 10
3665.874395119027
 20
1363.528296460894
 30
0.0
 40
10.0
 41
90.61682319656393
 71
     1
 72
     5
  1
ch 0+45
 73
     1
 44
1.0
1001
ACAD
1000
ACAD_MTEXT_COLUMN_INFO_BEGIN
1070
    75
1070
     2
1070
    79
1070
     0
1070
    76
1070
     1
1070
    78
1070
     0
1070
    48
1040
90.61682319656393
1070
    49
1040
12.5
1070
    50
1070
     1
1040
0.0
1000
ACAD_MTEXT_COLUMN_INFO_END
1000
MTEXTBEGIN
1070
    73
1070
     1
1070
    44
1040
1.0
1070
    74
1070
     0
1000
MTEXTEND
  0
MTEXT
  5
17C7
330
1F
100
AcDbEntity
  8
Chanfro
 62
     3
100
AcDbMText
 10
3665.874395119027
 20
1132.043807267708
 30
0.0
 40
10.0
 41
90.61682319656393
 71
     7
 72
     5
  1
ch 0+45
 73
     1
 44
1.0
1001
ACAD
1000
ACAD_MTEXT_COLUMN_INFO_BEGIN
1070
    75
1070
     2
1070
    79
1070
     0
1070
    76
1070
     1
1070
    78
1070
     0
1070
    48
1040
90.61682319656393
1070
    49
1040
12.5
1070
    50
1070
     1
1040
0.0
1000
ACAD_MTEXT_COLUMN_INFO_END
1000
MTEXTBEGIN
1070
    73
1070
     1
1070
    44
1040
1.0
1070
    74
1070
     0
1000
MTEXTEND
  0
LWPOLYLINE
  5
17DA
330
1F
100
AcDbEntity
  8
Rebaixo
 62
     7
100
AcDbPolyline
 90
        5
 70
     1
 43
0.0
 10
4067.84760031
 20
1261.946950099999
 10
4102.84760031
 20
1261.946950099999
 10
4102.84760031
 20
1434.127289986806
 10
4087.208280084982
 20
1441.946950099999
 10
4067.84760031
 20
1441.946950099999
  0
LWPOLYLINE
  5
17DB
330
1F
100
AcDbEntity
  8
Rebaixo
 62
     7
100
AcDbPolyline
 90
        5
 70
     0
 43
0.0
 10
4047.84760031
 20
1271.946950099999
 10
4047.84760031
 20
1441.946950099999
 10
4012.84760031
 20
1441.946950099999
 10
4012.84760031
 20
1271.946950099999
 10
4048.19848966931
 20
1271.946950099999
  0
LWPOLYLINE
  5
17DC
330
1F
100
AcDbEntity
  8
Rebaixo
 62
     7
100
AcDbPolyline
 90
        5
 70
     0
 43
0.0
 10
3957.496710950662
 20
1271.946950099999
 10
3992.84760031
 20
1271.946950099999
 10
3992.84760031
 20
1441.946950099999
 10
3957.847600310001
 20
1441.946950099999
 10
3957.847600310001
 20
1271.946950099999
  0
LWPOLYLINE
  5
17DD
330
1F
100
AcDbEntity
  8
Rebaixo
 62
     7
100
AcDbPolyline
 90
        5
 70
     1
 43
0.0
 10
3937.84760031
 20
1441.946950099999
 10
3918.48692053499
 20
1441.946950099999
 10
3902.84760031
 20
1434.127289986806
 10
3902.84760031
 20
1261.946950099999
 10
3937.84760031
 20
1261.946950099999
  0
MTEXT
  5
17DE
330
1F
100
AcDbEntity
  8
Texto
 62
     7
100
AcDbMText
 10
3945.934159413133
 20
1294.743820294375
 30
0.0
 40
10.0
 41
178.1660832890338
 71
     1
 72
     5
  1
12714500 pos.11
 73
     1
 44
1.0
1001
ACAD
1000
ACAD_MTEXT_COLUMN_INFO_BEGIN
1070
    75
1070
     2
1070
    79
1070
     0
1070
    76
1070
     1
1070
    78
1070
     0
1070
    48
1040
178.1660832890338
1070
    49
1040
12.5
1070
    50
1070
     1
1040
0.0
1000
ACAD_MTEXT_COLUMN_INFO_END
1000
MTEXTBEGIN
1070
    73
1070
     1
1070
    44
1040
1.0
1070
    74
1070
     0
1000
MTEXTEND
  0
MTEXT
  5
17DF
330
1F
100
AcDbEntity
  8
Rebaixo
 62
     7
100
AcDbMText
 10
3916.19605714683
 20
1331.767126227366
 30
0.0
 40
10.0
 41
70.20947027437888
 71
     1
 72
     5
  1
reb 25
 11
0.0000000000000001
 21
1.0
 31
0.0
 73
     1
 44
1.0
1001
ACAD
1000
ACAD_MTEXT_COLUMN_INFO_BEGIN
1070
    75
1070
     2
1070
    79
1070
     0
1070
    76
1070
     1
1070
    78
1070
     0
1070
    48
1040
70.20947027437888
1070
    49
1040
12.5
1070
    50
1070
     1
1040
0.0
1000
ACAD_MTEXT_COLUMN_INFO_END
1000
MTEXTBEGIN
1070
    73
1070
     1
1070
    44
1040
1.0
1070
    74
1070
     0
1000
MTEXTEND
  0
MTEXT
  5
17E0
330
1F
100
AcDbEntity
  8
Rebaixo
 62
     7
100
AcDbMText
 10
4081.560114814354
 20
1338.601808306398
 30
0.0
 40
10.0
 41
70.20947027437888
 71
     1
 72
     5
  1
reb 25
 11
0.0000000000000001
 21
1.0
 31
0.0
 73
     1
 44
1.0
1001
ACAD
1000
ACAD_MTEXT_COLUMN_INFO_BEGIN
1070
    75
1070
     2
1070
    79
1070
     0
1070
    76
1070
     1
1070
    78
1070
     0
1070
    48
1040
70.20947027437888
1070
    49
1040
12.5
1070
    50
1070
     1
1040
0.0
1000
ACAD_MTEXT_COLUMN_INFO_END
1000
MTEXTBEGIN
1070
    73
1070
     1
1070
    44
1040
1.0
1070
    74
1070
     0
1000
MTEXTEND
  0
MTEXT
  5
17E1
330
1F
100
AcDbEntity
  8
Rebaixo
 62
     7
100
AcDbMText
 10
4024.076062449727
 20
1344.684074070873
 30
0.0
 40
10.0
 41
70.20947027437888
 71
     1
 72
     5
  1
reb 25
 11
0.0000000000000001
 21
1.0
 31
0.0
 73
     1
 44
1.0
1001
ACAD
1000
ACAD_MTEXT_COLUMN_INFO_BEGIN
1070
    75
1070
     2
1070
    79
1070
     0
1070
    76
1070
     1
1070
    78
1070
     0
1070
    48
1040
70.20947027437888
1070
    49
1040
12.5
1070
    50
1070
     1
1040
0.0
1000
ACAD_MTEXT_COLUMN_INFO_END
1000
MTEXTBEGIN
1070
    73
1070
     1
1070
    44
1040
1.0
1070
    74
1070
     0
1000
MTEXTEND
  0
MTEXT
  5
17E2
330
1F
100
AcDbEntity
  8
Rebaixo
 62
     7
100
AcDbMText
 10
3968.95899014717
 20
1348.401014260585
 30
0.0
 40
10.0
 41
70.20947027437888
 71
     1
 72
     5
  1
reb 25
 11
0.0000000000000001
 21
1.0
 31
0.0
 73
     1
 44
1.0
1001
ACAD
1000
ACAD_MTEXT_COLUMN_INFO_BEGIN
1070
    75
1070
     2
1070
    79
1070
     0
1070
    76
1070
     1
1070
    78
1070
     0
1070
    48
1040
70.20947027437888
1070
    49
1040
12.5
1070
    50
1070
     1
1040
0.0
1000
ACAD_MTEXT_COLUMN_INFO_END
1000
MTEXTBEGIN
1070
    73
1070
     1
1070
    44
1040
1.0
1070
    74
1070
     0
1000
MTEXTEND
  0
LWPOLYLINE
  5
17E3
330
1F
100
AcDbEntity
  8
Rebaixo
 62
     7
100
AcDbPolyline
 90
        5
 70
     1
 43
0.0
 10
3165.265700309999
 20
1271.1420791
 10
3200.26570031
 20
1271.1420791
 10
3200.26570031
 20
1443.322418986807
 10
3184.626380084981
 20
1451.1420791
 10
3165.265700309999
 20
1451.1420791
  0
LWPOLYLINE
  5
17E4
330
1F
100
AcDbEntity
  8
Rebaixo
 62
     7
100
AcDbPolyline
 90
        5
 70
     0
 43
0.0
 10
3145.265700309999
 20
1281.1420791
 10
3145.265700309999
 20
1451.1420791
 10
3110.26570031
 20
1451.1420791
 10
3110.26570031
 20
1281.1420791
 10
3145.616589669309
 20
1281.1420791
  0
LWPOLYLINE
  5
17E5
330
1F
100
AcDbEntity
  8
Rebaixo
 62
     7
100
AcDbPolyline
 90
        5
 70
     0
 43
0.0
 10
3054.91481095066
 20
1281.1420791
 10
3090.265700309999
 20
1281.1420791
 10
3090.265700309999
 20
1451.1420791
 10
3055.26570031
 20
1451.1420791
 10
3055.26570031
 20
1281.1420791
  0
LWPOLYLINE
  5
17E6
330
1F
100
AcDbEntity
  8
Rebaixo
 62
     7
100
AcDbPolyline
 90
        5
 70
     1
 43
0.0
 10
3035.26570031
 20
1451.1420791
 10
3015.905020534989
 20
1451.1420791
 10
3000.265700309999
 20
1443.322418986807
 10
3000.265700309999
 20
1271.1420791
 10
3035.26570031
 20
1271.1420791
  0
MTEXT
  5
17E7
330
1F
100
AcDbEntity
  8
Texto
 62
     7
100
AcDbMText
 10
3043.352259413132
 20
1303.938949294375
 30
0.0
 40
10.0
 41
178.1660832890338
 71
     1
 72
     5
  1
12714500 pos.11
 73
     1
 44
1.0
1001
ACAD
1000
ACAD_MTEXT_COLUMN_INFO_BEGIN
1070
    75
1070
     2
1070
    79
1070
     0
1070
    76
1070
     1
1070
    78
1070
     0
1070
    48
1040
178.1660832890338
1070
    49
1040
12.5
1070
    50
1070
     1
1040
0.0
1000
ACAD_MTEXT_COLUMN_INFO_END
1000
MTEXTBEGIN
1070
    73
1070
     1
1070
    44
1040
1.0
1070
    74
1070
     0
1000
MTEXTEND
  0
MTEXT
  5
17E8
330
1F
100
AcDbEntity
  8
Rebaixo
 62
     7
100
AcDbMText
 10
3013.614157146829
 20
1340.962255227367
 30
0.0
 40
10.0
 41
70.20947027437888
 71
     1
 72
     5
  1
reb 25
 11
0.0000000000000001
 21
1.0
 31
0.0
 73
     1
 44
1.0
1001
ACAD
1000
ACAD_MTEXT_COLUMN_INFO_BEGIN
1070
    75
1070
     2
1070
    79
1070
     0
1070
    76
1070
     1
1070
    78
1070
     0
1070
    48
1040
70.20947027437888
1070
    49
1040
12.5
1070
    50
1070
     1
1040
0.0
1000
ACAD_MTEXT_COLUMN_INFO_END
1000
MTEXTBEGIN
1070
    73
1070
     1
1070
    44
1040
1.0
1070
    74
1070
     0
1000
MTEXTEND
  0
MTEXT
  5
17E9
330
1F
100
AcDbEntity
  8
Rebaixo
 62
     7
100
AcDbMText
 10
3178.978214814354
 20
1347.796937306399
 30
0.0
 40
10.0
 41
70.20947027437888
 71
     1
 72
     5
  1
reb 25
 11
0.0000000000000001
 21
1.0
 31
0.0
 73
     1
 44
1.0
1001
ACAD
1000
ACAD_MTEXT_COLUMN_INFO_BEGIN
1070
    75
1070
     2
1070
    79
1070
     0
1070
    76
1070
     1
1070
    78
1070
     0
1070
    48
1040
70.20947027437888
1070
    49
1040
12.5
1070
    50
1070
     1
1040
0.0
1000
ACAD_MTEXT_COLUMN_INFO_END
1000
MTEXTBEGIN
1070
    73
1070
     1
1070
    44
1040
1.0
1070
    74
1070
     0
1000
MTEXTEND
  0
MTEXT
  5
17EA
330
1F
100
AcDbEntity
  8
Rebaixo
 62
     7
100
AcDbMText
 10
3121.494162449726
 20
1353.879203070874
 30
0.0
 40
10.0
 41
70.20947027437888
 71
     1
 72
     5
  1
reb 25
 11
0.0000000000000001
 21
1.0
 31
0.0
 73
     1
 44
1.0
1001
ACAD
1000
ACAD_MTEXT_COLUMN_INFO_BEGIN
1070
    75
1070
     2
1070
    79
1070
     0
1070
    76
1070
     1
1070
    78
1070
     0
1070
    48
1040
70.20947027437888
1070
    49
1040
12.5
1070
    50
1070
     1
1040
0.0
1000
ACAD_MTEXT_COLUMN_INFO_END
1000
MTEXTBEGIN
1070
    73
1070
     1
1070
    44
1040
1.0
1070
    74
1070
     0
1000
MTEXTEND
  0
MTEXT
  5
17EB
330
1F
100
AcDbEntity
  8
Rebaixo
 62
     7
100
AcDbMText
 10
3066.377090147169
 20
1357.596143260585
 30
0.0
 40
10.0
 41
70.20947027437888
 71
     1
 72
     5
  1
reb 25
 11
0.0000000000000001
 21
1.0
 31
0.0
 73
     1
 44
1.0
1001
ACAD
1000
ACAD_MTEXT_COLUMN_INFO_BEGIN
1070
    75
1070
     2
1070
    79
1070
     0
1070
    76
1070
     1
1070
    78
1070
     0
1070
    48
1040
70.20947027437888
1070
    49
1040
12.5
1070
    50
1070
     1
1040
0.0
1000
ACAD_MTEXT_COLUMN_INFO_END
1000
MTEXTBEGIN
1070
    73
1070
     1
1070
    44
1040
1.0
1070
    74
1070
     0
1000
MTEXTEND
  0
LWPOLYLINE
  5
1805
330
1F
100
AcDbEntity
  8
Rebaixo
 62
     7
100
AcDbPolyline
 90
        5
 70
     1
 43
0.0
 10
4043.027800310001
 20
1261.7711751
 10
4078.027800310001
 20
1261.7711751
 10
4078.027800310001
 20
1089.590835213193
 10
4062.388480085012
 20
1081.7711751
 10
4043.027800310001
 20
1081.7711751
  0
LWPOLYLINE
  5
1806
330
1F
100
AcDbEntity
  8
Rebaixo
 62
     7
100
AcDbPolyline
 90
        5
 70
     0
 43
0.0
 10
4023.027800310001
 20
1251.7711751
 10
4023.027800310001
 20
1081.7711751
 10
3988.027800310001
 20
1081.7711751
 10
3988.027800310001
 20
1251.7711751
 10
4023.37868966934
 20
1251.7711751
  0
LWPOLYLINE
  5
1807
330
1F
100
AcDbEntity
  8
Rebaixo
 62
     7
100
AcDbPolyline
 90
        5
 70
     0
 43
0.0
 10
3932.676910950691
 20
1251.7711751
 10
3968.027800310002
 20
1251.7711751
 10
3968.027800310002
 20
1081.7711751
 10
3933.027800310001
 20
1081.7711751
 10
3933.027800310001
 20
1251.7711751
  0
LWPOLYLINE
  5
1808
330
1F
100
AcDbEntity
  8
Rebaixo
 62
     7
100
AcDbPolyline
 90
        5
 70
     1
 43
0.0
 10
3913.027800310001
 20
1081.7711751
 10
3893.667120535019
 20
1081.7711751
 10
3878.027800310002
 20
1089.590835213193
 10
3878.027800310002
 20
1261.7711751
 10
3913.027800310001
 20
1261.7711751
  0
MTEXT
  5
1809
330
1F
100
AcDbEntity
  8
Rebaixo
 62
     7
100
AcDbMText
 10
3891.376257146859
 20
1191.950998972633
 30
0.0
 40
10.0
 41
70.20947027437888
 71
     7
 72
     5
  1
reb 25
 11
-0.0000000000000001
 21
-1.0
 31
0.0
 73
     1
 44
1.0
1001
ACAD
1000
ACAD_MTEXT_COLUMN_INFO_BEGIN
1070
    75
1070
     2
1070
    79
1070
     0
1070
    76
1070
     1
1070
    78
1070
     0
1070
    48
1040
70.20947027437888
1070
    49
1040
12.5
1070
    50
1070
     1
1040
0.0
1000
ACAD_MTEXT_COLUMN_INFO_END
1000
MTEXTBEGIN
1070
    73
1070
     1
1070
    44
1040
1.0
1070
    74
1070
     0
1000
MTEXTEND
  0
MTEXT
  5
180A
330
1F
100
AcDbEntity
  8
Rebaixo
 62
     7
100
AcDbMText
 10
4056.740314814383
 20
1185.116316893601
 30
0.0
 40
10.0
 41
70.20947027437888
 71
     7
 72
     5
  1
reb 25
 11
-0.0000000000000001
 21
-1.0
 31
0.0
 73
     1
 44
1.0
1001
ACAD
1000
ACAD_MTEXT_COLUMN_INFO_BEGIN
1070
    75
1070
     2
1070
    79
1070
     0
1070
    76
1070
     1
1070
    78
1070
     0
1070
    48
1040
70.20947027437888
1070
    49
1040
12.5
1070
    50
1070
     1
1040
0.0
1000
ACAD_MTEXT_COLUMN_INFO_END
1000
MTEXTBEGIN
1070
    73
1070
     1
1070
    44
1040
1.0
1070
    74
1070
     0
1000
MTEXTEND
  0
MTEXT
  5
180B
330
1F
100
AcDbEntity
  8
Rebaixo
 62
     7
100
AcDbMText
 10
3999.256262449757
 20
1179.034051129126
 30
0.0
 40
10.0
 41
70.20947027437888
 71
     7
 72
     5
  1
reb 25
 11
-0.0000000000000001
 21
-1.0
 31
0.0
 73
     1
 44
1.0
1001
ACAD
1000
ACAD_MTEXT_COLUMN_INFO_BEGIN
1070
    75
1070
     2
1070
    79
1070
     0
1070
    76
1070
     1
1070
    78
1070
     0
1070
    48
1040
70.20947027437888
1070
    49
1040
12.5
1070
    50
1070
     1
1040
0.0
1000
ACAD_MTEXT_COLUMN_INFO_END
1000
MTEXTBEGIN
1070
    73
1070
     1
1070
    44
1040
1.0
1070
    74
1070
     0
1000
MTEXTEND
  0
MTEXT
  5
180C
330
1F
100
AcDbEntity
  8
Rebaixo
 62
     7
100
AcDbMText
 10
3944.1391901472
 20
1175.317110939414
 30
0.0
 40
10.0
 41
70.20947027437888
 71
     7
 72
     5
  1
reb 25
 11
-0.0000000000000001
 21
-1.0
 31
0.0
 73
     1
 44
1.0
1001
ACAD
1000
ACAD_MTEXT_COLUMN_INFO_BEGIN
1070
    75
1070
     2
1070
    79
1070
     0
1070
    76
1070
     1
1070
    78
1070
     0
1070
    48
1040
70.20947027437888
1070
    49
1040
12.5
1070
    50
1070
     1
1040
0.0
1000
ACAD_MTEXT_COLUMN_INFO_END
1000
MTEXTBEGIN
1070
    73
1070
     1
1070
    44
1040
1.0
1070
    74
1070
     0
1000
MTEXTEND
  0
LWPOLYLINE
  5
1820
330
1F
100
AcDbEntity
  8
Rebaixo
 62
     4
100
AcDbPolyline
 90
        4
 70
     1
 43
0.0
 10
5007.000000309998
 20
1527.000000100001
 10
5007.000000309998
 20
1497.0000001
 10
5117.000000309999
 20
1497.0000001
 10
5117.000000309999
 20
1527.000000100001
  0
LWPOLYLINE
  5
1821
330
1F
100
AcDbEntity
  8
Rebaixo
 62
     4
100
AcDbPolyline
 90
        4
 70
     1
 43
0.0
 10
5117.00000031
 20
1552.000000100001
 10
5117.00000031
 20
1582.0000001
 10
5007.00000031
 20
1582.0000001
 10
5007.00000031
 20
1552.000000100001
  0
LWPOLYLINE
  5
1822
330
1F
100
AcDbEntity
  8
Rebaixo
 62
     4
100
AcDbPolyline
 90
        4
 70
     1
 43
0.0
 10
5007.00000031
 20
1637.000000100001
 10
5007.00000031
 20
1607.000000100001
 10
5117.00000031
 20
1607.000000100001
 10
5117.00000031
 20
1637.000000100001
  0
LWPOLYLINE
  5
1823
330
1F
100
AcDbEntity
  8
Rebaixo
 62
     4
100
AcDbPolyline
 90
        4
 70
     1
 43
0.0
 10
5117.00000031
 20
1677.0000001
 10
5117.00000031
 20
1707.0000001
 10
5007.00000031
 20
1707.0000001
 10
5007.00000031
 20
1677.0000001
  0
LWPOLYLINE
  5
1824
330
1F
100
AcDbEntity
  8
Rebaixo
 62
     4
100
AcDbPolyline
 90
        4
 70
     1
 43
0.0
 10
5117.00000031
 20
1732.000000100001
 10
5117.00000031
 20
1762.000000100001
 10
5007.00000031
 20
1762.000000100001
 10
5007.00000031
 20
1732.000000100001
  0
LWPOLYLINE
  5
1825
330
1F
100
AcDbEntity
  8
Rebaixo
 62
     4
100
AcDbPolyline
 90
        4
 70
     1
 43
0.0
 10
5007.00000031
 20
1817.000000100001
 10
5007.00000031
 20
1787.0000001
 10
5117.00000031
 20
1787.0000001
 10
5117.00000031
 20
1817.000000100001
  0
MTEXT
  5
1826
330
1F
100
AcDbEntity
  8
Rebaixo
 62
     4
100
AcDbMText
 10
5044.044801944736
 20
1810.429489841597
 30
0.0
 40
10.0
 41
70.20947027437888
 71
     1
 72
     5
  1
reb 25
 73
     1
 44
1.0
1001
ACAD
1000
ACAD_MTEXT_COLUMN_INFO_BEGIN
1070
    75
1070
     2
1070
    79
1070
     0
1070
    76
1070
     1
1070
    78
1070
     0
1070
    48
1040
70.20947027437888
1070
    49
1040
12.5
1070
    50
1070
     1
1040
0.0
1000
ACAD_MTEXT_COLUMN_INFO_END
1000
MTEXTBEGIN
1070
    73
1070
     1
1070
    44
1040
1.0
1070
    74
1070
     0
1000
MTEXTEND
  0
MTEXT
  5
1827
330
1F
100
AcDbEntity
  8
Rebaixo
 62
     4
100
AcDbMText
 10
5044.044801944736
 20
1700.429489841597
 30
0.0
 40
10.0
 41
70.20947027437888
 71
     1
 72
     5
  1
reb 25
 73
     1
 44
1.0
1001
ACAD
1000
ACAD_MTEXT_COLUMN_INFO_BEGIN
1070
    75
1070
     2
1070
    79
1070
     0
1070
    76
1070
     1
1070
    78
1070
     0
1070
    48
1040
70.20947027437888
1070
    49
1040
12.5
1070
    50
1070
     1
1040
0.0
1000
ACAD_MTEXT_COLUMN_INFO_END
1000
MTEXTBEGIN
1070
    73
1070
     1
1070
    44
1040
1.0
1070
    74
1070
     0
1000
MTEXTEND
  0
MTEXT
  5
1828
330
1F
100
AcDbEntity
  8
Rebaixo
 62
     4
100
AcDbMText
 10
5044.044801944736
 20
1630.429489841597
 30
0.0
 40
10.0
 41
70.20947027437888
 71
     1
 72
     5
  1
reb 25
 73
     1
 44
1.0
1001
ACAD
1000
ACAD_MTEXT_COLUMN_INFO_BEGIN
1070
    75
1070
     2
1070
    79
1070
     0
1070
    76
1070
     1
1070
    78
1070
     0
1070
    48
1040
70.20947027437888
1070
    49
1040
12.5
1070
    50
1070
     1
1040
0.0
1000
ACAD_MTEXT_COLUMN_INFO_END
1000
MTEXTBEGIN
1070
    73
1070
     1
1070
    44
1040
1.0
1070
    74
1070
     0
1000
MTEXTEND
  0
MTEXT
  5
1829
330
1F
100
AcDbEntity
  8
Rebaixo
 62
     4
100
AcDbMText
 10
5044.044801944735
 20
1520.429489841568
 30
0.0
 40
10.0
 41
70.20947027437888
 71
     1
 72
     5
  1
reb 25
 73
     1
 44
1.0
1001
ACAD
1000
ACAD_MTEXT_COLUMN_INFO_BEGIN
1070
    75
1070
     2
1070
    79
1070
     0
1070
    76
1070
     1
1070
    78
1070
     0
1070
    48
1040
70.20947027437888
1070
    49
1040
12.5
1070
    50
1070
     1
1040
0.0
1000
ACAD_MTEXT_COLUMN_INFO_END
1000
MTEXTBEGIN
1070
    73
1070
     1
1070
    44
1040
1.0
1070
    74
1070
     0
1000
MTEXTEND
  0
LWPOLYLINE
  5
1892
330
1F
100
AcDbEntity
  8
Rebaixo
 62
     6
100
AcDbPolyline
 90
        6
 70
     0
 43
0.0
 10
2907.94939431
 20
619.5000000998743
 10
2907.94939431
 20
629.5000000998743
 10
2872.949394310001
 20
629.5000000998743
 10
2872.949394310001
 20
509.5000000998743
 10
2907.94939431
 20
509.5000000998743
 10
2907.94939431
 20
619.5000000998743
  0
LWPOLYLINE
  5
1893
330
1F
100
AcDbEntity
  8
Rebaixo
 62
     6
100
AcDbPolyline
 90
        4
 70
     1
 43
0.0
 10
2802.949394310001
 20
509.5000000998743
 10
2837.949394310001
 20
509.5000000998743
 10
2837.949394310001
 20
629.5000000998743
 10
2802.949394310001
 20
629.5000000998743
  0
LWPOLYLINE
  5
1894
330
1F
100
AcDbEntity
  8
Rebaixo
 62
     6
100
AcDbPolyline
 90
        4
 70
     1
 43
0.0
 10
3260.449394310001
 20
509.5000000998743
 10
3560.44939431
 20
509.5000000998743
 10
3560.44939431
 20
629.5000000998743
 10
3260.449394310001
 20
629.5000000998743
  0
LWPOLYLINE
  5
1895
330
1F
100
AcDbEntity
  8
Rebaixo
 62
     6
100
AcDbPolyline
 90
        4
 70
     1
 43
0.0
 10
3220.44939431
 20
469.5000000998743
 10
3240.449394310001
 20
469.5000000998743
 10
3240.449394310001
 20
629.5000000998743
 10
3220.44939431
 20
629.5000000998743
  0
LWPOLYLINE
  5
1896
330
1F
100
AcDbEntity
  8
Rebaixo
 62
     6
100
AcDbPolyline
 90
        4
 70
     1
 43
0.0
 10
3202.949394310001
 20
629.5000000998743
 10
3182.949394310001
 20
629.5000000998743
 10
3182.949394310001
 20
469.5000000998743
 10
3202.949394310001
 20
469.5000000998743
  0
MTEXT
  5
1897
330
1F
100
AcDbEntity
  8
Rebaixo
 62
     6
100
AcDbMText
 10
2812.734115725258
 20
548.4774120349802
 30
0.0
 40
10.0
 41
56.17522345669567
 71
     1
 72
     5
  1
reb 15
 11
0.0000000000000001
 21
1.0
 31
0.0
 73
     1
 44
1.0
1001
ACAD
1000
ACAD_MTEXT_COLUMN_INFO_BEGIN
1070
    75
1070
     2
1070
    79
1070
     0
1070
    76
1070
     1
1070
    78
1070
     0
1070
    48
1040
56.17522345669567
1070
    49
1040
12.5
1070
    50
1070
     1
1040
0.0
1000
ACAD_MTEXT_COLUMN_INFO_END
1000
MTEXTBEGIN
1070
    73
1070
     1
1070
    44
1040
1.0
1070
    74
1070
     0
1000
MTEXTEND
  0
MTEXT
  5
1898
330
1F
100
AcDbEntity
  8
Rebaixo
 62
     6
100
AcDbMText
 10
2882.518686448739
 20
548.4774120349802
 30
0.0
 40
10.0
 41
56.17522345669567
 71
     1
 72
     5
  1
reb 15
 11
0.0000000000000001
 21
1.0
 31
0.0
 73
     1
 44
1.0
1001
ACAD
1000
ACAD_MTEXT_COLUMN_INFO_BEGIN
1070
    75
1070
     2
1070
    79
1070
     0
1070
    76
1070
     1
1070
    78
1070
     0
1070
    48
1040
56.17522345669567
1070
    49
1040
12.5
1070
    50
1070
     1
1040
0.0
1000
ACAD_MTEXT_COLUMN_INFO_END
1000
MTEXTBEGIN
1070
    73
1070
     1
1070
    44
1040
1.0
1070
    74
1070
     0
1000
MTEXTEND
  0
MTEXT
  5
1899
330
1F
100
AcDbEntity
  8
Rebaixo
 62
     6
100
AcDbMText
 10
3187.55024798036
 20
548.4774120349802
 30
0.0
 40
10.0
 41
56.17522345669567
 71
     1
 72
     5
  1
reb 15
 11
0.0000000000000001
 21
1.0
 31
0.0
 73
     1
 44
1.0
1001
ACAD
1000
ACAD_MTEXT_COLUMN_INFO_BEGIN
1070
    75
1070
     2
1070
    79
1070
     0
1070
    76
1070
     1
1070
    78
1070
     0
1070
    48
1040
56.17522345669567
1070
    49
1040
12.5
1070
    50
1070
     1
1040
0.0
1000
ACAD_MTEXT_COLUMN_INFO_END
1000
MTEXTBEGIN
1070
    73
1070
     1
1070
    44
1040
1.0
1070
    74
1070
     0
1000
MTEXTEND
  0
MTEXT
  5
189A
330
1F
100
AcDbEntity
  8
Rebaixo
 62
     6
100
AcDbMText
 10
3225.893360701934
 20
548.4774120349802
 30
0.0
 40
10.0
 41
56.17522345669567
 71
     1
 72
     5
  1
reb 15
 11
0.0000000000000001
 21
1.0
 31
0.0
 73
     1
 44
1.0
1001
ACAD
1000
ACAD_MTEXT_COLUMN_INFO_BEGIN
1070
    75
1070
     2
1070
    79
1070
     0
1070
    76
1070
     1
1070
    78
1070
     0
1070
    48
1040
56.17522345669567
1070
    49
1040
12.5
1070
    50
1070
     1
1040
0.0
1000
ACAD_MTEXT_COLUMN_INFO_END
1000
MTEXTBEGIN
1070
    73
1070
     1
1070
    44
1040
1.0
1070
    74
1070
     0
1000
MTEXTEND
  0
MTEXT
  5
189B
330
1F
100
AcDbEntity
  8
Rebaixo
 62
     6
100
AcDbMText
 10
3584.172099401933
 20
548.4774120349802
 30
0.0
 40
10.0
 41
56.17522345669567
 71
     1
 72
     5
  1
reb 15
 11
0.0000000000000001
 21
1.0
 31
0.0
 73
     1
 44
1.0
1001
ACAD
1000
ACAD_MTEXT_COLUMN_INFO_BEGIN
1070
    75
1070
     2
1070
    79
1070
     0
1070
    76
1070
     1
1070
    78
1070
     0
1070
    48
1040
56.17522345669567
1070
    49
1040
12.5
1070
    50
1070
     1
1040
0.0
1000
ACAD_MTEXT_COLUMN_INFO_END
1000
MTEXTBEGIN
1070
    73
1070
     1
1070
    44
1040
1.0
1070
    74
1070
     0
1000
MTEXTEND
  0
MTEXT
  5
189C
330
1F
100
AcDbEntity
  8
Rebaixo
 62
     6
100
AcDbMText
 10
3622.353106235232
 20
548.4774120349802
 30
0.0
 40
10.0
 41
56.17522345669567
 71
     1
 72
     5
  1
reb 15
 11
0.0000000000000001
 21
1.0
 31
0.0
 73
     1
 44
1.0
1001
ACAD
1000
ACAD_MTEXT_COLUMN_INFO_BEGIN
1070
    75
1070
     2
1070
    79
1070
     0
1070
    76
1070
     1
1070
    78
1070
     0
1070
    48
1040
56.17522345669567
1070
    49
1040
12.5
1070
    50
1070
     1
1040
0.0
1000
ACAD_MTEXT_COLUMN_INFO_END
1000
MTEXTBEGIN
1070
    73
1070
     1
1070
    44
1040
1.0
1070
    74
1070
     0
1000
MTEXTEND
  0
MTEXT
  5
189D
330
1F
100
AcDbEntity
  8
Rebaixo
 62
     6
100
AcDbMText
 10
3901.898575413439
 20
548.4774120349802
 30
0.0
 40
10.0
 41
56.17522345669567
 71
     1
 72
     5
  1
reb 15
 11
0.0000000000000001
 21
1.0
 31
0.0
 73
     1
 44
1.0
1001
ACAD
1000
ACAD_MTEXT_COLUMN_INFO_BEGIN
1070
    75
1070
     2
1070
    79
1070
     0
1070
    76
1070
     1
1070
    78
1070
     0
1070
    48
1040
56.17522345669567
1070
    49
1040
12.5
1070
    50
1070
     1
1040
0.0
1000
ACAD_MTEXT_COLUMN_INFO_END
1000
MTEXTBEGIN
1070
    73
1070
     1
1070
    44
1040
1.0
1070
    74
1070
     0
1000
MTEXTEND
  0
MTEXT
  5
189E
330
1F
100
AcDbEntity
  8
Rebaixo
 62
     6
100
AcDbMText
 10
3941.81505519663
 20
548.4774120349802
 30
0.0
 40
10.0
 41
56.17522345669567
 71
     1
 72
     5
  1
reb 15
 11
0.0000000000000001
 21
1.0
 31
0.0
 73
     1
 44
1.0
1001
ACAD
1000
ACAD_MTEXT_COLUMN_INFO_BEGIN
1070
    75
1070
     2
1070
    79
1070
     0
1070
    76
1070
     1
1070
    78
1070
     0
1070
    48
1040
56.17522345669567
1070
    49
1040
12.5
1070
    50
1070
     1
1040
0.0
1000
ACAD_MTEXT_COLUMN_INFO_END
1000
MTEXTBEGIN
1070
    73
1070
     1
1070
    44
1040
1.0
1070
    74
1070
     0
1000
MTEXTEND
  0
MTEXT
  5
189F
330
1F
100
AcDbEntity
  8
Rebaixo
 62
     6
100
AcDbMText
 10
4297.846397867475
 20
548.4774120349802
 30
0.0
 40
10.0
 41
56.17522345669567
 71
     1
 72
     5
  1
reb 15
 11
0.0000000000000001
 21
1.0
 31
0.0
 73
     1
 44
1.0
1001
ACAD
1000
ACAD_MTEXT_COLUMN_INFO_BEGIN
1070
    75
1070
     2
1070
    79
1070
     0
1070
    76
1070
     1
1070
    78
1070
     0
1070
    48
1040
56.17522345669567
1070
    49
1040
12.5
1070
    50
1070
     1
1040
0.0
1000
ACAD_MTEXT_COLUMN_INFO_END
1000
MTEXTBEGIN
1070
    73
1070
     1
1070
    44
1040
1.0
1070
    74
1070
     0
1000
MTEXTEND
  0
MTEXT
  5
18A0
330
1F
100
AcDbEntity
  8
Rebaixo
 62
     6
100
AcDbMText
 10
4337.762831347927
 20
548.4774120349802
 30
0.0
 40
10.0
 41
56.17522345669567
 71
     1
 72
     5
  1
reb 15
 11
0.0000000000000001
 21
1.0
 31
0.0
 73
     1
 44
1.0
1001
ACAD
1000
ACAD_MTEXT_COLUMN_INFO_BEGIN
1070
    75
1070
     2
1070
    79
1070
     0
1070
    76
1070
     1
1070
    78
1070
     0
1070
    48
1040
56.17522345669567
1070
    49
1040
12.5
1070
    50
1070
     1
1040
0.0
1000
ACAD_MTEXT_COLUMN_INFO_END
1000
MTEXTBEGIN
1070
    73
1070
     1
1070
    44
1040
1.0
1070
    74
1070
     0
1000
MTEXTEND
  0
MTEXT
  5
18A1
330
1F
100
AcDbEntity
  8
Rebaixo
 62
     6
100
AcDbMText
 10
4639.946404026492
 20
548.4774120349802
 30
0.0
 40
10.0
 41
56.17522345669567
 71
     1
 72
     5
  1
reb 15
 11
0.0000000000000001
 21
1.0
 31
0.0
 73
     1
 44
1.0
1001
ACAD
1000
ACAD_MTEXT_COLUMN_INFO_BEGIN
1070
    75
1070
     2
1070
    79
1070
     0
1070
    76
1070
     1
1070
    78
1070
     0
1070
    48
1040
56.17522345669567
1070
    49
1040
12.5
1070
    50
1070
     1
1040
0.0
1000
ACAD_MTEXT_COLUMN_INFO_END
1000
MTEXTBEGIN
1070
    73
1070
     1
1070
    44
1040
1.0
1070
    74
1070
     0
1000
MTEXTEND
  0
MTEXT
  5
18A2
330
1F
100
AcDbEntity
  8
Rebaixo
 62
     6
100
AcDbMText
 10
4715.151312252555
 20
548.4774120349802
 30
0.0
 40
10.0
 41
56.17522345669567
 71
     1
 72
     5
  1
reb 15
 11
0.0000000000000001
 21
1.0
 31
0.0
 73
     1
 44
1.0
1001
ACAD
1000
ACAD_MTEXT_COLUMN_INFO_BEGIN
1070
    75
1070
     2
1070
    79
1070
     0
1070
    76
1070
     1
1070
    78
1070
     0
1070
    48
1040
56.17522345669567
1070
    49
1040
12.5
1070
    50
1070
     1
1040
0.0
1000
ACAD_MTEXT_COLUMN_INFO_END
1000
MTEXTBEGIN
1070
    73
1070
     1
1070
    44
1040
1.0
1070
    74
1070
     0
1000
MTEXTEND
  0
LWPOLYLINE
  5
18A3
330
1F
100
AcDbEntity
  8
Rebaixo
 62
     6
100
AcDbPolyline
 90
        4
 70
     1
 43
0.0
 10
4662.94939431
 20
509.5000000998743
 10
4627.94939431
 20
509.5000000998743
 10
4627.94939431
 20
629.5000000998743
 10
4662.94939431
 20
629.5000000998743
  0
LWPOLYLINE
  5
18A4
330
1F
100
AcDbEntity
  8
Rebaixo
 62
     6
100
AcDbPolyline
 90
        4
 70
     1
 43
0.0
 10
4697.94939431
 20
629.5000000998743
 10
4732.94939431
 20
629.5000000998743
 10
4732.94939431
 20
509.5000000998743
 10
4697.94939431
 20
509.5000000998743
  0
LWPOLYLINE
  5
18A5
330
1F
100
AcDbEntity
  8
Rebaixo
 62
     6
100
AcDbPolyline
 90
        4
 70
     1
 43
0.0
 10
4332.94939431
 20
469.5000000998743
 10
4352.949394310001
 20
469.5000000998743
 10
4352.949394310001
 20
629.5000000998743
 10
4332.94939431
 20
629.5000000998743
  0
LWPOLYLINE
  5
18A6
330
1F
100
AcDbEntity
  8
Rebaixo
 62
     6
100
AcDbPolyline
 90
        4
 70
     1
 43
0.0
 10
4315.44939431
 20
629.5000000998743
 10
4295.44939431
 20
629.5000000998743
 10
4295.44939431
 20
469.5000000998743
 10
4315.44939431
 20
469.5000000998743
  0
LWPOLYLINE
  5
18A7
330
1F
100
AcDbEntity
  8
Rebaixo
 62
     6
100
AcDbPolyline
 90
        4
 70
     1
 43
0.0
 10
3935.44939431
 20
469.5000000998743
 10
3955.449394310001
 20
469.5000000998743
 10
3955.449394310001
 20
629.5000000998743
 10
3935.44939431
 20
629.5000000998743
  0
LWPOLYLINE
  5
18A8
330
1F
100
AcDbEntity
  8
Rebaixo
 62
     6
100
AcDbPolyline
 90
        4
 70
     1
 43
0.0
 10
3897.94939431
 20
469.5000000998743
 10
3917.949394310001
 20
469.5000000998743
 10
3917.949394310001
 20
629.5000000998743
 10
3897.94939431
 20
629.5000000998743
  0
LWPOLYLINE
  5
18A9
330
1F
100
AcDbEntity
  8
Rebaixo
 62
     6
100
AcDbPolyline
 90
        4
 70
     1
 43
0.0
 10
3637.949394310001
 20
629.5000000998743
 10
3617.949394310001
 20
629.5000000998743
 10
3617.949394310001
 20
469.5000000998743
 10
3637.949394310001
 20
469.5000000998743
  0
LWPOLYLINE
  5
18AA
330
1F
100
AcDbEntity
  8
Rebaixo
 62
     6
100
AcDbPolyline
 90
        4
 70
     1
 43
0.0
 10
3600.449394310001
 20
629.5000000998743
 10
3580.449394310001
 20
629.5000000998743
 10
3580.449394310001
 20
469.5000000998743
 10
3600.449394310001
 20
469.5000000998743
  0
MTEXT
  5
18AB
330
1F
100
AcDbEntity
  8
Rebaixo
 62
     6
100
AcDbMText
 10
3388.004694691414
 20
590.0527793283008
 30
0.0
 40
10.0
 41
56.17522345669567
 71
     1
 72
     5
  1
reb 30
 73
     1
 44
1.0
1001
ACAD
1000
ACAD_MTEXT_COLUMN_INFO_BEGIN
1070
    75
1070
     2
1070
    79
1070
     0
1070
    76
1070
     1
1070
    78
1070
     0
1070
    48
1040
56.17522345669567
1070
    49
1040
12.5
1070
    50
1070
     1
1040
0.0
1000
ACAD_MTEXT_COLUMN_INFO_END
1000
MTEXTBEGIN
1070
    73
1070
     1
1070
    44
1040
1.0
1070
    74
1070
     0
1000
MTEXTEND
  0
LWPOLYLINE
  5
18AC
330
1F
100
AcDbEntity
  8
Rebaixo
 62
     6
100
AcDbPolyline
 90
        4
 70
     1
 43
0.0
 10
3975.449394310001
 20
509.5000000998743
 10
4275.44939431
 20
509.5000000998743
 10
4275.44939431
 20
629.5000000998743
 10
3975.449394310001
 20
629.5000000998743
  0
MTEXT
  5
18AD
330
1F
100
AcDbEntity
  8
Rebaixo
 62
     6
100
AcDbMText
 10
4103.004694691413
 20
590.0527793283008
 30
0.0
 40
10.0
 41
56.17522345669567
 71
     1
 72
     5
  1
reb 30
 73
     1
 44
1.0
1001
ACAD
1000
ACAD_MTEXT_COLUMN_INFO_BEGIN
1070
    75
1070
     2
1070
    79
1070
     0
1070
    76
1070
     1
1070
    78
1070
     0
1070
    48
1040
56.17522345669567
1070
    49
1040
12.5
1070
    50
1070
     1
1040
0.0
1000
ACAD_MTEXT_COLUMN_INFO_END
1000
MTEXTBEGIN
1070
    73
1070
     1
1070
    44
1040
1.0
1070
    74
1070
     0
1000
MTEXTEND
  0
LWPOLYLINE
  5
18AE
330
1F
100
AcDbEntity
  8
Rebaixo
 62
     6
100
AcDbPolyline
 90
        6
 70
     0
 43
0.0
 10
2783.00000031
 20
639.5000000998743
 10
2783.00000031
 20
629.5000000998743
 10
2748.00000031
 20
629.5000000998743
 10
2748.00000031
 20
749.5000000998743
 10
2783.00000031
 20
749.5000000998743
 10
2783.00000031
 20
639.5000000998743
  0
LWPOLYLINE
  5
18AF
330
1F
100
AcDbEntity
  8
Rebaixo
 62
     6
100
AcDbPolyline
 90
        4
 70
     1
 43
0.0
 10
2678.00000031
 20
749.5000000998743
 10
2713.00000031
 20
749.5000000998743
 10
2713.00000031
 20
629.5000000998743
 10
2678.00000031
 20
629.5000000998743
  0
LWPOLYLINE
  5
18B0
330
1F
100
AcDbEntity
  8
Rebaixo
 62
     6
100
AcDbPolyline
 90
        4
 70
     1
 43
0.0
 10
3135.500000309999
 20
749.5000000998743
 10
3435.50000031
 20
749.5000000998743
 10
3435.50000031
 20
629.5000000998743
 10
3135.500000309999
 20
629.5000000998743
  0
LWPOLYLINE
  5
18B1
330
1F
100
AcDbEntity
  8
Rebaixo
 62
     6
100
AcDbPolyline
 90
        4
 70
     1
 43
0.0
 10
3095.50000031
 20
789.5000000998743
 10
3115.50000031
 20
789.5000000998743
 10
3115.50000031
 20
629.5000000998743
 10
3095.50000031
 20
629.5000000998743
  0
LWPOLYLINE
  5
18B2
330
1F
100
AcDbEntity
  8
Rebaixo
 62
     6
100
AcDbPolyline
 90
        4
 70
     1
 43
0.0
 10
3078.00000031
 20
629.5000000998743
 10
3058.00000031
 20
629.5000000998743
 10
3058.00000031
 20
789.5000000998743
 10
3078.00000031
 20
789.5000000998743
  0
MTEXT
  5
18B3
330
1F
100
AcDbEntity
  8
Rebaixo
 62
     6
100
AcDbMText
 10
2687.784721725257
 20
710.5225881656997
 30
0.0
 40
10.0
 41
56.17522345669567
 71
     3
 72
     5
  1
reb 15
 11
-0.0000000000000001
 21
1.0
 31
0.0
 73
     1
 44
1.0
1001
ACAD
1000
ACAD_MTEXT_COLUMN_INFO_BEGIN
1070
    75
1070
     2
1070
    79
1070
     0
1070
    76
1070
     1
1070
    78
1070
     0
1070
    48
1040
56.17522345669567
1070
    49
1040
12.5
1070
    50
1070
     1
1040
0.0
1000
ACAD_MTEXT_COLUMN_INFO_END
1000
MTEXTBEGIN
1070
    73
1070
     1
1070
    44
1040
1.0
1070
    74
1070
     0
1000
MTEXTEND
  0
MTEXT
  5
18B4
330
1F
100
AcDbEntity
  8
Rebaixo
 62
     6
100
AcDbMText
 10
2757.569292448738
 20
710.5225881656997
 30
0.0
 40
10.0
 41
56.17522345669567
 71
     3
 72
     5
  1
reb 15
 11
-0.0000000000000001
 21
1.0
 31
0.0
 73
     1
 44
1.0
1001
ACAD
1000
ACAD_MTEXT_COLUMN_INFO_BEGIN
1070
    75
1070
     2
1070
    79
1070
     0
1070
    76
1070
     1
1070
    78
1070
     0
1070
    48
1040
56.17522345669567
1070
    49
1040
12.5
1070
    50
1070
     1
1040
0.0
1000
ACAD_MTEXT_COLUMN_INFO_END
1000
MTEXTBEGIN
1070
    73
1070
     1
1070
    44
1040
1.0
1070
    74
1070
     0
1000
MTEXTEND
  0
MTEXT
  5
18B5
330
1F
100
AcDbEntity
  8
Rebaixo
 62
     6
100
AcDbMText
 10
3062.600853980359
 20
710.5225881656997
 30
0.0
 40
10.0
 41
56.17522345669567
 71
     3
 72
     5
  1
reb 15
 11
-0.0000000000000001
 21
1.0
 31
0.0
 73
     1
 44
1.0
1001
ACAD
1000
ACAD_MTEXT_COLUMN_INFO_BEGIN
1070
    75
1070
     2
1070
    79
1070
     0
1070
    76
1070
     1
1070
    78
1070
     0
1070
    48
1040
56.17522345669567
1070
    49
1040
12.5
1070
    50
1070
     1
1040
0.0
1000
ACAD_MTEXT_COLUMN_INFO_END
1000
MTEXTBEGIN
1070
    73
1070
     1
1070
    44
1040
1.0
1070
    74
1070
     0
1000
MTEXTEND
  0
MTEXT
  5
18B6
330
1F
100
AcDbEntity
  8
Rebaixo
 62
     6
100
AcDbMText
 10
3100.943966701933
 20
710.5225881656997
 30
0.0
 40
10.0
 41
56.17522345669567
 71
     3
 72
     5
  1
reb 15
 11
-0.0000000000000001
 21
1.0
 31
0.0
 73
     1
 44
1.0
1001
ACAD
1000
ACAD_MTEXT_COLUMN_INFO_BEGIN
1070
    75
1070
     2
1070
    79
1070
     0
1070
    76
1070
     1
1070
    78
1070
     0
1070
    48
1040
56.17522345669567
1070
    49
1040
12.5
1070
    50
1070
     1
1040
0.0
1000
ACAD_MTEXT_COLUMN_INFO_END
1000
MTEXTBEGIN
1070
    73
1070
     1
1070
    44
1040
1.0
1070
    74
1070
     0
1000
MTEXTEND
  0
MTEXT
  5
18B7
330
1F
100
AcDbEntity
  8
Rebaixo
 62
     6
100
AcDbMText
 10
3459.222705401931
 20
710.5225881656997
 30
0.0
 40
10.0
 41
56.17522345669567
 71
     3
 72
     5
  1
reb 15
 11
-0.0000000000000001
 21
1.0
 31
0.0
 73
     1
 44
1.0
1001
ACAD
1000
ACAD_MTEXT_COLUMN_INFO_BEGIN
1070
    75
1070
     2
1070
    79
1070
     0
1070
    76
1070
     1
1070
    78
1070
     0
1070
    48
1040
56.17522345669567
1070
    49
1040
12.5
1070
    50
1070
     1
1040
0.0
1000
ACAD_MTEXT_COLUMN_INFO_END
1000
MTEXTBEGIN
1070
    73
1070
     1
1070
    44
1040
1.0
1070
    74
1070
     0
1000
MTEXTEND
  0
MTEXT
  5
18B8
330
1F
100
AcDbEntity
  8
Rebaixo
 62
     6
100
AcDbMText
 10
3497.403712235231
 20
710.5225881656997
 30
0.0
 40
10.0
 41
56.17522345669567
 71
     3
 72
     5
  1
reb 15
 11
-0.0000000000000001
 21
1.0
 31
0.0
 73
     1
 44
1.0
1001
ACAD
1000
ACAD_MTEXT_COLUMN_INFO_BEGIN
1070
    75
1070
     2
1070
    79
1070
     0
1070
    76
1070
     1
1070
    78
1070
     0
1070
    48
1040
56.17522345669567
1070
    49
1040
12.5
1070
    50
1070
     1
1040
0.0
1000
ACAD_MTEXT_COLUMN_INFO_END
1000
MTEXTBEGIN
1070
    73
1070
     1
1070
    44
1040
1.0
1070
    74
1070
     0
1000
MTEXTEND
  0
MTEXT
  5
18B9
330
1F
100
AcDbEntity
  8
Rebaixo
 62
     6
100
AcDbMText
 10
3776.949181413439
 20
710.5225881656997
 30
0.0
 40
10.0
 41
56.17522345669567
 71
     3
 72
     5
  1
reb 15
 11
-0.0000000000000001
 21
1.0
 31
0.0
 73
     1
 44
1.0
1001
ACAD
1000
ACAD_MTEXT_COLUMN_INFO_BEGIN
1070
    75
1070
     2
1070
    79
1070
     0
1070
    76
1070
     1
1070
    78
1070
     0
1070
    48
1040
56.17522345669567
1070
    49
1040
12.5
1070
    50
1070
     1
1040
0.0
1000
ACAD_MTEXT_COLUMN_INFO_END
1000
MTEXTBEGIN
1070
    73
1070
     1
1070
    44
1040
1.0
1070
    74
1070
     0
1000
MTEXTEND
  0
MTEXT
  5
18BA
330
1F
100
AcDbEntity
  8
Rebaixo
 62
     6
100
AcDbMText
 10
3816.865661196629
 20
710.5225881656997
 30
0.0
 40
10.0
 41
56.17522345669567
 71
     3
 72
     5
  1
reb 15
 11
-0.0000000000000001
 21
1.0
 31
0.0
 73
     1
 44
1.0
1001
ACAD
1000
ACAD_MTEXT_COLUMN_INFO_BEGIN
1070
    75
1070
     2
1070
    79
1070
     0
1070
    76
1070
     1
1070
    78
1070
     0
1070
    48
1040
56.17522345669567
1070
    49
1040
12.5
1070
    50
1070
     1
1040
0.0
1000
ACAD_MTEXT_COLUMN_INFO_END
1000
MTEXTBEGIN
1070
    73
1070
     1
1070
    44
1040
1.0
1070
    74
1070
     0
1000
MTEXTEND
  0
MTEXT
  5
18BB
330
1F
100
AcDbEntity
  8
Rebaixo
 62
     6
100
AcDbMText
 10
4172.897003867475
 20
710.5225881656997
 30
0.0
 40
10.0
 41
56.17522345669567
 71
     3
 72
     5
  1
reb 15
 11
-0.0000000000000001
 21
1.0
 31
0.0
 73
     1
 44
1.0
1001
ACAD
1000
ACAD_MTEXT_COLUMN_INFO_BEGIN
1070
    75
1070
     2
1070
    79
1070
     0
1070
    76
1070
     1
1070
    78
1070
     0
1070
    48
1040
56.17522345669567
1070
    49
1040
12.5
1070
    50
1070
     1
1040
0.0
1000
ACAD_MTEXT_COLUMN_INFO_END
1000
MTEXTBEGIN
1070
    73
1070
     1
1070
    44
1040
1.0
1070
    74
1070
     0
1000
MTEXTEND
  0
MTEXT
  5
18BC
330
1F
100
AcDbEntity
  8
Rebaixo
 62
     6
100
AcDbMText
 10
4212.813437347926
 20
710.5225881656997
 30
0.0
 40
10.0
 41
56.17522345669567
 71
     3
 72
     5
  1
reb 15
 11
-0.0000000000000001
 21
1.0
 31
0.0
 73
     1
 44
1.0
1001
ACAD
1000
ACAD_MTEXT_COLUMN_INFO_BEGIN
1070
    75
1070
     2
1070
    79
1070
     0
1070
    76
1070
     1
1070
    78
1070
     0
1070
    48
1040
56.17522345669567
1070
    49
1040
12.5
1070
    50
1070
     1
1040
0.0
1000
ACAD_MTEXT_COLUMN_INFO_END
1000
MTEXTBEGIN
1070
    73
1070
     1
1070
    44
1040
1.0
1070
    74
1070
     0
1000
MTEXTEND
  0
MTEXT
  5
18BD
330
1F
100
AcDbEntity
  8
Rebaixo
 62
     6
100
AcDbMText
 10
4514.99701002649
 20
710.5225881656997
 30
0.0
 40
10.0
 41
56.17522345669567
 71
     3
 72
     5
  1
reb 15
 11
-0.0000000000000001
 21
1.0
 31
0.0
 73
     1
 44
1.0
1001
ACAD
1000
ACAD_MTEXT_COLUMN_INFO_BEGIN
1070
    75
1070
     2
1070
    79
1070
     0
1070
    76
1070
     1
1070
    78
1070
     0
1070
    48
1040
56.17522345669567
1070
    49
1040
12.5
1070
    50
1070
     1
1040
0.0
1000
ACAD_MTEXT_COLUMN_INFO_END
1000
MTEXTBEGIN
1070
    73
1070
     1
1070
    44
1040
1.0
1070
    74
1070
     0
1000
MTEXTEND
  0
MTEXT
  5
18BE
330
1F
100
AcDbEntity
  8
Rebaixo
 62
     6
100
AcDbMText
 10
4590.201918252555
 20
710.5225881656997
 30
0.0
 40
10.0
 41
56.17522345669567
 71
     3
 72
     5
  1
reb 15
 11
-0.0000000000000001
 21
1.0
 31
0.0
 73
     1
 44
1.0
1001
ACAD
1000
ACAD_MTEXT_COLUMN_INFO_BEGIN
1070
    75
1070
     2
1070
    79
1070
     0
1070
    76
1070
     1
1070
    78
1070
     0
1070
    48
1040
56.17522345669567
1070
    49
1040
12.5
1070
    50
1070
     1
1040
0.0
1000
ACAD_MTEXT_COLUMN_INFO_END
1000
MTEXTBEGIN
1070
    73
1070
     1
1070
    44
1040
1.0
1070
    74
1070
     0
1000
MTEXTEND
  0
LWPOLYLINE
  5
18BF
330
1F
100
AcDbEntity
  8
Rebaixo
 62
     6
100
AcDbPolyline
 90
        4
 70
     1
 43
0.0
 10
4538.000000309999
 20
749.5000000998743
 10
4503.000000309999
 20
749.5000000998743
 10
4503.000000309999
 20
629.5000000998743
 10
4538.000000309999
 20
629.5000000998743
  0
LWPOLYLINE
  5
18C0
330
1F
100
AcDbEntity
  8
Rebaixo
 62
     6
100
AcDbPolyline
 90
        4
 70
     1
 43
0.0
 10
4573.000000309999
 20
629.5000000998743
 10
4608.000000309999
 20
629.5000000998743
 10
4608.000000309999
 20
749.5000000998743
 10
4573.000000309999
 20
749.5000000998743
  0
LWPOLYLINE
  5
18C1
330
1F
100
AcDbEntity
  8
Rebaixo
 62
     6
100
AcDbPolyline
 90
        4
 70
     1
 43
0.0
 10
4208.00000031
 20
789.5000000998743
 10
4228.000000309999
 20
789.5000000998743
 10
4228.000000309999
 20
629.5000000998743
 10
4208.00000031
 20
629.5000000998743
  0
LWPOLYLINE
  5
18C2
330
1F
100
AcDbEntity
  8
Rebaixo
 62
     6
100
AcDbPolyline
 90
        4
 70
     1
 43
0.0
 10
4190.500000309999
 20
629.5000000998743
 10
4170.500000309999
 20
629.5000000998743
 10
4170.500000309999
 20
789.5000000998743
 10
4190.500000309999
 20
789.5000000998743
  0
LWPOLYLINE
  5
18C3
330
1F
100
AcDbEntity
  8
Rebaixo
 62
     6
100
AcDbPolyline
 90
        4
 70
     1
 43
0.0
 10
3810.50000031
 20
789.5000000998743
 10
3830.50000031
 20
789.5000000998743
 10
3830.50000031
 20
629.5000000998743
 10
3810.50000031
 20
629.5000000998743
  0
LWPOLYLINE
  5
18C4
330
1F
100
AcDbEntity
  8
Rebaixo
 62
     6
100
AcDbPolyline
 90
        4
 70
     1
 43
0.0
 10
3773.00000031
 20
789.5000000998743
 10
3793.00000031
 20
789.5000000998743
 10
3793.00000031
 20
629.5000000998743
 10
3773.00000031
 20
629.5000000998743
  0
LWPOLYLINE
  5
18C5
330
1F
100
AcDbEntity
  8
Rebaixo
 62
     6
100
AcDbPolyline
 90
        4
 70
     1
 43
0.0
 10
3513.000000309999
 20
629.5000000998743
 10
3493.00000031
 20
629.5000000998743
 10
3493.00000031
 20
789.5000000998743
 10
3513.000000309999
 20
789.5000000998743
  0
LWPOLYLINE
  5
18C6
330
1F
100
AcDbEntity
  8
Rebaixo
 62
     6
100
AcDbPolyline
 90
        4
 70
     1
 43
0.0
 10
3475.500000309999
 20
629.5000000998743
 10
3455.50000031
 20
629.5000000998743
 10
3455.50000031
 20
789.5000000998743
 10
3475.500000309999
 20
789.5000000998743
  0
MTEXT
  5
18C7
330
1F
100
AcDbEntity
  8
Rebaixo
 62
     6
100
AcDbMText
 10
3263.055300691413
 20
668.9472208723791
 30
0.0
 40
10.0
 41
56.17522345669567
 71
     7
 72
     5
  1
reb 30
 73
     1
 44
1.0
1001
ACAD
1000
ACAD_MTEXT_COLUMN_INFO_BEGIN
1070
    75
1070
     2
1070
    79
1070
     0
1070
    76
1070
     1
1070
    78
1070
     0
1070
    48
1040
56.17522345669567
1070
    49
1040
12.5
1070
    50
1070
     1
1040
0.0
1000
ACAD_MTEXT_COLUMN_INFO_END
1000
MTEXTBEGIN
1070
    73
1070
     1
1070
    44
1040
1.0
1070
    74
1070
     0
1000
MTEXTEND
  0
LWPOLYLINE
  5
18C8
330
1F
100
AcDbEntity
  8
Rebaixo
 62
     6
100
AcDbPolyline
 90
        4
 70
     1
 43
0.0
 10
3850.500000309999
 20
749.5000000998743
 10
4150.500000309999
 20
749.5000000998743
 10
4150.500000309999
 20
629.5000000998743
 10
3850.500000309999
 20
629.5000000998743
  0
MTEXT
  5
18C9
330
1F
100
AcDbEntity
  8
Rebaixo
 62
     6
100
AcDbMText
 10
3978.055300691412
 20
668.9472208723791
 30
0.0
 40
10.0
 41
56.17522345669567
 71
     7
 72
     5
  1
reb 30
 73
     1
 44
1.0
1001
ACAD
1000
ACAD_MTEXT_COLUMN_INFO_BEGIN
1070
    75
1070
     2
1070
    79
1070
     0
1070
    76
1070
     1
1070
    78
1070
     0
1070
    48
1040
56.17522345669567
1070
    49
1040
12.5
1070
    50
1070
     1
1040
0.0
1000
ACAD_MTEXT_COLUMN_INFO_END
1000
MTEXTBEGIN
1070
    73
1070
     1
1070
    44
1040
1.0
1070
    74
1070
     0
1000
MTEXTEND
  0
LWPOLYLINE
  5
18CA
330
1F
100
AcDbEntity
  8
Rebaixo
 62
     6
100
AcDbPolyline
 90
        6
 70
     0
 43
0.0
 10
2783.00000031
 20
329.5000000998744
 10
2783.00000031
 20
319.5000000998744
 10
2748.00000031
 20
319.5000000998744
 10
2748.00000031
 20
439.5000000998743
 10
2783.00000031
 20
439.5000000998743
 10
2783.00000031
 20
329.5000000998744
  0
LWPOLYLINE
  5
18CB
330
1F
100
AcDbEntity
  8
Rebaixo
 62
     6
100
AcDbPolyline
 90
        4
 70
     1
 43
0.0
 10
2678.00000031
 20
439.5000000998743
 10
2713.00000031
 20
439.5000000998743
 10
2713.00000031
 20
319.5000000998744
 10
2678.00000031
 20
319.5000000998744
  0
LWPOLYLINE
  5
18CC
330
1F
100
AcDbEntity
  8
Rebaixo
 62
     6
100
AcDbPolyline
 90
        4
 70
     1
 43
0.0
 10
3135.500000309999
 20
439.5000000998743
 10
3435.50000031
 20
439.5000000998743
 10
3435.50000031
 20
319.5000000998744
 10
3135.500000309999
 20
319.5000000998744
  0
LWPOLYLINE
  5
18CD
330
1F
100
AcDbEntity
  8
Rebaixo
 62
     6
100
AcDbPolyline
 90
        4
 70
     1
 43
0.0
 10
3095.50000031
 20
479.5000000998743
 10
3115.50000031
 20
479.5000000998743
 10
3115.50000031
 20
319.5000000998744
 10
3095.50000031
 20
319.5000000998744
  0
LWPOLYLINE
  5
18CE
330
1F
100
AcDbEntity
  8
Rebaixo
 62
     6
100
AcDbPolyline
 90
        4
 70
     1
 43
0.0
 10
3078.00000031
 20
319.5000000998744
 10
3058.00000031
 20
319.5000000998744
 10
3058.00000031
 20
479.5000000998743
 10
3078.00000031
 20
479.5000000998743
  0
MTEXT
  5
18CF
330
1F
100
AcDbEntity
  8
Rebaixo
 62
     6
100
AcDbMText
 10
2687.784721725257
 20
400.5225881656997
 30
0.0
 40
10.0
 41
56.17522345669567
 71
     3
 72
     5
  1
reb 15
 11
-0.0000000000000001
 21
1.0
 31
0.0
 73
     1
 44
1.0
1001
ACAD
1000
ACAD_MTEXT_COLUMN_INFO_BEGIN
1070
    75
1070
     2
1070
    79
1070
     0
1070
    76
1070
     1
1070
    78
1070
     0
1070
    48
1040
56.17522345669567
1070
    49
1040
12.5
1070
    50
1070
     1
1040
0.0
1000
ACAD_MTEXT_COLUMN_INFO_END
1000
MTEXTBEGIN
1070
    73
1070
     1
1070
    44
1040
1.0
1070
    74
1070
     0
1000
MTEXTEND
  0
MTEXT
  5
18D0
330
1F
100
AcDbEntity
  8
Rebaixo
 62
     6
100
AcDbMText
 10
2757.569292448738
 20
400.5225881656997
 30
0.0
 40
10.0
 41
56.17522345669567
 71
     3
 72
     5
  1
reb 15
 11
-0.0000000000000001
 21
1.0
 31
0.0
 73
     1
 44
1.0
1001
ACAD
1000
ACAD_MTEXT_COLUMN_INFO_BEGIN
1070
    75
1070
     2
1070
    79
1070
     0
1070
    76
1070
     1
1070
    78
1070
     0
1070
    48
1040
56.17522345669567
1070
    49
1040
12.5
1070
    50
1070
     1
1040
0.0
1000
ACAD_MTEXT_COLUMN_INFO_END
1000
MTEXTBEGIN
1070
    73
1070
     1
1070
    44
1040
1.0
1070
    74
1070
     0
1000
MTEXTEND
  0
MTEXT
  5
18D1
330
1F
100
AcDbEntity
  8
Rebaixo
 62
     6
100
AcDbMText
 10
3062.600853980359
 20
400.5225881656997
 30
0.0
 40
10.0
 41
56.17522345669567
 71
     3
 72
     5
  1
reb 15
 11
-0.0000000000000001
 21
1.0
 31
0.0
 73
     1
 44
1.0
1001
ACAD
1000
ACAD_MTEXT_COLUMN_INFO_BEGIN
1070
    75
1070
     2
1070
    79
1070
     0
1070
    76
1070
     1
1070
    78
1070
     0
1070
    48
1040
56.17522345669567
1070
    49
1040
12.5
1070
    50
1070
     1
1040
0.0
1000
ACAD_MTEXT_COLUMN_INFO_END
1000
MTEXTBEGIN
1070
    73
1070
     1
1070
    44
1040
1.0
1070
    74
1070
     0
1000
MTEXTEND
  0
MTEXT
  5
18D2
330
1F
100
AcDbEntity
  8
Rebaixo
 62
     6
100
AcDbMText
 10
3100.943966701933
 20
400.5225881656997
 30
0.0
 40
10.0
 41
56.17522345669567
 71
     3
 72
     5
  1
reb 15
 11
-0.0000000000000001
 21
1.0
 31
0.0
 73
     1
 44
1.0
1001
ACAD
1000
ACAD_MTEXT_COLUMN_INFO_BEGIN
1070
    75
1070
     2
1070
    79
1070
     0
1070
    76
1070
     1
1070
    78
1070
     0
1070
    48
1040
56.17522345669567
1070
    49
1040
12.5
1070
    50
1070
     1
1040
0.0
1000
ACAD_MTEXT_COLUMN_INFO_END
1000
MTEXTBEGIN
1070
    73
1070
     1
1070
    44
1040
1.0
1070
    74
1070
     0
1000
MTEXTEND
  0
MTEXT
  5
18D3
330
1F
100
AcDbEntity
  8
Rebaixo
 62
     6
100
AcDbMText
 10
3459.222705401931
 20
400.5225881656997
 30
0.0
 40
10.0
 41
56.17522345669567
 71
     3
 72
     5
  1
reb 15
 11
-0.0000000000000001
 21
1.0
 31
0.0
 73
     1
 44
1.0
1001
ACAD
1000
ACAD_MTEXT_COLUMN_INFO_BEGIN
1070
    75
1070
     2
1070
    79
1070
     0
1070
    76
1070
     1
1070
    78
1070
     0
1070
    48
1040
56.17522345669567
1070
    49
1040
12.5
1070
    50
1070
     1
1040
0.0
1000
ACAD_MTEXT_COLUMN_INFO_END
1000
MTEXTBEGIN
1070
    73
1070
     1
1070
    44
1040
1.0
1070
    74
1070
     0
1000
MTEXTEND
  0
MTEXT
  5
18D4
330
1F
100
AcDbEntity
  8
Rebaixo
 62
     6
100
AcDbMText
 10
3497.403712235231
 20
400.5225881656997
 30
0.0
 40
10.0
 41
56.17522345669567
 71
     3
 72
     5
  1
reb 15
 11
-0.0000000000000001
 21
1.0
 31
0.0
 73
     1
 44
1.0
1001
ACAD
1000
ACAD_MTEXT_COLUMN_INFO_BEGIN
1070
    75
1070
     2
1070
    79
1070
     0
1070
    76
1070
     1
1070
    78
1070
     0
1070
    48
1040
56.17522345669567
1070
    49
1040
12.5
1070
    50
1070
     1
1040
0.0
1000
ACAD_MTEXT_COLUMN_INFO_END
1000
MTEXTBEGIN
1070
    73
1070
     1
1070
    44
1040
1.0
1070
    74
1070
     0
1000
MTEXTEND
  0
MTEXT
  5
18D5
330
1F
100
AcDbEntity
  8
Rebaixo
 62
     6
100
AcDbMText
 10
3776.949181413439
 20
400.5225881656997
 30
0.0
 40
10.0
 41
56.17522345669567
 71
     3
 72
     5
  1
reb 15
 11
-0.0000000000000001
 21
1.0
 31
0.0
 73
     1
 44
1.0
1001
ACAD
1000
ACAD_MTEXT_COLUMN_INFO_BEGIN
1070
    75
1070
     2
1070
    79
1070
     0
1070
    76
1070
     1
1070
    78
1070
     0
1070
    48
1040
56.17522345669567
1070
    49
1040
12.5
1070
    50
1070
     1
1040
0.0
1000
ACAD_MTEXT_COLUMN_INFO_END
1000
MTEXTBEGIN
1070
    73
1070
     1
1070
    44
1040
1.0
1070
    74
1070
     0
1000
MTEXTEND
  0
MTEXT
  5
18D6
330
1F
100
AcDbEntity
  8
Rebaixo
 62
     6
100
AcDbMText
 10
3816.865661196629
 20
400.5225881656997
 30
0.0
 40
10.0
 41
56.17522345669567
 71
     3
 72
     5
  1
reb 15
 11
-0.0000000000000001
 21
1.0
 31
0.0
 73
     1
 44
1.0
1001
ACAD
1000
ACAD_MTEXT_COLUMN_INFO_BEGIN
1070
    75
1070
     2
1070
    79
1070
     0
1070
    76
1070
     1
1070
    78
1070
     0
1070
    48
1040
56.17522345669567
1070
    49
1040
12.5
1070
    50
1070
     1
1040
0.0
1000
ACAD_MTEXT_COLUMN_INFO_END
1000
MTEXTBEGIN
1070
    73
1070
     1
1070
    44
1040
1.0
1070
    74
1070
     0
1000
MTEXTEND
  0
MTEXT
  5
18D7
330
1F
100
AcDbEntity
  8
Rebaixo
 62
     6
100
AcDbMText
 10
4172.897003867475
 20
400.5225881656997
 30
0.0
 40
10.0
 41
56.17522345669567
 71
     3
 72
     5
  1
reb 15
 11
-0.0000000000000001
 21
1.0
 31
0.0
 73
     1
 44
1.0
1001
ACAD
1000
ACAD_MTEXT_COLUMN_INFO_BEGIN
1070
    75
1070
     2
1070
    79
1070
     0
1070
    76
1070
     1
1070
    78
1070
     0
1070
    48
1040
56.17522345669567
1070
    49
1040
12.5
1070
    50
1070
     1
1040
0.0
1000
ACAD_MTEXT_COLUMN_INFO_END
1000
MTEXTBEGIN
1070
    73
1070
     1
1070
    44
1040
1.0
1070
    74
1070
     0
1000
MTEXTEND
  0
MTEXT
  5
18D8
330
1F
100
AcDbEntity
  8
Rebaixo
 62
     6
100
AcDbMText
 10
4212.813437347926
 20
400.5225881656997
 30
0.0
 40
10.0
 41
56.17522345669567
 71
     3
 72
     5
  1
reb 15
 11
-0.0000000000000001
 21
1.0
 31
0.0
 73
     1
 44
1.0
1001
ACAD
1000
ACAD_MTEXT_COLUMN_INFO_BEGIN
1070
    75
1070
     2
1070
    79
1070
     0
1070
    76
1070
     1
1070
    78
1070
     0
1070
    48
1040
56.17522345669567
1070
    49
1040
12.5
1070
    50
1070
     1
1040
0.0
1000
ACAD_MTEXT_COLUMN_INFO_END
1000
MTEXTBEGIN
1070
    73
1070
     1
1070
    44
1040
1.0
1070
    74
1070
     0
1000
MTEXTEND
  0
MTEXT
  5
18D9
330
1F
100
AcDbEntity
  8
Rebaixo
 62
     6
100
AcDbMText
 10
4514.99701002649
 20
400.5225881656997
 30
0.0
 40
10.0
 41
56.17522345669567
 71
     3
 72
     5
  1
reb 15
 11
-0.0000000000000001
 21
1.0
 31
0.0
 73
     1
 44
1.0
1001
ACAD
1000
ACAD_MTEXT_COLUMN_INFO_BEGIN
1070
    75
1070
     2
1070
    79
1070
     0
1070
    76
1070
     1
1070
    78
1070
     0
1070
    48
1040
56.17522345669567
1070
    49
1040
12.5
1070
    50
1070
     1
1040
0.0
1000
ACAD_MTEXT_COLUMN_INFO_END
1000
MTEXTBEGIN
1070
    73
1070
     1
1070
    44
1040
1.0
1070
    74
1070
     0
1000
MTEXTEND
  0
MTEXT
  5
18DA
330
1F
100
AcDbEntity
  8
Rebaixo
 62
     6
100
AcDbMText
 10
4590.201918252555
 20
400.5225881656997
 30
0.0
 40
10.0
 41
56.17522345669567
 71
     3
 72
     5
  1
reb 15
 11
-0.0000000000000001
 21
1.0
 31
0.0
 73
     1
 44
1.0
1001
ACAD
1000
ACAD_MTEXT_COLUMN_INFO_BEGIN
1070
    75
1070
     2
1070
    79
1070
     0
1070
    76
1070
     1
1070
    78
1070
     0
1070
    48
1040
56.17522345669567
1070
    49
1040
12.5
1070
    50
1070
     1
1040
0.0
1000
ACAD_MTEXT_COLUMN_INFO_END
1000
MTEXTBEGIN
1070
    73
1070
     1
1070
    44
1040
1.0
1070
    74
1070
     0
1000
MTEXTEND
  0
LWPOLYLINE
  5
18DB
330
1F
100
AcDbEntity
  8
Rebaixo
 62
     6
100
AcDbPolyline
 90
        4
 70
     1
 43
0.0
 10
4538.000000309999
 20
439.5000000998743
 10
4503.000000309999
 20
439.5000000998743
 10
4503.000000309999
 20
319.5000000998744
 10
4538.000000309999
 20
319.5000000998744
  0
LWPOLYLINE
  5
18DC
330
1F
100
AcDbEntity
  8
Rebaixo
 62
     6
100
AcDbPolyline
 90
        4
 70
     1
 43
0.0
 10
4573.000000309999
 20
319.5000000998744
 10
4608.000000309999
 20
319.5000000998744
 10
4608.000000309999
 20
439.5000000998743
 10
4573.000000309999
 20
439.5000000998743
  0
LWPOLYLINE
  5
18DD
330
1F
100
AcDbEntity
  8
Rebaixo
 62
     6
100
AcDbPolyline
 90
        4
 70
     1
 43
0.0
 10
4208.00000031
 20
479.5000000998743
 10
4228.000000309999
 20
479.5000000998743
 10
4228.000000309999
 20
319.5000000998744
 10
4208.00000031
 20
319.5000000998744
  0
LWPOLYLINE
  5
18DE
330
1F
100
AcDbEntity
  8
Rebaixo
 62
     6
100
AcDbPolyline
 90
        4
 70
     1
 43
0.0
 10
4190.500000309999
 20
319.5000000998744
 10
4170.500000309999
 20
319.5000000998744
 10
4170.500000309999
 20
479.5000000998743
 10
4190.500000309999
 20
479.5000000998743
  0
LWPOLYLINE
  5
18DF
330
1F
100
AcDbEntity
  8
Rebaixo
 62
     6
100
AcDbPolyline
 90
        4
 70
     1
 43
0.0
 10
3810.50000031
 20
479.5000000998743
 10
3830.50000031
 20
479.5000000998743
 10
3830.50000031
 20
319.5000000998744
 10
3810.50000031
 20
319.5000000998744
  0
LWPOLYLINE
  5
18E0
330
1F
100
AcDbEntity
  8
Rebaixo
 62
     6
100
AcDbPolyline
 90
        4
 70
     1
 43
0.0
 10
3773.00000031
 20
479.5000000998743
 10
3793.00000031
 20
479.5000000998743
 10
3793.00000031
 20
319.5000000998744
 10
3773.00000031
 20
319.5000000998744
  0
LWPOLYLINE
  5
18E1
330
1F
100
AcDbEntity
  8
Rebaixo
 62
     6
100
AcDbPolyline
 90
        4
 70
     1
 43
0.0
 10
3513.000000309999
 20
319.5000000998744
 10
3493.00000031
 20
319.5000000998744
 10
3493.00000031
 20
479.5000000998743
 10
3513.000000309999
 20
479.5000000998743
  0
LWPOLYLINE
  5
18E2
330
1F
100
AcDbEntity
  8
Rebaixo
 62
     6
100
AcDbPolyline
 90
        4
 70
     1
 43
0.0
 10
3475.500000309999
 20
319.5000000998744
 10
3455.50000031
 20
319.5000000998744
 10
3455.50000031
 20
479.5000000998743
 10
3475.500000309999
 20
479.5000000998743
  0
MTEXT
  5
18E3
330
1F
100
AcDbEntity
  8
Rebaixo
 62
     6
100
AcDbMText
 10
3263.055300691413
 20
358.9472208723791
 30
0.0
 40
10.0
 41
56.17522345669567
 71
     7
 72
     5
  1
reb 30
 73
     1
 44
1.0
1001
ACAD
1000
ACAD_MTEXT_COLUMN_INFO_BEGIN
1070
    75
1070
     2
1070
    79
1070
     0
1070
    76
1070
     1
1070
    78
1070
     0
1070
    48
1040
56.17522345669567
1070
    49
1040
12.5
1070
    50
1070
     1
1040
0.0
1000
ACAD_MTEXT_COLUMN_INFO_END
1000
MTEXTBEGIN
1070
    73
1070
     1
1070
    44
1040
1.0
1070
    74
1070
     0
1000
MTEXTEND
  0
LWPOLYLINE
  5
18E4
330
1F
100
AcDbEntity
  8
Rebaixo
 62
     6
100
AcDbPolyline
 90
        4
 70
     1
 43
0.0
 10
3850.500000309999
 20
439.5000000998743
 10
4150.500000309999
 20
439.5000000998743
 10
4150.500000309999
 20
319.5000000998744
 10
3850.500000309999
 20
319.5000000998744
  0
MTEXT
  5
18E5
330
1F
100
AcDbEntity
  8
Rebaixo
 62
     6
100
AcDbMText
 10
3978.055300691412
 20
358.9472208723791
 30
0.0
 40
10.0
 41
56.17522345669567
 71
     7
 72
     5
  1
reb 30
 73
     1
 44
1.0
1001
ACAD
1000
ACAD_MTEXT_COLUMN_INFO_BEGIN
1070
    75
1070
     2
1070
    79
1070
     0
1070
    76
1070
     1
1070
    78
1070
     0
1070
    48
1040
56.17522345669567
1070
    49
1040
12.5
1070
    50
1070
     1
1040
0.0
1000
ACAD_MTEXT_COLUMN_INFO_END
1000
MTEXTBEGIN
1070
    73
1070
     1
1070
    44
1040
1.0
1070
    74
1070
     0
1000
MTEXTEND
  0
LWPOLYLINE
  5
19B3
330
1F
100
AcDbEntity
  8
Rebaixo
 62
   241
100
AcDbPolyline
 90
        6
 70
     1
 43
0.0
 10
3566.831100309989
 20
1701.469061099999
 10
3566.831100309989
 20
1718.469061099999
 42
-0.4142135623730951
 10
3579.831100309989
 20
1731.469061099999
 10
3697.831100309989
 20
1731.469061099999
 42
-0.4142135623730951
 10
3710.831100309989
 20
1718.469061099999
 10
3710.831100309989
 20
1701.469061099999
  0
MTEXT
  5
19B4
330
1F
100
AcDbEntity
  8
Rebaixo
 62
   241
100
AcDbMText
 10
3651.838526561647
 20
1722.886169348482
 30
0.0
 40
10.0
 41
54.11616226276056
 71
     7
 72
     5
  1
reb 30
 11
-1.0
 21
0.0
 31
0.0
 73
     1
 44
1.0
1001
ACAD
1000
ACAD_MTEXT_COLUMN_INFO_BEGIN
1070
    75
1070
     2
1070
    79
1070
     0
1070
    76
1070
     1
1070
    78
1070
     0
1070
    48
1040
54.11616226276056
1070
    49
1040
12.5
1070
    50
1070
     1
1040
0.0
1000
ACAD_MTEXT_COLUMN_INFO_END
1000
MTEXTBEGIN
1070
    73
1070
     1
1070
    44
1040
1.0
1070
    74
1070
     0
1000
MTEXTEND
  0
LWPOLYLINE
  5
19B7
330
1F
100
AcDbEntity
  8
Rebaixo
 62
   241
100
AcDbPolyline
 90
        6
 70
     1
 43
0.0
 10
3516.831100309999
 20
1671.9550521
 10
3533.831100309999
 20
1671.9550521
 42
-0.4142135623730951
 10
3546.831100309999
 20
1658.9550521
 10
3546.831100309999
 20
1540.9550521
 42
-0.4142135623730951
 10
3533.831100309999
 20
1527.9550521
 10
3516.831100309999
 20
1527.9550521
  0
MTEXT
  5
19B8
330
1F
100
AcDbEntity
  8
Rebaixo
 62
   241
100
AcDbMText
 10
3538.248208558482
 20
1586.947625848342
 30
0.0
 40
10.0
 41
54.11616226276056
 71
     7
 72
     5
  1
reb 30
 11
-0.0000000000000001
 21
1.0
 31
0.0
 73
     1
 44
1.0
1001
ACAD
1000
ACAD_MTEXT_COLUMN_INFO_BEGIN
1070
    75
1070
     2
1070
    79
1070
     0
1070
    76
1070
     1
1070
    78
1070
     0
1070
    48
1040
54.11616226276056
1070
    49
1040
12.5
1070
    50
1070
     1
1040
0.0
1000
ACAD_MTEXT_COLUMN_INFO_END
1000
MTEXTBEGIN
1070
    73
1070
     1
1070
    44
1040
1.0
1070
    74
1070
     0
1000
MTEXTEND
  0
LWPOLYLINE
  5
19C4
330
1F
100
AcDbEntity
  8
Rebaixo
 62
   241
100
AcDbPolyline
 90
        6
 70
     1
 43
0.0
 10
5096.561000309999
 20
56.81481210000083
 10
5096.561000309999
 20
39.81481210000083
 42
-0.4142135623730951
 10
5083.561000309999
 20
26.81481210000084
 10
4965.56100031
 20
26.81481210000084
 42
-0.4142135623730951
 10
4952.561000309999
 20
39.81481210000083
 10
4952.561000309999
 20
56.81481210000083
  0
MTEXT
  5
19C5
330
1F
100
AcDbEntity
  8
Rebaixo
 62
   241
100
AcDbMText
 10
5011.553574058342
 20
35.39770385151815
 30
0.0
 40
10.0
 41
54.11616226276056
 71
     7
 72
     5
  1
reb 30
 73
     1
 44
1.0
1001
ACAD
1000
ACAD_MTEXT_COLUMN_INFO_BEGIN
1070
    75
1070
     2
1070
    79
1070
     0
1070
    76
1070
     1
1070
    78
1070
     0
1070
    48
1040
54.11616226276056
1070
    49
1040
12.5
1070
    50
1070
     1
1040
0.0
1000
ACAD_MTEXT_COLUMN_INFO_END
1000
MTEXTBEGIN
1070
    73
1070
     1
1070
    44
1040
1.0
1070
    74
1070
     0
1000
MTEXTEND
  0
LWPOLYLINE
  5
1A05
330
1F
100
AcDbEntity
  8
Rebaixo
 62
     3
100
AcDbPolyline
 90
       10
 70
     1
 43
0.0
 10
5030.973334122997
 20
1117.0595271
 10
5030.973334122997
 20
1105.0595271
 10
5103.486700309988
 20
1105.0595271
 42
0.3173716188138715
 10
5116.486700309987
 20
1120.0595271
 10
5116.486700309987
 20
1368.0595271
 42
0.4142135623730951
 10
5103.486700309988
 20
1381.0595271
 10
5093.486700309988
 20
1381.0595271
 10
5093.486700309988
 20
1209.0595271
 10
5061.528925641987
 20
1129.596952250076
 42
-0.306166319175536
 10
5042.973334122997
 20
1117.0595271
  0
MTEXT
  5
1A06
330
1F
100
AcDbEntity
  8
Rebaixo
 62
     3
100
AcDbMText
 10
5084.60373256969
 20
1124.406359440874
 30
0.0
 40
10.0
 41
56.65414118562694
 71
     1
 72
     5
  1
reb 12
 11
0.0000000000000001
 21
1.0
 31
0.0
 73
     1
 44
1.0
1001
ACAD
1000
ACAD_MTEXT_COLUMN_INFO_BEGIN
1070
    75
1070
     2
1070
    79
1070
     0
1070
    76
1070
     1
1070
    78
1070
     0
1070
    48
1040
56.65414118562694
1070
    49
1040
12.5
1070
    50
1070
     1
1040
0.0
1000
ACAD_MTEXT_COLUMN_INFO_END
1000
MTEXTBEGIN
1070
    73
1070
     1
1070
    44
1040
1.0
1070
    74
1070
     0
1000
MTEXTEND
  0
LWPOLYLINE
  5
1A0D
330
1F
100
AcDbEntity
  8
Rebaixo
 62
     1
100
AcDbPolyline
 90
       10
 70
     1
 43
0.0
 10
4556.142666497001
 20
1044.493321100001
 10
4556.142666497001
 20
1032.493321100001
 10
4483.62930031001
 20
1032.493321100001
 42
-0.3173716188138715
 10
4470.62930031001
 20
1047.493321100001
 10
4470.62930031001
 20
1295.493321100001
 42
-0.4142135623730951
 10
4483.62930031001
 20
1308.493321100001
 10
4493.62930031001
 20
1308.493321100001
 10
4493.62930031001
 20
1136.493321100001
 10
4525.587074978011
 20
1057.030746250077
 42
0.306166319175536
 10
4544.142666497001
 20
1044.493321100001
  0
MTEXT
  5
1A0E
330
1F
100
AcDbEntity
  8
Rebaixo
 62
     1
100
AcDbMText
 10
4502.512268050307
 20
1109.902174747172
 30
0.0
 40
10.0
 41
56.65414118562694
 71
     1
 72
     5
  1
reb 12
 11
-0.0000000000000001
 21
-1.0
 31
0.0
 73
     1
 44
1.0
1001
ACAD
1000
ACAD_MTEXT_COLUMN_INFO_BEGIN
1070
    75
1070
     2
1070
    79
1070
     0
1070
    76
1070
     1
1070
    78
1070
     0
1070
    48
1040
56.65414118562694
1070
    49
1040
12.5
1070
    50
1070
     1
1040
0.0
1000
ACAD_MTEXT_COLUMN_INFO_END
1000
MTEXTBEGIN
1070
    73
1070
     1
1070
    44
1040
1.0
1070
    74
1070
     0
1000
MTEXTEND
  0
LWPOLYLINE
  5
1A0F
330
1F
100
AcDbEntity
  8
Rebaixo
 62
     1
100
AcDbPolyline
 90
       10
 70
     1
 43
0.0
 10
2718.513366496991
 20
826.2941691000005
 10
2718.513366496991
 20
814.2941691000006
 10
2646.00000031
 20
814.2941691000006
 42
-0.3173716188138715
 10
2633.00000031
 20
829.2941691000006
 10
2633.00000031
 20
1077.2941691
 42
-0.4142135623730951
 10
2646.00000031
 20
1090.2941691
 10
2656.00000031
 20
1090.2941691
 10
2656.00000031
 20
918.2941691000005
 10
2687.957774978
 20
838.8315942500767
 42
0.306166319175536
 10
2706.513366496991
 20
826.2941691000005
  0
MTEXT
  5
1A10
330
1F
100
AcDbEntity
  8
Rebaixo
 62
     1
100
AcDbMText
 10
2651.03639533867
 20
833.6410014408748
 30
0.0
 40
10.0
 41
56.65414118562694
 71
     1
 72
     5
  1
reb 12
 11
0.0000000000000001
 21
1.0
 31
0.0
 73
     1
 44
1.0
1001
ACAD
1000
ACAD_MTEXT_COLUMN_INFO_BEGIN
1070
    75
1070
     2
1070
    79
1070
     0
1070
    76
1070
     1
1070
    78
1070
     0
1070
    48
1040
56.65414118562694
1070
    49
1040
12.5
1070
    50
1070
     1
1040
0.0
1000
ACAD_MTEXT_COLUMN_INFO_END
1000
MTEXTBEGIN
1070
    73
1070
     1
1070
    44
1040
1.0
1070
    74
1070
     0
1000
MTEXTEND
  0
LWPOLYLINE
  5
1A13
330
1F
100
AcDbEntity
  8
Rebaixo
 62
     1
100
AcDbPolyline
 90
       10
 70
     1
 43
0.0
 10
3409.500000309999
 20
843.5030702869912
 10
3421.500000309999
 20
843.5030702869912
 10
3421.500000309999
 20
770.9897040999999
 42
-0.3173716188138715
 10
3406.500000309999
 20
757.9897040999999
 10
3158.500000309999
 20
757.9897040999999
 42
-0.4142135623730951
 10
3145.500000309999
 20
770.9897040999999
 10
3145.500000309999
 20
780.9897040999999
 10
3317.500000309999
 20
780.9897040999999
 10
3396.962575159923
 20
812.9474787680006
 42
0.306166319175536
 10
3409.500000309999
 20
831.5030702869913
  0
MTEXT
  5
1A14
330
1F
100
AcDbEntity
  8
Rebaixo
 62
     1
100
AcDbMText
 10
3354.201170346948
 20
789.8726718402972
 30
0.0
 40
10.0
 41
56.65414118562694
 71
     1
 72
     5
  1
reb 12
 73
     1
 44
1.0
1001
ACAD
1000
ACAD_MTEXT_COLUMN_INFO_BEGIN
1070
    75
1070
     2
1070
    79
1070
     0
1070
    76
1070
     1
1070
    78
1070
     0
1070
    48
1040
56.65414118562694
1070
    49
1040
12.5
1070
    50
1070
     1
1040
0.0
1000
ACAD_MTEXT_COLUMN_INFO_END
1000
MTEXTBEGIN
1070
    73
1070
     1
1070
    44
1040
1.0
1070
    74
1070
     0
1000
MTEXTEND
  0
ENDSEC
  0
SECTION
  2
OBJECTS
  0
DICTIONARY
  5
C
330
0
100
AcDbDictionary
281
     1
  3
ACAD_CIP_PREVIOUS_PRODUCT_INFO
350
378
  3
ACAD_COLOR
350
31D
  3
ACAD_DETAILVIEWSTYLE
350
375
  3
ACAD_FIELDLIST
350
31E
  3
ACAD_GROUP
350
D
  3
ACAD_IMAGE_DICT
350
31F
  3
ACAD_LAST_SAVED_VERSION_INFO
350
1A30
  3
ACAD_LAYOUT
350
1A
  3
ACAD_MATERIAL
350
320
  3
ACAD_MLEADERSTYLE
350
321
  3
ACAD_MLINESTYLE
350
17
  3
ACAD_PLOTSETTINGS
350
19
  3
ACAD_PLOTSTYLENAME
350
E
  3
ACAD_SCALELIST
350
30B
  3
ACAD_SECTIONVIEWSTYLE
350
373
  3
ACAD_TABLESTYLE
350
323
  3
ACAD_VISUALSTYLE
350
32B
  3
ACDB_RECOMPOSE_DATA
350
1B40
  3
AcDbVariableDictionary
350
328
  3
DWGPROPS
350
1B41
  0
DICTIONARY
  5
382
330
2
100
AcDbDictionary
280
     1
281
     1
  3
ACAD_LAYERSTATES
360
383
  0
DICTIONARY
  5
1A31
330
10
100
AcDbDictionary
280
     1
281
     1
  3
ADSK_XREC_LAYER_RECONCILED
360
1A32
  0
DICTIONARY
  5
1A33
330
27
100
AcDbDictionary
280
     1
281
     1
  3
ADSK_XREC_LAYER_RECONCILED
360
1A34
  0
DICTIONARY
  5
1A35
330
28
100
AcDbDictionary
280
     1
281
     1
  3
ADSK_XREC_LAYER_RECONCILED
360
1A36
  0
DICTIONARY
  5
1A37
330
29
100
AcDbDictionary
280
     1
281
     1
  3
ADSK_XREC_LAYER_RECONCILED
360
1A38
  0
DICTIONARY
  5
1A39
330
2A
100
AcDbDictionary
280
     1
281
     1
  3
ADSK_XREC_LAYER_RECONCILED
360
1A3A
  0
DICTIONARY
  5
1A3B
330
2B
100
AcDbDictionary
280
     1
281
     1
  3
ADSK_XREC_LAYER_RECONCILED
360
1A3C
  0
DICTIONARY
  5
1A3D
330
2C
100
AcDbDictionary
280
     1
281
     1
  3
ADSK_XREC_LAYER_RECONCILED
360
1A3E
  0
DICTIONARY
  5
1A3F
330
2D
100
AcDbDictionary
280
     1
281
     1
  3
ADSK_XREC_LAYER_RECONCILED
360
1A40
  0
DICTIONARY
  5
1A41
330
2E
100
AcDbDictionary
280
     1
281
     1
  3
ADSK_XREC_LAYER_RECONCILED
360
1A42
  0
DICTIONARY
  5
1A43
330
2F
100
AcDbDictionary
280
     1
281
     1
  3
ADSK_XREC_LAYER_RECONCILED
360
1A44
  0
DICTIONARY
  5
1A45
330
30
100
AcDbDictionary
280
     1
281
     1
  3
ADSK_XREC_LAYER_RECONCILED
360
1A46
  0
DICTIONARY
  5
1A47
330
31
100
AcDbDictionary
280
     1
281
     1
  3
ADSK_XREC_LAYER_RECONCILED
360
1A48
  0
DICTIONARY
  5
1A49
330
32
100
AcDbDictionary
280
     1
281
     1
  3
ADSK_XREC_LAYER_RECONCILED
360
1A4A
  0
DICTIONARY
  5
1A4B
330
33
100
AcDbDictionary
280
     1
281
     1
  3
ADSK_XREC_LAYER_RECONCILED
360
1A4C
  0
DICTIONARY
  5
1A4D
330
34
100
AcDbDictionary
280
     1
281
     1
  3
ADSK_XREC_LAYER_RECONCILED
360
1A4E
  0
DICTIONARY
  5
1A4F
330
35
100
AcDbDictionary
280
     1
281
     1
  3
ADSK_XREC_LAYER_RECONCILED
360
1A50
  0
DICTIONARY
  5
1A51
330
36
100
AcDbDictionary
280
     1
281
     1
  3
ADSK_XREC_LAYER_RECONCILED
360
1A52
  0
DICTIONARY
  5
1A53
330
37
100
AcDbDictionary
280
     1
281
     1
  3
ADSK_XREC_LAYER_RECONCILED
360
1A54
  0
DICTIONARY
  5
1A55
330
38
100
AcDbDictionary
280
     1
281
     1
  3
ADSK_XREC_LAYER_RECONCILED
360
1A56
  0
DICTIONARY
  5
1A57
330
39
100
AcDbDictionary
280
     1
281
     1
  3
ADSK_XREC_LAYER_RECONCILED
360
1A58
  0
DICTIONARY
  5
1A59
330
3A
100
AcDbDictionary
280
     1
281
     1
  3
ADSK_XREC_LAYER_RECONCILED
360
1A5A
  0
DICTIONARY
  5
1A5B
330
3B
100
AcDbDictionary
280
     1
281
     1
  3
ADSK_XREC_LAYER_RECONCILED
360
1A5C
  0
DICTIONARY
  5
1A5D
330
3C
100
AcDbDictionary
280
     1
281
     1
  3
ADSK_XREC_LAYER_RECONCILED
360
1A5E
  0
XRECORD
  5
378
102
{ACAD_REACTORS
330
C
102
}
330
C
100
AcDbXrecord
280
     1
300
ACDLT
300
2025
300

  0
DICTIONARY
  5
31D
102
{ACAD_REACTORS
330
C
102
}
330
C
100
AcDbDictionary
281
     1
  0
DICTIONARY
  5
375
102
{ACAD_REACTORS
330
C
102
}
330
C
100
AcDbDictionary
281
     1
  3
Metric50
350
376
  0
FIELDLIST
  5
31E
102
{ACAD_REACTORS
330
C
102
}
330
C
100
AcDbIdSet
 90
        0
100
AcDbFieldList
  0
DICTIONARY
  5
D
102
{ACAD_REACTORS
330
C
102
}
330
C
100
AcDbDictionary
281
     1
  0
DICTIONARY
  5
31F
102
{ACAD_REACTORS
330
C
102
}
330
C
100
AcDbDictionary
281
     1
  0
XRECORD
  5
1A30
102
{ACAD_REACTORS
330
C
102
}
330
C
100
AcDbXrecord
280
     1
300
{DBEE3542-FCD1-E641-B2CE-73FE4F38C29C}
301
{8BE9BDAB-3CE4-A149-B4F9-C280A2903A5B}
302
{DBEE3542-FCD1-E641-B2CE-73FE4F38C29C}
303

  0
DICTIONARY
  5
1A
102
{ACAD_REACTORS
330
C
102
}
330
C
100
AcDbDictionary
281
     1
  3
Layout1
350
1E
  3
Model
350
22
  0
DICTIONARY
  5
320
102
{ACAD_REACTORS
330
C
102
}
330
C
100
AcDbDictionary
281
     1
  3
ByBlock
350
33A
  3
ByLayer
350
332
  3
Global
350
342
  0
DICTIONARY
  5
321
102
{ACAD_REACTORS
330
C
102
}
330
C
100
AcDbDictionary
281
     1
  3
Standard
350
322
  0
DICTIONARY
  5
17
102
{ACAD_REACTORS
330
C
102
}
330
C
100
AcDbDictionary
281
     1
  3
STANDARD
350
18
  0
DICTIONARY
  5
19
102
{ACAD_REACTORS
330
C
102
}
330
C
100
AcDbDictionary
281
     1
  0
ACDBDICTIONARYWDFLT
  5
E
102
{ACAD_REACTORS
330
C
102
}
330
C
100
AcDbDictionary
281
     1
  3
Normal
350
F
100
AcDbDictionaryWithDefault
340
F
  0
DICTIONARY
  5
30B
102
{ACAD_REACTORS
330
C
102
}
330
C
100
AcDbDictionary
281
     1
  3
A0
350
362
  3
A1
350
363
  3
A2
350
364
  3
A3
350
365
  3
A4
350
366
  3
A5
350
367
  3
A6
350
368
  3
A7
350
369
  3
A8
350
36A
  3
A9
350
36B
  3
B0
350
36C
  3
B1
350
36D
  3
B2
350
36E
  3
B3
350
36F
  3
B4
350
370
  3
B5
350
371
  3
B6
350
372
  0
DICTIONARY
  5
373
102
{ACAD_REACTORS
330
C
102
}
330
C
100
AcDbDictionary
281
     1
  3
Metric50
350
374
  0
DICTIONARY
  5
323
102
{ACAD_REACTORS
330
C
102
}
330
C
100
AcDbDictionary
281
     1
  3
Standard
350
324
  0
DICTIONARY
  5
32B
102
{ACAD_REACTORS
330
C
102
}
330
C
100
AcDbDictionary
281
     1
  3
2dWireframe
350
34F
  3
Basic
350
34E
  3
Brighten
350
355
  3
ColorChange
350
359
  3
Conceptual
350
352
  3
Dim
350
354
  3
EdgeColorOff
350
361
  3
Facepattern
350
358
  3
Flat
350
34A
  3
FlatWithEdges
350
34B
  3
Gouraud
350
34C
  3
GouraudWithEdges
350
34D
  3
Hidden
350
351
  3
JitterOff
350
35F
  3
Linepattern
350
357
  3
OverhangOff
350
360
  3
Realistic
350
353
  3
Shaded
350
35E
  3
Shaded with edges
350
35D
  3
Shades of Gray
350
35A
  3
Sketchy
350
35B
  3
Thicken
350
356
  3
Wireframe
350
350
  3
X-Ray
350
35C
  0
XRECORD
  5
1B40
102
{ACAD_REACTORS
330
C
102
}
330
C
100
AcDbXrecord
280
     1
 90
        1
330
324
330
15EC
330
15ED
330
1605
330
17AE
330
17C6
330
17C7
330
17DE
330
17DF
330
17E0
330
17E1
330
17E2
330
17E7
330
17E8
330
17E9
330
17EA
330
17EB
330
1809
330
180A
330
180B
330
180C
330
1826
330
1827
330
1828
330
1829
330
1897
330
1898
330
1899
330
189A
330
189B
330
189C
330
189D
330
189E
330
189F
330
18A0
330
18A1
330
18A2
330
18AB
330
18AD
330
18B3
330
18B4
330
18B5
330
18B6
330
18B7
330
18B8
330
18B9
330
18BA
330
18BB
330
18BC
330
18BD
330
18BE
330
18C7
330
18C9
330
18CF
330
18D0
330
18D1
330
18D2
330
18D3
330
18D4
330
18D5
330
18D6
330
18D7
330
18D8
330
18D9
330
18DA
330
18E3
330
18E5
330
19B4
330
19B8
330
19C5
330
1A06
330
1A0E
330
1A10
330
1A14
  0
DICTIONARY
  5
328
102
{ACAD_REACTORS
330
C
102
}
330
C
100
AcDbDictionary
281
     1
  3
CANNOSCALE
350
1A63
  3
CMLEADERSTYLE
350
1A60
  3
CTABLESTYLE
350
1A5F
  3
CVIEWDETAILSTYLE
350
1A61
  3
CVIEWSECTIONSTYLE
350
1A62
  3
DIMASSOC
350
329
  3
HIDETEXT
350
32A
  3
INDEXCTL
350
1A65
  3
SORTENTS
350
1A64
  3
XCLIPFRAME
350
1A66
  0
XRECORD
  5
1B41
102
{ACAD_REACTORS
330
C
102
}
330
C
100
AcDbXrecord
280
     1
  1
DWGPROPS COOKIE
  2

  3

  4

  6

  7

  8
CristianoRVBIsolante
  9

300
=
301
=
302
=
303
=
304
=
305
=
306
=
307
=
308
=
309
=
 40
0.0443981481481482
 41
2461106.222870371
 42
2461106.767604167
  1

 90
        0
  0
DICTIONARY
  5
383
102
{ACAD_REACTORS
330
382
102
}
330
382
100
AcDbDictionary
281
     1
  0
XRECORD
  5
1A32
102
{ACAD_REACTORS
330
1A31
102
}
330
1A31
100
AcDbXrecord
280
     1
290
     1
  0
XRECORD
  5
1A34
102
{ACAD_REACTORS
330
1A33
102
}
330
1A33
100
AcDbXrecord
280
     1
290
     1
  0
XRECORD
  5
1A36
102
{ACAD_REACTORS
330
1A35
102
}
330
1A35
100
AcDbXrecord
280
     1
290
     1
  0
XRECORD
  5
1A38
102
{ACAD_REACTORS
330
1A37
102
}
330
1A37
100
AcDbXrecord
280
     1
290
     1
  0
XRECORD
  5
1A3A
102
{ACAD_REACTORS
330
1A39
102
}
330
1A39
100
AcDbXrecord
280
     1
290
     1
  0
XRECORD
  5
1A3C
102
{ACAD_REACTORS
330
1A3B
102
}
330
1A3B
100
AcDbXrecord
280
     1
290
     1
  0
XRECORD
  5
1A3E
102
{ACAD_REACTORS
330
1A3D
102
}
330
1A3D
100
AcDbXrecord
280
     1
290
     1
  0
XRECORD
  5
1A40
102
{ACAD_REACTORS
330
1A3F
102
}
330
1A3F
100
AcDbXrecord
280
     1
290
     1
  0
XRECORD
  5
1A42
102
{ACAD_REACTORS
330
1A41
102
}
330
1A41
100
AcDbXrecord
280
     1
290
     1
  0
XRECORD
  5
1A44
102
{ACAD_REACTORS
330
1A43
102
}
330
1A43
100
AcDbXrecord
280
     1
290
     1
  0
XRECORD
  5
1A46
102
{ACAD_REACTORS
330
1A45
102
}
330
1A45
100
AcDbXrecord
280
     1
290
     1
  0
XRECORD
  5
1A48
102
{ACAD_REACTORS
330
1A47
102
}
330
1A47
100
AcDbXrecord
280
     1
290
     1
  0
XRECORD
  5
1A4A
102
{ACAD_REACTORS
330
1A49
102
}
330
1A49
100
AcDbXrecord
280
     1
290
     1
  0
XRECORD
  5
1A4C
102
{ACAD_REACTORS
330
1A4B
102
}
330
1A4B
100
AcDbXrecord
280
     1
290
     1
  0
XRECORD
  5
1A4E
102
{ACAD_REACTORS
330
1A4D
102
}
330
1A4D
100
AcDbXrecord
280
     1
290
     1
  0
XRECORD
  5
1A50
102
{ACAD_REACTORS
330
1A4F
102
}
330
1A4F
100
AcDbXrecord
280
     1
290
     1
  0
XRECORD
  5
1A52
102
{ACAD_REACTORS
330
1A51
102
}
330
1A51
100
AcDbXrecord
280
     1
290
     1
  0
XRECORD
  5
1A54
102
{ACAD_REACTORS
330
1A53
102
}
330
1A53
100
AcDbXrecord
280
     1
290
     1
  0
XRECORD
  5
1A56
102
{ACAD_REACTORS
330
1A55
102
}
330
1A55
100
AcDbXrecord
280
     1
290
     1
  0
XRECORD
  5
1A58
102
{ACAD_REACTORS
330
1A57
102
}
330
1A57
100
AcDbXrecord
280
     1
290
     1
  0
XRECORD
  5
1A5A
102
{ACAD_REACTORS
330
1A59
102
}
330
1A59
100
AcDbXrecord
280
     1
290
     1
  0
XRECORD
  5
1A5C
102
{ACAD_REACTORS
330
1A5B
102
}
330
1A5B
100
AcDbXrecord
280
     1
290
     1
  0
XRECORD
  5
1A5E
102
{ACAD_REACTORS
330
1A5D
102
}
330
1A5D
100
AcDbXrecord
280
     1
290
     1
  0
ACDBDETAILVIEWSTYLE
  5
376
102
{ACAD_XDICTIONARY
360
1B7C
102
}
102
{ACAD_REACTORS
330
375
102
}
330
375
100
AcDbModelDocViewStyle
 70
     0
  3
Metric50
290
     0
100
AcDbDetailViewStyle
 70
     0
 71
     0
 90
        3
 71
     1
340
11
 40
5.0
340
0
 40
5.0
300

 40
0.0
280
     1
 71
     2
340
16
 90
       25
 71
     3
340
11
 40
5.0
 90
        0
 40
15.0
 90
        1
300
%<\AcVar ViewDetailId>% (%<\AcVar ViewScale \f "%sn">%)
 71
     4
340
16
 90
       25
340
16
 90
       25
280
     0
  0
LAYOUT
  5
1E
102
{ACAD_XDICTIONARY
360
1B42
102
}
102
{ACAD_REACTORS
330
1A
102
}
330
1A
100
AcDbPlotSettings
  1

  2
C:\Program Files\AutoCAD 2002\plotters\DWF ePlot (optimized for plotting).pc3
  4

  6

 40
0.0
 41
0.0
 42
0.0
 43
0.0
 44
0.0
 45
0.0
 46
0.0
 47
0.0
 48
0.0
 49
0.0
140
0.0
141
0.0
142
1.0
143
1.0
 70
   688
 72
     1
 73
     1
 74
     1
  7
acad.stb
 75
    16
147
1.0
148
0.0
149
0.0
100
AcDbLayout
  1
Layout1
 70
     1
 71
     1
 10
0.0
 20
0.0
 11
0.0
 21
0.0
 12
0.0
 22
0.0
 32
0.0
 14
1.000000000000000E+20
 24
1.000000000000000E+20
 34
1.000000000000000E+20
 15
-1.000000000000000E+20
 25
-1.000000000000000E+20
 35
-1.000000000000000E+20
146
0.0
 13
0.0
 23
0.0
 33
0.0
 16
1.0
 26
0.0
 36
0.0
 17
0.0
 27
1.0
 37
0.0
 76
     0
330
306
  0
LAYOUT
  5
22
102
{ACAD_XDICTIONARY
360
1B44
102
}
102
{ACAD_REACTORS
330
1A
102
}
330
1A
100
AcDbPlotSettings
  1

  2
C:\Program Files\AutoCAD 2002\plotters\DWF ePlot (optimized for plotting).pc3
  4

  6

 40
0.0
 41
0.0
 42
0.0
 43
0.0
 44
0.0
 45
0.0
 46
0.0
 47
0.0
 48
0.0
 49
0.0
140
0.0
141
0.0
142
1.0
143
1.0
 70
  1712
 72
     1
 73
     1
 74
     0
  7
acad.stb
 75
     0
147
1.0
148
0.0
149
0.0
100
AcDbLayout
  1
Model
 70
     1
 71
     0
 10
0.0
 20
0.0
 11
12.0
 21
9.0
 12
0.0
 22
0.0
 32
0.0
 14
0.0
 24
0.0
 34
0.0
 15
0.0
 25
0.0
 35
0.0
146
0.0
 13
0.0
 23
0.0
 33
0.0
 16
1.0
 26
0.0
 36
0.0
 17
0.0
 27
1.0
 37
0.0
 76
     0
330
1F
331
30A
  0
MATERIAL
  5
33A
102
{ACAD_XDICTIONARY
360
33B
102
}
102
{ACAD_REACTORS
330
320
102
}
330
320
100
AcDbMaterial
  1
ByBlock
 72
     0
 43
0.0008202099737533
 43
0.0
 43
0.0
 43
0.0
 43
0.0
 43
0.0008202099737533
 43
0.0
 43
0.0
 43
0.0
 43
0.0
 43
1.0
 43
0.0
 43
0.0
 43
0.0
 43
0.0
 43
1.0
 77
     0
 47
0.0008202099737533
 47
0.0
 47
0.0
 47
0.0
 47
0.0
 47
0.0008202099737533
 47
0.0
 47
0.0
 47
0.0
 47
0.0
 47
1.0
 47
0.0
 47
0.0
 47
0.0
 47
0.0
 47
1.0
171
     0
 49
0.0008202099737533
 49
0.0
 49
0.0
 49
0.0
 49
0.0
 49
0.0008202099737533
 49
0.0
 49
0.0
 49
0.0
 49
0.0
 49
1.0
 49
0.0
 49
0.0
 49
0.0
 49
0.0
 49
1.0
175
     0
142
0.0008202099737533
142
0.0
142
0.0
142
0.0
142
0.0
142
0.0008202099737533
142
0.0
142
0.0
142
0.0
142
0.0
142
1.0
142
0.0
142
0.0
142
0.0
142
0.0
142
1.0
179
     0
144
0.0008202099737533
144
0.0
144
0.0
144
0.0
144
0.0
144
0.0008202099737533
144
0.0
144
0.0
144
0.0
144
0.0
144
1.0
144
0.0
144
0.0
144
0.0
144
0.0
144
1.0
147
0.0008202099737533
147
0.0
147
0.0
147
0.0
147
0.0
147
0.0008202099737533
147
0.0
147
0.0
147
0.0
147
0.0
147
1.0
147
0.0
147
0.0
147
0.0
147
0.0
147
1.0
  0
MATERIAL
  5
332
102
{ACAD_XDICTIONARY
360
333
102
}
102
{ACAD_REACTORS
330
320
102
}
330
320
100
AcDbMaterial
  1
ByLayer
 72
     0
 43
0.0008202099737533
 43
0.0
 43
0.0
 43
0.0
 43
0.0
 43
0.0008202099737533
 43
0.0
 43
0.0
 43
0.0
 43
0.0
 43
1.0
 43
0.0
 43
0.0
 43
0.0
 43
0.0
 43
1.0
 77
     0
 47
0.0008202099737533
 47
0.0
 47
0.0
 47
0.0
 47
0.0
 47
0.0008202099737533
 47
0.0
 47
0.0
 47
0.0
 47
0.0
 47
1.0
 47
0.0
 47
0.0
 47
0.0
 47
0.0
 47
1.0
171
     0
 49
0.0008202099737533
 49
0.0
 49
0.0
 49
0.0
 49
0.0
 49
0.0008202099737533
 49
0.0
 49
0.0
 49
0.0
 49
0.0
 49
1.0
 49
0.0
 49
0.0
 49
0.0
 49
0.0
 49
1.0
175
     0
142
0.0008202099737533
142
0.0
142
0.0
142
0.0
142
0.0
142
0.0008202099737533
142
0.0
142
0.0
142
0.0
142
0.0
142
1.0
142
0.0
142
0.0
142
0.0
142
0.0
142
1.0
179
     0
144
0.0008202099737533
144
0.0
144
0.0
144
0.0
144
0.0
144
0.0008202099737533
144
0.0
144
0.0
144
0.0
144
0.0
144
1.0
144
0.0
144
0.0
144
0.0
144
0.0
144
1.0
147
0.0008202099737533
147
0.0
147
0.0
147
0.0
147
0.0
147
0.0008202099737533
147
0.0
147
0.0
147
0.0
147
0.0
147
1.0
147
0.0
147
0.0
147
0.0
147
0.0
147
1.0
  0
MATERIAL
  5
342
102
{ACAD_XDICTIONARY
360
343
102
}
102
{ACAD_REACTORS
330
320
102
}
330
320
100
AcDbMaterial
  1
Global
 72
     0
 43
0.0008202099737533
 43
0.0
 43
0.0
 43
0.0
 43
0.0
 43
0.0008202099737533
 43
0.0
 43
0.0
 43
0.0
 43
0.0
 43
1.0
 43
0.0
 43
0.0
 43
0.0
 43
0.0
 43
1.0
 77
     0
 47
0.0008202099737533
 47
0.0
 47
0.0
 47
0.0
 47
0.0
 47
0.0008202099737533
 47
0.0
 47
0.0
 47
0.0
 47
0.0
 47
1.0
 47
0.0
 47
0.0
 47
0.0
 47
0.0
 47
1.0
171
     0
 49
0.0008202099737533
 49
0.0
 49
0.0
 49
0.0
 49
0.0
 49
0.0008202099737533
 49
0.0
 49
0.0
 49
0.0
 49
0.0
 49
1.0
 49
0.0
 49
0.0
 49
0.0
 49
0.0
 49
1.0
175
     0
142
0.0008202099737533
142
0.0
142
0.0
142
0.0
142
0.0
142
0.0008202099737533
142
0.0
142
0.0
142
0.0
142
0.0
142
1.0
142
0.0
142
0.0
142
0.0
142
0.0
142
1.0
179
     0
144
0.0008202099737533
144
0.0
144
0.0
144
0.0
144
0.0
144
0.0008202099737533
144
0.0
144
0.0
144
0.0
144
0.0
144
1.0
144
0.0
144
0.0
144
0.0
144
0.0
144
1.0
147
0.0008202099737533
147
0.0
147
0.0
147
0.0
147
0.0
147
0.0008202099737533
147
0.0
147
0.0
147
0.0
147
0.0
147
1.0
147
0.0
147
0.0
147
0.0
147
0.0
147
1.0
  0
MLEADERSTYLE
  5
322
102
{ACAD_REACTORS
330
321
102
}
330
321
100
AcDbMLeaderStyle
170
     2
171
     1
172
     0
 90
        2
 40
0.0
 41
0.0
173
     1
 91
-1073741824
 92
       -2
290
     1
 42
0.09
291
     1
 43
0.36
  3
Standard
 44
0.18
300

174
     1
178
     1
175
     1
176
     0
 93
-1073741824
 45
0.18
292
     0
297
     0
 46
0.0
 94
-1073741824
 47
1.0
 49
1.0
140
1.0
293
     1
141
0.0
294
     1
177
     0
142
1.0
295
     0
296
     0
143
0.125
1001
ACAD_MLEADERVER
1070
     2
  0
MLINESTYLE
  5
18
102
{ACAD_REACTORS
330
17
102
}
330
17
100
AcDbMlineStyle
  2
STANDARD
 70
     0
  3

 62
   256
 51
90.0
 52
90.0
 71
     2
 49
0.5
 62
     0
  6
BYLAYER
 49
-0.5
 62
     0
  6
BYLAYER
  0
ACDBPLACEHOLDER
  5
F
102
{ACAD_REACTORS
330
E
102
}
330
E
  0
SCALE
  5
362
102
{ACAD_REACTORS
330
30B
102
}
330
30B
100
AcDbScale
 70
     0
300
1:1
140
1.0
141
1.0
290
     1
  0
SCALE
  5
363
102
{ACAD_REACTORS
330
30B
102
}
330
30B
100
AcDbScale
 70
     0
300
1:2
140
1.0
141
2.0
290
     0
  0
SCALE
  5
364
102
{ACAD_REACTORS
330
30B
102
}
330
30B
100
AcDbScale
 70
     0
300
1:4
140
1.0
141
4.0
290
     0
  0
SCALE
  5
365
102
{ACAD_REACTORS
330
30B
102
}
330
30B
100
AcDbScale
 70
     0
300
1:5
140
1.0
141
5.0
290
     0
  0
SCALE
  5
366
102
{ACAD_REACTORS
330
30B
102
}
330
30B
100
AcDbScale
 70
     0
300
1:8
140
1.0
141
8.0
290
     0
  0
SCALE
  5
367
102
{ACAD_REACTORS
330
30B
102
}
330
30B
100
AcDbScale
 70
     0
300
1:10
140
1.0
141
10.0
290
     0
  0
SCALE
  5
368
102
{ACAD_REACTORS
330
30B
102
}
330
30B
100
AcDbScale
 70
     0
300
1:16
140
1.0
141
16.0
290
     0
  0
SCALE
  5
369
102
{ACAD_REACTORS
330
30B
102
}
330
30B
100
AcDbScale
 70
     0
300
1:20
140
1.0
141
20.0
290
     0
  0
SCALE
  5
36A
102
{ACAD_REACTORS
330
30B
102
}
330
30B
100
AcDbScale
 70
     0
300
1:30
140
1.0
141
30.0
290
     0
  0
SCALE
  5
36B
102
{ACAD_REACTORS
330
30B
102
}
330
30B
100
AcDbScale
 70
     0
300
1:40
140
1.0
141
40.0
290
     0
  0
SCALE
  5
36C
102
{ACAD_REACTORS
330
30B
102
}
330
30B
100
AcDbScale
 70
     0
300
1:50
140
1.0
141
50.0
290
     0
  0
SCALE
  5
36D
102
{ACAD_REACTORS
330
30B
102
}
330
30B
100
AcDbScale
 70
     0
300
1:100
140
1.0
141
100.0
290
     0
  0
SCALE
  5
36E
102
{ACAD_REACTORS
330
30B
102
}
330
30B
100
AcDbScale
 70
     0
300
2:1
140
2.0
141
1.0
290
     0
  0
SCALE
  5
36F
102
{ACAD_REACTORS
330
30B
102
}
330
30B
100
AcDbScale
 70
     0
300
4:1
140
4.0
141
1.0
290
     0
  0
SCALE
  5
370
102
{ACAD_REACTORS
330
30B
102
}
330
30B
100
AcDbScale
 70
     0
300
8:1
140
8.0
141
1.0
290
     0
  0
SCALE
  5
371
102
{ACAD_REACTORS
330
30B
102
}
330
30B
100
AcDbScale
 70
     0
300
10:1
140
10.0
141
1.0
290
     0
  0
SCALE
  5
372
102
{ACAD_REACTORS
330
30B
102
}
330
30B
100
AcDbScale
 70
     0
300
100:1
140
100.0
141
1.0
290
     0
  0
ACDBSECTIONVIEWSTYLE
  5
374
102
{ACAD_XDICTIONARY
360
1B7A
102
}
102
{ACAD_REACTORS
330
373
102
}
330
373
100
AcDbModelDocViewStyle
 70
     0
  3
Metric50
290
     0
100
AcDbSectionViewStyle
 70
     0
 71
     0
 90
      102
 71
     1
340
11
 40
5.0
340
0
340
0
 40
5.0
300
I, O, Q, S, X, Z
 40
10.0
 90
        0
 40
2.5
 90
        0
 71
     2
340
16
 90
       25
340
16
 90
       50
 40
5.0
 40
2.5
 40
5.0
 71
     3
340
11
 40
5.0
 90
        0
 40
15.0
 90
        1
300
%<\AcVar ViewSectionStartId>%-%<\AcVar ViewSectionEndId>% (%<\AcVar ViewScale \f "%sn">%)
 71
     4
300
ANSI31
 40
1.0
 90
        0
290
     0
290
     0
 90
        6
 40
0.0
 40
1.570796326794896
 40
0.2617993877991494
 40
1.308996938995747
 40
-0.2617993877991494
 40
1.832595714594046
  0
TABLESTYLE
  5
324
102
{ACAD_XDICTIONARY
360
325
102
}
102
{ACAD_REACTORS
330
323
102
}
330
323
100
AcDbTableStyle
  3

 70
     0
 71
     0
 40
0.06
 41
0.06
280
     0
281
     0
  7
Standard
140
0.18
170
     1
 62
     0
 63
     7
283
     0
274
    -2
284
     1
 64
     0
275
    -2
285
     1
 65
     0
276
    -2
286
     1
 66
     0
277
    -2
287
     1
 67
     0
278
    -2
288
     1
 68
     0
279
    -2
289
     1
 69
     0
  7
Standard
140
0.18
170
     1
 62
     0
 63
     7
283
     0
274
    -2
284
     1
 64
     0
275
    -2
285
     1
 65
     0
276
    -2
286
     1
 66
     0
277
    -2
287
     1
 67
     0
278
    -2
288
     1
 68
     0
279
    -2
289
     1
 69
     0
  7
Standard
140
0.18
170
     1
 62
     0
 63
     7
283
     0
274
    -2
284
     1
 64
     0
275
    -2
285
     1
 65
     0
276
    -2
286
     1
 66
     0
277
    -2
287
     1
 67
     0
278
    -2
288
     1
 68
     0
279
    -2
289
     1
 69
     0
  0
VISUALSTYLE
  5
34F
102
{ACAD_XDICTIONARY
360
1B54
102
}
102
{ACAD_REACTORS
330
32B
102
}
330
32B
100
AcDbVisualStyle
  2
2dWireframe
 70
     4
 71
     0
 72
     2
 73
     0
 90
        0
 40
-0.6
 41
-30.0
 62
     5
 63
     7
 74
     1
 91
        4
 64
     7
 65
   257
 75
     1
175
     1
 42
1.0
 92
        0
 66
   257
 43
1.0
 76
     1
 77
     6
 78
     2
 67
     7
 79
     5
170
     0
171
     0
290
     0
174
     0
 93
        1
 44
0.0
173
     0
291
     0
 45
0.0
1001
ACAD
1000
AcDbSavedByObjectVersion
1070
     0
  0
VISUALSTYLE
  5
34E
102
{ACAD_XDICTIONARY
360
1B52
102
}
102
{ACAD_REACTORS
330
32B
102
}
330
32B
100
AcDbVisualStyle
  2
Basic
 70
     7
 71
     1
 72
     0
 73
     1
 90
        0
 40
-0.6
 41
-30.0
 62
     5
 63
     7
 74
     0
 91
        4
 64
     7
 65
   257
 75
     1
175
     1
 42
1.0
 92
        8
 66
     7
 43
1.0
 76
     1
 77
     6
 78
     2
 67
     7
 79
     5
170
     0
171
     0
290
     0
174
     0
 93
        1
 44
0.0
173
     0
291
     1
 45
0.0
1001
ACAD
1000
AcDbSavedByObjectVersion
1070
     0
  0
VISUALSTYLE
  5
355
102
{ACAD_XDICTIONARY
360
1B60
102
}
102
{ACAD_REACTORS
330
32B
102
}
330
32B
100
AcDbVisualStyle
  2
Brighten
 70
    12
 71
     2
 72
     2
 73
     0
 90
        0
 40
-0.6
 41
-30.0
 62
     5
 63
     7
 74
     1
 91
        4
 64
     7
 65
   257
 75
     1
175
     1
 42
1.0
 92
        8
 66
     7
 43
1.0
 76
     1
 77
     6
 78
     2
 67
     7
 79
     5
170
     0
171
     0
290
     0
174
     0
 93
        1
 44
50.0
173
     0
291
     1
 45
0.0
1001
ACAD
1000
AcDbSavedByObjectVersion
1070
     0
  0
VISUALSTYLE
  5
359
102
{ACAD_XDICTIONARY
360
1B68
102
}
102
{ACAD_REACTORS
330
32B
102
}
330
32B
100
AcDbVisualStyle
  2
ColorChange
 70
    16
 71
     2
 72
     2
 73
     3
 90
        0
 40
-0.6
 41
-30.0
 62
     5
 63
     8
 74
     1
 91
        4
 64
     7
 65
   257
 75
     1
175
     1
 42
1.0
 92
        8
 66
     8
 43
1.0
 76
     1
 77
     6
 78
     2
 67
     7
 79
     5
170
     0
171
     0
290
     0
174
     0
 93
        1
 44
0.0
173
     0
291
     1
 45
0.0
1001
ACAD
1000
AcDbSavedByObjectVersion
1070
     0
  0
VISUALSTYLE
  5
352
102
{ACAD_XDICTIONARY
360
1B5A
102
}
102
{ACAD_REACTORS
330
32B
102
}
330
32B
100
AcDbVisualStyle
  2
Conceptual
 70
     9
 71
     3
 72
     2
 73
     0
 90
        0
 40
-0.6
 41
-30.0
 62
     5
 63
     7
 74
     2
 91
        2
 64
     7
 65
   257
 75
     1
175
     1
 42
179.0
 92
        8
 66
     7
 43
1.0
 76
     1
 77
     6
 78
     2
 67
     7
 79
     3
170
     0
171
     0
290
     0
174
     0
 93
        1
 44
0.0
173
     0
291
     0
 45
0.0
1001
ACAD
1000
AcDbSavedByObjectVersion
1070
     0
  0
VISUALSTYLE
  5
354
102
{ACAD_XDICTIONARY
360
1B5E
102
}
102
{ACAD_REACTORS
330
32B
102
}
330
32B
100
AcDbVisualStyle
  2
Dim
 70
    11
 71
     2
 72
     2
 73
     0
 90
        0
 40
-0.6
 41
-30.0
 62
     5
 63
     7
 74
     1
 91
        4
 64
     7
 65
   257
 75
     1
175
     1
 42
1.0
 92
        8
 66
     7
 43
1.0
 76
     1
 77
     6
 78
     2
 67
     7
 79
     5
170
     0
171
     0
290
     0
174
     0
 93
        1
 44
-50.0
173
     0
291
     1
 45
0.0
1001
ACAD
1000
AcDbSavedByObjectVersion
1070
     0
  0
VISUALSTYLE
  5
361
102
{ACAD_XDICTIONARY
360
1B78
102
}
102
{ACAD_REACTORS
330
32B
102
}
330
32B
100
AcDbVisualStyle
  2
EdgeColorOff
 70
    22
 71
     2
 72
     2
 73
     0
 90
        0
 40
-0.6
 41
-30.0
 62
     5
 63
     7
 74
     1
 91
        4
 64
     7
 65
   257
 75
     1
175
     1
 42
1.0
 92
        8
 66
     7
 43
1.0
 76
     1
 77
     6
 78
     2
 67
     7
 79
     5
170
     0
171
     0
290
     0
174
     0
 93
        1
 44
0.0
173
     0
291
     1
 45
0.0
1001
ACAD
1000
AcDbSavedByObjectVersion
1070
     0
  0
VISUALSTYLE
  5
358
102
{ACAD_XDICTIONARY
360
1B66
102
}
102
{ACAD_REACTORS
330
32B
102
}
330
32B
100
AcDbVisualStyle
  2
Facepattern
 70
    15
 71
     2
 72
     2
 73
     0
 90
        0
 40
-0.6
 41
-30.0
 62
     5
 63
     7
 74
     1
 91
        4
 64
     7
 65
   257
 75
     1
175
     1
 42
1.0
 92
        8
 66
     7
 43
1.0
 76
     1
 77
     6
 78
     2
 67
     7
 79
     5
170
     0
171
     0
290
     0
174
     0
 93
        1
 44
0.0
173
     0
291
     1
 45
0.0
1001
ACAD
1000
AcDbSavedByObjectVersion
1070
     0
  0
VISUALSTYLE
  5
34A
102
{ACAD_XDICTIONARY
360
1B4A
102
}
102
{ACAD_REACTORS
330
32B
102
}
330
32B
100
AcDbVisualStyle
  2
Flat
 70
     0
 71
     2
 72
     1
 73
     1
 90
        2
 40
-0.6
 41
30.0
 62
     5
 63
     7
 74
     0
 91
        0
 64
     7
 65
   257
 75
     1
175
     1
 42
1.0
 92
        8
 66
     7
 43
1.0
 76
     1
 77
     6
 78
     2
 67
     7
 79
     5
170
     0
171
     0
290
     0
174
     0
 93
       13
 44
0.0
173
     0
291
     1
 45
0.0
1001
ACAD
1000
AcDbSavedByObjectVersion
1070
     0
  0
VISUALSTYLE
  5
34B
102
{ACAD_XDICTIONARY
360
1B4C
102
}
102
{ACAD_REACTORS
330
32B
102
}
330
32B
100
AcDbVisualStyle
  2
FlatWithEdges
 70
     1
 71
     2
 72
     1
 73
     1
 90
        2
 40
-0.6
 41
30.0
 62
     5
 63
     7
 74
     1
 91
        0
 64
     7
 65
   257
 75
     1
175
     1
 42
1.0
 92
        0
 66
   257
 43
1.0
 76
     1
 77
     6
 78
     2
 67
     7
 79
     5
170
     0
171
     0
290
     0
174
     0
 93
       13
 44
0.0
173
     0
291
     1
 45
0.0
1001
ACAD
1000
AcDbSavedByObjectVersion
1070
     0
  0
VISUALSTYLE
  5
34C
102
{ACAD_XDICTIONARY
360
1B4E
102
}
102
{ACAD_REACTORS
330
32B
102
}
330
32B
100
AcDbVisualStyle
  2
Gouraud
 70
     2
 71
     2
 72
     2
 73
     1
 90
        2
 40
-0.6
 41
30.0
 62
     5
 63
     7
 74
     0
 91
        0
 64
     7
 65
   257
 75
     1
175
     1
 42
1.0
 92
        0
 66
     7
 43
1.0
 76
     1
 77
     6
 78
     2
 67
     7
 79
     5
170
     0
171
     0
290
     0
174
     0
 93
       13
 44
0.0
173
     0
291
     1
 45
0.0
1001
ACAD
1000
AcDbSavedByObjectVersion
1070
     0
  0
VISUALSTYLE
  5
34D
102
{ACAD_XDICTIONARY
360
1B50
102
}
102
{ACAD_REACTORS
330
32B
102
}
330
32B
100
AcDbVisualStyle
  2
GouraudWithEdges
 70
     3
 71
     2
 72
     2
 73
     1
 90
        2
 40
-0.6
 41
30.0
 62
     5
 63
     7
 74
     1
 91
        0
 64
     7
 65
   257
 75
     1
175
     1
 42
1.0
 92
        0
 66
   257
 43
1.0
 76
     1
 77
     6
 78
     2
 67
     7
 79
     5
170
     0
171
     0
290
     0
174
     0
 93
       13
 44
0.0
173
     0
291
     1
 45
0.0
1001
ACAD
1000
AcDbSavedByObjectVersion
1070
     0
  0
VISUALSTYLE
  5
351
102
{ACAD_XDICTIONARY
360
1B58
102
}
102
{ACAD_REACTORS
330
32B
102
}
330
32B
100
AcDbVisualStyle
  2
Hidden
 70
     6
 71
     1
 72
     2
 73
     2
 90
        0
 40
-0.6
 41
-30.0
 62
     5
 63
     7
 74
     2
 91
        2
 64
     7
 65
   257
 75
     2
175
     1
 42
40.0
 92
        0
 66
   257
 43
1.0
 76
     1
 77
     6
 78
     2
 67
     7
 79
     3
170
     0
171
     0
290
     0
174
     0
 93
        1
 44
0.0
173
     0
291
     0
 45
0.0
1001
ACAD
1000
AcDbSavedByObjectVersion
1070
     0
  0
VISUALSTYLE
  5
35F
102
{ACAD_XDICTIONARY
360
1B74
102
}
102
{ACAD_REACTORS
330
32B
102
}
330
32B
100
AcDbVisualStyle
  2
JitterOff
 70
    20
 71
     2
 72
     2
 73
     0
 90
        0
 40
-0.6
 41
-30.0
 62
     5
 63
     7
 74
     1
 91
        4
 64
     7
 65
   257
 75
     1
175
     1
 42
1.0
 92
       10
 66
     7
 43
1.0
 76
     1
 77
     6
 78
     2
 67
     7
 79
     5
170
     0
171
     0
290
     0
174
     0
 93
        1
 44
0.0
173
     0
291
     1
 45
0.0
1001
ACAD
1000
AcDbSavedByObjectVersion
1070
     0
  0
VISUALSTYLE
  5
357
102
{ACAD_XDICTIONARY
360
1B64
102
}
102
{ACAD_REACTORS
330
32B
102
}
330
32B
100
AcDbVisualStyle
  2
Linepattern
 70
    14
 71
     2
 72
     2
 73
     0
 90
        0
 40
-0.6
 41
-30.0
 62
     5
 63
     7
 74
     1
 91
        4
 64
     7
 65
   257
 75
     7
175
     7
 42
1.0
 92
        8
 66
     7
 43
1.0
 76
     1
 77
     6
 78
     2
 67
     7
 79
     5
170
     0
171
     0
290
     0
174
     0
 93
        1
 44
0.0
173
     0
291
     1
 45
0.0
1001
ACAD
1000
AcDbSavedByObjectVersion
1070
     0
  0
VISUALSTYLE
  5
360
102
{ACAD_XDICTIONARY
360
1B76
102
}
102
{ACAD_REACTORS
330
32B
102
}
330
32B
100
AcDbVisualStyle
  2
OverhangOff
 70
    21
 71
     2
 72
     2
 73
     0
 90
        0
 40
-0.6
 41
-30.0
 62
     5
 63
     7
 74
     1
 91
        4
 64
     7
 65
   257
 75
     1
175
     1
 42
1.0
 92
        9
 66
     7
 43
1.0
 76
     1
 77
     6
 78
     2
 67
     7
 79
     5
170
     0
171
     0
290
     0
174
     0
 93
        1
 44
0.0
173
     0
291
     1
 45
0.0
1001
ACAD
1000
AcDbSavedByObjectVersion
1070
     0
  0
VISUALSTYLE
  5
353
102
{ACAD_XDICTIONARY
360
1B5C
102
}
102
{ACAD_REACTORS
330
32B
102
}
330
32B
100
AcDbVisualStyle
  2
Realistic
 70
     8
 71
     2
 72
     3
 73
     0
 90
        2
 40
-0.6
 41
30.0
 62
     5
 63
     7
 74
     0
 91
        0
 64
     7
 65
   257
 75
     1
175
     1
 42
1.0
 92
        8
 66
   257
 43
1.0
 76
     1
 77
     6
 78
     2
 67
     7
 79
     3
170
     0
171
     0
290
     0
174
     0
 93
       13
 44
0.0
173
     0
291
     0
 45
0.0
1001
ACAD
1000
AcDbSavedByObjectVersion
1070
     0
  0
VISUALSTYLE
  5
35E
102
{ACAD_XDICTIONARY
360
1B72
102
}
102
{ACAD_REACTORS
330
32B
102
}
330
32B
100
AcDbVisualStyle
  2
Shaded
 70
    27
 71
     2
 72
     2
 73
     1
 90
        2
 40
-0.6
 41
30.0
 62
     5
 63
     7
 74
     0
 91
        4
 64
     7
 65
   257
 75
     1
175
     1
 42
1.0
 92
        8
 66
   257
 43
1.0
 76
     1
 77
     6
 78
     2
 67
     8
 79
     3
170
     0
171
     0
290
     0
174
     0
 93
        5
 44
0.0
173
     0
291
     0
 45
0.0
1001
ACAD
1000
AcDbSavedByObjectVersion
1070
     0
  0
VISUALSTYLE
  5
35D
102
{ACAD_XDICTIONARY
360
1B70
102
}
102
{ACAD_REACTORS
330
32B
102
}
330
32B
100
AcDbVisualStyle
  2
Shaded with edges
 70
    26
 71
     2
 72
     2
 73
     1
 90
        2
 40
-0.6
 41
30.0
 62
     5
 63
     7
 74
     1
 91
        2
 64
     7
 65
   257
 75
     2
175
     1
 42
1.0
 92
        8
 66
   257
 43
1.0
 76
     1
 77
     6
 78
     2
 67
     7
 79
     3
170
     0
171
     0
290
     0
174
     0
 93
        5
 44
0.0
173
     0
291
     0
 45
0.0
1001
ACAD
1000
AcDbSavedByObjectVersion
1070
     0
  0
VISUALSTYLE
  5
35A
102
{ACAD_XDICTIONARY
360
1B6A
102
}
102
{ACAD_REACTORS
330
32B
102
}
330
32B
100
AcDbVisualStyle
  2
Shades of Gray
 70
    23
 71
     2
 72
     2
 73
     3
 90
        0
 40
-0.6
 41
-30.0
 62
     5
 63
     7
 74
     2
 91
        2
 64
     7
 65
     7
 75
     1
175
     1
 42
40.0
 92
        8
 66
     7
 43
1.0
 76
     1
 77
     6
 78
     2
 67
     7
 79
     3
170
     0
171
     0
290
     0
174
     0
 93
        1
 44
0.0
173
     0
291
     0
 45
0.0
1001
ACAD
1000
AcDbSavedByObjectVersion
1070
     0
  0
VISUALSTYLE
  5
35B
102
{ACAD_XDICTIONARY
360
1B6C
102
}
102
{ACAD_REACTORS
330
32B
102
}
330
32B
100
AcDbVisualStyle
  2
Sketchy
 70
    24
 71
     1
 72
     2
 73
     2
 90
        0
 40
-0.6
 41
-30.0
 62
     5
 63
     7
 74
     2
 91
        2
 64
     7
 65
     7
 75
     1
175
     1
 42
40.0
 92
       11
 66
     7
 43
1.0
 76
     1
 77
     6
 78
     2
 67
     7
 79
     6
170
     0
171
     0
290
     0
174
     0
 93
        1
 44
0.0
173
     0
291
     0
 45
0.0
1001
ACAD
1000
AcDbSavedByObjectVersion
1070
     0
  0
VISUALSTYLE
  5
356
102
{ACAD_XDICTIONARY
360
1B62
102
}
102
{ACAD_REACTORS
330
32B
102
}
330
32B
100
AcDbVisualStyle
  2
Thicken
 70
    13
 71
     2
 72
     2
 73
     0
 90
        0
 40
-0.6
 41
-30.0
 62
     5
 63
     7
 74
     1
 91
        4
 64
     7
 65
   257
 75
     1
175
     1
 42
1.0
 92
       12
 66
     7
 43
1.0
 76
     1
 77
     6
 78
     2
 67
     7
 79
     5
170
     0
171
     0
290
     0
174
     0
 93
        1
 44
0.0
173
     0
291
     1
 45
0.0
1001
ACAD
1000
AcDbSavedByObjectVersion
1070
     0
  0
VISUALSTYLE
  5
350
102
{ACAD_XDICTIONARY
360
1B56
102
}
102
{ACAD_REACTORS
330
32B
102
}
330
32B
100
AcDbVisualStyle
  2
Wireframe
 70
     5
 71
     0
 72
     2
 73
     0
 90
        0
 40
-0.6
 41
-30.0
 62
     5
 63
     7
 74
     1
 91
        4
 64
     7
 65
   257
 75
     1
175
     1
 42
1.0
 92
        0
 66
   257
 43
1.0
 76
     1
 77
     6
 78
     2
 67
     7
 79
     3
170
     0
171
     0
290
     0
174
     0
 93
        1
 44
0.0
173
     0
291
     0
 45
0.0
1001
ACAD
1000
AcDbSavedByObjectVersion
1070
     0
  0
VISUALSTYLE
  5
35C
102
{ACAD_XDICTIONARY
360
1B6E
102
}
102
{ACAD_REACTORS
330
32B
102
}
330
32B
100
AcDbVisualStyle
  2
X-Ray
 70
    25
 71
     2
 72
     2
 73
     1
 90
        1
 40
0.5
 41
-30.0
 62
     5
 63
     7
 74
     1
 91
        0
 64
     7
 65
   257
 75
     1
175
     1
 42
1.0
 92
        8
 66
     7
 43
1.0
 76
     1
 77
     6
 78
     2
 67
     7
 79
     3
170
     0
171
     0
290
     0
174
     0
 93
       13
 44
0.0
173
     0
291
     0
 45
0.0
1001
ACAD
1000
AcDbSavedByObjectVersion
1070
     0
  0
DICTIONARYVAR
  5
1A63
102
{ACAD_REACTORS
330
328
102
}
330
328
100
DictionaryVariables
280
     0
  1
1:1
  0
DICTIONARYVAR
  5
1A60
102
{ACAD_REACTORS
330
328
102
}
330
328
100
DictionaryVariables
280
     0
  1
STANDARD
  0
DICTIONARYVAR
  5
1A5F
102
{ACAD_REACTORS
330
328
102
}
330
328
100
DictionaryVariables
280
     0
  1
STANDARD
  0
DICTIONARYVAR
  5
1A61
102
{ACAD_REACTORS
330
328
102
}
330
328
100
DictionaryVariables
280
     0
  1
Metric50
  0
DICTIONARYVAR
  5
1A62
102
{ACAD_REACTORS
330
328
102
}
330
328
100
DictionaryVariables
280
     0
  1
Metric50
  0
DICTIONARYVAR
  5
329
102
{ACAD_REACTORS
330
328
102
}
330
328
100
DictionaryVariables
280
     0
  1
1
  0
DICTIONARYVAR
  5
32A
102
{ACAD_REACTORS
330
328
102
}
330
328
100
DictionaryVariables
280
     0
  1
0
  0
DICTIONARYVAR
  5
1A65
102
{ACAD_REACTORS
330
328
102
}
330
328
100
DictionaryVariables
280
     0
  1
0
  0
DICTIONARYVAR
  5
1A64
102
{ACAD_REACTORS
330
328
102
}
330
328
100
DictionaryVariables
280
     0
  1
127
  0
DICTIONARYVAR
  5
1A66
102
{ACAD_REACTORS
330
328
102
}
330
328
100
DictionaryVariables
280
     0
  1
2
  0
DICTIONARY
  5
1B7C
330
376
100
AcDbDictionary
280
     1
281
     1
  3
ACAD_XREC_ROUNDTRIP
360
1B7D
  0
DICTIONARY
  5
1B42
330
1E
100
AcDbDictionary
280
     1
281
     1
  3
ACAD_XREC_ROUNDTRIP
360
1B43
  0
DICTIONARY
  5
1B44
330
22
100
AcDbDictionary
280
     1
281
     1
  3
ACAD_XREC_ROUNDTRIP
360
1B45
  0
DICTIONARY
  5
33B
330
33A
100
AcDbDictionary
280
     1
281
     1
  3
ACAD_XREC_ROUNDTRIP
360
1B48
  3
BUMPTILE
360
33D
  3
DIFFUSETILE
360
33C
  3
OPACITYTILE
360
340
  3
REFLECTIONTILE
360
33F
  3
REFRACTIONTILE
360
341
  3
SPECULARTILE
360
33E
  0
DICTIONARY
  5
333
330
332
100
AcDbDictionary
280
     1
281
     1
  3
ACAD_XREC_ROUNDTRIP
360
1B47
  3
BUMPTILE
360
335
  3
DIFFUSETILE
360
334
  3
OPACITYTILE
360
338
  3
REFLECTIONTILE
360
337
  3
REFRACTIONTILE
360
339
  3
SPECULARTILE
360
336
  0
DICTIONARY
  5
343
330
342
100
AcDbDictionary
280
     1
281
     1
  3
ACAD_XREC_ROUNDTRIP
360
1B49
  3
BUMPTILE
360
345
  3
DIFFUSETILE
360
344
  3
OPACITYTILE
360
348
  3
REFLECTIONTILE
360
347
  3
REFRACTIONTILE
360
349
  3
SPECULARTILE
360
346
  0
DICTIONARY
  5
1B7A
330
374
100
AcDbDictionary
280
     1
281
     1
  3
ACAD_XREC_ROUNDTRIP
360
1B7B
  0
DICTIONARY
  5
325
330
324
100
AcDbDictionary
281
     1
  3
ACAD_ROUNDTRIP_2008_TABLESTYLE_CELLSTYLEMAP
350
1B3F
  3
ACAD_XREC_ROUNDTRIP
350
1B46
  0
DICTIONARY
  5
1B54
330
34F
100
AcDbDictionary
280
     1
281
     1
  3
ACAD_XREC_ROUNDTRIP
360
1B55
  0
DICTIONARY
  5
1B52
330
34E
100
AcDbDictionary
280
     1
281
     1
  3
ACAD_XREC_ROUNDTRIP
360
1B53
  0
DICTIONARY
  5
1B60
330
355
100
AcDbDictionary
280
     1
281
     1
  3
ACAD_XREC_ROUNDTRIP
360
1B61
  0
DICTIONARY
  5
1B68
330
359
100
AcDbDictionary
280
     1
281
     1
  3
ACAD_XREC_ROUNDTRIP
360
1B69
  0
DICTIONARY
  5
1B5A
330
352
100
AcDbDictionary
280
     1
281
     1
  3
ACAD_XREC_ROUNDTRIP
360
1B5B
  0
DICTIONARY
  5
1B5E
330
354
100
AcDbDictionary
280
     1
281
     1
  3
ACAD_XREC_ROUNDTRIP
360
1B5F
  0
DICTIONARY
  5
1B78
330
361
100
AcDbDictionary
280
     1
281
     1
  3
ACAD_XREC_ROUNDTRIP
360
1B79
  0
DICTIONARY
  5
1B66
330
358
100
AcDbDictionary
280
     1
281
     1
  3
ACAD_XREC_ROUNDTRIP
360
1B67
  0
DICTIONARY
  5
1B4A
330
34A
100
AcDbDictionary
280
     1
281
     1
  3
ACAD_XREC_ROUNDTRIP
360
1B4B
  0
DICTIONARY
  5
1B4C
330
34B
100
AcDbDictionary
280
     1
281
     1
  3
ACAD_XREC_ROUNDTRIP
360
1B4D
  0
DICTIONARY
  5
1B4E
330
34C
100
AcDbDictionary
280
     1
281
     1
  3
ACAD_XREC_ROUNDTRIP
360
1B4F
  0
DICTIONARY
  5
1B50
330
34D
100
AcDbDictionary
280
     1
281
     1
  3
ACAD_XREC_ROUNDTRIP
360
1B51
  0
DICTIONARY
  5
1B58
330
351
100
AcDbDictionary
280
     1
281
     1
  3
ACAD_XREC_ROUNDTRIP
360
1B59
  0
DICTIONARY
  5
1B74
330
35F
100
AcDbDictionary
280
     1
281
     1
  3
ACAD_XREC_ROUNDTRIP
360
1B75
  0
DICTIONARY
  5
1B64
330
357
100
AcDbDictionary
280
     1
281
     1
  3
ACAD_XREC_ROUNDTRIP
360
1B65
  0
DICTIONARY
  5
1B76
330
360
100
AcDbDictionary
280
     1
281
     1
  3
ACAD_XREC_ROUNDTRIP
360
1B77
  0
DICTIONARY
  5
1B5C
330
353
100
AcDbDictionary
280
     1
281
     1
  3
ACAD_XREC_ROUNDTRIP
360
1B5D
  0
DICTIONARY
  5
1B72
330
35E
100
AcDbDictionary
280
     1
281
     1
  3
ACAD_XREC_ROUNDTRIP
360
1B73
  0
DICTIONARY
  5
1B70
330
35D
100
AcDbDictionary
280
     1
281
     1
  3
ACAD_XREC_ROUNDTRIP
360
1B71
  0
DICTIONARY
  5
1B6A
330
35A
100
AcDbDictionary
280
     1
281
     1
  3
ACAD_XREC_ROUNDTRIP
360
1B6B
  0
DICTIONARY
  5
1B6C
330
35B
100
AcDbDictionary
280
     1
281
     1
  3
ACAD_XREC_ROUNDTRIP
360
1B6D
  0
DICTIONARY
  5
1B62
330
356
100
AcDbDictionary
280
     1
281
     1
  3
ACAD_XREC_ROUNDTRIP
360
1B63
  0
DICTIONARY
  5
1B56
330
350
100
AcDbDictionary
280
     1
281
     1
  3
ACAD_XREC_ROUNDTRIP
360
1B57
  0
DICTIONARY
  5
1B6E
330
35C
100
AcDbDictionary
280
     1
281
     1
  3
ACAD_XREC_ROUNDTRIP
360
1B6F
  0
XRECORD
  5
1B7D
102
{ACAD_REACTORS
330
1B7C
102
}
330
1B7C
100
AcDbXrecord
280
     1
102
DISPLAYNAME
  1
Metric50
102
FLAGS
 90
        0
  0
XRECORD
  5
1B43
102
{ACAD_REACTORS
330
1B42
102
}
330
1B42
100
AcDbXrecord
280
     1
102
SHADEPLOT
 70
     0
102
SHADEPLOTRESLEVEL
 70
     0
102
SHADEPLOTCUSTOMDPI
 70
     0
  0
XRECORD
  5
1B45
102
{ACAD_REACTORS
330
1B44
102
}
330
1B44
100
AcDbXrecord
280
     1
102
SHADEPLOT
 70
     0
102
SHADEPLOTRESLEVEL
 70
     0
102
SHADEPLOTCUSTOMDPI
 70
     0
  0
XRECORD
  5
1B48
102
{ACAD_REACTORS
330
33B
102
}
330
33B
100
AcDbXrecord
280
     1
102
MATERIAL
148
0.0
149
0.0
149
0.0
 93
        0
 94
      127
282
     0
 72
     0
 77
     0
171
     0
175
     0
179
     0
273
     0
  0
XRECORD
  5
33D
102
{ACAD_REACTORS
330
33B
102
}
330
33B
100
AcDbXrecord
280
     1
270
     1
271
     1
  0
XRECORD
  5
33C
102
{ACAD_REACTORS
330
33B
102
}
330
33B
100
AcDbXrecord
280
     1
270
     1
271
     1
  0
XRECORD
  5
340
102
{ACAD_REACTORS
330
33B
102
}
330
33B
100
AcDbXrecord
280
     1
270
     1
271
     1
  0
XRECORD
  5
33F
102
{ACAD_REACTORS
330
33B
102
}
330
33B
100
AcDbXrecord
280
     1
270
     1
271
     1
  0
XRECORD
  5
341
102
{ACAD_REACTORS
330
33B
102
}
330
33B
100
AcDbXrecord
280
     1
270
     1
271
     1
  0
XRECORD
  5
33E
102
{ACAD_REACTORS
330
33B
102
}
330
33B
100
AcDbXrecord
280
     1
270
     1
271
     1
  0
XRECORD
  5
1B47
102
{ACAD_REACTORS
330
333
102
}
330
333
100
AcDbXrecord
280
     1
102
MATERIAL
148
0.0
149
0.0
149
0.0
 93
        0
 94
      127
282
     0
 72
     0
 77
     0
171
     0
175
     0
179
     0
273
     0
  0
XRECORD
  5
335
102
{ACAD_REACTORS
330
333
102
}
330
333
100
AcDbXrecord
280
     1
270
     1
271
     1
  0
XRECORD
  5
334
102
{ACAD_REACTORS
330
333
102
}
330
333
100
AcDbXrecord
280
     1
270
     1
271
     1
  0
XRECORD
  5
338
102
{ACAD_REACTORS
330
333
102
}
330
333
100
AcDbXrecord
280
     1
270
     1
271
     1
  0
XRECORD
  5
337
102
{ACAD_REACTORS
330
333
102
}
330
333
100
AcDbXrecord
280
     1
270
     1
271
     1
  0
XRECORD
  5
339
102
{ACAD_REACTORS
330
333
102
}
330
333
100
AcDbXrecord
280
     1
270
     1
271
     1
  0
XRECORD
  5
336
102
{ACAD_REACTORS
330
333
102
}
330
333
100
AcDbXrecord
280
     1
270
     1
271
     1
  0
XRECORD
  5
1B49
102
{ACAD_REACTORS
330
343
102
}
330
343
100
AcDbXrecord
280
     1
102
MATERIAL
148
0.0
149
0.0
149
0.0
 93
        0
 94
      127
282
     0
 72
     0
 77
     0
171
     0
175
     0
179
     0
273
     0
  0
XRECORD
  5
345
102
{ACAD_REACTORS
330
343
102
}
330
343
100
AcDbXrecord
280
     1
270
     1
271
     1
  0
XRECORD
  5
344
102
{ACAD_REACTORS
330
343
102
}
330
343
100
AcDbXrecord
280
     1
270
     1
271
     1
  0
XRECORD
  5
348
102
{ACAD_REACTORS
330
343
102
}
330
343
100
AcDbXrecord
280
     1
270
     1
271
     1
  0
XRECORD
  5
347
102
{ACAD_REACTORS
330
343
102
}
330
343
100
AcDbXrecord
280
     1
270
     1
271
     1
  0
XRECORD
  5
349
102
{ACAD_REACTORS
330
343
102
}
330
343
100
AcDbXrecord
280
     1
270
     1
271
     1
  0
XRECORD
  5
346
102
{ACAD_REACTORS
330
343
102
}
330
343
100
AcDbXrecord
280
     1
270
     1
271
     1
  0
XRECORD
  5
1B7B
102
{ACAD_REACTORS
330
1B7A
102
}
330
1B7A
100
AcDbXrecord
280
     1
102
DISPLAYNAME
  1
Metric50
102
FLAGS
 90
        0
  0
CELLSTYLEMAP
  5
1B3F
102
{ACAD_REACTORS
330
325
102
}
330
325
100
AcDbCellStyleMap
 90
        3
300
CELLSTYLE
  1
TABLEFORMAT_BEGIN
 90
        5
170
     1
 91
        0
 92
    32768
 62
   257
 93
        1
300
CONTENTFORMAT
  1
CONTENTFORMAT_BEGIN
 90
        0
 91
        0
 92
        4
 93
        0
300

 40
0.0
140
1.0
 94
        1
 62
     0
340
11
144
0.18
309
CONTENTFORMAT_END
171
     1
301
MARGIN
  1
CELLMARGIN_BEGIN
 40
0.06
 40
0.06
 40
0.06
 40
0.06
 40
0.18
 40
0.18
309
CELLMARGIN_END
 94
        6
 95
        1
302
GRIDFORMAT
  1
GRIDFORMAT_BEGIN
 90
        0
 91
        1
 62
     0
 92
       -2
340
0
 93
        0
 40
0.045
309
GRIDFORMAT_END
 95
        2
302
GRIDFORMAT
  1
GRIDFORMAT_BEGIN
 90
        0
 91
        1
 62
     0
 92
       -2
340
0
 93
        0
 40
0.045
309
GRIDFORMAT_END
 95
        4
302
GRIDFORMAT
  1
GRIDFORMAT_BEGIN
 90
        0
 91
        1
 62
     0
 92
       -2
340
0
 93
        0
 40
0.045
309
GRIDFORMAT_END
 95
        8
302
GRIDFORMAT
  1
GRIDFORMAT_BEGIN
 90
        0
 91
        1
 62
     0
 92
       -2
340
0
 93
        0
 40
0.045
309
GRIDFORMAT_END
 95
       16
302
GRIDFORMAT
  1
GRIDFORMAT_BEGIN
 90
        0
 91
        1
 62
     0
 92
       -2
340
0
 93
        0
 40
0.045
309
GRIDFORMAT_END
 95
       32
302
GRIDFORMAT
  1
GRIDFORMAT_BEGIN
 90
        0
 91
        1
 62
     0
 92
       -2
340
0
 93
        0
 40
0.045
309
GRIDFORMAT_END
309
TABLEFORMAT_END
  1
CELLSTYLE_BEGIN
 90
        1
 91
        2
300
_TITLE
309
CELLSTYLE_END
300
CELLSTYLE
  1
TABLEFORMAT_BEGIN
 90
        5
170
     1
 91
        0
 92
        0
 62
   257
 93
        1
300
CONTENTFORMAT
  1
CONTENTFORMAT_BEGIN
 90
        0
 91
        0
 92
        4
 93
        0
300

 40
0.0
140
1.0
 94
        1
 62
     0
340
11
144
0.18
309
CONTENTFORMAT_END
171
     1
301
MARGIN
  1
CELLMARGIN_BEGIN
 40
0.06
 40
0.06
 40
0.06
 40
0.06
 40
0.18
 40
0.18
309
CELLMARGIN_END
 94
        6
 95
        1
302
GRIDFORMAT
  1
GRIDFORMAT_BEGIN
 90
        0
 91
        1
 62
     0
 92
       -2
340
0
 93
        0
 40
0.045
309
GRIDFORMAT_END
 95
        2
302
GRIDFORMAT
  1
GRIDFORMAT_BEGIN
 90
        0
 91
        1
 62
     0
 92
       -2
340
0
 93
        0
 40
0.045
309
GRIDFORMAT_END
 95
        4
302
GRIDFORMAT
  1
GRIDFORMAT_BEGIN
 90
        0
 91
        1
 62
     0
 92
       -2
340
0
 93
        0
 40
0.045
309
GRIDFORMAT_END
 95
        8
302
GRIDFORMAT
  1
GRIDFORMAT_BEGIN
 90
        0
 91
        1
 62
     0
 92
       -2
340
0
 93
        0
 40
0.045
309
GRIDFORMAT_END
 95
       16
302
GRIDFORMAT
  1
GRIDFORMAT_BEGIN
 90
        0
 91
        1
 62
     0
 92
       -2
340
0
 93
        0
 40
0.045
309
GRIDFORMAT_END
 95
       32
302
GRIDFORMAT
  1
GRIDFORMAT_BEGIN
 90
        0
 91
        1
 62
     0
 92
       -2
340
0
 93
        0
 40
0.045
309
GRIDFORMAT_END
309
TABLEFORMAT_END
  1
CELLSTYLE_BEGIN
 90
        2
 91
        2
300
_HEADER
309
CELLSTYLE_END
300
CELLSTYLE
  1
TABLEFORMAT_BEGIN
 90
        5
170
     1
 91
        0
 92
        0
 62
   257
 93
        1
300
CONTENTFORMAT
  1
CONTENTFORMAT_BEGIN
 90
        0
 91
        0
 92
        4
 93
        0
300

 40
0.0
140
1.0
 94
        1
 62
     0
340
11
144
0.18
309
CONTENTFORMAT_END
171
     1
301
MARGIN
  1
CELLMARGIN_BEGIN
 40
0.06
 40
0.06
 40
0.06
 40
0.06
 40
0.18
 40
0.18
309
CELLMARGIN_END
 94
        6
 95
        1
302
GRIDFORMAT
  1
GRIDFORMAT_BEGIN
 90
        0
 91
        1
 62
     0
 92
       -2
340
0
 93
        0
 40
0.045
309
GRIDFORMAT_END
 95
        2
302
GRIDFORMAT
  1
GRIDFORMAT_BEGIN
 90
        0
 91
        1
 62
     0
 92
       -2
340
0
 93
        0
 40
0.045
309
GRIDFORMAT_END
 95
        4
302
GRIDFORMAT
  1
GRIDFORMAT_BEGIN
 90
        0
 91
        1
 62
     0
 92
       -2
340
0
 93
        0
 40
0.045
309
GRIDFORMAT_END
 95
        8
302
GRIDFORMAT
  1
GRIDFORMAT_BEGIN
 90
        0
 91
        1
 62
     0
 92
       -2
340
0
 93
        0
 40
0.045
309
GRIDFORMAT_END
 95
       16
302
GRIDFORMAT
  1
GRIDFORMAT_BEGIN
 90
        0
 91
        1
 62
     0
 92
       -2
340
0
 93
        0
 40
0.045
309
GRIDFORMAT_END
 95
       32
302
GRIDFORMAT
  1
GRIDFORMAT_BEGIN
 90
        0
 91
        1
 62
     0
 92
       -2
340
0
 93
        0
 40
0.045
309
GRIDFORMAT_END
309
TABLEFORMAT_END
  1
CELLSTYLE_BEGIN
 90
        3
 91
        2
300
_DATA
309
CELLSTYLE_END
  0
XRECORD
  5
1B46
102
{ACAD_REACTORS
330
325
102
}
330
325
100
AcDbXrecord
280
     1
102
ACAD_ROUNDTRIP_PRE2007_TABLESTYLE
 90
        4
 91
        0
  1

 92
        4
 93
        0
  2

 94
        4
 95
        0
  3

  0
XRECORD
  5
1B55
102
{ACAD_REACTORS
330
1B54
102
}
330
1B54
100
AcDbXrecord
280
     1
102
RTVSPost2010Prop28
280
     1
102
RTVSPost2010PropOp28
 70
     1
102
RTVSPost2010Prop29
280
     1
102
RTVSPost2010PropOp29
 70
     1
102
RTVSPost2010Prop30
280
     0
102
RTVSPost2010PropOp30
 70
     1
102
RTVSPost2010Prop31
280
     0
102
RTVSPost2010PropOp31
 70
     1
102
RTVSPost2010Prop32
280
     0
102
RTVSPost2010PropOp32
 70
     1
102
RTVSPost2010Prop33
280
     0
102
RTVSPost2010PropOp33
 70
     1
102
RTVSPost2010Prop34
280
     0
102
RTVSPost2010PropOp34
 70
     1
102
RTVSPost2010Prop35
280
     0
102
RTVSPost2010PropOp35
 70
     1
102
RTVSPost2010Prop36
280
     0
102
RTVSPost2010PropOp36
 70
     1
102
RTVSPost2010Prop37
 90
       50
102
RTVSPost2010PropOp37
 70
     1
102
RTVSPost2010Prop38
140
0.0
102
RTVSPost2010PropOp38
 70
     1
102
RTVSPost2010Prop39
140
1.0
102
RTVSPost2010PropOp39
 70
     1
102
RTVSPost2010Prop40
 90
        0
102
RTVSPost2010PropOp40
 70
     1
102
RTVSPost2010Prop41ColorIndex
 90
       18
102
RTVSPost2010Prop41ColorRGB
 90
        0
102
RTVSPost2010PropOp41
 70
     1
102
RTVSPost2010Prop42
 90
       50
102
RTVSPost2010PropOp42
 70
     1
102
RTVSPost2010Prop43
 90
        3
102
RTVSPost2010PropOp43
 70
     1
102
RTVSPost2010Prop44ColorIndex
 90
        5
102
RTVSPost2010Prop44ColorRGB
 90
      255
102
RTVSPost2010PropOp44
 70
     1
102
RTVSPost2010Prop45
280
     0
102
RTVSPost2010PropOp45
 70
     1
102
RTVSPost2010Prop46
 90
       50
102
RTVSPost2010PropOp46
 70
     1
102
RTVSPost2010Prop47
 90
       50
102
RTVSPost2010PropOp47
 70
     1
102
RTVSPost2010Prop48
 90
       50
102
RTVSPost2010PropOp48
 70
     1
102
RTVSPost2010Prop49
280
     0
102
RTVSPost2010PropOp49
 70
     1
102
RTVSPost2010Prop50
 90
       50
102
RTVSPost2010PropOp50
 70
     1
102
RTVSPost2010Prop51ColorIndex
 90
      256
102
RTVSPost2010Prop51ColorRGB
 90
-16777216
102
RTVSPost2010PropOp51
 70
     0
102
RTVSPost2010Prop52
140
1.0
102
RTVSPost2010PropOp52
 70
     0
102
RTVSPost2010Prop53
 90
        2
102
RTVSPost2010PropOp53
 70
     1
102
RTVSPost2010Prop54
  1
strokes_ogs.tif
102
RTVSPost2010PropOp54
 70
     1
102
RTVSPost2010Prop55
280
     0
102
RTVSPost2010PropOp55
 70
     1
102
RTVSPost2010Prop56
140
1.0
102
RTVSPost2010PropOp56
 70
     1
102
RTVSPost2010Prop57
140
1.0
102
RTVSPost2010PropOp57
 70
     1
102
RTVSPropertyOp0
 70
     1
102
RTVSPropertyOp1
 70
     1
102
RTVSPropertyOp2
 70
     1
102
RTVSPropertyOp3
 70
     1
102
RTVSPropertyOp4
 70
     1
102
RTVSPropertyOp5
 70
     1
102
RTVSPropertyOp6
 70
     1
102
RTVSPropertyOp7
 70
     1
102
RTVSPropertyOp8
 70
     1
102
RTVSPropertyOp9
 70
     1
102
RTVSPropertyOp10
 70
     1
102
RTVSPropertyOp11
 70
     1
102
RTVSPropertyOp12
 70
     1
102
RTVSPropertyOp13
 70
     1
102
RTVSPropertyOp14
 70
     1
102
RTVSPropertyOp15
 70
     1
102
RTVSPropertyOp16
 70
     1
102
RTVSPropertyOp17
 70
     1
102
RTVSPropertyOp18
 70
     1
102
RTVSPropertyOp19
 70
     1
102
RTVSPropertyOp20
 70
     1
102
RTVSPropertyOp21
 70
     1
102
RTVSPropertyOp22
 70
     1
102
RTVSPropertyOp23
 70
     1
102
RTVSPropertyOp24
 70
     1
102
RTVSPropertyOp25
 70
     1
102
RTVSPropertyOp26
 70
     1
102
RTVSPropertyOp27
 70
     1
102
RTVSPropertyOp28
 70
     1
102
RTVSPropertyOp29
 70
     1
102
RTVSPropertyOp30
 70
     1
102
RTVSPropertyOp31
 70
     1
102
RTVSPropertyOp32
 70
     1
102
RTVSPropertyOp33
 70
     1
102
RTVSPropertyOp34
 70
     1
102
RTVSPropertyOp35
 70
     1
102
RTVSPropertyOp36
 70
     1
102
RTVSPropertyOp37
 70
     1
102
RTVSPropertyOp38
 70
     1
102
RTVSPropertyOp39
 70
     1
102
RTVSPropertyOp40
 70
     1
102
RTVSPropertyOp41
 70
     1
102
RTVSPropertyOp42
 70
     1
102
RTVSPropertyOp43
 70
     1
102
RTVSPropertyOp44
 70
     1
102
RTVSPropertyOp45
 70
     1
102
RTVSPropertyOp46
 70
     1
102
RTVSPropertyOp47
 70
     1
102
RTVSPropertyOp48
 70
     1
102
RTVSPropertyOp49
 70
     1
102
RTVSPropertyOp50
 70
     1
102
RTVSPropertyOp51
 70
     0
102
RTVSPropertyOp52
 70
     0
102
RTVSPropertyOp53
 70
     1
102
RTVSPropertyOp54
 70
     1
102
RTVSPropertyOp55
 70
     1
102
RTVSPropertyOp56
 70
     1
102
RTVSPropertyOp57
 70
     1
102
RTVSPropertyOp58
 70
     1
102
RTVSPropertyOp59
 70
     1
102
RTVSPropertyOp60
 70
     1
102
RTVSPropertyOp61
 70
     1
102
RTVSPropertyOp62
 70
     1
  0
XRECORD
  5
1B53
102
{ACAD_REACTORS
330
1B52
102
}
330
1B52
100
AcDbXrecord
280
     1
102
RTVSPost2010Prop28
280
     0
102
RTVSPost2010PropOp28
 70
     1
102
RTVSPost2010Prop29
280
     1
102
RTVSPost2010PropOp29
 70
     1
102
RTVSPost2010Prop30
280
     1
102
RTVSPost2010PropOp30
 70
     1
102
RTVSPost2010Prop31
280
     0
102
RTVSPost2010PropOp31
 70
     1
102
RTVSPost2010Prop32
280
     0
102
RTVSPost2010PropOp32
 70
     1
102
RTVSPost2010Prop33
280
     0
102
RTVSPost2010PropOp33
 70
     1
102
RTVSPost2010Prop34
280
     0
102
RTVSPost2010PropOp34
 70
     1
102
RTVSPost2010Prop35
280
     0
102
RTVSPost2010PropOp35
 70
     1
102
RTVSPost2010Prop36
280
     0
102
RTVSPost2010PropOp36
 70
     1
102
RTVSPost2010Prop37
 90
       50
102
RTVSPost2010PropOp37
 70
     1
102
RTVSPost2010Prop38
140
0.0
102
RTVSPost2010PropOp38
 70
     1
102
RTVSPost2010Prop39
140
1.0
102
RTVSPost2010PropOp39
 70
     1
102
RTVSPost2010Prop40
 90
        0
102
RTVSPost2010PropOp40
 70
     1
102
RTVSPost2010Prop41ColorIndex
 90
       18
102
RTVSPost2010Prop41ColorRGB
 90
        0
102
RTVSPost2010PropOp41
 70
     1
102
RTVSPost2010Prop42
 90
       50
102
RTVSPost2010PropOp42
 70
     1
102
RTVSPost2010Prop43
 90
        3
102
RTVSPost2010PropOp43
 70
     1
102
RTVSPost2010Prop44ColorIndex
 90
        5
102
RTVSPost2010Prop44ColorRGB
 90
      255
102
RTVSPost2010PropOp44
 70
     1
102
RTVSPost2010Prop45
280
     0
102
RTVSPost2010PropOp45
 70
     1
102
RTVSPost2010Prop46
 90
       50
102
RTVSPost2010PropOp46
 70
     1
102
RTVSPost2010Prop47
 90
       50
102
RTVSPost2010PropOp47
 70
     1
102
RTVSPost2010Prop48
 90
       50
102
RTVSPost2010PropOp48
 70
     1
102
RTVSPost2010Prop49
280
     0
102
RTVSPost2010PropOp49
 70
     1
102
RTVSPost2010Prop50
 90
       50
102
RTVSPost2010PropOp50
 70
     1
102
RTVSPost2010Prop51ColorIndex
 90
      256
102
RTVSPost2010Prop51ColorRGB
 90
-16777216
102
RTVSPost2010PropOp51
 70
     0
102
RTVSPost2010Prop52
140
1.0
102
RTVSPost2010PropOp52
 70
     0
102
RTVSPost2010Prop53
 90
        2
102
RTVSPost2010PropOp53
 70
     1
102
RTVSPost2010Prop54
  1
strokes_ogs.tif
102
RTVSPost2010PropOp54
 70
     1
102
RTVSPost2010Prop55
280
     0
102
RTVSPost2010PropOp55
 70
     1
102
RTVSPost2010Prop56
140
1.0
102
RTVSPost2010PropOp56
 70
     1
102
RTVSPost2010Prop57
140
1.0
102
RTVSPost2010PropOp57
 70
     1
102
RTVSPropertyOp0
 70
     1
102
RTVSPropertyOp1
 70
     1
102
RTVSPropertyOp2
 70
     1
102
RTVSPropertyOp3
 70
     1
102
RTVSPropertyOp4
 70
     1
102
RTVSPropertyOp5
 70
     1
102
RTVSPropertyOp6
 70
     1
102
RTVSPropertyOp7
 70
     1
102
RTVSPropertyOp8
 70
     1
102
RTVSPropertyOp9
 70
     1
102
RTVSPropertyOp10
 70
     1
102
RTVSPropertyOp11
 70
     1
102
RTVSPropertyOp12
 70
     1
102
RTVSPropertyOp13
 70
     1
102
RTVSPropertyOp14
 70
     1
102
RTVSPropertyOp15
 70
     1
102
RTVSPropertyOp16
 70
     1
102
RTVSPropertyOp17
 70
     1
102
RTVSPropertyOp18
 70
     1
102
RTVSPropertyOp19
 70
     1
102
RTVSPropertyOp20
 70
     1
102
RTVSPropertyOp21
 70
     1
102
RTVSPropertyOp22
 70
     1
102
RTVSPropertyOp23
 70
     1
102
RTVSPropertyOp24
 70
     1
102
RTVSPropertyOp25
 70
     1
102
RTVSPropertyOp26
 70
     1
102
RTVSPropertyOp27
 70
     1
102
RTVSPropertyOp28
 70
     1
102
RTVSPropertyOp29
 70
     1
102
RTVSPropertyOp30
 70
     1
102
RTVSPropertyOp31
 70
     1
102
RTVSPropertyOp32
 70
     1
102
RTVSPropertyOp33
 70
     1
102
RTVSPropertyOp34
 70
     1
102
RTVSPropertyOp35
 70
     1
102
RTVSPropertyOp36
 70
     1
102
RTVSPropertyOp37
 70
     1
102
RTVSPropertyOp38
 70
     1
102
RTVSPropertyOp39
 70
     1
102
RTVSPropertyOp40
 70
     1
102
RTVSPropertyOp41
 70
     1
102
RTVSPropertyOp42
 70
     1
102
RTVSPropertyOp43
 70
     1
102
RTVSPropertyOp44
 70
     1
102
RTVSPropertyOp45
 70
     1
102
RTVSPropertyOp46
 70
     1
102
RTVSPropertyOp47
 70
     1
102
RTVSPropertyOp48
 70
     1
102
RTVSPropertyOp49
 70
     1
102
RTVSPropertyOp50
 70
     1
102
RTVSPropertyOp51
 70
     0
102
RTVSPropertyOp52
 70
     0
102
RTVSPropertyOp53
 70
     1
102
RTVSPropertyOp54
 70
     1
102
RTVSPropertyOp55
 70
     1
102
RTVSPropertyOp56
 70
     1
102
RTVSPropertyOp57
 70
     1
102
RTVSPropertyOp58
 70
     1
102
RTVSPropertyOp59
 70
     1
102
RTVSPropertyOp60
 70
     1
102
RTVSPropertyOp61
 70
     1
102
RTVSPropertyOp62
 70
     1
  0
XRECORD
  5
1B61
102
{ACAD_REACTORS
330
1B60
102
}
330
1B60
100
AcDbXrecord
280
     1
102
RTVSPost2010Prop28
280
     0
102
RTVSPost2010PropOp28
 70
     1
102
RTVSPost2010Prop29
280
     1
102
RTVSPost2010PropOp29
 70
     1
102
RTVSPost2010Prop30
280
     1
102
RTVSPost2010PropOp30
 70
     1
102
RTVSPost2010Prop31
280
     0
102
RTVSPost2010PropOp31
 70
     1
102
RTVSPost2010Prop32
280
     0
102
RTVSPost2010PropOp32
 70
     1
102
RTVSPost2010Prop33
280
     0
102
RTVSPost2010PropOp33
 70
     1
102
RTVSPost2010Prop34
280
     0
102
RTVSPost2010PropOp34
 70
     1
102
RTVSPost2010Prop35
280
     0
102
RTVSPost2010PropOp35
 70
     1
102
RTVSPost2010Prop36
280
     0
102
RTVSPost2010PropOp36
 70
     1
102
RTVSPost2010Prop37
 90
       50
102
RTVSPost2010PropOp37
 70
     1
102
RTVSPost2010Prop38
140
0.0
102
RTVSPost2010PropOp38
 70
     1
102
RTVSPost2010Prop39
140
1.0
102
RTVSPost2010PropOp39
 70
     1
102
RTVSPost2010Prop40
 90
        0
102
RTVSPost2010PropOp40
 70
     1
102
RTVSPost2010Prop41ColorIndex
 90
       18
102
RTVSPost2010Prop41ColorRGB
 90
        0
102
RTVSPost2010PropOp41
 70
     1
102
RTVSPost2010Prop42
 90
       50
102
RTVSPost2010PropOp42
 70
     1
102
RTVSPost2010Prop43
 90
        3
102
RTVSPost2010PropOp43
 70
     1
102
RTVSPost2010Prop44ColorIndex
 90
        5
102
RTVSPost2010Prop44ColorRGB
 90
      255
102
RTVSPost2010PropOp44
 70
     1
102
RTVSPost2010Prop45
280
     0
102
RTVSPost2010PropOp45
 70
     1
102
RTVSPost2010Prop46
 90
       50
102
RTVSPost2010PropOp46
 70
     1
102
RTVSPost2010Prop47
 90
       50
102
RTVSPost2010PropOp47
 70
     1
102
RTVSPost2010Prop48
 90
       50
102
RTVSPost2010PropOp48
 70
     1
102
RTVSPost2010Prop49
280
     0
102
RTVSPost2010PropOp49
 70
     1
102
RTVSPost2010Prop50
 90
       50
102
RTVSPost2010PropOp50
 70
     1
102
RTVSPost2010Prop51ColorIndex
 90
      256
102
RTVSPost2010Prop51ColorRGB
 90
-16777216
102
RTVSPost2010PropOp51
 70
     0
102
RTVSPost2010Prop52
140
1.0
102
RTVSPost2010PropOp52
 70
     0
102
RTVSPost2010Prop53
 90
        2
102
RTVSPost2010PropOp53
 70
     1
102
RTVSPost2010Prop54
  1
strokes_ogs.tif
102
RTVSPost2010PropOp54
 70
     1
102
RTVSPost2010Prop55
280
     0
102
RTVSPost2010PropOp55
 70
     1
102
RTVSPost2010Prop56
140
1.0
102
RTVSPost2010PropOp56
 70
     1
102
RTVSPost2010Prop57
140
1.0
102
RTVSPost2010PropOp57
 70
     1
102
RTVSPropertyOp0
 70
     1
102
RTVSPropertyOp1
 70
     1
102
RTVSPropertyOp2
 70
     1
102
RTVSPropertyOp3
 70
     1
102
RTVSPropertyOp4
 70
     1
102
RTVSPropertyOp5
 70
     1
102
RTVSPropertyOp6
 70
     1
102
RTVSPropertyOp7
 70
     1
102
RTVSPropertyOp8
 70
     1
102
RTVSPropertyOp9
 70
     1
102
RTVSPropertyOp10
 70
     1
102
RTVSPropertyOp11
 70
     1
102
RTVSPropertyOp12
 70
     1
102
RTVSPropertyOp13
 70
     1
102
RTVSPropertyOp14
 70
     1
102
RTVSPropertyOp15
 70
     1
102
RTVSPropertyOp16
 70
     1
102
RTVSPropertyOp17
 70
     1
102
RTVSPropertyOp18
 70
     1
102
RTVSPropertyOp19
 70
     1
102
RTVSPropertyOp20
 70
     1
102
RTVSPropertyOp21
 70
     1
102
RTVSPropertyOp22
 70
     1
102
RTVSPropertyOp23
 70
     1
102
RTVSPropertyOp24
 70
     1
102
RTVSPropertyOp25
 70
     1
102
RTVSPropertyOp26
 70
     1
102
RTVSPropertyOp27
 70
     1
102
RTVSPropertyOp28
 70
     1
102
RTVSPropertyOp29
 70
     1
102
RTVSPropertyOp30
 70
     1
102
RTVSPropertyOp31
 70
     1
102
RTVSPropertyOp32
 70
     1
102
RTVSPropertyOp33
 70
     1
102
RTVSPropertyOp34
 70
     1
102
RTVSPropertyOp35
 70
     1
102
RTVSPropertyOp36
 70
     1
102
RTVSPropertyOp37
 70
     1
102
RTVSPropertyOp38
 70
     1
102
RTVSPropertyOp39
 70
     1
102
RTVSPropertyOp40
 70
     1
102
RTVSPropertyOp41
 70
     1
102
RTVSPropertyOp42
 70
     1
102
RTVSPropertyOp43
 70
     1
102
RTVSPropertyOp44
 70
     1
102
RTVSPropertyOp45
 70
     1
102
RTVSPropertyOp46
 70
     1
102
RTVSPropertyOp47
 70
     1
102
RTVSPropertyOp48
 70
     1
102
RTVSPropertyOp49
 70
     1
102
RTVSPropertyOp50
 70
     1
102
RTVSPropertyOp51
 70
     0
102
RTVSPropertyOp52
 70
     0
102
RTVSPropertyOp53
 70
     1
102
RTVSPropertyOp54
 70
     1
102
RTVSPropertyOp55
 70
     1
102
RTVSPropertyOp56
 70
     1
102
RTVSPropertyOp57
 70
     1
102
RTVSPropertyOp58
 70
     1
102
RTVSPropertyOp59
 70
     1
102
RTVSPropertyOp60
 70
     1
102
RTVSPropertyOp61
 70
     1
102
RTVSPropertyOp62
 70
     1
  0
XRECORD
  5
1B69
102
{ACAD_REACTORS
330
1B68
102
}
330
1B68
100
AcDbXrecord
280
     1
102
RTVSPost2010Prop28
280
     0
102
RTVSPost2010PropOp28
 70
     1
102
RTVSPost2010Prop29
280
     1
102
RTVSPost2010PropOp29
 70
     1
102
RTVSPost2010Prop30
280
     1
102
RTVSPost2010PropOp30
 70
     1
102
RTVSPost2010Prop31
280
     0
102
RTVSPost2010PropOp31
 70
     1
102
RTVSPost2010Prop32
280
     0
102
RTVSPost2010PropOp32
 70
     1
102
RTVSPost2010Prop33
280
     0
102
RTVSPost2010PropOp33
 70
     1
102
RTVSPost2010Prop34
280
     0
102
RTVSPost2010PropOp34
 70
     1
102
RTVSPost2010Prop35
280
     0
102
RTVSPost2010PropOp35
 70
     1
102
RTVSPost2010Prop36
280
     0
102
RTVSPost2010PropOp36
 70
     1
102
RTVSPost2010Prop37
 90
       50
102
RTVSPost2010PropOp37
 70
     1
102
RTVSPost2010Prop38
140
0.0
102
RTVSPost2010PropOp38
 70
     1
102
RTVSPost2010Prop39
140
1.0
102
RTVSPost2010PropOp39
 70
     1
102
RTVSPost2010Prop40
 90
        0
102
RTVSPost2010PropOp40
 70
     1
102
RTVSPost2010Prop41ColorIndex
 90
       18
102
RTVSPost2010Prop41ColorRGB
 90
        0
102
RTVSPost2010PropOp41
 70
     1
102
RTVSPost2010Prop42
 90
       50
102
RTVSPost2010PropOp42
 70
     1
102
RTVSPost2010Prop43
 90
        3
102
RTVSPost2010PropOp43
 70
     1
102
RTVSPost2010Prop44ColorIndex
 90
        5
102
RTVSPost2010Prop44ColorRGB
 90
      255
102
RTVSPost2010PropOp44
 70
     1
102
RTVSPost2010Prop45
280
     0
102
RTVSPost2010PropOp45
 70
     1
102
RTVSPost2010Prop46
 90
       50
102
RTVSPost2010PropOp46
 70
     1
102
RTVSPost2010Prop47
 90
       50
102
RTVSPost2010PropOp47
 70
     1
102
RTVSPost2010Prop48
 90
       50
102
RTVSPost2010PropOp48
 70
     1
102
RTVSPost2010Prop49
280
     0
102
RTVSPost2010PropOp49
 70
     1
102
RTVSPost2010Prop50
 90
       50
102
RTVSPost2010PropOp50
 70
     1
102
RTVSPost2010Prop51ColorIndex
 90
      256
102
RTVSPost2010Prop51ColorRGB
 90
-16777216
102
RTVSPost2010PropOp51
 70
     0
102
RTVSPost2010Prop52
140
1.0
102
RTVSPost2010PropOp52
 70
     0
102
RTVSPost2010Prop53
 90
        2
102
RTVSPost2010PropOp53
 70
     1
102
RTVSPost2010Prop54
  1
strokes_ogs.tif
102
RTVSPost2010PropOp54
 70
     1
102
RTVSPost2010Prop55
280
     0
102
RTVSPost2010PropOp55
 70
     1
102
RTVSPost2010Prop56
140
1.0
102
RTVSPost2010PropOp56
 70
     1
102
RTVSPost2010Prop57
140
1.0
102
RTVSPost2010PropOp57
 70
     1
102
RTVSPropertyOp0
 70
     1
102
RTVSPropertyOp1
 70
     1
102
RTVSPropertyOp2
 70
     1
102
RTVSPropertyOp3
 70
     1
102
RTVSPropertyOp4
 70
     1
102
RTVSPropertyOp5
 70
     1
102
RTVSPropertyOp6
 70
     1
102
RTVSPropertyOp7
 70
     1
102
RTVSPropertyOp8
 70
     1
102
RTVSPropertyOp9
 70
     1
102
RTVSPropertyOp10
 70
     1
102
RTVSPropertyOp11
 70
     1
102
RTVSPropertyOp12
 70
     1
102
RTVSPropertyOp13
 70
     1
102
RTVSPropertyOp14
 70
     1
102
RTVSPropertyOp15
 70
     1
102
RTVSPropertyOp16
 70
     1
102
RTVSPropertyOp17
 70
     1
102
RTVSPropertyOp18
 70
     1
102
RTVSPropertyOp19
 70
     1
102
RTVSPropertyOp20
 70
     1
102
RTVSPropertyOp21
 70
     1
102
RTVSPropertyOp22
 70
     1
102
RTVSPropertyOp23
 70
     1
102
RTVSPropertyOp24
 70
     1
102
RTVSPropertyOp25
 70
     1
102
RTVSPropertyOp26
 70
     1
102
RTVSPropertyOp27
 70
     1
102
RTVSPropertyOp28
 70
     1
102
RTVSPropertyOp29
 70
     1
102
RTVSPropertyOp30
 70
     1
102
RTVSPropertyOp31
 70
     1
102
RTVSPropertyOp32
 70
     1
102
RTVSPropertyOp33
 70
     1
102
RTVSPropertyOp34
 70
     1
102
RTVSPropertyOp35
 70
     1
102
RTVSPropertyOp36
 70
     1
102
RTVSPropertyOp37
 70
     1
102
RTVSPropertyOp38
 70
     1
102
RTVSPropertyOp39
 70
     1
102
RTVSPropertyOp40
 70
     1
102
RTVSPropertyOp41
 70
     1
102
RTVSPropertyOp42
 70
     1
102
RTVSPropertyOp43
 70
     1
102
RTVSPropertyOp44
 70
     1
102
RTVSPropertyOp45
 70
     1
102
RTVSPropertyOp46
 70
     1
102
RTVSPropertyOp47
 70
     1
102
RTVSPropertyOp48
 70
     1
102
RTVSPropertyOp49
 70
     1
102
RTVSPropertyOp50
 70
     1
102
RTVSPropertyOp51
 70
     0
102
RTVSPropertyOp52
 70
     0
102
RTVSPropertyOp53
 70
     1
102
RTVSPropertyOp54
 70
     1
102
RTVSPropertyOp55
 70
     1
102
RTVSPropertyOp56
 70
     1
102
RTVSPropertyOp57
 70
     1
102
RTVSPropertyOp58
 70
     1
102
RTVSPropertyOp59
 70
     1
102
RTVSPropertyOp60
 70
     1
102
RTVSPropertyOp61
 70
     1
102
RTVSPropertyOp62
 70
     1
  0
XRECORD
  5
1B5B
102
{ACAD_REACTORS
330
1B5A
102
}
330
1B5A
100
AcDbXrecord
280
     1
102
RTVSPost2010Prop28
280
     0
102
RTVSPost2010PropOp28
 70
     1
102
RTVSPost2010Prop29
280
     1
102
RTVSPost2010PropOp29
 70
     1
102
RTVSPost2010Prop30
280
     1
102
RTVSPost2010PropOp30
 70
     1
102
RTVSPost2010Prop31
280
     0
102
RTVSPost2010PropOp31
 70
     1
102
RTVSPost2010Prop32
280
     0
102
RTVSPost2010PropOp32
 70
     1
102
RTVSPost2010Prop33
280
     0
102
RTVSPost2010PropOp33
 70
     1
102
RTVSPost2010Prop34
280
     0
102
RTVSPost2010PropOp34
 70
     1
102
RTVSPost2010Prop35
280
     0
102
RTVSPost2010PropOp35
 70
     1
102
RTVSPost2010Prop36
280
     0
102
RTVSPost2010PropOp36
 70
     1
102
RTVSPost2010Prop37
 90
       50
102
RTVSPost2010PropOp37
 70
     1
102
RTVSPost2010Prop38
140
0.0
102
RTVSPost2010PropOp38
 70
     1
102
RTVSPost2010Prop39
140
1.0
102
RTVSPost2010PropOp39
 70
     1
102
RTVSPost2010Prop40
 90
        0
102
RTVSPost2010PropOp40
 70
     1
102
RTVSPost2010Prop41ColorIndex
 90
       18
102
RTVSPost2010Prop41ColorRGB
 90
        0
102
RTVSPost2010PropOp41
 70
     1
102
RTVSPost2010Prop42
 90
       50
102
RTVSPost2010PropOp42
 70
     1
102
RTVSPost2010Prop43
 90
        3
102
RTVSPost2010PropOp43
 70
     1
102
RTVSPost2010Prop44ColorIndex
 90
        5
102
RTVSPost2010Prop44ColorRGB
 90
      255
102
RTVSPost2010PropOp44
 70
     1
102
RTVSPost2010Prop45
280
     0
102
RTVSPost2010PropOp45
 70
     1
102
RTVSPost2010Prop46
 90
       50
102
RTVSPost2010PropOp46
 70
     1
102
RTVSPost2010Prop47
 90
       50
102
RTVSPost2010PropOp47
 70
     1
102
RTVSPost2010Prop48
 90
       50
102
RTVSPost2010PropOp48
 70
     1
102
RTVSPost2010Prop49
280
     0
102
RTVSPost2010PropOp49
 70
     1
102
RTVSPost2010Prop50
 90
       50
102
RTVSPost2010PropOp50
 70
     1
102
RTVSPost2010Prop51ColorIndex
 90
      256
102
RTVSPost2010Prop51ColorRGB
 90
-16777216
102
RTVSPost2010PropOp51
 70
     0
102
RTVSPost2010Prop52
140
1.0
102
RTVSPost2010PropOp52
 70
     0
102
RTVSPost2010Prop53
 90
        2
102
RTVSPost2010PropOp53
 70
     1
102
RTVSPost2010Prop54
  1
strokes_ogs.tif
102
RTVSPost2010PropOp54
 70
     1
102
RTVSPost2010Prop55
280
     0
102
RTVSPost2010PropOp55
 70
     1
102
RTVSPost2010Prop56
140
1.0
102
RTVSPost2010PropOp56
 70
     1
102
RTVSPost2010Prop57
140
1.0
102
RTVSPost2010PropOp57
 70
     1
102
RTVSPropertyOp0
 70
     1
102
RTVSPropertyOp1
 70
     1
102
RTVSPropertyOp2
 70
     1
102
RTVSPropertyOp3
 70
     1
102
RTVSPropertyOp4
 70
     1
102
RTVSPropertyOp5
 70
     1
102
RTVSPropertyOp6
 70
     1
102
RTVSPropertyOp7
 70
     1
102
RTVSPropertyOp8
 70
     1
102
RTVSPropertyOp9
 70
     1
102
RTVSPropertyOp10
 70
     1
102
RTVSPropertyOp11
 70
     1
102
RTVSPropertyOp12
 70
     1
102
RTVSPropertyOp13
 70
     1
102
RTVSPropertyOp14
 70
     1
102
RTVSPropertyOp15
 70
     1
102
RTVSPropertyOp16
 70
     1
102
RTVSPropertyOp17
 70
     1
102
RTVSPropertyOp18
 70
     1
102
RTVSPropertyOp19
 70
     1
102
RTVSPropertyOp20
 70
     1
102
RTVSPropertyOp21
 70
     1
102
RTVSPropertyOp22
 70
     1
102
RTVSPropertyOp23
 70
     1
102
RTVSPropertyOp24
 70
     1
102
RTVSPropertyOp25
 70
     1
102
RTVSPropertyOp26
 70
     1
102
RTVSPropertyOp27
 70
     1
102
RTVSPropertyOp28
 70
     1
102
RTVSPropertyOp29
 70
     1
102
RTVSPropertyOp30
 70
     1
102
RTVSPropertyOp31
 70
     1
102
RTVSPropertyOp32
 70
     1
102
RTVSPropertyOp33
 70
     1
102
RTVSPropertyOp34
 70
     1
102
RTVSPropertyOp35
 70
     1
102
RTVSPropertyOp36
 70
     1
102
RTVSPropertyOp37
 70
     1
102
RTVSPropertyOp38
 70
     1
102
RTVSPropertyOp39
 70
     1
102
RTVSPropertyOp40
 70
     1
102
RTVSPropertyOp41
 70
     1
102
RTVSPropertyOp42
 70
     1
102
RTVSPropertyOp43
 70
     1
102
RTVSPropertyOp44
 70
     1
102
RTVSPropertyOp45
 70
     1
102
RTVSPropertyOp46
 70
     1
102
RTVSPropertyOp47
 70
     1
102
RTVSPropertyOp48
 70
     1
102
RTVSPropertyOp49
 70
     1
102
RTVSPropertyOp50
 70
     1
102
RTVSPropertyOp51
 70
     0
102
RTVSPropertyOp52
 70
     0
102
RTVSPropertyOp53
 70
     1
102
RTVSPropertyOp54
 70
     1
102
RTVSPropertyOp55
 70
     1
102
RTVSPropertyOp56
 70
     1
102
RTVSPropertyOp57
 70
     1
102
RTVSPropertyOp58
 70
     1
102
RTVSPropertyOp59
 70
     1
102
RTVSPropertyOp60
 70
     1
102
RTVSPropertyOp61
 70
     1
102
RTVSPropertyOp62
 70
     1
  0
XRECORD
  5
1B5F
102
{ACAD_REACTORS
330
1B5E
102
}
330
1B5E
100
AcDbXrecord
280
     1
102
RTVSPost2010Prop28
280
     0
102
RTVSPost2010PropOp28
 70
     1
102
RTVSPost2010Prop29
280
     1
102
RTVSPost2010PropOp29
 70
     1
102
RTVSPost2010Prop30
280
     1
102
RTVSPost2010PropOp30
 70
     1
102
RTVSPost2010Prop31
280
     0
102
RTVSPost2010PropOp31
 70
     1
102
RTVSPost2010Prop32
280
     0
102
RTVSPost2010PropOp32
 70
     1
102
RTVSPost2010Prop33
280
     0
102
RTVSPost2010PropOp33
 70
     1
102
RTVSPost2010Prop34
280
     0
102
RTVSPost2010PropOp34
 70
     1
102
RTVSPost2010Prop35
280
     0
102
RTVSPost2010PropOp35
 70
     1
102
RTVSPost2010Prop36
280
     0
102
RTVSPost2010PropOp36
 70
     1
102
RTVSPost2010Prop37
 90
       50
102
RTVSPost2010PropOp37
 70
     1
102
RTVSPost2010Prop38
140
0.0
102
RTVSPost2010PropOp38
 70
     1
102
RTVSPost2010Prop39
140
1.0
102
RTVSPost2010PropOp39
 70
     1
102
RTVSPost2010Prop40
 90
        0
102
RTVSPost2010PropOp40
 70
     1
102
RTVSPost2010Prop41ColorIndex
 90
       18
102
RTVSPost2010Prop41ColorRGB
 90
        0
102
RTVSPost2010PropOp41
 70
     1
102
RTVSPost2010Prop42
 90
       50
102
RTVSPost2010PropOp42
 70
     1
102
RTVSPost2010Prop43
 90
        3
102
RTVSPost2010PropOp43
 70
     1
102
RTVSPost2010Prop44ColorIndex
 90
        5
102
RTVSPost2010Prop44ColorRGB
 90
      255
102
RTVSPost2010PropOp44
 70
     1
102
RTVSPost2010Prop45
280
     0
102
RTVSPost2010PropOp45
 70
     1
102
RTVSPost2010Prop46
 90
       50
102
RTVSPost2010PropOp46
 70
     1
102
RTVSPost2010Prop47
 90
       50
102
RTVSPost2010PropOp47
 70
     1
102
RTVSPost2010Prop48
 90
       50
102
RTVSPost2010PropOp48
 70
     1
102
RTVSPost2010Prop49
280
     0
102
RTVSPost2010PropOp49
 70
     1
102
RTVSPost2010Prop50
 90
       50
102
RTVSPost2010PropOp50
 70
     1
102
RTVSPost2010Prop51ColorIndex
 90
      256
102
RTVSPost2010Prop51ColorRGB
 90
-16777216
102
RTVSPost2010PropOp51
 70
     0
102
RTVSPost2010Prop52
140
1.0
102
RTVSPost2010PropOp52
 70
     0
102
RTVSPost2010Prop53
 90
        2
102
RTVSPost2010PropOp53
 70
     1
102
RTVSPost2010Prop54
  1
strokes_ogs.tif
102
RTVSPost2010PropOp54
 70
     1
102
RTVSPost2010Prop55
280
     0
102
RTVSPost2010PropOp55
 70
     1
102
RTVSPost2010Prop56
140
1.0
102
RTVSPost2010PropOp56
 70
     1
102
RTVSPost2010Prop57
140
1.0
102
RTVSPost2010PropOp57
 70
     1
102
RTVSPropertyOp0
 70
     1
102
RTVSPropertyOp1
 70
     1
102
RTVSPropertyOp2
 70
     1
102
RTVSPropertyOp3
 70
     1
102
RTVSPropertyOp4
 70
     1
102
RTVSPropertyOp5
 70
     1
102
RTVSPropertyOp6
 70
     1
102
RTVSPropertyOp7
 70
     1
102
RTVSPropertyOp8
 70
     1
102
RTVSPropertyOp9
 70
     1
102
RTVSPropertyOp10
 70
     1
102
RTVSPropertyOp11
 70
     1
102
RTVSPropertyOp12
 70
     1
102
RTVSPropertyOp13
 70
     1
102
RTVSPropertyOp14
 70
     1
102
RTVSPropertyOp15
 70
     1
102
RTVSPropertyOp16
 70
     1
102
RTVSPropertyOp17
 70
     1
102
RTVSPropertyOp18
 70
     1
102
RTVSPropertyOp19
 70
     1
102
RTVSPropertyOp20
 70
     1
102
RTVSPropertyOp21
 70
     1
102
RTVSPropertyOp22
 70
     1
102
RTVSPropertyOp23
 70
     1
102
RTVSPropertyOp24
 70
     1
102
RTVSPropertyOp25
 70
     1
102
RTVSPropertyOp26
 70
     1
102
RTVSPropertyOp27
 70
     1
102
RTVSPropertyOp28
 70
     1
102
RTVSPropertyOp29
 70
     1
102
RTVSPropertyOp30
 70
     1
102
RTVSPropertyOp31
 70
     1
102
RTVSPropertyOp32
 70
     1
102
RTVSPropertyOp33
 70
     1
102
RTVSPropertyOp34
 70
     1
102
RTVSPropertyOp35
 70
     1
102
RTVSPropertyOp36
 70
     1
102
RTVSPropertyOp37
 70
     1
102
RTVSPropertyOp38
 70
     1
102
RTVSPropertyOp39
 70
     1
102
RTVSPropertyOp40
 70
     1
102
RTVSPropertyOp41
 70
     1
102
RTVSPropertyOp42
 70
     1
102
RTVSPropertyOp43
 70
     1
102
RTVSPropertyOp44
 70
     1
102
RTVSPropertyOp45
 70
     1
102
RTVSPropertyOp46
 70
     1
102
RTVSPropertyOp47
 70
     1
102
RTVSPropertyOp48
 70
     1
102
RTVSPropertyOp49
 70
     1
102
RTVSPropertyOp50
 70
     1
102
RTVSPropertyOp51
 70
     0
102
RTVSPropertyOp52
 70
     0
102
RTVSPropertyOp53
 70
     1
102
RTVSPropertyOp54
 70
     1
102
RTVSPropertyOp55
 70
     1
102
RTVSPropertyOp56
 70
     1
102
RTVSPropertyOp57
 70
     1
102
RTVSPropertyOp58
 70
     1
102
RTVSPropertyOp59
 70
     1
102
RTVSPropertyOp60
 70
     1
102
RTVSPropertyOp61
 70
     1
102
RTVSPropertyOp62
 70
     1
  0
XRECORD
  5
1B79
102
{ACAD_REACTORS
330
1B78
102
}
330
1B78
100
AcDbXrecord
280
     1
102
RTVSPost2010Prop28
280
     0
102
RTVSPost2010PropOp28
 70
     1
102
RTVSPost2010Prop29
280
     1
102
RTVSPost2010PropOp29
 70
     1
102
RTVSPost2010Prop30
280
     1
102
RTVSPost2010PropOp30
 70
     1
102
RTVSPost2010Prop31
280
     0
102
RTVSPost2010PropOp31
 70
     1
102
RTVSPost2010Prop32
280
     0
102
RTVSPost2010PropOp32
 70
     1
102
RTVSPost2010Prop33
280
     0
102
RTVSPost2010PropOp33
 70
     1
102
RTVSPost2010Prop34
280
     0
102
RTVSPost2010PropOp34
 70
     1
102
RTVSPost2010Prop35
280
     0
102
RTVSPost2010PropOp35
 70
     1
102
RTVSPost2010Prop36
280
     0
102
RTVSPost2010PropOp36
 70
     1
102
RTVSPost2010Prop37
 90
       50
102
RTVSPost2010PropOp37
 70
     0
102
RTVSPost2010Prop38
140
0.0
102
RTVSPost2010PropOp38
 70
     0
102
RTVSPost2010Prop39
140
1.0
102
RTVSPost2010PropOp39
 70
     0
102
RTVSPost2010Prop40
 90
        0
102
RTVSPost2010PropOp40
 70
     0
102
RTVSPost2010Prop41ColorIndex
 90
       18
102
RTVSPost2010Prop41ColorRGB
 90
        0
102
RTVSPost2010PropOp41
 70
     0
102
RTVSPost2010Prop42
 90
       50
102
RTVSPost2010PropOp42
 70
     0
102
RTVSPost2010Prop43
 90
        3
102
RTVSPost2010PropOp43
 70
     0
102
RTVSPost2010Prop44ColorIndex
 90
        5
102
RTVSPost2010Prop44ColorRGB
 90
      255
102
RTVSPost2010PropOp44
 70
     0
102
RTVSPost2010Prop45
280
     0
102
RTVSPost2010PropOp45
 70
     1
102
RTVSPost2010Prop46
 90
       50
102
RTVSPost2010PropOp46
 70
     0
102
RTVSPost2010Prop47
 90
       50
102
RTVSPost2010PropOp47
 70
     0
102
RTVSPost2010Prop48
 90
       50
102
RTVSPost2010PropOp48
 70
     0
102
RTVSPost2010Prop49
280
     0
102
RTVSPost2010PropOp49
 70
     1
102
RTVSPost2010Prop50
 90
       50
102
RTVSPost2010PropOp50
 70
     0
102
RTVSPost2010Prop51ColorIndex
 90
      256
102
RTVSPost2010Prop51ColorRGB
 90
-16777216
102
RTVSPost2010PropOp51
 70
     0
102
RTVSPost2010Prop52
140
1.0
102
RTVSPost2010PropOp52
 70
     0
102
RTVSPost2010Prop53
 90
        2
102
RTVSPost2010PropOp53
 70
     0
102
RTVSPost2010Prop54
  1
strokes_ogs.tif
102
RTVSPost2010PropOp54
 70
     0
102
RTVSPost2010Prop55
280
     0
102
RTVSPost2010PropOp55
 70
     1
102
RTVSPost2010Prop56
140
1.0
102
RTVSPost2010PropOp56
 70
     0
102
RTVSPost2010Prop57
140
1.0
102
RTVSPost2010PropOp57
 70
     0
102
RTVSPropertyOp0
 70
     0
102
RTVSPropertyOp1
 70
     0
102
RTVSPropertyOp2
 70
     0
102
RTVSPropertyOp3
 70
     0
102
RTVSPropertyOp4
 70
     0
102
RTVSPropertyOp5
 70
     0
102
RTVSPropertyOp6
 70
     0
102
RTVSPropertyOp7
 70
     0
102
RTVSPropertyOp8
 70
     0
102
RTVSPropertyOp9
 70
     0
102
RTVSPropertyOp10
 70
     0
102
RTVSPropertyOp11
 70
     0
102
RTVSPropertyOp12
 70
     0
102
RTVSPropertyOp13
 70
     0
102
RTVSPropertyOp14
 70
     2
102
RTVSPropertyOp15
 70
     0
102
RTVSPropertyOp16
 70
     0
102
RTVSPropertyOp17
 70
     0
102
RTVSPropertyOp18
 70
     0
102
RTVSPropertyOp19
 70
     0
102
RTVSPropertyOp20
 70
     0
102
RTVSPropertyOp21
 70
     0
102
RTVSPropertyOp22
 70
     0
102
RTVSPropertyOp23
 70
     0
102
RTVSPropertyOp24
 70
     0
102
RTVSPropertyOp25
 70
     0
102
RTVSPropertyOp26
 70
     0
102
RTVSPropertyOp27
 70
     0
102
RTVSPropertyOp28
 70
     1
102
RTVSPropertyOp29
 70
     1
102
RTVSPropertyOp30
 70
     1
102
RTVSPropertyOp31
 70
     1
102
RTVSPropertyOp32
 70
     1
102
RTVSPropertyOp33
 70
     1
102
RTVSPropertyOp34
 70
     1
102
RTVSPropertyOp35
 70
     1
102
RTVSPropertyOp36
 70
     1
102
RTVSPropertyOp37
 70
     0
102
RTVSPropertyOp38
 70
     0
102
RTVSPropertyOp39
 70
     0
102
RTVSPropertyOp40
 70
     0
102
RTVSPropertyOp41
 70
     0
102
RTVSPropertyOp42
 70
     0
102
RTVSPropertyOp43
 70
     0
102
RTVSPropertyOp44
 70
     0
102
RTVSPropertyOp45
 70
     1
102
RTVSPropertyOp46
 70
     0
102
RTVSPropertyOp47
 70
     0
102
RTVSPropertyOp48
 70
     0
102
RTVSPropertyOp49
 70
     1
102
RTVSPropertyOp50
 70
     0
102
RTVSPropertyOp51
 70
     0
102
RTVSPropertyOp52
 70
     0
102
RTVSPropertyOp53
 70
     0
102
RTVSPropertyOp54
 70
     0
102
RTVSPropertyOp55
 70
     1
102
RTVSPropertyOp56
 70
     0
102
RTVSPropertyOp57
 70
     0
102
RTVSPropertyOp58
 70
     0
102
RTVSPropertyOp59
 70
     0
102
RTVSPropertyOp60
 70
     0
102
RTVSPropertyOp61
 70
     0
102
RTVSPropertyOp62
 70
     0
  0
XRECORD
  5
1B67
102
{ACAD_REACTORS
330
1B66
102
}
330
1B66
100
AcDbXrecord
280
     1
102
RTVSPost2010Prop28
280
     0
102
RTVSPost2010PropOp28
 70
     1
102
RTVSPost2010Prop29
280
     1
102
RTVSPost2010PropOp29
 70
     1
102
RTVSPost2010Prop30
280
     1
102
RTVSPost2010PropOp30
 70
     1
102
RTVSPost2010Prop31
280
     0
102
RTVSPost2010PropOp31
 70
     1
102
RTVSPost2010Prop32
280
     0
102
RTVSPost2010PropOp32
 70
     1
102
RTVSPost2010Prop33
280
     0
102
RTVSPost2010PropOp33
 70
     1
102
RTVSPost2010Prop34
280
     0
102
RTVSPost2010PropOp34
 70
     1
102
RTVSPost2010Prop35
280
     0
102
RTVSPost2010PropOp35
 70
     1
102
RTVSPost2010Prop36
280
     0
102
RTVSPost2010PropOp36
 70
     1
102
RTVSPost2010Prop37
 90
       50
102
RTVSPost2010PropOp37
 70
     1
102
RTVSPost2010Prop38
140
0.0
102
RTVSPost2010PropOp38
 70
     1
102
RTVSPost2010Prop39
140
1.0
102
RTVSPost2010PropOp39
 70
     1
102
RTVSPost2010Prop40
 90
        0
102
RTVSPost2010PropOp40
 70
     1
102
RTVSPost2010Prop41ColorIndex
 90
       18
102
RTVSPost2010Prop41ColorRGB
 90
        0
102
RTVSPost2010PropOp41
 70
     1
102
RTVSPost2010Prop42
 90
       50
102
RTVSPost2010PropOp42
 70
     1
102
RTVSPost2010Prop43
 90
        3
102
RTVSPost2010PropOp43
 70
     1
102
RTVSPost2010Prop44ColorIndex
 90
        5
102
RTVSPost2010Prop44ColorRGB
 90
      255
102
RTVSPost2010PropOp44
 70
     1
102
RTVSPost2010Prop45
280
     0
102
RTVSPost2010PropOp45
 70
     1
102
RTVSPost2010Prop46
 90
       50
102
RTVSPost2010PropOp46
 70
     1
102
RTVSPost2010Prop47
 90
       50
102
RTVSPost2010PropOp47
 70
     1
102
RTVSPost2010Prop48
 90
       50
102
RTVSPost2010PropOp48
 70
     1
102
RTVSPost2010Prop49
280
     0
102
RTVSPost2010PropOp49
 70
     1
102
RTVSPost2010Prop50
 90
       50
102
RTVSPost2010PropOp50
 70
     1
102
RTVSPost2010Prop51ColorIndex
 90
      256
102
RTVSPost2010Prop51ColorRGB
 90
-16777216
102
RTVSPost2010PropOp51
 70
     0
102
RTVSPost2010Prop52
140
1.0
102
RTVSPost2010PropOp52
 70
     0
102
RTVSPost2010Prop53
 90
        2
102
RTVSPost2010PropOp53
 70
     1
102
RTVSPost2010Prop54
  1
strokes_ogs.tif
102
RTVSPost2010PropOp54
 70
     1
102
RTVSPost2010Prop55
280
     0
102
RTVSPost2010PropOp55
 70
     1
102
RTVSPost2010Prop56
140
1.0
102
RTVSPost2010PropOp56
 70
     1
102
RTVSPost2010Prop57
140
1.0
102
RTVSPost2010PropOp57
 70
     1
102
RTVSPropertyOp0
 70
     1
102
RTVSPropertyOp1
 70
     1
102
RTVSPropertyOp2
 70
     1
102
RTVSPropertyOp3
 70
     1
102
RTVSPropertyOp4
 70
     1
102
RTVSPropertyOp5
 70
     1
102
RTVSPropertyOp6
 70
     1
102
RTVSPropertyOp7
 70
     1
102
RTVSPropertyOp8
 70
     1
102
RTVSPropertyOp9
 70
     1
102
RTVSPropertyOp10
 70
     1
102
RTVSPropertyOp11
 70
     1
102
RTVSPropertyOp12
 70
     1
102
RTVSPropertyOp13
 70
     1
102
RTVSPropertyOp14
 70
     1
102
RTVSPropertyOp15
 70
     1
102
RTVSPropertyOp16
 70
     1
102
RTVSPropertyOp17
 70
     1
102
RTVSPropertyOp18
 70
     1
102
RTVSPropertyOp19
 70
     1
102
RTVSPropertyOp20
 70
     1
102
RTVSPropertyOp21
 70
     1
102
RTVSPropertyOp22
 70
     1
102
RTVSPropertyOp23
 70
     1
102
RTVSPropertyOp24
 70
     1
102
RTVSPropertyOp25
 70
     1
102
RTVSPropertyOp26
 70
     1
102
RTVSPropertyOp27
 70
     1
102
RTVSPropertyOp28
 70
     1
102
RTVSPropertyOp29
 70
     1
102
RTVSPropertyOp30
 70
     1
102
RTVSPropertyOp31
 70
     1
102
RTVSPropertyOp32
 70
     1
102
RTVSPropertyOp33
 70
     1
102
RTVSPropertyOp34
 70
     1
102
RTVSPropertyOp35
 70
     1
102
RTVSPropertyOp36
 70
     1
102
RTVSPropertyOp37
 70
     1
102
RTVSPropertyOp38
 70
     1
102
RTVSPropertyOp39
 70
     1
102
RTVSPropertyOp40
 70
     1
102
RTVSPropertyOp41
 70
     1
102
RTVSPropertyOp42
 70
     1
102
RTVSPropertyOp43
 70
     1
102
RTVSPropertyOp44
 70
     1
102
RTVSPropertyOp45
 70
     1
102
RTVSPropertyOp46
 70
     1
102
RTVSPropertyOp47
 70
     1
102
RTVSPropertyOp48
 70
     1
102
RTVSPropertyOp49
 70
     1
102
RTVSPropertyOp50
 70
     1
102
RTVSPropertyOp51
 70
     0
102
RTVSPropertyOp52
 70
     0
102
RTVSPropertyOp53
 70
     1
102
RTVSPropertyOp54
 70
     1
102
RTVSPropertyOp55
 70
     1
102
RTVSPropertyOp56
 70
     1
102
RTVSPropertyOp57
 70
     1
102
RTVSPropertyOp58
 70
     1
102
RTVSPropertyOp59
 70
     1
102
RTVSPropertyOp60
 70
     1
102
RTVSPropertyOp61
 70
     1
102
RTVSPropertyOp62
 70
     1
  0
XRECORD
  5
1B4B
102
{ACAD_REACTORS
330
1B4A
102
}
330
1B4A
100
AcDbXrecord
280
     1
102
RTVSPost2010Prop28
280
     0
102
RTVSPost2010PropOp28
 70
     1
102
RTVSPost2010Prop29
280
     1
102
RTVSPost2010PropOp29
 70
     1
102
RTVSPost2010Prop30
280
     1
102
RTVSPost2010PropOp30
 70
     1
102
RTVSPost2010Prop31
280
     0
102
RTVSPost2010PropOp31
 70
     1
102
RTVSPost2010Prop32
280
     0
102
RTVSPost2010PropOp32
 70
     1
102
RTVSPost2010Prop33
280
     0
102
RTVSPost2010PropOp33
 70
     1
102
RTVSPost2010Prop34
280
     0
102
RTVSPost2010PropOp34
 70
     1
102
RTVSPost2010Prop35
280
     0
102
RTVSPost2010PropOp35
 70
     1
102
RTVSPost2010Prop36
280
     0
102
RTVSPost2010PropOp36
 70
     1
102
RTVSPost2010Prop37
 90
       50
102
RTVSPost2010PropOp37
 70
     1
102
RTVSPost2010Prop38
140
0.0
102
RTVSPost2010PropOp38
 70
     1
102
RTVSPost2010Prop39
140
1.0
102
RTVSPost2010PropOp39
 70
     1
102
RTVSPost2010Prop40
 90
        0
102
RTVSPost2010PropOp40
 70
     1
102
RTVSPost2010Prop41ColorIndex
 90
       18
102
RTVSPost2010Prop41ColorRGB
 90
        0
102
RTVSPost2010PropOp41
 70
     1
102
RTVSPost2010Prop42
 90
       50
102
RTVSPost2010PropOp42
 70
     1
102
RTVSPost2010Prop43
 90
        3
102
RTVSPost2010PropOp43
 70
     1
102
RTVSPost2010Prop44ColorIndex
 90
        5
102
RTVSPost2010Prop44ColorRGB
 90
      255
102
RTVSPost2010PropOp44
 70
     1
102
RTVSPost2010Prop45
280
     0
102
RTVSPost2010PropOp45
 70
     1
102
RTVSPost2010Prop46
 90
       50
102
RTVSPost2010PropOp46
 70
     1
102
RTVSPost2010Prop47
 90
       50
102
RTVSPost2010PropOp47
 70
     1
102
RTVSPost2010Prop48
 90
       50
102
RTVSPost2010PropOp48
 70
     1
102
RTVSPost2010Prop49
280
     0
102
RTVSPost2010PropOp49
 70
     1
102
RTVSPost2010Prop50
 90
       50
102
RTVSPost2010PropOp50
 70
     1
102
RTVSPost2010Prop51ColorIndex
 90
      256
102
RTVSPost2010Prop51ColorRGB
 90
-16777216
102
RTVSPost2010PropOp51
 70
     0
102
RTVSPost2010Prop52
140
1.0
102
RTVSPost2010PropOp52
 70
     0
102
RTVSPost2010Prop53
 90
        2
102
RTVSPost2010PropOp53
 70
     1
102
RTVSPost2010Prop54
  1
strokes_ogs.tif
102
RTVSPost2010PropOp54
 70
     1
102
RTVSPost2010Prop55
280
     0
102
RTVSPost2010PropOp55
 70
     1
102
RTVSPost2010Prop56
140
1.0
102
RTVSPost2010PropOp56
 70
     1
102
RTVSPost2010Prop57
140
1.0
102
RTVSPost2010PropOp57
 70
     1
102
RTVSPropertyOp0
 70
     1
102
RTVSPropertyOp1
 70
     1
102
RTVSPropertyOp2
 70
     1
102
RTVSPropertyOp3
 70
     1
102
RTVSPropertyOp4
 70
     1
102
RTVSPropertyOp5
 70
     1
102
RTVSPropertyOp6
 70
     1
102
RTVSPropertyOp7
 70
     1
102
RTVSPropertyOp8
 70
     1
102
RTVSPropertyOp9
 70
     1
102
RTVSPropertyOp10
 70
     1
102
RTVSPropertyOp11
 70
     1
102
RTVSPropertyOp12
 70
     1
102
RTVSPropertyOp13
 70
     1
102
RTVSPropertyOp14
 70
     1
102
RTVSPropertyOp15
 70
     1
102
RTVSPropertyOp16
 70
     1
102
RTVSPropertyOp17
 70
     1
102
RTVSPropertyOp18
 70
     1
102
RTVSPropertyOp19
 70
     1
102
RTVSPropertyOp20
 70
     1
102
RTVSPropertyOp21
 70
     1
102
RTVSPropertyOp22
 70
     1
102
RTVSPropertyOp23
 70
     1
102
RTVSPropertyOp24
 70
     1
102
RTVSPropertyOp25
 70
     1
102
RTVSPropertyOp26
 70
     1
102
RTVSPropertyOp27
 70
     1
102
RTVSPropertyOp28
 70
     1
102
RTVSPropertyOp29
 70
     1
102
RTVSPropertyOp30
 70
     1
102
RTVSPropertyOp31
 70
     1
102
RTVSPropertyOp32
 70
     1
102
RTVSPropertyOp33
 70
     1
102
RTVSPropertyOp34
 70
     1
102
RTVSPropertyOp35
 70
     1
102
RTVSPropertyOp36
 70
     1
102
RTVSPropertyOp37
 70
     1
102
RTVSPropertyOp38
 70
     1
102
RTVSPropertyOp39
 70
     1
102
RTVSPropertyOp40
 70
     1
102
RTVSPropertyOp41
 70
     1
102
RTVSPropertyOp42
 70
     1
102
RTVSPropertyOp43
 70
     1
102
RTVSPropertyOp44
 70
     1
102
RTVSPropertyOp45
 70
     1
102
RTVSPropertyOp46
 70
     1
102
RTVSPropertyOp47
 70
     1
102
RTVSPropertyOp48
 70
     1
102
RTVSPropertyOp49
 70
     1
102
RTVSPropertyOp50
 70
     1
102
RTVSPropertyOp51
 70
     0
102
RTVSPropertyOp52
 70
     0
102
RTVSPropertyOp53
 70
     1
102
RTVSPropertyOp54
 70
     1
102
RTVSPropertyOp55
 70
     1
102
RTVSPropertyOp56
 70
     1
102
RTVSPropertyOp57
 70
     1
102
RTVSPropertyOp58
 70
     1
102
RTVSPropertyOp59
 70
     1
102
RTVSPropertyOp60
 70
     1
102
RTVSPropertyOp61
 70
     1
102
RTVSPropertyOp62
 70
     1
  0
XRECORD
  5
1B4D
102
{ACAD_REACTORS
330
1B4C
102
}
330
1B4C
100
AcDbXrecord
280
     1
102
RTVSPost2010Prop28
280
     0
102
RTVSPost2010PropOp28
 70
     1
102
RTVSPost2010Prop29
280
     1
102
RTVSPost2010PropOp29
 70
     1
102
RTVSPost2010Prop30
280
     1
102
RTVSPost2010PropOp30
 70
     1
102
RTVSPost2010Prop31
280
     0
102
RTVSPost2010PropOp31
 70
     1
102
RTVSPost2010Prop32
280
     0
102
RTVSPost2010PropOp32
 70
     1
102
RTVSPost2010Prop33
280
     0
102
RTVSPost2010PropOp33
 70
     1
102
RTVSPost2010Prop34
280
     0
102
RTVSPost2010PropOp34
 70
     1
102
RTVSPost2010Prop35
280
     0
102
RTVSPost2010PropOp35
 70
     1
102
RTVSPost2010Prop36
280
     0
102
RTVSPost2010PropOp36
 70
     1
102
RTVSPost2010Prop37
 90
       50
102
RTVSPost2010PropOp37
 70
     1
102
RTVSPost2010Prop38
140
0.0
102
RTVSPost2010PropOp38
 70
     1
102
RTVSPost2010Prop39
140
1.0
102
RTVSPost2010PropOp39
 70
     1
102
RTVSPost2010Prop40
 90
        0
102
RTVSPost2010PropOp40
 70
     1
102
RTVSPost2010Prop41ColorIndex
 90
       18
102
RTVSPost2010Prop41ColorRGB
 90
        0
102
RTVSPost2010PropOp41
 70
     1
102
RTVSPost2010Prop42
 90
       50
102
RTVSPost2010PropOp42
 70
     1
102
RTVSPost2010Prop43
 90
        3
102
RTVSPost2010PropOp43
 70
     1
102
RTVSPost2010Prop44ColorIndex
 90
        5
102
RTVSPost2010Prop44ColorRGB
 90
      255
102
RTVSPost2010PropOp44
 70
     1
102
RTVSPost2010Prop45
280
     0
102
RTVSPost2010PropOp45
 70
     1
102
RTVSPost2010Prop46
 90
       50
102
RTVSPost2010PropOp46
 70
     1
102
RTVSPost2010Prop47
 90
       50
102
RTVSPost2010PropOp47
 70
     1
102
RTVSPost2010Prop48
 90
       50
102
RTVSPost2010PropOp48
 70
     1
102
RTVSPost2010Prop49
280
     0
102
RTVSPost2010PropOp49
 70
     1
102
RTVSPost2010Prop50
 90
       50
102
RTVSPost2010PropOp50
 70
     1
102
RTVSPost2010Prop51ColorIndex
 90
      256
102
RTVSPost2010Prop51ColorRGB
 90
-16777216
102
RTVSPost2010PropOp51
 70
     0
102
RTVSPost2010Prop52
140
1.0
102
RTVSPost2010PropOp52
 70
     0
102
RTVSPost2010Prop53
 90
        2
102
RTVSPost2010PropOp53
 70
     1
102
RTVSPost2010Prop54
  1
strokes_ogs.tif
102
RTVSPost2010PropOp54
 70
     1
102
RTVSPost2010Prop55
280
     0
102
RTVSPost2010PropOp55
 70
     1
102
RTVSPost2010Prop56
140
1.0
102
RTVSPost2010PropOp56
 70
     1
102
RTVSPost2010Prop57
140
1.0
102
RTVSPost2010PropOp57
 70
     1
102
RTVSPropertyOp0
 70
     1
102
RTVSPropertyOp1
 70
     1
102
RTVSPropertyOp2
 70
     1
102
RTVSPropertyOp3
 70
     1
102
RTVSPropertyOp4
 70
     1
102
RTVSPropertyOp5
 70
     1
102
RTVSPropertyOp6
 70
     1
102
RTVSPropertyOp7
 70
     1
102
RTVSPropertyOp8
 70
     1
102
RTVSPropertyOp9
 70
     1
102
RTVSPropertyOp10
 70
     1
102
RTVSPropertyOp11
 70
     1
102
RTVSPropertyOp12
 70
     1
102
RTVSPropertyOp13
 70
     1
102
RTVSPropertyOp14
 70
     1
102
RTVSPropertyOp15
 70
     1
102
RTVSPropertyOp16
 70
     1
102
RTVSPropertyOp17
 70
     1
102
RTVSPropertyOp18
 70
     1
102
RTVSPropertyOp19
 70
     1
102
RTVSPropertyOp20
 70
     1
102
RTVSPropertyOp21
 70
     1
102
RTVSPropertyOp22
 70
     1
102
RTVSPropertyOp23
 70
     1
102
RTVSPropertyOp24
 70
     1
102
RTVSPropertyOp25
 70
     1
102
RTVSPropertyOp26
 70
     1
102
RTVSPropertyOp27
 70
     1
102
RTVSPropertyOp28
 70
     1
102
RTVSPropertyOp29
 70
     1
102
RTVSPropertyOp30
 70
     1
102
RTVSPropertyOp31
 70
     1
102
RTVSPropertyOp32
 70
     1
102
RTVSPropertyOp33
 70
     1
102
RTVSPropertyOp34
 70
     1
102
RTVSPropertyOp35
 70
     1
102
RTVSPropertyOp36
 70
     1
102
RTVSPropertyOp37
 70
     1
102
RTVSPropertyOp38
 70
     1
102
RTVSPropertyOp39
 70
     1
102
RTVSPropertyOp40
 70
     1
102
RTVSPropertyOp41
 70
     1
102
RTVSPropertyOp42
 70
     1
102
RTVSPropertyOp43
 70
     1
102
RTVSPropertyOp44
 70
     1
102
RTVSPropertyOp45
 70
     1
102
RTVSPropertyOp46
 70
     1
102
RTVSPropertyOp47
 70
     1
102
RTVSPropertyOp48
 70
     1
102
RTVSPropertyOp49
 70
     1
102
RTVSPropertyOp50
 70
     1
102
RTVSPropertyOp51
 70
     0
102
RTVSPropertyOp52
 70
     0
102
RTVSPropertyOp53
 70
     1
102
RTVSPropertyOp54
 70
     1
102
RTVSPropertyOp55
 70
     1
102
RTVSPropertyOp56
 70
     1
102
RTVSPropertyOp57
 70
     1
102
RTVSPropertyOp58
 70
     1
102
RTVSPropertyOp59
 70
     1
102
RTVSPropertyOp60
 70
     1
102
RTVSPropertyOp61
 70
     1
102
RTVSPropertyOp62
 70
     1
  0
XRECORD
  5
1B4F
102
{ACAD_REACTORS
330
1B4E
102
}
330
1B4E
100
AcDbXrecord
280
     1
102
RTVSPost2010Prop28
280
     0
102
RTVSPost2010PropOp28
 70
     1
102
RTVSPost2010Prop29
280
     1
102
RTVSPost2010PropOp29
 70
     1
102
RTVSPost2010Prop30
280
     1
102
RTVSPost2010PropOp30
 70
     1
102
RTVSPost2010Prop31
280
     0
102
RTVSPost2010PropOp31
 70
     1
102
RTVSPost2010Prop32
280
     0
102
RTVSPost2010PropOp32
 70
     1
102
RTVSPost2010Prop33
280
     0
102
RTVSPost2010PropOp33
 70
     1
102
RTVSPost2010Prop34
280
     0
102
RTVSPost2010PropOp34
 70
     1
102
RTVSPost2010Prop35
280
     0
102
RTVSPost2010PropOp35
 70
     1
102
RTVSPost2010Prop36
280
     0
102
RTVSPost2010PropOp36
 70
     1
102
RTVSPost2010Prop37
 90
       50
102
RTVSPost2010PropOp37
 70
     1
102
RTVSPost2010Prop38
140
0.0
102
RTVSPost2010PropOp38
 70
     1
102
RTVSPost2010Prop39
140
1.0
102
RTVSPost2010PropOp39
 70
     1
102
RTVSPost2010Prop40
 90
        0
102
RTVSPost2010PropOp40
 70
     1
102
RTVSPost2010Prop41ColorIndex
 90
       18
102
RTVSPost2010Prop41ColorRGB
 90
        0
102
RTVSPost2010PropOp41
 70
     1
102
RTVSPost2010Prop42
 90
       50
102
RTVSPost2010PropOp42
 70
     1
102
RTVSPost2010Prop43
 90
        3
102
RTVSPost2010PropOp43
 70
     1
102
RTVSPost2010Prop44ColorIndex
 90
        5
102
RTVSPost2010Prop44ColorRGB
 90
      255
102
RTVSPost2010PropOp44
 70
     1
102
RTVSPost2010Prop45
280
     0
102
RTVSPost2010PropOp45
 70
     1
102
RTVSPost2010Prop46
 90
       50
102
RTVSPost2010PropOp46
 70
     1
102
RTVSPost2010Prop47
 90
       50
102
RTVSPost2010PropOp47
 70
     1
102
RTVSPost2010Prop48
 90
       50
102
RTVSPost2010PropOp48
 70
     1
102
RTVSPost2010Prop49
280
     0
102
RTVSPost2010PropOp49
 70
     1
102
RTVSPost2010Prop50
 90
       50
102
RTVSPost2010PropOp50
 70
     1
102
RTVSPost2010Prop51ColorIndex
 90
      256
102
RTVSPost2010Prop51ColorRGB
 90
-16777216
102
RTVSPost2010PropOp51
 70
     0
102
RTVSPost2010Prop52
140
1.0
102
RTVSPost2010PropOp52
 70
     0
102
RTVSPost2010Prop53
 90
        2
102
RTVSPost2010PropOp53
 70
     1
102
RTVSPost2010Prop54
  1
strokes_ogs.tif
102
RTVSPost2010PropOp54
 70
     1
102
RTVSPost2010Prop55
280
     0
102
RTVSPost2010PropOp55
 70
     1
102
RTVSPost2010Prop56
140
1.0
102
RTVSPost2010PropOp56
 70
     1
102
RTVSPost2010Prop57
140
1.0
102
RTVSPost2010PropOp57
 70
     1
102
RTVSPropertyOp0
 70
     1
102
RTVSPropertyOp1
 70
     1
102
RTVSPropertyOp2
 70
     1
102
RTVSPropertyOp3
 70
     1
102
RTVSPropertyOp4
 70
     1
102
RTVSPropertyOp5
 70
     1
102
RTVSPropertyOp6
 70
     1
102
RTVSPropertyOp7
 70
     1
102
RTVSPropertyOp8
 70
     1
102
RTVSPropertyOp9
 70
     1
102
RTVSPropertyOp10
 70
     1
102
RTVSPropertyOp11
 70
     1
102
RTVSPropertyOp12
 70
     1
102
RTVSPropertyOp13
 70
     1
102
RTVSPropertyOp14
 70
     1
102
RTVSPropertyOp15
 70
     1
102
RTVSPropertyOp16
 70
     1
102
RTVSPropertyOp17
 70
     1
102
RTVSPropertyOp18
 70
     1
102
RTVSPropertyOp19
 70
     1
102
RTVSPropertyOp20
 70
     1
102
RTVSPropertyOp21
 70
     1
102
RTVSPropertyOp22
 70
     1
102
RTVSPropertyOp23
 70
     1
102
RTVSPropertyOp24
 70
     1
102
RTVSPropertyOp25
 70
     1
102
RTVSPropertyOp26
 70
     1
102
RTVSPropertyOp27
 70
     1
102
RTVSPropertyOp28
 70
     1
102
RTVSPropertyOp29
 70
     1
102
RTVSPropertyOp30
 70
     1
102
RTVSPropertyOp31
 70
     1
102
RTVSPropertyOp32
 70
     1
102
RTVSPropertyOp33
 70
     1
102
RTVSPropertyOp34
 70
     1
102
RTVSPropertyOp35
 70
     1
102
RTVSPropertyOp36
 70
     1
102
RTVSPropertyOp37
 70
     1
102
RTVSPropertyOp38
 70
     1
102
RTVSPropertyOp39
 70
     1
102
RTVSPropertyOp40
 70
     1
102
RTVSPropertyOp41
 70
     1
102
RTVSPropertyOp42
 70
     1
102
RTVSPropertyOp43
 70
     1
102
RTVSPropertyOp44
 70
     1
102
RTVSPropertyOp45
 70
     1
102
RTVSPropertyOp46
 70
     1
102
RTVSPropertyOp47
 70
     1
102
RTVSPropertyOp48
 70
     1
102
RTVSPropertyOp49
 70
     1
102
RTVSPropertyOp50
 70
     1
102
RTVSPropertyOp51
 70
     0
102
RTVSPropertyOp52
 70
     0
102
RTVSPropertyOp53
 70
     1
102
RTVSPropertyOp54
 70
     1
102
RTVSPropertyOp55
 70
     1
102
RTVSPropertyOp56
 70
     1
102
RTVSPropertyOp57
 70
     1
102
RTVSPropertyOp58
 70
     1
102
RTVSPropertyOp59
 70
     1
102
RTVSPropertyOp60
 70
     1
102
RTVSPropertyOp61
 70
     1
102
RTVSPropertyOp62
 70
     1
  0
XRECORD
  5
1B51
102
{ACAD_REACTORS
330
1B50
102
}
330
1B50
100
AcDbXrecord
280
     1
102
RTVSPost2010Prop28
280
     0
102
RTVSPost2010PropOp28
 70
     1
102
RTVSPost2010Prop29
280
     1
102
RTVSPost2010PropOp29
 70
     1
102
RTVSPost2010Prop30
280
     1
102
RTVSPost2010PropOp30
 70
     1
102
RTVSPost2010Prop31
280
     0
102
RTVSPost2010PropOp31
 70
     1
102
RTVSPost2010Prop32
280
     0
102
RTVSPost2010PropOp32
 70
     1
102
RTVSPost2010Prop33
280
     0
102
RTVSPost2010PropOp33
 70
     1
102
RTVSPost2010Prop34
280
     0
102
RTVSPost2010PropOp34
 70
     1
102
RTVSPost2010Prop35
280
     0
102
RTVSPost2010PropOp35
 70
     1
102
RTVSPost2010Prop36
280
     0
102
RTVSPost2010PropOp36
 70
     1
102
RTVSPost2010Prop37
 90
       50
102
RTVSPost2010PropOp37
 70
     1
102
RTVSPost2010Prop38
140
0.0
102
RTVSPost2010PropOp38
 70
     1
102
RTVSPost2010Prop39
140
1.0
102
RTVSPost2010PropOp39
 70
     1
102
RTVSPost2010Prop40
 90
        0
102
RTVSPost2010PropOp40
 70
     1
102
RTVSPost2010Prop41ColorIndex
 90
       18
102
RTVSPost2010Prop41ColorRGB
 90
        0
102
RTVSPost2010PropOp41
 70
     1
102
RTVSPost2010Prop42
 90
       50
102
RTVSPost2010PropOp42
 70
     1
102
RTVSPost2010Prop43
 90
        3
102
RTVSPost2010PropOp43
 70
     1
102
RTVSPost2010Prop44ColorIndex
 90
        5
102
RTVSPost2010Prop44ColorRGB
 90
      255
102
RTVSPost2010PropOp44
 70
     1
102
RTVSPost2010Prop45
280
     0
102
RTVSPost2010PropOp45
 70
     1
102
RTVSPost2010Prop46
 90
       50
102
RTVSPost2010PropOp46
 70
     1
102
RTVSPost2010Prop47
 90
       50
102
RTVSPost2010PropOp47
 70
     1
102
RTVSPost2010Prop48
 90
       50
102
RTVSPost2010PropOp48
 70
     1
102
RTVSPost2010Prop49
280
     0
102
RTVSPost2010PropOp49
 70
     1
102
RTVSPost2010Prop50
 90
       50
102
RTVSPost2010PropOp50
 70
     1
102
RTVSPost2010Prop51ColorIndex
 90
      256
102
RTVSPost2010Prop51ColorRGB
 90
-16777216
102
RTVSPost2010PropOp51
 70
     0
102
RTVSPost2010Prop52
140
1.0
102
RTVSPost2010PropOp52
 70
     0
102
RTVSPost2010Prop53
 90
        2
102
RTVSPost2010PropOp53
 70
     1
102
RTVSPost2010Prop54
  1
strokes_ogs.tif
102
RTVSPost2010PropOp54
 70
     1
102
RTVSPost2010Prop55
280
     0
102
RTVSPost2010PropOp55
 70
     1
102
RTVSPost2010Prop56
140
1.0
102
RTVSPost2010PropOp56
 70
     1
102
RTVSPost2010Prop57
140
1.0
102
RTVSPost2010PropOp57
 70
     1
102
RTVSPropertyOp0
 70
     1
102
RTVSPropertyOp1
 70
     1
102
RTVSPropertyOp2
 70
     1
102
RTVSPropertyOp3
 70
     1
102
RTVSPropertyOp4
 70
     1
102
RTVSPropertyOp5
 70
     1
102
RTVSPropertyOp6
 70
     1
102
RTVSPropertyOp7
 70
     1
102
RTVSPropertyOp8
 70
     1
102
RTVSPropertyOp9
 70
     1
102
RTVSPropertyOp10
 70
     1
102
RTVSPropertyOp11
 70
     1
102
RTVSPropertyOp12
 70
     1
102
RTVSPropertyOp13
 70
     1
102
RTVSPropertyOp14
 70
     1
102
RTVSPropertyOp15
 70
     1
102
RTVSPropertyOp16
 70
     1
102
RTVSPropertyOp17
 70
     1
102
RTVSPropertyOp18
 70
     1
102
RTVSPropertyOp19
 70
     1
102
RTVSPropertyOp20
 70
     1
102
RTVSPropertyOp21
 70
     1
102
RTVSPropertyOp22
 70
     1
102
RTVSPropertyOp23
 70
     1
102
RTVSPropertyOp24
 70
     1
102
RTVSPropertyOp25
 70
     1
102
RTVSPropertyOp26
 70
     1
102
RTVSPropertyOp27
 70
     1
102
RTVSPropertyOp28
 70
     1
102
RTVSPropertyOp29
 70
     1
102
RTVSPropertyOp30
 70
     1
102
RTVSPropertyOp31
 70
     1
102
RTVSPropertyOp32
 70
     1
102
RTVSPropertyOp33
 70
     1
102
RTVSPropertyOp34
 70
     1
102
RTVSPropertyOp35
 70
     1
102
RTVSPropertyOp36
 70
     1
102
RTVSPropertyOp37
 70
     1
102
RTVSPropertyOp38
 70
     1
102
RTVSPropertyOp39
 70
     1
102
RTVSPropertyOp40
 70
     1
102
RTVSPropertyOp41
 70
     1
102
RTVSPropertyOp42
 70
     1
102
RTVSPropertyOp43
 70
     1
102
RTVSPropertyOp44
 70
     1
102
RTVSPropertyOp45
 70
     1
102
RTVSPropertyOp46
 70
     1
102
RTVSPropertyOp47
 70
     1
102
RTVSPropertyOp48
 70
     1
102
RTVSPropertyOp49
 70
     1
102
RTVSPropertyOp50
 70
     1
102
RTVSPropertyOp51
 70
     0
102
RTVSPropertyOp52
 70
     0
102
RTVSPropertyOp53
 70
     1
102
RTVSPropertyOp54
 70
     1
102
RTVSPropertyOp55
 70
     1
102
RTVSPropertyOp56
 70
     1
102
RTVSPropertyOp57
 70
     1
102
RTVSPropertyOp58
 70
     1
102
RTVSPropertyOp59
 70
     1
102
RTVSPropertyOp60
 70
     1
102
RTVSPropertyOp61
 70
     1
102
RTVSPropertyOp62
 70
     1
  0
XRECORD
  5
1B59
102
{ACAD_REACTORS
330
1B58
102
}
330
1B58
100
AcDbXrecord
280
     1
102
RTVSPost2010Prop28
280
     0
102
RTVSPost2010PropOp28
 70
     1
102
RTVSPost2010Prop29
280
     1
102
RTVSPost2010PropOp29
 70
     1
102
RTVSPost2010Prop30
280
     1
102
RTVSPost2010PropOp30
 70
     1
102
RTVSPost2010Prop31
280
     0
102
RTVSPost2010PropOp31
 70
     1
102
RTVSPost2010Prop32
280
     0
102
RTVSPost2010PropOp32
 70
     1
102
RTVSPost2010Prop33
280
     0
102
RTVSPost2010PropOp33
 70
     1
102
RTVSPost2010Prop34
280
     0
102
RTVSPost2010PropOp34
 70
     1
102
RTVSPost2010Prop35
280
     0
102
RTVSPost2010PropOp35
 70
     1
102
RTVSPost2010Prop36
280
     0
102
RTVSPost2010PropOp36
 70
     1
102
RTVSPost2010Prop37
 90
       50
102
RTVSPost2010PropOp37
 70
     1
102
RTVSPost2010Prop38
140
0.0
102
RTVSPost2010PropOp38
 70
     1
102
RTVSPost2010Prop39
140
1.0
102
RTVSPost2010PropOp39
 70
     1
102
RTVSPost2010Prop40
 90
        0
102
RTVSPost2010PropOp40
 70
     1
102
RTVSPost2010Prop41ColorIndex
 90
       18
102
RTVSPost2010Prop41ColorRGB
 90
        0
102
RTVSPost2010PropOp41
 70
     1
102
RTVSPost2010Prop42
 90
       50
102
RTVSPost2010PropOp42
 70
     1
102
RTVSPost2010Prop43
 90
        3
102
RTVSPost2010PropOp43
 70
     1
102
RTVSPost2010Prop44ColorIndex
 90
        5
102
RTVSPost2010Prop44ColorRGB
 90
      255
102
RTVSPost2010PropOp44
 70
     1
102
RTVSPost2010Prop45
280
     0
102
RTVSPost2010PropOp45
 70
     1
102
RTVSPost2010Prop46
 90
       50
102
RTVSPost2010PropOp46
 70
     1
102
RTVSPost2010Prop47
 90
       50
102
RTVSPost2010PropOp47
 70
     1
102
RTVSPost2010Prop48
 90
       50
102
RTVSPost2010PropOp48
 70
     1
102
RTVSPost2010Prop49
280
     0
102
RTVSPost2010PropOp49
 70
     1
102
RTVSPost2010Prop50
 90
       50
102
RTVSPost2010PropOp50
 70
     1
102
RTVSPost2010Prop51ColorIndex
 90
      256
102
RTVSPost2010Prop51ColorRGB
 90
-16777216
102
RTVSPost2010PropOp51
 70
     0
102
RTVSPost2010Prop52
140
1.0
102
RTVSPost2010PropOp52
 70
     0
102
RTVSPost2010Prop53
 90
        2
102
RTVSPost2010PropOp53
 70
     1
102
RTVSPost2010Prop54
  1
strokes_ogs.tif
102
RTVSPost2010PropOp54
 70
     1
102
RTVSPost2010Prop55
280
     0
102
RTVSPost2010PropOp55
 70
     1
102
RTVSPost2010Prop56
140
1.0
102
RTVSPost2010PropOp56
 70
     1
102
RTVSPost2010Prop57
140
1.0
102
RTVSPost2010PropOp57
 70
     1
102
RTVSPropertyOp0
 70
     1
102
RTVSPropertyOp1
 70
     1
102
RTVSPropertyOp2
 70
     1
102
RTVSPropertyOp3
 70
     1
102
RTVSPropertyOp4
 70
     1
102
RTVSPropertyOp5
 70
     1
102
RTVSPropertyOp6
 70
     1
102
RTVSPropertyOp7
 70
     1
102
RTVSPropertyOp8
 70
     1
102
RTVSPropertyOp9
 70
     1
102
RTVSPropertyOp10
 70
     1
102
RTVSPropertyOp11
 70
     1
102
RTVSPropertyOp12
 70
     1
102
RTVSPropertyOp13
 70
     1
102
RTVSPropertyOp14
 70
     1
102
RTVSPropertyOp15
 70
     1
102
RTVSPropertyOp16
 70
     1
102
RTVSPropertyOp17
 70
     1
102
RTVSPropertyOp18
 70
     1
102
RTVSPropertyOp19
 70
     1
102
RTVSPropertyOp20
 70
     1
102
RTVSPropertyOp21
 70
     1
102
RTVSPropertyOp22
 70
     1
102
RTVSPropertyOp23
 70
     1
102
RTVSPropertyOp24
 70
     1
102
RTVSPropertyOp25
 70
     1
102
RTVSPropertyOp26
 70
     1
102
RTVSPropertyOp27
 70
     1
102
RTVSPropertyOp28
 70
     1
102
RTVSPropertyOp29
 70
     1
102
RTVSPropertyOp30
 70
     1
102
RTVSPropertyOp31
 70
     1
102
RTVSPropertyOp32
 70
     1
102
RTVSPropertyOp33
 70
     1
102
RTVSPropertyOp34
 70
     1
102
RTVSPropertyOp35
 70
     1
102
RTVSPropertyOp36
 70
     1
102
RTVSPropertyOp37
 70
     1
102
RTVSPropertyOp38
 70
     1
102
RTVSPropertyOp39
 70
     1
102
RTVSPropertyOp40
 70
     1
102
RTVSPropertyOp41
 70
     1
102
RTVSPropertyOp42
 70
     1
102
RTVSPropertyOp43
 70
     1
102
RTVSPropertyOp44
 70
     1
102
RTVSPropertyOp45
 70
     1
102
RTVSPropertyOp46
 70
     1
102
RTVSPropertyOp47
 70
     1
102
RTVSPropertyOp48
 70
     1
102
RTVSPropertyOp49
 70
     1
102
RTVSPropertyOp50
 70
     1
102
RTVSPropertyOp51
 70
     0
102
RTVSPropertyOp52
 70
     0
102
RTVSPropertyOp53
 70
     1
102
RTVSPropertyOp54
 70
     1
102
RTVSPropertyOp55
 70
     1
102
RTVSPropertyOp56
 70
     1
102
RTVSPropertyOp57
 70
     1
102
RTVSPropertyOp58
 70
     1
102
RTVSPropertyOp59
 70
     1
102
RTVSPropertyOp60
 70
     1
102
RTVSPropertyOp61
 70
     1
102
RTVSPropertyOp62
 70
     1
  0
XRECORD
  5
1B75
102
{ACAD_REACTORS
330
1B74
102
}
330
1B74
100
AcDbXrecord
280
     1
102
RTVSPost2010Prop28
280
     0
102
RTVSPost2010PropOp28
 70
     1
102
RTVSPost2010Prop29
280
     1
102
RTVSPost2010PropOp29
 70
     1
102
RTVSPost2010Prop30
280
     1
102
RTVSPost2010PropOp30
 70
     1
102
RTVSPost2010Prop31
280
     0
102
RTVSPost2010PropOp31
 70
     1
102
RTVSPost2010Prop32
280
     0
102
RTVSPost2010PropOp32
 70
     1
102
RTVSPost2010Prop33
280
     0
102
RTVSPost2010PropOp33
 70
     1
102
RTVSPost2010Prop34
280
     0
102
RTVSPost2010PropOp34
 70
     1
102
RTVSPost2010Prop35
280
     0
102
RTVSPost2010PropOp35
 70
     1
102
RTVSPost2010Prop36
280
     0
102
RTVSPost2010PropOp36
 70
     1
102
RTVSPost2010Prop37
 90
       50
102
RTVSPost2010PropOp37
 70
     0
102
RTVSPost2010Prop38
140
0.0
102
RTVSPost2010PropOp38
 70
     0
102
RTVSPost2010Prop39
140
1.0
102
RTVSPost2010PropOp39
 70
     0
102
RTVSPost2010Prop40
 90
        0
102
RTVSPost2010PropOp40
 70
     0
102
RTVSPost2010Prop41ColorIndex
 90
       18
102
RTVSPost2010Prop41ColorRGB
 90
        0
102
RTVSPost2010PropOp41
 70
     0
102
RTVSPost2010Prop42
 90
       50
102
RTVSPost2010PropOp42
 70
     0
102
RTVSPost2010Prop43
 90
        3
102
RTVSPost2010PropOp43
 70
     0
102
RTVSPost2010Prop44ColorIndex
 90
        5
102
RTVSPost2010Prop44ColorRGB
 90
      255
102
RTVSPost2010PropOp44
 70
     0
102
RTVSPost2010Prop45
280
     0
102
RTVSPost2010PropOp45
 70
     1
102
RTVSPost2010Prop46
 90
       50
102
RTVSPost2010PropOp46
 70
     0
102
RTVSPost2010Prop47
 90
       50
102
RTVSPost2010PropOp47
 70
     0
102
RTVSPost2010Prop48
 90
       50
102
RTVSPost2010PropOp48
 70
     0
102
RTVSPost2010Prop49
280
     0
102
RTVSPost2010PropOp49
 70
     1
102
RTVSPost2010Prop50
 90
       50
102
RTVSPost2010PropOp50
 70
     0
102
RTVSPost2010Prop51ColorIndex
 90
      256
102
RTVSPost2010Prop51ColorRGB
 90
-16777216
102
RTVSPost2010PropOp51
 70
     0
102
RTVSPost2010Prop52
140
1.0
102
RTVSPost2010PropOp52
 70
     0
102
RTVSPost2010Prop53
 90
        2
102
RTVSPost2010PropOp53
 70
     0
102
RTVSPost2010Prop54
  1
strokes_ogs.tif
102
RTVSPost2010PropOp54
 70
     0
102
RTVSPost2010Prop55
280
     0
102
RTVSPost2010PropOp55
 70
     1
102
RTVSPost2010Prop56
140
1.0
102
RTVSPost2010PropOp56
 70
     0
102
RTVSPost2010Prop57
140
1.0
102
RTVSPost2010PropOp57
 70
     0
102
RTVSPropertyOp0
 70
     0
102
RTVSPropertyOp1
 70
     0
102
RTVSPropertyOp2
 70
     0
102
RTVSPropertyOp3
 70
     0
102
RTVSPropertyOp4
 70
     0
102
RTVSPropertyOp5
 70
     0
102
RTVSPropertyOp6
 70
     0
102
RTVSPropertyOp7
 70
     0
102
RTVSPropertyOp8
 70
     0
102
RTVSPropertyOp9
 70
     0
102
RTVSPropertyOp10
 70
     0
102
RTVSPropertyOp11
 70
     0
102
RTVSPropertyOp12
 70
     0
102
RTVSPropertyOp13
 70
     0
102
RTVSPropertyOp14
 70
     2
102
RTVSPropertyOp15
 70
     0
102
RTVSPropertyOp16
 70
     0
102
RTVSPropertyOp17
 70
     0
102
RTVSPropertyOp18
 70
     0
102
RTVSPropertyOp19
 70
     0
102
RTVSPropertyOp20
 70
     0
102
RTVSPropertyOp21
 70
     0
102
RTVSPropertyOp22
 70
     0
102
RTVSPropertyOp23
 70
     0
102
RTVSPropertyOp24
 70
     0
102
RTVSPropertyOp25
 70
     0
102
RTVSPropertyOp26
 70
     0
102
RTVSPropertyOp27
 70
     0
102
RTVSPropertyOp28
 70
     1
102
RTVSPropertyOp29
 70
     1
102
RTVSPropertyOp30
 70
     1
102
RTVSPropertyOp31
 70
     1
102
RTVSPropertyOp32
 70
     1
102
RTVSPropertyOp33
 70
     1
102
RTVSPropertyOp34
 70
     1
102
RTVSPropertyOp35
 70
     1
102
RTVSPropertyOp36
 70
     1
102
RTVSPropertyOp37
 70
     0
102
RTVSPropertyOp38
 70
     0
102
RTVSPropertyOp39
 70
     0
102
RTVSPropertyOp40
 70
     0
102
RTVSPropertyOp41
 70
     0
102
RTVSPropertyOp42
 70
     0
102
RTVSPropertyOp43
 70
     0
102
RTVSPropertyOp44
 70
     0
102
RTVSPropertyOp45
 70
     1
102
RTVSPropertyOp46
 70
     0
102
RTVSPropertyOp47
 70
     0
102
RTVSPropertyOp48
 70
     0
102
RTVSPropertyOp49
 70
     1
102
RTVSPropertyOp50
 70
     0
102
RTVSPropertyOp51
 70
     0
102
RTVSPropertyOp52
 70
     0
102
RTVSPropertyOp53
 70
     0
102
RTVSPropertyOp54
 70
     0
102
RTVSPropertyOp55
 70
     1
102
RTVSPropertyOp56
 70
     0
102
RTVSPropertyOp57
 70
     0
102
RTVSPropertyOp58
 70
     0
102
RTVSPropertyOp59
 70
     0
102
RTVSPropertyOp60
 70
     0
102
RTVSPropertyOp61
 70
     0
102
RTVSPropertyOp62
 70
     0
  0
XRECORD
  5
1B65
102
{ACAD_REACTORS
330
1B64
102
}
330
1B64
100
AcDbXrecord
280
     1
102
RTVSPost2010Prop28
280
     0
102
RTVSPost2010PropOp28
 70
     1
102
RTVSPost2010Prop29
280
     1
102
RTVSPost2010PropOp29
 70
     1
102
RTVSPost2010Prop30
280
     1
102
RTVSPost2010PropOp30
 70
     1
102
RTVSPost2010Prop31
280
     0
102
RTVSPost2010PropOp31
 70
     1
102
RTVSPost2010Prop32
280
     0
102
RTVSPost2010PropOp32
 70
     1
102
RTVSPost2010Prop33
280
     0
102
RTVSPost2010PropOp33
 70
     1
102
RTVSPost2010Prop34
280
     0
102
RTVSPost2010PropOp34
 70
     1
102
RTVSPost2010Prop35
280
     0
102
RTVSPost2010PropOp35
 70
     1
102
RTVSPost2010Prop36
280
     0
102
RTVSPost2010PropOp36
 70
     1
102
RTVSPost2010Prop37
 90
       50
102
RTVSPost2010PropOp37
 70
     1
102
RTVSPost2010Prop38
140
0.0
102
RTVSPost2010PropOp38
 70
     1
102
RTVSPost2010Prop39
140
1.0
102
RTVSPost2010PropOp39
 70
     1
102
RTVSPost2010Prop40
 90
        0
102
RTVSPost2010PropOp40
 70
     1
102
RTVSPost2010Prop41ColorIndex
 90
       18
102
RTVSPost2010Prop41ColorRGB
 90
        0
102
RTVSPost2010PropOp41
 70
     1
102
RTVSPost2010Prop42
 90
       50
102
RTVSPost2010PropOp42
 70
     1
102
RTVSPost2010Prop43
 90
        3
102
RTVSPost2010PropOp43
 70
     1
102
RTVSPost2010Prop44ColorIndex
 90
        5
102
RTVSPost2010Prop44ColorRGB
 90
      255
102
RTVSPost2010PropOp44
 70
     1
102
RTVSPost2010Prop45
280
     0
102
RTVSPost2010PropOp45
 70
     1
102
RTVSPost2010Prop46
 90
       50
102
RTVSPost2010PropOp46
 70
     1
102
RTVSPost2010Prop47
 90
       50
102
RTVSPost2010PropOp47
 70
     1
102
RTVSPost2010Prop48
 90
       50
102
RTVSPost2010PropOp48
 70
     1
102
RTVSPost2010Prop49
280
     0
102
RTVSPost2010PropOp49
 70
     1
102
RTVSPost2010Prop50
 90
       50
102
RTVSPost2010PropOp50
 70
     1
102
RTVSPost2010Prop51ColorIndex
 90
      256
102
RTVSPost2010Prop51ColorRGB
 90
-16777216
102
RTVSPost2010PropOp51
 70
     0
102
RTVSPost2010Prop52
140
1.0
102
RTVSPost2010PropOp52
 70
     0
102
RTVSPost2010Prop53
 90
        2
102
RTVSPost2010PropOp53
 70
     1
102
RTVSPost2010Prop54
  1
strokes_ogs.tif
102
RTVSPost2010PropOp54
 70
     1
102
RTVSPost2010Prop55
280
     0
102
RTVSPost2010PropOp55
 70
     1
102
RTVSPost2010Prop56
140
1.0
102
RTVSPost2010PropOp56
 70
     1
102
RTVSPost2010Prop57
140
1.0
102
RTVSPost2010PropOp57
 70
     1
102
RTVSPropertyOp0
 70
     1
102
RTVSPropertyOp1
 70
     1
102
RTVSPropertyOp2
 70
     1
102
RTVSPropertyOp3
 70
     1
102
RTVSPropertyOp4
 70
     1
102
RTVSPropertyOp5
 70
     1
102
RTVSPropertyOp6
 70
     1
102
RTVSPropertyOp7
 70
     1
102
RTVSPropertyOp8
 70
     1
102
RTVSPropertyOp9
 70
     1
102
RTVSPropertyOp10
 70
     1
102
RTVSPropertyOp11
 70
     1
102
RTVSPropertyOp12
 70
     1
102
RTVSPropertyOp13
 70
     1
102
RTVSPropertyOp14
 70
     1
102
RTVSPropertyOp15
 70
     1
102
RTVSPropertyOp16
 70
     1
102
RTVSPropertyOp17
 70
     1
102
RTVSPropertyOp18
 70
     1
102
RTVSPropertyOp19
 70
     1
102
RTVSPropertyOp20
 70
     1
102
RTVSPropertyOp21
 70
     1
102
RTVSPropertyOp22
 70
     1
102
RTVSPropertyOp23
 70
     1
102
RTVSPropertyOp24
 70
     1
102
RTVSPropertyOp25
 70
     1
102
RTVSPropertyOp26
 70
     1
102
RTVSPropertyOp27
 70
     1
102
RTVSPropertyOp28
 70
     1
102
RTVSPropertyOp29
 70
     1
102
RTVSPropertyOp30
 70
     1
102
RTVSPropertyOp31
 70
     1
102
RTVSPropertyOp32
 70
     1
102
RTVSPropertyOp33
 70
     1
102
RTVSPropertyOp34
 70
     1
102
RTVSPropertyOp35
 70
     1
102
RTVSPropertyOp36
 70
     1
102
RTVSPropertyOp37
 70
     1
102
RTVSPropertyOp38
 70
     1
102
RTVSPropertyOp39
 70
     1
102
RTVSPropertyOp40
 70
     1
102
RTVSPropertyOp41
 70
     1
102
RTVSPropertyOp42
 70
     1
102
RTVSPropertyOp43
 70
     1
102
RTVSPropertyOp44
 70
     1
102
RTVSPropertyOp45
 70
     1
102
RTVSPropertyOp46
 70
     1
102
RTVSPropertyOp47
 70
     1
102
RTVSPropertyOp48
 70
     1
102
RTVSPropertyOp49
 70
     1
102
RTVSPropertyOp50
 70
     1
102
RTVSPropertyOp51
 70
     0
102
RTVSPropertyOp52
 70
     0
102
RTVSPropertyOp53
 70
     1
102
RTVSPropertyOp54
 70
     1
102
RTVSPropertyOp55
 70
     1
102
RTVSPropertyOp56
 70
     1
102
RTVSPropertyOp57
 70
     1
102
RTVSPropertyOp58
 70
     1
102
RTVSPropertyOp59
 70
     1
102
RTVSPropertyOp60
 70
     1
102
RTVSPropertyOp61
 70
     1
102
RTVSPropertyOp62
 70
     1
  0
XRECORD
  5
1B77
102
{ACAD_REACTORS
330
1B76
102
}
330
1B76
100
AcDbXrecord
280
     1
102
RTVSPost2010Prop28
280
     0
102
RTVSPost2010PropOp28
 70
     1
102
RTVSPost2010Prop29
280
     1
102
RTVSPost2010PropOp29
 70
     1
102
RTVSPost2010Prop30
280
     1
102
RTVSPost2010PropOp30
 70
     1
102
RTVSPost2010Prop31
280
     0
102
RTVSPost2010PropOp31
 70
     1
102
RTVSPost2010Prop32
280
     0
102
RTVSPost2010PropOp32
 70
     1
102
RTVSPost2010Prop33
280
     0
102
RTVSPost2010PropOp33
 70
     1
102
RTVSPost2010Prop34
280
     0
102
RTVSPost2010PropOp34
 70
     1
102
RTVSPost2010Prop35
280
     0
102
RTVSPost2010PropOp35
 70
     1
102
RTVSPost2010Prop36
280
     0
102
RTVSPost2010PropOp36
 70
     1
102
RTVSPost2010Prop37
 90
       50
102
RTVSPost2010PropOp37
 70
     0
102
RTVSPost2010Prop38
140
0.0
102
RTVSPost2010PropOp38
 70
     0
102
RTVSPost2010Prop39
140
1.0
102
RTVSPost2010PropOp39
 70
     0
102
RTVSPost2010Prop40
 90
        0
102
RTVSPost2010PropOp40
 70
     0
102
RTVSPost2010Prop41ColorIndex
 90
       18
102
RTVSPost2010Prop41ColorRGB
 90
        0
102
RTVSPost2010PropOp41
 70
     0
102
RTVSPost2010Prop42
 90
       50
102
RTVSPost2010PropOp42
 70
     0
102
RTVSPost2010Prop43
 90
        3
102
RTVSPost2010PropOp43
 70
     0
102
RTVSPost2010Prop44ColorIndex
 90
        5
102
RTVSPost2010Prop44ColorRGB
 90
      255
102
RTVSPost2010PropOp44
 70
     0
102
RTVSPost2010Prop45
280
     0
102
RTVSPost2010PropOp45
 70
     1
102
RTVSPost2010Prop46
 90
       50
102
RTVSPost2010PropOp46
 70
     0
102
RTVSPost2010Prop47
 90
       50
102
RTVSPost2010PropOp47
 70
     0
102
RTVSPost2010Prop48
 90
       50
102
RTVSPost2010PropOp48
 70
     0
102
RTVSPost2010Prop49
280
     0
102
RTVSPost2010PropOp49
 70
     1
102
RTVSPost2010Prop50
 90
       50
102
RTVSPost2010PropOp50
 70
     0
102
RTVSPost2010Prop51ColorIndex
 90
      256
102
RTVSPost2010Prop51ColorRGB
 90
-16777216
102
RTVSPost2010PropOp51
 70
     0
102
RTVSPost2010Prop52
140
1.0
102
RTVSPost2010PropOp52
 70
     0
102
RTVSPost2010Prop53
 90
        2
102
RTVSPost2010PropOp53
 70
     0
102
RTVSPost2010Prop54
  1
strokes_ogs.tif
102
RTVSPost2010PropOp54
 70
     0
102
RTVSPost2010Prop55
280
     0
102
RTVSPost2010PropOp55
 70
     1
102
RTVSPost2010Prop56
140
1.0
102
RTVSPost2010PropOp56
 70
     0
102
RTVSPost2010Prop57
140
1.0
102
RTVSPost2010PropOp57
 70
     0
102
RTVSPropertyOp0
 70
     0
102
RTVSPropertyOp1
 70
     0
102
RTVSPropertyOp2
 70
     0
102
RTVSPropertyOp3
 70
     0
102
RTVSPropertyOp4
 70
     0
102
RTVSPropertyOp5
 70
     0
102
RTVSPropertyOp6
 70
     0
102
RTVSPropertyOp7
 70
     0
102
RTVSPropertyOp8
 70
     0
102
RTVSPropertyOp9
 70
     0
102
RTVSPropertyOp10
 70
     0
102
RTVSPropertyOp11
 70
     0
102
RTVSPropertyOp12
 70
     0
102
RTVSPropertyOp13
 70
     0
102
RTVSPropertyOp14
 70
     2
102
RTVSPropertyOp15
 70
     0
102
RTVSPropertyOp16
 70
     0
102
RTVSPropertyOp17
 70
     0
102
RTVSPropertyOp18
 70
     0
102
RTVSPropertyOp19
 70
     0
102
RTVSPropertyOp20
 70
     0
102
RTVSPropertyOp21
 70
     0
102
RTVSPropertyOp22
 70
     0
102
RTVSPropertyOp23
 70
     0
102
RTVSPropertyOp24
 70
     0
102
RTVSPropertyOp25
 70
     0
102
RTVSPropertyOp26
 70
     0
102
RTVSPropertyOp27
 70
     0
102
RTVSPropertyOp28
 70
     1
102
RTVSPropertyOp29
 70
     1
102
RTVSPropertyOp30
 70
     1
102
RTVSPropertyOp31
 70
     1
102
RTVSPropertyOp32
 70
     1
102
RTVSPropertyOp33
 70
     1
102
RTVSPropertyOp34
 70
     1
102
RTVSPropertyOp35
 70
     1
102
RTVSPropertyOp36
 70
     1
102
RTVSPropertyOp37
 70
     0
102
RTVSPropertyOp38
 70
     0
102
RTVSPropertyOp39
 70
     0
102
RTVSPropertyOp40
 70
     0
102
RTVSPropertyOp41
 70
     0
102
RTVSPropertyOp42
 70
     0
102
RTVSPropertyOp43
 70
     0
102
RTVSPropertyOp44
 70
     0
102
RTVSPropertyOp45
 70
     1
102
RTVSPropertyOp46
 70
     0
102
RTVSPropertyOp47
 70
     0
102
RTVSPropertyOp48
 70
     0
102
RTVSPropertyOp49
 70
     1
102
RTVSPropertyOp50
 70
     0
102
RTVSPropertyOp51
 70
     0
102
RTVSPropertyOp52
 70
     0
102
RTVSPropertyOp53
 70
     0
102
RTVSPropertyOp54
 70
     0
102
RTVSPropertyOp55
 70
     1
102
RTVSPropertyOp56
 70
     0
102
RTVSPropertyOp57
 70
     0
102
RTVSPropertyOp58
 70
     0
102
RTVSPropertyOp59
 70
     0
102
RTVSPropertyOp60
 70
     0
102
RTVSPropertyOp61
 70
     0
102
RTVSPropertyOp62
 70
     0
  0
XRECORD
  5
1B5D
102
{ACAD_REACTORS
330
1B5C
102
}
330
1B5C
100
AcDbXrecord
280
     1
102
RTVSPost2010Prop28
280
     0
102
RTVSPost2010PropOp28
 70
     1
102
RTVSPost2010Prop29
280
     1
102
RTVSPost2010PropOp29
 70
     1
102
RTVSPost2010Prop30
280
     1
102
RTVSPost2010PropOp30
 70
     1
102
RTVSPost2010Prop31
280
     0
102
RTVSPost2010PropOp31
 70
     1
102
RTVSPost2010Prop32
280
     0
102
RTVSPost2010PropOp32
 70
     1
102
RTVSPost2010Prop33
280
     0
102
RTVSPost2010PropOp33
 70
     1
102
RTVSPost2010Prop34
280
     0
102
RTVSPost2010PropOp34
 70
     1
102
RTVSPost2010Prop35
280
     0
102
RTVSPost2010PropOp35
 70
     1
102
RTVSPost2010Prop36
280
     0
102
RTVSPost2010PropOp36
 70
     1
102
RTVSPost2010Prop37
 90
       50
102
RTVSPost2010PropOp37
 70
     1
102
RTVSPost2010Prop38
140
0.0
102
RTVSPost2010PropOp38
 70
     1
102
RTVSPost2010Prop39
140
1.0
102
RTVSPost2010PropOp39
 70
     1
102
RTVSPost2010Prop40
 90
        0
102
RTVSPost2010PropOp40
 70
     1
102
RTVSPost2010Prop41ColorIndex
 90
       18
102
RTVSPost2010Prop41ColorRGB
 90
        0
102
RTVSPost2010PropOp41
 70
     1
102
RTVSPost2010Prop42
 90
       50
102
RTVSPost2010PropOp42
 70
     1
102
RTVSPost2010Prop43
 90
        3
102
RTVSPost2010PropOp43
 70
     1
102
RTVSPost2010Prop44ColorIndex
 90
        5
102
RTVSPost2010Prop44ColorRGB
 90
      255
102
RTVSPost2010PropOp44
 70
     1
102
RTVSPost2010Prop45
280
     0
102
RTVSPost2010PropOp45
 70
     1
102
RTVSPost2010Prop46
 90
       50
102
RTVSPost2010PropOp46
 70
     1
102
RTVSPost2010Prop47
 90
       50
102
RTVSPost2010PropOp47
 70
     1
102
RTVSPost2010Prop48
 90
       50
102
RTVSPost2010PropOp48
 70
     1
102
RTVSPost2010Prop49
280
     0
102
RTVSPost2010PropOp49
 70
     1
102
RTVSPost2010Prop50
 90
       50
102
RTVSPost2010PropOp50
 70
     1
102
RTVSPost2010Prop51ColorIndex
 90
      256
102
RTVSPost2010Prop51ColorRGB
 90
-16777216
102
RTVSPost2010PropOp51
 70
     0
102
RTVSPost2010Prop52
140
1.0
102
RTVSPost2010PropOp52
 70
     0
102
RTVSPost2010Prop53
 90
        2
102
RTVSPost2010PropOp53
 70
     1
102
RTVSPost2010Prop54
  1
strokes_ogs.tif
102
RTVSPost2010PropOp54
 70
     1
102
RTVSPost2010Prop55
280
     0
102
RTVSPost2010PropOp55
 70
     1
102
RTVSPost2010Prop56
140
1.0
102
RTVSPost2010PropOp56
 70
     1
102
RTVSPost2010Prop57
140
1.0
102
RTVSPost2010PropOp57
 70
     1
102
RTVSPropertyOp0
 70
     1
102
RTVSPropertyOp1
 70
     1
102
RTVSPropertyOp2
 70
     1
102
RTVSPropertyOp3
 70
     1
102
RTVSPropertyOp4
 70
     1
102
RTVSPropertyOp5
 70
     1
102
RTVSPropertyOp6
 70
     1
102
RTVSPropertyOp7
 70
     1
102
RTVSPropertyOp8
 70
     1
102
RTVSPropertyOp9
 70
     1
102
RTVSPropertyOp10
 70
     1
102
RTVSPropertyOp11
 70
     1
102
RTVSPropertyOp12
 70
     1
102
RTVSPropertyOp13
 70
     1
102
RTVSPropertyOp14
 70
     1
102
RTVSPropertyOp15
 70
     1
102
RTVSPropertyOp16
 70
     1
102
RTVSPropertyOp17
 70
     1
102
RTVSPropertyOp18
 70
     1
102
RTVSPropertyOp19
 70
     1
102
RTVSPropertyOp20
 70
     1
102
RTVSPropertyOp21
 70
     1
102
RTVSPropertyOp22
 70
     1
102
RTVSPropertyOp23
 70
     1
102
RTVSPropertyOp24
 70
     1
102
RTVSPropertyOp25
 70
     1
102
RTVSPropertyOp26
 70
     1
102
RTVSPropertyOp27
 70
     1
102
RTVSPropertyOp28
 70
     1
102
RTVSPropertyOp29
 70
     1
102
RTVSPropertyOp30
 70
     1
102
RTVSPropertyOp31
 70
     1
102
RTVSPropertyOp32
 70
     1
102
RTVSPropertyOp33
 70
     1
102
RTVSPropertyOp34
 70
     1
102
RTVSPropertyOp35
 70
     1
102
RTVSPropertyOp36
 70
     1
102
RTVSPropertyOp37
 70
     1
102
RTVSPropertyOp38
 70
     1
102
RTVSPropertyOp39
 70
     1
102
RTVSPropertyOp40
 70
     1
102
RTVSPropertyOp41
 70
     1
102
RTVSPropertyOp42
 70
     1
102
RTVSPropertyOp43
 70
     1
102
RTVSPropertyOp44
 70
     1
102
RTVSPropertyOp45
 70
     1
102
RTVSPropertyOp46
 70
     1
102
RTVSPropertyOp47
 70
     1
102
RTVSPropertyOp48
 70
     1
102
RTVSPropertyOp49
 70
     1
102
RTVSPropertyOp50
 70
     1
102
RTVSPropertyOp51
 70
     0
102
RTVSPropertyOp52
 70
     0
102
RTVSPropertyOp53
 70
     1
102
RTVSPropertyOp54
 70
     1
102
RTVSPropertyOp55
 70
     1
102
RTVSPropertyOp56
 70
     1
102
RTVSPropertyOp57
 70
     1
102
RTVSPropertyOp58
 70
     1
102
RTVSPropertyOp59
 70
     1
102
RTVSPropertyOp60
 70
     1
102
RTVSPropertyOp61
 70
     1
102
RTVSPropertyOp62
 70
     1
  0
XRECORD
  5
1B73
102
{ACAD_REACTORS
330
1B72
102
}
330
1B72
100
AcDbXrecord
280
     1
102
RTVSPost2010Prop28
280
     0
102
RTVSPost2010PropOp28
 70
     1
102
RTVSPost2010Prop29
280
     1
102
RTVSPost2010PropOp29
 70
     1
102
RTVSPost2010Prop30
280
     1
102
RTVSPost2010PropOp30
 70
     1
102
RTVSPost2010Prop31
280
     0
102
RTVSPost2010PropOp31
 70
     1
102
RTVSPost2010Prop32
280
     0
102
RTVSPost2010PropOp32
 70
     1
102
RTVSPost2010Prop33
280
     0
102
RTVSPost2010PropOp33
 70
     1
102
RTVSPost2010Prop34
280
     0
102
RTVSPost2010PropOp34
 70
     1
102
RTVSPost2010Prop35
280
     0
102
RTVSPost2010PropOp35
 70
     1
102
RTVSPost2010Prop36
280
     0
102
RTVSPost2010PropOp36
 70
     1
102
RTVSPost2010Prop37
 90
       50
102
RTVSPost2010PropOp37
 70
     1
102
RTVSPost2010Prop38
140
0.0
102
RTVSPost2010PropOp38
 70
     1
102
RTVSPost2010Prop39
140
1.0
102
RTVSPost2010PropOp39
 70
     1
102
RTVSPost2010Prop40
 90
        0
102
RTVSPost2010PropOp40
 70
     1
102
RTVSPost2010Prop41ColorIndex
 90
       18
102
RTVSPost2010Prop41ColorRGB
 90
        0
102
RTVSPost2010PropOp41
 70
     1
102
RTVSPost2010Prop42
 90
       50
102
RTVSPost2010PropOp42
 70
     1
102
RTVSPost2010Prop43
 90
        3
102
RTVSPost2010PropOp43
 70
     1
102
RTVSPost2010Prop44ColorIndex
 90
        5
102
RTVSPost2010Prop44ColorRGB
 90
      255
102
RTVSPost2010PropOp44
 70
     1
102
RTVSPost2010Prop45
280
     0
102
RTVSPost2010PropOp45
 70
     1
102
RTVSPost2010Prop46
 90
       50
102
RTVSPost2010PropOp46
 70
     1
102
RTVSPost2010Prop47
 90
       50
102
RTVSPost2010PropOp47
 70
     1
102
RTVSPost2010Prop48
 90
       50
102
RTVSPost2010PropOp48
 70
     1
102
RTVSPost2010Prop49
280
     0
102
RTVSPost2010PropOp49
 70
     1
102
RTVSPost2010Prop50
 90
       50
102
RTVSPost2010PropOp50
 70
     1
102
RTVSPost2010Prop51ColorIndex
 90
      256
102
RTVSPost2010Prop51ColorRGB
 90
-16777216
102
RTVSPost2010PropOp51
 70
     0
102
RTVSPost2010Prop52
140
1.0
102
RTVSPost2010PropOp52
 70
     0
102
RTVSPost2010Prop53
 90
        2
102
RTVSPost2010PropOp53
 70
     1
102
RTVSPost2010Prop54
  1
strokes_ogs.tif
102
RTVSPost2010PropOp54
 70
     1
102
RTVSPost2010Prop55
280
     0
102
RTVSPost2010PropOp55
 70
     1
102
RTVSPost2010Prop56
140
1.0
102
RTVSPost2010PropOp56
 70
     1
102
RTVSPost2010Prop57
140
1.0
102
RTVSPost2010PropOp57
 70
     1
102
RTVSPropertyOp0
 70
     1
102
RTVSPropertyOp1
 70
     1
102
RTVSPropertyOp2
 70
     1
102
RTVSPropertyOp3
 70
     1
102
RTVSPropertyOp4
 70
     1
102
RTVSPropertyOp5
 70
     1
102
RTVSPropertyOp6
 70
     1
102
RTVSPropertyOp7
 70
     1
102
RTVSPropertyOp8
 70
     1
102
RTVSPropertyOp9
 70
     1
102
RTVSPropertyOp10
 70
     1
102
RTVSPropertyOp11
 70
     1
102
RTVSPropertyOp12
 70
     1
102
RTVSPropertyOp13
 70
     1
102
RTVSPropertyOp14
 70
     1
102
RTVSPropertyOp15
 70
     1
102
RTVSPropertyOp16
 70
     1
102
RTVSPropertyOp17
 70
     1
102
RTVSPropertyOp18
 70
     1
102
RTVSPropertyOp19
 70
     1
102
RTVSPropertyOp20
 70
     1
102
RTVSPropertyOp21
 70
     1
102
RTVSPropertyOp22
 70
     1
102
RTVSPropertyOp23
 70
     1
102
RTVSPropertyOp24
 70
     1
102
RTVSPropertyOp25
 70
     1
102
RTVSPropertyOp26
 70
     1
102
RTVSPropertyOp27
 70
     1
102
RTVSPropertyOp28
 70
     1
102
RTVSPropertyOp29
 70
     1
102
RTVSPropertyOp30
 70
     1
102
RTVSPropertyOp31
 70
     1
102
RTVSPropertyOp32
 70
     1
102
RTVSPropertyOp33
 70
     1
102
RTVSPropertyOp34
 70
     1
102
RTVSPropertyOp35
 70
     1
102
RTVSPropertyOp36
 70
     1
102
RTVSPropertyOp37
 70
     1
102
RTVSPropertyOp38
 70
     1
102
RTVSPropertyOp39
 70
     1
102
RTVSPropertyOp40
 70
     1
102
RTVSPropertyOp41
 70
     1
102
RTVSPropertyOp42
 70
     1
102
RTVSPropertyOp43
 70
     1
102
RTVSPropertyOp44
 70
     1
102
RTVSPropertyOp45
 70
     1
102
RTVSPropertyOp46
 70
     1
102
RTVSPropertyOp47
 70
     1
102
RTVSPropertyOp48
 70
     1
102
RTVSPropertyOp49
 70
     1
102
RTVSPropertyOp50
 70
     1
102
RTVSPropertyOp51
 70
     0
102
RTVSPropertyOp52
 70
     0
102
RTVSPropertyOp53
 70
     1
102
RTVSPropertyOp54
 70
     1
102
RTVSPropertyOp55
 70
     1
102
RTVSPropertyOp56
 70
     1
102
RTVSPropertyOp57
 70
     1
102
RTVSPropertyOp58
 70
     1
102
RTVSPropertyOp59
 70
     1
102
RTVSPropertyOp60
 70
     1
102
RTVSPropertyOp61
 70
     1
102
RTVSPropertyOp62
 70
     1
  0
XRECORD
  5
1B71
102
{ACAD_REACTORS
330
1B70
102
}
330
1B70
100
AcDbXrecord
280
     1
102
RTVSPost2010Prop28
280
     0
102
RTVSPost2010PropOp28
 70
     1
102
RTVSPost2010Prop29
280
     1
102
RTVSPost2010PropOp29
 70
     1
102
RTVSPost2010Prop30
280
     1
102
RTVSPost2010PropOp30
 70
     1
102
RTVSPost2010Prop31
280
     0
102
RTVSPost2010PropOp31
 70
     1
102
RTVSPost2010Prop32
280
     0
102
RTVSPost2010PropOp32
 70
     1
102
RTVSPost2010Prop33
280
     0
102
RTVSPost2010PropOp33
 70
     1
102
RTVSPost2010Prop34
280
     0
102
RTVSPost2010PropOp34
 70
     1
102
RTVSPost2010Prop35
280
     0
102
RTVSPost2010PropOp35
 70
     1
102
RTVSPost2010Prop36
280
     0
102
RTVSPost2010PropOp36
 70
     1
102
RTVSPost2010Prop37
 90
       50
102
RTVSPost2010PropOp37
 70
     1
102
RTVSPost2010Prop38
140
0.0
102
RTVSPost2010PropOp38
 70
     1
102
RTVSPost2010Prop39
140
1.0
102
RTVSPost2010PropOp39
 70
     1
102
RTVSPost2010Prop40
 90
        0
102
RTVSPost2010PropOp40
 70
     1
102
RTVSPost2010Prop41ColorIndex
 90
       18
102
RTVSPost2010Prop41ColorRGB
 90
        0
102
RTVSPost2010PropOp41
 70
     1
102
RTVSPost2010Prop42
 90
       50
102
RTVSPost2010PropOp42
 70
     1
102
RTVSPost2010Prop43
 90
        3
102
RTVSPost2010PropOp43
 70
     1
102
RTVSPost2010Prop44ColorIndex
 90
        5
102
RTVSPost2010Prop44ColorRGB
 90
      255
102
RTVSPost2010PropOp44
 70
     1
102
RTVSPost2010Prop45
280
     0
102
RTVSPost2010PropOp45
 70
     1
102
RTVSPost2010Prop46
 90
       50
102
RTVSPost2010PropOp46
 70
     1
102
RTVSPost2010Prop47
 90
       50
102
RTVSPost2010PropOp47
 70
     1
102
RTVSPost2010Prop48
 90
       50
102
RTVSPost2010PropOp48
 70
     1
102
RTVSPost2010Prop49
280
     0
102
RTVSPost2010PropOp49
 70
     1
102
RTVSPost2010Prop50
 90
       50
102
RTVSPost2010PropOp50
 70
     1
102
RTVSPost2010Prop51ColorIndex
 90
      256
102
RTVSPost2010Prop51ColorRGB
 90
-16777216
102
RTVSPost2010PropOp51
 70
     0
102
RTVSPost2010Prop52
140
1.0
102
RTVSPost2010PropOp52
 70
     0
102
RTVSPost2010Prop53
 90
        2
102
RTVSPost2010PropOp53
 70
     1
102
RTVSPost2010Prop54
  1
strokes_ogs.tif
102
RTVSPost2010PropOp54
 70
     1
102
RTVSPost2010Prop55
280
     0
102
RTVSPost2010PropOp55
 70
     1
102
RTVSPost2010Prop56
140
1.0
102
RTVSPost2010PropOp56
 70
     1
102
RTVSPost2010Prop57
140
1.0
102
RTVSPost2010PropOp57
 70
     1
102
RTVSPropertyOp0
 70
     1
102
RTVSPropertyOp1
 70
     1
102
RTVSPropertyOp2
 70
     1
102
RTVSPropertyOp3
 70
     1
102
RTVSPropertyOp4
 70
     1
102
RTVSPropertyOp5
 70
     1
102
RTVSPropertyOp6
 70
     1
102
RTVSPropertyOp7
 70
     1
102
RTVSPropertyOp8
 70
     1
102
RTVSPropertyOp9
 70
     1
102
RTVSPropertyOp10
 70
     1
102
RTVSPropertyOp11
 70
     1
102
RTVSPropertyOp12
 70
     1
102
RTVSPropertyOp13
 70
     1
102
RTVSPropertyOp14
 70
     1
102
RTVSPropertyOp15
 70
     1
102
RTVSPropertyOp16
 70
     1
102
RTVSPropertyOp17
 70
     1
102
RTVSPropertyOp18
 70
     1
102
RTVSPropertyOp19
 70
     1
102
RTVSPropertyOp20
 70
     1
102
RTVSPropertyOp21
 70
     1
102
RTVSPropertyOp22
 70
     1
102
RTVSPropertyOp23
 70
     1
102
RTVSPropertyOp24
 70
     1
102
RTVSPropertyOp25
 70
     1
102
RTVSPropertyOp26
 70
     1
102
RTVSPropertyOp27
 70
     1
102
RTVSPropertyOp28
 70
     1
102
RTVSPropertyOp29
 70
     1
102
RTVSPropertyOp30
 70
     1
102
RTVSPropertyOp31
 70
     1
102
RTVSPropertyOp32
 70
     1
102
RTVSPropertyOp33
 70
     1
102
RTVSPropertyOp34
 70
     1
102
RTVSPropertyOp35
 70
     1
102
RTVSPropertyOp36
 70
     1
102
RTVSPropertyOp37
 70
     1
102
RTVSPropertyOp38
 70
     1
102
RTVSPropertyOp39
 70
     1
102
RTVSPropertyOp40
 70
     1
102
RTVSPropertyOp41
 70
     1
102
RTVSPropertyOp42
 70
     1
102
RTVSPropertyOp43
 70
     1
102
RTVSPropertyOp44
 70
     1
102
RTVSPropertyOp45
 70
     1
102
RTVSPropertyOp46
 70
     1
102
RTVSPropertyOp47
 70
     1
102
RTVSPropertyOp48
 70
     1
102
RTVSPropertyOp49
 70
     1
102
RTVSPropertyOp50
 70
     1
102
RTVSPropertyOp51
 70
     0
102
RTVSPropertyOp52
 70
     0
102
RTVSPropertyOp53
 70
     1
102
RTVSPropertyOp54
 70
     1
102
RTVSPropertyOp55
 70
     1
102
RTVSPropertyOp56
 70
     1
102
RTVSPropertyOp57
 70
     1
102
RTVSPropertyOp58
 70
     1
102
RTVSPropertyOp59
 70
     1
102
RTVSPropertyOp60
 70
     1
102
RTVSPropertyOp61
 70
     1
102
RTVSPropertyOp62
 70
     1
  0
XRECORD
  5
1B6B
102
{ACAD_REACTORS
330
1B6A
102
}
330
1B6A
100
AcDbXrecord
280
     1
102
RTVSPost2010Prop28
280
     0
102
RTVSPost2010PropOp28
 70
     1
102
RTVSPost2010Prop29
280
     1
102
RTVSPost2010PropOp29
 70
     1
102
RTVSPost2010Prop30
280
     1
102
RTVSPost2010PropOp30
 70
     1
102
RTVSPost2010Prop31
280
     0
102
RTVSPost2010PropOp31
 70
     1
102
RTVSPost2010Prop32
280
     0
102
RTVSPost2010PropOp32
 70
     1
102
RTVSPost2010Prop33
280
     0
102
RTVSPost2010PropOp33
 70
     1
102
RTVSPost2010Prop34
280
     0
102
RTVSPost2010PropOp34
 70
     1
102
RTVSPost2010Prop35
280
     0
102
RTVSPost2010PropOp35
 70
     1
102
RTVSPost2010Prop36
280
     0
102
RTVSPost2010PropOp36
 70
     1
102
RTVSPost2010Prop37
 90
       50
102
RTVSPost2010PropOp37
 70
     1
102
RTVSPost2010Prop38
140
0.0
102
RTVSPost2010PropOp38
 70
     1
102
RTVSPost2010Prop39
140
1.0
102
RTVSPost2010PropOp39
 70
     1
102
RTVSPost2010Prop40
 90
        0
102
RTVSPost2010PropOp40
 70
     1
102
RTVSPost2010Prop41ColorIndex
 90
       18
102
RTVSPost2010Prop41ColorRGB
 90
        0
102
RTVSPost2010PropOp41
 70
     1
102
RTVSPost2010Prop42
 90
       50
102
RTVSPost2010PropOp42
 70
     1
102
RTVSPost2010Prop43
 90
        3
102
RTVSPost2010PropOp43
 70
     1
102
RTVSPost2010Prop44ColorIndex
 90
        5
102
RTVSPost2010Prop44ColorRGB
 90
      255
102
RTVSPost2010PropOp44
 70
     1
102
RTVSPost2010Prop45
280
     0
102
RTVSPost2010PropOp45
 70
     1
102
RTVSPost2010Prop46
 90
       50
102
RTVSPost2010PropOp46
 70
     1
102
RTVSPost2010Prop47
 90
       50
102
RTVSPost2010PropOp47
 70
     1
102
RTVSPost2010Prop48
 90
       50
102
RTVSPost2010PropOp48
 70
     1
102
RTVSPost2010Prop49
280
     0
102
RTVSPost2010PropOp49
 70
     1
102
RTVSPost2010Prop50
 90
       50
102
RTVSPost2010PropOp50
 70
     1
102
RTVSPost2010Prop51ColorIndex
 90
      256
102
RTVSPost2010Prop51ColorRGB
 90
-16777216
102
RTVSPost2010PropOp51
 70
     0
102
RTVSPost2010Prop52
140
1.0
102
RTVSPost2010PropOp52
 70
     0
102
RTVSPost2010Prop53
 90
        2
102
RTVSPost2010PropOp53
 70
     1
102
RTVSPost2010Prop54
  1
strokes_ogs.tif
102
RTVSPost2010PropOp54
 70
     1
102
RTVSPost2010Prop55
280
     0
102
RTVSPost2010PropOp55
 70
     1
102
RTVSPost2010Prop56
140
1.0
102
RTVSPost2010PropOp56
 70
     1
102
RTVSPost2010Prop57
140
1.0
102
RTVSPost2010PropOp57
 70
     1
102
RTVSPropertyOp0
 70
     1
102
RTVSPropertyOp1
 70
     1
102
RTVSPropertyOp2
 70
     1
102
RTVSPropertyOp3
 70
     1
102
RTVSPropertyOp4
 70
     1
102
RTVSPropertyOp5
 70
     1
102
RTVSPropertyOp6
 70
     1
102
RTVSPropertyOp7
 70
     1
102
RTVSPropertyOp8
 70
     1
102
RTVSPropertyOp9
 70
     1
102
RTVSPropertyOp10
 70
     1
102
RTVSPropertyOp11
 70
     1
102
RTVSPropertyOp12
 70
     1
102
RTVSPropertyOp13
 70
     1
102
RTVSPropertyOp14
 70
     1
102
RTVSPropertyOp15
 70
     1
102
RTVSPropertyOp16
 70
     1
102
RTVSPropertyOp17
 70
     1
102
RTVSPropertyOp18
 70
     1
102
RTVSPropertyOp19
 70
     1
102
RTVSPropertyOp20
 70
     1
102
RTVSPropertyOp21
 70
     1
102
RTVSPropertyOp22
 70
     1
102
RTVSPropertyOp23
 70
     1
102
RTVSPropertyOp24
 70
     1
102
RTVSPropertyOp25
 70
     1
102
RTVSPropertyOp26
 70
     1
102
RTVSPropertyOp27
 70
     1
102
RTVSPropertyOp28
 70
     1
102
RTVSPropertyOp29
 70
     1
102
RTVSPropertyOp30
 70
     1
102
RTVSPropertyOp31
 70
     1
102
RTVSPropertyOp32
 70
     1
102
RTVSPropertyOp33
 70
     1
102
RTVSPropertyOp34
 70
     1
102
RTVSPropertyOp35
 70
     1
102
RTVSPropertyOp36
 70
     1
102
RTVSPropertyOp37
 70
     1
102
RTVSPropertyOp38
 70
     1
102
RTVSPropertyOp39
 70
     1
102
RTVSPropertyOp40
 70
     1
102
RTVSPropertyOp41
 70
     1
102
RTVSPropertyOp42
 70
     1
102
RTVSPropertyOp43
 70
     1
102
RTVSPropertyOp44
 70
     1
102
RTVSPropertyOp45
 70
     1
102
RTVSPropertyOp46
 70
     1
102
RTVSPropertyOp47
 70
     1
102
RTVSPropertyOp48
 70
     1
102
RTVSPropertyOp49
 70
     1
102
RTVSPropertyOp50
 70
     1
102
RTVSPropertyOp51
 70
     0
102
RTVSPropertyOp52
 70
     0
102
RTVSPropertyOp53
 70
     1
102
RTVSPropertyOp54
 70
     1
102
RTVSPropertyOp55
 70
     1
102
RTVSPropertyOp56
 70
     1
102
RTVSPropertyOp57
 70
     1
102
RTVSPropertyOp58
 70
     1
102
RTVSPropertyOp59
 70
     1
102
RTVSPropertyOp60
 70
     1
102
RTVSPropertyOp61
 70
     1
102
RTVSPropertyOp62
 70
     1
  0
XRECORD
  5
1B6D
102
{ACAD_REACTORS
330
1B6C
102
}
330
1B6C
100
AcDbXrecord
280
     1
102
RTVSPost2010Prop28
280
     0
102
RTVSPost2010PropOp28
 70
     1
102
RTVSPost2010Prop29
280
     1
102
RTVSPost2010PropOp29
 70
     1
102
RTVSPost2010Prop30
280
     1
102
RTVSPost2010PropOp30
 70
     1
102
RTVSPost2010Prop31
280
     0
102
RTVSPost2010PropOp31
 70
     1
102
RTVSPost2010Prop32
280
     0
102
RTVSPost2010PropOp32
 70
     1
102
RTVSPost2010Prop33
280
     0
102
RTVSPost2010PropOp33
 70
     1
102
RTVSPost2010Prop34
280
     0
102
RTVSPost2010PropOp34
 70
     1
102
RTVSPost2010Prop35
280
     0
102
RTVSPost2010PropOp35
 70
     1
102
RTVSPost2010Prop36
280
     0
102
RTVSPost2010PropOp36
 70
     1
102
RTVSPost2010Prop37
 90
       50
102
RTVSPost2010PropOp37
 70
     1
102
RTVSPost2010Prop38
140
0.0
102
RTVSPost2010PropOp38
 70
     1
102
RTVSPost2010Prop39
140
1.0
102
RTVSPost2010PropOp39
 70
     1
102
RTVSPost2010Prop40
 90
        0
102
RTVSPost2010PropOp40
 70
     1
102
RTVSPost2010Prop41ColorIndex
 90
       18
102
RTVSPost2010Prop41ColorRGB
 90
        0
102
RTVSPost2010PropOp41
 70
     1
102
RTVSPost2010Prop42
 90
       50
102
RTVSPost2010PropOp42
 70
     1
102
RTVSPost2010Prop43
 90
        3
102
RTVSPost2010PropOp43
 70
     1
102
RTVSPost2010Prop44ColorIndex
 90
        5
102
RTVSPost2010Prop44ColorRGB
 90
      255
102
RTVSPost2010PropOp44
 70
     1
102
RTVSPost2010Prop45
280
     0
102
RTVSPost2010PropOp45
 70
     1
102
RTVSPost2010Prop46
 90
       50
102
RTVSPost2010PropOp46
 70
     1
102
RTVSPost2010Prop47
 90
       50
102
RTVSPost2010PropOp47
 70
     1
102
RTVSPost2010Prop48
 90
       50
102
RTVSPost2010PropOp48
 70
     1
102
RTVSPost2010Prop49
280
     0
102
RTVSPost2010PropOp49
 70
     1
102
RTVSPost2010Prop50
 90
       50
102
RTVSPost2010PropOp50
 70
     1
102
RTVSPost2010Prop51ColorIndex
 90
      256
102
RTVSPost2010Prop51ColorRGB
 90
-16777216
102
RTVSPost2010PropOp51
 70
     0
102
RTVSPost2010Prop52
140
1.0
102
RTVSPost2010PropOp52
 70
     0
102
RTVSPost2010Prop53
 90
        2
102
RTVSPost2010PropOp53
 70
     1
102
RTVSPost2010Prop54
  1
strokes_ogs.tif
102
RTVSPost2010PropOp54
 70
     1
102
RTVSPost2010Prop55
280
     0
102
RTVSPost2010PropOp55
 70
     1
102
RTVSPost2010Prop56
140
1.0
102
RTVSPost2010PropOp56
 70
     1
102
RTVSPost2010Prop57
140
1.0
102
RTVSPost2010PropOp57
 70
     1
102
RTVSPropertyOp0
 70
     1
102
RTVSPropertyOp1
 70
     1
102
RTVSPropertyOp2
 70
     1
102
RTVSPropertyOp3
 70
     1
102
RTVSPropertyOp4
 70
     1
102
RTVSPropertyOp5
 70
     1
102
RTVSPropertyOp6
 70
     1
102
RTVSPropertyOp7
 70
     1
102
RTVSPropertyOp8
 70
     1
102
RTVSPropertyOp9
 70
     1
102
RTVSPropertyOp10
 70
     1
102
RTVSPropertyOp11
 70
     1
102
RTVSPropertyOp12
 70
     1
102
RTVSPropertyOp13
 70
     1
102
RTVSPropertyOp14
 70
     1
102
RTVSPropertyOp15
 70
     1
102
RTVSPropertyOp16
 70
     1
102
RTVSPropertyOp17
 70
     1
102
RTVSPropertyOp18
 70
     1
102
RTVSPropertyOp19
 70
     1
102
RTVSPropertyOp20
 70
     1
102
RTVSPropertyOp21
 70
     1
102
RTVSPropertyOp22
 70
     1
102
RTVSPropertyOp23
 70
     1
102
RTVSPropertyOp24
 70
     1
102
RTVSPropertyOp25
 70
     1
102
RTVSPropertyOp26
 70
     1
102
RTVSPropertyOp27
 70
     1
102
RTVSPropertyOp28
 70
     1
102
RTVSPropertyOp29
 70
     1
102
RTVSPropertyOp30
 70
     1
102
RTVSPropertyOp31
 70
     1
102
RTVSPropertyOp32
 70
     1
102
RTVSPropertyOp33
 70
     1
102
RTVSPropertyOp34
 70
     1
102
RTVSPropertyOp35
 70
     1
102
RTVSPropertyOp36
 70
     1
102
RTVSPropertyOp37
 70
     1
102
RTVSPropertyOp38
 70
     1
102
RTVSPropertyOp39
 70
     1
102
RTVSPropertyOp40
 70
     1
102
RTVSPropertyOp41
 70
     1
102
RTVSPropertyOp42
 70
     1
102
RTVSPropertyOp43
 70
     1
102
RTVSPropertyOp44
 70
     1
102
RTVSPropertyOp45
 70
     1
102
RTVSPropertyOp46
 70
     1
102
RTVSPropertyOp47
 70
     1
102
RTVSPropertyOp48
 70
     1
102
RTVSPropertyOp49
 70
     1
102
RTVSPropertyOp50
 70
     1
102
RTVSPropertyOp51
 70
     0
102
RTVSPropertyOp52
 70
     0
102
RTVSPropertyOp53
 70
     1
102
RTVSPropertyOp54
 70
     1
102
RTVSPropertyOp55
 70
     1
102
RTVSPropertyOp56
 70
     1
102
RTVSPropertyOp57
 70
     1
102
RTVSPropertyOp58
 70
     1
102
RTVSPropertyOp59
 70
     1
102
RTVSPropertyOp60
 70
     1
102
RTVSPropertyOp61
 70
     1
102
RTVSPropertyOp62
 70
     1
  0
XRECORD
  5
1B63
102
{ACAD_REACTORS
330
1B62
102
}
330
1B62
100
AcDbXrecord
280
     1
102
RTVSPost2010Prop28
280
     0
102
RTVSPost2010PropOp28
 70
     1
102
RTVSPost2010Prop29
280
     1
102
RTVSPost2010PropOp29
 70
     1
102
RTVSPost2010Prop30
280
     1
102
RTVSPost2010PropOp30
 70
     1
102
RTVSPost2010Prop31
280
     0
102
RTVSPost2010PropOp31
 70
     1
102
RTVSPost2010Prop32
280
     0
102
RTVSPost2010PropOp32
 70
     1
102
RTVSPost2010Prop33
280
     0
102
RTVSPost2010PropOp33
 70
     1
102
RTVSPost2010Prop34
280
     0
102
RTVSPost2010PropOp34
 70
     1
102
RTVSPost2010Prop35
280
     0
102
RTVSPost2010PropOp35
 70
     1
102
RTVSPost2010Prop36
280
     0
102
RTVSPost2010PropOp36
 70
     1
102
RTVSPost2010Prop37
 90
       50
102
RTVSPost2010PropOp37
 70
     1
102
RTVSPost2010Prop38
140
0.0
102
RTVSPost2010PropOp38
 70
     1
102
RTVSPost2010Prop39
140
1.0
102
RTVSPost2010PropOp39
 70
     1
102
RTVSPost2010Prop40
 90
        0
102
RTVSPost2010PropOp40
 70
     1
102
RTVSPost2010Prop41ColorIndex
 90
       18
102
RTVSPost2010Prop41ColorRGB
 90
        0
102
RTVSPost2010PropOp41
 70
     1
102
RTVSPost2010Prop42
 90
       50
102
RTVSPost2010PropOp42
 70
     1
102
RTVSPost2010Prop43
 90
        3
102
RTVSPost2010PropOp43
 70
     1
102
RTVSPost2010Prop44ColorIndex
 90
        5
102
RTVSPost2010Prop44ColorRGB
 90
      255
102
RTVSPost2010PropOp44
 70
     1
102
RTVSPost2010Prop45
280
     0
102
RTVSPost2010PropOp45
 70
     1
102
RTVSPost2010Prop46
 90
       50
102
RTVSPost2010PropOp46
 70
     1
102
RTVSPost2010Prop47
 90
       50
102
RTVSPost2010PropOp47
 70
     1
102
RTVSPost2010Prop48
 90
       50
102
RTVSPost2010PropOp48
 70
     1
102
RTVSPost2010Prop49
280
     0
102
RTVSPost2010PropOp49
 70
     1
102
RTVSPost2010Prop50
 90
       50
102
RTVSPost2010PropOp50
 70
     1
102
RTVSPost2010Prop51ColorIndex
 90
      256
102
RTVSPost2010Prop51ColorRGB
 90
-16777216
102
RTVSPost2010PropOp51
 70
     0
102
RTVSPost2010Prop52
140
1.0
102
RTVSPost2010PropOp52
 70
     0
102
RTVSPost2010Prop53
 90
        2
102
RTVSPost2010PropOp53
 70
     1
102
RTVSPost2010Prop54
  1
strokes_ogs.tif
102
RTVSPost2010PropOp54
 70
     1
102
RTVSPost2010Prop55
280
     0
102
RTVSPost2010PropOp55
 70
     1
102
RTVSPost2010Prop56
140
1.0
102
RTVSPost2010PropOp56
 70
     1
102
RTVSPost2010Prop57
140
1.0
102
RTVSPost2010PropOp57
 70
     1
102
RTVSPropertyOp0
 70
     1
102
RTVSPropertyOp1
 70
     1
102
RTVSPropertyOp2
 70
     1
102
RTVSPropertyOp3
 70
     1
102
RTVSPropertyOp4
 70
     1
102
RTVSPropertyOp5
 70
     1
102
RTVSPropertyOp6
 70
     1
102
RTVSPropertyOp7
 70
     1
102
RTVSPropertyOp8
 70
     1
102
RTVSPropertyOp9
 70
     1
102
RTVSPropertyOp10
 70
     1
102
RTVSPropertyOp11
 70
     1
102
RTVSPropertyOp12
 70
     1
102
RTVSPropertyOp13
 70
     1
102
RTVSPropertyOp14
 70
     1
102
RTVSPropertyOp15
 70
     1
102
RTVSPropertyOp16
 70
     1
102
RTVSPropertyOp17
 70
     1
102
RTVSPropertyOp18
 70
     1
102
RTVSPropertyOp19
 70
     1
102
RTVSPropertyOp20
 70
     1
102
RTVSPropertyOp21
 70
     1
102
RTVSPropertyOp22
 70
     1
102
RTVSPropertyOp23
 70
     1
102
RTVSPropertyOp24
 70
     1
102
RTVSPropertyOp25
 70
     1
102
RTVSPropertyOp26
 70
     1
102
RTVSPropertyOp27
 70
     1
102
RTVSPropertyOp28
 70
     1
102
RTVSPropertyOp29
 70
     1
102
RTVSPropertyOp30
 70
     1
102
RTVSPropertyOp31
 70
     1
102
RTVSPropertyOp32
 70
     1
102
RTVSPropertyOp33
 70
     1
102
RTVSPropertyOp34
 70
     1
102
RTVSPropertyOp35
 70
     1
102
RTVSPropertyOp36
 70
     1
102
RTVSPropertyOp37
 70
     1
102
RTVSPropertyOp38
 70
     1
102
RTVSPropertyOp39
 70
     1
102
RTVSPropertyOp40
 70
     1
102
RTVSPropertyOp41
 70
     1
102
RTVSPropertyOp42
 70
     1
102
RTVSPropertyOp43
 70
     1
102
RTVSPropertyOp44
 70
     1
102
RTVSPropertyOp45
 70
     1
102
RTVSPropertyOp46
 70
     1
102
RTVSPropertyOp47
 70
     1
102
RTVSPropertyOp48
 70
     1
102
RTVSPropertyOp49
 70
     1
102
RTVSPropertyOp50
 70
     1
102
RTVSPropertyOp51
 70
     0
102
RTVSPropertyOp52
 70
     0
102
RTVSPropertyOp53
 70
     1
102
RTVSPropertyOp54
 70
     1
102
RTVSPropertyOp55
 70
     1
102
RTVSPropertyOp56
 70
     1
102
RTVSPropertyOp57
 70
     1
102
RTVSPropertyOp58
 70
     1
102
RTVSPropertyOp59
 70
     1
102
RTVSPropertyOp60
 70
     1
102
RTVSPropertyOp61
 70
     1
102
RTVSPropertyOp62
 70
     1
  0
XRECORD
  5
1B57
102
{ACAD_REACTORS
330
1B56
102
}
330
1B56
100
AcDbXrecord
280
     1
102
RTVSPost2010Prop28
280
     0
102
RTVSPost2010PropOp28
 70
     1
102
RTVSPost2010Prop29
280
     1
102
RTVSPost2010PropOp29
 70
     1
102
RTVSPost2010Prop30
280
     1
102
RTVSPost2010PropOp30
 70
     1
102
RTVSPost2010Prop31
280
     0
102
RTVSPost2010PropOp31
 70
     1
102
RTVSPost2010Prop32
280
     0
102
RTVSPost2010PropOp32
 70
     1
102
RTVSPost2010Prop33
280
     0
102
RTVSPost2010PropOp33
 70
     1
102
RTVSPost2010Prop34
280
     0
102
RTVSPost2010PropOp34
 70
     1
102
RTVSPost2010Prop35
280
     0
102
RTVSPost2010PropOp35
 70
     1
102
RTVSPost2010Prop36
280
     0
102
RTVSPost2010PropOp36
 70
     1
102
RTVSPost2010Prop37
 90
       50
102
RTVSPost2010PropOp37
 70
     1
102
RTVSPost2010Prop38
140
0.0
102
RTVSPost2010PropOp38
 70
     1
102
RTVSPost2010Prop39
140
1.0
102
RTVSPost2010PropOp39
 70
     1
102
RTVSPost2010Prop40
 90
        0
102
RTVSPost2010PropOp40
 70
     1
102
RTVSPost2010Prop41ColorIndex
 90
       18
102
RTVSPost2010Prop41ColorRGB
 90
        0
102
RTVSPost2010PropOp41
 70
     1
102
RTVSPost2010Prop42
 90
       50
102
RTVSPost2010PropOp42
 70
     1
102
RTVSPost2010Prop43
 90
        3
102
RTVSPost2010PropOp43
 70
     1
102
RTVSPost2010Prop44ColorIndex
 90
        5
102
RTVSPost2010Prop44ColorRGB
 90
      255
102
RTVSPost2010PropOp44
 70
     1
102
RTVSPost2010Prop45
280
     0
102
RTVSPost2010PropOp45
 70
     1
102
RTVSPost2010Prop46
 90
       50
102
RTVSPost2010PropOp46
 70
     1
102
RTVSPost2010Prop47
 90
       50
102
RTVSPost2010PropOp47
 70
     1
102
RTVSPost2010Prop48
 90
       50
102
RTVSPost2010PropOp48
 70
     1
102
RTVSPost2010Prop49
280
     0
102
RTVSPost2010PropOp49
 70
     1
102
RTVSPost2010Prop50
 90
       50
102
RTVSPost2010PropOp50
 70
     1
102
RTVSPost2010Prop51ColorIndex
 90
      256
102
RTVSPost2010Prop51ColorRGB
 90
-16777216
102
RTVSPost2010PropOp51
 70
     0
102
RTVSPost2010Prop52
140
1.0
102
RTVSPost2010PropOp52
 70
     0
102
RTVSPost2010Prop53
 90
        2
102
RTVSPost2010PropOp53
 70
     1
102
RTVSPost2010Prop54
  1
strokes_ogs.tif
102
RTVSPost2010PropOp54
 70
     1
102
RTVSPost2010Prop55
280
     0
102
RTVSPost2010PropOp55
 70
     1
102
RTVSPost2010Prop56
140
1.0
102
RTVSPost2010PropOp56
 70
     1
102
RTVSPost2010Prop57
140
1.0
102
RTVSPost2010PropOp57
 70
     1
102
RTVSPropertyOp0
 70
     1
102
RTVSPropertyOp1
 70
     1
102
RTVSPropertyOp2
 70
     1
102
RTVSPropertyOp3
 70
     1
102
RTVSPropertyOp4
 70
     1
102
RTVSPropertyOp5
 70
     1
102
RTVSPropertyOp6
 70
     1
102
RTVSPropertyOp7
 70
     1
102
RTVSPropertyOp8
 70
     1
102
RTVSPropertyOp9
 70
     1
102
RTVSPropertyOp10
 70
     1
102
RTVSPropertyOp11
 70
     1
102
RTVSPropertyOp12
 70
     1
102
RTVSPropertyOp13
 70
     1
102
RTVSPropertyOp14
 70
     1
102
RTVSPropertyOp15
 70
     1
102
RTVSPropertyOp16
 70
     1
102
RTVSPropertyOp17
 70
     1
102
RTVSPropertyOp18
 70
     1
102
RTVSPropertyOp19
 70
     1
102
RTVSPropertyOp20
 70
     1
102
RTVSPropertyOp21
 70
     1
102
RTVSPropertyOp22
 70
     1
102
RTVSPropertyOp23
 70
     1
102
RTVSPropertyOp24
 70
     1
102
RTVSPropertyOp25
 70
     1
102
RTVSPropertyOp26
 70
     1
102
RTVSPropertyOp27
 70
     1
102
RTVSPropertyOp28
 70
     1
102
RTVSPropertyOp29
 70
     1
102
RTVSPropertyOp30
 70
     1
102
RTVSPropertyOp31
 70
     1
102
RTVSPropertyOp32
 70
     1
102
RTVSPropertyOp33
 70
     1
102
RTVSPropertyOp34
 70
     1
102
RTVSPropertyOp35
 70
     1
102
RTVSPropertyOp36
 70
     1
102
RTVSPropertyOp37
 70
     1
102
RTVSPropertyOp38
 70
     1
102
RTVSPropertyOp39
 70
     1
102
RTVSPropertyOp40
 70
     1
102
RTVSPropertyOp41
 70
     1
102
RTVSPropertyOp42
 70
     1
102
RTVSPropertyOp43
 70
     1
102
RTVSPropertyOp44
 70
     1
102
RTVSPropertyOp45
 70
     1
102
RTVSPropertyOp46
 70
     1
102
RTVSPropertyOp47
 70
     1
102
RTVSPropertyOp48
 70
     1
102
RTVSPropertyOp49
 70
     1
102
RTVSPropertyOp50
 70
     1
102
RTVSPropertyOp51
 70
     0
102
RTVSPropertyOp52
 70
     0
102
RTVSPropertyOp53
 70
     1
102
RTVSPropertyOp54
 70
     1
102
RTVSPropertyOp55
 70
     1
102
RTVSPropertyOp56
 70
     1
102
RTVSPropertyOp57
 70
     1
102
RTVSPropertyOp58
 70
     1
102
RTVSPropertyOp59
 70
     1
102
RTVSPropertyOp60
 70
     1
102
RTVSPropertyOp61
 70
     1
102
RTVSPropertyOp62
 70
     1
  0
XRECORD
  5
1B6F
102
{ACAD_REACTORS
330
1B6E
102
}
330
1B6E
100
AcDbXrecord
280
     1
102
RTVSPost2010Prop28
280
     0
102
RTVSPost2010PropOp28
 70
     1
102
RTVSPost2010Prop29
280
     1
102
RTVSPost2010PropOp29
 70
     1
102
RTVSPost2010Prop30
280
     1
102
RTVSPost2010PropOp30
 70
     1
102
RTVSPost2010Prop31
280
     0
102
RTVSPost2010PropOp31
 70
     1
102
RTVSPost2010Prop32
280
     0
102
RTVSPost2010PropOp32
 70
     1
102
RTVSPost2010Prop33
280
     0
102
RTVSPost2010PropOp33
 70
     1
102
RTVSPost2010Prop34
280
     0
102
RTVSPost2010PropOp34
 70
     1
102
RTVSPost2010Prop35
280
     0
102
RTVSPost2010PropOp35
 70
     1
102
RTVSPost2010Prop36
280
     0
102
RTVSPost2010PropOp36
 70
     1
102
RTVSPost2010Prop37
 90
       50
102
RTVSPost2010PropOp37
 70
     1
102
RTVSPost2010Prop38
140
0.0
102
RTVSPost2010PropOp38
 70
     1
102
RTVSPost2010Prop39
140
1.0
102
RTVSPost2010PropOp39
 70
     1
102
RTVSPost2010Prop40
 90
        0
102
RTVSPost2010PropOp40
 70
     1
102
RTVSPost2010Prop41ColorIndex
 90
       18
102
RTVSPost2010Prop41ColorRGB
 90
        0
102
RTVSPost2010PropOp41
 70
     1
102
RTVSPost2010Prop42
 90
       50
102
RTVSPost2010PropOp42
 70
     1
102
RTVSPost2010Prop43
 90
        3
102
RTVSPost2010PropOp43
 70
     1
102
RTVSPost2010Prop44ColorIndex
 90
        5
102
RTVSPost2010Prop44ColorRGB
 90
      255
102
RTVSPost2010PropOp44
 70
     1
102
RTVSPost2010Prop45
280
     0
102
RTVSPost2010PropOp45
 70
     1
102
RTVSPost2010Prop46
 90
       50
102
RTVSPost2010PropOp46
 70
     1
102
RTVSPost2010Prop47
 90
       50
102
RTVSPost2010PropOp47
 70
     1
102
RTVSPost2010Prop48
 90
       50
102
RTVSPost2010PropOp48
 70
     1
102
RTVSPost2010Prop49
280
     0
102
RTVSPost2010PropOp49
 70
     1
102
RTVSPost2010Prop50
 90
       50
102
RTVSPost2010PropOp50
 70
     1
102
RTVSPost2010Prop51ColorIndex
 90
      256
102
RTVSPost2010Prop51ColorRGB
 90
-16777216
102
RTVSPost2010PropOp51
 70
     0
102
RTVSPost2010Prop52
140
1.0
102
RTVSPost2010PropOp52
 70
     0
102
RTVSPost2010Prop53
 90
        2
102
RTVSPost2010PropOp53
 70
     1
102
RTVSPost2010Prop54
  1
strokes_ogs.tif
102
RTVSPost2010PropOp54
 70
     1
102
RTVSPost2010Prop55
280
     0
102
RTVSPost2010PropOp55
 70
     1
102
RTVSPost2010Prop56
140
1.0
102
RTVSPost2010PropOp56
 70
     1
102
RTVSPost2010Prop57
140
1.0
102
RTVSPost2010PropOp57
 70
     1
102
RTVSPropertyOp0
 70
     1
102
RTVSPropertyOp1
 70
     1
102
RTVSPropertyOp2
 70
     1
102
RTVSPropertyOp3
 70
     1
102
RTVSPropertyOp4
 70
     1
102
RTVSPropertyOp5
 70
     1
102
RTVSPropertyOp6
 70
     1
102
RTVSPropertyOp7
 70
     1
102
RTVSPropertyOp8
 70
     1
102
RTVSPropertyOp9
 70
     1
102
RTVSPropertyOp10
 70
     1
102
RTVSPropertyOp11
 70
     1
102
RTVSPropertyOp12
 70
     1
102
RTVSPropertyOp13
 70
     1
102
RTVSPropertyOp14
 70
     1
102
RTVSPropertyOp15
 70
     1
102
RTVSPropertyOp16
 70
     1
102
RTVSPropertyOp17
 70
     1
102
RTVSPropertyOp18
 70
     1
102
RTVSPropertyOp19
 70
     1
102
RTVSPropertyOp20
 70
     1
102
RTVSPropertyOp21
 70
     1
102
RTVSPropertyOp22
 70
     1
102
RTVSPropertyOp23
 70
     1
102
RTVSPropertyOp24
 70
     1
102
RTVSPropertyOp25
 70
     1
102
RTVSPropertyOp26
 70
     1
102
RTVSPropertyOp27
 70
     1
102
RTVSPropertyOp28
 70
     1
102
RTVSPropertyOp29
 70
     1
102
RTVSPropertyOp30
 70
     1
102
RTVSPropertyOp31
 70
     1
102
RTVSPropertyOp32
 70
     1
102
RTVSPropertyOp33
 70
     1
102
RTVSPropertyOp34
 70
     1
102
RTVSPropertyOp35
 70
     1
102
RTVSPropertyOp36
 70
     1
102
RTVSPropertyOp37
 70
     1
102
RTVSPropertyOp38
 70
     1
102
RTVSPropertyOp39
 70
     1
102
RTVSPropertyOp40
 70
     1
102
RTVSPropertyOp41
 70
     1
102
RTVSPropertyOp42
 70
     1
102
RTVSPropertyOp43
 70
     1
102
RTVSPropertyOp44
 70
     1
102
RTVSPropertyOp45
 70
     1
102
RTVSPropertyOp46
 70
     1
102
RTVSPropertyOp47
 70
     1
102
RTVSPropertyOp48
 70
     1
102
RTVSPropertyOp49
 70
     1
102
RTVSPropertyOp50
 70
     1
102
RTVSPropertyOp51
 70
     0
102
RTVSPropertyOp52
 70
     0
102
RTVSPropertyOp53
 70
     1
102
RTVSPropertyOp54
 70
     1
102
RTVSPropertyOp55
 70
     1
102
RTVSPropertyOp56
 70
     1
102
RTVSPropertyOp57
 70
     1
102
RTVSPropertyOp58
 70
     1
102
RTVSPropertyOp59
 70
     1
102
RTVSPropertyOp60
 70
     1
102
RTVSPropertyOp61
 70
     1
102
RTVSPropertyOp62
 70
     1
  0
ENDSEC
  0
EOF
