  0
SECTION
  2
HEADER
  9
$ACADVER
  1
AC1015
  9
$ACADMAINTVER
 70
    20
  9
$DWGCODEPAGE
  3
ANSI_1252
  9
$INSBASE
 10
0.0
 20
0.0
 30
0.0
  9
$EXTMIN
 10
-0.0000048312358558
 20
-105.0000020543448
 30
-0.0000000116415251
  9
$EXTMAX
 10
10375.00000073
 20
3518.175309499917
 30
0.0
  9
$LIMMIN
 10
0.0
 20
0.0
  9
$LIMMAX
 10
12.0
 20
9.0
  9
$ORTHOMODE
 70
     1
  9
$REGENMODE
 70
     1
  9
$FILLMODE
 70
     1
  9
$QTEXTMODE
 70
     0
  9
$MIRRTEXT
 70
     1
  9
$LTSCALE
 40
1.0
  9
$ATTMODE
 70
     1
  9
$TEXTSIZE
 40
0.2
  9
$TRACEWID
 40
0.05
  9
$TEXTSTYLE
  7
Standard
  9
$CLAYER
  8
0
  9
$CELTYPE
  6
ByLayer
  9
$CECOLOR
 62
   256
  9
$CELTSCALE
 40
1.0
  9
$DISPSILH
 70
     0
  9
$DIMSCALE
 40
1.0
  9
$DIMASZ
 40
0.18
  9
$DIMEXO
 40
0.0625
  9
$DIMDLI
 40
0.38
  9
$DIMRND
 40
0.0
  9
$DIMDLE
 40
0.0
  9
$DIMEXE
 40
0.18
  9
$DIMTP
 40
0.0
  9
$DIMTM
 40
0.0
  9
$DIMTXT
 40
0.18
  9
$DIMCEN
 40
0.09
  9
$DIMTSZ
 40
0.0
  9
$DIMTOL
 70
     0
  9
$DIMLIM
 70
     0
  9
$DIMTIH
 70
     1
  9
$DIMTOH
 70
     1
  9
$DIMSE1
 70
     0
  9
$DIMSE2
 70
     0
  9
$DIMTAD
 70
     0
  9
$DIMZIN
 70
     0
  9
$DIMBLK
  1

  9
$DIMASO
 70
     1
  9
$DIMSHO
 70
     1
  9
$DIMPOST
  1

  9
$DIMAPOST
  1

  9
$DIMALT
 70
     0
  9
$DIMALTD
 70
     2
  9
$DIMALTF
 40
0.0393700787401575
  9
$DIMLFAC
 40
1.0
  9
$DIMTOFL
 70
     0
  9
$DIMTVP
 40
0.0
  9
$DIMTIX
 70
     0
  9
$DIMSOXD
 70
     0
  9
$DIMSAH
 70
     0
  9
$DIMBLK1
  1

  9
$DIMBLK2
  1

  9
$DIMSTYLE
  2
Standard
  9
$DIMCLRD
 70
     0
  9
$DIMCLRE
 70
     0
  9
$DIMCLRT
 70
     0
  9
$DIMTFAC
 40
1.0
  9
$DIMGAP
 40
0.09
  9
$DIMJUST
 70
     0
  9
$DIMSD1
 70
     0
  9
$DIMSD2
 70
     0
  9
$DIMTOLJ
 70
     1
  9
$DIMTZIN
 70
     0
  9
$DIMALTZ
 70
     0
  9
$DIMALTTZ
 70
     0
  9
$DIMUPT
 70
     0
  9
$DIMDEC
 70
     4
  9
$DIMTDEC
 70
     4
  9
$DIMALTU
 70
     2
  9
$DIMALTTD
 70
     0
  9
$DIMTXSTY
  7
Standard
  9
$DIMAUNIT
 70
     0
  9
$DIMADEC
 70
     0
  9
$DIMALTRND
 40
0.0
  9
$DIMAZIN
 70
     0
  9
$DIMDSEP
 70
    46
  9
$DIMATFIT
 70
     0
  9
$DIMFRAC
 70
     0
  9
$DIMLDRBLK
  1

  9
$DIMLUNIT
 70
     2
  9
$DIMLWD
 70
    -2
  9
$DIMLWE
 70
    -2
  9
$DIMTMOVE
 70
     0
  9
$LUNITS
 70
     2
  9
$LUPREC
 70
     4
  9
$SKETCHINC
 40
0.1
  9
$FILLETRAD
 40
0.0
  9
$AUNITS
 70
     0
  9
$AUPREC
 70
     0
  9
$MENU
  1
.
  9
$ELEVATION
 40
0.0
  9
$PELEVATION
 40
0.0
  9
$THICKNESS
 40
0.0
  9
$LIMCHECK
 70
     0
  9
$CHAMFERA
 40
0.5
  9
$CHAMFERB
 40
0.5
  9
$CHAMFERC
 40
0.0
  9
$CHAMFERD
 40
0.0
  9
$SKPOLY
 70
     0
  9
$TDCREATE
 40
2461112.037465277
  9
$TDUCREATE
 40
2461112.162467350
  9
$TDUPDATE
 40
2461112.541898148
  9
$TDUUPDATE
 40
2461112.666898148
  9
$TDINDWG
 40
0.0043865741
  9
$TDUSRTIMER
 40
0.0043865856
  9
$USRTIMER
 70
     1
  9
$ANGBASE
 50
0.0
  9
$ANGDIR
 70
     1
  9
$PDMODE
 70
     0
  9
$PDSIZE
 40
0.0
  9
$PLINEWID
 40
0.0
  9
$SPLFRAME
 70
     0
  9
$SPLINETYPE
 70
     6
  9
$SPLINESEGS
 70
     8
  9
$HANDSEED
  5
ABC
  9
$SURFTAB1
 70
     6
  9
$SURFTAB2
 70
     6
  9
$SURFTYPE
 70
     6
  9
$SURFU
 70
     6
  9
$SURFV
 70
     6
  9
$UCSBASE
  2

  9
$UCSNAME
  2

  9
$UCSORG
 10
0.0
 20
0.0
 30
0.0
  9
$UCSXDIR
 10
1.0
 20
0.0
 30
0.0
  9
$UCSYDIR
 10
0.0
 20
1.0
 30
0.0
  9
$UCSORTHOREF
  2

  9
$UCSORTHOVIEW
 70
     0
  9
$UCSORGTOP
 10
0.0
 20
0.0
 30
0.0
  9
$UCSORGBOTTOM
 10
0.0
 20
0.0
 30
0.0
  9
$UCSORGLEFT
 10
0.0
 20
0.0
 30
0.0
  9
$UCSORGRIGHT
 10
0.0
 20
0.0
 30
0.0
  9
$UCSORGFRONT
 10
0.0
 20
0.0
 30
0.0
  9
$UCSORGBACK
 10
0.0
 20
0.0
 30
0.0
  9
$PUCSBASE
  2

  9
$PUCSNAME
  2

  9
$PUCSORG
 10
0.0
 20
0.0
 30
0.0
  9
$PUCSXDIR
 10
1.0
 20
0.0
 30
0.0
  9
$PUCSYDIR
 10
0.0
 20
1.0
 30
0.0
  9
$PUCSORTHOREF
  2

  9
$PUCSORTHOVIEW
 70
     0
  9
$PUCSORGTOP
 10
0.0
 20
0.0
 30
0.0
  9
$PUCSORGBOTTOM
 10
0.0
 20
0.0
 30
0.0
  9
$PUCSORGLEFT
 10
0.0
 20
0.0
 30
0.0
  9
$PUCSORGRIGHT
 10
0.0
 20
0.0
 30
0.0
  9
$PUCSORGFRONT
 10
0.0
 20
0.0
 30
0.0
  9
$PUCSORGBACK
 10
0.0
 20
0.0
 30
0.0
  9
$USERI1
 70
     0
  9
$USERI2
 70
     0
  9
$USERI3
 70
     0
  9
$USERI4
 70
     0
  9
$USERI5
 70
     0
  9
$USERR1
 40
0.0
  9
$USERR2
 40
0.0
  9
$USERR3
 40
0.0
  9
$USERR4
 40
0.0
  9
$USERR5
 40
0.0
  9
$WORLDVIEW
 70
     1
  9
$SHADEDGE
 70
     3
  9
$SHADEDIF
 70
    70
  9
$TILEMODE
 70
     1
  9
$MAXACTVP
 70
    48
  9
$PINSBASE
 10
0.0
 20
0.0
 30
0.0
  9
$PLIMCHECK
 70
     0
  9
$PEXTMIN
 10
1.000000000000000E+20
 20
1.000000000000000E+20
 30
1.000000000000000E+20
  9
$PEXTMAX
 10
-1.000000000000000E+20
 20
-1.000000000000000E+20
 30
-1.000000000000000E+20
  9
$PLIMMIN
 10
0.0
 20
0.0
  9
$PLIMMAX
 10
0.0
 20
0.0
  9
$UNITMODE
 70
     0
  9
$VISRETAIN
 70
     1
  9
$PLINEGEN
 70
     1
  9
$PSLTSCALE
 70
     1
  9
$TREEDEPTH
 70
  3020
  9
$CMLSTYLE
  2
STANDARD
  9
$CMLJUST
 70
     0
  9
$CMLSCALE
 40
1.0
  9
$PROXYGRAPHICS
 70
     1
  9
$MEASUREMENT
 70
     1
  9
$CELWEIGHT
370
    -1
  9
$ENDCAPS
280
     0
  9
$JOINSTYLE
280
     0
  9
$LWDISPLAY
290
     1
  9
$INSUNITS
 70
     4
  9
$HYPERLINKBASE
  1

  9
$STYLESHEET
  1

  9
$XEDIT
290
     1
  9
$CEPSNTYPE
380
     0
  9
$PSTYLEMODE
290
     0
  9
$FINGERPRINTGUID
  2

  9
$VERSIONGUID
  2
{C8212007-DD08-D840-833B-E2C991598830}
  9
$EXTNAMES
290
     1
  9
$PSVPSCALE
 40
0.0
  9
$OLESTARTUP
290
     0
  0
ENDSEC
  0
SECTION
  2
CLASSES
  0
CLASS
  1
RASTERVARIABLES
  2
AcDbRasterVariables
  3
ISM
 90
    32768
280
     0
281
     0
  0
CLASS
  1
IMAGEDEF
  2
AcDbRasterImageDef
  3
ISM
 90
    32768
280
     0
281
     0
  0
CLASS
  1
IMAGEDEF_REACTOR
  2
AcDbRasterImageDefReactor
  3
ISM
 90
    32769
280
     0
281
     0
  0
CLASS
  1
IMAGE
  2
AcDbRasterImage
  3
ISM
 90
    34943
280
     0
281
     1
  0
CLASS
  1
ACAD_EVALUATION_GRAPH
  2
AcDbEvalGraph
  3
ObjectDBX Classes
 90
    33921
280
     0
281
     0
  0
CLASS
  1
BLOCKPOINTPARAMETER
  2
AcDbBlockPointParameter
  3
ObjectDBX Classes
 90
    33921
280
     0
281
     0
  0
CLASS
  1
BLOCKBASEPOINTPARAMETER
  2
AcDbBlockBasepointParameter
  3
ObjectDBX Classes
 90
    33921
280
     0
281
     0
  0
CLASS
  1
BLOCKLOOKUPPARAMETER
  2
AcDbBlockLookupParameter
  3
ObjectDBX Classes
 90
    33921
280
     0
281
     0
  0
CLASS
  1
BLOCKVISIBILITYPARAMETER
  2
AcDbBlockVisibilityParameter
  3
ObjectDBX Classes
 90
    33921
280
     0
281
     0
  0
CLASS
  1
BLOCKPROPERTIESTABLE
  2
AcDbBlockPropertiesTable
  3
ObjectDBX Classes
 90
    33921
280
     0
281
     0
  0
CLASS
  1
BLOCKPOLARPARAMETER
  2
AcDbBlockPolarParameter
  3
ObjectDBX Classes
 90
    33921
280
     0
281
     0
  0
CLASS
  1
BLOCKROTATIONPARAMETER
  2
AcDbBlockRotationParameter
  3
ObjectDBX Classes
 90
    33921
280
     0
281
     0
  0
CLASS
  1
BLOCKLINEARPARAMETER
  2
AcDbBlockLinearParameter
  3
ObjectDBX Classes
 90
    33921
280
     0
281
     0
  0
CLASS
  1
BLOCKXYPARAMETER
  2
AcDbBlockXYParameter
  3
ObjectDBX Classes
 90
    33921
280
     0
281
     0
  0
CLASS
  1
BLOCKFLIPPARAMETER
  2
AcDbBlockFlipParameter
  3
ObjectDBX Classes
 90
    33921
280
     0
281
     0
  0
CLASS
  1
BLOCKALIGNMENTPARAMETER
  2
AcDbBlockAlignmentParameter
  3
ObjectDBX Classes
 90
    33921
280
     0
281
     0
  0
CLASS
  1
BLOCKROTATEACTION
  2
AcDbBlockRotateAction
  3
ObjectDBX Classes
 90
    33921
280
     0
281
     0
  0
CLASS
  1
BLOCKSCALEACTION
  2
AcDbBlockScaleAction
  3
ObjectDBX Classes
 90
    33921
280
     0
281
     0
  0
CLASS
  1
BLOCKARRAYACTION
  2
AcDbBlockArrayAction
  3
ObjectDBX Classes
 90
    33921
280
     0
281
     0
  0
CLASS
  1
BLOCKFLIPACTION
  2
AcDbBlockFlipAction
  3
ObjectDBX Classes
 90
    33921
280
     0
281
     0
  0
CLASS
  1
BLOCKLOOKUPACTION
  2
AcDbBlockLookupAction
  3
ObjectDBX Classes
 90
    33921
280
     0
281
     0
  0
CLASS
  1
BLOCKMOVEACTION
  2
AcDbBlockMoveAction
  3
ObjectDBX Classes
 90
    33921
280
     0
281
     0
  0
CLASS
  1
BLOCKPOLARSTRETCHACTION
  2
AcDbBlockPolarStretchAction
  3
ObjectDBX Classes
 90
    33921
280
     0
281
     0
  0
CLASS
  1
BLOCKSTRETCHACTION
  2
AcDbBlockStretchAction
  3
ObjectDBX Classes
 90
    33921
280
     0
281
     0
  0
CLASS
  1
BLOCKALIGNMENTGRIP
  2
AcDbBlockAlignmentGrip
  3
ObjectDBX Classes
 90
    33921
280
     0
281
     0
  0
CLASS
  1
BLOCKFLIPGRIP
  2
AcDbBlockFlipGrip
  3
ObjectDBX Classes
 90
    33921
280
     0
281
     0
  0
CLASS
  1
ACDB_BLOCKREPRESENTATION_DATA
  2
AcDbBlockRepresentationData
  3
ObjectDBX Classes
 90
    33921
280
     0
281
     0
  0
CLASS
  1
ACDB_DYNAMICBLOCKPURGEPREVENTER_VERSION
  2
AcDbDynamicBlockPurgePreventer
  3
ObjectDBX Classes
 90
    33921
280
     0
281
     0
  0
CLASS
  1
BLOCKLINEARGRIP
  2
AcDbBlockLinearGrip
  3
ObjectDBX Classes
 90
    33921
280
     0
281
     0
  0
CLASS
  1
BLOCKLOOKUPGRIP
  2
AcDbBlockLookupGrip
  3
ObjectDBX Classes
 90
    33921
280
     0
281
     0
  0
CLASS
  1
BLOCKPOLARGRIP
  2
AcDbBlockPolarGrip
  3
ObjectDBX Classes
 90
    33921
280
     0
281
     0
  0
CLASS
  1
BLOCKPROPERTIESTABLEGRIP
  2
AcDbBlockPropertiesTableGrip
  3
ObjectDBX Classes
 90
    33921
280
     0
281
     0
  0
CLASS
  1
BLOCKROTATIONGRIP
  2
AcDbBlockRotationGrip
  3
ObjectDBX Classes
 90
    33921
280
     0
281
     0
  0
CLASS
  1
BLOCKVISIBILITYGRIP
  2
AcDbBlockVisibilityGrip
  3
ObjectDBX Classes
 90
    33921
280
     0
281
     0
  0
CLASS
  1
BLOCKXYGRIP
  2
AcDbBlockXYGrip
  3
ObjectDBX Classes
 90
    33921
280
     0
281
     0
  0
CLASS
  1
BLOCKGRIPLOCATIONCOMPONENT
  2
AcDbBlockGripExpr
  3
ObjectDBX Classes
 90
    33921
280
     0
281
     0
  0
CLASS
  1
ACDB_DYNAMICBLOCKPROXYNODE
  2
AcDbDynamicBlockProxyNode
  3
ObjectDBX Classes
 90
    33921
280
     0
281
     0
  0
CLASS
  1
BLOCKLINEARCONSTRAINTPARAMETER
  2
AcDbBlockLinearConstraintParameter
  3
ObjectDBX Classes
 90
    33921
280
     0
281
     0
  0
CLASS
  1
BLOCKHORIZONTALCONSTRAINTPARAMETER
  2
AcDbBlockHorizontalConstraintParameter
  3
ObjectDBX Classes
 90
    33921
280
     0
281
     0
  0
CLASS
  1
BLOCKVERTICALCONSTRAINTPARAMETER
  2
AcDbBlockVerticalConstraintParameter
  3
ObjectDBX Classes
 90
    33921
280
     0
281
     0
  0
CLASS
  1
BLOCKALIGNEDCONSTRAINTPARAMETER
  2
AcDbBlockAlignedConstraintParameter
  3
ObjectDBX Classes
 90
    33921
280
     0
281
     0
  0
CLASS
  1
BLOCKANGULARCONSTRAINTPARAMETER
  2
AcDbBlockAngularConstraintParameter
  3
ObjectDBX Classes
 90
    33921
280
     0
281
     0
  0
CLASS
  1
BLOCKDIAMETRICCONSTRAINTPARAMETER
  2
AcDbBlockDiametricConstraintParameter
  3
ObjectDBX Classes
 90
    33921
280
     0
281
     0
  0
CLASS
  1
BLOCKRADIALCONSTRAINTPARAMETER
  2
AcDbBlockRadialConstraintParameter
  3
ObjectDBX Classes
 90
    33921
280
     0
281
     0
  0
CLASS
  1
FIELDLIST
  2
AcDbFieldList
  3
ObjectDBX Classes
 90
     1152
280
     0
281
     0
  0
CLASS
  1
ACDBDICTIONARYWDFLT
  2
AcDbDictionaryWithDefault
  3
ObjectDBX Classes
 90
        0
280
     0
281
     0
  0
CLASS
  1
CELLSTYLEMAP
  2
AcDbCellStyleMap
  3
ObjectDBX Classes
 90
     1152
280
     0
281
     0
  0
CLASS
  1
MLEADERSTYLE
  2
AcDbMLeaderStyle
  3
ACDB_MLEADERSTYLE_CLASS
 90
     4095
280
     0
281
     0
  0
CLASS
  1
TABLESTYLE
  2
AcDbTableStyle
  3
ObjectDBX Classes
 90
     4095
280
     0
281
     0
  0
CLASS
  1
DICTIONARYVAR
  2
AcDbDictionaryVar
  3
ObjectDBX Classes
 90
        0
280
     0
281
     0
  0
CLASS
  1
MATERIAL
  2
AcDbMaterial
  3
ObjectDBX Classes
 90
     1153
280
     0
281
     0
  0
CLASS
  1
VISUALSTYLE
  2
AcDbVisualStyle
  3
ObjectDBX Classes
 90
     4095
280
     0
281
     0
  0
CLASS
  1
SCALE
  2
AcDbScale
  3
ObjectDBX Classes
 90
     1153
280
     0
281
     0
  0
CLASS
  1
ACDBSECTIONVIEWSTYLE
  2
AcDbSectionViewStyle
  3
ObjectDBX Classes
 90
     1025
280
     0
281
     0
  0
CLASS
  1
ACDBDETAILVIEWSTYLE
  2
AcDbDetailViewStyle
  3
ObjectDBX Classes
 90
     1025
280
     0
281
     0
  0
CLASS
  1
ACDBPLACEHOLDER
  2
AcDbPlaceHolder
  3
ObjectDBX Classes
 90
        0
280
     0
281
     0
  0
CLASS
  1
LAYOUT
  2
AcDbLayout
  3
ObjectDBX Classes
 90
        0
280
     0
281
     0
  0
ENDSEC
  0
SECTION
  2
TABLES
  0
TABLE
  2
VPORT
  5
8
330
0
100
AcDbSymbolTable
 70
     1
  0
VPORT
  5
3BF
330
8
100
AcDbSymbolTableRecord
100
AcDbViewportTableRecord
  2
*Active
 70
     0
 10
0.0
 20
0.0
 11
1.0
 21
1.0
 12
4322.868508255209
 22
934.2693507194599
 13
0.0
 23
0.0
 14
1.0
 24
1.0
 15
0.0
 25
0.0
 16
0.0
 26
0.0
 36
1.0
 17
0.0
 27
0.0
 37
0.0
 40
8071.317921232964
 41
2.351715686274509
 42
50.0
 43
0.0
 44
0.0
 50
0.0
 51
0.0
 71
     0
 72
 20000
 73
     1
 74
     1
 75
     0
 76
     0
 77
     0
 78
     0
281
     0
 65
     1
110
0.0
120
0.0
130
0.0
111
1.0
121
0.0
131
0.0
112
0.0
122
1.0
132
0.0
 79
     0
146
0.0
1001
ACAD_NAV_VCDISPLAY
1070
     3
  0
ENDTAB
  0
TABLE
  2
LTYPE
  5
5
330
0
100
AcDbSymbolTable
 70
     2
  0
LTYPE
  5
14
330
5
100
AcDbSymbolTableRecord
100
AcDbLinetypeTableRecord
  2
ByBlock
 70
     0
  3

 72
    65
 73
     0
 40
0.0
  0
LTYPE
  5
15
330
5
100
AcDbSymbolTableRecord
100
AcDbLinetypeTableRecord
  2
ByLayer
 70
     0
  3

 72
    65
 73
     0
 40
0.0
  0
LTYPE
  5
16
330
5
100
AcDbSymbolTableRecord
100
AcDbLinetypeTableRecord
  2
Continuous
 70
     0
  3
Solid line
 72
    65
 73
     0
 40
0.0
  0
ENDTAB
  0
TABLE
  2
LAYER
  5
2
102
{ACAD_XDICTIONARY
360
437
102
}
330
0
100
AcDbSymbolTable
 70
    23
  0
LAYER
  5
10
102
{ACAD_XDICTIONARY
360
A49
102
}
330
2
100
AcDbSymbolTableRecord
100
AcDbLayerTableRecord
  2
0
 70
     0
 62
     7
  6
Continuous
370
    -3
390
F
  0
LAYER
  5
27
102
{ACAD_XDICTIONARY
360
A4B
102
}
330
2
100
AcDbSymbolTableRecord
100
AcDbLayerTableRecord
  2
sheet
 70
     0
 62
    24
  6
Continuous
370
    -3
390
F
  0
LAYER
  5
28
102
{ACAD_XDICTIONARY
360
A4D
102
}
330
2
100
AcDbSymbolTableRecord
100
AcDbLayerTableRecord
  2
Texto
 70
     0
 62
     7
  6
Continuous
370
    -3
390
F
  0
LAYER
  5
29
102
{ACAD_XDICTIONARY
360
A4F
102
}
330
2
100
AcDbSymbolTableRecord
100
AcDbLayerTableRecord
  2
CE-8150-30
 70
     0
 62
     7
  6
Continuous
370
    -3
390
F
  0
LAYER
  5
2A
102
{ACAD_XDICTIONARY
360
A51
102
}
330
2
100
AcDbSymbolTableRecord
100
AcDbLayerTableRecord
  2
mn-21010 14
 70
     0
 62
     7
  6
Continuous
370
    -3
390
F
  0
LAYER
  5
2B
102
{ACAD_XDICTIONARY
360
A53
102
}
330
2
100
AcDbSymbolTableRecord
100
AcDbLayerTableRecord
  2
14219885
 70
     0
 62
     7
  6
Continuous
370
    -3
390
F
  0
LAYER
  5
2C
102
{ACAD_XDICTIONARY
360
A55
102
}
330
2
100
AcDbSymbolTableRecord
100
AcDbLayerTableRecord
  2
10388737v0
 70
     0
 62
     7
  6
Continuous
370
    -3
390
F
  0
LAYER
  5
2D
102
{ACAD_XDICTIONARY
360
A57
102
}
330
2
100
AcDbSymbolTableRecord
100
AcDbLayerTableRecord
  2
Rebaixo
 70
     0
 62
     7
  6
Continuous
370
    -3
390
F
  0
LAYER
  5
2E
102
{ACAD_XDICTIONARY
360
A59
102
}
330
2
100
AcDbSymbolTableRecord
100
AcDbLayerTableRecord
  2
5905257
 70
     0
 62
     7
  6
Continuous
370
    -3
390
F
  0
LAYER
  5
2F
102
{ACAD_XDICTIONARY
360
A5B
102
}
330
2
100
AcDbSymbolTableRecord
100
AcDbLayerTableRecord
  2
14219862
 70
     0
 62
     7
  6
Continuous
370
    -3
390
F
  0
LAYER
  5
30
102
{ACAD_XDICTIONARY
360
A5D
102
}
330
2
100
AcDbSymbolTableRecord
100
AcDbLayerTableRecord
  2
13660947v0
 70
     0
 62
     7
  6
Continuous
370
    -3
390
F
  0
LAYER
  5
31
102
{ACAD_XDICTIONARY
360
A5F
102
}
330
2
100
AcDbSymbolTableRecord
100
AcDbLayerTableRecord
  2
PA-25210-02
 70
     0
 62
     7
  6
Continuous
370
    -3
390
F
  0
LAYER
  5
32
102
{ACAD_XDICTIONARY
360
A61
102
}
330
2
100
AcDbSymbolTableRecord
100
AcDbLayerTableRecord
  2
mn-24089-14
 70
     0
 62
     7
  6
Continuous
370
    -3
390
F
  0
LAYER
  5
33
102
{ACAD_XDICTIONARY
360
A63
102
}
330
2
100
AcDbSymbolTableRecord
100
AcDbLayerTableRecord
  2
12513975
 70
     0
 62
     7
  6
Continuous
370
    -3
390
F
  0
LAYER
  5
34
102
{ACAD_XDICTIONARY
360
A65
102
}
330
2
100
AcDbSymbolTableRecord
100
AcDbLayerTableRecord
  2
10388739v0
 70
     0
 62
     7
  6
Continuous
370
    -3
390
F
  0
LAYER
  5
35
102
{ACAD_XDICTIONARY
360
A67
102
}
330
2
100
AcDbSymbolTableRecord
100
AcDbLayerTableRecord
  2
Stats
 70
     0
 62
     7
  6
Continuous
370
    -3
390
F
  0
LAYER
  5
36
102
{ACAD_XDICTIONARY
360
A69
102
}
330
2
100
AcDbSymbolTableRecord
100
AcDbLayerTableRecord
  2
14219536
 70
     0
 62
     7
  6
Continuous
370
    -3
390
F
  0
LAYER
  5
37
102
{ACAD_XDICTIONARY
360
A6B
102
}
330
2
100
AcDbSymbolTableRecord
100
AcDbLayerTableRecord
  2
Chanfro
 70
     0
 62
     7
  6
Continuous
370
    -3
390
F
  0
LAYER
  5
38
102
{ACAD_XDICTIONARY
360
A6D
102
}
330
2
100
AcDbSymbolTableRecord
100
AcDbLayerTableRecord
  2
12884379v00
 70
     0
 62
     7
  6
Continuous
370
    -3
390
F
  0
LAYER
  5
39
102
{ACAD_XDICTIONARY
360
A6F
102
}
330
2
100
AcDbSymbolTableRecord
100
AcDbLayerTableRecord
  2
MN-21010 12
 70
     0
 62
     7
  6
Continuous
370
    -3
390
F
  0
LAYER
  5
3A
102
{ACAD_XDICTIONARY
360
A71
102
}
330
2
100
AcDbSymbolTableRecord
100
AcDbLayerTableRecord
  2
DT-20775-006-034
 70
     0
 62
     7
  6
Continuous
370
    -3
390
F
  0
LAYER
  5
3B
102
{ACAD_XDICTIONARY
360
A73
102
}
330
2
100
AcDbSymbolTableRecord
100
AcDbLayerTableRecord
  2
PA-25210 04
 70
     0
 62
     7
  6
Continuous
370
    -3
390
F
  0
LAYER
  5
3C
330
2
100
AcDbSymbolTableRecord
100
AcDbLayerTableRecord
  2
DEFPOINTS
 70
     0
 62
     7
  6
Continuous
290
     0
370
    -3
390
F
  0
ENDTAB
  0
TABLE
  2
STYLE
  5
3
330
0
100
AcDbSymbolTable
 70
     1
  0
STYLE
  5
11
330
3
100
AcDbSymbolTableRecord
100
AcDbTextStyleTableRecord
  2
Standard
 70
     0
 40
0.0
 41
1.0
 50
0.0
 71
     0
 42
0.2
  3
txt.shx
  4

  0
ENDTAB
  0
TABLE
  2
VIEW
  5
6
330
0
100
AcDbSymbolTable
 70
     0
  0
ENDTAB
  0
TABLE
  2
UCS
  5
7
330
0
100
AcDbSymbolTable
 70
     0
  0
ENDTAB
  0
TABLE
  2
APPID
  5
9
330
0
100
AcDbSymbolTable
 70
    10
  0
APPID
  5
12
330
0
100
AcDbSymbolTableRecord
100
AcDbRegAppTableRecord
  2
ACAD
 70
     0
  0
APPID
  5
3E2
330
0
100
AcDbSymbolTableRecord
100
AcDbRegAppTableRecord
  2
ACAD_MLEADERVER
 70
     0
  0
APPID
  5
430
330
9
100
AcDbSymbolTableRecord
100
AcDbRegAppTableRecord
  2
ACAD_PSEXT
 70
     0
  0
APPID
  5
431
330
9
100
AcDbSymbolTableRecord
100
AcDbRegAppTableRecord
  2
AcadAnnotative
 70
     0
  0
APPID
  5
432
330
9
100
AcDbSymbolTableRecord
100
AcDbRegAppTableRecord
  2
ACAD_DSTYLE_DIMJAG
 70
     0
  0
APPID
  5
433
330
9
100
AcDbSymbolTableRecord
100
AcDbRegAppTableRecord
  2
ACAD_DSTYLE_DIMTALN
 70
     0
  0
APPID
  5
434
330
9
100
AcDbSymbolTableRecord
100
AcDbRegAppTableRecord
  2
ACAD_NAV_VCDISPLAY
 70
     0
  0
APPID
  5
435
330
9
100
AcDbSymbolTableRecord
100
AcDbRegAppTableRecord
  2
AcAecLayerStandard
 70
     0
  0
APPID
  5
436
330
9
100
AcDbSymbolTableRecord
100
AcDbRegAppTableRecord
  2
AcCmTransparency
 70
     0
  0
APPID
  5
866
330
9
100
AcDbSymbolTableRecord
100
AcDbRegAppTableRecord
  2
ACAD_EXEMPT_FROM_CAD_STANDARDS
 70
     0
  0
ENDTAB
  0
TABLE
  2
DIMSTYLE
  5
A
330
0
100
AcDbSymbolTable
 70
     4
100
AcDbDimStyleTable
 71
     0
  0
DIMSTYLE
105
3BE
330
A
100
AcDbSymbolTableRecord
100
AcDbDimStyleTableRecord
  2
Standard
 70
     0
143
1.0
274
     0
289
     0
340
11
  0
DIMSTYLE
105
42E
330
A
100
AcDbSymbolTableRecord
100
AcDbDimStyleTableRecord
  2
Annotative
 70
     0
 40
0.0
 41
2.5
 42
0.625
 43
3.75
 44
1.25
 73
     0
 74
     0
 77
     1
 78
     8
140
2.5
141
2.5
143
0.03937007874016
147
0.625
171
     3
172
     1
271
     2
272
     2
274
     3
278
    44
283
     0
284
     8
340
11
1001
AcadAnnotative
1000
AnnotativeData
1002
{
1070
     1
1070
     1
1002
}
1001
ACAD_DSTYLE_DIMJAG
1070
   388
1040
1.5
1001
ACAD_DSTYLE_DIMTALN
1070
   392
1070
     0
  0
DIMSTYLE
105
42F
330
A
100
AcDbSymbolTableRecord
100
AcDbDimStyleTableRecord
  2
ISO-25
 70
     0
 41
2.5
 42
0.625
 43
3.75
 44
1.25
 73
     0
 74
     0
 77
     1
 78
     8
140
2.5
141
2.5
143
0.03937007874016
147
0.625
171
     3
172
     1
271
     2
272
     2
274
     3
278
    44
283
     0
284
     8
340
11
  0
ENDTAB
  0
TABLE
  2
BLOCK_RECORD
  5
1
330
0
100
AcDbSymbolTable
 70
     2
  0
BLOCK_RECORD
  5
1F
330
1
100
AcDbSymbolTableRecord
100
AcDbBlockTableRecord
  2
*Model_Space
340
22
  0
BLOCK_RECORD
  5
3BB
330
1
100
AcDbSymbolTableRecord
100
AcDbBlockTableRecord
  2
*Paper_Space
340
1E
  0
ENDTAB
  0
ENDSEC
  0
SECTION
  2
BLOCKS
  0
BLOCK
  5
20
330
1F
100
AcDbEntity
  8
0
100
AcDbBlockBegin
  2
*Model_Space
 70
     0
 10
0.0
 20
0.0
 30
0.0
  3
*Model_Space
  1

  0
ENDBLK
  5
21
330
1F
100
AcDbEntity
  8
0
100
AcDbBlockEnd
  0
BLOCK
  5
3BC
330
3BB
100
AcDbEntity
 67
     1
  8
0
100
AcDbBlockBegin
  2
*Paper_Space
 70
     0
 10
0.0
 20
0.0
 30
0.0
  3
*Paper_Space
  1

  0
ENDBLK
  5
3BD
330
3BB
100
AcDbEntity
 67
     1
  8
0
100
AcDbBlockEnd
  0
ENDSEC
  0
SECTION
  2
ENTITIES
  0
LWPOLYLINE
  5
18E
330
1F
100
AcDbEntity
  8
sheet
 62
     7
100
AcDbPolyline
 90
        4
 70
     1
 43
0.0
 10
5250.00000052
 20
0.0000001
 10
7750.00000052
 20
0.0000001
 10
7750.00000052
 20
1860.0000001
 10
5250.00000052
 20
1860.0000001
  0
LWPOLYLINE
  5
18F
330
1F
100
AcDbEntity
  8
14219536
 62
     2
100
AcDbPolyline
 90
       22
 70
     1
 43
0.0
 10
5271.507463633912
 20
1110.9908801
 42
0.3279712761320041
 10
5268.000000947053
 20
1106.218843598882
 10
5268.000000947053
 20
887.0000000588492
 42
0.4142135433272131
 10
5273.000000947053
 20
882.0000000588491
 10
5383.000000947053
 20
882.0000000588491
 42
0.4142135594695937
 10
5388.000000947053
 20
887.0000000588492
 10
5388.000000947053
 20
907.0000000588491
 10
5474.424946536215
 20
907.0000000588491
 42
0.5573078118904938
 10
5474.424946536215
 20
1817.000000058849
 10
5388.000000947053
 20
1817.000000058849
 10
5388.000000947053
 20
1837.000000058849
 42
0.4142135614524558
 10
5383.000000947053
 20
1842.000000058849
 10
5273.000000947053
 20
1842.000000058849
 42
0.4142135453100684
 10
5268.000000947053
 20
1837.000000058849
 10
5268.000000947053
 20
1617.781156518817
 42
0.3279712780772142
 10
5271.507463633912
 20
1613.009120017699
 42
-0.2869736577808688
 10
5453.054119498367
 20
1401.253731402163
 42
0.3709846323531689
 10
5457.998114148053
 20
1397.000000058849
 10
5548.000000947053
 20
1397.000000058849
 42
-1.000011407768553
 10
5548.000000947053
 20
1327.000000058849
 10
5457.998114148053
 20
1327.000000058849
 42
0.3709846245731501
 10
5453.054119498367
 20
1322.746268715565
 42
-0.2869736577773741
  0
LINE
  5
190
330
1F
100
AcDbEntity
  8
Chanfro
 62
     2
100
AcDbLine
 10
5360.000000947053
 20
1727.390578288848
 30
0.0
 11
5263.000000947053
 21
1727.390578288848
 31
0.0
  0
LINE
  5
191
330
1F
100
AcDbEntity
  8
Chanfro
 62
     2
100
AcDbLine
 10
5360.000000947053
 20
1717.390578288848
 30
0.0
 11
5263.000000947053
 21
1717.390578288848
 31
0.0
  0
LINE
  5
192
330
1F
100
AcDbEntity
  8
Chanfro
 62
     2
100
AcDbLine
 10
5360.000000947053
 20
1737.390578288848
 30
0.0
 11
5263.000000947053
 21
1737.390578288848
 31
0.0
  0
LINE
  5
193
330
1F
100
AcDbEntity
  8
Chanfro
 62
     2
100
AcDbLine
 10
5360.000000947053
 20
996.6094218288805
 30
0.0
 11
5263.000000947053
 21
996.6094218288805
 31
0.0
  0
LINE
  5
194
330
1F
100
AcDbEntity
  8
Chanfro
 62
     2
100
AcDbLine
 10
5360.000000947053
 20
1006.609421828879
 30
0.0
 11
5263.000000947053
 21
1006.609421828879
 31
0.0
  0
LINE
  5
195
330
1F
100
AcDbEntity
  8
Chanfro
 62
     2
100
AcDbLine
 10
5360.000000947053
 20
986.6094218288793
 30
0.0
 11
5263.000000947053
 21
986.6094218288793
 31
0.0
  0
MTEXT
  5
196
330
1F
100
AcDbEntity
  8
Chanfro
 62
     2
100
AcDbMText
 10
5324.230529926623
 20
1704.11897408689
 30
0.0
 40
10.0
 41
54.58222045908406
 71
     7
 72
     5
  1
ch 0+10
 11
0.0000000000000001
 21
1.0
 31
0.0
 73
     1
 44
1.0
1001
ACAD
1000
MTEXTBEGIN
1070
    73
1070
     1
1070
    44
1040
1.0
1070
    74
1070
     0
1000
MTEXTEND
  0
MTEXT
  5
197
330
1F
100
AcDbEntity
  8
Chanfro
 62
     2
100
AcDbMText
 10
5324.230529926623
 20
1019.88102603084
 30
0.0
 40
10.0
 41
54.58222045908406
 71
     9
 72
     5
  1
ch 0+10
 11
0.0000000000000001
 21
1.0
 31
0.0
 73
     1
 44
1.0
1001
ACAD
1000
MTEXTBEGIN
1070
    73
1070
     1
1070
    44
1040
1.0
1070
    74
1070
     0
1000
MTEXTEND
  0
MTEXT
  5
198
330
1F
100
AcDbEntity
  8
Texto
 62
     2
100
AcDbMText
 10
5500.065916995423
 20
1167.850124622086
 30
0.0
 40
20.0
 41
434.7280966575818
 71
     1
 72
     5
  1
14219536
 11
0.0000000000000001
 21
1.0
 31
0.0
 73
     1
 44
1.0
1001
ACAD
1000
MTEXTBEGIN
1070
    73
1070
     1
1070
    44
1040
1.0
1070
    74
1070
     0
1000
MTEXTEND
  0
LWPOLYLINE
  5
199
330
1F
100
AcDbEntity
  8
14219862
 62
     6
100
AcDbPolyline
 90
       22
 70
     1
 43
0.0
 10
6562.106351095074
 20
1674.5750541
 10
6562.106351095074
 20
1760.999999689148
 10
6582.106351095075
 20
1760.999999689148
 42
0.414213579443555
 10
6587.106351095075
 20
1765.999999689148
 10
6587.106351095075
 20
1836.999999689148
 42
0.4142135831484622
 10
6582.106351095075
 20
1841.999999689148
 10
6341.644194523394
 20
1841.999999689148
 42
0.2824891386016679
 10
6337.185300161624
 20
1839.262357103848
 42
-0.6139734121172404
 10
5877.027402028525
 20
1839.262357103848
 42
0.2824891426326179
 10
5872.568507666784
 20
1841.999999689148
 10
5632.106351095075
 20
1841.999999689148
 42
0.4142135758312834
 10
5627.106351095075
 20
1836.999999689148
 10
5627.106351095075
 20
1765.999999689148
 42
0.414213572125031
 10
5632.106351095075
 20
1760.999999689148
 10
5652.106351095074
 20
1760.999999689148
 10
5652.106351095074
 20
1674.5750541
 42
0.2397751499659621
 10
6066.728992604501
 20
1422.525849499017
 42
0.4365168838463433
 10
6072.106351095074
 20
1427.511589220003
 10
6072.106351095074
 20
1495.999999689147
 42
-1.000020216557472
 10
6142.106351095074
 20
1495.999999689147
 10
6142.106351095074
 20
1427.511589220003
 42
0.4365168789778604
 10
6147.483709585647
 20
1422.525849499017
 42
0.2397751499666199
  0
MTEXT
  5
19A
330
1F
100
AcDbEntity
  8
Texto
 62
     6
100
AcDbMText
 10
6172.446740683891
 20
1552.246446497948
 30
0.0
 40
20.0
 41
576.4040823548567
 71
     1
 72
     5
  1
14219862
 11
-1.0
 21
0.0000000000000001
 31
0.0
 73
     1
 44
1.0
1001
ACAD
1000
MTEXTBEGIN
1070
    73
1070
     1
1070
    44
1040
1.0
1070
    74
1070
     0
1000
MTEXTEND
  0
LWPOLYLINE
  5
19B
330
1F
100
AcDbEntity
  8
13660947v0
 62
     2
100
AcDbPolyline
 90
       80
 70
     1
 43
0.0
 10
7683.676575633914
 20
131.9018650914379
 10
7683.676575633914
 20
102.9018650914234
 42
-0.4142135762973843
 10
7680.676575633913
 20
99.9018650914234
 10
7306.676575633914
 20
99.90186509142336
 42
-0.4142135661394575
 10
7303.676575633914
 20
102.9018650914233
 10
7303.676575633914
 20
131.9018650914379
 42
0.4142135452223079
 10
7300.676575633914
 20
134.9018650914379
 10
7266.676575633913
 20
134.9018650914379
 42
0.4142135374632289
 10
7263.676575633915
 20
131.9018650914379
 10
7263.676575633915
 20
102.9018650914233
 42
-0.4142135739004258
 10
7260.676575633913
 20
99.90186509142336
 10
6886.676575633913
 20
99.90186509142333
 42
-0.4142135685370848
 10
6883.676575633913
 20
102.9018650914233
 10
6883.676575633913
 20
131.9018650914379
 42
0.414213542824384
 10
6880.676575633913
 20
134.9018650914379
 10
6846.676575633913
 20
134.9018650914378
 42
0.4142135398616467
 10
6843.676575633913
 20
131.9018650914378
 10
6843.676575633913
 20
102.9018650914233
 42
-0.4142135714991218
 10
6840.676575633913
 20
99.90186509142333
 10
6446.676575633914
 20
99.90186509142329
 42
-0.4142135685268997
 10
6443.676575633914
 20
102.9018650914232
 10
6443.676575633914
 20
131.9018650914378
 42
0.4142135428360884
 10
6440.676575633914
 20
134.9018650914378
 10
6406.676575633913
 20
134.9018650914378
 42
0.4142135398515295
 10
6403.676575633913
 20
131.9018650914378
 10
6403.676575633913
 20
102.9018650914232
 42
-0.4142135717191696
 10
6400.676575633913
 20
99.90186509142326
 10
5896.676575633914
 20
99.9018650914232
 42
-0.4142135548022953
 10
5893.676575633914
 20
102.9018650914232
 10
5893.676575633914
 20
131.9018650914377
 42
0.4142135565607557
 10
5890.676575633914
 20
134.9018650914377
 10
5856.676575633914
 20
134.9018650914377
 42
0.4142135791065
 10
5853.676575633913
 20
131.9018650914377
 10
5853.676575633913
 20
102.9018650914232
 42
-0.4142135852389943
 10
5850.676575633913
 20
99.9018650914232
 10
5526.676575633914
 20
99.90186509142315
 42
0.4142135740725354
 10
5523.676575633913
 20
96.90186509143773
 10
5523.676575633913
 20
62.90186509143771
 42
0.4142135583489263
 10
5526.676575633914
 20
59.90186509143772
 10
5850.676575633913
 20
59.90186509143775
 42
-0.4142135704521538
 10
5853.676575633913
 20
56.90186509143775
 10
5853.676575633913
 20
27.90186509142321
 42
0.4142135976461409
 10
5856.676575633914
 20
24.90186509143776
 10
5890.676575633914
 20
24.90186509143779
 42
0.4142135676202002
 10
5893.676575633914
 20
27.90186509142323
 10
5893.676575633914
 20
56.90186509143778
 42
-0.4142135929978987
 10
5896.676575633914
 20
59.90186509143778
 10
6400.676575633913
 20
59.90186509143785
 42
-0.4142135569303481
 10
6403.676575633913
 20
56.90186509143785
 10
6403.676575633913
 20
27.90186509142329
 42
0.4142135571210737
 10
6406.676575633913
 20
24.90186509143784
 10
6440.676575633914
 20
24.90186509143783
 42
0.4142135551597442
 10
6443.676575633914
 20
27.90186509142329
 10
6443.676575633914
 20
56.90186509143782
 42
-0.4142135537389954
 10
6446.676575633914
 20
59.90186509143782
 10
6840.676575633913
 20
59.9018650914379
 42
-0.4142135567133179
 10
6843.676575633913
 20
56.9018650914379
 10
6843.676575633913
 20
27.90186509142335
 42
0.4142135568629947
 10
6846.676575633913
 20
24.9018650914379
 10
6880.676575633913
 20
24.90186509143789
 42
0.4142135554188216
 10
6883.676575633913
 20
27.90186509142333
 10
6883.676575633913
 20
56.90186509143789
 42
-0.4142135537512811
 10
6886.676575633913
 20
59.90186509143789
 10
7260.676575633913
 20
59.90186509143794
 42
-0.4142135591104491
 10
7263.676575633915
 20
56.90186509143794
 10
7263.676575633915
 20
27.90186509142339
 42
0.4142135542106761
 10
7266.676575633913
 20
24.90186509143794
 10
7300.676575633914
 20
24.90186509143795
 42
0.4142135580711404
 10
7303.676575633914
 20
27.9018650914234
 10
7303.676575633914
 20
56.90186509143796
 42
-0.4142135513516721
 10
7306.676575633914
 20
59.90186509143796
 10
7680.676575633913
 20
59.90186509143799
 42
-0.4142135615095088
 10
7683.676575633914
 20
56.90186509143799
 10
7683.676575633914
 20
27.90186509142344
 42
0.4142136045407762
 10
7686.676575633914
 20
24.90186509143799
 10
7720.676575633913
 20
24.901865091438
 42
0.4142135607222462
 10
7723.676575633913
 20
27.90186509142344
 10
7723.676575633913
 20
131.9018650914379
 42
0.4142135476221633
 10
7720.676575633913
 20
134.9018650914379
 10
7686.676575633914
 20
134.9018650914379
 42
0.4142135350654548
  0
CIRCLE
  5
19C
330
1F
100
AcDbEntity
  8
13660947v0
 62
     2
100
AcDbCircle
 10
6863.676575633914
 20
44.9018650914379
 30
0.0
 40
9.0
  0
CIRCLE
  5
19D
330
1F
100
AcDbEntity
  8
13660947v0
 62
     2
100
AcDbCircle
 10
6863.676575633914
 20
114.9018650914233
 30
0.0
 40
9.0
  0
CIRCLE
  5
19E
330
1F
100
AcDbEntity
  8
13660947v0
 62
     2
100
AcDbCircle
 10
6423.676575633914
 20
44.90186509143782
 30
0.0
 40
9.0
  0
CIRCLE
  5
19F
330
1F
100
AcDbEntity
  8
13660947v0
 62
     2
100
AcDbCircle
 10
6423.676575633914
 20
114.9018650914233
 30
0.0
 40
9.0
  0
CIRCLE
  5
1A0
330
1F
100
AcDbEntity
  8
13660947v0
 62
     2
100
AcDbCircle
 10
5873.676575633914
 20
114.9018650914232
 30
0.0
 40
9.0
  0
CIRCLE
  5
1A1
330
1F
100
AcDbEntity
  8
13660947v0
 62
     2
100
AcDbCircle
 10
5873.676575633914
 20
44.90186509143775
 30
0.0
 40
9.0
  0
CIRCLE
  5
1A2
330
1F
100
AcDbEntity
  8
13660947v0
 62
     2
100
AcDbCircle
 10
7283.676575633913
 20
44.90186509143796
 30
0.0
 40
9.000000000000227
  0
CIRCLE
  5
1A3
330
1F
100
AcDbEntity
  8
13660947v0
 62
     2
100
AcDbCircle
 10
7283.676575633913
 20
114.9018650914233
 30
0.0
 40
9.000000000000227
  0
CIRCLE
  5
1A4
330
1F
100
AcDbEntity
  8
13660947v0
 62
     2
100
AcDbCircle
 10
7703.676575633913
 20
44.90186509143799
 30
0.0
 40
8.999999999999772
  0
CIRCLE
  5
1A5
330
1F
100
AcDbEntity
  8
13660947v0
 62
     2
100
AcDbCircle
 10
7703.676575633913
 20
114.9018650914234
 30
0.0
 40
8.999999999999772
  0
MTEXT
  5
1A6
330
1F
100
AcDbEntity
  8
Texto
 62
     2
100
AcDbMText
 10
6698.030625326452
 20
74.56038057736548
 30
0.0
 40
10.0
 41
116.7759341577257
 71
     1
 72
     5
  1
13660947 POS.44
 11
-1.0
 21
0.0000000000000001
 31
0.0
 73
     1
 44
1.0
1001
ACAD
1000
MTEXTBEGIN
1070
    73
1070
     1
1070
    44
1040
1.0
1070
    74
1070
     0
1000
MTEXTEND
  0
LWPOLYLINE
  5
1A7
330
1F
100
AcDbEntity
  8
0
 62
     2
100
AcDbPolyline
 90
       68
 70
     1
 43
0.0
 10
5668.369591633914
 20
197.4018650914378
 10
5492.612232321039
 20
197.4018650914378
 42
-0.1989123035639169
 10
5490.49091197746
 20
198.2805447478541
 10
5352.06955574014
 20
336.7019009853476
 42
-0.4142135702947438
 10
5352.06955574014
 20
340.9445416725076
 10
5374.343419347518
 20
363.2184052795938
 42
0.4142135506759085
 10
5374.343419347518
 20
367.4610459667466
 10
5350.301788787188
 20
391.5026765272788
 42
0.4142135775482709
 10
5346.059148100065
 20
391.5026765272788
 10
5268.984508950735
 20
314.4280373782686
 42
0.4142135196112279
 10
5268.984508950737
 20
310.1853966911159
 10
5293.026139511065
 20
286.1437661305764
 42
0.4142135189551063
 10
5297.268780198187
 20
286.1437661305764
 10
5319.542643805568
 20
308.4176297376626
 42
-0.4142134867146165
 10
5323.785284492689
 20
308.4176297376626
 10
5473.922369482527
 20
158.2805447478687
 42
0.1989123807439455
 10
5476.043689826103
 20
157.4018650914378
 10
5668.369591633914
 20
157.4018650914379
 42
-0.4142135054569249
 10
5671.369591633914
 20
154.4018650914379
 10
5671.369591633914
 20
122.9018650914378
 42
0.4142135526233813
 10
5674.369591633914
 20
119.9018650914378
 10
5708.369591633914
 20
119.9018650914378
 42
0.4142135235505046
 10
5711.369591633914
 20
122.9018650914379
 10
5711.369591633914
 20
154.4018650914379
 42
-0.4142135345297107
 10
5714.369591633914
 20
157.4018650914379
 10
5988.369591633914
 20
157.4018650914379
 42
-0.4142135198667595
 10
5991.369591633914
 20
154.4018650914379
 10
5991.369591633914
 20
122.9018650914379
 42
0.4142135387695828
 10
5994.369591633914
 20
119.9018650914379
 10
6028.369591633914
 20
119.9018650914379
 42
0.4142135379603417
 10
6031.369591633914
 20
122.9018650914379
 10
6031.369591633914
 20
154.4018650914379
 42
-0.4142135201198722
 10
6034.369591633914
 20
157.4018650914379
 10
6308.369591633914
 20
157.401865091438
 42
-0.4142135342753465
 10
6311.369591633914
 20
154.401865091438
 10
6311.369591633914
 20
122.901865091438
 42
0.4142135238039197
 10
6314.369591633914
 20
119.901865091438
 10
6348.369591633914
 20
119.901865091438
 42
0.4142135523700286
 10
6351.369591633914
 20
122.901865091438
 10
6351.369591633914
 20
154.401865091438
 42
-0.4142135057110725
 10
6354.369591633914
 20
157.401865091438
 10
6461.369591633914
 20
157.401865091438
 42
0.4142135591784611
 10
6464.369591633914
 20
160.401865091438
 10
6464.369591633914
 20
194.401865091438
 42
0.4142135798721095
 10
6461.369591633914
 20
197.401865091438
 10
6354.369591633914
 20
197.401865091438
 42
-0.414213590981024
 10
6351.369591633914
 20
200.401865091438
 10
6351.369591633914
 20
231.901865091438
 42
0.4142135730638261
 10
6348.369591633914
 20
234.901865091438
 10
6314.369591633914
 20
234.901865091438
 42
0.4142135974796133
 10
6311.369591633914
 20
231.901865091438
 10
6311.369591633914
 20
200.401865091438
 42
-0.41421356656405
 10
6308.369591633914
 20
197.401865091438
 10
6034.369591633914
 20
197.4018650914379
 42
-0.4142135524086626
 10
6031.369591633914
 20
200.401865091438
 10
6031.369591633914
 20
231.901865091438
 42
0.4142136116351556
 10
6028.369591633914
 20
234.9018650914379
 10
5994.369591633914
 20
234.9018650914379
 42
0.4142136124463809
 10
5991.369591633914
 20
231.9018650914379
 10
5991.369591633914
 20
200.401865091438
 42
-0.4142135521553085
 10
5988.369591633914
 20
197.4018650914379
 10
5714.369591633914
 20
197.4018650914378
 42
-0.4142135668183505
 10
5711.369591633914
 20
200.4018650914378
 10
5711.369591633914
 20
231.9018650914378
 42
0.4142135972265031
 10
5708.369591633914
 20
234.9018650914378
 10
5674.369591633914
 20
234.9018650914378
 42
0.4142135733168779
 10
5671.369591633914
 20
231.9018650914378
 10
5671.369591633914
 20
200.4018650914378
 42
-0.4142135907268762
  0
CIRCLE
  5
1A8
330
1F
100
AcDbEntity
  8
0
 62
     2
100
AcDbCircle
 10
6331.369591633914
 20
139.901865091438
 30
0.0
 40
9.0
  0
CIRCLE
  5
1A9
330
1F
100
AcDbEntity
  8
0
 62
     2
100
AcDbCircle
 10
6331.369591633914
 20
214.901865091438
 30
0.0
 40
9.0
  0
CIRCLE
  5
1AA
330
1F
100
AcDbEntity
  8
0
 62
     2
100
AcDbCircle
 10
5691.369591633914
 20
139.9018650914378
 30
0.0
 40
9.0
  0
CIRCLE
  5
1AB
330
1F
100
AcDbEntity
  8
0
 62
     2
100
AcDbCircle
 10
5691.369591633914
 20
214.9018650914378
 30
0.0
 40
9.0
  0
CIRCLE
  5
1AC
330
1F
100
AcDbEntity
  8
0
 62
     2
100
AcDbCircle
 10
5348.180468443612
 20
365.3397256231775
 30
0.0
 40
9.000000000000909
  0
CIRCLE
  5
1AD
330
1F
100
AcDbEntity
  8
0
 62
     2
100
AcDbCircle
 10
5295.14745985464
 20
312.306717034685
 30
0.0
 40
9.000000000000909
  0
CIRCLE
  5
1AE
330
1F
100
AcDbEntity
  8
0
 62
     2
100
AcDbCircle
 10
6011.369591633914
 20
214.901865091438
 30
0.0
 40
9.0
  0
CIRCLE
  5
1AF
330
1F
100
AcDbEntity
  8
0
 62
     2
100
AcDbCircle
 10
6011.369591633914
 20
139.9018650914379
 30
0.0
 40
9.0
  0
MTEXT
  5
1B0
330
1F
100
AcDbEntity
  8
Texto
 62
     2
100
AcDbMText
 10
5802.108782298259
 20
190.5365897307867
 30
0.0
 40
10.0
 41
171.2194965930175
 71
     1
 72
     5
  1
13659317 \PPOS.13
 73
     1
 44
1.0
1001
ACAD
1000
MTEXTBEGIN
1070
    73
1070
     1
1070
    44
1040
1.0
1070
    74
1070
     0
1000
MTEXTEND
  0
LWPOLYLINE
  5
1B1
330
1F
100
AcDbEntity
  8
12884379v00
 62
     2
100
AcDbPolyline
 90
       12
 70
     1
 43
0.0
 10
7652.000000633913
 20
1425.0000001
 42
0.414213533155498
 10
7655.000000633911
 20
1422.0000001
 10
7729.000000633921
 20
1422.0000001
 42
0.4142135189660461
 10
7732.000000633913
 20
1425.0000001
 10
7732.000000633913
 20
1839.0000001
 42
0.4142135275620832
 10
7729.000000633921
 20
1842.0000001
 10
7590.000000633913
 20
1842.0000001
 42
0.4142135315236026
 10
7587.000000633913
 20
1839.0000001
 10
7587.000000633913
 20
1783.477204592345
 42
0.2328516709758166
 10
7588.170868351745
 20
1781.099332625045
 10
7650.829132916086
 20
1732.900667574955
 42
-0.2328517908855461
 10
7652.000000633913
 20
1730.522795607656
  0
CIRCLE
  5
1B2
330
1F
100
AcDbEntity
  8
12884379v00
 62
     2
100
AcDbCircle
 10
7647.000000633912
 20
1812.0000001
 30
0.0
 40
6.499999999999886
  0
CIRCLE
  5
1B3
330
1F
100
AcDbEntity
  8
12884379v00
 62
     2
100
AcDbCircle
 10
7607.000000633921
 20
1812.0000001
 30
0.0
 40
6.5
  0
CIRCLE
  5
1B4
330
1F
100
AcDbEntity
  8
12884379v00
 62
     2
100
AcDbCircle
 10
7672.000000633921
 20
1587.0000001
 30
0.0
 40
8.999999999999943
  0
CIRCLE
  5
1B5
330
1F
100
AcDbEntity
  8
12884379v00
 62
     2
100
AcDbCircle
 10
7712.000000633913
 20
1587.0000001
 30
0.0
 40
8.999999999999943
  0
CIRCLE
  5
1B6
330
1F
100
AcDbEntity
  8
12884379v00
 62
     2
100
AcDbCircle
 10
7692.000000633912
 20
1447.0000001
 30
0.0
 40
8.999999999999943
  0
MTEXT
  5
1B7
330
1F
100
AcDbEntity
  8
Texto
 62
     2
100
AcDbMText
 10
7674.485623035263
 20
1642.329250255162
 30
0.0
 40
10.0
 41
108.2632510221122
 71
     1
 72
     5
  1
12884379 pos.4
 11
0.0000000000000001
 21
1.0
 31
0.0
 73
     1
 44
1.0
1001
ACAD
1000
MTEXTBEGIN
1070
    73
1070
     1
1070
    44
1040
1.0
1070
    74
1070
     0
1000
MTEXTEND
  0
LWPOLYLINE
  5
1B8
330
1F
100
AcDbEntity
  8
12884379v00
 62
     2
100
AcDbPolyline
 90
       12
 70
     1
 43
0.0
 10
7035.529386407943
 20
1762.0000001
 42
0.4142135537530818
 10
7038.529386407943
 20
1765.0000001
 10
7038.529386407943
 20
1839.0000001
 42
0.4142135218485069
 10
7035.529386407943
 20
1842.0000001
 10
6621.529386407942
 20
1842.0000001
 42
0.4142135280755399
 10
6618.529386407942
 20
1839.0000001
 10
6618.529386407942
 20
1700.0000001
 42
0.4142135521201429
 10
6621.529386407942
 20
1697.0000001
 10
6677.052181915598
 20
1697.0000001
 42
0.2328517869623943
 10
6679.430053882899
 20
1698.170867817817
 10
6727.628718932989
 20
1760.829132382168
 42
-0.2328517944687794
 10
6730.006590900288
 20
1762.0000001
  0
CIRCLE
  5
1B9
330
1F
100
AcDbEntity
  8
12884379v00
 62
     2
100
AcDbCircle
 10
6648.529386407943
 20
1757.000000100007
 30
0.0
 40
6.499999999999886
  0
CIRCLE
  5
1BA
330
1F
100
AcDbEntity
  8
12884379v00
 62
     2
100
AcDbCircle
 10
6648.529386407943
 20
1717.0000001
 30
0.0
 40
6.5
  0
CIRCLE
  5
1BB
330
1F
100
AcDbEntity
  8
12884379v00
 62
     2
100
AcDbCircle
 10
6873.529386407944
 20
1782.0000001
 30
0.0
 40
8.999999999999943
  0
CIRCLE
  5
1BC
330
1F
100
AcDbEntity
  8
12884379v00
 62
     2
100
AcDbCircle
 10
6873.529386407944
 20
1822.0000001
 30
0.0
 40
8.999999999999943
  0
CIRCLE
  5
1BD
330
1F
100
AcDbEntity
  8
12884379v00
 62
     2
100
AcDbCircle
 10
7013.529386407943
 20
1802.0000001
 30
0.0
 40
8.999999999999943
  0
MTEXT
  5
1BE
330
1F
100
AcDbEntity
  8
Texto
 62
     2
100
AcDbMText
 10
6818.200136252781
 20
1784.485622501349
 30
0.0
 40
10.0
 41
108.2632510221122
 71
     1
 72
     5
  1
12884379 pos.4
 11
-1.0
 21
0.0000000000000001
 31
0.0
 73
     1
 44
1.0
1001
ACAD
1000
MTEXTBEGIN
1070
    73
1070
     1
1070
    44
1040
1.0
1070
    74
1070
     0
1000
MTEXTEND
  0
LWPOLYLINE
  5
1BF
330
1F
100
AcDbEntity
  8
12884379v00
 62
     2
100
AcDbPolyline
 90
       12
 70
     1
 43
0.0
 10
7119.430053407943
 20
1698.1708681
 10
7167.628718458004
 20
1760.829132665281
 42
-0.2328518000120386
 10
7170.006590425335
 20
1762.000000383106
 10
7475.52938593299
 20
1762.000000383106
 42
0.4142135737257286
 10
7478.52938593299
 20
1765.000000383107
 10
7478.52938593299
 20
1839.000000383106
 42
0.414213594447407
 10
7475.52938593299
 20
1842.000000383107
 10
7061.529385932961
 20
1842.000000383106
 42
0.4142135871280167
 10
7058.529385932961
 20
1839.000000383106
 10
7058.529385932989
 20
1700.000000383106
 42
0.4142135320594134
 10
7061.529385932989
 20
1697.000000383106
 10
7117.052181440616
 20
1697.000000383107
 42
0.2328517902666989
  0
CIRCLE
  5
1C0
330
1F
100
AcDbEntity
  8
12884379v00
 62
     2
100
AcDbCircle
 10
7088.529385932989
 20
1757.000000383099
 30
0.0
 40
6.499999999999886
  0
CIRCLE
  5
1C1
330
1F
100
AcDbEntity
  8
12884379v00
 62
     2
100
AcDbCircle
 10
7088.529385932962
 20
1717.000000383106
 30
0.0
 40
6.5
  0
CIRCLE
  5
1C2
330
1F
100
AcDbEntity
  8
12884379v00
 62
     2
100
AcDbCircle
 10
7453.52938593299
 20
1802.000000383107
 30
0.0
 40
8.999999999999886
  0
MTEXT
  5
1C3
330
1F
100
AcDbEntity
  8
Texto
 62
     2
100
AcDbMText
 10
7324.460339575896
 20
1790.594896286128
 30
0.0
 40
10.0
 41
108.2632510221122
 71
     1
 72
     5
  1
12884379 pos.5
 11
-1.0
 21
0.0000000000000001
 31
0.0
 73
     1
 44
1.0
1001
ACAD
1000
MTEXTBEGIN
1070
    73
1070
     1
1070
    44
1040
1.0
1070
    74
1070
     0
1000
MTEXTEND
  0
LWPOLYLINE
  5
1C4
330
1F
100
AcDbEntity
  8
12884379v00
 62
     2
100
AcDbPolyline
 90
       20
 70
     1
 43
0.0
 10
7512.000000633912
 20
166.9018650914379
 10
7512.000000633912
 20
122.9018650914379
 42
0.4142135738113076
 10
7515.000000633913
 20
119.9018650914379
 10
7640.757359946758
 20
119.901865091438
 42
0.1989123887288003
 10
7642.878680290329
 20
120.7805447478898
 10
7731.121320977488
 20
209.0231854349848
 42
0.1989123275300176
 10
7732.000000633913
 20
211.1445057785612
 10
7732.000000633913
 20
396.9018650914368
 42
0.41421356049173
 10
7729.000000633913
 20
399.9018650914368
 10
7695.000000633912
 20
399.9018650914368
 42
0.4142135514553907
 10
7692.000000633912
 20
396.9018650914368
 10
7692.000000633912
 20
322.9018650914368
 42
-0.4142135040957763
 10
7689.000000633898
 20
319.9018650914368
 10
7685.000000633897
 20
319.9018650914368
 42
0.4142135368285281
 10
7682.000000633912
 20
316.9018650914368
 10
7682.000000633912
 20
231.1445057785612
 42
-0.1989123187072932
 10
7681.121320977482
 20
229.0231854349848
 10
7622.878680290329
 20
170.7805447478911
 42
-0.198912371765175
 10
7620.757359946752
 20
169.9018650914375
 10
7515.000000633913
 20
169.9018650914375
 42
0.4142135841071874
  0
CIRCLE
  5
1C5
330
1F
100
AcDbEntity
  8
12884379v00
 62
     2
100
AcDbCircle
 10
7617.000000633912
 20
144.901865091437
 30
0.0
 40
9.000000000000113
  0
CIRCLE
  5
1C6
330
1F
100
AcDbEntity
  8
12884379v00
 62
     2
100
AcDbCircle
 10
7532.000000633913
 20
144.901865091437
 30
0.0
 40
9.000000000000113
  0
MTEXT
  5
1C7
330
1F
100
AcDbEntity
  8
Texto
 62
     2
100
AcDbMText
 10
7704.187609697365
 20
221.2566776343745
 30
0.0
 40
10.0
 41
108.2632510221122
 71
     1
 72
     5
  1
12884379 pos.24
 11
0.0000000000000001
 21
1.0
 31
0.0
 73
     1
 44
1.0
1001
ACAD
1000
MTEXTBEGIN
1070
    73
1070
     1
1070
    44
1040
1.0
1070
    74
1070
     0
1000
MTEXTEND
  0
LWPOLYLINE
  5
1C8
330
1F
100
AcDbEntity
  8
10388739v0
 62
     4
100
AcDbPolyline
 90
       11
 70
     1
 43
0.0
 10
5358.000000633911
 20
132.2948481
 10
5358.000000633911
 20
209.2948481
 42
0.4142135824542445
 10
5355.000000633897
 20
212.2948481
 10
5271.000000633898
 20
212.2948481
 42
0.4142135494844955
 10
5268.000000633898
 20
209.2948481
 10
5268.000000633898
 20
75.29484809999999
 42
0.4142135549711626
 10
5271.000000633898
 20
72.29484810000181
 10
5500.000000633898
 20
72.29484810000186
 42
0.4142135771088147
 10
5503.000000633912
 20
75.29484810000003
 10
5503.000000633912
 20
129.2948481000018
 42
0.4142135746085086
 10
5500.000000633898
 20
132.2948481
  0
CIRCLE
  5
1C9
330
1F
100
AcDbEntity
  8
10388739v0
 62
     4
100
AcDbCircle
 10
5403.000000633912
 20
102.2948481000018
 30
0.0
 40
9.000000000000568
  0
CIRCLE
  5
1CA
330
1F
100
AcDbEntity
  8
10388739v0
 62
     4
100
AcDbCircle
 10
5483.000000633911
 20
102.2948481000018
 30
0.0
 40
9.000000000000568
  0
MTEXT
  5
1CB
330
1F
100
AcDbEntity
  8
Texto
 62
     4
100
AcDbMText
 10
5439.28487101351
 20
76.74633616105227
 30
0.0
 40
10.0
 41
109.098120831648
 71
     1
 72
     5
  1
10388739 pos.15
 11
-1.0
 21
0.0000000000000001
 31
0.0
 73
     1
 44
1.0
1001
ACAD
1000
MTEXTBEGIN
1070
    73
1070
     1
1070
    44
1040
1.0
1070
    74
1070
     0
1000
MTEXTEND
  0
LWPOLYLINE
  5
1CC
330
1F
100
AcDbEntity
  8
12884379v00
 62
     2
100
AcDbPolyline
 90
       12
 70
     1
 43
0.0
 10
7244.11254900823
 20
1598.1708681
 10
7292.311214058293
 20
1660.829132665274
 42
-0.2328517749087873
 10
7294.689086025623
 20
1662.000000382175
 10
7600.211881533276
 20
1662.000000382175
 42
0.4142135802894513
 10
7603.211881533276
 20
1665.000000382168
 10
7603.211881533276
 20
1739.000000382168
 42
0.4142135905232027
 10
7600.211881533276
 20
1742.000000382175
 10
7186.21188153325
 20
1742.000000382175
 42
0.4142135805416289
 10
7183.211881533249
 20
1739.000000382168
 10
7183.211881533278
 20
1600.000000382168
 42
0.4142135674734322
 10
7186.211881533278
 20
1597.000000382175
 10
7241.734677040902
 20
1597.000000382175
 42
0.232851781553942
  0
CIRCLE
  5
1CD
330
1F
100
AcDbEntity
  8
12884379v00
 62
     2
100
AcDbCircle
 10
7213.211881533277
 20
1657.000000382168
 30
0.0
 40
6.499999999999886
  0
CIRCLE
  5
1CE
330
1F
100
AcDbEntity
  8
12884379v00
 62
     2
100
AcDbCircle
 10
7213.211881533249
 20
1617.000000382168
 30
0.0
 40
6.5
  0
CIRCLE
  5
1CF
330
1F
100
AcDbEntity
  8
12884379v00
 62
     2
100
AcDbCircle
 10
7578.211881533277
 20
1702.000000382168
 30
0.0
 40
8.999999999999886
  0
MTEXT
  5
1D0
330
1F
100
AcDbEntity
  8
Texto
 62
     2
100
AcDbMText
 10
7449.142835176181
 20
1690.59489628612
 30
0.0
 40
10.0
 41
108.2632510221122
 71
     1
 72
     5
  1
12884379 pos.5
 11
-1.0
 21
0.0000000000000001
 31
0.0
 73
     1
 44
1.0
1001
ACAD
1000
MTEXTBEGIN
1070
    73
1070
     1
1070
    44
1040
1.0
1070
    74
1070
     0
1000
MTEXTEND
  0
LWPOLYLINE
  5
1D1
330
1F
100
AcDbEntity
  8
13660947v0
 62
     2
100
AcDbPolyline
 90
       12
 70
     1
 43
0.0
 10
6025.547250988029
 20
1802.0000001
 10
6254.547250988029
 20
1802.0000001
 42
0.4142135675709957
 10
6257.547250988029
 20
1805.000000099992
 10
6257.547250988029
 20
1839.000000099992
 42
0.4142135601367502
 10
6254.547250988029
 20
1842.0000001
 10
5985.547250988028
 20
1842.0000001
 42
0.4142135501694514
 10
5982.547250988028
 20
1839.000000099992
 10
5982.547250988028
 20
1755.0000001
 42
0.4142135690748047
 10
5985.547250988028
 20
1752.0000001
 10
6019.547250988028
 20
1752.0000001
 42
0.4142135565170685
 10
6022.547250988028
 20
1755.0000001
 10
6022.547250988028
 20
1799.0000001
 42
-0.4142135530320671
  0
CIRCLE
  5
1D2
330
1F
100
AcDbEntity
  8
13660947v0
 62
     2
100
AcDbCircle
 10
6112.547250988028
 20
1822.0000001
 30
0.0
 40
9.000000000000113
  0
CIRCLE
  5
1D3
330
1F
100
AcDbEntity
  8
13660947v0
 62
     2
100
AcDbCircle
 10
6002.547250988028
 20
1822.0000001
 30
0.0
 40
9.000000000000056
  0
CIRCLE
  5
1D4
330
1F
100
AcDbEntity
  8
13660947v0
 62
     2
100
AcDbCircle
 10
6002.547250988028
 20
1772.0000001
 30
0.0
 40
9.000000000000056
  0
CIRCLE
  5
1D5
330
1F
100
AcDbEntity
  8
13660947v0
 62
     2
100
AcDbCircle
 10
6237.547250988028
 20
1822.0000001
 30
0.0
 40
9.0
  0
MTEXT
  5
1D6
330
1F
100
AcDbEntity
  8
Texto
 62
     2
100
AcDbMText
 10
6143.198329003741
 20
1833.003865645623
 30
0.0
 40
10.0
 41
116.7759341577257
 71
     1
 72
     5
  1
13660947\P POS.36
 73
     1
 44
1.0
1001
ACAD
1000
MTEXTBEGIN
1070
    73
1070
     1
1070
    44
1040
1.0
1070
    74
1070
     0
1000
MTEXTEND
  0
LWPOLYLINE
  5
1D7
330
1F
100
AcDbEntity
  8
5905257
 62
     2
100
AcDbPolyline
 90
       13
 70
     1
 43
0.0
 10
6699.369591633914
 20
374.401865091438
 42
0.4142135863356882
 10
6696.369591633914
 20
377.401865091438
 10
6586.1348016809
 20
377.4018650914379
 42
0.2723753559164164
 10
6583.512329852537
 20
375.8587938857102
 10
6484.747119805551
 20
198.0814158006407
 42
0.1274582175106249
 10
6484.369591633914
 20
196.6244870072998
 10
6484.369591633914
 20
122.9018650914378
 42
0.414213551675992
 10
6487.369591633914
 20
119.9018650914378
 10
6762.869591633914
 20
119.9018650914379
 42
0.4142135503607392
 10
6765.869591633914
 20
122.9018650914379
 10
6765.869591633914
 20
248.4018650914379
 42
0.414213582961272
 10
6762.869591633914
 20
251.4018650914379
 10
6699.369591633914
 20
251.4018650914379
  0
MTEXT
  5
1D8
330
1F
100
AcDbEntity
  8
Texto
 62
     2
100
AcDbMText
 10
6579.85958469401
 20
134.2255967364483
 30
0.0
 40
10.0
 41
209.2025446627194
 71
     1
 72
     5
  1
5905257 pos.7
 73
     1
 44
1.0
1001
ACAD
1000
MTEXTBEGIN
1070
    73
1070
     1
1070
    44
1040
1.0
1070
    74
1070
     0
1000
MTEXTEND
  0
LWPOLYLINE
  5
1D9
330
1F
100
AcDbEntity
  8
5905257
 62
     2
100
AcDbPolyline
 90
       13
 70
     1
 43
0.0
 10
6803.388260016236
 20
1487.5000001
 42
0.4142135559789489
 10
6806.388260016236
 20
1484.500000099992
 10
6916.623049969249
 20
1484.500000099992
 42
0.2723753508703407
 10
6919.24552179761
 20
1486.043071306652
 10
7018.010731844596
 20
1663.820449390797
 42
0.1274581993190311
 10
7018.388260016234
 20
1665.277378185062
 10
7018.388260016234
 20
1739.0000001
 42
0.4142135563335961
 10
7015.388260016234
 20
1742.0000001
 10
6739.888260016233
 20
1742.0000001
 42
0.4142135550168116
 10
6736.888260016233
 20
1739.0000001
 10
6736.888260016233
 20
1613.5000001
 42
0.4142136056609668
 10
6739.888260016233
 20
1610.500000099992
 10
6803.388260016236
 20
1610.500000099992
  0
MTEXT
  5
1DA
330
1F
100
AcDbEntity
  8
Texto
 62
     2
100
AcDbMText
 10
6922.898266956138
 20
1727.676268454982
 30
0.0
 40
10.0
 41
209.2025446627194
 71
     1
 72
     5
  1
5905257 pos.7
 11
-1.0
 21
0.0000000000000001
 31
0.0
 73
     1
 44
1.0
1001
ACAD
1000
MTEXTBEGIN
1070
    73
1070
     1
1070
    44
1040
1.0
1070
    74
1070
     0
1000
MTEXTEND
  0
LWPOLYLINE
  5
1DB
330
1F
100
AcDbEntity
  8
5905257
 62
     2
100
AcDbPolyline
 90
       11
 70
     1
 43
0.0
 10
7517.500000633912
 20
1448.7878341
 42
0.3377962752090087
 10
7519.706316534111
 20
1445.894727543035
 10
7628.206316534111
 20
1416.129240817373
 42
0.4949959056755411
 10
7632.000000633913
 20
1419.022347374336
 10
7632.000000633913
 20
1639.000000046665
 42
0.4142135872179215
 10
7629.000000633898
 20
1642.000000046665
 10
7384.500000633912
 20
1642.000000046665
 42
0.4142135746051538
 10
7381.500000633898
 20
1639.000000046665
 10
7381.500000633898
 20
1523.500000046665
 42
0.4142135734626958
 10
7384.500000633912
 20
1520.500000046665
 10
7517.500000633912
 20
1520.500000046665
  0
MTEXT
  5
1DC
330
1F
100
AcDbEntity
  8
Texto
 62
     2
100
AcDbMText
 10
7617.003686893404
 20
1574.177931386901
 30
0.0
 40
10.0
 41
209.2025446627194
 71
     3
 72
     5
  1
5905257 pos.9
 11
0.0000000000000001
 21
1.0
 31
0.0
 73
     1
 44
1.0
1001
ACAD
1000
MTEXTBEGIN
1070
    73
1070
     1
1070
    44
1040
1.0
1070
    74
1070
     0
1000
MTEXTEND
  0
LWPOLYLINE
  5
1DD
330
1F
100
AcDbEntity
  8
5905257
 62
     2
100
AcDbPolyline
 90
       13
 70
     1
 43
0.0
 10
7163.211882008233
 20
1674.0000001
 42
0.4142135609946646
 10
7160.211882008232
 20
1677.0000001
 10
7049.977092055248
 20
1677.0000001
 42
0.2723753447589545
 10
7047.354620226883
 20
1675.456928893341
 10
6948.589410179869
 20
1497.679550808271
 42
0.1274581502502477
 10
6948.211882008232
 20
1496.222622014931
 10
6948.211882008232
 20
1422.5000001
 42
0.414213577020554
 10
6951.211882008232
 20
1419.5000001
 10
7226.71188200823
 20
1419.5000001
 42
0.4142135734901778
 10
7229.71188200823
 20
1422.5000001
 10
7229.71188200823
 20
1548.0000001
 42
0.4142135576199462
 10
7226.71188200823
 20
1551.0000001
 10
7163.211882008233
 20
1551.0000001
  0
MTEXT
  5
1DE
330
1F
100
AcDbEntity
  8
Texto
 62
     2
100
AcDbMText
 10
7043.701875068356
 20
1433.82373174501
 30
0.0
 40
10.0
 41
209.2025446627194
 71
     1
 72
     5
  1
5905257 pos.7
 73
     1
 44
1.0
1001
ACAD
1000
MTEXTBEGIN
1070
    73
1070
     1
1070
    44
1040
1.0
1070
    74
1070
     0
1000
MTEXTEND
  0
LWPOLYLINE
  5
1DF
330
1F
100
AcDbEntity
  8
5905257
 62
     2
100
AcDbPolyline
 90
       13
 70
     1
 43
0.0
 10
6716.888260016235
 20
1674.0000001
 42
0.4142135852276714
 10
6713.888260016235
 20
1677.0000001
 10
6603.653470063251
 20
1677.0000001
 42
0.2723753611955017
 10
6601.030998234886
 20
1675.456928894272
 10
6502.265788187873
 20
1497.679550809203
 42
0.1274581847594594
 10
6501.888260016236
 20
1496.222622015862
 10
6501.888260016236
 20
1422.5000001
 42
0.4142136057654342
 10
6504.888260016236
 20
1419.5000001
 10
6780.388260016235
 20
1419.5000001
 42
0.4142136022352795
 10
6783.388260016235
 20
1422.5000001
 10
6783.388260016235
 20
1548.0000001
 42
0.4142135288743393
 10
6780.388260016235
 20
1551.0000001
 10
6716.888260016235
 20
1551.0000001
  0
MTEXT
  5
1E0
330
1F
100
AcDbEntity
  8
Texto
 62
     2
100
AcDbMText
 10
6597.378253076358
 20
1433.82373174501
 30
0.0
 40
10.0
 41
209.2025446627194
 71
     1
 72
     5
  1
5905257 pos.7
 73
     1
 44
1.0
1001
ACAD
1000
MTEXTBEGIN
1070
    73
1070
     1
1070
    44
1040
1.0
1070
    74
1070
     0
1000
MTEXTEND
  0
LWPOLYLINE
  5
1E1
330
1F
100
AcDbEntity
  8
10388737v0
 62
     2
100
AcDbPolyline
 90
       15
 70
     1
 43
0.0
 10
6021.000000633912
 20
1322.4631561
 10
6145.000000633912
 20
1322.4631561
 42
0.4142135892120564
 10
6148.000000633913
 20
1325.4631561
 10
6148.000000633913
 20
1399.4631561
 42
0.4142135207351739
 10
6145.000000633912
 20
1402.4631561
 10
5888.000000633912
 20
1402.4631561
 10
5752.488417448974
 20
1479.898346490802
 42
0.5758670028784866
 10
5748.000000633912
 20
1477.293617064709
 10
5748.000000633912
 20
1325.4631561
 42
0.4142135635020118
 10
5751.000000633912
 20
1322.4631561
 10
5975.000000633912
 20
1322.4631561
 42
0.4142135567053362
 10
5978.000000633912
 20
1325.4631561
 10
5978.000000633912
 20
1342.4631561
 10
6018.000000633913
 20
1342.4631561
 10
6018.000000633913
 20
1325.4631561
 42
0.4142135430403055
  0
CIRCLE
  5
1E2
330
1F
100
AcDbEntity
  8
10388737v0
 62
     2
100
AcDbCircle
 10
6123.000000633912
 20
1362.4631561
 30
0.0
 40
8.999999999999886
  0
CIRCLE
  5
1E3
330
1F
100
AcDbEntity
  8
10388737v0
 62
     2
100
AcDbCircle
 10
5778.000000633912
 20
1342.4631561
 30
0.0
 40
6.999999999999886
  0
CIRCLE
  5
1E4
330
1F
100
AcDbEntity
  8
10388737v0
 62
     2
100
AcDbCircle
 10
5778.000000633912
 20
1382.463156100008
 30
0.0
 40
6.999999999999886
  0
MTEXT
  5
1E5
330
1F
100
AcDbEntity
  8
Texto
 62
     2
100
AcDbMText
 10
6036.326156551893
 20
1363.06552155746
 30
0.0
 40
15.0
 41
206.3204146087337
 71
     1
 72
     5
  1
10388737 pos.5
 11
-1.0
 21
0.0000000000000001
 31
0.0
 73
     1
 44
1.0
1001
ACAD
1000
MTEXTBEGIN
1070
    73
1070
     1
1070
    44
1040
1.0
1070
    74
1070
     0
1000
MTEXTEND
  0
LWPOLYLINE
  5
1E6
330
1F
100
AcDbEntity
  8
5905257
 62
     2
100
AcDbPolyline
 90
       13
 70
     1
 43
0.0
 10
7122.304373196533
 20
374.401865091438
 42
0.4142135549908833
 10
7119.304373196533
 20
377.4018650914452
 10
7009.06958324355
 20
377.4018650914452
 42
0.2723753466635569
 10
7006.447111415186
 20
375.8587938847862
 10
6907.68190136817
 20
198.0814158006407
 42
0.1274582678574427
 10
6907.304373196534
 20
196.6244870063757
 10
6907.304373196534
 20
122.9018650914378
 42
0.4142136104225273
 10
6910.304373196535
 20
119.9018650914378
 10
7185.804373196534
 20
119.9018650914379
 42
0.4142136068913432
 10
7188.804373196534
 20
122.9018650914379
 10
7188.804373196534
 20
248.4018650914379
 42
0.4142135516915685
 10
7185.804373196534
 20
251.4018650914452
 10
7122.304373196533
 20
251.4018650914452
  0
MTEXT
  5
1E7
330
1F
100
AcDbEntity
  8
Texto
 62
     2
100
AcDbMText
 10
7002.794366256657
 20
134.2255967364555
 30
0.0
 40
10.0
 41
209.2025446627194
 71
     1
 72
     5
  1
5905257 pos.7
 73
     1
 44
1.0
1001
ACAD
1000
MTEXTBEGIN
1070
    73
1070
     1
1070
    44
1040
1.0
1070
    74
1070
     0
1000
MTEXTEND
  0
LWPOLYLINE
  5
1E8
330
1F
100
AcDbEntity
  8
5905257
 62
     2
100
AcDbPolyline
 90
       12
 70
     1
 43
0.0
 10
7467.948164019654
 20
126.4018650914379
 10
7467.948164019763
 20
189.9018650914343
 10
7600.948164019763
 20
189.9018650912022
 42
0.4142135646280149
 10
7603.948164019778
 20
192.9018650911969
 10
7603.948164019971
 20
303.0519230876475
 42
0.2835365523289188
 10
7602.295190206039
 20
305.7325051985368
 10
7404.948164020146
 20
404.9018650915461
 10
7356.44816402014
 20
404.9018650916307
 42
0.4142135117369125
 10
7353.448164020133
 20
401.9018650916359
 10
7353.448164019653
 20
126.4018650916378
 42
0.414213527133158
 10
7356.44816401965
 20
123.4018650916325
 10
7464.948164019654
 20
123.4018650914432
 42
0.4142135661935822
  0
MTEXT
  5
1E9
330
1F
100
AcDbEntity
  8
Texto
 62
     2
100
AcDbMText
 10
7369.368074020613
 20
311.4864020147038
 30
0.0
 40
10.0
 41
209.2025446627194
 71
     1
 72
     5
  1
5905257 pos.6
 11
-0.0000000000018192
 21
-1.0
 31
0.0
 73
     1
 44
1.0
1001
ACAD
1000
MTEXTBEGIN
1070
    73
1070
     1
1070
    44
1040
1.0
1070
    74
1070
     0
1000
MTEXTEND
  0
LWPOLYLINE
  5
1EA
330
1F
100
AcDbEntity
  8
5905257
 62
     2
100
AcDbPolyline
 90
       12
 70
     1
 43
0.0
 10
6722.369591633913
 20
362.901865091438
 10
6785.869591633908
 20
362.901865091438
 10
6785.869591633908
 20
229.9018650914379
 42
0.4142135441791673
 10
6788.869591633909
 20
226.9018650914306
 10
6899.01964963036
 20
226.9018650914306
 42
0.2835365985320148
 10
6901.700231741246
 20
228.5548389044282
 10
7000.869591633911
 20
425.9018650914305
 10
7000.869591633911
 20
474.4018650914306
 42
0.4142135379513345
 10
6997.869591633911
 20
477.401865091438
 10
6722.369591633913
 20
477.401865091438
 42
0.4142135497049205
 10
6719.369591633913
 20
474.4018650914306
 10
6719.369591633913
 20
365.9018650914306
 42
0.4142135722339458
  0
MTEXT
  5
1EB
330
1F
100
AcDbEntity
  8
Texto
 62
     2
100
AcDbMText
 10
6907.454128557006
 20
461.4819550908007
 30
0.0
 40
10.0
 41
209.2025446627194
 71
     1
 72
     5
  1
5905257 pos.6
 11
-1.0
 21
0.0000000000000001
 31
0.0
 73
     1
 44
1.0
1001
ACAD
1000
MTEXTBEGIN
1070
    73
1070
     1
1070
    44
1040
1.0
1070
    74
1070
     0
1000
MTEXTEND
  0
LWPOLYLINE
  5
1EC
330
1F
100
AcDbEntity
  8
5905257
 62
     2
100
AcDbPolyline
 90
       11
 70
     1
 43
0.0
 10
7216.948164019655
 20
326.54686938892
 10
7216.948164019655
 20
203.5468693889272
 42
0.4142135293577471
 10
7219.948164019655
 20
200.54686938892
 10
7330.448164019651
 20
200.54686938892
 42
0.4142134933160175
 10
7333.448164019651
 20
203.5468693889272
 10
7333.448164019651
 20
455.0468693889274
 42
0.414213617562927
 10
7330.448164019651
 20
458.0468693889272
 10
7115.754860904567
 20
458.0468693889272
 42
0.5280036124009122
 10
7112.960488856136
 20
453.9553178075295
 10
7161.983926356136
 20
328.4553178075297
 42
0.3088974600354222
 10
7164.778298404569
 20
326.54686938892
  0
MTEXT
  5
1ED
330
1F
100
AcDbEntity
  8
Texto
 62
     2
100
AcDbMText
 10
7180.502954860982
 20
442.9769070280311
 30
0.0
 40
10.0
 41
209.2025446627194
 71
     3
 72
     5
  1
5905257 pos.10
 11
-1.0
 21
0.0000000000000001
 31
0.0
 73
     1
 44
1.0
1001
ACAD
1000
MTEXTBEGIN
1070
    73
1070
     1
1070
    44
1040
1.0
1070
    74
1070
     0
1000
MTEXTEND
  0
LWPOLYLINE
  5
1EE
330
1F
100
AcDbEntity
  8
5905257
 62
     2
100
AcDbPolyline
 90
       12
 70
     1
 43
0.0
 10
5531.327927633913
 20
507.5000001
 10
5531.327927633913
 20
444.0000001000036
 10
5398.327927633912
 20
444.0000001000036
 42
0.414213594610107
 10
5395.327927633912
 20
441.0000001000036
 10
5395.327927633912
 20
330.8499421035532
 42
0.2835366027441256
 10
5396.980901446918
 20
328.1693599926667
 10
5594.327927633913
 20
229.0000001000018
 10
5642.827927633914
 20
229.0000001000018
 42
0.4142135336529466
 10
5645.827927633913
 20
232.0000001000019
 10
5645.827927633913
 20
507.5000001
 42
0.4142135490502744
 10
5642.827927633914
 20
510.5000001
 10
5534.327927633913
 20
510.5000001
 42
0.4142135394650829
  0
MTEXT
  5
1EF
330
1F
100
AcDbEntity
  8
Texto
 62
     2
100
AcDbMText
 10
5629.908017633276
 20
322.4154631769063
 30
0.0
 40
10.0
 41
209.2025446627194
 71
     1
 72
     5
  1
5905257 pos.6
 11
0.0000000000000001
 21
1.0
 31
0.0
 73
     1
 44
1.0
1001
ACAD
1000
MTEXTBEGIN
1070
    73
1070
     1
1070
    44
1040
1.0
1070
    74
1070
     0
1000
MTEXTEND
  0
LWPOLYLINE
  5
1F0
330
1F
100
AcDbEntity
  8
12884379v00
 62
     2
100
AcDbPolyline
 90
       20
 70
     1
 43
0.0
 10
5862.827927633913
 20
267.4018650914379
 10
5777.070568321035
 20
267.4018650914379
 42
-0.198912382233858
 10
5774.949247977489
 20
268.2805447478542
 10
5716.706607290365
 20
326.5231854350143
 42
-0.1989123358841994
 10
5715.827927633913
 20
328.6445057785833
 10
5715.827927633913
 20
434.4018650914378
 42
0.4142135720002765
 10
5712.827927633913
 20
437.4018650914378
 10
5668.827927633913
 20
437.4018650914378
 42
0.4142135807683724
 10
5665.827927633912
 20
434.4018650914378
 10
5665.827927633912
 20
308.6445057785833
 42
0.1989124228974847
 10
5666.706607290365
 20
306.5231854350069
 10
5754.949247977489
 20
218.2805447478541
 42
0.1989123219695008
 10
5757.070568321037
 20
217.4018650914378
 10
5942.827927633913
 20
217.4018650914378
 42
0.4142135799767127
 10
5945.827927633914
 20
220.4018650914378
 10
5945.827927633914
 20
254.4018650914378
 42
0.4142135632770054
 10
5942.827927633913
 20
257.4018650914452
 10
5868.827927633914
 20
257.4018650914452
 42
-0.4142135598000007
 10
5865.827927633914
 20
260.4018650914379
 10
5865.827927633914
 20
264.4018650914379
 42
0.4142135214984661
  0
CIRCLE
  5
1F1
330
1F
100
AcDbEntity
  8
12884379v00
 62
     2
100
AcDbCircle
 10
5690.827927633914
 20
332.4018650914378
 30
0.0
 40
9.000000000000056
  0
CIRCLE
  5
1F2
330
1F
100
AcDbEntity
  8
12884379v00
 62
     2
100
AcDbCircle
 10
5690.827927633914
 20
417.401865091445
 30
0.0
 40
9.000000000000113
  0
MTEXT
  5
1F3
330
1F
100
AcDbEntity
  8
Texto
 62
     2
100
AcDbMText
 10
5750.569205442817
 20
254.3610480756334
 30
0.0
 40
10.0
 41
108.2632510221122
 71
     1
 72
     5
  1
12884379 pos.23
 73
     1
 44
1.0
1001
ACAD
1000
MTEXTBEGIN
1070
    73
1070
     1
1070
    44
1040
1.0
1070
    74
1070
     0
1000
MTEXTEND
  0
LWPOLYLINE
  5
1F4
330
1F
100
AcDbEntity
  8
5905257
 62
     2
100
AcDbPolyline
 90
       11
 70
     1
 43
0.0
 10
6350.388260016234
 20
1403.08334840378
 10
6227.388260016235
 20
1403.08334840378
 42
0.4142135734014718
 10
6224.388260016235
 20
1400.08334840378
 10
6224.388260016235
 20
1289.58334840378
 42
0.414213547012769
 10
6227.388260016235
 20
1286.583348403782
 10
6478.888260016235
 20
1286.583348403782
 42
0.4142135686556704
 10
6481.888260016228
 20
1289.58334840378
 10
6481.888260016228
 20
1504.276651518835
 42
0.5280036379749803
 10
6477.796708434837
 20
1507.071023567268
 10
6352.296708434837
 20
1458.047586067268
 42
0.3088974405450169
 10
6350.388260016234
 20
1455.253214018835
  0
MTEXT
  5
1F5
330
1F
100
AcDbEntity
  8
Texto
 62
     2
100
AcDbMText
 10
6466.818297655338
 20
1439.528557562423
 30
0.0
 40
10.0
 41
209.2025446627194
 71
     3
 72
     5
  1
5905257 pos.10
 11
0.0000000000000001
 21
1.0
 31
0.0
 73
     1
 44
1.0
1001
ACAD
1000
MTEXTBEGIN
1070
    73
1070
     1
1070
    44
1040
1.0
1070
    74
1070
     0
1000
MTEXTEND
  0
LWPOLYLINE
  5
1F6
330
1F
100
AcDbEntity
  8
10388737v0
 62
     2
100
AcDbPolyline
 90
       15
 70
     1
 43
0.0
 10
6636.80995556065
 20
1399.5000001
 10
6512.809955560651
 20
1399.5000001
 42
0.4142135847057571
 10
6509.809955560651
 20
1396.5000001
 10
6509.809955560651
 20
1322.5000001
 42
0.4142135692111494
 10
6512.809955560651
 20
1319.5000001
 10
6769.80995556065
 20
1319.5000001
 10
6905.321538745593
 20
1242.064809709197
 42
0.5758669653693036
 10
6909.809955560653
 20
1244.669539135291
 10
6909.809955560653
 20
1396.5000001
 42
0.4142135681721152
 10
6906.809955560651
 20
1399.5000001
 10
6682.809955560649
 20
1399.5000001
 42
0.4142135521995256
 10
6679.809955560651
 20
1396.5000001
 10
6679.809955560651
 20
1379.5000001
 10
6639.809955560654
 20
1379.5000001
 10
6639.809955560654
 20
1396.5000001
 42
0.4142135476970451
  0
CIRCLE
  5
1F7
330
1F
100
AcDbEntity
  8
10388737v0
 62
     2
100
AcDbCircle
 10
6534.809955560651
 20
1359.5000001
 30
0.0
 40
8.999999999999886
  0
CIRCLE
  5
1F8
330
1F
100
AcDbEntity
  8
10388737v0
 62
     2
100
AcDbCircle
 10
6879.809955560651
 20
1379.5000001
 30
0.0
 40
6.999999999999886
  0
CIRCLE
  5
1F9
330
1F
100
AcDbEntity
  8
10388737v0
 62
     2
100
AcDbCircle
 10
6879.809955560651
 20
1339.500000099993
 30
0.0
 40
6.999999999999886
  0
MTEXT
  5
1FA
330
1F
100
AcDbEntity
  8
Texto
 62
     2
100
AcDbMText
 10
6621.483799642641
 20
1358.89763464254
 30
0.0
 40
15.0
 41
206.3204146087337
 71
     1
 72
     5
  1
10388737 pos.5
 73
     1
 44
1.0
1001
ACAD
1000
MTEXTBEGIN
1070
    73
1070
     1
1070
    44
1040
1.0
1070
    74
1070
     0
1000
MTEXTEND
  0
LWPOLYLINE
  5
1FB
330
1F
100
AcDbEntity
  8
10388737v0
 62
     2
100
AcDbPolyline
 90
       15
 70
     1
 43
0.0
 10
7056.809955560651
 20
1399.5000001
 10
6932.809955560649
 20
1399.5000001
 42
0.4142135866391338
 10
6929.809955560651
 20
1396.5000001
 10
6929.809955560651
 20
1322.5000001
 42
0.4142135672776173
 10
6932.809955560649
 20
1319.5000001
 10
7189.809955560651
 20
1319.5000001
 10
7325.321538745594
 20
1242.064809708273
 42
0.5758669890974644
 10
7329.809955560652
 20
1244.669539135291
 10
7329.809955560652
 20
1396.5000001
 42
0.414213570103583
 10
7326.809955560651
 20
1399.5000001
 10
7102.80995556065
 20
1399.5000001
 42
0.4142135541298832
 10
7099.80995556065
 20
1396.5000001
 10
7099.80995556065
 20
1379.5000001
 10
7059.809955560654
 20
1379.5000001
 10
7059.809955560654
 20
1396.5000001
 42
0.4142135496294449
  0
CIRCLE
  5
1FC
330
1F
100
AcDbEntity
  8
10388737v0
 62
     2
100
AcDbCircle
 10
6954.809955560651
 20
1359.500000099992
 30
0.0
 40
8.999999999999886
  0
CIRCLE
  5
1FD
330
1F
100
AcDbEntity
  8
10388737v0
 62
     2
100
AcDbCircle
 10
7299.80995556065
 20
1379.5000001
 30
0.0
 40
6.999999999999886
  0
CIRCLE
  5
1FE
330
1F
100
AcDbEntity
  8
10388737v0
 62
     2
100
AcDbCircle
 10
7299.80995556065
 20
1339.5000001
 30
0.0
 40
6.999999999999886
  0
MTEXT
  5
1FF
330
1F
100
AcDbEntity
  8
Texto
 62
     2
100
AcDbMText
 10
7041.483799642641
 20
1358.897634641608
 30
0.0
 40
15.0
 41
206.3204146087337
 71
     1
 72
     5
  1
10388737 pos.5
 73
     1
 44
1.0
1001
ACAD
1000
MTEXTBEGIN
1070
    73
1070
     1
1070
    44
1040
1.0
1070
    74
1070
     0
1000
MTEXTEND
  0
LWPOLYLINE
  5
200
330
1F
100
AcDbEntity
  8
10388737v0
 62
     2
100
AcDbPolyline
 90
       15
 70
     1
 43
0.0
 10
5871.083668075634
 20
1298.401865091438
 10
5747.083668075634
 20
1298.401865091438
 42
0.4142135911475644
 10
5744.083668075634
 20
1295.401865091438
 10
5744.083668075634
 20
1221.401865091438
 42
0.414213571782984
 10
5747.083668075634
 20
1218.401865091438
 10
6004.083668075634
 20
1218.401865091438
 10
6139.595251260574
 20
1140.966674699711
 42
0.5758669946482931
 10
6144.083668075634
 20
1143.571404126728
 10
6144.083668075634
 20
1295.401865091438
 42
0.414213565435433
 10
6141.083668075633
 20
1298.401865091438
 10
5917.083668075633
 20
1298.401865091438
 42
0.4142135586388682
 10
5914.083668075633
 20
1295.401865091438
 10
5914.083668075633
 20
1278.401865091438
 10
5874.083668075634
 20
1278.401865091438
 10
5874.083668075634
 20
1295.401865091438
 42
0.4142135449705522
  0
CIRCLE
  5
201
330
1F
100
AcDbEntity
  8
10388737v0
 62
     2
100
AcDbCircle
 10
5769.083668075634
 20
1258.40186509143
 30
0.0
 40
8.999999999999886
  0
CIRCLE
  5
202
330
1F
100
AcDbEntity
  8
10388737v0
 62
     2
100
AcDbCircle
 10
6114.083668075633
 20
1278.401865091438
 30
0.0
 40
6.999999999999886
  0
CIRCLE
  5
203
330
1F
100
AcDbEntity
  8
10388737v0
 62
     2
100
AcDbCircle
 10
6114.083668075633
 20
1238.401865091438
 30
0.0
 40
6.999999999999886
  0
MTEXT
  5
204
330
1F
100
AcDbEntity
  8
Texto
 62
     2
100
AcDbMText
 10
5855.757512157654
 20
1257.799499633046
 30
0.0
 40
15.0
 41
206.3204146087337
 71
     1
 72
     5
  1
10388737 pos.5
 73
     1
 44
1.0
1001
ACAD
1000
MTEXTBEGIN
1070
    73
1070
     1
1070
    44
1040
1.0
1070
    74
1070
     0
1000
MTEXTEND
  0
LWPOLYLINE
  5
205
330
1F
100
AcDbEntity
  8
5905257
 62
     2
100
AcDbPolyline
 90
       27
 70
     1
 43
0.0
 10
5291.324301633912
 20
1219.12781249818
 10
5306.290036782693
 20
1205.860304387893
 10
5287.715525428293
 20
1184.9082751796
 10
5295.198393002682
 20
1178.274521124456
 10
5268.000001376593
 20
1147.594764069455
 10
5273.238008678667
 20
1142.951136230854
 42
0.4142135386592861
 10
5277.472995167528
 20
1143.205870286628
 10
5417.284243866842
 20
1300.912811293277
 42
0.1989122922103592
 10
5418.033971259041
 20
1303.083061688032
 10
5409.69205582162
 20
1441.768480334697
 42
0.1989123681701652
 10
5408.687594373646
 20
1443.833216428802
 10
5292.136425026172
 20
1547.158817824804
 42
0.4142135340165006
 10
5287.901438537312
 20
1546.90408376903
 10
5268.000176371881
 20
1524.455481045858
 10
5297.931646669442
 20
1497.920464825284
 10
5290.634517208785
 20
1489.689310493454
 10
5305.600252357566
 20
1476.421802383167
 10
5298.303122896907
 20
1468.190648051337
 10
5328.23459319447
 20
1441.655631830762
 10
5308.996706434554
 20
1419.955315865031
 10
5323.962441583335
 20
1406.687807754743
 10
5312.685059689592
 20
1393.966932878279
 10
5342.616529987153
 20
1367.431916657705
 10
5314.091387550035
 20
1335.255586087825
 10
5329.057122698817
 20
1321.988077977538
 10
5311.145986749927
 20
1301.784335526683
 10
5341.077457047489
 20
1275.249319306108
  0
CIRCLE
  5
206
330
1F
100
AcDbEntity
  8
5905257
 62
     2
100
AcDbCircle
 10
5385.629770281269
 20
1370.727543972883
 30
0.0
 40
9.0
  0
MTEXT
  5
207
330
1F
100
AcDbEntity
  8
Texto
 62
     2
100
AcDbMText
 10
5321.868967892104
 20
1217.512283056011
 30
0.0
 40
10.0
 41
209.2025446627194
 71
     1
 72
     5
  1
5905257 pos.2
 11
0.6633754055145534
 21
0.7482867574388859
 31
0.0
 73
     1
 44
1.0
1001
ACAD
1000
MTEXTBEGIN
1070
    73
1070
     1
1070
    44
1040
1.0
1070
    74
1070
     0
1000
MTEXTEND
  0
LWPOLYLINE
  5
208
330
1F
100
AcDbEntity
  8
10388737v0
 62
     2
100
AcDbPolyline
 90
       15
 70
     1
 43
0.0
 10
6291.083668075634
 20
1266.58334840378
 10
6167.083668075633
 20
1266.58334840378
 42
0.4142135822684688
 10
6164.083668075633
 20
1263.583348403788
 10
6164.083668075633
 20
1189.583348403788
 42
0.4142135652752468
 10
6167.083668075633
 20
1186.58334840378
 10
6424.083668075635
 20
1186.58334840378
 10
6559.595251260573
 20
1109.148158012992
 42
0.5758670111093294
 10
6564.083668075634
 20
1111.752887439085
 10
6564.083668075634
 20
1263.583348403788
 42
0.414213558792883
 10
6561.083668075633
 20
1266.58334840378
 10
6337.083668075634
 20
1266.58334840378
 42
0.4142135497601066
 10
6334.083668075634
 20
1263.583348403788
 10
6334.083668075634
 20
1246.583348403788
 10
6294.083668075634
 20
1246.583348403788
 10
6294.083668075634
 20
1263.583348403788
 42
0.4142135381662184
  0
CIRCLE
  5
209
330
1F
100
AcDbEntity
  8
10388737v0
 62
     2
100
AcDbCircle
 10
6189.083668075634
 20
1226.583348403788
 30
0.0
 40
8.999999999999886
  0
CIRCLE
  5
20A
330
1F
100
AcDbEntity
  8
10388737v0
 62
     2
100
AcDbCircle
 10
6534.083668075634
 20
1246.583348403788
 30
0.0
 40
6.999999999999886
  0
CIRCLE
  5
20B
330
1F
100
AcDbEntity
  8
10388737v0
 62
     2
100
AcDbCircle
 10
6534.083668075634
 20
1206.583348403788
 30
0.0
 40
6.999999999999886
  0
MTEXT
  5
20C
330
1F
100
AcDbEntity
  8
Texto
 62
     2
100
AcDbMText
 10
6275.757512157653
 20
1225.980982946342
 30
0.0
 40
15.0
 41
206.3204146087337
 71
     1
 72
     5
  1
10388737 pos.5
 73
     1
 44
1.0
1001
ACAD
1000
MTEXTBEGIN
1070
    73
1070
     1
1070
    44
1040
1.0
1070
    74
1070
     0
1000
MTEXTEND
  0
LWPOLYLINE
  5
20D
330
1F
100
AcDbEntity
  8
5905257
 62
     2
100
AcDbPolyline
 90
       12
 70
     1
 43
0.0
 10
7464.309955560651
 20
1204.425581234466
 10
7464.309955560762
 20
1267.925581234466
 10
7597.309955560762
 20
1267.925581234234
 42
0.4142135414810887
 10
7600.309955560774
 20
1270.925581234229
 10
7600.309955560966
 20
1381.075639230706
 42
0.2835365565960026
 10
7598.656981747033
 20
1383.756221341596
 10
7401.309955561143
 20
1482.925581234576
 10
7352.809955561136
 20
1482.925581234661
 42
0.4142135350013893
 10
7349.809955561132
 20
1479.925581234666
 10
7349.80995556065
 20
1204.425581234666
 42
0.4142135568494725
 10
7352.809955560646
 20
1201.425581234661
 10
7461.309955560654
 20
1201.425581234471
 42
0.4142135959076178
  0
MTEXT
  5
20E
330
1F
100
AcDbEntity
  8
Texto
 62
     2
100
AcDbMText
 10
7365.729865561611
 20
1389.510118157763
 30
0.0
 40
10.0
 41
209.2025446627194
 71
     1
 72
     5
  1
5905257 pos.6
 11
-0.0000000000018192
 21
-1.0
 31
0.0
 73
     1
 44
1.0
1001
ACAD
1000
MTEXTBEGIN
1070
    73
1070
     1
1070
    44
1040
1.0
1070
    74
1070
     0
1000
MTEXTEND
  0
LWPOLYLINE
  5
20F
330
1F
100
AcDbEntity
  8
10388737v0
 62
     2
100
AcDbPolyline
 90
       15
 70
     1
 43
0.0
 10
7732.000000633913
 20
1271.685366674881
 10
7732.000000634129
 20
1395.685366674881
 42
0.4142135777623026
 10
7729.00000063414
 20
1398.685366674886
 10
7655.00000063414
 20
1398.685366675015
 42
0.4142136134159636
 10
7652.000000634129
 20
1395.68536667502
 10
7652.00000063368
 20
1138.68536667502
 10
7574.564810242657
 20
1003.173783490214
 42
0.5758669735977601
 10
7577.169539668742
 20
998.6853666751491
 10
7729.000000633444
 20
998.6853666748842
 42
0.4142135631770446
 10
7732.000000633442
 20
1001.68536667488
 10
7732.000000633831
 20
1225.685366674881
 42
0.4142135452543407
 10
7729.000000633845
 20
1228.685366674886
 10
7712.000000633846
 20
1228.685366674915
 10
7712.000000633913
 20
1268.685366674914
 10
7729.000000633913
 20
1268.685366674884
 42
0.414213542535795
  0
CIRCLE
  5
210
330
1F
100
AcDbEntity
  8
10388737v0
 62
     2
100
AcDbCircle
 10
7692.000000634099
 20
1373.68536667495
 30
0.0
 40
8.999999999999886
  0
CIRCLE
  5
211
330
1F
100
AcDbEntity
  8
10388737v0
 62
     2
100
AcDbCircle
 10
7712.000000633494
 20
1028.685366674916
 30
0.0
 40
6.999999999999886
  0
CIRCLE
  5
212
330
1F
100
AcDbEntity
  8
10388737v0
 62
     2
100
AcDbCircle
 10
7672.000000633494
 20
1028.685366674986
 30
0.0
 40
6.999999999999886
  0
MTEXT
  5
213
330
1F
100
AcDbEntity
  8
Texto
 62
     2
100
AcDbMText
 10
7691.397635176501
 20
1287.011522592961
 30
0.0
 40
15.0
 41
206.3204146087337
 71
     1
 72
     5
  1
10388737 pos.5
 11
-0.0000000000018192
 21
-1.0
 31
0.0
 73
     1
 44
1.0
1001
ACAD
1000
MTEXTBEGIN
1070
    73
1070
     1
1070
    44
1040
1.0
1070
    74
1070
     0
1000
MTEXTEND
  0
LWPOLYLINE
  5
214
330
1F
100
AcDbEntity
  8
10388737v0
 62
     2
100
AcDbPolyline
 90
       11
 70
     1
 43
0.0
 10
6764.083668075634
 20
1262.5000001
 10
6764.083668075634
 20
1296.5000001
 42
0.4142136202647413
 10
6761.083668075634
 20
1299.5000001
 10
6587.083668075634
 20
1299.5000001
 42
0.4142136038406702
 10
6584.083668075634
 20
1296.5000001
 10
6584.083668075634
 20
1162.5000001
 42
0.4142135887554728
 10
6587.083668075634
 20
1159.5000001
 10
6621.083668075636
 20
1159.5000001
 42
0.4142135694774011
 10
6624.083668075636
 20
1162.5000001
 10
6624.083668075636
 20
1259.500000099985
 10
6761.083668075634
 20
1259.500000099985
 42
0.4142135406309215
  0
CIRCLE
  5
215
330
1F
100
AcDbEntity
  8
10388737v0
 62
     2
100
AcDbCircle
 10
6679.083668075636
 20
1279.5000001
 30
0.0
 40
9.0
  0
CIRCLE
  5
216
330
1F
100
AcDbEntity
  8
10388737v0
 62
     2
100
AcDbCircle
 10
6649.083668075634
 20
1279.5000001
 30
0.0
 40
9.0
  0
CIRCLE
  5
217
330
1F
100
AcDbEntity
  8
10388737v0
 62
     2
100
AcDbCircle
 10
6719.083668075633
 20
1279.5000001
 30
0.0
 40
9.0
  0
CIRCLE
  5
218
330
1F
100
AcDbEntity
  8
10388737v0
 62
     2
100
AcDbCircle
 10
6749.083668075636
 20
1279.5000001
 30
0.0
 40
9.000000000000056
  0
MTEXT
  5
219
330
1F
100
AcDbEntity
  8
Texto
 62
     2
100
AcDbMText
 10
6603.328200096223
 20
1290.688528430058
 30
0.0
 40
10.0
 41
206.3204146087337
 71
     1
 72
     5
  1
10388737 pos.26
 11
-0.0000000000000002
 21
-1.0
 31
0.0
 73
     1
 44
1.0
1001
ACAD
1000
MTEXTBEGIN
1070
    73
1070
     1
1070
    44
1040
1.0
1070
    74
1070
     0
1000
MTEXTEND
  0
LWPOLYLINE
  5
21A
330
1F
100
AcDbEntity
  8
5905257
 62
     2
100
AcDbPolyline
 90
       11
 70
     1
 43
0.0
 10
7044.309955560651
 20
1106.2878341
 10
7044.309955560777
 20
1178.000000046664
 10
7177.309955560779
 20
1178.000000046432
 42
0.4142134974073933
 10
7180.309955560791
 20
1181.000000046426
 10
7180.309955560992
 20
1296.500000046426
 42
0.4142135235694858
 10
7177.309955560989
 20
1299.500000046431
 10
6932.809955560997
 20
1299.500000046857
 42
0.4142135913781872
 10
6929.809955560982
 20
1296.500000046863
 10
6929.8099555606
 20
1076.522347374534
 42
0.4949959461391323
 10
6933.603639660403
 20
1073.629240817593
 10
7042.103639660448
 20
1103.394727543068
 42
0.33779631907061
  0
MTEXT
  5
21B
330
1F
100
AcDbEntity
  8
Texto
 62
     2
100
AcDbMText
 10
6944.806269301371
 20
1231.677931387073
 30
0.0
 40
10.0
 41
209.2025446627194
 71
     1
 72
     5
  1
5905257 pos.8
 11
-0.0000000000018192
 21
-1.0
 31
0.0
 73
     1
 44
1.0
1001
ACAD
1000
MTEXTBEGIN
1070
    73
1070
     1
1070
    44
1040
1.0
1070
    74
1070
     0
1000
MTEXTEND
  0
LWPOLYLINE
  5
21C
330
1F
100
AcDbEntity
  8
5905257
 62
     2
100
AcDbPolyline
 90
       11
 70
     1
 43
0.0
 10
6780.083668075633
 20
1033.189699091438
 42
0.3377962855931905
 10
6782.289983975833
 20
1030.2965925345
 10
6890.789983975827
 20
1000.531105808838
 42
0.4949959313314431
 10
6894.583668075634
 20
1003.424212365772
 10
6894.583668075634
 20
1223.40186503813
 42
0.4142135785261611
 10
6891.583668075627
 20
1226.40186503813
 10
6647.083668075634
 20
1226.40186503813
 42
0.41421351071864
 10
6644.083668075627
 20
1223.40186503813
 10
6644.083668075627
 20
1107.90186503813
 42
0.414213518501826
 10
6647.083668075634
 20
1104.90186503813
 10
6780.083668075633
 20
1104.90186503813
  0
MTEXT
  5
21D
330
1F
100
AcDbEntity
  8
Texto
 62
     2
100
AcDbMText
 10
6879.587354335136
 20
1158.579796378337
 30
0.0
 40
10.0
 41
209.2025446627194
 71
     3
 72
     5
  1
5905257 pos.9
 11
0.0000000000000001
 21
1.0
 31
0.0
 73
     1
 44
1.0
1001
ACAD
1000
MTEXTBEGIN
1070
    73
1070
     1
1070
    44
1040
1.0
1070
    74
1070
     0
1000
MTEXTEND
  0
LWPOLYLINE
  5
21E
330
1F
100
AcDbEntity
  8
5905257
 62
     2
100
AcDbPolyline
 90
       12
 70
     1
 43
0.0
 10
5910.523794179905
 20
1062.401865091438
 10
5847.023794179909
 20
1062.401865091438
 10
5847.023794179909
 20
1195.401865091438
 42
0.4142136054412882
 10
5844.023794179909
 20
1198.40186509143
 10
5733.873736183458
 20
1198.40186509143
 42
0.2835365802182552
 10
5731.193154072571
 20
1196.748891277501
 10
5632.023794179906
 20
999.4018650914304
 10
5632.023794179906
 20
950.9018650914304
 42
0.4142135531442816
 10
5635.023794179906
 20
947.9018650914376
 10
5910.523794179905
 20
947.9018650914376
 42
0.4142135226265392
 10
5913.523794179905
 20
950.9018650914304
 10
5913.523794179905
 20
1059.40186509143
 42
0.4142135467620122
  0
MTEXT
  5
21F
330
1F
100
AcDbEntity
  8
Texto
 62
     2
100
AcDbMText
 10
5725.439257256812
 20
963.8217750911437
 30
0.0
 40
10.0
 41
209.2025446627194
 71
     1
 72
     5
  1
5905257 pos.6
 73
     1
 44
1.0
1001
ACAD
1000
MTEXTBEGIN
1070
    73
1070
     1
1070
    44
1040
1.0
1070
    74
1070
     0
1000
MTEXTEND
  0
LWPOLYLINE
  5
220
330
1F
100
AcDbEntity
  8
5905257
 62
     2
100
AcDbPolyline
 90
       12
 70
     1
 43
0.0
 10
7337.32024642301
 20
1066.925581234466
 10
7400.820246423009
 20
1066.925581234466
 10
7400.820246423009
 20
933.9255812344656
 42
0.4142135821736802
 10
7403.820246423009
 20
930.9255812344728
 10
7513.970304419486
 20
930.9255812344728
 42
0.2835365846183371
 10
7516.650886530372
 20
932.578555048402
 10
7615.82024642301
 20
1129.925581234473
 10
7615.82024642301
 20
1178.425581234473
 42
0.414213523665784
 10
7612.82024642301
 20
1181.425581234466
 10
7337.32024642301
 20
1181.425581234466
 42
0.4142135523390892
 10
7334.32024642301
 20
1178.425581234473
 10
7334.32024642301
 20
1069.925581234473
 42
0.414213576596092
  0
MTEXT
  5
221
330
1F
100
AcDbEntity
  8
Texto
 62
     2
100
AcDbMText
 10
7522.404783346132
 20
1165.50567123476
 30
0.0
 40
10.0
 41
209.2025446627194
 71
     1
 72
     5
  1
5905257 pos.6
 11
-1.0
 21
0.0000000000000001
 31
0.0
 73
     1
 44
1.0
1001
ACAD
1000
MTEXTBEGIN
1070
    73
1070
     1
1070
    44
1040
1.0
1070
    74
1070
     0
1000
MTEXTEND
  0
LWPOLYLINE
  5
222
330
1F
100
AcDbEntity
  8
5905257
 62
     2
100
AcDbPolyline
 90
       12
 70
     1
 43
0.0
 10
6048.023794179906
 20
917.7018393879944
 10
6048.023794180016
 20
981.2018393879943
 10
6181.023794180016
 20
981.2018393877623
 42
0.4142135210324704
 10
6184.02379418003
 20
984.2018393877571
 10
6184.02379418022
 20
1094.351897384234
 42
0.2835366123037911
 10
6182.370820367228
 20
1097.032479495124
 10
5985.023794180399
 20
1196.201839388105
 10
5936.523794180398
 20
1196.201839388189
 42
0.4142135612186277
 10
5933.523794180386
 20
1193.201839388194
 10
5933.523794179905
 20
917.7018393881942
 42
0.414213579539578
 10
5936.523794179908
 20
914.7018393881889
 10
6045.023794179908
 20
914.7018393879996
 42
0.4142136019485163
  0
MTEXT
  5
223
330
1F
100
AcDbEntity
  8
Texto
 62
     2
100
AcDbMText
 10
5949.443704180865
 20
1102.786376311291
 30
0.0
 40
10.0
 41
209.2025446627194
 71
     1
 72
     5
  1
5905257 pos.6
 11
-0.0000000000009097
 21
-1.0
 31
0.0
 73
     1
 44
1.0
1001
ACAD
1000
MTEXTBEGIN
1070
    73
1070
     1
1070
    44
1040
1.0
1070
    74
1070
     0
1000
MTEXTEND
  0
LWPOLYLINE
  5
224
330
1F
100
AcDbEntity
  8
5905257
 62
     2
100
AcDbPolyline
 90
       11
 70
     1
 43
0.0
 10
6397.235960179905
 20
1046.902790058483
 42
0.3377963196998995
 10
6400.12906673687
 20
1049.109105958682
 10
6429.894553462533
 20
1157.609105958675
 42
0.4949959543812652
 10
6427.00144690557
 20
1161.402790058483
 10
6207.02379423324
 20
1161.402790058483
 42
0.4142135583126355
 10
6204.02379423324
 20
1158.402790058476
 10
6204.02379423324
 20
913.902790058483
 42
0.4142135434832147
 10
6207.02379423324
 20
910.9027900584754
 10
6322.523794233241
 20
910.9027900584754
 42
0.4142135388138331
 10
6325.523794233241
 20
913.902790058483
 10
6325.523794233241
 20
1046.902790058483
  0
MTEXT
  5
225
330
1F
100
AcDbEntity
  8
Texto
 62
     2
100
AcDbMText
 10
6271.845862893004
 20
1146.406476317983
 30
0.0
 40
10.0
 41
209.2025446627194
 71
     3
 72
     5
  1
5905257 pos.9
 11
-1.0
 21
0.0000000000000001
 31
0.0
 73
     1
 44
1.0
1001
ACAD
1000
MTEXTBEGIN
1070
    73
1070
     1
1070
    44
1040
1.0
1070
    74
1070
     0
1000
MTEXTEND
  0
LWPOLYLINE
  5
226
330
1F
100
AcDbEntity
  8
5905257
 62
     2
100
AcDbPolyline
 90
       12
 70
     1
 43
0.0
 10
7377.82024642301
 20
1037.54686938892
 10
7314.32024642301
 20
1037.54686938892
 10
7314.32024642301
 20
1170.54686938892
 42
0.4142135713438486
 10
7311.32024642301
 20
1173.54686938892
 10
7201.17018842653
 20
1173.54686938892
 42
0.2835366165134166
 10
7198.489606315646
 20
1171.893895575915
 10
7099.320246423009
 20
974.5468693889199
 10
7099.320246423009
 20
926.0468693889198
 42
0.4142135569195096
 10
7102.320246423009
 20
923.0468693889198
 10
7377.82024642301
 20
923.0468693889198
 42
0.4142135787658522
 10
7380.82024642301
 20
926.0468693889198
 10
7380.82024642301
 20
1034.54686938892
 42
0.4142135691796271
  0
MTEXT
  5
227
330
1F
100
AcDbEntity
  8
Texto
 62
     2
100
AcDbMText
 10
7192.735709499884
 20
938.966779389557
 30
0.0
 40
10.0
 41
209.2025446627194
 71
     1
 72
     5
  1
5905257 pos.6
 73
     1
 44
1.0
1001
ACAD
1000
MTEXTBEGIN
1070
    73
1070
     1
1070
    44
1040
1.0
1070
    74
1070
     0
1000
MTEXTEND
  0
LWPOLYLINE
  5
228
330
1F
100
AcDbEntity
  8
12884379v00
 62
     2
100
AcDbPolyline
 90
       20
 70
     1
 43
0.0
 10
6005.546169633913
 20
414.4018650914379
 10
6005.546169633913
 20
288.6445057785979
 42
0.198912384365945
 10
6006.424849290365
 20
286.5231854350216
 10
6074.667489977488
 20
218.2805447478615
 42
0.1989123897004575
 10
6076.788810321035
 20
217.4018650914379
 10
6202.546169633913
 20
217.4018650914379
 42
0.414213611688205
 10
6205.546169633913
 20
220.4018650914379
 10
6205.546169633913
 20
224.4018650914379
 42
-0.4142135291906434
 10
6208.546169633912
 20
227.4018650914379
 10
6282.546169633913
 20
227.4018650914379
 42
0.4142136003222949
 10
6285.546169633913
 20
230.4018650914525
 10
6285.546169633913
 20
264.4018650914524
 42
0.414213534828933
 10
6282.546169633913
 20
267.401865091438
 10
6096.788810321036
 20
267.401865091438
 42
-0.1989123432516804
 10
6094.667489977489
 20
268.2805447478689
 10
6056.424849290365
 20
306.5231854350216
 42
-0.1989123720291238
 10
6055.546169633913
 20
308.6445057785906
 10
6055.546169633913
 20
414.4018650914379
 42
0.4142135906871016
 10
6052.546169633913
 20
417.4018650914524
 10
6008.546169633913
 20
417.4018650914524
 42
0.414213564344909
  0
CIRCLE
  5
229
330
1F
100
AcDbEntity
  8
12884379v00
 62
     2
100
AcDbCircle
 10
6030.546169633913
 20
312.401865091438
 30
0.0
 40
9.000000000000113
  0
CIRCLE
  5
22A
330
1F
100
AcDbEntity
  8
12884379v00
 62
     2
100
AcDbCircle
 10
6030.546169633913
 20
397.4018650914379
 30
0.0
 40
9.000000000000113
  0
MTEXT
  5
22B
330
1F
100
AcDbEntity
  8
Texto
 62
     2
100
AcDbMText
 10
6082.128592740939
 20
252.7056749735868
 30
0.0
 40
10.0
 41
108.2632510221122
 71
     1
 72
     5
  1
12884379 pos.22
 73
     1
 44
1.0
1001
ACAD
1000
MTEXTBEGIN
1070
    73
1070
     1
1070
    44
1040
1.0
1070
    74
1070
     0
1000
MTEXTEND
  0
LWPOLYLINE
  5
22C
330
1F
100
AcDbEntity
  8
5905257
 62
     2
100
AcDbPolyline
 90
       11
 70
     1
 43
0.0
 10
6391.684805576728
 20
371.5740910936208
 10
6277.115551413896
 20
416.3277054791737
 42
0.4142135483318866
 10
6273.229627790757
 20
414.6248849968034
 10
6233.024144948448
 20
311.6988477204326
 42
0.4142135256083744
 10
6234.726965430829
 20
307.8129240973001
 10
6468.988489186552
 20
216.3045174471604
 42
0.4142135968725635
 10
6472.874412809682
 20
218.0073379295314
 10
6550.990683531408
 20
417.9849933087831
 42
0.5280036277310183
 10
6548.196311466822
 20
422.0765448791481
 10
6413.461210530517
 20
422.0765443467391
 42
0.3088974603068383
 10
6410.666838489593
 20
420.1680959171356
  0
MTEXT
  5
22D
330
1F
100
AcDbEntity
  8
Texto
 62
     2
100
AcDbMText
 10
6513.395028433238
 20
363.1581189287253
 30
0.0
 40
10.0
 41
209.2025446627194
 71
     3
 72
     5
  1
5905257 pos.10
 11
0.3638505234594475
 21
0.9314573509175211
 31
0.0
 73
     1
 44
1.0
1001
ACAD
1000
MTEXTBEGIN
1070
    73
1070
     1
1070
    44
1040
1.0
1070
    74
1070
     0
1000
MTEXTEND
  0
LWPOLYLINE
  5
22E
330
1F
100
AcDbEntity
  8
5905257
 62
     2
100
AcDbPolyline
 90
       11
 70
     1
 43
0.0
 10
7565.037503411154
 20
488.9231272344657
 10
7450.468249248321
 20
533.676741620021
 42
0.4142135545214816
 10
7446.58232562519
 20
531.9739211376482
 10
7406.37684278288
 20
429.0478838612791
 42
0.4142135677006574
 10
7408.079663265252
 20
425.1619602381476
 10
7642.341187020976
 20
333.6535535880081
 42
0.4142135891569372
 10
7646.227110644099
 20
335.3563740703835
 10
7724.343381365837
 20
535.3340294496637
 42
0.5280036226437261
 10
7721.549009301256
 20
539.4255810200243
 10
7586.813908364951
 20
539.4255804876153
 42
0.3088974403751901
 10
7584.019536324034
 20
537.5171320580092
  0
MTEXT
  5
22F
330
1F
100
AcDbEntity
  8
Texto
 62
     2
100
AcDbMText
 10
7686.747726267673
 20
480.5071550696017
 30
0.0
 40
10.0
 41
209.2025446627194
 71
     3
 72
     5
  1
5905257 pos.10
 11
0.3638505234602558
 21
0.9314573509172053
 31
0.0
 73
     1
 44
1.0
1001
ACAD
1000
MTEXTBEGIN
1070
    73
1070
     1
1070
    44
1040
1.0
1070
    74
1070
     0
1000
MTEXTEND
  0
LWPOLYLINE
  5
230
330
1F
100
AcDbEntity
  8
10388737v0
 62
     2
100
AcDbPolyline
 90
       19
 70
     1
 43
0.0
 10
5913.562026633914
 20
287.401865091438
 10
5941.201346859368
 20
287.401865091438
 42
-0.44721359729091
 10
5963.562026633914
 20
287.401865091467
 10
5969.381686747106
 20
287.401865091467
 42
0.4142135540600849
 10
5972.381686747105
 20
290.401865091467
 10
5972.381686747105
 20
449.401865091466
 42
0.4142135642058561
 10
5969.381686747106
 20
452.401865091466
 10
5895.381686747106
 20
452.401865091466
 42
0.4142135849731464
 10
5892.381686747106
 20
449.401865091466
 10
5892.381686747106
 20
327.4018650914661
 10
5785.381686747106
 20
327.4018650914661
 42
0.4142135867240551
 10
5782.381686747106
 20
324.401865091466
 10
5782.381686747106
 20
290.401865091467
 42
0.4142135615229445
 10
5785.381686747106
 20
287.401865091467
 10
5794.898371973106
 20
287.401865091467
 42
-0.5345224896120681
 10
5809.865001520175
 20
287.401865091467
 10
5844.898371973114
 20
287.401865091467
 42
-0.5345224869564186
 10
5859.865001520175
 20
287.401865091467
 10
5891.201346859368
 20
287.401865091467
 42
-0.4472135955050437
  0
CIRCLE
  5
231
330
1F
100
AcDbEntity
  8
10388737v0
 62
     2
100
AcDbCircle
 10
5802.381686747106
 20
307.401865091467
 30
0.0
 40
7.0
  0
CIRCLE
  5
232
330
1F
100
AcDbEntity
  8
10388737v0
 62
     2
100
AcDbCircle
 10
5902.381686747113
 20
307.401865091467
 30
0.0
 40
7.0
  0
CIRCLE
  5
233
330
1F
100
AcDbEntity
  8
10388737v0
 62
     2
100
AcDbCircle
 10
5952.381686747106
 20
422.4018650914669
 30
0.0
 40
7.0
  0
CIRCLE
  5
234
330
1F
100
AcDbEntity
  8
10388737v0
 62
     2
100
AcDbCircle
 10
5912.381686747107
 20
422.4018650914669
 30
0.0
 40
7.0
  0
CIRCLE
  5
235
330
1F
100
AcDbEntity
  8
10388737v0
 62
     2
100
AcDbCircle
 10
5952.381686747106
 20
307.401865091467
 30
0.0
 40
7.0
  0
CIRCLE
  5
236
330
1F
100
AcDbEntity
  8
10388737v0
 62
     2
100
AcDbCircle
 10
5852.381686747113
 20
307.401865091467
 30
0.0
 40
7.0
  0
MTEXT
  5
237
330
1F
100
AcDbEntity
  8
Texto
 62
     2
100
AcDbMText
 10
5923.555303834404
 20
301.6811757173571
 30
0.0
 40
12.0
 41
206.3204146087337
 71
     1
 72
     5
  1
10388737 pos.24
 11
0.0000000000000001
 21
1.0
 31
0.0
 73
     1
 44
1.0
1001
ACAD
1000
MTEXTBEGIN
1070
    73
1070
     1
1070
    44
1040
1.0
1070
    74
1070
     0
1000
MTEXTEND
  0
LWPOLYLINE
  5
238
330
1F
100
AcDbEntity
  8
5905257
 62
     2
100
AcDbPolyline
 90
       11
 70
     1
 43
0.0
 10
6019.603910319354
 20
445.2018393879946
 10
6091.316076266019
 20
445.2018393879946
 10
6091.316076266019
 20
312.2018393879946
 42
0.4142135219943082
 10
6094.316076266017
 20
309.2018393879946
 10
6209.816076266017
 20
309.2018393879946
 42
0.4142135153513488
 10
6212.816076266017
 20
312.2018393879946
 10
6212.816076266017
 20
556.7018393879946
 42
0.4142135062781391
 10
6209.816076266017
 20
559.7018393879945
 10
5989.838423593687
 20
559.7018393879944
 42
0.4949959041055018
 10
5986.945317036757
 20
555.9081552881934
 10
6016.710803762419
 20
447.4081552881936
 42
0.3377962566201268
  0
MTEXT
  5
239
330
1F
100
AcDbEntity
  8
Texto
 62
     2
100
AcDbMText
 10
6144.994007606256
 20
544.7055256474949
 30
0.0
 40
10.0
 41
209.2025446627194
 71
     1
 72
     5
  1
5905257 pos.8
 11
-1.0
 21
0.0000000000000001
 31
0.0
 73
     1
 44
1.0
1001
ACAD
1000
MTEXTBEGIN
1070
    73
1070
     1
1070
    44
1040
1.0
1070
    74
1070
     0
1000
MTEXTEND
  0
LWPOLYLINE
  5
23A
330
1F
100
AcDbEntity
  8
5905257
 62
     2
100
AcDbPolyline
 90
       11
 70
     1
 43
0.0
 10
5929.040093633914
 20
483.4018650914379
 42
0.3377962406461935
 10
5931.93320019085
 20
485.608180991637
 10
5961.698686916513
 20
594.1081809916367
 42
0.4949958832778146
 10
5958.805580359578
 20
597.9018650914375
 10
5738.827927687221
 20
597.9018650914375
 42
0.414213554547286
 10
5735.827927687221
 20
594.9018650914231
 10
5735.827927687221
 20
350.4018650914379
 42
0.4142135419335656
 10
5738.827927687221
 20
347.4018650914234
 10
5854.327927687221
 20
347.4018650914234
 42
0.4142135531508913
 10
5857.32792768722
 20
350.4018650914379
 10
5857.32792768722
 20
483.4018650914379
  0
MTEXT
  5
23B
330
1F
100
AcDbEntity
  8
Texto
 62
     2
100
AcDbMText
 10
5803.649996347013
 20
582.905551350931
 30
0.0
 40
10.0
 41
209.2025446627194
 71
     3
 72
     5
  1
5905257 pos.9
 11
-1.0
 21
0.0000000000000001
 31
0.0
 73
     1
 44
1.0
1001
ACAD
1000
MTEXTBEGIN
1070
    73
1070
     1
1070
    44
1040
1.0
1070
    74
1070
     0
1000
MTEXTEND
  0
LWPOLYLINE
  5
23C
330
1F
100
AcDbEntity
  8
0
 62
     4
100
AcDbPolyline
 90
       12
 70
     1
 43
0.0
 10
7089.732697019655
 20
428.0468693889199
 42
0.4142135589417422
 10
7092.732697019655
 20
431.0468693889199
 10
7092.732697019655
 20
475.04686938892
 42
-0.4142135771011743
 10
7095.732697019655
 20
478.0468693889199
 10
7379.732697019655
 20
478.0468693889201
 42
0.4142135300331298
 10
7382.732697019655
 20
481.04686938892
 10
7382.732697019655
 20
515.0468693889199
 42
0.4142135905057767
 10
7379.732697019655
 20
518.0468693889345
 10
7055.732697019654
 20
518.0468693889344
 42
0.4142135711659036
 10
7052.732697019655
 20
515.0468693889198
 10
7052.732697019655
 20
431.0468693889199
 42
0.4142135510449694
 10
7055.732697019654
 20
428.0468693889199
  0
CIRCLE
  5
23D
330
1F
100
AcDbEntity
  8
0
 62
     4
100
AcDbCircle
 10
7072.732697019654
 20
448.0468693889199
 30
0.0
 40
8.999999999999943
  0
CIRCLE
  5
23E
330
1F
100
AcDbEntity
  8
0
 62
     4
100
AcDbCircle
 10
7072.732697019654
 20
498.0468693889346
 30
0.0
 40
8.999999999999943
  0
CIRCLE
  5
23F
330
1F
100
AcDbEntity
  8
0
 62
     4
100
AcDbCircle
 10
7142.732697019656
 20
498.0468693889346
 30
0.0
 40
6.999999999999943
  0
MTEXT
  5
240
330
1F
100
AcDbEntity
  8
Texto
 62
     4
100
AcDbMText
 10
7169.570691325304
 20
512.3356131148978
 30
0.0
 40
10.0
 41
171.2194965930175
 71
     1
 72
     5
  1
13659317\PPOS.32
 73
     1
 44
1.0
1001
ACAD
1000
MTEXTBEGIN
1070
    73
1070
     1
1070
    44
1040
1.0
1070
    74
1070
     0
1000
MTEXTEND
  0
LWPOLYLINE
  5
241
330
1F
100
AcDbEntity
  8
PA-25210-02
 62
     2
100
AcDbPolyline
 90
       12
 70
     1
 43
0.0
 10
6632.816076319352
 20
435.0765450936208
 10
6632.816076319352
 20
519.0765450936208
 42
0.4142135757129041
 10
6629.816076319352
 20
522.0765450936133
 10
6235.816076319351
 20
522.0765450936133
 42
0.4142135547980207
 10
6232.816076319351
 20
519.0765450936208
 10
6232.816076319351
 20
445.0765450936135
 42
0.414213538266651
 10
6235.816076319351
 20
442.0765450936134
 10
6571.573435632228
 20
442.0765450936134
 42
-0.1989123836621475
 10
6573.694755975805
 20
441.1978654371897
 10
6581.937396662929
 20
432.9552247500443
 42
0.1989123369827131
 10
6584.058717006475
 20
432.0765450936208
 10
6629.816076319352
 20
432.0765450936208
 42
0.4142135297869623
  0
CIRCLE
  5
242
330
1F
100
AcDbEntity
  8
PA-25210-02
 62
     2
100
AcDbCircle
 10
6602.816076319351
 20
507.0765450936135
 30
0.0
 40
7.0
  0
CIRCLE
  5
243
330
1F
100
AcDbEntity
  8
PA-25210-02
 62
     2
100
AcDbCircle
 10
6602.816076319351
 20
457.0765450936135
 30
0.0
 40
7.0
  0
CIRCLE
  5
244
330
1F
100
AcDbEntity
  8
PA-25210-02
 62
     2
100
AcDbCircle
 10
6252.816076319351
 20
507.0765450936135
 30
0.0
 40
7.0
  0
CIRCLE
  5
245
330
1F
100
AcDbEntity
  8
PA-25210-02
 62
     2
100
AcDbCircle
 10
6252.816076319351
 20
457.0765450936135
 30
0.0
 40
7.0
  0
MTEXT
  5
246
330
1F
100
AcDbEntity
  8
Texto
 62
     2
100
AcDbMText
 10
6376.701645498374
 20
504.8535764323943
 30
0.0
 40
10.0
 41
93.78495742171436
 71
     1
 72
     5
  1
PA-25210 02 POS.3
 73
     1
 44
1.0
1001
ACAD
1000
MTEXTBEGIN
1070
    73
1070
     1
1070
    44
1040
1.0
1070
    74
1070
     0
1000
MTEXTEND
  0
LWPOLYLINE
  5
247
330
1F
100
AcDbEntity
  8
PA-25210-02
 62
     2
100
AcDbPolyline
 90
       12
 70
     1
 43
0.0
 10
5355.000000633912
 20
861.3333081
 10
5271.000000633911
 20
861.3333081
 42
0.4142135613933317
 10
5268.000000633911
 20
858.3333080999999
 10
5268.000000633911
 20
464.3333080999987
 42
0.4142135421759646
 10
5271.000000633911
 20
461.3333080999987
 10
5345.000000633912
 20
461.3333080999987
 42
0.4142135493347955
 10
5348.000000633912
 20
464.3333080999987
 10
5348.000000633912
 20
800.090667412876
 42
-0.1989123965961797
 10
5348.878680290329
 20
802.211987756452
 10
5357.121320977483
 20
810.4546284435761
 42
0.1989123736750427
 10
5358.000000633911
 20
812.5759487871228
 10
5358.000000633911
 20
858.3333080999999
 42
0.4142135408541298
  0
CIRCLE
  5
248
330
1F
100
AcDbEntity
  8
PA-25210-02
 62
     2
100
AcDbCircle
 10
5283.000000633911
 20
831.3333080999989
 30
0.0
 40
7.0
  0
CIRCLE
  5
249
330
1F
100
AcDbEntity
  8
PA-25210-02
 62
     2
100
AcDbCircle
 10
5333.000000633911
 20
831.3333080999989
 30
0.0
 40
7.0
  0
CIRCLE
  5
24A
330
1F
100
AcDbEntity
  8
PA-25210-02
 62
     2
100
AcDbCircle
 10
5283.000000633911
 20
481.3333080999988
 30
0.0
 40
7.0
  0
CIRCLE
  5
24B
330
1F
100
AcDbEntity
  8
PA-25210-02
 62
     2
100
AcDbCircle
 10
5333.000000633911
 20
481.3333080999988
 30
0.0
 40
7.0
  0
MTEXT
  5
24C
330
1F
100
AcDbEntity
  8
Texto
 62
     2
100
AcDbMText
 10
5285.222969295137
 20
605.2188772790219
 30
0.0
 40
10.0
 41
93.78495742171436
 71
     1
 72
     5
  1
PA-25210 02 POS.3
 11
0.0000000000000001
 21
1.0
 31
0.0
 73
     1
 44
1.0
1001
ACAD
1000
MTEXTBEGIN
1070
    73
1070
     1
1070
    44
1040
1.0
1070
    74
1070
     0
1000
MTEXTEND
  0
LWPOLYLINE
  5
24D
330
1F
100
AcDbEntity
  8
10388737v0
 62
     2
100
AcDbPolyline
 90
       11
 70
     1
 43
0.0
 10
5408.000000633911
 20
510.5000001
 10
5408.000000634153
 20
647.5000000999998
 42
0.4142135589013681
 10
5405.000000634164
 20
650.500000100005
 10
5371.000000634164
 20
650.5000001000644
 42
0.4142135583638147
 10
5368.000000634158
 20
647.5000001000696
 10
5368.000000633855
 20
473.5000001000697
 42
0.4142135575548984
 10
5371.00000063385
 20
470.5000001000645
 10
5505.000000633851
 20
470.5000000998308
 42
0.4142135715864697
 10
5508.000000633855
 20
473.5000000998255
 10
5508.000000633913
 20
507.5000000998254
 42
0.4142135892715324
 10
5505.00000063392
 20
510.5000000998308
  0
CIRCLE
  5
24E
330
1F
100
AcDbEntity
  8
10388737v0
 62
     2
100
AcDbCircle
 10
5388.00000063413
 20
635.5000001000348
 30
0.0
 40
9.0
  0
CIRCLE
  5
24F
330
1F
100
AcDbEntity
  8
10388737v0
 62
     2
100
AcDbCircle
 10
5388.000000634078
 20
605.5000001000357
 30
0.0
 40
9.0
  0
MTEXT
  5
250
330
1F
100
AcDbEntity
  8
Texto
 62
     2
100
AcDbMText
 10
5382.075800955885
 20
492.2286295365647
 30
0.0
 40
10.0
 41
206.3204146087337
 71
     1
 72
     5
  1
10388737 pos.28
 11
1.0
 21
-0.0000000000017624
 31
0.0
 73
     1
 44
1.0
1001
ACAD
1000
MTEXTBEGIN
1070
    73
1070
     1
1070
    44
1040
1.0
1070
    74
1070
     0
1000
MTEXTEND
  0
LWPOLYLINE
  5
251
330
1F
100
AcDbEntity
  8
10388737v0
 62
     2
100
AcDbPolyline
 90
       11
 70
     1
 43
0.0
 10
6692.816076319352
 20
497.401865091438
 10
6829.816076319352
 20
497.401865091438
 42
0.414213585486592
 10
6832.816076319352
 20
500.4018650914379
 10
6832.816076319352
 20
534.4018650914379
 42
0.4142135803752384
 10
6829.816076319352
 20
537.4018650914234
 10
6655.816076319351
 20
537.4018650914232
 42
0.414213586671322
 10
6652.816076319353
 20
534.4018650914377
 10
6652.816076319353
 20
400.4018650914233
 42
0.4142135762037903
 10
6655.816076319351
 20
397.401865091438
 10
6689.816076319352
 20
397.401865091438
 42
0.4142135866700734
 10
6692.816076319352
 20
400.4018650914233
  0
CIRCLE
  5
252
330
1F
100
AcDbEntity
  8
10388737v0
 62
     2
100
AcDbCircle
 10
6817.816076319352
 20
517.4018650914379
 30
0.0
 40
9.0
  0
CIRCLE
  5
253
330
1F
100
AcDbEntity
  8
10388737v0
 62
     2
100
AcDbCircle
 10
6787.816076319353
 20
517.4018650914379
 30
0.0
 40
9.0
  0
MTEXT
  5
254
330
1F
100
AcDbEntity
  8
Texto
 62
     2
100
AcDbMText
 10
6674.544705755872
 20
523.3260647694343
 30
0.0
 40
10.0
 41
206.3204146087337
 71
     1
 72
     5
  1
10388737 pos.28
 11
-0.0000000000000002
 21
-1.0
 31
0.0
 73
     1
 44
1.0
1001
ACAD
1000
MTEXTBEGIN
1070
    73
1070
     1
1070
    44
1040
1.0
1070
    74
1070
     0
1000
MTEXTEND
  0
LWPOLYLINE
  5
255
330
1F
100
AcDbEntity
  8
5905257
 62
     2
100
AcDbPolyline
 90
       11
 70
     1
 43
0.0
 10
5564.000000633912
 20
723.7121660999996
 10
5564.000000633912
 20
652.0000001533359
 10
5431.000000633911
 20
652.0000001533359
 42
0.4142135080197515
 10
5428.000000633911
 20
649.0000001533359
 10
5428.000000633911
 20
533.5000001533368
 42
0.4142135293248291
 10
5431.000000633911
 20
530.5000001533368
 10
5675.500000633912
 20
530.5000001533368
 42
0.4142135202507422
 10
5678.500000633913
 20
533.5000001533368
 10
5678.500000633913
 20
753.4776528256657
 42
0.4949959164966208
 10
5674.706316534113
 20
756.3707593825999
 10
5566.206316534112
 20
726.6052726569355
 42
0.3377962624004284
  0
MTEXT
  5
256
330
1F
100
AcDbEntity
  8
Texto
 62
     2
100
AcDbMText
 10
5663.503686893413
 20
598.3220688131001
 30
0.0
 40
10.0
 41
209.2025446627194
 71
     1
 72
     5
  1
5905257 pos.8
 11
0.0000000000000001
 21
1.0
 31
0.0
 73
     1
 44
1.0
1001
ACAD
1000
MTEXTBEGIN
1070
    73
1070
     1
1070
    44
1040
1.0
1070
    74
1070
     0
1000
MTEXTEND
  0
LWPOLYLINE
  5
257
330
1F
100
AcDbEntity
  8
PA-25210-02
 62
     2
100
AcDbPolyline
 90
       12
 70
     1
 43
0.0
 10
7026.203766747663
 20
625.04686938892
 10
7026.203766747663
 20
541.0468693889199
 42
0.4142135641289486
 10
7029.203766747663
 20
538.0468693889199
 10
7423.203766747663
 20
538.0468693889199
 42
0.4142135449085066
 10
7426.203766747663
 20
541.0468693889199
 10
7426.203766747663
 20
615.0468693889199
 42
0.4142135465990512
 10
7423.203766747663
 20
618.0468693889199
 10
7087.446407434788
 20
618.0468693889199
 42
-0.1989123131895848
 10
7085.32508709121
 20
618.9255490453436
 10
7077.082446404087
 20
627.1681897325036
 42
0.1989123357958614
 10
7074.96112606054
 20
628.0468693889199
 10
7029.203766747663
 20
628.0468693889199
 42
0.4142135911016574
  0
CIRCLE
  5
258
330
1F
100
AcDbEntity
  8
PA-25210-02
 62
     2
100
AcDbCircle
 10
7056.203766747663
 20
553.0468693889199
 30
0.0
 40
7.0
  0
CIRCLE
  5
259
330
1F
100
AcDbEntity
  8
PA-25210-02
 62
     2
100
AcDbCircle
 10
7056.203766747663
 20
603.0468693889199
 30
0.0
 40
7.0
  0
CIRCLE
  5
25A
330
1F
100
AcDbEntity
  8
PA-25210-02
 62
     2
100
AcDbCircle
 10
7406.203766747663
 20
553.0468693889199
 30
0.0
 40
7.0
  0
CIRCLE
  5
25B
330
1F
100
AcDbEntity
  8
PA-25210-02
 62
     2
100
AcDbCircle
 10
7406.203766747663
 20
603.0468693889199
 30
0.0
 40
7.0
  0
MTEXT
  5
25C
330
1F
100
AcDbEntity
  8
Texto
 62
     2
100
AcDbMText
 10
7282.318197568644
 20
555.2698380501537
 30
0.0
 40
10.0
 41
93.78495742171436
 71
     1
 72
     5
  1
PA-25210 02 POS.3
 11
-1.0
 21
0.0000000000000001
 31
0.0
 73
     1
 44
1.0
1001
ACAD
1000
MTEXTBEGIN
1070
    73
1070
     1
1070
    44
1040
1.0
1070
    74
1070
     0
1000
MTEXTEND
  0
LWPOLYLINE
  5
25D
330
1F
100
AcDbEntity
  8
PA-25210-02
 62
     2
100
AcDbPolyline
 90
       12
 70
     1
 43
0.0
 10
6235.03166447648
 20
629.0765450936207
 10
6235.03166447648
 20
545.0765450936208
 42
0.4142135432361873
 10
6238.03166447648
 20
542.0765450936207
 10
6632.03166447648
 20
542.0765450936207
 42
0.4142135240168459
 10
6635.03166447648
 20
545.0765450936208
 10
6635.03166447648
 20
619.0765450936281
 42
0.4142136221766857
 10
6632.03166447648
 20
622.0765450936207
 10
6296.274305163604
 20
622.0765450936207
 42
-0.198912389979008
 10
6294.152984820028
 20
622.9552247500516
 10
6285.910344132904
 20
631.1978654371972
 42
0.1989123354772779
 10
6283.789023789357
 20
632.0765450936208
 10
6238.03166447648
 20
632.0765450936208
 42
0.414213585503835
  0
CIRCLE
  5
25E
330
1F
100
AcDbEntity
  8
PA-25210-02
 62
     2
100
AcDbCircle
 10
6265.031664476481
 20
557.0765450936208
 30
0.0
 40
7.0
  0
CIRCLE
  5
25F
330
1F
100
AcDbEntity
  8
PA-25210-02
 62
     2
100
AcDbCircle
 10
6265.031664476481
 20
607.0765450936208
 30
0.0
 40
7.0
  0
CIRCLE
  5
260
330
1F
100
AcDbEntity
  8
PA-25210-02
 62
     2
100
AcDbCircle
 10
6615.031664476481
 20
557.0765450936208
 30
0.0
 40
7.0
  0
CIRCLE
  5
261
330
1F
100
AcDbEntity
  8
PA-25210-02
 62
     2
100
AcDbCircle
 10
6615.031664476481
 20
607.0765450936208
 30
0.0
 40
7.0
  0
MTEXT
  5
262
330
1F
100
AcDbEntity
  8
Texto
 62
     2
100
AcDbMText
 10
6491.146095297458
 20
559.2995137548471
 30
0.0
 40
10.0
 41
93.78495742171436
 71
     1
 72
     5
  1
PA-25210 02 POS.3
 11
-1.0
 21
0.0000000000000001
 31
0.0
 73
     1
 44
1.0
1001
ACAD
1000
MTEXTBEGIN
1070
    73
1070
     1
1070
    44
1040
1.0
1070
    74
1070
     0
1000
MTEXTEND
  0
LWPOLYLINE
  5
263
330
1F
100
AcDbEntity
  8
PA-25210-02
 62
     2
100
AcDbPolyline
 90
       12
 70
     1
 43
0.0
 10
6098.500000633912
 20
610.9018650914378
 10
6098.500000633912
 20
694.901865091445
 42
0.4142135888377191
 10
6095.500000633912
 20
697.9018650914376
 10
5701.500000633912
 20
697.9018650914376
 42
0.4142135679248991
 10
5698.500000633913
 20
694.901865091445
 10
5698.500000633913
 20
620.9018650914376
 42
0.4142135255787486
 10
5701.500000633912
 20
617.9018650914375
 10
6037.25735994679
 20
617.9018650914378
 42
-0.1989123607627437
 10
6039.378680290364
 20
617.0231854350215
 10
6047.621320977489
 20
608.7805447478687
 42
0.1989123669796057
 10
6049.742641321035
 20
607.9018650914449
 10
6095.500000633912
 20
607.9018650914449
 42
0.414213573835124
  0
CIRCLE
  5
264
330
1F
100
AcDbEntity
  8
PA-25210-02
 62
     2
100
AcDbCircle
 10
6068.500000633912
 20
682.9018650914377
 30
0.0
 40
7.0
  0
CIRCLE
  5
265
330
1F
100
AcDbEntity
  8
PA-25210-02
 62
     2
100
AcDbCircle
 10
6068.500000633912
 20
632.9018650914377
 30
0.0
 40
7.0
  0
CIRCLE
  5
266
330
1F
100
AcDbEntity
  8
PA-25210-02
 62
     2
100
AcDbCircle
 10
5718.500000633913
 20
682.9018650914376
 30
0.0
 40
7.0
  0
CIRCLE
  5
267
330
1F
100
AcDbEntity
  8
PA-25210-02
 62
     2
100
AcDbCircle
 10
5718.500000633913
 20
632.9018650914376
 30
0.0
 40
7.0
  0
MTEXT
  5
268
330
1F
100
AcDbEntity
  8
Texto
 62
     2
100
AcDbMText
 10
5842.385569812934
 20
680.6788964302187
 30
0.0
 40
10.0
 41
93.78495742171436
 71
     1
 72
     5
  1
PA-25210 02 POS.3
 73
     1
 44
1.0
1001
ACAD
1000
MTEXTBEGIN
1070
    73
1070
     1
1070
    44
1040
1.0
1070
    74
1070
     0
1000
MTEXTEND
  0
LWPOLYLINE
  5
269
330
1F
100
AcDbEntity
  8
10388739v0
 62
     2
100
AcDbPolyline
 90
       11
 70
     1
 43
0.0
 10
6952.816076319352
 20
636.4018650914379
 10
6952.816076319177
 20
537.4018650914396
 10
6855.816076319195
 20
537.401865091609
 42
0.414213564887224
 10
6852.816076319173
 20
534.4018650916142
 10
6852.816076319114
 20
500.4018650916124
 42
0.4142135936553948
 10
6855.816076319126
 20
497.4018650916073
 10
6989.81607631911
 20
497.4018650913735
 42
0.4142135819211474
 10
6992.816076319129
 20
500.4018650913681
 10
6992.816076319366
 20
636.401865091368
 42
0.4142135513946328
 10
6989.816076319356
 20
639.4018650913732
 10
6955.816076319357
 20
639.4018650914326
 42
0.4142135455494841
  0
LWPOLYLINE
  5
26A
330
1F
100
AcDbEntity
  8
10388739v0
 62
     2
100
AcDbPolyline
 90
        4
 70
     1
 43
0.0
 10
6917.816076319128
 20
508.401865091499
 10
6927.816076319142
 20
508.4018650914816
 42
1.000041577704444
 10
6927.816076319174
 20
526.4018650914834
 10
6917.81607631916
 20
526.4018650915008
 42
0.9999584091403207
  0
LWPOLYLINE
  5
26B
330
1F
100
AcDbEntity
  8
10388739v0
 62
     2
100
AcDbPolyline
 90
        4
 70
     1
 43
0.0
 10
6867.81607631916
 20
526.4018650915881
 42
1.000064465786275
 10
6867.816076319129
 20
508.4018650915863
 10
6877.816076319142
 20
508.4018650915689
 42
1.0000415581786
 10
6877.816076319175
 20
526.4018650915706
  0
MTEXT
  5
26C
330
1F
100
AcDbEntity
  8
Texto
 62
     2
100
AcDbMText
 10
6979.00334703982
 20
624.246750533538
 30
0.0
 40
10.0
 41
102.6643403891248
 71
     1
 72
     5
  1
10388739 pos.8
 11
-0.0000000000018192
 21
-1.0
 31
0.0
 73
     1
 44
1.0
1001
ACAD
1000
MTEXTBEGIN
1070
    73
1070
     1
1070
    44
1040
1.0
1070
    74
1070
     0
1000
MTEXTEND
  0
LWPOLYLINE
  5
26D
330
1F
100
AcDbEntity
  8
13660947v0
 62
     2
100
AcDbPolyline
 90
       12
 70
     1
 43
0.0
 10
6889.816076319352
 20
597.4018650914379
 10
6660.816076319353
 20
597.4018650914379
 42
0.4142135695905591
 10
6657.816076319353
 20
594.4018650914451
 10
6657.816076319353
 20
560.4018650914452
 42
0.414213561950409
 10
6660.816076319353
 20
557.4018650914378
 10
6929.816076319352
 20
557.4018650914378
 42
0.4142135481506651
 10
6932.816076319352
 20
560.4018650914452
 10
6932.816076319352
 20
644.4018650914379
 42
0.4142135670532991
 10
6929.816076319352
 20
647.4018650914379
 10
6895.816076319352
 20
647.4018650914379
 42
0.4142136115188259
 10
6892.816076319352
 20
644.4018650914379
 10
6892.816076319352
 20
600.4018650914379
 42
-0.414213551012637
  0
CIRCLE
  5
26E
330
1F
100
AcDbEntity
  8
13660947v0
 62
     2
100
AcDbCircle
 10
6802.816076319352
 20
577.4018650914379
 30
0.0
 40
9.000000000000113
  0
CIRCLE
  5
26F
330
1F
100
AcDbEntity
  8
13660947v0
 62
     2
100
AcDbCircle
 10
6912.816076319352
 20
577.4018650914379
 30
0.0
 40
9.000000000000056
  0
CIRCLE
  5
270
330
1F
100
AcDbEntity
  8
13660947v0
 62
     2
100
AcDbCircle
 10
6912.816076319352
 20
627.4018650914379
 30
0.0
 40
9.000000000000056
  0
CIRCLE
  5
271
330
1F
100
AcDbEntity
  8
13660947v0
 62
     2
100
AcDbCircle
 10
6677.816076319352
 20
577.4018650914379
 30
0.0
 40
9.0
  0
MTEXT
  5
272
330
1F
100
AcDbEntity
  8
Texto
 62
     2
100
AcDbMText
 10
6772.16499830364
 20
566.397999545815
 30
0.0
 40
10.0
 41
116.7759341577257
 71
     1
 72
     5
  1
13660947\P POS.36
 11
-1.0
 21
0.0000000000000001
 31
0.0
 73
     1
 44
1.0
1001
ACAD
1000
MTEXTBEGIN
1070
    73
1070
     1
1070
    44
1040
1.0
1070
    74
1070
     0
1000
MTEXTEND
  0
LWPOLYLINE
  5
273
330
1F
100
AcDbEntity
  8
5905257
 62
     2
100
AcDbPolyline
 90
       11
 70
     1
 43
0.0
 10
7617.500000633912
 20
752.6377472344659
 10
7617.500000633912
 20
680.9255812877992
 10
7484.500000633912
 20
680.9255812877992
 42
0.4142135115277061
 10
7481.500000633906
 20
677.9255812878012
 10
7481.500000633906
 20
562.4255812878012
 42
0.4142135095947961
 10
7484.500000633912
 20
559.4255812878012
 10
7729.000000633906
 20
559.4255812878012
 42
0.4142135774037709
 10
7732.000000633913
 20
562.4255812878012
 10
7732.000000633913
 20
782.4032339601292
 42
0.4949959339510944
 10
7728.206316534104
 20
785.2963405170624
 10
7619.70631653411
 20
755.5308537913989
 42
0.3377963132905162
  0
MTEXT
  5
274
330
1F
100
AcDbEntity
  8
Texto
 62
     2
100
AcDbMText
 10
7717.003686893413
 20
627.2476499475626
 30
0.0
 40
10.0
 41
209.2025446627194
 71
     1
 72
     5
  1
5905257 pos.8
 11
0.0000000000000001
 21
1.0
 31
0.0
 73
     1
 44
1.0
1001
ACAD
1000
MTEXTBEGIN
1070
    73
1070
     1
1070
    44
1040
1.0
1070
    74
1070
     0
1000
MTEXTEND
  0
LWPOLYLINE
  5
275
330
1F
100
AcDbEntity
  8
5905257
 62
     2
100
AcDbPolyline
 90
       27
 70
     1
 43
0.0
 10
7421.500000633912
 20
657.0468693889199
 10
7441.500000633912
 20
657.0468693889199
 10
7441.500000633912
 20
629.0468693889189
 10
7451.500000633912
 20
629.0468693889189
 10
7451.500000633912
 20
588.0468693889199
 10
7458.500000633913
 20
588.0468693889199
 42
0.4142135339553518
 10
7461.500000633913
 20
591.0468693889199
 10
7461.500000633913
 20
801.8042287017964
 42
0.1989123256330149
 10
7460.621320977496
 20
803.9255490453417
 10
7362.378680290337
 20
902.1681897324672
 42
0.1989123429765766
 10
7360.257359946752
 20
903.0468693889199
 10
7204.500000633912
 20
903.0468693889199
 42
0.4142135387193441
 10
7201.500000633912
 20
900.04686938892
 10
7201.500000633912
 20
870.046869388919
 10
7241.500000633912
 20
870.046869388919
 10
7241.500000633912
 20
859.0468693889199
 10
7261.500000633913
 20
859.0468693889199
 10
7261.500000633913
 20
848.0468693889189
 10
7301.500000633912
 20
848.0468693889189
 10
7301.500000633912
 20
819.0468693889199
 10
7321.500000633912
 20
819.0468693889199
 10
7321.500000633912
 20
802.0468693889199
 10
7361.500000633913
 20
802.0468693889199
 10
7361.500000633913
 20
759.046869388919
 10
7381.500000633912
 20
759.046869388919
 10
7381.500000633912
 20
732.0468693889199
 10
7421.500000633912
 20
732.0468693889199
  0
CIRCLE
  5
276
330
1F
100
AcDbEntity
  8
5905257
 62
     2
100
AcDbCircle
 10
7391.500000633913
 20
833.04686938892
 30
0.0
 40
9.0
  0
MTEXT
  5
277
330
1F
100
AcDbEntity
  8
Texto
 62
     2
100
AcDbMText
 10
7445.42787240413
 20
676.1005704664496
 30
0.0
 40
10.0
 41
209.2025446627194
 71
     1
 72
     5
  1
5905257 pos.2
 11
0.0000000000000001
 21
1.0
 31
0.0
 73
     1
 44
1.0
1001
ACAD
1000
MTEXTBEGIN
1070
    73
1070
     1
1070
    44
1040
1.0
1070
    74
1070
     0
1000
MTEXTEND
  0
LWPOLYLINE
  5
278
330
1F
100
AcDbEntity
  8
DT-20775-006-034
 62
     2
100
AcDbPolyline
 90
       12
 70
     1
 43
0.0
 10
7183.505435633913
 20
712.04686938892
 10
7152.500000690782
 20
712.04686938892
 42
0.4142135510169436
 10
7149.500000690783
 20
709.0468693889345
 10
7149.500000690783
 20
641.0468693889344
 42
0.4142135867745683
 10
7152.500000690782
 20
638.0468693889199
 10
7398.500000690782
 20
638.0468693889199
 42
0.4142135764272373
 10
7401.500000690782
 20
641.0468693889344
 10
7401.500000690782
 20
709.0468693889345
 42
0.414213554009888
 10
7398.500000690782
 20
712.04686938892
 10
7367.494565747621
 20
712.04686938892
 42
0.2032154336264901
 10
7365.33844312909
 20
711.1328068889199
 42
-0.4239380877959377
 10
7185.661558252441
 20
711.1328068889199
 42
0.2032154504419572
  0
CIRCLE
  5
279
330
1F
100
AcDbEntity
  8
DT-20775-006-034
 62
     2
100
AcDbCircle
 10
7381.500000690782
 20
692.0468693889199
 30
0.0
 40
8.0
  0
CIRCLE
  5
27A
330
1F
100
AcDbEntity
  8
DT-20775-006-034
 62
     2
100
AcDbCircle
 10
7169.500000690781
 20
692.0468693889199
 30
0.0
 40
8.0
  0
MTEXT
  5
27B
330
1F
100
AcDbEntity
  8
Texto
 62
     2
100
AcDbMText
 10
7152.500000690782
 20
650.8640590209036
 30
0.0
 40
10.0
 41
165.9349045470235
 71
     1
 72
     5
  1
DT-20775-006-034 pos.4
 73
     1
 44
1.0
1001
ACAD
1000
MTEXTBEGIN
1070
    73
1070
     1
1070
    44
1040
1.0
1070
    74
1070
     0
1000
MTEXTEND
  0
LWPOLYLINE
  5
27C
330
1F
100
AcDbEntity
  8
5905257
 62
     2
100
AcDbPolyline
 90
       27
 70
     1
 43
0.0
 10
6118.500000633912
 20
648.7018393879944
 10
6138.500000633912
 20
648.7018393879944
 10
6138.500000633912
 20
620.7018393879945
 10
6148.500000633912
 20
620.7018393879945
 10
6148.500000633912
 20
579.7018393879945
 10
6155.500000633913
 20
579.7018393879945
 42
0.4142135422135914
 10
6158.500000633912
 20
582.7018393879945
 10
6158.500000633912
 20
793.4591987008708
 42
0.1989123124922621
 10
6157.621320977496
 20
795.5805190444481
 10
6059.378680290336
 20
893.8231597315708
 42
0.198912371250497
 10
6057.257359946752
 20
894.7018393879945
 10
5901.500000633912
 20
894.7018393879945
 42
0.4142135304601612
 10
5898.500000633912
 20
891.7018393879944
 10
5898.500000633912
 20
861.7018393879961
 10
5938.500000633912
 20
861.7018393879961
 10
5938.500000633912
 20
850.7018393879944
 10
5958.500000633912
 20
850.7018393879944
 10
5958.500000633912
 20
839.7018393879934
 10
5998.500000633913
 20
839.7018393879934
 10
5998.500000633913
 20
810.7018393879945
 10
6018.500000633912
 20
810.7018393879945
 10
6018.500000633912
 20
793.7018393879935
 10
6058.500000633912
 20
793.7018393879935
 10
6058.500000633912
 20
750.7018393879945
 10
6078.500000633912
 20
750.7018393879945
 10
6078.500000633912
 20
723.7018393879934
 10
6118.500000633912
 20
723.7018393879934
  0
CIRCLE
  5
27D
330
1F
100
AcDbEntity
  8
5905257
 62
     2
100
AcDbCircle
 10
6088.500000633913
 20
824.7018393879944
 30
0.0
 40
9.0
  0
MTEXT
  5
27E
330
1F
100
AcDbEntity
  8
Texto
 62
     2
100
AcDbMText
 10
6142.42787240413
 20
667.7555404655241
 30
0.0
 40
10.0
 41
209.2025446627194
 71
     1
 72
     5
  1
5905257 pos.2
 11
0.0000000000000001
 21
1.0
 31
0.0
 73
     1
 44
1.0
1001
ACAD
1000
MTEXTBEGIN
1070
    73
1070
     1
1070
    44
1040
1.0
1070
    74
1070
     0
1000
MTEXTEND
  0
LWPOLYLINE
  5
27F
330
1F
100
AcDbEntity
  8
5905257
 62
     2
100
AcDbPolyline
 90
       27
 70
     1
 43
0.0
 10
6604.475311661558
 20
1038.576545093621
 10
6604.475311661558
 20
1058.576545093621
 10
6632.475311661558
 20
1058.576545093621
 10
6632.475311661558
 20
1068.576545093628
 10
6673.475311661558
 20
1068.576545093628
 10
6673.475311661558
 20
1075.576545093628
 42
0.4142135739386145
 10
6670.475311661559
 20
1078.576545093627
 10
6459.717952348682
 20
1078.576545093627
 42
0.1989123268393726
 10
6457.596632005136
 20
1077.697865437197
 10
6359.353991318012
 20
979.4552247500369
 42
0.1989123385524712
 10
6358.475311661559
 20
977.333904406468
 10
6358.475311661559
 20
821.5765450936205
 42
0.4142135252259109
 10
6361.475311661559
 20
818.5765450936205
 10
6391.475311661558
 20
818.5765450936205
 10
6391.475311661558
 20
858.5765450936278
 10
6402.475311661558
 20
858.5765450936278
 10
6402.475311661558
 20
878.5765450936205
 10
6413.475311661558
 20
878.5765450936205
 10
6413.475311661558
 20
918.576545093628
 10
6442.475311661559
 20
918.576545093628
 10
6442.475311661559
 20
938.5765450936279
 10
6459.475311661558
 20
938.5765450936279
 10
6459.475311661558
 20
978.5765450936205
 10
6502.475311661559
 20
978.5765450936205
 10
6502.475311661559
 20
998.5765450936279
 10
6529.475311661558
 20
998.5765450936279
 10
6529.475311661558
 20
1038.576545093621
  0
CIRCLE
  5
280
330
1F
100
AcDbEntity
  8
5905257
 62
     2
100
AcDbCircle
 10
6428.475311661562
 20
1008.576545093621
 30
0.0
 40
9.0
  0
MTEXT
  5
281
330
1F
100
AcDbEntity
  8
Texto
 62
     2
100
AcDbMText
 10
6585.421610584058
 20
1062.504416863846
 30
0.0
 40
10.0
 41
209.2025446627194
 71
     1
 72
     5
  1
5905257 pos.2
 11
-1.0
 21
0.0000000000000001
 31
0.0
 73
     1
 44
1.0
1001
ACAD
1000
MTEXTBEGIN
1070
    73
1070
     1
1070
    44
1040
1.0
1070
    74
1070
     0
1000
MTEXTEND
  0
LWPOLYLINE
  5
282
330
1F
100
AcDbEntity
  8
5905257
 62
     2
100
AcDbPolyline
 90
       11
 70
     1
 43
0.0
 10
6310.000000633912
 20
794.7334674807154
 10
6310.000000634002
 20
846.9033330957683
 42
0.3088974245710817
 10
6308.091552215399
 20
849.6977051442062
 10
6182.591552215485
 20
898.7211426444252
 42
0.5280035673449302
 10
6178.500000634082
 20
895.9267705959996
 10
6178.500000633706
 20
681.2334674809432
 42
0.4142135515587036
 10
6181.500000633709
 20
678.2334674809381
 10
6433.00000063371
 20
678.2334674804989
 42
0.4142135299379582
 10
6436.000000633715
 20
681.2334674804938
 10
6436.000000633907
 20
791.7334674804938
 42
0.4142135180763096
 10
6433.000000633912
 20
794.7334674805008
  0
MTEXT
  5
283
330
1F
100
AcDbEntity
  8
Texto
 62
     2
100
AcDbMText
 10
6193.56996299394
 20
831.1786766395886
 30
0.0
 40
10.0
 41
209.2025446627194
 71
     1
 72
     5
  1
5905257 pos.11
 11
-0.0000000000018192
 21
-1.0
 31
0.0
 73
     1
 44
1.0
1001
ACAD
1000
MTEXTBEGIN
1070
    73
1070
     1
1070
    44
1040
1.0
1070
    74
1070
     0
1000
MTEXTEND
  0
LWPOLYLINE
  5
284
330
1F
100
AcDbEntity
  8
5905257
 62
     2
100
AcDbPolyline
 90
       11
 70
     1
 43
0.0
 10
6587.500000633912
 20
758.5765450936207
 10
6587.500000634003
 20
810.7464107086755
 42
0.3088974922544553
 10
6585.591552215399
 20
813.5407827571405
 10
6460.091552215485
 20
862.5642202573599
 42
0.5280035563259831
 10
6456.000000634083
 20
859.769848208905
 10
6456.000000633706
 20
645.0765450938485
 42
0.4142135986154421
 10
6459.000000633702
 20
642.0765450938432
 10
6710.500000633702
 20
642.0765450934044
 42
0.4142135273485426
 10
6713.500000633715
 20
645.0765450933991
 10
6713.500000633906
 20
755.576545093401
 42
0.414213502983781
 10
6710.500000633905
 20
758.576545093406
  0
MTEXT
  5
285
330
1F
100
AcDbEntity
  8
Texto
 62
     2
100
AcDbMText
 10
6471.069962994865
 20
795.0217542524955
 30
0.0
 40
10.0
 41
209.2025446627194
 71
     1
 72
     5
  1
5905257 pos.11
 11
-0.0000000000018192
 21
-1.0
 31
0.0
 73
     1
 44
1.0
1001
ACAD
1000
MTEXTBEGIN
1070
    73
1070
     1
1070
    44
1040
1.0
1070
    74
1070
     0
1000
MTEXTEND
  0
LWPOLYLINE
  5
286
330
1F
100
AcDbEntity
  8
5905257
 62
     2
100
AcDbPolyline
 90
       11
 70
     1
 43
0.0
 10
6850.000000633912
 20
743.4018650914378
 10
6902.169866248965
 20
743.4018650914378
 42
0.3088974475862972
 10
6904.9642382974
 20
745.3103135100474
 10
6953.987675797399
 20
870.8103135100474
 42
0.5280035930310466
 10
6951.193303748967
 20
874.9018650914452
 10
6736.500000633911
 20
874.9018650914452
 42
0.4142135894120559
 10
6733.500000633911
 20
871.9018650914453
 10
6733.500000633911
 20
620.4018650914451
 42
0.4142135181491659
 10
6736.500000633911
 20
617.4018650914379
 10
6847.000000633912
 20
617.4018650914379
 42
0.4142135102813583
 10
6850.000000633912
 20
620.4018650914451
  0
MTEXT
  5
287
330
1F
100
AcDbEntity
  8
Texto
 62
     2
100
AcDbMText
 10
6886.445209792582
 20
859.8319027305491
 30
0.0
 40
10.0
 41
209.2025446627194
 71
     1
 72
     5
  1
5905257 pos.11
 11
-1.0
 21
0.0000000000000001
 31
0.0
 73
     1
 44
1.0
1001
ACAD
1000
MTEXTBEGIN
1070
    73
1070
     1
1070
    44
1040
1.0
1070
    74
1070
     0
1000
MTEXTEND
  0
LWPOLYLINE
  5
288
330
1F
100
AcDbEntity
  8
10388737v0
 62
     2
100
AcDbPolyline
 90
       19
 70
     1
 43
0.0
 10
5378.000000633911
 20
730.8196600999999
 10
5378.000000633911
 20
703.1803398754765
 42
-0.4472135956476939
 10
5378.000000633942
 20
680.8196601000002
 10
5378.000000633942
 20
674.9999999877456
 42
0.4142135510537158
 10
5381.000000633942
 20
671.9999999877455
 10
5540.00000063394
 20
671.9999999877455
 42
0.4142135611986599
 10
5543.000000633941
 20
674.9999999877456
 10
5543.000000633941
 20
748.9999999877457
 42
0.4142135879783393
 10
5540.00000063394
 20
751.9999999877456
 10
5418.000000633941
 20
751.9999999877456
 10
5418.000000633941
 20
858.9999999877457
 42
0.4142135632376248
 10
5415.000000633941
 20
861.9999999877457
 10
5381.000000633942
 20
861.9999999877457
 42
0.4142135380385313
 10
5378.000000633942
 20
858.9999999877457
 10
5378.000000633942
 20
849.4833147608133
 42
-0.5345224864272082
 10
5378.000000633942
 20
834.5166852137463
 10
5378.000000633942
 20
799.4833147608061
 42
-0.534522486933141
 10
5378.000000633942
 20
784.5166852137463
 10
5378.000000633942
 20
753.1803398754838
 42
-0.4472135960745138
  0
CIRCLE
  5
289
330
1F
100
AcDbEntity
  8
10388737v0
 62
     2
100
AcDbCircle
 10
5398.000000633942
 20
841.9999999877457
 30
0.0
 40
7.0
  0
CIRCLE
  5
28A
330
1F
100
AcDbEntity
  8
10388737v0
 62
     2
100
AcDbCircle
 10
5398.000000633942
 20
741.9999999877457
 30
0.0
 40
7.0
  0
CIRCLE
  5
28B
330
1F
100
AcDbEntity
  8
10388737v0
 62
     2
100
AcDbCircle
 10
5513.000000633941
 20
691.9999999877457
 30
0.0
 40
7.0
  0
CIRCLE
  5
28C
330
1F
100
AcDbEntity
  8
10388737v0
 62
     2
100
AcDbCircle
 10
5513.000000633941
 20
731.9999999877457
 30
0.0
 40
7.0
  0
CIRCLE
  5
28D
330
1F
100
AcDbEntity
  8
10388737v0
 62
     2
100
AcDbCircle
 10
5398.000000633942
 20
691.9999999877457
 30
0.0
 40
7.0
  0
CIRCLE
  5
28E
330
1F
100
AcDbEntity
  8
10388737v0
 62
     2
100
AcDbCircle
 10
5398.000000633942
 20
791.9999999877457
 30
0.0
 40
7.0
  0
MTEXT
  5
28F
330
1F
100
AcDbEntity
  8
Texto
 62
     2
100
AcDbMText
 10
5392.279311259832
 20
720.8263829004338
 30
0.0
 40
12.0
 41
206.3204146087337
 71
     1
 72
     5
  1
10388737 pos.24
 73
     1
 44
1.0
1001
ACAD
1000
MTEXTBEGIN
1070
    73
1070
     1
1070
    44
1040
1.0
1070
    74
1070
     0
1000
MTEXTEND
  0
LWPOLYLINE
  5
290
330
1F
100
AcDbEntity
  8
10388737v0
 62
     2
100
AcDbPolyline
 90
       19
 70
     1
 43
0.0
 10
6708.500000633913
 20
953.7215250914382
 10
6708.500000633913
 20
926.082204866922
 42
-0.4472135957451642
 10
6708.500000633941
 20
903.7215250914382
 10
6708.500000633941
 20
897.9018649791763
 42
0.4142135818658835
 10
6711.500000633941
 20
894.9018649791764
 10
6870.50000063394
 20
894.9018649791764
 42
0.4142135920096191
 10
6873.50000063394
 20
897.9018649791763
 10
6873.50000063394
 20
971.9018649791763
 42
0.4142135836599411
 10
6870.50000063394
 20
974.9018649791763
 10
6748.50000063394
 20
974.9018649791763
 10
6748.50000063394
 20
1081.901864979176
 42
0.4142136119005667
 10
6745.50000063394
 20
1084.901864979176
 10
6711.500000633941
 20
1084.901864979176
 42
0.4142135867013569
 10
6708.500000633941
 20
1081.901864979176
 10
6708.500000633941
 20
1072.385179752251
 42
-0.5345224862412482
 10
6708.500000633941
 20
1057.418550205192
 10
6708.500000633941
 20
1022.385179752251
 42
-0.5345224865691449
 10
6708.500000633941
 20
1007.418550205177
 10
6708.500000633941
 20
976.082204866922
 42
-0.447213594992698
  0
CIRCLE
  5
291
330
1F
100
AcDbEntity
  8
10388737v0
 62
     2
100
AcDbCircle
 10
6728.500000633942
 20
1064.901864979191
 30
0.0
 40
7.0
  0
CIRCLE
  5
292
330
1F
100
AcDbEntity
  8
10388737v0
 62
     2
100
AcDbCircle
 10
6728.500000633942
 20
964.9018649791763
 30
0.0
 40
7.0
  0
CIRCLE
  5
293
330
1F
100
AcDbEntity
  8
10388737v0
 62
     2
100
AcDbCircle
 10
6843.500000633942
 20
914.9018649791763
 30
0.0
 40
7.0
  0
CIRCLE
  5
294
330
1F
100
AcDbEntity
  8
10388737v0
 62
     2
100
AcDbCircle
 10
6843.500000633942
 20
954.9018649791763
 30
0.0
 40
7.0
  0
CIRCLE
  5
295
330
1F
100
AcDbEntity
  8
10388737v0
 62
     2
100
AcDbCircle
 10
6728.500000633942
 20
914.9018649791763
 30
0.0
 40
7.0
  0
CIRCLE
  5
296
330
1F
100
AcDbEntity
  8
10388737v0
 62
     2
100
AcDbCircle
 10
6728.500000633942
 20
1014.901864979176
 30
0.0
 40
7.0
  0
MTEXT
  5
297
330
1F
100
AcDbEntity
  8
Texto
 62
     2
100
AcDbMText
 10
6722.779311259832
 20
943.7282478909478
 30
0.0
 40
12.0
 41
206.3204146087337
 71
     1
 72
     5
  1
10388737 pos.24
 73
     1
 44
1.0
1001
ACAD
1000
MTEXTBEGIN
1070
    73
1070
     1
1070
    44
1040
1.0
1070
    74
1070
     0
1000
MTEXTEND
  0
LWPOLYLINE
  5
298
330
1F
100
AcDbEntity
  8
5905257
 62
     2
100
AcDbPolyline
 90
       27
 70
     1
 43
0.0
 10
7094.063216293541
 20
1070.781189039827
 10
7079.09748114476
 20
1084.048697150114
 10
7097.671992499162
 20
1105.000726358409
 10
7090.189124924768
 20
1111.634480413557
 10
7117.387516550855
 20
1142.314237468558
 10
7112.149509248782
 20
1146.957865307158
 42
0.4142135692345427
 10
7107.914522759923
 20
1146.703131251384
 10
6968.103274060606
 20
988.9961902447344
 42
0.1989123605580478
 10
6967.353546668419
 20
986.8259398499713
 10
6975.695462105839
 20
848.1405212033054
 42
0.1989123132100039
 10
6976.699923553802
 20
846.0757851092097
 10
7093.251092901282
 20
742.7501837132029
 42
0.4142135299306772
 10
7097.486079390141
 20
743.004917768977
 10
7117.387341555573
 20
765.4535204921492
 10
7087.455871258007
 20
791.9885367127285
 10
7094.753000718663
 20
800.2196910445576
 10
7079.787265569888
 20
813.4871991548401
 10
7087.084395030545
 20
821.7183534866702
 10
7057.152924732978
 20
848.2533697072497
 10
7076.390811492895
 20
869.9536856729817
 10
7061.425076344112
 20
883.221193783269
 10
7072.702458237857
 20
895.9420686597328
 10
7042.770987940302
 20
922.4770848803023
 10
7071.296130377419
 20
954.6534154501825
 10
7056.330395228632
 20
967.9209235604748
 10
7074.24153117752
 20
988.1246660113285
 10
7044.310060879964
 20
1014.659682231898
  0
CIRCLE
  5
299
330
1F
100
AcDbEntity
  8
5905257
 62
     2
100
AcDbCircle
 10
6999.757747646185
 20
919.181457565123
 30
0.0
 40
9.0
  0
MTEXT
  5
29A
330
1F
100
AcDbEntity
  8
Texto
 62
     2
100
AcDbMText
 10
7063.518550035325
 20
1072.396718481979
 30
0.0
 40
10.0
 41
209.2025446627194
 71
     1
 72
     5
  1
5905257 pos.2
 11
-0.6633754055140444
 21
-0.7482867574393371
 31
0.0
 73
     1
 44
1.0
1001
ACAD
1000
MTEXTBEGIN
1070
    73
1070
     1
1070
    44
1040
1.0
1070
    74
1070
     0
1000
MTEXTEND
  0
LWPOLYLINE
  5
29B
330
1F
100
AcDbEntity
  8
0
 62
     2
100
AcDbPolyline
 90
       16
 70
     1
 43
0.0
 10
7427.500000633912
 20
897.9255812344659
 10
7427.50000063387
 20
873.925581234466
 42
0.4142135552164114
 10
7430.500000633866
 20
870.9255812344606
 10
7494.500000633859
 20
870.9255812343489
 42
-0.4142135885942321
 10
7497.50000063386
 20
867.9255812343436
 10
7497.500000633575
 20
703.9255812343435
 42
0.414213595610865
 10
7500.500000633569
 20
700.9255812343394
 10
7534.500000633568
 20
700.9255812342798
 42
0.4142135502152473
 10
7537.500000633574
 20
703.9255812342738
 10
7537.500000633929
 20
907.9255812342736
 42
0.4142135422572674
 10
7534.500000633935
 20
910.9255812342793
 10
7505.500000633926
 20
910.9255812343297
 42
0.4142135352749
 10
7502.500000633922
 20
907.9255812343349
 10
7502.500000633915
 20
903.925581234335
 42
-0.4142135638728306
 10
7499.500000633917
 20
900.9255812343401
 10
7430.500000633917
 20
900.9255812344607
 42
0.4142135803910327
  0
CIRCLE
  5
29C
330
1F
100
AcDbEntity
  8
0
 62
     2
100
AcDbCircle
 10
7517.500000633615
 20
730.9255812343088
 30
0.0
 40
6.999999999999544
  0
MTEXT
  5
29D
330
1F
100
AcDbEntity
  8
Texto
 62
     2
100
AcDbMText
 10
7534.735095976531
 20
900.9255812342788
 30
0.0
 40
10.0
 41
171.2194965930175
 71
     1
 72
     5
  1
13659317\PPOS.30
 11
-0.0000000000018192
 21
-1.0
 31
0.0
 73
     1
 44
1.0
1001
ACAD
1000
MTEXTBEGIN
1070
    73
1070
     1
1070
    44
1040
1.0
1070
    74
1070
     0
1000
MTEXTEND
  0
LWPOLYLINE
  5
29E
330
1F
100
AcDbEntity
  8
10388737v0
 62
     2
100
AcDbPolyline
 90
       11
 70
     1
 43
0.0
 10
7694.500000633913
 20
971.584681948568
 10
7560.500000633912
 20
971.5846819488017
 42
0.414213535192809
 10
7557.500000633908
 20
968.5846819488071
 10
7557.500000633481
 20
724.5846819488072
 42
0.4142135631635587
 10
7560.500000633476
 20
721.5846819488017
 10
7594.500000633477
 20
721.5846819487425
 42
0.4142135715118819
 10
7597.50000063348
 20
724.5846819487371
 10
7597.500000633842
 20
931.5846819487372
 10
7694.500000633841
 20
931.5846819485679
 42
0.4142135317482871
 10
7697.500000633848
 20
934.5846819485629
 10
7697.500000633907
 20
968.5846819485629
 42
0.4142135314451301
  0
CIRCLE
  5
29F
330
1F
100
AcDbEntity
  8
10388737v0
 62
     2
100
AcDbCircle
 10
7577.500000633502
 20
736.5846819487724
 30
0.0
 40
9.0
  0
CIRCLE
  5
2A0
330
1F
100
AcDbEntity
  8
10388737v0
 62
     2
100
AcDbCircle
 10
7577.50000063357
 20
776.5846819487724
 30
0.0
 40
9.0
  0
MTEXT
  5
2A1
330
1F
100
AcDbEntity
  8
Texto
 62
     2
100
AcDbMText
 10
7584.109253865307
 20
947.2673477324399
 30
0.0
 40
12.0
 41
206.3204146087337
 71
     1
 72
     5
  1
10388737 pos.25
 11
-0.0000000000018192
 21
-1.0
 31
0.0
 73
     1
 44
1.0
1001
ACAD
1000
MTEXTBEGIN
1070
    73
1070
     1
1070
    44
1040
1.0
1070
    74
1070
     0
1000
MTEXTEND
  0
LWPOLYLINE
  5
2A2
330
1F
100
AcDbEntity
  8
0
 62
     2
100
AcDbPolyline
 90
       16
 70
     1
 43
0.0
 10
6713.500000633913
 20
781.5765450936208
 10
6713.500000633913
 20
815.5765450936218
 42
0.4142135641804385
 10
6710.500000633921
 20
818.5765450936218
 10
6691.500000633921
 20
818.5765450936218
 42
-0.4142135662639674
 10
6688.500000633912
 20
821.5765450936208
 10
6688.500000633912
 20
1045.576545093621
 42
0.4142136120134027
 10
6685.500000633912
 20
1048.576545093621
 10
6651.500000633912
 20
1048.576545093621
 42
0.4142135374275555
 10
6648.500000633912
 20
1045.576545093621
 10
6648.500000633912
 20
821.5765450936208
 42
-0.4142135579064652
 10
6645.50000063392
 20
818.5765450936218
 10
6626.500000633921
 20
818.5765450936218
 42
0.4142135920609315
 10
6623.500000633912
 20
815.5765450936218
 10
6623.500000633912
 20
781.5765450936208
 42
0.4142136025046392
 10
6626.500000633921
 20
778.5765450936207
 10
6710.500000633921
 20
778.5765450936207
 42
0.4142135666497814
  0
CIRCLE
  5
2A3
330
1F
100
AcDbEntity
  8
0
 62
     2
100
AcDbCircle
 10
6693.500000633912
 20
798.5765450936208
 30
0.0
 40
9.000000000000056
  0
CIRCLE
  5
2A4
330
1F
100
AcDbEntity
  8
0
 62
     2
100
AcDbCircle
 10
6643.500000633912
 20
798.5765450936208
 30
0.0
 40
9.000000000000056
  0
CIRCLE
  5
2A5
330
1F
100
AcDbEntity
  8
0
 62
     2
100
AcDbCircle
 10
6668.500000633921
 20
958.5765450936207
 30
0.0
 40
9.0
  0
CIRCLE
  5
2A6
330
1F
100
AcDbEntity
  8
0
 62
     2
100
AcDbCircle
 10
6668.500000633921
 20
1028.576545093621
 30
0.0
 40
9.0
  0
MTEXT
  5
2A7
330
1F
100
AcDbEntity
  8
Texto
 62
     2
100
AcDbMText
 10
6654.972153070072
 20
840.2683359457054
 30
0.0
 40
10.0
 41
171.2194965930175
 71
     1
 72
     5
  1
13659317 \PPOS.37
 11
0.0000000000000001
 21
1.0
 31
0.0
 73
     1
 44
1.0
1001
ACAD
1000
MTEXTBEGIN
1070
    73
1070
     1
1070
    44
1040
1.0
1070
    74
1070
     0
1000
MTEXTEND
  0
LWPOLYLINE
  5
2A8
330
1F
100
AcDbEntity
  8
10388739v0
 62
     2
100
AcDbPolyline
 90
       11
 70
     1
 43
0.0
 10
6994.500000633912
 20
705.1664666304574
 10
6994.500000633912
 20
802.1664666304721
 42
0.4142135912083668
 10
6991.500000633912
 20
805.166466630472
 10
6957.500000633912
 20
805.166466630472
 42
0.4142135817886431
 10
6954.500000633912
 20
802.1664666304721
 10
6954.500000633912
 20
668.1664666304721
 42
0.4142135550460805
 10
6957.500000633912
 20
665.166466630472
 10
7126.500000633912
 20
665.166466630472
 42
0.4142135487668465
 10
7129.500000633912
 20
668.1664666304721
 10
7129.500000633912
 20
702.1664666304721
 42
0.4142135566491622
 10
7126.500000633912
 20
705.1664666304574
  0
CIRCLE
  5
2A9
330
1F
100
AcDbEntity
  8
10388739v0
 62
     2
100
AcDbCircle
 10
7029.500000633913
 20
685.1664666304721
 30
0.0
 40
9.0
  0
CIRCLE
  5
2AA
330
1F
100
AcDbEntity
  8
10388739v0
 62
     2
100
AcDbCircle
 10
6974.500000633913
 20
735.1664666304574
 30
0.0
 40
9.0
  0
CIRCLE
  5
2AB
330
1F
100
AcDbEntity
  8
10388739v0
 62
     2
100
AcDbCircle
 10
6974.500000633913
 20
785.1664666304574
 30
0.0
 40
9.0
  0
CIRCLE
  5
2AC
330
1F
100
AcDbEntity
  8
10388739v0
 62
     2
100
AcDbCircle
 10
7109.500000633912
 20
685.1664666304721
 30
0.0
 40
9.0
  0
MTEXT
  5
2AD
330
1F
100
AcDbEntity
  8
Texto
 62
     2
100
AcDbMText
 10
7109.488348308575
 20
692.3406346639901
 30
0.0
 40
10.0
 41
113.8483343638399
 71
     1
 72
     5
  1
10388739 pos.17
 11
-1.0
 21
0.0000000000000001
 31
0.0
 73
     1
 44
1.0
1001
ACAD
1000
MTEXTBEGIN
1070
    73
1070
     1
1070
    44
1040
1.0
1070
    74
1070
     0
1000
MTEXTEND
  0
LWPOLYLINE
  5
2AE
330
1F
100
AcDbEntity
  8
0
 62
     4
100
AcDbPolyline
 90
       12
 70
     1
 43
0.0
 10
5573.916372099526
 20
837.9018650914378
 42
0.4142135951649035
 10
5576.916372099526
 20
840.9018650914378
 10
5576.916372099526
 20
884.9018650914377
 42
-0.4142135673677774
 10
5579.916372099527
 20
887.9018650914378
 10
5863.916372099527
 20
887.9018650914378
 42
0.4142135397655706
 10
5866.916372099526
 20
890.9018650914378
 10
5866.916372099526
 20
924.9018650914381
 42
0.4142135841635417
 10
5863.916372099527
 20
927.901865091438
 10
5539.916372099527
 20
927.901865091438
 42
0.414213611222939
 10
5536.916372099527
 20
924.9018650914381
 10
5536.916372099527
 20
840.9018650914378
 42
0.4142135872671806
 10
5539.916372099527
 20
837.9018650914378
  0
CIRCLE
  5
2AF
330
1F
100
AcDbEntity
  8
0
 62
     4
100
AcDbCircle
 10
5556.916372099527
 20
857.9018650914377
 30
0.0
 40
8.999999999999943
  0
CIRCLE
  5
2B0
330
1F
100
AcDbEntity
  8
0
 62
     4
100
AcDbCircle
 10
5556.916372099527
 20
907.9018650914381
 30
0.0
 40
8.999999999999943
  0
CIRCLE
  5
2B1
330
1F
100
AcDbEntity
  8
0
 62
     4
100
AcDbCircle
 10
5626.916372099527
 20
907.9018650914381
 30
0.0
 40
6.999999999999943
  0
MTEXT
  5
2B2
330
1F
100
AcDbEntity
  8
Texto
 62
     4
100
AcDbMText
 10
5653.754366405175
 20
922.1906088174156
 30
0.0
 40
10.0
 41
171.2194965930175
 71
     1
 72
     5
  1
13659317\PPOS.32
 73
     1
 44
1.0
1001
ACAD
1000
MTEXTBEGIN
1070
    73
1070
     1
1070
    44
1040
1.0
1070
    74
1070
     0
1000
MTEXTEND
  0
LWPOLYLINE
  5
2B3
330
1F
100
AcDbEntity
  8
14219885
 62
     2
100
AcDbPolyline
 90
       11
 70
     1
 43
0.0
 10
5909.000000633913
 20
828.19149322392
 42
0.3708259819232113
 10
5906.44941677215
 20
831.1576397366096
 10
5811.949416772174
 20
845.4758215549507
 42
0.4589744599339293
 10
5808.500000633937
 20
842.5096750422722
 10
5808.500000633737
 20
727.2711876365117
 42
0.4142135549369737
 10
5811.50000063373
 20
724.2711876365064
 10
5996.00000063373
 20
724.2711876361845
 42
0.4142135760253958
 10
5999.000000633737
 20
727.2711876361792
 10
5999.000000633841
 20
787.7711876361792
 42
0.4142135931909582
 10
5996.000000633847
 20
790.7711876361844
 10
5909.000000633847
 20
790.7711876363363
  0
MTEXT
  5
2B4
330
1F
100
AcDbEntity
  8
Texto
 62
     2
100
AcDbMText
 10
5822.511533746005
 20
733.46741108088
 30
0.0
 40
10.0
 41
277.8505833179415
 71
     3
 72
     5
  1
14219885 pos.7
 11
-0.0000000000018192
 21
-1.0
 31
0.0
 73
     1
 44
1.0
1001
ACAD
1000
MTEXTBEGIN
1070
    73
1070
     1
1070
    44
1040
1.0
1070
    74
1070
     0
1000
MTEXTEND
  0
LWPOLYLINE
  5
2B5
330
1F
100
AcDbEntity
  8
10388737v0
 62
     2
100
AcDbPolyline
 90
       11
 70
     1
 43
0.0
 10
5785.500000633913
 20
717.9018650914376
 42
0.4142135620813037
 10
5788.500000633913
 20
720.9018650914376
 10
5788.500000633913
 20
864.9018650914376
 42
0.4142135675563889
 10
5785.500000633913
 20
867.9018650914377
 10
5751.500000633927
 20
867.9018650914377
 42
0.4142135835810802
 10
5748.500000633927
 20
864.9018650914376
 10
5748.500000633927
 20
757.9018650914377
 10
5701.500000633912
 20
757.9018650914377
 42
0.414213594494879
 10
5698.500000633927
 20
754.9018650914376
 10
5698.500000633927
 20
720.9018650914376
 42
0.4142135683825816
 10
5701.500000633912
 20
717.9018650914376
  0
LINE
  5
2B6
330
1F
100
AcDbEntity
  8
10388737v0
 62
     2
100
AcDbLine
 10
5723.500000633912
 20
746.9018650914376
 30
0.0
 11
5713.500000633927
 21
746.9018650914376
 31
0.0
  0
ARC
  5
2B7
330
1F
100
AcDbEntity
  8
0
 62
     2
100
AcDbCircle
 10
5713.50000164545
 20
737.9018650914376
 30
0.0
 40
9.000000000000056
100
AcDbArc
 50
90.00000643956528
 51
269.9999935604347
  0
LINE
  5
2B8
330
1F
100
AcDbEntity
  8
10388737v0
 62
     2
100
AcDbLine
 10
5713.500000633927
 20
728.9018650914377
 30
0.0
 11
5723.500000633912
 21
728.9018650914377
 31
0.0
  0
ARC
  5
2B9
330
1F
100
AcDbEntity
  8
0
 62
     2
100
AcDbCircle
 10
5723.499999622387
 20
737.9018650914376
 30
0.0
 40
9.000000000000056
100
AcDbArc
 50
270.0000064395652
 51
89.99999356043474
  0
LINE
  5
2BA
330
1F
100
AcDbEntity
  8
10388737v0
 62
     2
100
AcDbLine
 10
5773.500000633912
 20
746.9018650914376
 30
0.0
 11
5763.500000633927
 21
746.9018650914376
 31
0.0
  0
ARC
  5
2BB
330
1F
100
AcDbEntity
  8
0
 62
     2
100
AcDbCircle
 10
5763.50000164545
 20
737.9018650914376
 30
0.0
 40
9.000000000000056
100
AcDbArc
 50
90.00000643956528
 51
269.9999935604347
  0
LINE
  5
2BC
330
1F
100
AcDbEntity
  8
10388737v0
 62
     2
100
AcDbLine
 10
5763.500000633927
 20
728.9018650914377
 30
0.0
 11
5773.500000633912
 21
728.9018650914377
 31
0.0
  0
ARC
  5
2BD
330
1F
100
AcDbEntity
  8
0
 62
     2
100
AcDbCircle
 10
5773.499999622387
 20
737.9018650914376
 30
0.0
 40
9.000000000000056
100
AcDbArc
 50
270.0000064395652
 51
89.99999356043474
  0
MTEXT
  5
2BE
330
1F
100
AcDbEntity
  8
Texto
 62
     2
100
AcDbMText
 10
5763.646550723048
 20
756.260279860552
 30
0.0
 40
10.0
 41
206.3204146087337
 71
     1
 72
     5
  1
10388737 pos.20
 11
0.0000000000000001
 21
1.0
 31
0.0
 73
     1
 44
1.0
1001
ACAD
1000
MTEXTBEGIN
1070
    73
1070
     1
1070
    44
1040
1.0
1070
    74
1070
     0
1000
MTEXTEND
  0
LWPOLYLINE
  5
2BF
330
1F
100
AcDbEntity
  8
13660947v0
 62
     2
100
AcDbPolyline
 90
       12
 70
     1
 43
0.0
 10
5648.000000633913
 20
780.9018650914376
 10
5648.000000633913
 20
864.9018650914376
 42
0.4142135174938371
 10
5645.000000633912
 20
867.9018650914523
 10
5611.000000633913
 20
867.9018650914523
 42
0.4142135286589338
 10
5608.000000633913
 20
864.9018650914376
 10
5608.000000633913
 20
820.9018650914524
 42
-0.4142135784747711
 10
5605.000000633912
 20
817.9018650914523
 10
5441.000000633912
 20
817.9018650914523
 42
0.414213543140444
 10
5438.000000633912
 20
814.9018650914523
 10
5438.000000633912
 20
780.9018650914376
 42
0.4142136173037845
 10
5441.000000633912
 20
777.9018650914377
 10
5645.000000633912
 20
777.9018650914377
 42
0.4142136217971981
  0
CIRCLE
  5
2C0
330
1F
100
AcDbEntity
  8
13660947v0
 62
     2
100
AcDbCircle
 10
5458.000000633911
 20
797.9018650914524
 30
0.0
 40
9.0
  0
CIRCLE
  5
2C1
330
1F
100
AcDbEntity
  8
13660947v0
 62
     2
100
AcDbCircle
 10
5533.000000633912
 20
797.9018650914524
 30
0.0
 40
9.0
  0
CIRCLE
  5
2C2
330
1F
100
AcDbEntity
  8
13660947v0
 62
     2
100
AcDbCircle
 10
5628.000000633912
 20
797.9018650914524
 30
0.0
 40
9.000000000000056
  0
CIRCLE
  5
2C3
330
1F
100
AcDbEntity
  8
13660947v0
 62
     2
100
AcDbCircle
 10
5628.000000633912
 20
847.9018650914524
 30
0.0
 40
9.000000000000056
  0
MTEXT
  5
2C4
330
1F
100
AcDbEntity
  8
Texto
 62
     2
100
AcDbMText
 10
5606.757081841209
 20
787.6406044701881
 30
0.0
 40
10.0
 41
116.7759341577257
 71
     1
 72
     5
  1
13660947 \PPOS.48
 11
-1.0
 21
0.0000000000000001
 31
0.0
 73
     1
 44
1.0
1001
ACAD
1000
MTEXTBEGIN
1070
    73
1070
     1
1070
    44
1040
1.0
1070
    74
1070
     0
1000
MTEXTEND
  0
LWPOLYLINE
  5
2C5
330
1F
100
AcDbEntity
  8
mn-24089-14
 62
     2
100
AcDbPolyline
 90
       18
 70
     1
 43
0.0
 10
7655.500000633913
 20
861.5976931661098
 10
7655.500000633913
 20
851.5976931661098
 10
7639.500000633913
 20
851.5976931661098
 10
7639.500000633913
 20
841.597693166117
 10
7617.500000633913
 20
841.597693166117
 10
7617.500000633913
 20
804.5976931661098
 42
0.414213562965313
 10
7620.500000633914
 20
801.5976931661098
 10
7711.500000633913
 20
801.5976931661098
 42
0.4142135809411951
 10
7714.500000633913
 20
804.5976931661098
 10
7714.500000633913
 20
836.5976931661169
 10
7726.500000633913
 20
836.5976931661169
 42
0.4142135575993013
 10
7729.500000633914
 20
839.5976931661097
 10
7729.500000633914
 20
908.5976931661095
 42
0.414213589418416
 10
7726.500000633913
 20
911.5976931661096
 10
7696.500000633914
 20
911.5976931661096
 10
7696.500000633914
 20
881.5976931661097
 10
7680.500000633912
 20
881.5976931661097
 10
7680.500000633912
 20
861.5976931661098
  0
MTEXT
  5
2C6
330
1F
100
AcDbEntity
  8
Texto
 62
     2
100
AcDbMText
 10
7705.644151215153
 20
807.7535602211684
 30
0.0
 40
5.0
 41
76.18197425666766
 71
     1
 72
     5
  1
mn-24089-14
 11
-1.0
 21
0.0000000000000001
 31
0.0
 73
     1
 44
1.0
1001
ACAD
1000
MTEXTBEGIN
1070
    73
1070
     1
1070
    44
1040
1.0
1070
    74
1070
     0
1000
MTEXTEND
  0
LWPOLYLINE
  5
2C7
330
1F
100
AcDbEntity
  8
mn-24089-14
 62
     2
100
AcDbPolyline
 90
       18
 70
     1
 43
0.0
 10
7339.46010170856
 20
1574.9936801
 10
7331.975564796225
 20
1581.625550666273
 10
7342.58655770227
 20
1593.600809726012
 10
7335.102020789925
 20
1600.232680292295
 10
7349.692136035739
 20
1616.698661499437
 10
7321.99934946009
 20
1641.236582594664
 42
0.414213557659834
 10
7317.764427216509
 20
1640.98078269084
 10
7257.414405063386
 20
1572.871496788569
 42
0.4142135736996593
 10
7257.670204967197
 20
1568.636574544989
 10
7281.620723086678
 20
1547.414588732902
 10
7273.662478407143
 20
1538.433144438096
 42
0.4142135780925282
 10
7273.918278310969
 20
1534.198222194507
 10
7325.561583006098
 20
1488.438315287193
 42
0.4142135978933841
 10
7329.796505249676
 20
1488.694115191016
 10
7349.692116948509
 20
1511.147725928029
 10
7327.238506211502
 20
1531.043337626856
 10
7337.849499117547
 20
1543.018596686597
 10
7322.880425292868
 20
1556.282337819156
  0
MTEXT
  5
2C8
330
1F
100
AcDbEntity
  8
Texto
 62
     2
100
AcDbMText
 10
7265.905310022867
 20
1573.171837548736
 30
0.0
 40
5.0
 41
76.18197425666766
 71
     1
 72
     5
  1
mn-24089-14
 11
0.6631870566274226
 21
0.7484536912340375
 31
0.0
 73
     1
 44
1.0
1001
ACAD
1000
MTEXTBEGIN
1070
    73
1070
     1
1070
    44
1040
1.0
1070
    74
1070
     0
1000
MTEXTEND
  0
LWPOLYLINE
  5
2C9
330
1F
100
AcDbEntity
  8
mn-24089-14
 62
     2
100
AcDbPolyline
 90
       18
 70
     1
 43
0.0
 10
7285.816143942382
 20
719.1664647173463
 10
7292.44801450865
 20
726.651001629673
 10
7304.423273568393
 20
716.0400087236289
 10
7311.055144134669
 20
723.5245456359665
 10
7327.521125341812
 20
708.9344303901561
 10
7352.059046437045
 20
736.6272169658159
 42
0.414213595655042
 10
7351.803246533219
 20
740.8621392093895
 10
7283.693960630947
 20
801.2121613625149
 42
0.4142135876080447
 10
7279.459038387376
 20
800.9563614587076
 10
7258.237052575275
 20
777.0058433392166
 10
7249.255608280471
 20
784.964088018749
 42
0.4142135918086029
 10
7245.020686036887
 20
784.7082881149312
 10
7199.260779129571
 20
733.0649834198022
 42
0.4142135567903827
 10
7199.516579033399
 20
728.8300611762288
 10
7221.970189770411
 20
708.9344494773961
 10
7241.865801469234
 20
731.3880602143979
 10
7253.841060528974
 20
720.777067308354
 10
7267.104801661537
 20
735.7461411330397
  0
MTEXT
  5
2CA
330
1F
100
AcDbEntity
  8
Texto
 62
     2
100
AcDbMText
 10
7283.994301390496
 20
792.7212564023342
 30
0.0
 40
5.0
 41
76.18197425666766
 71
     1
 72
     5
  1
mn-24089-14
 11
0.7484536912335984
 21
-0.6631870566279181
 31
0.0
 73
     1
 44
1.0
1001
ACAD
1000
MTEXTBEGIN
1070
    73
1070
     1
1070
    44
1040
1.0
1070
    74
1070
     0
1000
MTEXTEND
  0
LWPOLYLINE
  5
2CB
330
1F
100
AcDbEntity
  8
mn-24089-14
 62
     2
100
AcDbPolyline
 90
       18
 70
     1
 43
0.0
 10
6554.500000633912
 20
968.5765450936207
 10
6554.500000633912
 20
958.5765450936351
 10
6538.500000633913
 20
958.5765450936351
 10
6538.500000633913
 20
948.5765450936352
 10
6516.500000633913
 20
948.5765450936352
 10
6516.500000633913
 20
911.5765450936207
 42
0.414213593011748
 10
6519.500000633913
 20
908.5765450936351
 10
6610.500000633912
 20
908.5765450936351
 42
0.414213590254032
 10
6613.500000633912
 20
911.5765450936207
 10
6613.500000633912
 20
943.5765450936353
 10
6625.500000633913
 20
943.5765450936353
 42
0.4142135943703441
 10
6628.500000633912
 20
946.5765450936352
 10
6628.500000633912
 20
1015.576545093635
 42
0.4142135594349038
 10
6625.500000633913
 20
1018.576545093621
 10
6595.500000633911
 20
1018.576545093621
 10
6595.500000633911
 20
988.5765450936352
 10
6579.500000633912
 20
988.5765450936352
 10
6579.500000633912
 20
968.5765450936207
  0
MTEXT
  5
2CC
330
1F
100
AcDbEntity
  8
Texto
 62
     2
100
AcDbMText
 10
6604.644151215151
 20
914.7324121486864
 30
0.0
 40
5.0
 41
76.18197425666766
 71
     1
 72
     5
  1
mn-24089-14
 11
-1.0
 21
0.0000000000000001
 31
0.0
 73
     1
 44
1.0
1001
ACAD
1000
MTEXTBEGIN
1070
    73
1070
     1
1070
    44
1040
1.0
1070
    74
1070
     0
1000
MTEXTEND
  0
LWPOLYLINE
  5
2CD
330
1F
100
AcDbEntity
  8
mn-24089-14
 62
     2
100
AcDbPolyline
 90
       18
 70
     1
 43
0.0
 10
7181.923838980189
 20
865.6658703889199
 10
7172.264580717312
 20
863.0776799378985
 10
7168.123475995672
 20
878.5324931585227
 10
7158.464217732781
 20
875.9443027074974
 10
7152.770198740526
 20
897.1946708858569
 10
7117.030943167816
 20
887.61836621706
 42
0.4142135846077971
 10
7114.909622824271
 20
883.944131602889
 10
7138.4621559286
 20
796.0448814105837
 42
0.4142135986566658
 10
7142.136390542761
 20
793.9235610670201
 10
7173.046016984024
 20
802.2057705103046
 10
7176.151845525255
 20
790.6146605948358
 42
0.4142136030200028
 10
7179.826080139431
 20
788.4933402512761
 10
7246.474962153374
 20
806.3518543633501
 42
0.4142135678376245
 10
7248.596282496921
 20
810.0260889775212
 10
7240.831711143846
 20
839.0038637661932
 10
7211.853936355187
 20
831.2392924131213
 10
7207.712831633547
 20
846.6941056337473
 10
7188.394315107752
 20
841.5177247316933
  0
MTEXT
  5
2CE
330
1F
100
AcDbEntity
  8
Texto
 62
     2
100
AcDbMText
 10
7142.892661545449
 20
803.2944532319902
 30
0.0
 40
5.0
 41
76.18197425666766
 71
     1
 72
     5
  1
mn-24089-14
 11
-0.2588190451024271
 21
0.9659258262890933
 31
0.0
 73
     1
 44
1.0
1001
ACAD
1000
MTEXTBEGIN
1070
    73
1070
     1
1070
    44
1040
1.0
1070
    74
1070
     0
1000
MTEXTEND
  0
LWPOLYLINE
  5
2CF
330
1F
100
AcDbEntity
  8
Stats
 62
   151
100
AcDbPolyline
 90
        5
 70
     1
 43
0.0
 10
5250.000000419999
 20
-25.0
 10
5500.000000419999
 20
-25.0
 10
5500.000000419999
 20
-105.0
 10
5250.000000419999
 20
-105.0
 10
5250.000000419999
 20
-25.0
  0
TEXT
  5
2D0
330
1F
100
AcDbEntity
  8
Stats
 62
    60
100
AcDbText
 10
5252.000000419999
 20
-37.0
 30
0.0
 40
10.0
  1
Production Qty: 1
100
AcDbText
  0
TEXT
  5
2D1
330
1F
100
AcDbEntity
  8
Stats
 62
    60
100
AcDbText
 10
5252.000000419999
 20
-49.0
 30
0.0
 40
10.0
  1
Sheet 3 (2500,00 x 1860,00)
100
AcDbText
  0
TEXT
  5
2D2
330
1F
100
AcDbEntity
  8
Stats
 62
    60
100
AcDbText
 10
5252.000000419999
 20
-61.0
 30
0.0
 40
10.0
  1
Parts Nested: 80
100
AcDbText
  0
TEXT
  5
2D3
330
1F
100
AcDbEntity
  8
Stats
 62
    60
100
AcDbText
 10
5252.000000419999
 20
-73.0
 30
0.0
 40
10.0
  1
Util (Nest): 67,14%
100
AcDbText
  0
TEXT
  5
2D4
330
1F
100
AcDbEntity
  8
Stats
 62
    60
100
AcDbText
 10
5252.000000419999
 20
-85.0
 30
0.0
 40
10.0
  1
Util (Sheet): 64,65%
100
AcDbText
  0
TEXT
  5
2D5
330
1F
100
AcDbEntity
  8
Stats
 62
    60
100
AcDbText
 10
5252.000000419999
 20
-97.0
 30
0.0
 40
10.0
  1
Cut Distance: 87572,78mm
100
AcDbText
  0
LWPOLYLINE
  5
74A
330
1F
100
AcDbEntity
  8
Rebaixo
 62
     6
100
AcDbPolyline
 90
        4
 70
     1
 43
0.0
 10
5917.106351095075
 20
1767.000707261507
 10
6038.277796691398
 20
1696.875955767241
 10
5902.035422360114
 20
1461.457147180345
 10
5780.863976763821
 20
1531.581898674612
  0
LWPOLYLINE
  5
74B
330
1F
100
AcDbEntity
  8
Rebaixo
 62
     6
100
AcDbPolyline
 90
        4
 70
     1
 43
0.0
 10
6297.106351095074
 20
1767.000707261507
 10
6175.934905498781
 20
1696.875955767241
 10
6312.177279830034
 20
1461.457147180345
 10
6433.348725426357
 20
1531.581898674612
  0
MTEXT
  5
74C
330
1F
100
AcDbEntity
  8
Rebaixo
 62
     6
100
AcDbMText
 10
6343.251417462245
 20
1595.261488029976
 30
0.0
 40
20.0
 41
96.58629630046744
 71
     1
 72
     5
  1
reb 20
 11
-1.0
 21
0.0000000000000001
 31
0.0
 73
     1
 44
1.0
1001
ACAD
1000
ACAD_MTEXT_COLUMN_INFO_BEGIN
1070
    75
1070
     2
1070
    79
1070
     0
1070
    76
1070
     1
1070
    78
1070
     0
1070
    48
1040
96.58629630046744
1070
    49
1040
12.5
1070
    50
1070
     1
1040
0.0
1000
ACAD_MTEXT_COLUMN_INFO_END
1000
MTEXTBEGIN
1070
    73
1070
     1
1070
    44
1040
1.0
1070
    74
1070
     0
1000
MTEXTEND
  0
MTEXT
  5
74D
330
1F
100
AcDbEntity
  8
Rebaixo
 62
     6
100
AcDbMText
 10
5959.140689709163
 20
1595.261488029976
 30
0.0
 40
20.0
 41
96.58629630046744
 71
     1
 72
     5
  1
reb 20
 11
-1.0
 21
0.0000000000000001
 31
0.0
 73
     1
 44
1.0
1001
ACAD
1000
ACAD_MTEXT_COLUMN_INFO_BEGIN
1070
    75
1070
     2
1070
    79
1070
     0
1070
    76
1070
     1
1070
    78
1070
     0
1070
    48
1040
96.58629630046744
1070
    49
1040
12.5
1070
    50
1070
     1
1040
0.0
1000
ACAD_MTEXT_COLUMN_INFO_END
1000
MTEXTBEGIN
1070
    73
1070
     1
1070
    44
1040
1.0
1070
    74
1070
     0
1000
MTEXTEND
  0
CIRCLE
  5
875
330
1F
100
AcDbEntity
  8
0
  6
Continuous
 62
     4
370
    25
100
AcDbCircle
 10
5846.916372099528
 20
907.9018650914379
 30
0.0
 40
9.0
  0
LWPOLYLINE
  5
876
330
1F
100
AcDbEntity
  8
Rebaixo
  6
Continuous
 62
     4
370
    25
100
AcDbPolyline
 90
        4
 70
     1
 43
0.0
 10
5821.916372099527
 20
937.9018650914378
 10
5876.916372099527
 20
937.9018650914378
 10
5876.916372099527
 20
877.9018650914379
 10
5821.916372099527
 20
877.9018650914379
  0
MTEXT
  5
877
330
1F
100
AcDbEntity
  8
Rebaixo
 62
     4
100
AcDbMText
 10
5845.765791325554
 20
896.0067645984539
 30
0.0
 40
5.0
 41
44.14386609117719
 71
     1
 72
     5
  1
reb15
 73
     1
 44
1.0
1001
ACAD
1000
ACAD_MTEXT_COLUMN_INFO_BEGIN
1070
    75
1070
     2
1070
    79
1070
     0
1070
    76
1070
     1
1070
    78
1070
     0
1070
    48
1040
44.14386609117719
1070
    49
1040
12.5
1070
    50
1070
     1
1040
0.0
1000
ACAD_MTEXT_COLUMN_INFO_END
1000
MTEXTBEGIN
1070
    73
1070
     1
1070
    44
1040
1.0
1070
    74
1070
     0
1000
MTEXTEND
  0
CIRCLE
  5
878
330
1F
100
AcDbEntity
  8
0
  6
Continuous
 62
     4
370
    25
100
AcDbCircle
 10
7362.732697019656
 20
498.0468693889197
 30
0.0
 40
9.0
  0
LWPOLYLINE
  5
879
330
1F
100
AcDbEntity
  8
Rebaixo
  6
Continuous
 62
     4
370
    25
100
AcDbPolyline
 90
        4
 70
     1
 43
0.0
 10
7337.732697019657
 20
528.0468693889197
 10
7392.732697019656
 20
528.0468693889197
 10
7392.732697019656
 20
468.0468693889197
 10
7337.732697019657
 20
468.0468693889197
  0
MTEXT
  5
87A
330
1F
100
AcDbEntity
  8
Rebaixo
 62
     4
100
AcDbMText
 10
7361.582116245681
 20
486.1517688959357
 30
0.0
 40
5.0
 41
44.14386609117719
 71
     1
 72
     5
  1
reb15
 73
     1
 44
1.0
1001
ACAD
1000
ACAD_MTEXT_COLUMN_INFO_BEGIN
1070
    75
1070
     2
1070
    79
1070
     0
1070
    76
1070
     1
1070
    78
1070
     0
1070
    48
1040
44.14386609117719
1070
    49
1040
12.5
1070
    50
1070
     1
1040
0.0
1000
ACAD_MTEXT_COLUMN_INFO_END
1000
MTEXTBEGIN
1070
    73
1070
     1
1070
    44
1040
1.0
1070
    74
1070
     0
1000
MTEXTEND
  0
LWPOLYLINE
  5
898
330
1F
100
AcDbEntity
  8
Rebaixo
  6
Continuous
 62
     4
370
    25
100
AcDbPolyline
 90
        8
 70
     1
 43
0.0
 10
5263.000000633912
 20
152.294848100001
 10
5363.000000633912
 20
152.294848100001
 42
0.4142135623730951
 10
5368.000000633912
 20
157.294848100001
 10
5368.000000633912
 20
217.294848100001
 42
0.4142135623730951
 10
5363.000000633912
 20
222.294848100001
 10
5263.000000633912
 20
222.294848100001
 42
0.4142135623730951
 10
5258.000000633913
 20
217.294848100001
 10
5258.000000633913
 20
157.294848100001
 42
0.4142135623730951
  0
CIRCLE
  5
899
330
1F
100
AcDbEntity
  8
10388739v0
  6
Continuous
 62
     4
370
    25
100
AcDbCircle
 10
5338.000000633912
 20
182.294848100001
 30
0.0
 40
9.000000000000568
  0
CIRCLE
  5
89A
330
1F
100
AcDbEntity
  8
10388739v0
  6
Continuous
 62
     4
370
    25
100
AcDbCircle
 10
5288.000000633912
 20
182.294848100001
 30
0.0
 40
9.000000000000568
  0
MTEXT
  5
89B
330
1F
100
AcDbEntity
  8
Rebaixo
  6
Continuous
 62
     4
370
    25
100
AcDbMText
 10
5302.562200179937
 20
160.8001731466599
 30
0.0
 40
10.0
 41
47.49134254712771
 71
     1
 72
     5
  1
reb 10
 11
0.0000000000000001
 21
1.0
 31
0.0
 73
     1
 44
1.0
1001
ACAD
1000
ACAD_MTEXT_COLUMN_INFO_BEGIN
1070
    75
1070
     2
1070
    79
1070
     0
1070
    76
1070
     1
1070
    78
1070
     0
1070
    48
1040
47.49134254712771
1070
    49
1040
12.5
1070
    50
1070
     1
1040
0.0
1000
ACAD_MTEXT_COLUMN_INFO_END
1000
MTEXTBEGIN
1070
    73
1070
     1
1070
    44
1040
1.0
1070
    74
1070
     0
1000
MTEXTEND
  0
ENDSEC
  0
SECTION
  2
OBJECTS
  0
DICTIONARY
  5
C
330
0
100
AcDbDictionary
281
     1
  3
ACAD_CIP_PREVIOUS_PRODUCT_INFO
350
42D
  3
ACAD_COLOR
350
3D2
  3
ACAD_DETAILVIEWSTYLE
350
42A
  3
ACAD_FIELDLIST
350
3D3
  3
ACAD_GROUP
350
D
  3
ACAD_IMAGE_DICT
350
3D4
  3
ACAD_LAST_SAVED_VERSION_INFO
350
A48
  3
ACAD_LAYOUT
350
1A
  3
ACAD_MATERIAL
350
3D5
  3
ACAD_MLEADERSTYLE
350
3D6
  3
ACAD_MLINESTYLE
350
17
  3
ACAD_PLOTSETTINGS
350
19
  3
ACAD_PLOTSTYLENAME
350
E
  3
ACAD_SCALELIST
350
3C0
  3
ACAD_SECTIONVIEWSTYLE
350
428
  3
ACAD_TABLESTYLE
350
3D8
  3
ACAD_VISUALSTYLE
350
3E0
  3
ACDB_RECOMPOSE_DATA
350
A7E
  3
AcDbVariableDictionary
350
3DD
  3
DWGPROPS
350
A7F
  0
DICTIONARY
  5
437
330
2
100
AcDbDictionary
280
     1
281
     1
  3
ACAD_LAYERSTATES
360
438
  0
DICTIONARY
  5
A49
330
10
100
AcDbDictionary
280
     1
281
     1
  3
ADSK_XREC_LAYER_RECONCILED
360
A4A
  0
DICTIONARY
  5
A4B
330
27
100
AcDbDictionary
280
     1
281
     1
  3
ADSK_XREC_LAYER_RECONCILED
360
A4C
  0
DICTIONARY
  5
A4D
330
28
100
AcDbDictionary
280
     1
281
     1
  3
ADSK_XREC_LAYER_RECONCILED
360
A4E
  0
DICTIONARY
  5
A4F
330
29
100
AcDbDictionary
280
     1
281
     1
  3
ADSK_XREC_LAYER_RECONCILED
360
A50
  0
DICTIONARY
  5
A51
330
2A
100
AcDbDictionary
280
     1
281
     1
  3
ADSK_XREC_LAYER_RECONCILED
360
A52
  0
DICTIONARY
  5
A53
330
2B
100
AcDbDictionary
280
     1
281
     1
  3
ADSK_XREC_LAYER_RECONCILED
360
A54
  0
DICTIONARY
  5
A55
330
2C
100
AcDbDictionary
280
     1
281
     1
  3
ADSK_XREC_LAYER_RECONCILED
360
A56
  0
DICTIONARY
  5
A57
330
2D
100
AcDbDictionary
280
     1
281
     1
  3
ADSK_XREC_LAYER_RECONCILED
360
A58
  0
DICTIONARY
  5
A59
330
2E
100
AcDbDictionary
280
     1
281
     1
  3
ADSK_XREC_LAYER_RECONCILED
360
A5A
  0
DICTIONARY
  5
A5B
330
2F
100
AcDbDictionary
280
     1
281
     1
  3
ADSK_XREC_LAYER_RECONCILED
360
A5C
  0
DICTIONARY
  5
A5D
330
30
100
AcDbDictionary
280
     1
281
     1
  3
ADSK_XREC_LAYER_RECONCILED
360
A5E
  0
DICTIONARY
  5
A5F
330
31
100
AcDbDictionary
280
     1
281
     1
  3
ADSK_XREC_LAYER_RECONCILED
360
A60
  0
DICTIONARY
  5
A61
330
32
100
AcDbDictionary
280
     1
281
     1
  3
ADSK_XREC_LAYER_RECONCILED
360
A62
  0
DICTIONARY
  5
A63
330
33
100
AcDbDictionary
280
     1
281
     1
  3
ADSK_XREC_LAYER_RECONCILED
360
A64
  0
DICTIONARY
  5
A65
330
34
100
AcDbDictionary
280
     1
281
     1
  3
ADSK_XREC_LAYER_RECONCILED
360
A66
  0
DICTIONARY
  5
A67
330
35
100
AcDbDictionary
280
     1
281
     1
  3
ADSK_XREC_LAYER_RECONCILED
360
A68
  0
DICTIONARY
  5
A69
330
36
100
AcDbDictionary
280
     1
281
     1
  3
ADSK_XREC_LAYER_RECONCILED
360
A6A
  0
DICTIONARY
  5
A6B
330
37
100
AcDbDictionary
280
     1
281
     1
  3
ADSK_XREC_LAYER_RECONCILED
360
A6C
  0
DICTIONARY
  5
A6D
330
38
100
AcDbDictionary
280
     1
281
     1
  3
ADSK_XREC_LAYER_RECONCILED
360
A6E
  0
DICTIONARY
  5
A6F
330
39
100
AcDbDictionary
280
     1
281
     1
  3
ADSK_XREC_LAYER_RECONCILED
360
A70
  0
DICTIONARY
  5
A71
330
3A
100
AcDbDictionary
280
     1
281
     1
  3
ADSK_XREC_LAYER_RECONCILED
360
A72
  0
DICTIONARY
  5
A73
330
3B
100
AcDbDictionary
280
     1
281
     1
  3
ADSK_XREC_LAYER_RECONCILED
360
A74
  0
XRECORD
  5
42D
102
{ACAD_REACTORS
330
C
102
}
330
C
100
AcDbXrecord
280
     1
300
ACDLT
300
2025
300

  0
DICTIONARY
  5
3D2
102
{ACAD_REACTORS
330
C
102
}
330
C
100
AcDbDictionary
281
     1
  0
DICTIONARY
  5
42A
102
{ACAD_REACTORS
330
C
102
}
330
C
100
AcDbDictionary
281
     1
  3
Metric50
350
42B
  0
FIELDLIST
  5
3D3
102
{ACAD_REACTORS
330
C
102
}
330
C
100
AcDbIdSet
 90
        0
100
AcDbFieldList
  0
DICTIONARY
  5
D
102
{ACAD_REACTORS
330
C
102
}
330
C
100
AcDbDictionary
281
     1
  0
DICTIONARY
  5
3D4
102
{ACAD_REACTORS
330
C
102
}
330
C
100
AcDbDictionary
281
     1
  0
XRECORD
  5
A48
102
{ACAD_REACTORS
330
C
102
}
330
C
100
AcDbXrecord
280
     1
300
{C8212007-DD08-D840-833B-E2C991598830}
301
{8BE9BDAB-3CE4-A149-B4F9-C280A2903A5B}
302
{C8212007-DD08-D840-833B-E2C991598830}
303

  0
DICTIONARY
  5
1A
102
{ACAD_REACTORS
330
C
102
}
330
C
100
AcDbDictionary
281
     1
  3
Layout1
350
1E
  3
Model
350
22
  0
DICTIONARY
  5
3D5
102
{ACAD_REACTORS
330
C
102
}
330
C
100
AcDbDictionary
281
     1
  3
ByBlock
350
3EF
  3
ByLayer
350
3E7
  3
Global
350
3F7
  0
DICTIONARY
  5
3D6
102
{ACAD_REACTORS
330
C
102
}
330
C
100
AcDbDictionary
281
     1
  3
Standard
350
3D7
  0
DICTIONARY
  5
17
102
{ACAD_REACTORS
330
C
102
}
330
C
100
AcDbDictionary
281
     1
  3
STANDARD
350
18
  0
DICTIONARY
  5
19
102
{ACAD_REACTORS
330
C
102
}
330
C
100
AcDbDictionary
281
     1
  0
ACDBDICTIONARYWDFLT
  5
E
102
{ACAD_REACTORS
330
C
102
}
330
C
100
AcDbDictionary
281
     1
  3
Normal
350
F
100
AcDbDictionaryWithDefault
340
F
  0
DICTIONARY
  5
3C0
102
{ACAD_REACTORS
330
C
102
}
330
C
100
AcDbDictionary
281
     1
  3
A0
350
417
  3
A1
350
418
  3
A2
350
419
  3
A3
350
41A
  3
A4
350
41B
  3
A5
350
41C
  3
A6
350
41D
  3
A7
350
41E
  3
A8
350
41F
  3
A9
350
420
  3
B0
350
421
  3
B1
350
422
  3
B2
350
423
  3
B3
350
424
  3
B4
350
425
  3
B5
350
426
  3
B6
350
427
  0
DICTIONARY
  5
428
102
{ACAD_REACTORS
330
C
102
}
330
C
100
AcDbDictionary
281
     1
  3
Metric50
350
429
  0
DICTIONARY
  5
3D8
102
{ACAD_REACTORS
330
C
102
}
330
C
100
AcDbDictionary
281
     1
  3
Standard
350
3D9
  0
DICTIONARY
  5
3E0
102
{ACAD_REACTORS
330
C
102
}
330
C
100
AcDbDictionary
281
     1
  3
2dWireframe
350
404
  3
Basic
350
403
  3
Brighten
350
40A
  3
ColorChange
350
40E
  3
Conceptual
350
407
  3
Dim
350
409
  3
EdgeColorOff
350
416
  3
Facepattern
350
40D
  3
Flat
350
3FF
  3
FlatWithEdges
350
400
  3
Gouraud
350
401
  3
GouraudWithEdges
350
402
  3
Hidden
350
406
  3
JitterOff
350
414
  3
Linepattern
350
40C
  3
OverhangOff
350
415
  3
Realistic
350
408
  3
Shaded
350
413
  3
Shaded with edges
350
412
  3
Shades of Gray
350
40F
  3
Sketchy
350
410
  3
Thicken
350
40B
  3
Wireframe
350
405
  3
X-Ray
350
411
  0
XRECORD
  5
A7E
102
{ACAD_REACTORS
330
C
102
}
330
C
100
AcDbXrecord
280
     1
 90
        1
330
3D9
330
74C
330
74D
330
877
330
87A
330
89B
  0
DICTIONARY
  5
3DD
102
{ACAD_REACTORS
330
C
102
}
330
C
100
AcDbDictionary
281
     1
  3
CANNOSCALE
350
A79
  3
CMLEADERSTYLE
350
A76
  3
CTABLESTYLE
350
A75
  3
CVIEWDETAILSTYLE
350
A77
  3
CVIEWSECTIONSTYLE
350
A78
  3
DIMASSOC
350
3DE
  3
HIDETEXT
350
3DF
  3
INDEXCTL
350
A7B
  3
SORTENTS
350
A7A
  3
XCLIPFRAME
350
A7C
  0
XRECORD
  5
A7F
102
{ACAD_REACTORS
330
C
102
}
330
C
100
AcDbXrecord
280
     1
  1
DWGPROPS COOKIE
  2

  3

  4

  6

  7

  8
CristianoRVBIsolante
  9

300
=
301
=
302
=
303
=
304
=
305
=
306
=
307
=
308
=
309
=
 40
0.0043865740740741
 41
2461112.037465277
 42
2461112.541898148
  1

 90
        0
  0
DICTIONARY
  5
438
102
{ACAD_REACTORS
330
437
102
}
330
437
100
AcDbDictionary
281
     1
  0
XRECORD
  5
A4A
102
{ACAD_REACTORS
330
A49
102
}
330
A49
100
AcDbXrecord
280
     1
290
     1
  0
XRECORD
  5
A4C
102
{ACAD_REACTORS
330
A4B
102
}
330
A4B
100
AcDbXrecord
280
     1
290
     1
  0
XRECORD
  5
A4E
102
{ACAD_REACTORS
330
A4D
102
}
330
A4D
100
AcDbXrecord
280
     1
290
     1
  0
XRECORD
  5
A50
102
{ACAD_REACTORS
330
A4F
102
}
330
A4F
100
AcDbXrecord
280
     1
290
     1
  0
XRECORD
  5
A52
102
{ACAD_REACTORS
330
A51
102
}
330
A51
100
AcDbXrecord
280
     1
290
     1
  0
XRECORD
  5
A54
102
{ACAD_REACTORS
330
A53
102
}
330
A53
100
AcDbXrecord
280
     1
290
     1
  0
XRECORD
  5
A56
102
{ACAD_REACTORS
330
A55
102
}
330
A55
100
AcDbXrecord
280
     1
290
     1
  0
XRECORD
  5
A58
102
{ACAD_REACTORS
330
A57
102
}
330
A57
100
AcDbXrecord
280
     1
290
     1
  0
XRECORD
  5
A5A
102
{ACAD_REACTORS
330
A59
102
}
330
A59
100
AcDbXrecord
280
     1
290
     1
  0
XRECORD
  5
A5C
102
{ACAD_REACTORS
330
A5B
102
}
330
A5B
100
AcDbXrecord
280
     1
290
     1
  0
XRECORD
  5
A5E
102
{ACAD_REACTORS
330
A5D
102
}
330
A5D
100
AcDbXrecord
280
     1
290
     1
  0
XRECORD
  5
A60
102
{ACAD_REACTORS
330
A5F
102
}
330
A5F
100
AcDbXrecord
280
     1
290
     1
  0
XRECORD
  5
A62
102
{ACAD_REACTORS
330
A61
102
}
330
A61
100
AcDbXrecord
280
     1
290
     1
  0
XRECORD
  5
A64
102
{ACAD_REACTORS
330
A63
102
}
330
A63
100
AcDbXrecord
280
     1
290
     1
  0
XRECORD
  5
A66
102
{ACAD_REACTORS
330
A65
102
}
330
A65
100
AcDbXrecord
280
     1
290
     1
  0
XRECORD
  5
A68
102
{ACAD_REACTORS
330
A67
102
}
330
A67
100
AcDbXrecord
280
     1
290
     1
  0
XRECORD
  5
A6A
102
{ACAD_REACTORS
330
A69
102
}
330
A69
100
AcDbXrecord
280
     1
290
     1
  0
XRECORD
  5
A6C
102
{ACAD_REACTORS
330
A6B
102
}
330
A6B
100
AcDbXrecord
280
     1
290
     1
  0
XRECORD
  5
A6E
102
{ACAD_REACTORS
330
A6D
102
}
330
A6D
100
AcDbXrecord
280
     1
290
     1
  0
XRECORD
  5
A70
102
{ACAD_REACTORS
330
A6F
102
}
330
A6F
100
AcDbXrecord
280
     1
290
     1
  0
XRECORD
  5
A72
102
{ACAD_REACTORS
330
A71
102
}
330
A71
100
AcDbXrecord
280
     1
290
     1
  0
XRECORD
  5
A74
102
{ACAD_REACTORS
330
A73
102
}
330
A73
100
AcDbXrecord
280
     1
290
     1
  0
ACDBDETAILVIEWSTYLE
  5
42B
102
{ACAD_XDICTIONARY
360
ABA
102
}
102
{ACAD_REACTORS
330
42A
102
}
330
42A
100
AcDbModelDocViewStyle
 70
     0
  3
Metric50
290
     0
100
AcDbDetailViewStyle
 70
     0
 71
     0
 90
        3
 71
     1
340
11
 40
5.0
340
0
 40
5.0
300

 40
0.0
280
     1
 71
     2
340
16
 90
       25
 71
     3
340
11
 40
5.0
 90
        0
 40
15.0
 90
        1
300
%<\AcVar ViewDetailId>% (%<\AcVar ViewScale \f "%sn">%)
 71
     4
340
16
 90
       25
340
16
 90
       25
280
     0
  0
LAYOUT
  5
1E
102
{ACAD_XDICTIONARY
360
A80
102
}
102
{ACAD_REACTORS
330
1A
102
}
330
1A
100
AcDbPlotSettings
  1

  2
C:\Program Files\AutoCAD 2002\plotters\DWF ePlot (optimized for plotting).pc3
  4

  6

 40
0.0
 41
0.0
 42
0.0
 43
0.0
 44
0.0
 45
0.0
 46
0.0
 47
0.0
 48
0.0
 49
0.0
140
0.0
141
0.0
142
1.0
143
1.0
 70
   688
 72
     1
 73
     1
 74
     1
  7
acad.stb
 75
    16
147
1.0
148
0.0
149
0.0
100
AcDbLayout
  1
Layout1
 70
     1
 71
     1
 10
0.0
 20
0.0
 11
0.0
 21
0.0
 12
0.0
 22
0.0
 32
0.0
 14
1.000000000000000E+20
 24
1.000000000000000E+20
 34
1.000000000000000E+20
 15
-1.000000000000000E+20
 25
-1.000000000000000E+20
 35
-1.000000000000000E+20
146
0.0
 13
0.0
 23
0.0
 33
0.0
 16
1.0
 26
0.0
 36
0.0
 17
0.0
 27
1.0
 37
0.0
 76
     0
330
3BB
  0
LAYOUT
  5
22
102
{ACAD_XDICTIONARY
360
A82
102
}
102
{ACAD_REACTORS
330
1A
102
}
330
1A
100
AcDbPlotSettings
  1

  2
C:\Program Files\AutoCAD 2002\plotters\DWF ePlot (optimized for plotting).pc3
  4

  6

 40
0.0
 41
0.0
 42
0.0
 43
0.0
 44
0.0
 45
0.0
 46
0.0
 47
0.0
 48
0.0
 49
0.0
140
0.0
141
0.0
142
1.0
143
1.0
 70
  1712
 72
     1
 73
     1
 74
     0
  7
acad.stb
 75
     0
147
1.0
148
0.0
149
0.0
100
AcDbLayout
  1
Model
 70
     1
 71
     0
 10
0.0
 20
0.0
 11
12.0
 21
9.0
 12
0.0
 22
0.0
 32
0.0
 14
0.0
 24
0.0
 34
0.0
 15
0.0
 25
0.0
 35
0.0
146
0.0
 13
0.0
 23
0.0
 33
0.0
 16
1.0
 26
0.0
 36
0.0
 17
0.0
 27
1.0
 37
0.0
 76
     0
330
1F
331
3BF
  0
MATERIAL
  5
3EF
102
{ACAD_XDICTIONARY
360
3F0
102
}
102
{ACAD_REACTORS
330
3D5
102
}
330
3D5
100
AcDbMaterial
  1
ByBlock
 72
     0
 43
0.0008202099737533
 43
0.0
 43
0.0
 43
0.0
 43
0.0
 43
0.0008202099737533
 43
0.0
 43
0.0
 43
0.0
 43
0.0
 43
1.0
 43
0.0
 43
0.0
 43
0.0
 43
0.0
 43
1.0
 77
     0
 47
0.0008202099737533
 47
0.0
 47
0.0
 47
0.0
 47
0.0
 47
0.0008202099737533
 47
0.0
 47
0.0
 47
0.0
 47
0.0
 47
1.0
 47
0.0
 47
0.0
 47
0.0
 47
0.0
 47
1.0
171
     0
 49
0.0008202099737533
 49
0.0
 49
0.0
 49
0.0
 49
0.0
 49
0.0008202099737533
 49
0.0
 49
0.0
 49
0.0
 49
0.0
 49
1.0
 49
0.0
 49
0.0
 49
0.0
 49
0.0
 49
1.0
175
     0
142
0.0008202099737533
142
0.0
142
0.0
142
0.0
142
0.0
142
0.0008202099737533
142
0.0
142
0.0
142
0.0
142
0.0
142
1.0
142
0.0
142
0.0
142
0.0
142
0.0
142
1.0
179
     0
144
0.0008202099737533
144
0.0
144
0.0
144
0.0
144
0.0
144
0.0008202099737533
144
0.0
144
0.0
144
0.0
144
0.0
144
1.0
144
0.0
144
0.0
144
0.0
144
0.0
144
1.0
147
0.0008202099737533
147
0.0
147
0.0
147
0.0
147
0.0
147
0.0008202099737533
147
0.0
147
0.0
147
0.0
147
0.0
147
1.0
147
0.0
147
0.0
147
0.0
147
0.0
147
1.0
  0
MATERIAL
  5
3E7
102
{ACAD_XDICTIONARY
360
3E8
102
}
102
{ACAD_REACTORS
330
3D5
102
}
330
3D5
100
AcDbMaterial
  1
ByLayer
 72
     0
 43
0.0008202099737533
 43
0.0
 43
0.0
 43
0.0
 43
0.0
 43
0.0008202099737533
 43
0.0
 43
0.0
 43
0.0
 43
0.0
 43
1.0
 43
0.0
 43
0.0
 43
0.0
 43
0.0
 43
1.0
 77
     0
 47
0.0008202099737533
 47
0.0
 47
0.0
 47
0.0
 47
0.0
 47
0.0008202099737533
 47
0.0
 47
0.0
 47
0.0
 47
0.0
 47
1.0
 47
0.0
 47
0.0
 47
0.0
 47
0.0
 47
1.0
171
     0
 49
0.0008202099737533
 49
0.0
 49
0.0
 49
0.0
 49
0.0
 49
0.0008202099737533
 49
0.0
 49
0.0
 49
0.0
 49
0.0
 49
1.0
 49
0.0
 49
0.0
 49
0.0
 49
0.0
 49
1.0
175
     0
142
0.0008202099737533
142
0.0
142
0.0
142
0.0
142
0.0
142
0.0008202099737533
142
0.0
142
0.0
142
0.0
142
0.0
142
1.0
142
0.0
142
0.0
142
0.0
142
0.0
142
1.0
179
     0
144
0.0008202099737533
144
0.0
144
0.0
144
0.0
144
0.0
144
0.0008202099737533
144
0.0
144
0.0
144
0.0
144
0.0
144
1.0
144
0.0
144
0.0
144
0.0
144
0.0
144
1.0
147
0.0008202099737533
147
0.0
147
0.0
147
0.0
147
0.0
147
0.0008202099737533
147
0.0
147
0.0
147
0.0
147
0.0
147
1.0
147
0.0
147
0.0
147
0.0
147
0.0
147
1.0
  0
MATERIAL
  5
3F7
102
{ACAD_XDICTIONARY
360
3F8
102
}
102
{ACAD_REACTORS
330
3D5
102
}
330
3D5
100
AcDbMaterial
  1
Global
 72
     0
 43
0.0008202099737533
 43
0.0
 43
0.0
 43
0.0
 43
0.0
 43
0.0008202099737533
 43
0.0
 43
0.0
 43
0.0
 43
0.0
 43
1.0
 43
0.0
 43
0.0
 43
0.0
 43
0.0
 43
1.0
 77
     0
 47
0.0008202099737533
 47
0.0
 47
0.0
 47
0.0
 47
0.0
 47
0.0008202099737533
 47
0.0
 47
0.0
 47
0.0
 47
0.0
 47
1.0
 47
0.0
 47
0.0
 47
0.0
 47
0.0
 47
1.0
171
     0
 49
0.0008202099737533
 49
0.0
 49
0.0
 49
0.0
 49
0.0
 49
0.0008202099737533
 49
0.0
 49
0.0
 49
0.0
 49
0.0
 49
1.0
 49
0.0
 49
0.0
 49
0.0
 49
0.0
 49
1.0
175
     0
142
0.0008202099737533
142
0.0
142
0.0
142
0.0
142
0.0
142
0.0008202099737533
142
0.0
142
0.0
142
0.0
142
0.0
142
1.0
142
0.0
142
0.0
142
0.0
142
0.0
142
1.0
179
     0
144
0.0008202099737533
144
0.0
144
0.0
144
0.0
144
0.0
144
0.0008202099737533
144
0.0
144
0.0
144
0.0
144
0.0
144
1.0
144
0.0
144
0.0
144
0.0
144
0.0
144
1.0
147
0.0008202099737533
147
0.0
147
0.0
147
0.0
147
0.0
147
0.0008202099737533
147
0.0
147
0.0
147
0.0
147
0.0
147
1.0
147
0.0
147
0.0
147
0.0
147
0.0
147
1.0
  0
MLEADERSTYLE
  5
3D7
102
{ACAD_REACTORS
330
3D6
102
}
330
3D6
100
AcDbMLeaderStyle
170
     2
171
     1
172
     0
 90
        2
 40
0.0
 41
0.0
173
     1
 91
-1073741824
 92
       -2
290
     1
 42
0.09
291
     1
 43
0.36
  3
Standard
 44
0.18
300

174
     1
178
     1
175
     1
176
     0
 93
-1073741824
 45
0.18
292
     0
297
     0
 46
0.0
 94
-1073741824
 47
1.0
 49
1.0
140
1.0
293
     1
141
0.0
294
     1
177
     0
142
1.0
295
     0
296
     0
143
0.125
1001
ACAD_MLEADERVER
1070
     2
  0
MLINESTYLE
  5
18
102
{ACAD_REACTORS
330
17
102
}
330
17
100
AcDbMlineStyle
  2
STANDARD
 70
     0
  3

 62
   256
 51
90.0
 52
90.0
 71
     2
 49
0.5
 62
     0
  6
BYLAYER
 49
-0.5
 62
     0
  6
BYLAYER
  0
ACDBPLACEHOLDER
  5
F
102
{ACAD_REACTORS
330
E
102
}
330
E
  0
SCALE
  5
417
102
{ACAD_REACTORS
330
3C0
102
}
330
3C0
100
AcDbScale
 70
     0
300
1:1
140
1.0
141
1.0
290
     1
  0
SCALE
  5
418
102
{ACAD_REACTORS
330
3C0
102
}
330
3C0
100
AcDbScale
 70
     0
300
1:2
140
1.0
141
2.0
290
     0
  0
SCALE
  5
419
102
{ACAD_REACTORS
330
3C0
102
}
330
3C0
100
AcDbScale
 70
     0
300
1:4
140
1.0
141
4.0
290
     0
  0
SCALE
  5
41A
102
{ACAD_REACTORS
330
3C0
102
}
330
3C0
100
AcDbScale
 70
     0
300
1:5
140
1.0
141
5.0
290
     0
  0
SCALE
  5
41B
102
{ACAD_REACTORS
330
3C0
102
}
330
3C0
100
AcDbScale
 70
     0
300
1:8
140
1.0
141
8.0
290
     0
  0
SCALE
  5
41C
102
{ACAD_REACTORS
330
3C0
102
}
330
3C0
100
AcDbScale
 70
     0
300
1:10
140
1.0
141
10.0
290
     0
  0
SCALE
  5
41D
102
{ACAD_REACTORS
330
3C0
102
}
330
3C0
100
AcDbScale
 70
     0
300
1:16
140
1.0
141
16.0
290
     0
  0
SCALE
  5
41E
102
{ACAD_REACTORS
330
3C0
102
}
330
3C0
100
AcDbScale
 70
     0
300
1:20
140
1.0
141
20.0
290
     0
  0
SCALE
  5
41F
102
{ACAD_REACTORS
330
3C0
102
}
330
3C0
100
AcDbScale
 70
     0
300
1:30
140
1.0
141
30.0
290
     0
  0
SCALE
  5
420
102
{ACAD_REACTORS
330
3C0
102
}
330
3C0
100
AcDbScale
 70
     0
300
1:40
140
1.0
141
40.0
290
     0
  0
SCALE
  5
421
102
{ACAD_REACTORS
330
3C0
102
}
330
3C0
100
AcDbScale
 70
     0
300
1:50
140
1.0
141
50.0
290
     0
  0
SCALE
  5
422
102
{ACAD_REACTORS
330
3C0
102
}
330
3C0
100
AcDbScale
 70
     0
300
1:100
140
1.0
141
100.0
290
     0
  0
SCALE
  5
423
102
{ACAD_REACTORS
330
3C0
102
}
330
3C0
100
AcDbScale
 70
     0
300
2:1
140
2.0
141
1.0
290
     0
  0
SCALE
  5
424
102
{ACAD_REACTORS
330
3C0
102
}
330
3C0
100
AcDbScale
 70
     0
300
4:1
140
4.0
141
1.0
290
     0
  0
SCALE
  5
425
102
{ACAD_REACTORS
330
3C0
102
}
330
3C0
100
AcDbScale
 70
     0
300
8:1
140
8.0
141
1.0
290
     0
  0
SCALE
  5
426
102
{ACAD_REACTORS
330
3C0
102
}
330
3C0
100
AcDbScale
 70
     0
300
10:1
140
10.0
141
1.0
290
     0
  0
SCALE
  5
427
102
{ACAD_REACTORS
330
3C0
102
}
330
3C0
100
AcDbScale
 70
     0
300
100:1
140
100.0
141
1.0
290
     0
  0
ACDBSECTIONVIEWSTYLE
  5
429
102
{ACAD_XDICTIONARY
360
AB8
102
}
102
{ACAD_REACTORS
330
428
102
}
330
428
100
AcDbModelDocViewStyle
 70
     0
  3
Metric50
290
     0
100
AcDbSectionViewStyle
 70
     0
 71
     0
 90
      102
 71
     1
340
11
 40
5.0
340
0
340
0
 40
5.0
300
I, O, Q, S, X, Z
 40
10.0
 90
        0
 40
2.5
 90
        0
 71
     2
340
16
 90
       25
340
16
 90
       50
 40
5.0
 40
2.5
 40
5.0
 71
     3
340
11
 40
5.0
 90
        0
 40
15.0
 90
        1
300
%<\AcVar ViewSectionStartId>%-%<\AcVar ViewSectionEndId>% (%<\AcVar ViewScale \f "%sn">%)
 71
     4
300
ANSI31
 40
1.0
 90
        0
290
     0
290
     0
 90
        6
 40
0.0
 40
1.570796326794896
 40
0.2617993877991494
 40
1.308996938995747
 40
-0.2617993877991494
 40
1.832595714594046
  0
TABLESTYLE
  5
3D9
102
{ACAD_XDICTIONARY
360
3DA
102
}
102
{ACAD_REACTORS
330
3D8
102
}
330
3D8
100
AcDbTableStyle
  3

 70
     0
 71
     0
 40
0.06
 41
0.06
280
     0
281
     0
  7
Standard
140
0.18
170
     1
 62
     0
 63
     7
283
     0
274
    -2
284
     1
 64
     0
275
    -2
285
     1
 65
     0
276
    -2
286
     1
 66
     0
277
    -2
287
     1
 67
     0
278
    -2
288
     1
 68
     0
279
    -2
289
     1
 69
     0
  7
Standard
140
0.18
170
     1
 62
     0
 63
     7
283
     0
274
    -2
284
     1
 64
     0
275
    -2
285
     1
 65
     0
276
    -2
286
     1
 66
     0
277
    -2
287
     1
 67
     0
278
    -2
288
     1
 68
     0
279
    -2
289
     1
 69
     0
  7
Standard
140
0.18
170
     1
 62
     0
 63
     7
283
     0
274
    -2
284
     1
 64
     0
275
    -2
285
     1
 65
     0
276
    -2
286
     1
 66
     0
277
    -2
287
     1
 67
     0
278
    -2
288
     1
 68
     0
279
    -2
289
     1
 69
     0
  0
VISUALSTYLE
  5
404
102
{ACAD_XDICTIONARY
360
A92
102
}
102
{ACAD_REACTORS
330
3E0
102
}
330
3E0
100
AcDbVisualStyle
  2
2dWireframe
 70
     4
 71
     0
 72
     2
 73
     0
 90
        0
 40
-0.6
 41
-30.0
 62
     5
 63
     7
 74
     1
 91
        4
 64
     7
 65
   257
 75
     1
175
     1
 42
1.0
 92
        0
 66
   257
 43
1.0
 76
     1
 77
     6
 78
     2
 67
     7
 79
     5
170
     0
171
     0
290
     0
174
     0
 93
        1
 44
0.0
173
     0
291
     0
 45
0.0
1001
ACAD
1000
AcDbSavedByObjectVersion
1070
     0
  0
VISUALSTYLE
  5
403
102
{ACAD_XDICTIONARY
360
A90
102
}
102
{ACAD_REACTORS
330
3E0
102
}
330
3E0
100
AcDbVisualStyle
  2
Basic
 70
     7
 71
     1
 72
     0
 73
     1
 90
        0
 40
-0.6
 41
-30.0
 62
     5
 63
     7
 74
     0
 91
        4
 64
     7
 65
   257
 75
     1
175
     1
 42
1.0
 92
        8
 66
     7
 43
1.0
 76
     1
 77
     6
 78
     2
 67
     7
 79
     5
170
     0
171
     0
290
     0
174
     0
 93
        1
 44
0.0
173
     0
291
     1
 45
0.0
1001
ACAD
1000
AcDbSavedByObjectVersion
1070
     0
  0
VISUALSTYLE
  5
40A
102
{ACAD_XDICTIONARY
360
A9E
102
}
102
{ACAD_REACTORS
330
3E0
102
}
330
3E0
100
AcDbVisualStyle
  2
Brighten
 70
    12
 71
     2
 72
     2
 73
     0
 90
        0
 40
-0.6
 41
-30.0
 62
     5
 63
     7
 74
     1
 91
        4
 64
     7
 65
   257
 75
     1
175
     1
 42
1.0
 92
        8
 66
     7
 43
1.0
 76
     1
 77
     6
 78
     2
 67
     7
 79
     5
170
     0
171
     0
290
     0
174
     0
 93
        1
 44
50.0
173
     0
291
     1
 45
0.0
1001
ACAD
1000
AcDbSavedByObjectVersion
1070
     0
  0
VISUALSTYLE
  5
40E
102
{ACAD_XDICTIONARY
360
AA6
102
}
102
{ACAD_REACTORS
330
3E0
102
}
330
3E0
100
AcDbVisualStyle
  2
ColorChange
 70
    16
 71
     2
 72
     2
 73
     3
 90
        0
 40
-0.6
 41
-30.0
 62
     5
 63
     8
 74
     1
 91
        4
 64
     7
 65
   257
 75
     1
175
     1
 42
1.0
 92
        8
 66
     8
 43
1.0
 76
     1
 77
     6
 78
     2
 67
     7
 79
     5
170
     0
171
     0
290
     0
174
     0
 93
        1
 44
0.0
173
     0
291
     1
 45
0.0
1001
ACAD
1000
AcDbSavedByObjectVersion
1070
     0
  0
VISUALSTYLE
  5
407
102
{ACAD_XDICTIONARY
360
A98
102
}
102
{ACAD_REACTORS
330
3E0
102
}
330
3E0
100
AcDbVisualStyle
  2
Conceptual
 70
     9
 71
     3
 72
     2
 73
     0
 90
        0
 40
-0.6
 41
-30.0
 62
     5
 63
     7
 74
     2
 91
        2
 64
     7
 65
   257
 75
     1
175
     1
 42
179.0
 92
        8
 66
     7
 43
1.0
 76
     1
 77
     6
 78
     2
 67
     7
 79
     3
170
     0
171
     0
290
     0
174
     0
 93
        1
 44
0.0
173
     0
291
     0
 45
0.0
1001
ACAD
1000
AcDbSavedByObjectVersion
1070
     0
  0
VISUALSTYLE
  5
409
102
{ACAD_XDICTIONARY
360
A9C
102
}
102
{ACAD_REACTORS
330
3E0
102
}
330
3E0
100
AcDbVisualStyle
  2
Dim
 70
    11
 71
     2
 72
     2
 73
     0
 90
        0
 40
-0.6
 41
-30.0
 62
     5
 63
     7
 74
     1
 91
        4
 64
     7
 65
   257
 75
     1
175
     1
 42
1.0
 92
        8
 66
     7
 43
1.0
 76
     1
 77
     6
 78
     2
 67
     7
 79
     5
170
     0
171
     0
290
     0
174
     0
 93
        1
 44
-50.0
173
     0
291
     1
 45
0.0
1001
ACAD
1000
AcDbSavedByObjectVersion
1070
     0
  0
VISUALSTYLE
  5
416
102
{ACAD_XDICTIONARY
360
AB6
102
}
102
{ACAD_REACTORS
330
3E0
102
}
330
3E0
100
AcDbVisualStyle
  2
EdgeColorOff
 70
    22
 71
     2
 72
     2
 73
     0
 90
        0
 40
-0.6
 41
-30.0
 62
     5
 63
     7
 74
     1
 91
        4
 64
     7
 65
   257
 75
     1
175
     1
 42
1.0
 92
        8
 66
     7
 43
1.0
 76
     1
 77
     6
 78
     2
 67
     7
 79
     5
170
     0
171
     0
290
     0
174
     0
 93
        1
 44
0.0
173
     0
291
     1
 45
0.0
1001
ACAD
1000
AcDbSavedByObjectVersion
1070
     0
  0
VISUALSTYLE
  5
40D
102
{ACAD_XDICTIONARY
360
AA4
102
}
102
{ACAD_REACTORS
330
3E0
102
}
330
3E0
100
AcDbVisualStyle
  2
Facepattern
 70
    15
 71
     2
 72
     2
 73
     0
 90
        0
 40
-0.6
 41
-30.0
 62
     5
 63
     7
 74
     1
 91
        4
 64
     7
 65
   257
 75
     1
175
     1
 42
1.0
 92
        8
 66
     7
 43
1.0
 76
     1
 77
     6
 78
     2
 67
     7
 79
     5
170
     0
171
     0
290
     0
174
     0
 93
        1
 44
0.0
173
     0
291
     1
 45
0.0
1001
ACAD
1000
AcDbSavedByObjectVersion
1070
     0
  0
VISUALSTYLE
  5
3FF
102
{ACAD_XDICTIONARY
360
A88
102
}
102
{ACAD_REACTORS
330
3E0
102
}
330
3E0
100
AcDbVisualStyle
  2
Flat
 70
     0
 71
     2
 72
     1
 73
     1
 90
        2
 40
-0.6
 41
30.0
 62
     5
 63
     7
 74
     0
 91
        0
 64
     7
 65
   257
 75
     1
175
     1
 42
1.0
 92
        8
 66
     7
 43
1.0
 76
     1
 77
     6
 78
     2
 67
     7
 79
     5
170
     0
171
     0
290
     0
174
     0
 93
       13
 44
0.0
173
     0
291
     1
 45
0.0
1001
ACAD
1000
AcDbSavedByObjectVersion
1070
     0
  0
VISUALSTYLE
  5
400
102
{ACAD_XDICTIONARY
360
A8A
102
}
102
{ACAD_REACTORS
330
3E0
102
}
330
3E0
100
AcDbVisualStyle
  2
FlatWithEdges
 70
     1
 71
     2
 72
     1
 73
     1
 90
        2
 40
-0.6
 41
30.0
 62
     5
 63
     7
 74
     1
 91
        0
 64
     7
 65
   257
 75
     1
175
     1
 42
1.0
 92
        0
 66
   257
 43
1.0
 76
     1
 77
     6
 78
     2
 67
     7
 79
     5
170
     0
171
     0
290
     0
174
     0
 93
       13
 44
0.0
173
     0
291
     1
 45
0.0
1001
ACAD
1000
AcDbSavedByObjectVersion
1070
     0
  0
VISUALSTYLE
  5
401
102
{ACAD_XDICTIONARY
360
A8C
102
}
102
{ACAD_REACTORS
330
3E0
102
}
330
3E0
100
AcDbVisualStyle
  2
Gouraud
 70
     2
 71
     2
 72
     2
 73
     1
 90
        2
 40
-0.6
 41
30.0
 62
     5
 63
     7
 74
     0
 91
        0
 64
     7
 65
   257
 75
     1
175
     1
 42
1.0
 92
        0
 66
     7
 43
1.0
 76
     1
 77
     6
 78
     2
 67
     7
 79
     5
170
     0
171
     0
290
     0
174
     0
 93
       13
 44
0.0
173
     0
291
     1
 45
0.0
1001
ACAD
1000
AcDbSavedByObjectVersion
1070
     0
  0
VISUALSTYLE
  5
402
102
{ACAD_XDICTIONARY
360
A8E
102
}
102
{ACAD_REACTORS
330
3E0
102
}
330
3E0
100
AcDbVisualStyle
  2
GouraudWithEdges
 70
     3
 71
     2
 72
     2
 73
     1
 90
        2
 40
-0.6
 41
30.0
 62
     5
 63
     7
 74
     1
 91
        0
 64
     7
 65
   257
 75
     1
175
     1
 42
1.0
 92
        0
 66
   257
 43
1.0
 76
     1
 77
     6
 78
     2
 67
     7
 79
     5
170
     0
171
     0
290
     0
174
     0
 93
       13
 44
0.0
173
     0
291
     1
 45
0.0
1001
ACAD
1000
AcDbSavedByObjectVersion
1070
     0
  0
VISUALSTYLE
  5
406
102
{ACAD_XDICTIONARY
360
A96
102
}
102
{ACAD_REACTORS
330
3E0
102
}
330
3E0
100
AcDbVisualStyle
  2
Hidden
 70
     6
 71
     1
 72
     2
 73
     2
 90
        0
 40
-0.6
 41
-30.0
 62
     5
 63
     7
 74
     2
 91
        2
 64
     7
 65
   257
 75
     2
175
     1
 42
40.0
 92
        0
 66
   257
 43
1.0
 76
     1
 77
     6
 78
     2
 67
     7
 79
     3
170
     0
171
     0
290
     0
174
     0
 93
        1
 44
0.0
173
     0
291
     0
 45
0.0
1001
ACAD
1000
AcDbSavedByObjectVersion
1070
     0
  0
VISUALSTYLE
  5
414
102
{ACAD_XDICTIONARY
360
AB2
102
}
102
{ACAD_REACTORS
330
3E0
102
}
330
3E0
100
AcDbVisualStyle
  2
JitterOff
 70
    20
 71
     2
 72
     2
 73
     0
 90
        0
 40
-0.6
 41
-30.0
 62
     5
 63
     7
 74
     1
 91
        4
 64
     7
 65
   257
 75
     1
175
     1
 42
1.0
 92
       10
 66
     7
 43
1.0
 76
     1
 77
     6
 78
     2
 67
     7
 79
     5
170
     0
171
     0
290
     0
174
     0
 93
        1
 44
0.0
173
     0
291
     1
 45
0.0
1001
ACAD
1000
AcDbSavedByObjectVersion
1070
     0
  0
VISUALSTYLE
  5
40C
102
{ACAD_XDICTIONARY
360
AA2
102
}
102
{ACAD_REACTORS
330
3E0
102
}
330
3E0
100
AcDbVisualStyle
  2
Linepattern
 70
    14
 71
     2
 72
     2
 73
     0
 90
        0
 40
-0.6
 41
-30.0
 62
     5
 63
     7
 74
     1
 91
        4
 64
     7
 65
   257
 75
     7
175
     7
 42
1.0
 92
        8
 66
     7
 43
1.0
 76
     1
 77
     6
 78
     2
 67
     7
 79
     5
170
     0
171
     0
290
     0
174
     0
 93
        1
 44
0.0
173
     0
291
     1
 45
0.0
1001
ACAD
1000
AcDbSavedByObjectVersion
1070
     0
  0
VISUALSTYLE
  5
415
102
{ACAD_XDICTIONARY
360
AB4
102
}
102
{ACAD_REACTORS
330
3E0
102
}
330
3E0
100
AcDbVisualStyle
  2
OverhangOff
 70
    21
 71
     2
 72
     2
 73
     0
 90
        0
 40
-0.6
 41
-30.0
 62
     5
 63
     7
 74
     1
 91
        4
 64
     7
 65
   257
 75
     1
175
     1
 42
1.0
 92
        9
 66
     7
 43
1.0
 76
     1
 77
     6
 78
     2
 67
     7
 79
     5
170
     0
171
     0
290
     0
174
     0
 93
        1
 44
0.0
173
     0
291
     1
 45
0.0
1001
ACAD
1000
AcDbSavedByObjectVersion
1070
     0
  0
VISUALSTYLE
  5
408
102
{ACAD_XDICTIONARY
360
A9A
102
}
102
{ACAD_REACTORS
330
3E0
102
}
330
3E0
100
AcDbVisualStyle
  2
Realistic
 70
     8
 71
     2
 72
     3
 73
     0
 90
        2
 40
-0.6
 41
30.0
 62
     5
 63
     7
 74
     0
 91
        0
 64
     7
 65
   257
 75
     1
175
     1
 42
1.0
 92
        8
 66
   257
 43
1.0
 76
     1
 77
     6
 78
     2
 67
     7
 79
     3
170
     0
171
     0
290
     0
174
     0
 93
       13
 44
0.0
173
     0
291
     0
 45
0.0
1001
ACAD
1000
AcDbSavedByObjectVersion
1070
     0
  0
VISUALSTYLE
  5
413
102
{ACAD_XDICTIONARY
360
AB0
102
}
102
{ACAD_REACTORS
330
3E0
102
}
330
3E0
100
AcDbVisualStyle
  2
Shaded
 70
    27
 71
     2
 72
     2
 73
     1
 90
        2
 40
-0.6
 41
30.0
 62
     5
 63
     7
 74
     0
 91
        4
 64
     7
 65
   257
 75
     1
175
     1
 42
1.0
 92
        8
 66
   257
 43
1.0
 76
     1
 77
     6
 78
     2
 67
     8
 79
     3
170
     0
171
     0
290
     0
174
     0
 93
        5
 44
0.0
173
     0
291
     0
 45
0.0
1001
ACAD
1000
AcDbSavedByObjectVersion
1070
     0
  0
VISUALSTYLE
  5
412
102
{ACAD_XDICTIONARY
360
AAE
102
}
102
{ACAD_REACTORS
330
3E0
102
}
330
3E0
100
AcDbVisualStyle
  2
Shaded with edges
 70
    26
 71
     2
 72
     2
 73
     1
 90
        2
 40
-0.6
 41
30.0
 62
     5
 63
     7
 74
     1
 91
        2
 64
     7
 65
   257
 75
     2
175
     1
 42
1.0
 92
        8
 66
   257
 43
1.0
 76
     1
 77
     6
 78
     2
 67
     7
 79
     3
170
     0
171
     0
290
     0
174
     0
 93
        5
 44
0.0
173
     0
291
     0
 45
0.0
1001
ACAD
1000
AcDbSavedByObjectVersion
1070
     0
  0
VISUALSTYLE
  5
40F
102
{ACAD_XDICTIONARY
360
AA8
102
}
102
{ACAD_REACTORS
330
3E0
102
}
330
3E0
100
AcDbVisualStyle
  2
Shades of Gray
 70
    23
 71
     2
 72
     2
 73
     3
 90
        0
 40
-0.6
 41
-30.0
 62
     5
 63
     7
 74
     2
 91
        2
 64
     7
 65
     7
 75
     1
175
     1
 42
40.0
 92
        8
 66
     7
 43
1.0
 76
     1
 77
     6
 78
     2
 67
     7
 79
     3
170
     0
171
     0
290
     0
174
     0
 93
        1
 44
0.0
173
     0
291
     0
 45
0.0
1001
ACAD
1000
AcDbSavedByObjectVersion
1070
     0
  0
VISUALSTYLE
  5
410
102
{ACAD_XDICTIONARY
360
AAA
102
}
102
{ACAD_REACTORS
330
3E0
102
}
330
3E0
100
AcDbVisualStyle
  2
Sketchy
 70
    24
 71
     1
 72
     2
 73
     2
 90
        0
 40
-0.6
 41
-30.0
 62
     5
 63
     7
 74
     2
 91
        2
 64
     7
 65
     7
 75
     1
175
     1
 42
40.0
 92
       11
 66
     7
 43
1.0
 76
     1
 77
     6
 78
     2
 67
     7
 79
     6
170
     0
171
     0
290
     0
174
     0
 93
        1
 44
0.0
173
     0
291
     0
 45
0.0
1001
ACAD
1000
AcDbSavedByObjectVersion
1070
     0
  0
VISUALSTYLE
  5
40B
102
{ACAD_XDICTIONARY
360
AA0
102
}
102
{ACAD_REACTORS
330
3E0
102
}
330
3E0
100
AcDbVisualStyle
  2
Thicken
 70
    13
 71
     2
 72
     2
 73
     0
 90
        0
 40
-0.6
 41
-30.0
 62
     5
 63
     7
 74
     1
 91
        4
 64
     7
 65
   257
 75
     1
175
     1
 42
1.0
 92
       12
 66
     7
 43
1.0
 76
     1
 77
     6
 78
     2
 67
     7
 79
     5
170
     0
171
     0
290
     0
174
     0
 93
        1
 44
0.0
173
     0
291
     1
 45
0.0
1001
ACAD
1000
AcDbSavedByObjectVersion
1070
     0
  0
VISUALSTYLE
  5
405
102
{ACAD_XDICTIONARY
360
A94
102
}
102
{ACAD_REACTORS
330
3E0
102
}
330
3E0
100
AcDbVisualStyle
  2
Wireframe
 70
     5
 71
     0
 72
     2
 73
     0
 90
        0
 40
-0.6
 41
-30.0
 62
     5
 63
     7
 74
     1
 91
        4
 64
     7
 65
   257
 75
     1
175
     1
 42
1.0
 92
        0
 66
   257
 43
1.0
 76
     1
 77
     6
 78
     2
 67
     7
 79
     3
170
     0
171
     0
290
     0
174
     0
 93
        1
 44
0.0
173
     0
291
     0
 45
0.0
1001
ACAD
1000
AcDbSavedByObjectVersion
1070
     0
  0
VISUALSTYLE
  5
411
102
{ACAD_XDICTIONARY
360
AAC
102
}
102
{ACAD_REACTORS
330
3E0
102
}
330
3E0
100
AcDbVisualStyle
  2
X-Ray
 70
    25
 71
     2
 72
     2
 73
     1
 90
        1
 40
0.5
 41
-30.0
 62
     5
 63
     7
 74
     1
 91
        0
 64
     7
 65
   257
 75
     1
175
     1
 42
1.0
 92
        8
 66
     7
 43
1.0
 76
     1
 77
     6
 78
     2
 67
     7
 79
     3
170
     0
171
     0
290
     0
174
     0
 93
       13
 44
0.0
173
     0
291
     0
 45
0.0
1001
ACAD
1000
AcDbSavedByObjectVersion
1070
     0
  0
DICTIONARYVAR
  5
A79
102
{ACAD_REACTORS
330
3DD
102
}
330
3DD
100
DictionaryVariables
280
     0
  1
1:1
  0
DICTIONARYVAR
  5
A76
102
{ACAD_REACTORS
330
3DD
102
}
330
3DD
100
DictionaryVariables
280
     0
  1
STANDARD
  0
DICTIONARYVAR
  5
A75
102
{ACAD_REACTORS
330
3DD
102
}
330
3DD
100
DictionaryVariables
280
     0
  1
STANDARD
  0
DICTIONARYVAR
  5
A77
102
{ACAD_REACTORS
330
3DD
102
}
330
3DD
100
DictionaryVariables
280
     0
  1
Metric50
  0
DICTIONARYVAR
  5
A78
102
{ACAD_REACTORS
330
3DD
102
}
330
3DD
100
DictionaryVariables
280
     0
  1
Metric50
  0
DICTIONARYVAR
  5
3DE
102
{ACAD_REACTORS
330
3DD
102
}
330
3DD
100
DictionaryVariables
280
     0
  1
1
  0
DICTIONARYVAR
  5
3DF
102
{ACAD_REACTORS
330
3DD
102
}
330
3DD
100
DictionaryVariables
280
     0
  1
0
  0
DICTIONARYVAR
  5
A7B
102
{ACAD_REACTORS
330
3DD
102
}
330
3DD
100
DictionaryVariables
280
     0
  1
0
  0
DICTIONARYVAR
  5
A7A
102
{ACAD_REACTORS
330
3DD
102
}
330
3DD
100
DictionaryVariables
280
     0
  1
127
  0
DICTIONARYVAR
  5
A7C
102
{ACAD_REACTORS
330
3DD
102
}
330
3DD
100
DictionaryVariables
280
     0
  1
2
  0
DICTIONARY
  5
ABA
330
42B
100
AcDbDictionary
280
     1
281
     1
  3
ACAD_XREC_ROUNDTRIP
360
ABB
  0
DICTIONARY
  5
A80
330
1E
100
AcDbDictionary
280
     1
281
     1
  3
ACAD_XREC_ROUNDTRIP
360
A81
  0
DICTIONARY
  5
A82
330
22
100
AcDbDictionary
280
     1
281
     1
  3
ACAD_XREC_ROUNDTRIP
360
A83
  0
DICTIONARY
  5
3F0
330
3EF
100
AcDbDictionary
280
     1
281
     1
  3
ACAD_XREC_ROUNDTRIP
360
A86
  3
BUMPTILE
360
3F2
  3
DIFFUSETILE
360
3F1
  3
OPACITYTILE
360
3F5
  3
REFLECTIONTILE
360
3F4
  3
REFRACTIONTILE
360
3F6
  3
SPECULARTILE
360
3F3
  0
DICTIONARY
  5
3E8
330
3E7
100
AcDbDictionary
280
     1
281
     1
  3
ACAD_XREC_ROUNDTRIP
360
A85
  3
BUMPTILE
360
3EA
  3
DIFFUSETILE
360
3E9
  3
OPACITYTILE
360
3ED
  3
REFLECTIONTILE
360
3EC
  3
REFRACTIONTILE
360
3EE
  3
SPECULARTILE
360
3EB
  0
DICTIONARY
  5
3F8
330
3F7
100
AcDbDictionary
280
     1
281
     1
  3
ACAD_XREC_ROUNDTRIP
360
A87
  3
BUMPTILE
360
3FA
  3
DIFFUSETILE
360
3F9
  3
OPACITYTILE
360
3FD
  3
REFLECTIONTILE
360
3FC
  3
REFRACTIONTILE
360
3FE
  3
SPECULARTILE
360
3FB
  0
DICTIONARY
  5
AB8
330
429
100
AcDbDictionary
280
     1
281
     1
  3
ACAD_XREC_ROUNDTRIP
360
AB9
  0
DICTIONARY
  5
3DA
330
3D9
100
AcDbDictionary
281
     1
  3
ACAD_ROUNDTRIP_2008_TABLESTYLE_CELLSTYLEMAP
350
A7D
  3
ACAD_XREC_ROUNDTRIP
350
A84
  0
DICTIONARY
  5
A92
330
404
100
AcDbDictionary
280
     1
281
     1
  3
ACAD_XREC_ROUNDTRIP
360
A93
  0
DICTIONARY
  5
A90
330
403
100
AcDbDictionary
280
     1
281
     1
  3
ACAD_XREC_ROUNDTRIP
360
A91
  0
DICTIONARY
  5
A9E
330
40A
100
AcDbDictionary
280
     1
281
     1
  3
ACAD_XREC_ROUNDTRIP
360
A9F
  0
DICTIONARY
  5
AA6
330
40E
100
AcDbDictionary
280
     1
281
     1
  3
ACAD_XREC_ROUNDTRIP
360
AA7
  0
DICTIONARY
  5
A98
330
407
100
AcDbDictionary
280
     1
281
     1
  3
ACAD_XREC_ROUNDTRIP
360
A99
  0
DICTIONARY
  5
A9C
330
409
100
AcDbDictionary
280
     1
281
     1
  3
ACAD_XREC_ROUNDTRIP
360
A9D
  0
DICTIONARY
  5
AB6
330
416
100
AcDbDictionary
280
     1
281
     1
  3
ACAD_XREC_ROUNDTRIP
360
AB7
  0
DICTIONARY
  5
AA4
330
40D
100
AcDbDictionary
280
     1
281
     1
  3
ACAD_XREC_ROUNDTRIP
360
AA5
  0
DICTIONARY
  5
A88
330
3FF
100
AcDbDictionary
280
     1
281
     1
  3
ACAD_XREC_ROUNDTRIP
360
A89
  0
DICTIONARY
  5
A8A
330
400
100
AcDbDictionary
280
     1
281
     1
  3
ACAD_XREC_ROUNDTRIP
360
A8B
  0
DICTIONARY
  5
A8C
330
401
100
AcDbDictionary
280
     1
281
     1
  3
ACAD_XREC_ROUNDTRIP
360
A8D
  0
DICTIONARY
  5
A8E
330
402
100
AcDbDictionary
280
     1
281
     1
  3
ACAD_XREC_ROUNDTRIP
360
A8F
  0
DICTIONARY
  5
A96
330
406
100
AcDbDictionary
280
     1
281
     1
  3
ACAD_XREC_ROUNDTRIP
360
A97
  0
DICTIONARY
  5
AB2
330
414
100
AcDbDictionary
280
     1
281
     1
  3
ACAD_XREC_ROUNDTRIP
360
AB3
  0
DICTIONARY
  5
AA2
330
40C
100
AcDbDictionary
280
     1
281
     1
  3
ACAD_XREC_ROUNDTRIP
360
AA3
  0
DICTIONARY
  5
AB4
330
415
100
AcDbDictionary
280
     1
281
     1
  3
ACAD_XREC_ROUNDTRIP
360
AB5
  0
DICTIONARY
  5
A9A
330
408
100
AcDbDictionary
280
     1
281
     1
  3
ACAD_XREC_ROUNDTRIP
360
A9B
  0
DICTIONARY
  5
AB0
330
413
100
AcDbDictionary
280
     1
281
     1
  3
ACAD_XREC_ROUNDTRIP
360
AB1
  0
DICTIONARY
  5
AAE
330
412
100
AcDbDictionary
280
     1
281
     1
  3
ACAD_XREC_ROUNDTRIP
360
AAF
  0
DICTIONARY
  5
AA8
330
40F
100
AcDbDictionary
280
     1
281
     1
  3
ACAD_XREC_ROUNDTRIP
360
AA9
  0
DICTIONARY
  5
AAA
330
410
100
AcDbDictionary
280
     1
281
     1
  3
ACAD_XREC_ROUNDTRIP
360
AAB
  0
DICTIONARY
  5
AA0
330
40B
100
AcDbDictionary
280
     1
281
     1
  3
ACAD_XREC_ROUNDTRIP
360
AA1
  0
DICTIONARY
  5
A94
330
405
100
AcDbDictionary
280
     1
281
     1
  3
ACAD_XREC_ROUNDTRIP
360
A95
  0
DICTIONARY
  5
AAC
330
411
100
AcDbDictionary
280
     1
281
     1
  3
ACAD_XREC_ROUNDTRIP
360
AAD
  0
XRECORD
  5
ABB
102
{ACAD_REACTORS
330
ABA
102
}
330
ABA
100
AcDbXrecord
280
     1
102
DISPLAYNAME
  1
Metric50
102
FLAGS
 90
        0
  0
XRECORD
  5
A81
102
{ACAD_REACTORS
330
A80
102
}
330
A80
100
AcDbXrecord
280
     1
102
SHADEPLOT
 70
     0
102
SHADEPLOTRESLEVEL
 70
     0
102
SHADEPLOTCUSTOMDPI
 70
     0
  0
XRECORD
  5
A83
102
{ACAD_REACTORS
330
A82
102
}
330
A82
100
AcDbXrecord
280
     1
102
SHADEPLOT
 70
     0
102
SHADEPLOTRESLEVEL
 70
     0
102
SHADEPLOTCUSTOMDPI
 70
     0
  0
XRECORD
  5
A86
102
{ACAD_REACTORS
330
3F0
102
}
330
3F0
100
AcDbXrecord
280
     1
102
MATERIAL
148
0.0
149
0.0
149
0.0
 93
        0
 94
      127
282
     0
 72
     0
 77
     0
171
     0
175
     0
179
     0
273
     0
  0
XRECORD
  5
3F2
102
{ACAD_REACTORS
330
3F0
102
}
330
3F0
100
AcDbXrecord
280
     1
270
     1
271
     1
  0
XRECORD
  5
3F1
102
{ACAD_REACTORS
330
3F0
102
}
330
3F0
100
AcDbXrecord
280
     1
270
     1
271
     1
  0
XRECORD
  5
3F5
102
{ACAD_REACTORS
330
3F0
102
}
330
3F0
100
AcDbXrecord
280
     1
270
     1
271
     1
  0
XRECORD
  5
3F4
102
{ACAD_REACTORS
330
3F0
102
}
330
3F0
100
AcDbXrecord
280
     1
270
     1
271
     1
  0
XRECORD
  5
3F6
102
{ACAD_REACTORS
330
3F0
102
}
330
3F0
100
AcDbXrecord
280
     1
270
     1
271
     1
  0
XRECORD
  5
3F3
102
{ACAD_REACTORS
330
3F0
102
}
330
3F0
100
AcDbXrecord
280
     1
270
     1
271
     1
  0
XRECORD
  5
A85
102
{ACAD_REACTORS
330
3E8
102
}
330
3E8
100
AcDbXrecord
280
     1
102
MATERIAL
148
0.0
149
0.0
149
0.0
 93
        0
 94
      127
282
     0
 72
     0
 77
     0
171
     0
175
     0
179
     0
273
     0
  0
XRECORD
  5
3EA
102
{ACAD_REACTORS
330
3E8
102
}
330
3E8
100
AcDbXrecord
280
     1
270
     1
271
     1
  0
XRECORD
  5
3E9
102
{ACAD_REACTORS
330
3E8
102
}
330
3E8
100
AcDbXrecord
280
     1
270
     1
271
     1
  0
XRECORD
  5
3ED
102
{ACAD_REACTORS
330
3E8
102
}
330
3E8
100
AcDbXrecord
280
     1
270
     1
271
     1
  0
XRECORD
  5
3EC
102
{ACAD_REACTORS
330
3E8
102
}
330
3E8
100
AcDbXrecord
280
     1
270
     1
271
     1
  0
XRECORD
  5
3EE
102
{ACAD_REACTORS
330
3E8
102
}
330
3E8
100
AcDbXrecord
280
     1
270
     1
271
     1
  0
XRECORD
  5
3EB
102
{ACAD_REACTORS
330
3E8
102
}
330
3E8
100
AcDbXrecord
280
     1
270
     1
271
     1
  0
XRECORD
  5
A87
102
{ACAD_REACTORS
330
3F8
102
}
330
3F8
100
AcDbXrecord
280
     1
102
MATERIAL
148
0.0
149
0.0
149
0.0
 93
        0
 94
      127
282
     0
 72
     0
 77
     0
171
     0
175
     0
179
     0
273
     0
  0
XRECORD
  5
3FA
102
{ACAD_REACTORS
330
3F8
102
}
330
3F8
100
AcDbXrecord
280
     1
270
     1
271
     1
  0
XRECORD
  5
3F9
102
{ACAD_REACTORS
330
3F8
102
}
330
3F8
100
AcDbXrecord
280
     1
270
     1
271
     1
  0
XRECORD
  5
3FD
102
{ACAD_REACTORS
330
3F8
102
}
330
3F8
100
AcDbXrecord
280
     1
270
     1
271
     1
  0
XRECORD
  5
3FC
102
{ACAD_REACTORS
330
3F8
102
}
330
3F8
100
AcDbXrecord
280
     1
270
     1
271
     1
  0
XRECORD
  5
3FE
102
{ACAD_REACTORS
330
3F8
102
}
330
3F8
100
AcDbXrecord
280
     1
270
     1
271
     1
  0
XRECORD
  5
3FB
102
{ACAD_REACTORS
330
3F8
102
}
330
3F8
100
AcDbXrecord
280
     1
270
     1
271
     1
  0
XRECORD
  5
AB9
102
{ACAD_REACTORS
330
AB8
102
}
330
AB8
100
AcDbXrecord
280
     1
102
DISPLAYNAME
  1
Metric50
102
FLAGS
 90
        0
  0
CELLSTYLEMAP
  5
A7D
102
{ACAD_REACTORS
330
3DA
102
}
330
3DA
100
AcDbCellStyleMap
 90
        3
300
CELLSTYLE
  1
TABLEFORMAT_BEGIN
 90
        5
170
     1
 91
        0
 92
    32768
 62
   257
 93
        1
300
CONTENTFORMAT
  1
CONTENTFORMAT_BEGIN
 90
        0
 91
        0
 92
        4
 93
        0
300

 40
0.0
140
1.0
 94
        1
 62
     0
340
11
144
0.18
309
CONTENTFORMAT_END
171
     1
301
MARGIN
  1
CELLMARGIN_BEGIN
 40
0.06
 40
0.06
 40
0.06
 40
0.06
 40
0.18
 40
0.18
309
CELLMARGIN_END
 94
        6
 95
        1
302
GRIDFORMAT
  1
GRIDFORMAT_BEGIN
 90
        0
 91
        1
 62
     0
 92
       -2
340
0
 93
        0
 40
0.045
309
GRIDFORMAT_END
 95
        2
302
GRIDFORMAT
  1
GRIDFORMAT_BEGIN
 90
        0
 91
        1
 62
     0
 92
       -2
340
0
 93
        0
 40
0.045
309
GRIDFORMAT_END
 95
        4
302
GRIDFORMAT
  1
GRIDFORMAT_BEGIN
 90
        0
 91
        1
 62
     0
 92
       -2
340
0
 93
        0
 40
0.045
309
GRIDFORMAT_END
 95
        8
302
GRIDFORMAT
  1
GRIDFORMAT_BEGIN
 90
        0
 91
        1
 62
     0
 92
       -2
340
0
 93
        0
 40
0.045
309
GRIDFORMAT_END
 95
       16
302
GRIDFORMAT
  1
GRIDFORMAT_BEGIN
 90
        0
 91
        1
 62
     0
 92
       -2
340
0
 93
        0
 40
0.045
309
GRIDFORMAT_END
 95
       32
302
GRIDFORMAT
  1
GRIDFORMAT_BEGIN
 90
        0
 91
        1
 62
     0
 92
       -2
340
0
 93
        0
 40
0.045
309
GRIDFORMAT_END
309
TABLEFORMAT_END
  1
CELLSTYLE_BEGIN
 90
        1
 91
        2
300
_TITLE
309
CELLSTYLE_END
300
CELLSTYLE
  1
TABLEFORMAT_BEGIN
 90
        5
170
     1
 91
        0
 92
        0
 62
   257
 93
        1
300
CONTENTFORMAT
  1
CONTENTFORMAT_BEGIN
 90
        0
 91
        0
 92
        4
 93
        0
300

 40
0.0
140
1.0
 94
        1
 62
     0
340
11
144
0.18
309
CONTENTFORMAT_END
171
     1
301
MARGIN
  1
CELLMARGIN_BEGIN
 40
0.06
 40
0.06
 40
0.06
 40
0.06
 40
0.18
 40
0.18
309
CELLMARGIN_END
 94
        6
 95
        1
302
GRIDFORMAT
  1
GRIDFORMAT_BEGIN
 90
        0
 91
        1
 62
     0
 92
       -2
340
0
 93
        0
 40
0.045
309
GRIDFORMAT_END
 95
        2
302
GRIDFORMAT
  1
GRIDFORMAT_BEGIN
 90
        0
 91
        1
 62
     0
 92
       -2
340
0
 93
        0
 40
0.045
309
GRIDFORMAT_END
 95
        4
302
GRIDFORMAT
  1
GRIDFORMAT_BEGIN
 90
        0
 91
        1
 62
     0
 92
       -2
340
0
 93
        0
 40
0.045
309
GRIDFORMAT_END
 95
        8
302
GRIDFORMAT
  1
GRIDFORMAT_BEGIN
 90
        0
 91
        1
 62
     0
 92
       -2
340
0
 93
        0
 40
0.045
309
GRIDFORMAT_END
 95
       16
302
GRIDFORMAT
  1
GRIDFORMAT_BEGIN
 90
        0
 91
        1
 62
     0
 92
       -2
340
0
 93
        0
 40
0.045
309
GRIDFORMAT_END
 95
       32
302
GRIDFORMAT
  1
GRIDFORMAT_BEGIN
 90
        0
 91
        1
 62
     0
 92
       -2
340
0
 93
        0
 40
0.045
309
GRIDFORMAT_END
309
TABLEFORMAT_END
  1
CELLSTYLE_BEGIN
 90
        2
 91
        2
300
_HEADER
309
CELLSTYLE_END
300
CELLSTYLE
  1
TABLEFORMAT_BEGIN
 90
        5
170
     1
 91
        0
 92
        0
 62
   257
 93
        1
300
CONTENTFORMAT
  1
CONTENTFORMAT_BEGIN
 90
        0
 91
        0
 92
        4
 93
        0
300

 40
0.0
140
1.0
 94
        1
 62
     0
340
11
144
0.18
309
CONTENTFORMAT_END
171
     1
301
MARGIN
  1
CELLMARGIN_BEGIN
 40
0.06
 40
0.06
 40
0.06
 40
0.06
 40
0.18
 40
0.18
309
CELLMARGIN_END
 94
        6
 95
        1
302
GRIDFORMAT
  1
GRIDFORMAT_BEGIN
 90
        0
 91
        1
 62
     0
 92
       -2
340
0
 93
        0
 40
0.045
309
GRIDFORMAT_END
 95
        2
302
GRIDFORMAT
  1
GRIDFORMAT_BEGIN
 90
        0
 91
        1
 62
     0
 92
       -2
340
0
 93
        0
 40
0.045
309
GRIDFORMAT_END
 95
        4
302
GRIDFORMAT
  1
GRIDFORMAT_BEGIN
 90
        0
 91
        1
 62
     0
 92
       -2
340
0
 93
        0
 40
0.045
309
GRIDFORMAT_END
 95
        8
302
GRIDFORMAT
  1
GRIDFORMAT_BEGIN
 90
        0
 91
        1
 62
     0
 92
       -2
340
0
 93
        0
 40
0.045
309
GRIDFORMAT_END
 95
       16
302
GRIDFORMAT
  1
GRIDFORMAT_BEGIN
 90
        0
 91
        1
 62
     0
 92
       -2
340
0
 93
        0
 40
0.045
309
GRIDFORMAT_END
 95
       32
302
GRIDFORMAT
  1
GRIDFORMAT_BEGIN
 90
        0
 91
        1
 62
     0
 92
       -2
340
0
 93
        0
 40
0.045
309
GRIDFORMAT_END
309
TABLEFORMAT_END
  1
CELLSTYLE_BEGIN
 90
        3
 91
        2
300
_DATA
309
CELLSTYLE_END
  0
XRECORD
  5
A84
102
{ACAD_REACTORS
330
3DA
102
}
330
3DA
100
AcDbXrecord
280
     1
102
ACAD_ROUNDTRIP_PRE2007_TABLESTYLE
 90
        4
 91
        0
  1

 92
        4
 93
        0
  2

 94
        4
 95
        0
  3

  0
XRECORD
  5
A93
102
{ACAD_REACTORS
330
A92
102
}
330
A92
100
AcDbXrecord
280
     1
102
RTVSPost2010Prop28
280
     1
102
RTVSPost2010PropOp28
 70
     1
102
RTVSPost2010Prop29
280
     1
102
RTVSPost2010PropOp29
 70
     1
102
RTVSPost2010Prop30
280
     0
102
RTVSPost2010PropOp30
 70
     1
102
RTVSPost2010Prop31
280
     0
102
RTVSPost2010PropOp31
 70
     1
102
RTVSPost2010Prop32
280
     0
102
RTVSPost2010PropOp32
 70
     1
102
RTVSPost2010Prop33
280
     0
102
RTVSPost2010PropOp33
 70
     1
102
RTVSPost2010Prop34
280
     0
102
RTVSPost2010PropOp34
 70
     1
102
RTVSPost2010Prop35
280
     0
102
RTVSPost2010PropOp35
 70
     1
102
RTVSPost2010Prop36
280
     0
102
RTVSPost2010PropOp36
 70
     1
102
RTVSPost2010Prop37
 90
       50
102
RTVSPost2010PropOp37
 70
     1
102
RTVSPost2010Prop38
140
0.0
102
RTVSPost2010PropOp38
 70
     1
102
RTVSPost2010Prop39
140
1.0
102
RTVSPost2010PropOp39
 70
     1
102
RTVSPost2010Prop40
 90
        0
102
RTVSPost2010PropOp40
 70
     1
102
RTVSPost2010Prop41ColorIndex
 90
       18
102
RTVSPost2010Prop41ColorRGB
 90
        0
102
RTVSPost2010PropOp41
 70
     1
102
RTVSPost2010Prop42
 90
       50
102
RTVSPost2010PropOp42
 70
     1
102
RTVSPost2010Prop43
 90
        3
102
RTVSPost2010PropOp43
 70
     1
102
RTVSPost2010Prop44ColorIndex
 90
        5
102
RTVSPost2010Prop44ColorRGB
 90
      255
102
RTVSPost2010PropOp44
 70
     1
102
RTVSPost2010Prop45
280
     0
102
RTVSPost2010PropOp45
 70
     1
102
RTVSPost2010Prop46
 90
       50
102
RTVSPost2010PropOp46
 70
     1
102
RTVSPost2010Prop47
 90
       50
102
RTVSPost2010PropOp47
 70
     1
102
RTVSPost2010Prop48
 90
       50
102
RTVSPost2010PropOp48
 70
     1
102
RTVSPost2010Prop49
280
     0
102
RTVSPost2010PropOp49
 70
     1
102
RTVSPost2010Prop50
 90
       50
102
RTVSPost2010PropOp50
 70
     1
102
RTVSPost2010Prop51ColorIndex
 90
      256
102
RTVSPost2010Prop51ColorRGB
 90
-16777216
102
RTVSPost2010PropOp51
 70
     0
102
RTVSPost2010Prop52
140
1.0
102
RTVSPost2010PropOp52
 70
     0
102
RTVSPost2010Prop53
 90
        2
102
RTVSPost2010PropOp53
 70
     1
102
RTVSPost2010Prop54
  1
strokes_ogs.tif
102
RTVSPost2010PropOp54
 70
     1
102
RTVSPost2010Prop55
280
     0
102
RTVSPost2010PropOp55
 70
     1
102
RTVSPost2010Prop56
140
1.0
102
RTVSPost2010PropOp56
 70
     1
102
RTVSPost2010Prop57
140
1.0
102
RTVSPost2010PropOp57
 70
     1
102
RTVSPropertyOp0
 70
     1
102
RTVSPropertyOp1
 70
     1
102
RTVSPropertyOp2
 70
     1
102
RTVSPropertyOp3
 70
     1
102
RTVSPropertyOp4
 70
     1
102
RTVSPropertyOp5
 70
     1
102
RTVSPropertyOp6
 70
     1
102
RTVSPropertyOp7
 70
     1
102
RTVSPropertyOp8
 70
     1
102
RTVSPropertyOp9
 70
     1
102
RTVSPropertyOp10
 70
     1
102
RTVSPropertyOp11
 70
     1
102
RTVSPropertyOp12
 70
     1
102
RTVSPropertyOp13
 70
     1
102
RTVSPropertyOp14
 70
     1
102
RTVSPropertyOp15
 70
     1
102
RTVSPropertyOp16
 70
     1
102
RTVSPropertyOp17
 70
     1
102
RTVSPropertyOp18
 70
     1
102
RTVSPropertyOp19
 70
     1
102
RTVSPropertyOp20
 70
     1
102
RTVSPropertyOp21
 70
     1
102
RTVSPropertyOp22
 70
     1
102
RTVSPropertyOp23
 70
     1
102
RTVSPropertyOp24
 70
     1
102
RTVSPropertyOp25
 70
     1
102
RTVSPropertyOp26
 70
     1
102
RTVSPropertyOp27
 70
     1
102
RTVSPropertyOp28
 70
     1
102
RTVSPropertyOp29
 70
     1
102
RTVSPropertyOp30
 70
     1
102
RTVSPropertyOp31
 70
     1
102
RTVSPropertyOp32
 70
     1
102
RTVSPropertyOp33
 70
     1
102
RTVSPropertyOp34
 70
     1
102
RTVSPropertyOp35
 70
     1
102
RTVSPropertyOp36
 70
     1
102
RTVSPropertyOp37
 70
     1
102
RTVSPropertyOp38
 70
     1
102
RTVSPropertyOp39
 70
     1
102
RTVSPropertyOp40
 70
     1
102
RTVSPropertyOp41
 70
     1
102
RTVSPropertyOp42
 70
     1
102
RTVSPropertyOp43
 70
     1
102
RTVSPropertyOp44
 70
     1
102
RTVSPropertyOp45
 70
     1
102
RTVSPropertyOp46
 70
     1
102
RTVSPropertyOp47
 70
     1
102
RTVSPropertyOp48
 70
     1
102
RTVSPropertyOp49
 70
     1
102
RTVSPropertyOp50
 70
     1
102
RTVSPropertyOp51
 70
     0
102
RTVSPropertyOp52
 70
     0
102
RTVSPropertyOp53
 70
     1
102
RTVSPropertyOp54
 70
     1
102
RTVSPropertyOp55
 70
     1
102
RTVSPropertyOp56
 70
     1
102
RTVSPropertyOp57
 70
     1
102
RTVSPropertyOp58
 70
     1
102
RTVSPropertyOp59
 70
     1
102
RTVSPropertyOp60
 70
     1
102
RTVSPropertyOp61
 70
     1
102
RTVSPropertyOp62
 70
     1
  0
XRECORD
  5
A91
102
{ACAD_REACTORS
330
A90
102
}
330
A90
100
AcDbXrecord
280
     1
102
RTVSPost2010Prop28
280
     0
102
RTVSPost2010PropOp28
 70
     1
102
RTVSPost2010Prop29
280
     1
102
RTVSPost2010PropOp29
 70
     1
102
RTVSPost2010Prop30
280
     1
102
RTVSPost2010PropOp30
 70
     1
102
RTVSPost2010Prop31
280
     0
102
RTVSPost2010PropOp31
 70
     1
102
RTVSPost2010Prop32
280
     0
102
RTVSPost2010PropOp32
 70
     1
102
RTVSPost2010Prop33
280
     0
102
RTVSPost2010PropOp33
 70
     1
102
RTVSPost2010Prop34
280
     0
102
RTVSPost2010PropOp34
 70
     1
102
RTVSPost2010Prop35
280
     0
102
RTVSPost2010PropOp35
 70
     1
102
RTVSPost2010Prop36
280
     0
102
RTVSPost2010PropOp36
 70
     1
102
RTVSPost2010Prop37
 90
       50
102
RTVSPost2010PropOp37
 70
     1
102
RTVSPost2010Prop38
140
0.0
102
RTVSPost2010PropOp38
 70
     1
102
RTVSPost2010Prop39
140
1.0
102
RTVSPost2010PropOp39
 70
     1
102
RTVSPost2010Prop40
 90
        0
102
RTVSPost2010PropOp40
 70
     1
102
RTVSPost2010Prop41ColorIndex
 90
       18
102
RTVSPost2010Prop41ColorRGB
 90
        0
102
RTVSPost2010PropOp41
 70
     1
102
RTVSPost2010Prop42
 90
       50
102
RTVSPost2010PropOp42
 70
     1
102
RTVSPost2010Prop43
 90
        3
102
RTVSPost2010PropOp43
 70
     1
102
RTVSPost2010Prop44ColorIndex
 90
        5
102
RTVSPost2010Prop44ColorRGB
 90
      255
102
RTVSPost2010PropOp44
 70
     1
102
RTVSPost2010Prop45
280
     0
102
RTVSPost2010PropOp45
 70
     1
102
RTVSPost2010Prop46
 90
       50
102
RTVSPost2010PropOp46
 70
     1
102
RTVSPost2010Prop47
 90
       50
102
RTVSPost2010PropOp47
 70
     1
102
RTVSPost2010Prop48
 90
       50
102
RTVSPost2010PropOp48
 70
     1
102
RTVSPost2010Prop49
280
     0
102
RTVSPost2010PropOp49
 70
     1
102
RTVSPost2010Prop50
 90
       50
102
RTVSPost2010PropOp50
 70
     1
102
RTVSPost2010Prop51ColorIndex
 90
      256
102
RTVSPost2010Prop51ColorRGB
 90
-16777216
102
RTVSPost2010PropOp51
 70
     0
102
RTVSPost2010Prop52
140
1.0
102
RTVSPost2010PropOp52
 70
     0
102
RTVSPost2010Prop53
 90
        2
102
RTVSPost2010PropOp53
 70
     1
102
RTVSPost2010Prop54
  1
strokes_ogs.tif
102
RTVSPost2010PropOp54
 70
     1
102
RTVSPost2010Prop55
280
     0
102
RTVSPost2010PropOp55
 70
     1
102
RTVSPost2010Prop56
140
1.0
102
RTVSPost2010PropOp56
 70
     1
102
RTVSPost2010Prop57
140
1.0
102
RTVSPost2010PropOp57
 70
     1
102
RTVSPropertyOp0
 70
     1
102
RTVSPropertyOp1
 70
     1
102
RTVSPropertyOp2
 70
     1
102
RTVSPropertyOp3
 70
     1
102
RTVSPropertyOp4
 70
     1
102
RTVSPropertyOp5
 70
     1
102
RTVSPropertyOp6
 70
     1
102
RTVSPropertyOp7
 70
     1
102
RTVSPropertyOp8
 70
     1
102
RTVSPropertyOp9
 70
     1
102
RTVSPropertyOp10
 70
     1
102
RTVSPropertyOp11
 70
     1
102
RTVSPropertyOp12
 70
     1
102
RTVSPropertyOp13
 70
     1
102
RTVSPropertyOp14
 70
     1
102
RTVSPropertyOp15
 70
     1
102
RTVSPropertyOp16
 70
     1
102
RTVSPropertyOp17
 70
     1
102
RTVSPropertyOp18
 70
     1
102
RTVSPropertyOp19
 70
     1
102
RTVSPropertyOp20
 70
     1
102
RTVSPropertyOp21
 70
     1
102
RTVSPropertyOp22
 70
     1
102
RTVSPropertyOp23
 70
     1
102
RTVSPropertyOp24
 70
     1
102
RTVSPropertyOp25
 70
     1
102
RTVSPropertyOp26
 70
     1
102
RTVSPropertyOp27
 70
     1
102
RTVSPropertyOp28
 70
     1
102
RTVSPropertyOp29
 70
     1
102
RTVSPropertyOp30
 70
     1
102
RTVSPropertyOp31
 70
     1
102
RTVSPropertyOp32
 70
     1
102
RTVSPropertyOp33
 70
     1
102
RTVSPropertyOp34
 70
     1
102
RTVSPropertyOp35
 70
     1
102
RTVSPropertyOp36
 70
     1
102
RTVSPropertyOp37
 70
     1
102
RTVSPropertyOp38
 70
     1
102
RTVSPropertyOp39
 70
     1
102
RTVSPropertyOp40
 70
     1
102
RTVSPropertyOp41
 70
     1
102
RTVSPropertyOp42
 70
     1
102
RTVSPropertyOp43
 70
     1
102
RTVSPropertyOp44
 70
     1
102
RTVSPropertyOp45
 70
     1
102
RTVSPropertyOp46
 70
     1
102
RTVSPropertyOp47
 70
     1
102
RTVSPropertyOp48
 70
     1
102
RTVSPropertyOp49
 70
     1
102
RTVSPropertyOp50
 70
     1
102
RTVSPropertyOp51
 70
     0
102
RTVSPropertyOp52
 70
     0
102
RTVSPropertyOp53
 70
     1
102
RTVSPropertyOp54
 70
     1
102
RTVSPropertyOp55
 70
     1
102
RTVSPropertyOp56
 70
     1
102
RTVSPropertyOp57
 70
     1
102
RTVSPropertyOp58
 70
     1
102
RTVSPropertyOp59
 70
     1
102
RTVSPropertyOp60
 70
     1
102
RTVSPropertyOp61
 70
     1
102
RTVSPropertyOp62
 70
     1
  0
XRECORD
  5
A9F
102
{ACAD_REACTORS
330
A9E
102
}
330
A9E
100
AcDbXrecord
280
     1
102
RTVSPost2010Prop28
280
     0
102
RTVSPost2010PropOp28
 70
     1
102
RTVSPost2010Prop29
280
     1
102
RTVSPost2010PropOp29
 70
     1
102
RTVSPost2010Prop30
280
     1
102
RTVSPost2010PropOp30
 70
     1
102
RTVSPost2010Prop31
280
     0
102
RTVSPost2010PropOp31
 70
     1
102
RTVSPost2010Prop32
280
     0
102
RTVSPost2010PropOp32
 70
     1
102
RTVSPost2010Prop33
280
     0
102
RTVSPost2010PropOp33
 70
     1
102
RTVSPost2010Prop34
280
     0
102
RTVSPost2010PropOp34
 70
     1
102
RTVSPost2010Prop35
280
     0
102
RTVSPost2010PropOp35
 70
     1
102
RTVSPost2010Prop36
280
     0
102
RTVSPost2010PropOp36
 70
     1
102
RTVSPost2010Prop37
 90
       50
102
RTVSPost2010PropOp37
 70
     1
102
RTVSPost2010Prop38
140
0.0
102
RTVSPost2010PropOp38
 70
     1
102
RTVSPost2010Prop39
140
1.0
102
RTVSPost2010PropOp39
 70
     1
102
RTVSPost2010Prop40
 90
        0
102
RTVSPost2010PropOp40
 70
     1
102
RTVSPost2010Prop41ColorIndex
 90
       18
102
RTVSPost2010Prop41ColorRGB
 90
        0
102
RTVSPost2010PropOp41
 70
     1
102
RTVSPost2010Prop42
 90
       50
102
RTVSPost2010PropOp42
 70
     1
102
RTVSPost2010Prop43
 90
        3
102
RTVSPost2010PropOp43
 70
     1
102
RTVSPost2010Prop44ColorIndex
 90
        5
102
RTVSPost2010Prop44ColorRGB
 90
      255
102
RTVSPost2010PropOp44
 70
     1
102
RTVSPost2010Prop45
280
     0
102
RTVSPost2010PropOp45
 70
     1
102
RTVSPost2010Prop46
 90
       50
102
RTVSPost2010PropOp46
 70
     1
102
RTVSPost2010Prop47
 90
       50
102
RTVSPost2010PropOp47
 70
     1
102
RTVSPost2010Prop48
 90
       50
102
RTVSPost2010PropOp48
 70
     1
102
RTVSPost2010Prop49
280
     0
102
RTVSPost2010PropOp49
 70
     1
102
RTVSPost2010Prop50
 90
       50
102
RTVSPost2010PropOp50
 70
     1
102
RTVSPost2010Prop51ColorIndex
 90
      256
102
RTVSPost2010Prop51ColorRGB
 90
-16777216
102
RTVSPost2010PropOp51
 70
     0
102
RTVSPost2010Prop52
140
1.0
102
RTVSPost2010PropOp52
 70
     0
102
RTVSPost2010Prop53
 90
        2
102
RTVSPost2010PropOp53
 70
     1
102
RTVSPost2010Prop54
  1
strokes_ogs.tif
102
RTVSPost2010PropOp54
 70
     1
102
RTVSPost2010Prop55
280
     0
102
RTVSPost2010PropOp55
 70
     1
102
RTVSPost2010Prop56
140
1.0
102
RTVSPost2010PropOp56
 70
     1
102
RTVSPost2010Prop57
140
1.0
102
RTVSPost2010PropOp57
 70
     1
102
RTVSPropertyOp0
 70
     1
102
RTVSPropertyOp1
 70
     1
102
RTVSPropertyOp2
 70
     1
102
RTVSPropertyOp3
 70
     1
102
RTVSPropertyOp4
 70
     1
102
RTVSPropertyOp5
 70
     1
102
RTVSPropertyOp6
 70
     1
102
RTVSPropertyOp7
 70
     1
102
RTVSPropertyOp8
 70
     1
102
RTVSPropertyOp9
 70
     1
102
RTVSPropertyOp10
 70
     1
102
RTVSPropertyOp11
 70
     1
102
RTVSPropertyOp12
 70
     1
102
RTVSPropertyOp13
 70
     1
102
RTVSPropertyOp14
 70
     1
102
RTVSPropertyOp15
 70
     1
102
RTVSPropertyOp16
 70
     1
102
RTVSPropertyOp17
 70
     1
102
RTVSPropertyOp18
 70
     1
102
RTVSPropertyOp19
 70
     1
102
RTVSPropertyOp20
 70
     1
102
RTVSPropertyOp21
 70
     1
102
RTVSPropertyOp22
 70
     1
102
RTVSPropertyOp23
 70
     1
102
RTVSPropertyOp24
 70
     1
102
RTVSPropertyOp25
 70
     1
102
RTVSPropertyOp26
 70
     1
102
RTVSPropertyOp27
 70
     1
102
RTVSPropertyOp28
 70
     1
102
RTVSPropertyOp29
 70
     1
102
RTVSPropertyOp30
 70
     1
102
RTVSPropertyOp31
 70
     1
102
RTVSPropertyOp32
 70
     1
102
RTVSPropertyOp33
 70
     1
102
RTVSPropertyOp34
 70
     1
102
RTVSPropertyOp35
 70
     1
102
RTVSPropertyOp36
 70
     1
102
RTVSPropertyOp37
 70
     1
102
RTVSPropertyOp38
 70
     1
102
RTVSPropertyOp39
 70
     1
102
RTVSPropertyOp40
 70
     1
102
RTVSPropertyOp41
 70
     1
102
RTVSPropertyOp42
 70
     1
102
RTVSPropertyOp43
 70
     1
102
RTVSPropertyOp44
 70
     1
102
RTVSPropertyOp45
 70
     1
102
RTVSPropertyOp46
 70
     1
102
RTVSPropertyOp47
 70
     1
102
RTVSPropertyOp48
 70
     1
102
RTVSPropertyOp49
 70
     1
102
RTVSPropertyOp50
 70
     1
102
RTVSPropertyOp51
 70
     0
102
RTVSPropertyOp52
 70
     0
102
RTVSPropertyOp53
 70
     1
102
RTVSPropertyOp54
 70
     1
102
RTVSPropertyOp55
 70
     1
102
RTVSPropertyOp56
 70
     1
102
RTVSPropertyOp57
 70
     1
102
RTVSPropertyOp58
 70
     1
102
RTVSPropertyOp59
 70
     1
102
RTVSPropertyOp60
 70
     1
102
RTVSPropertyOp61
 70
     1
102
RTVSPropertyOp62
 70
     1
  0
XRECORD
  5
AA7
102
{ACAD_REACTORS
330
AA6
102
}
330
AA6
100
AcDbXrecord
280
     1
102
RTVSPost2010Prop28
280
     0
102
RTVSPost2010PropOp28
 70
     1
102
RTVSPost2010Prop29
280
     1
102
RTVSPost2010PropOp29
 70
     1
102
RTVSPost2010Prop30
280
     1
102
RTVSPost2010PropOp30
 70
     1
102
RTVSPost2010Prop31
280
     0
102
RTVSPost2010PropOp31
 70
     1
102
RTVSPost2010Prop32
280
     0
102
RTVSPost2010PropOp32
 70
     1
102
RTVSPost2010Prop33
280
     0
102
RTVSPost2010PropOp33
 70
     1
102
RTVSPost2010Prop34
280
     0
102
RTVSPost2010PropOp34
 70
     1
102
RTVSPost2010Prop35
280
     0
102
RTVSPost2010PropOp35
 70
     1
102
RTVSPost2010Prop36
280
     0
102
RTVSPost2010PropOp36
 70
     1
102
RTVSPost2010Prop37
 90
       50
102
RTVSPost2010PropOp37
 70
     1
102
RTVSPost2010Prop38
140
0.0
102
RTVSPost2010PropOp38
 70
     1
102
RTVSPost2010Prop39
140
1.0
102
RTVSPost2010PropOp39
 70
     1
102
RTVSPost2010Prop40
 90
        0
102
RTVSPost2010PropOp40
 70
     1
102
RTVSPost2010Prop41ColorIndex
 90
       18
102
RTVSPost2010Prop41ColorRGB
 90
        0
102
RTVSPost2010PropOp41
 70
     1
102
RTVSPost2010Prop42
 90
       50
102
RTVSPost2010PropOp42
 70
     1
102
RTVSPost2010Prop43
 90
        3
102
RTVSPost2010PropOp43
 70
     1
102
RTVSPost2010Prop44ColorIndex
 90
        5
102
RTVSPost2010Prop44ColorRGB
 90
      255
102
RTVSPost2010PropOp44
 70
     1
102
RTVSPost2010Prop45
280
     0
102
RTVSPost2010PropOp45
 70
     1
102
RTVSPost2010Prop46
 90
       50
102
RTVSPost2010PropOp46
 70
     1
102
RTVSPost2010Prop47
 90
       50
102
RTVSPost2010PropOp47
 70
     1
102
RTVSPost2010Prop48
 90
       50
102
RTVSPost2010PropOp48
 70
     1
102
RTVSPost2010Prop49
280
     0
102
RTVSPost2010PropOp49
 70
     1
102
RTVSPost2010Prop50
 90
       50
102
RTVSPost2010PropOp50
 70
     1
102
RTVSPost2010Prop51ColorIndex
 90
      256
102
RTVSPost2010Prop51ColorRGB
 90
-16777216
102
RTVSPost2010PropOp51
 70
     0
102
RTVSPost2010Prop52
140
1.0
102
RTVSPost2010PropOp52
 70
     0
102
RTVSPost2010Prop53
 90
        2
102
RTVSPost2010PropOp53
 70
     1
102
RTVSPost2010Prop54
  1
strokes_ogs.tif
102
RTVSPost2010PropOp54
 70
     1
102
RTVSPost2010Prop55
280
     0
102
RTVSPost2010PropOp55
 70
     1
102
RTVSPost2010Prop56
140
1.0
102
RTVSPost2010PropOp56
 70
     1
102
RTVSPost2010Prop57
140
1.0
102
RTVSPost2010PropOp57
 70
     1
102
RTVSPropertyOp0
 70
     1
102
RTVSPropertyOp1
 70
     1
102
RTVSPropertyOp2
 70
     1
102
RTVSPropertyOp3
 70
     1
102
RTVSPropertyOp4
 70
     1
102
RTVSPropertyOp5
 70
     1
102
RTVSPropertyOp6
 70
     1
102
RTVSPropertyOp7
 70
     1
102
RTVSPropertyOp8
 70
     1
102
RTVSPropertyOp9
 70
     1
102
RTVSPropertyOp10
 70
     1
102
RTVSPropertyOp11
 70
     1
102
RTVSPropertyOp12
 70
     1
102
RTVSPropertyOp13
 70
     1
102
RTVSPropertyOp14
 70
     1
102
RTVSPropertyOp15
 70
     1
102
RTVSPropertyOp16
 70
     1
102
RTVSPropertyOp17
 70
     1
102
RTVSPropertyOp18
 70
     1
102
RTVSPropertyOp19
 70
     1
102
RTVSPropertyOp20
 70
     1
102
RTVSPropertyOp21
 70
     1
102
RTVSPropertyOp22
 70
     1
102
RTVSPropertyOp23
 70
     1
102
RTVSPropertyOp24
 70
     1
102
RTVSPropertyOp25
 70
     1
102
RTVSPropertyOp26
 70
     1
102
RTVSPropertyOp27
 70
     1
102
RTVSPropertyOp28
 70
     1
102
RTVSPropertyOp29
 70
     1
102
RTVSPropertyOp30
 70
     1
102
RTVSPropertyOp31
 70
     1
102
RTVSPropertyOp32
 70
     1
102
RTVSPropertyOp33
 70
     1
102
RTVSPropertyOp34
 70
     1
102
RTVSPropertyOp35
 70
     1
102
RTVSPropertyOp36
 70
     1
102
RTVSPropertyOp37
 70
     1
102
RTVSPropertyOp38
 70
     1
102
RTVSPropertyOp39
 70
     1
102
RTVSPropertyOp40
 70
     1
102
RTVSPropertyOp41
 70
     1
102
RTVSPropertyOp42
 70
     1
102
RTVSPropertyOp43
 70
     1
102
RTVSPropertyOp44
 70
     1
102
RTVSPropertyOp45
 70
     1
102
RTVSPropertyOp46
 70
     1
102
RTVSPropertyOp47
 70
     1
102
RTVSPropertyOp48
 70
     1
102
RTVSPropertyOp49
 70
     1
102
RTVSPropertyOp50
 70
     1
102
RTVSPropertyOp51
 70
     0
102
RTVSPropertyOp52
 70
     0
102
RTVSPropertyOp53
 70
     1
102
RTVSPropertyOp54
 70
     1
102
RTVSPropertyOp55
 70
     1
102
RTVSPropertyOp56
 70
     1
102
RTVSPropertyOp57
 70
     1
102
RTVSPropertyOp58
 70
     1
102
RTVSPropertyOp59
 70
     1
102
RTVSPropertyOp60
 70
     1
102
RTVSPropertyOp61
 70
     1
102
RTVSPropertyOp62
 70
     1
  0
XRECORD
  5
A99
102
{ACAD_REACTORS
330
A98
102
}
330
A98
100
AcDbXrecord
280
     1
102
RTVSPost2010Prop28
280
     0
102
RTVSPost2010PropOp28
 70
     1
102
RTVSPost2010Prop29
280
     1
102
RTVSPost2010PropOp29
 70
     1
102
RTVSPost2010Prop30
280
     1
102
RTVSPost2010PropOp30
 70
     1
102
RTVSPost2010Prop31
280
     0
102
RTVSPost2010PropOp31
 70
     1
102
RTVSPost2010Prop32
280
     0
102
RTVSPost2010PropOp32
 70
     1
102
RTVSPost2010Prop33
280
     0
102
RTVSPost2010PropOp33
 70
     1
102
RTVSPost2010Prop34
280
     0
102
RTVSPost2010PropOp34
 70
     1
102
RTVSPost2010Prop35
280
     0
102
RTVSPost2010PropOp35
 70
     1
102
RTVSPost2010Prop36
280
     0
102
RTVSPost2010PropOp36
 70
     1
102
RTVSPost2010Prop37
 90
       50
102
RTVSPost2010PropOp37
 70
     1
102
RTVSPost2010Prop38
140
0.0
102
RTVSPost2010PropOp38
 70
     1
102
RTVSPost2010Prop39
140
1.0
102
RTVSPost2010PropOp39
 70
     1
102
RTVSPost2010Prop40
 90
        0
102
RTVSPost2010PropOp40
 70
     1
102
RTVSPost2010Prop41ColorIndex
 90
       18
102
RTVSPost2010Prop41ColorRGB
 90
        0
102
RTVSPost2010PropOp41
 70
     1
102
RTVSPost2010Prop42
 90
       50
102
RTVSPost2010PropOp42
 70
     1
102
RTVSPost2010Prop43
 90
        3
102
RTVSPost2010PropOp43
 70
     1
102
RTVSPost2010Prop44ColorIndex
 90
        5
102
RTVSPost2010Prop44ColorRGB
 90
      255
102
RTVSPost2010PropOp44
 70
     1
102
RTVSPost2010Prop45
280
     0
102
RTVSPost2010PropOp45
 70
     1
102
RTVSPost2010Prop46
 90
       50
102
RTVSPost2010PropOp46
 70
     1
102
RTVSPost2010Prop47
 90
       50
102
RTVSPost2010PropOp47
 70
     1
102
RTVSPost2010Prop48
 90
       50
102
RTVSPost2010PropOp48
 70
     1
102
RTVSPost2010Prop49
280
     0
102
RTVSPost2010PropOp49
 70
     1
102
RTVSPost2010Prop50
 90
       50
102
RTVSPost2010PropOp50
 70
     1
102
RTVSPost2010Prop51ColorIndex
 90
      256
102
RTVSPost2010Prop51ColorRGB
 90
-16777216
102
RTVSPost2010PropOp51
 70
     0
102
RTVSPost2010Prop52
140
1.0
102
RTVSPost2010PropOp52
 70
     0
102
RTVSPost2010Prop53
 90
        2
102
RTVSPost2010PropOp53
 70
     1
102
RTVSPost2010Prop54
  1
strokes_ogs.tif
102
RTVSPost2010PropOp54
 70
     1
102
RTVSPost2010Prop55
280
     0
102
RTVSPost2010PropOp55
 70
     1
102
RTVSPost2010Prop56
140
1.0
102
RTVSPost2010PropOp56
 70
     1
102
RTVSPost2010Prop57
140
1.0
102
RTVSPost2010PropOp57
 70
     1
102
RTVSPropertyOp0
 70
     1
102
RTVSPropertyOp1
 70
     1
102
RTVSPropertyOp2
 70
     1
102
RTVSPropertyOp3
 70
     1
102
RTVSPropertyOp4
 70
     1
102
RTVSPropertyOp5
 70
     1
102
RTVSPropertyOp6
 70
     1
102
RTVSPropertyOp7
 70
     1
102
RTVSPropertyOp8
 70
     1
102
RTVSPropertyOp9
 70
     1
102
RTVSPropertyOp10
 70
     1
102
RTVSPropertyOp11
 70
     1
102
RTVSPropertyOp12
 70
     1
102
RTVSPropertyOp13
 70
     1
102
RTVSPropertyOp14
 70
     1
102
RTVSPropertyOp15
 70
     1
102
RTVSPropertyOp16
 70
     1
102
RTVSPropertyOp17
 70
     1
102
RTVSPropertyOp18
 70
     1
102
RTVSPropertyOp19
 70
     1
102
RTVSPropertyOp20
 70
     1
102
RTVSPropertyOp21
 70
     1
102
RTVSPropertyOp22
 70
     1
102
RTVSPropertyOp23
 70
     1
102
RTVSPropertyOp24
 70
     1
102
RTVSPropertyOp25
 70
     1
102
RTVSPropertyOp26
 70
     1
102
RTVSPropertyOp27
 70
     1
102
RTVSPropertyOp28
 70
     1
102
RTVSPropertyOp29
 70
     1
102
RTVSPropertyOp30
 70
     1
102
RTVSPropertyOp31
 70
     1
102
RTVSPropertyOp32
 70
     1
102
RTVSPropertyOp33
 70
     1
102
RTVSPropertyOp34
 70
     1
102
RTVSPropertyOp35
 70
     1
102
RTVSPropertyOp36
 70
     1
102
RTVSPropertyOp37
 70
     1
102
RTVSPropertyOp38
 70
     1
102
RTVSPropertyOp39
 70
     1
102
RTVSPropertyOp40
 70
     1
102
RTVSPropertyOp41
 70
     1
102
RTVSPropertyOp42
 70
     1
102
RTVSPropertyOp43
 70
     1
102
RTVSPropertyOp44
 70
     1
102
RTVSPropertyOp45
 70
     1
102
RTVSPropertyOp46
 70
     1
102
RTVSPropertyOp47
 70
     1
102
RTVSPropertyOp48
 70
     1
102
RTVSPropertyOp49
 70
     1
102
RTVSPropertyOp50
 70
     1
102
RTVSPropertyOp51
 70
     0
102
RTVSPropertyOp52
 70
     0
102
RTVSPropertyOp53
 70
     1
102
RTVSPropertyOp54
 70
     1
102
RTVSPropertyOp55
 70
     1
102
RTVSPropertyOp56
 70
     1
102
RTVSPropertyOp57
 70
     1
102
RTVSPropertyOp58
 70
     1
102
RTVSPropertyOp59
 70
     1
102
RTVSPropertyOp60
 70
     1
102
RTVSPropertyOp61
 70
     1
102
RTVSPropertyOp62
 70
     1
  0
XRECORD
  5
A9D
102
{ACAD_REACTORS
330
A9C
102
}
330
A9C
100
AcDbXrecord
280
     1
102
RTVSPost2010Prop28
280
     0
102
RTVSPost2010PropOp28
 70
     1
102
RTVSPost2010Prop29
280
     1
102
RTVSPost2010PropOp29
 70
     1
102
RTVSPost2010Prop30
280
     1
102
RTVSPost2010PropOp30
 70
     1
102
RTVSPost2010Prop31
280
     0
102
RTVSPost2010PropOp31
 70
     1
102
RTVSPost2010Prop32
280
     0
102
RTVSPost2010PropOp32
 70
     1
102
RTVSPost2010Prop33
280
     0
102
RTVSPost2010PropOp33
 70
     1
102
RTVSPost2010Prop34
280
     0
102
RTVSPost2010PropOp34
 70
     1
102
RTVSPost2010Prop35
280
     0
102
RTVSPost2010PropOp35
 70
     1
102
RTVSPost2010Prop36
280
     0
102
RTVSPost2010PropOp36
 70
     1
102
RTVSPost2010Prop37
 90
       50
102
RTVSPost2010PropOp37
 70
     1
102
RTVSPost2010Prop38
140
0.0
102
RTVSPost2010PropOp38
 70
     1
102
RTVSPost2010Prop39
140
1.0
102
RTVSPost2010PropOp39
 70
     1
102
RTVSPost2010Prop40
 90
        0
102
RTVSPost2010PropOp40
 70
     1
102
RTVSPost2010Prop41ColorIndex
 90
       18
102
RTVSPost2010Prop41ColorRGB
 90
        0
102
RTVSPost2010PropOp41
 70
     1
102
RTVSPost2010Prop42
 90
       50
102
RTVSPost2010PropOp42
 70
     1
102
RTVSPost2010Prop43
 90
        3
102
RTVSPost2010PropOp43
 70
     1
102
RTVSPost2010Prop44ColorIndex
 90
        5
102
RTVSPost2010Prop44ColorRGB
 90
      255
102
RTVSPost2010PropOp44
 70
     1
102
RTVSPost2010Prop45
280
     0
102
RTVSPost2010PropOp45
 70
     1
102
RTVSPost2010Prop46
 90
       50
102
RTVSPost2010PropOp46
 70
     1
102
RTVSPost2010Prop47
 90
       50
102
RTVSPost2010PropOp47
 70
     1
102
RTVSPost2010Prop48
 90
       50
102
RTVSPost2010PropOp48
 70
     1
102
RTVSPost2010Prop49
280
     0
102
RTVSPost2010PropOp49
 70
     1
102
RTVSPost2010Prop50
 90
       50
102
RTVSPost2010PropOp50
 70
     1
102
RTVSPost2010Prop51ColorIndex
 90
      256
102
RTVSPost2010Prop51ColorRGB
 90
-16777216
102
RTVSPost2010PropOp51
 70
     0
102
RTVSPost2010Prop52
140
1.0
102
RTVSPost2010PropOp52
 70
     0
102
RTVSPost2010Prop53
 90
        2
102
RTVSPost2010PropOp53
 70
     1
102
RTVSPost2010Prop54
  1
strokes_ogs.tif
102
RTVSPost2010PropOp54
 70
     1
102
RTVSPost2010Prop55
280
     0
102
RTVSPost2010PropOp55
 70
     1
102
RTVSPost2010Prop56
140
1.0
102
RTVSPost2010PropOp56
 70
     1
102
RTVSPost2010Prop57
140
1.0
102
RTVSPost2010PropOp57
 70
     1
102
RTVSPropertyOp0
 70
     1
102
RTVSPropertyOp1
 70
     1
102
RTVSPropertyOp2
 70
     1
102
RTVSPropertyOp3
 70
     1
102
RTVSPropertyOp4
 70
     1
102
RTVSPropertyOp5
 70
     1
102
RTVSPropertyOp6
 70
     1
102
RTVSPropertyOp7
 70
     1
102
RTVSPropertyOp8
 70
     1
102
RTVSPropertyOp9
 70
     1
102
RTVSPropertyOp10
 70
     1
102
RTVSPropertyOp11
 70
     1
102
RTVSPropertyOp12
 70
     1
102
RTVSPropertyOp13
 70
     1
102
RTVSPropertyOp14
 70
     1
102
RTVSPropertyOp15
 70
     1
102
RTVSPropertyOp16
 70
     1
102
RTVSPropertyOp17
 70
     1
102
RTVSPropertyOp18
 70
     1
102
RTVSPropertyOp19
 70
     1
102
RTVSPropertyOp20
 70
     1
102
RTVSPropertyOp21
 70
     1
102
RTVSPropertyOp22
 70
     1
102
RTVSPropertyOp23
 70
     1
102
RTVSPropertyOp24
 70
     1
102
RTVSPropertyOp25
 70
     1
102
RTVSPropertyOp26
 70
     1
102
RTVSPropertyOp27
 70
     1
102
RTVSPropertyOp28
 70
     1
102
RTVSPropertyOp29
 70
     1
102
RTVSPropertyOp30
 70
     1
102
RTVSPropertyOp31
 70
     1
102
RTVSPropertyOp32
 70
     1
102
RTVSPropertyOp33
 70
     1
102
RTVSPropertyOp34
 70
     1
102
RTVSPropertyOp35
 70
     1
102
RTVSPropertyOp36
 70
     1
102
RTVSPropertyOp37
 70
     1
102
RTVSPropertyOp38
 70
     1
102
RTVSPropertyOp39
 70
     1
102
RTVSPropertyOp40
 70
     1
102
RTVSPropertyOp41
 70
     1
102
RTVSPropertyOp42
 70
     1
102
RTVSPropertyOp43
 70
     1
102
RTVSPropertyOp44
 70
     1
102
RTVSPropertyOp45
 70
     1
102
RTVSPropertyOp46
 70
     1
102
RTVSPropertyOp47
 70
     1
102
RTVSPropertyOp48
 70
     1
102
RTVSPropertyOp49
 70
     1
102
RTVSPropertyOp50
 70
     1
102
RTVSPropertyOp51
 70
     0
102
RTVSPropertyOp52
 70
     0
102
RTVSPropertyOp53
 70
     1
102
RTVSPropertyOp54
 70
     1
102
RTVSPropertyOp55
 70
     1
102
RTVSPropertyOp56
 70
     1
102
RTVSPropertyOp57
 70
     1
102
RTVSPropertyOp58
 70
     1
102
RTVSPropertyOp59
 70
     1
102
RTVSPropertyOp60
 70
     1
102
RTVSPropertyOp61
 70
     1
102
RTVSPropertyOp62
 70
     1
  0
XRECORD
  5
AB7
102
{ACAD_REACTORS
330
AB6
102
}
330
AB6
100
AcDbXrecord
280
     1
102
RTVSPost2010Prop28
280
     0
102
RTVSPost2010PropOp28
 70
     1
102
RTVSPost2010Prop29
280
     1
102
RTVSPost2010PropOp29
 70
     1
102
RTVSPost2010Prop30
280
     1
102
RTVSPost2010PropOp30
 70
     1
102
RTVSPost2010Prop31
280
     0
102
RTVSPost2010PropOp31
 70
     1
102
RTVSPost2010Prop32
280
     0
102
RTVSPost2010PropOp32
 70
     1
102
RTVSPost2010Prop33
280
     0
102
RTVSPost2010PropOp33
 70
     1
102
RTVSPost2010Prop34
280
     0
102
RTVSPost2010PropOp34
 70
     1
102
RTVSPost2010Prop35
280
     0
102
RTVSPost2010PropOp35
 70
     1
102
RTVSPost2010Prop36
280
     0
102
RTVSPost2010PropOp36
 70
     1
102
RTVSPost2010Prop37
 90
       50
102
RTVSPost2010PropOp37
 70
     0
102
RTVSPost2010Prop38
140
0.0
102
RTVSPost2010PropOp38
 70
     0
102
RTVSPost2010Prop39
140
1.0
102
RTVSPost2010PropOp39
 70
     0
102
RTVSPost2010Prop40
 90
        0
102
RTVSPost2010PropOp40
 70
     0
102
RTVSPost2010Prop41ColorIndex
 90
       18
102
RTVSPost2010Prop41ColorRGB
 90
        0
102
RTVSPost2010PropOp41
 70
     0
102
RTVSPost2010Prop42
 90
       50
102
RTVSPost2010PropOp42
 70
     0
102
RTVSPost2010Prop43
 90
        3
102
RTVSPost2010PropOp43
 70
     0
102
RTVSPost2010Prop44ColorIndex
 90
        5
102
RTVSPost2010Prop44ColorRGB
 90
      255
102
RTVSPost2010PropOp44
 70
     0
102
RTVSPost2010Prop45
280
     0
102
RTVSPost2010PropOp45
 70
     1
102
RTVSPost2010Prop46
 90
       50
102
RTVSPost2010PropOp46
 70
     0
102
RTVSPost2010Prop47
 90
       50
102
RTVSPost2010PropOp47
 70
     0
102
RTVSPost2010Prop48
 90
       50
102
RTVSPost2010PropOp48
 70
     0
102
RTVSPost2010Prop49
280
     0
102
RTVSPost2010PropOp49
 70
     1
102
RTVSPost2010Prop50
 90
       50
102
RTVSPost2010PropOp50
 70
     0
102
RTVSPost2010Prop51ColorIndex
 90
      256
102
RTVSPost2010Prop51ColorRGB
 90
-16777216
102
RTVSPost2010PropOp51
 70
     0
102
RTVSPost2010Prop52
140
1.0
102
RTVSPost2010PropOp52
 70
     0
102
RTVSPost2010Prop53
 90
        2
102
RTVSPost2010PropOp53
 70
     0
102
RTVSPost2010Prop54
  1
strokes_ogs.tif
102
RTVSPost2010PropOp54
 70
     0
102
RTVSPost2010Prop55
280
     0
102
RTVSPost2010PropOp55
 70
     1
102
RTVSPost2010Prop56
140
1.0
102
RTVSPost2010PropOp56
 70
     0
102
RTVSPost2010Prop57
140
1.0
102
RTVSPost2010PropOp57
 70
     0
102
RTVSPropertyOp0
 70
     0
102
RTVSPropertyOp1
 70
     0
102
RTVSPropertyOp2
 70
     0
102
RTVSPropertyOp3
 70
     0
102
RTVSPropertyOp4
 70
     0
102
RTVSPropertyOp5
 70
     0
102
RTVSPropertyOp6
 70
     0
102
RTVSPropertyOp7
 70
     0
102
RTVSPropertyOp8
 70
     0
102
RTVSPropertyOp9
 70
     0
102
RTVSPropertyOp10
 70
     0
102
RTVSPropertyOp11
 70
     0
102
RTVSPropertyOp12
 70
     0
102
RTVSPropertyOp13
 70
     0
102
RTVSPropertyOp14
 70
     2
102
RTVSPropertyOp15
 70
     0
102
RTVSPropertyOp16
 70
     0
102
RTVSPropertyOp17
 70
     0
102
RTVSPropertyOp18
 70
     0
102
RTVSPropertyOp19
 70
     0
102
RTVSPropertyOp20
 70
     0
102
RTVSPropertyOp21
 70
     0
102
RTVSPropertyOp22
 70
     0
102
RTVSPropertyOp23
 70
     0
102
RTVSPropertyOp24
 70
     0
102
RTVSPropertyOp25
 70
     0
102
RTVSPropertyOp26
 70
     0
102
RTVSPropertyOp27
 70
     0
102
RTVSPropertyOp28
 70
     1
102
RTVSPropertyOp29
 70
     1
102
RTVSPropertyOp30
 70
     1
102
RTVSPropertyOp31
 70
     1
102
RTVSPropertyOp32
 70
     1
102
RTVSPropertyOp33
 70
     1
102
RTVSPropertyOp34
 70
     1
102
RTVSPropertyOp35
 70
     1
102
RTVSPropertyOp36
 70
     1
102
RTVSPropertyOp37
 70
     0
102
RTVSPropertyOp38
 70
     0
102
RTVSPropertyOp39
 70
     0
102
RTVSPropertyOp40
 70
     0
102
RTVSPropertyOp41
 70
     0
102
RTVSPropertyOp42
 70
     0
102
RTVSPropertyOp43
 70
     0
102
RTVSPropertyOp44
 70
     0
102
RTVSPropertyOp45
 70
     1
102
RTVSPropertyOp46
 70
     0
102
RTVSPropertyOp47
 70
     0
102
RTVSPropertyOp48
 70
     0
102
RTVSPropertyOp49
 70
     1
102
RTVSPropertyOp50
 70
     0
102
RTVSPropertyOp51
 70
     0
102
RTVSPropertyOp52
 70
     0
102
RTVSPropertyOp53
 70
     0
102
RTVSPropertyOp54
 70
     0
102
RTVSPropertyOp55
 70
     1
102
RTVSPropertyOp56
 70
     0
102
RTVSPropertyOp57
 70
     0
102
RTVSPropertyOp58
 70
     0
102
RTVSPropertyOp59
 70
     0
102
RTVSPropertyOp60
 70
     0
102
RTVSPropertyOp61
 70
     0
102
RTVSPropertyOp62
 70
     0
  0
XRECORD
  5
AA5
102
{ACAD_REACTORS
330
AA4
102
}
330
AA4
100
AcDbXrecord
280
     1
102
RTVSPost2010Prop28
280
     0
102
RTVSPost2010PropOp28
 70
     1
102
RTVSPost2010Prop29
280
     1
102
RTVSPost2010PropOp29
 70
     1
102
RTVSPost2010Prop30
280
     1
102
RTVSPost2010PropOp30
 70
     1
102
RTVSPost2010Prop31
280
     0
102
RTVSPost2010PropOp31
 70
     1
102
RTVSPost2010Prop32
280
     0
102
RTVSPost2010PropOp32
 70
     1
102
RTVSPost2010Prop33
280
     0
102
RTVSPost2010PropOp33
 70
     1
102
RTVSPost2010Prop34
280
     0
102
RTVSPost2010PropOp34
 70
     1
102
RTVSPost2010Prop35
280
     0
102
RTVSPost2010PropOp35
 70
     1
102
RTVSPost2010Prop36
280
     0
102
RTVSPost2010PropOp36
 70
     1
102
RTVSPost2010Prop37
 90
       50
102
RTVSPost2010PropOp37
 70
     1
102
RTVSPost2010Prop38
140
0.0
102
RTVSPost2010PropOp38
 70
     1
102
RTVSPost2010Prop39
140
1.0
102
RTVSPost2010PropOp39
 70
     1
102
RTVSPost2010Prop40
 90
        0
102
RTVSPost2010PropOp40
 70
     1
102
RTVSPost2010Prop41ColorIndex
 90
       18
102
RTVSPost2010Prop41ColorRGB
 90
        0
102
RTVSPost2010PropOp41
 70
     1
102
RTVSPost2010Prop42
 90
       50
102
RTVSPost2010PropOp42
 70
     1
102
RTVSPost2010Prop43
 90
        3
102
RTVSPost2010PropOp43
 70
     1
102
RTVSPost2010Prop44ColorIndex
 90
        5
102
RTVSPost2010Prop44ColorRGB
 90
      255
102
RTVSPost2010PropOp44
 70
     1
102
RTVSPost2010Prop45
280
     0
102
RTVSPost2010PropOp45
 70
     1
102
RTVSPost2010Prop46
 90
       50
102
RTVSPost2010PropOp46
 70
     1
102
RTVSPost2010Prop47
 90
       50
102
RTVSPost2010PropOp47
 70
     1
102
RTVSPost2010Prop48
 90
       50
102
RTVSPost2010PropOp48
 70
     1
102
RTVSPost2010Prop49
280
     0
102
RTVSPost2010PropOp49
 70
     1
102
RTVSPost2010Prop50
 90
       50
102
RTVSPost2010PropOp50
 70
     1
102
RTVSPost2010Prop51ColorIndex
 90
      256
102
RTVSPost2010Prop51ColorRGB
 90
-16777216
102
RTVSPost2010PropOp51
 70
     0
102
RTVSPost2010Prop52
140
1.0
102
RTVSPost2010PropOp52
 70
     0
102
RTVSPost2010Prop53
 90
        2
102
RTVSPost2010PropOp53
 70
     1
102
RTVSPost2010Prop54
  1
strokes_ogs.tif
102
RTVSPost2010PropOp54
 70
     1
102
RTVSPost2010Prop55
280
     0
102
RTVSPost2010PropOp55
 70
     1
102
RTVSPost2010Prop56
140
1.0
102
RTVSPost2010PropOp56
 70
     1
102
RTVSPost2010Prop57
140
1.0
102
RTVSPost2010PropOp57
 70
     1
102
RTVSPropertyOp0
 70
     1
102
RTVSPropertyOp1
 70
     1
102
RTVSPropertyOp2
 70
     1
102
RTVSPropertyOp3
 70
     1
102
RTVSPropertyOp4
 70
     1
102
RTVSPropertyOp5
 70
     1
102
RTVSPropertyOp6
 70
     1
102
RTVSPropertyOp7
 70
     1
102
RTVSPropertyOp8
 70
     1
102
RTVSPropertyOp9
 70
     1
102
RTVSPropertyOp10
 70
     1
102
RTVSPropertyOp11
 70
     1
102
RTVSPropertyOp12
 70
     1
102
RTVSPropertyOp13
 70
     1
102
RTVSPropertyOp14
 70
     1
102
RTVSPropertyOp15
 70
     1
102
RTVSPropertyOp16
 70
     1
102
RTVSPropertyOp17
 70
     1
102
RTVSPropertyOp18
 70
     1
102
RTVSPropertyOp19
 70
     1
102
RTVSPropertyOp20
 70
     1
102
RTVSPropertyOp21
 70
     1
102
RTVSPropertyOp22
 70
     1
102
RTVSPropertyOp23
 70
     1
102
RTVSPropertyOp24
 70
     1
102
RTVSPropertyOp25
 70
     1
102
RTVSPropertyOp26
 70
     1
102
RTVSPropertyOp27
 70
     1
102
RTVSPropertyOp28
 70
     1
102
RTVSPropertyOp29
 70
     1
102
RTVSPropertyOp30
 70
     1
102
RTVSPropertyOp31
 70
     1
102
RTVSPropertyOp32
 70
     1
102
RTVSPropertyOp33
 70
     1
102
RTVSPropertyOp34
 70
     1
102
RTVSPropertyOp35
 70
     1
102
RTVSPropertyOp36
 70
     1
102
RTVSPropertyOp37
 70
     1
102
RTVSPropertyOp38
 70
     1
102
RTVSPropertyOp39
 70
     1
102
RTVSPropertyOp40
 70
     1
102
RTVSPropertyOp41
 70
     1
102
RTVSPropertyOp42
 70
     1
102
RTVSPropertyOp43
 70
     1
102
RTVSPropertyOp44
 70
     1
102
RTVSPropertyOp45
 70
     1
102
RTVSPropertyOp46
 70
     1
102
RTVSPropertyOp47
 70
     1
102
RTVSPropertyOp48
 70
     1
102
RTVSPropertyOp49
 70
     1
102
RTVSPropertyOp50
 70
     1
102
RTVSPropertyOp51
 70
     0
102
RTVSPropertyOp52
 70
     0
102
RTVSPropertyOp53
 70
     1
102
RTVSPropertyOp54
 70
     1
102
RTVSPropertyOp55
 70
     1
102
RTVSPropertyOp56
 70
     1
102
RTVSPropertyOp57
 70
     1
102
RTVSPropertyOp58
 70
     1
102
RTVSPropertyOp59
 70
     1
102
RTVSPropertyOp60
 70
     1
102
RTVSPropertyOp61
 70
     1
102
RTVSPropertyOp62
 70
     1
  0
XRECORD
  5
A89
102
{ACAD_REACTORS
330
A88
102
}
330
A88
100
AcDbXrecord
280
     1
102
RTVSPost2010Prop28
280
     0
102
RTVSPost2010PropOp28
 70
     1
102
RTVSPost2010Prop29
280
     1
102
RTVSPost2010PropOp29
 70
     1
102
RTVSPost2010Prop30
280
     1
102
RTVSPost2010PropOp30
 70
     1
102
RTVSPost2010Prop31
280
     0
102
RTVSPost2010PropOp31
 70
     1
102
RTVSPost2010Prop32
280
     0
102
RTVSPost2010PropOp32
 70
     1
102
RTVSPost2010Prop33
280
     0
102
RTVSPost2010PropOp33
 70
     1
102
RTVSPost2010Prop34
280
     0
102
RTVSPost2010PropOp34
 70
     1
102
RTVSPost2010Prop35
280
     0
102
RTVSPost2010PropOp35
 70
     1
102
RTVSPost2010Prop36
280
     0
102
RTVSPost2010PropOp36
 70
     1
102
RTVSPost2010Prop37
 90
       50
102
RTVSPost2010PropOp37
 70
     1
102
RTVSPost2010Prop38
140
0.0
102
RTVSPost2010PropOp38
 70
     1
102
RTVSPost2010Prop39
140
1.0
102
RTVSPost2010PropOp39
 70
     1
102
RTVSPost2010Prop40
 90
        0
102
RTVSPost2010PropOp40
 70
     1
102
RTVSPost2010Prop41ColorIndex
 90
       18
102
RTVSPost2010Prop41ColorRGB
 90
        0
102
RTVSPost2010PropOp41
 70
     1
102
RTVSPost2010Prop42
 90
       50
102
RTVSPost2010PropOp42
 70
     1
102
RTVSPost2010Prop43
 90
        3
102
RTVSPost2010PropOp43
 70
     1
102
RTVSPost2010Prop44ColorIndex
 90
        5
102
RTVSPost2010Prop44ColorRGB
 90
      255
102
RTVSPost2010PropOp44
 70
     1
102
RTVSPost2010Prop45
280
     0
102
RTVSPost2010PropOp45
 70
     1
102
RTVSPost2010Prop46
 90
       50
102
RTVSPost2010PropOp46
 70
     1
102
RTVSPost2010Prop47
 90
       50
102
RTVSPost2010PropOp47
 70
     1
102
RTVSPost2010Prop48
 90
       50
102
RTVSPost2010PropOp48
 70
     1
102
RTVSPost2010Prop49
280
     0
102
RTVSPost2010PropOp49
 70
     1
102
RTVSPost2010Prop50
 90
       50
102
RTVSPost2010PropOp50
 70
     1
102
RTVSPost2010Prop51ColorIndex
 90
      256
102
RTVSPost2010Prop51ColorRGB
 90
-16777216
102
RTVSPost2010PropOp51
 70
     0
102
RTVSPost2010Prop52
140
1.0
102
RTVSPost2010PropOp52
 70
     0
102
RTVSPost2010Prop53
 90
        2
102
RTVSPost2010PropOp53
 70
     1
102
RTVSPost2010Prop54
  1
strokes_ogs.tif
102
RTVSPost2010PropOp54
 70
     1
102
RTVSPost2010Prop55
280
     0
102
RTVSPost2010PropOp55
 70
     1
102
RTVSPost2010Prop56
140
1.0
102
RTVSPost2010PropOp56
 70
     1
102
RTVSPost2010Prop57
140
1.0
102
RTVSPost2010PropOp57
 70
     1
102
RTVSPropertyOp0
 70
     1
102
RTVSPropertyOp1
 70
     1
102
RTVSPropertyOp2
 70
     1
102
RTVSPropertyOp3
 70
     1
102
RTVSPropertyOp4
 70
     1
102
RTVSPropertyOp5
 70
     1
102
RTVSPropertyOp6
 70
     1
102
RTVSPropertyOp7
 70
     1
102
RTVSPropertyOp8
 70
     1
102
RTVSPropertyOp9
 70
     1
102
RTVSPropertyOp10
 70
     1
102
RTVSPropertyOp11
 70
     1
102
RTVSPropertyOp12
 70
     1
102
RTVSPropertyOp13
 70
     1
102
RTVSPropertyOp14
 70
     1
102
RTVSPropertyOp15
 70
     1
102
RTVSPropertyOp16
 70
     1
102
RTVSPropertyOp17
 70
     1
102
RTVSPropertyOp18
 70
     1
102
RTVSPropertyOp19
 70
     1
102
RTVSPropertyOp20
 70
     1
102
RTVSPropertyOp21
 70
     1
102
RTVSPropertyOp22
 70
     1
102
RTVSPropertyOp23
 70
     1
102
RTVSPropertyOp24
 70
     1
102
RTVSPropertyOp25
 70
     1
102
RTVSPropertyOp26
 70
     1
102
RTVSPropertyOp27
 70
     1
102
RTVSPropertyOp28
 70
     1
102
RTVSPropertyOp29
 70
     1
102
RTVSPropertyOp30
 70
     1
102
RTVSPropertyOp31
 70
     1
102
RTVSPropertyOp32
 70
     1
102
RTVSPropertyOp33
 70
     1
102
RTVSPropertyOp34
 70
     1
102
RTVSPropertyOp35
 70
     1
102
RTVSPropertyOp36
 70
     1
102
RTVSPropertyOp37
 70
     1
102
RTVSPropertyOp38
 70
     1
102
RTVSPropertyOp39
 70
     1
102
RTVSPropertyOp40
 70
     1
102
RTVSPropertyOp41
 70
     1
102
RTVSPropertyOp42
 70
     1
102
RTVSPropertyOp43
 70
     1
102
RTVSPropertyOp44
 70
     1
102
RTVSPropertyOp45
 70
     1
102
RTVSPropertyOp46
 70
     1
102
RTVSPropertyOp47
 70
     1
102
RTVSPropertyOp48
 70
     1
102
RTVSPropertyOp49
 70
     1
102
RTVSPropertyOp50
 70
     1
102
RTVSPropertyOp51
 70
     0
102
RTVSPropertyOp52
 70
     0
102
RTVSPropertyOp53
 70
     1
102
RTVSPropertyOp54
 70
     1
102
RTVSPropertyOp55
 70
     1
102
RTVSPropertyOp56
 70
     1
102
RTVSPropertyOp57
 70
     1
102
RTVSPropertyOp58
 70
     1
102
RTVSPropertyOp59
 70
     1
102
RTVSPropertyOp60
 70
     1
102
RTVSPropertyOp61
 70
     1
102
RTVSPropertyOp62
 70
     1
  0
XRECORD
  5
A8B
102
{ACAD_REACTORS
330
A8A
102
}
330
A8A
100
AcDbXrecord
280
     1
102
RTVSPost2010Prop28
280
     0
102
RTVSPost2010PropOp28
 70
     1
102
RTVSPost2010Prop29
280
     1
102
RTVSPost2010PropOp29
 70
     1
102
RTVSPost2010Prop30
280
     1
102
RTVSPost2010PropOp30
 70
     1
102
RTVSPost2010Prop31
280
     0
102
RTVSPost2010PropOp31
 70
     1
102
RTVSPost2010Prop32
280
     0
102
RTVSPost2010PropOp32
 70
     1
102
RTVSPost2010Prop33
280
     0
102
RTVSPost2010PropOp33
 70
     1
102
RTVSPost2010Prop34
280
     0
102
RTVSPost2010PropOp34
 70
     1
102
RTVSPost2010Prop35
280
     0
102
RTVSPost2010PropOp35
 70
     1
102
RTVSPost2010Prop36
280
     0
102
RTVSPost2010PropOp36
 70
     1
102
RTVSPost2010Prop37
 90
       50
102
RTVSPost2010PropOp37
 70
     1
102
RTVSPost2010Prop38
140
0.0
102
RTVSPost2010PropOp38
 70
     1
102
RTVSPost2010Prop39
140
1.0
102
RTVSPost2010PropOp39
 70
     1
102
RTVSPost2010Prop40
 90
        0
102
RTVSPost2010PropOp40
 70
     1
102
RTVSPost2010Prop41ColorIndex
 90
       18
102
RTVSPost2010Prop41ColorRGB
 90
        0
102
RTVSPost2010PropOp41
 70
     1
102
RTVSPost2010Prop42
 90
       50
102
RTVSPost2010PropOp42
 70
     1
102
RTVSPost2010Prop43
 90
        3
102
RTVSPost2010PropOp43
 70
     1
102
RTVSPost2010Prop44ColorIndex
 90
        5
102
RTVSPost2010Prop44ColorRGB
 90
      255
102
RTVSPost2010PropOp44
 70
     1
102
RTVSPost2010Prop45
280
     0
102
RTVSPost2010PropOp45
 70
     1
102
RTVSPost2010Prop46
 90
       50
102
RTVSPost2010PropOp46
 70
     1
102
RTVSPost2010Prop47
 90
       50
102
RTVSPost2010PropOp47
 70
     1
102
RTVSPost2010Prop48
 90
       50
102
RTVSPost2010PropOp48
 70
     1
102
RTVSPost2010Prop49
280
     0
102
RTVSPost2010PropOp49
 70
     1
102
RTVSPost2010Prop50
 90
       50
102
RTVSPost2010PropOp50
 70
     1
102
RTVSPost2010Prop51ColorIndex
 90
      256
102
RTVSPost2010Prop51ColorRGB
 90
-16777216
102
RTVSPost2010PropOp51
 70
     0
102
RTVSPost2010Prop52
140
1.0
102
RTVSPost2010PropOp52
 70
     0
102
RTVSPost2010Prop53
 90
        2
102
RTVSPost2010PropOp53
 70
     1
102
RTVSPost2010Prop54
  1
strokes_ogs.tif
102
RTVSPost2010PropOp54
 70
     1
102
RTVSPost2010Prop55
280
     0
102
RTVSPost2010PropOp55
 70
     1
102
RTVSPost2010Prop56
140
1.0
102
RTVSPost2010PropOp56
 70
     1
102
RTVSPost2010Prop57
140
1.0
102
RTVSPost2010PropOp57
 70
     1
102
RTVSPropertyOp0
 70
     1
102
RTVSPropertyOp1
 70
     1
102
RTVSPropertyOp2
 70
     1
102
RTVSPropertyOp3
 70
     1
102
RTVSPropertyOp4
 70
     1
102
RTVSPropertyOp5
 70
     1
102
RTVSPropertyOp6
 70
     1
102
RTVSPropertyOp7
 70
     1
102
RTVSPropertyOp8
 70
     1
102
RTVSPropertyOp9
 70
     1
102
RTVSPropertyOp10
 70
     1
102
RTVSPropertyOp11
 70
     1
102
RTVSPropertyOp12
 70
     1
102
RTVSPropertyOp13
 70
     1
102
RTVSPropertyOp14
 70
     1
102
RTVSPropertyOp15
 70
     1
102
RTVSPropertyOp16
 70
     1
102
RTVSPropertyOp17
 70
     1
102
RTVSPropertyOp18
 70
     1
102
RTVSPropertyOp19
 70
     1
102
RTVSPropertyOp20
 70
     1
102
RTVSPropertyOp21
 70
     1
102
RTVSPropertyOp22
 70
     1
102
RTVSPropertyOp23
 70
     1
102
RTVSPropertyOp24
 70
     1
102
RTVSPropertyOp25
 70
     1
102
RTVSPropertyOp26
 70
     1
102
RTVSPropertyOp27
 70
     1
102
RTVSPropertyOp28
 70
     1
102
RTVSPropertyOp29
 70
     1
102
RTVSPropertyOp30
 70
     1
102
RTVSPropertyOp31
 70
     1
102
RTVSPropertyOp32
 70
     1
102
RTVSPropertyOp33
 70
     1
102
RTVSPropertyOp34
 70
     1
102
RTVSPropertyOp35
 70
     1
102
RTVSPropertyOp36
 70
     1
102
RTVSPropertyOp37
 70
     1
102
RTVSPropertyOp38
 70
     1
102
RTVSPropertyOp39
 70
     1
102
RTVSPropertyOp40
 70
     1
102
RTVSPropertyOp41
 70
     1
102
RTVSPropertyOp42
 70
     1
102
RTVSPropertyOp43
 70
     1
102
RTVSPropertyOp44
 70
     1
102
RTVSPropertyOp45
 70
     1
102
RTVSPropertyOp46
 70
     1
102
RTVSPropertyOp47
 70
     1
102
RTVSPropertyOp48
 70
     1
102
RTVSPropertyOp49
 70
     1
102
RTVSPropertyOp50
 70
     1
102
RTVSPropertyOp51
 70
     0
102
RTVSPropertyOp52
 70
     0
102
RTVSPropertyOp53
 70
     1
102
RTVSPropertyOp54
 70
     1
102
RTVSPropertyOp55
 70
     1
102
RTVSPropertyOp56
 70
     1
102
RTVSPropertyOp57
 70
     1
102
RTVSPropertyOp58
 70
     1
102
RTVSPropertyOp59
 70
     1
102
RTVSPropertyOp60
 70
     1
102
RTVSPropertyOp61
 70
     1
102
RTVSPropertyOp62
 70
     1
  0
XRECORD
  5
A8D
102
{ACAD_REACTORS
330
A8C
102
}
330
A8C
100
AcDbXrecord
280
     1
102
RTVSPost2010Prop28
280
     0
102
RTVSPost2010PropOp28
 70
     1
102
RTVSPost2010Prop29
280
     1
102
RTVSPost2010PropOp29
 70
     1
102
RTVSPost2010Prop30
280
     1
102
RTVSPost2010PropOp30
 70
     1
102
RTVSPost2010Prop31
280
     0
102
RTVSPost2010PropOp31
 70
     1
102
RTVSPost2010Prop32
280
     0
102
RTVSPost2010PropOp32
 70
     1
102
RTVSPost2010Prop33
280
     0
102
RTVSPost2010PropOp33
 70
     1
102
RTVSPost2010Prop34
280
     0
102
RTVSPost2010PropOp34
 70
     1
102
RTVSPost2010Prop35
280
     0
102
RTVSPost2010PropOp35
 70
     1
102
RTVSPost2010Prop36
280
     0
102
RTVSPost2010PropOp36
 70
     1
102
RTVSPost2010Prop37
 90
       50
102
RTVSPost2010PropOp37
 70
     1
102
RTVSPost2010Prop38
140
0.0
102
RTVSPost2010PropOp38
 70
     1
102
RTVSPost2010Prop39
140
1.0
102
RTVSPost2010PropOp39
 70
     1
102
RTVSPost2010Prop40
 90
        0
102
RTVSPost2010PropOp40
 70
     1
102
RTVSPost2010Prop41ColorIndex
 90
       18
102
RTVSPost2010Prop41ColorRGB
 90
        0
102
RTVSPost2010PropOp41
 70
     1
102
RTVSPost2010Prop42
 90
       50
102
RTVSPost2010PropOp42
 70
     1
102
RTVSPost2010Prop43
 90
        3
102
RTVSPost2010PropOp43
 70
     1
102
RTVSPost2010Prop44ColorIndex
 90
        5
102
RTVSPost2010Prop44ColorRGB
 90
      255
102
RTVSPost2010PropOp44
 70
     1
102
RTVSPost2010Prop45
280
     0
102
RTVSPost2010PropOp45
 70
     1
102
RTVSPost2010Prop46
 90
       50
102
RTVSPost2010PropOp46
 70
     1
102
RTVSPost2010Prop47
 90
       50
102
RTVSPost2010PropOp47
 70
     1
102
RTVSPost2010Prop48
 90
       50
102
RTVSPost2010PropOp48
 70
     1
102
RTVSPost2010Prop49
280
     0
102
RTVSPost2010PropOp49
 70
     1
102
RTVSPost2010Prop50
 90
       50
102
RTVSPost2010PropOp50
 70
     1
102
RTVSPost2010Prop51ColorIndex
 90
      256
102
RTVSPost2010Prop51ColorRGB
 90
-16777216
102
RTVSPost2010PropOp51
 70
     0
102
RTVSPost2010Prop52
140
1.0
102
RTVSPost2010PropOp52
 70
     0
102
RTVSPost2010Prop53
 90
        2
102
RTVSPost2010PropOp53
 70
     1
102
RTVSPost2010Prop54
  1
strokes_ogs.tif
102
RTVSPost2010PropOp54
 70
     1
102
RTVSPost2010Prop55
280
     0
102
RTVSPost2010PropOp55
 70
     1
102
RTVSPost2010Prop56
140
1.0
102
RTVSPost2010PropOp56
 70
     1
102
RTVSPost2010Prop57
140
1.0
102
RTVSPost2010PropOp57
 70
     1
102
RTVSPropertyOp0
 70
     1
102
RTVSPropertyOp1
 70
     1
102
RTVSPropertyOp2
 70
     1
102
RTVSPropertyOp3
 70
     1
102
RTVSPropertyOp4
 70
     1
102
RTVSPropertyOp5
 70
     1
102
RTVSPropertyOp6
 70
     1
102
RTVSPropertyOp7
 70
     1
102
RTVSPropertyOp8
 70
     1
102
RTVSPropertyOp9
 70
     1
102
RTVSPropertyOp10
 70
     1
102
RTVSPropertyOp11
 70
     1
102
RTVSPropertyOp12
 70
     1
102
RTVSPropertyOp13
 70
     1
102
RTVSPropertyOp14
 70
     1
102
RTVSPropertyOp15
 70
     1
102
RTVSPropertyOp16
 70
     1
102
RTVSPropertyOp17
 70
     1
102
RTVSPropertyOp18
 70
     1
102
RTVSPropertyOp19
 70
     1
102
RTVSPropertyOp20
 70
     1
102
RTVSPropertyOp21
 70
     1
102
RTVSPropertyOp22
 70
     1
102
RTVSPropertyOp23
 70
     1
102
RTVSPropertyOp24
 70
     1
102
RTVSPropertyOp25
 70
     1
102
RTVSPropertyOp26
 70
     1
102
RTVSPropertyOp27
 70
     1
102
RTVSPropertyOp28
 70
     1
102
RTVSPropertyOp29
 70
     1
102
RTVSPropertyOp30
 70
     1
102
RTVSPropertyOp31
 70
     1
102
RTVSPropertyOp32
 70
     1
102
RTVSPropertyOp33
 70
     1
102
RTVSPropertyOp34
 70
     1
102
RTVSPropertyOp35
 70
     1
102
RTVSPropertyOp36
 70
     1
102
RTVSPropertyOp37
 70
     1
102
RTVSPropertyOp38
 70
     1
102
RTVSPropertyOp39
 70
     1
102
RTVSPropertyOp40
 70
     1
102
RTVSPropertyOp41
 70
     1
102
RTVSPropertyOp42
 70
     1
102
RTVSPropertyOp43
 70
     1
102
RTVSPropertyOp44
 70
     1
102
RTVSPropertyOp45
 70
     1
102
RTVSPropertyOp46
 70
     1
102
RTVSPropertyOp47
 70
     1
102
RTVSPropertyOp48
 70
     1
102
RTVSPropertyOp49
 70
     1
102
RTVSPropertyOp50
 70
     1
102
RTVSPropertyOp51
 70
     0
102
RTVSPropertyOp52
 70
     0
102
RTVSPropertyOp53
 70
     1
102
RTVSPropertyOp54
 70
     1
102
RTVSPropertyOp55
 70
     1
102
RTVSPropertyOp56
 70
     1
102
RTVSPropertyOp57
 70
     1
102
RTVSPropertyOp58
 70
     1
102
RTVSPropertyOp59
 70
     1
102
RTVSPropertyOp60
 70
     1
102
RTVSPropertyOp61
 70
     1
102
RTVSPropertyOp62
 70
     1
  0
XRECORD
  5
A8F
102
{ACAD_REACTORS
330
A8E
102
}
330
A8E
100
AcDbXrecord
280
     1
102
RTVSPost2010Prop28
280
     0
102
RTVSPost2010PropOp28
 70
     1
102
RTVSPost2010Prop29
280
     1
102
RTVSPost2010PropOp29
 70
     1
102
RTVSPost2010Prop30
280
     1
102
RTVSPost2010PropOp30
 70
     1
102
RTVSPost2010Prop31
280
     0
102
RTVSPost2010PropOp31
 70
     1
102
RTVSPost2010Prop32
280
     0
102
RTVSPost2010PropOp32
 70
     1
102
RTVSPost2010Prop33
280
     0
102
RTVSPost2010PropOp33
 70
     1
102
RTVSPost2010Prop34
280
     0
102
RTVSPost2010PropOp34
 70
     1
102
RTVSPost2010Prop35
280
     0
102
RTVSPost2010PropOp35
 70
     1
102
RTVSPost2010Prop36
280
     0
102
RTVSPost2010PropOp36
 70
     1
102
RTVSPost2010Prop37
 90
       50
102
RTVSPost2010PropOp37
 70
     1
102
RTVSPost2010Prop38
140
0.0
102
RTVSPost2010PropOp38
 70
     1
102
RTVSPost2010Prop39
140
1.0
102
RTVSPost2010PropOp39
 70
     1
102
RTVSPost2010Prop40
 90
        0
102
RTVSPost2010PropOp40
 70
     1
102
RTVSPost2010Prop41ColorIndex
 90
       18
102
RTVSPost2010Prop41ColorRGB
 90
        0
102
RTVSPost2010PropOp41
 70
     1
102
RTVSPost2010Prop42
 90
       50
102
RTVSPost2010PropOp42
 70
     1
102
RTVSPost2010Prop43
 90
        3
102
RTVSPost2010PropOp43
 70
     1
102
RTVSPost2010Prop44ColorIndex
 90
        5
102
RTVSPost2010Prop44ColorRGB
 90
      255
102
RTVSPost2010PropOp44
 70
     1
102
RTVSPost2010Prop45
280
     0
102
RTVSPost2010PropOp45
 70
     1
102
RTVSPost2010Prop46
 90
       50
102
RTVSPost2010PropOp46
 70
     1
102
RTVSPost2010Prop47
 90
       50
102
RTVSPost2010PropOp47
 70
     1
102
RTVSPost2010Prop48
 90
       50
102
RTVSPost2010PropOp48
 70
     1
102
RTVSPost2010Prop49
280
     0
102
RTVSPost2010PropOp49
 70
     1
102
RTVSPost2010Prop50
 90
       50
102
RTVSPost2010PropOp50
 70
     1
102
RTVSPost2010Prop51ColorIndex
 90
      256
102
RTVSPost2010Prop51ColorRGB
 90
-16777216
102
RTVSPost2010PropOp51
 70
     0
102
RTVSPost2010Prop52
140
1.0
102
RTVSPost2010PropOp52
 70
     0
102
RTVSPost2010Prop53
 90
        2
102
RTVSPost2010PropOp53
 70
     1
102
RTVSPost2010Prop54
  1
strokes_ogs.tif
102
RTVSPost2010PropOp54
 70
     1
102
RTVSPost2010Prop55
280
     0
102
RTVSPost2010PropOp55
 70
     1
102
RTVSPost2010Prop56
140
1.0
102
RTVSPost2010PropOp56
 70
     1
102
RTVSPost2010Prop57
140
1.0
102
RTVSPost2010PropOp57
 70
     1
102
RTVSPropertyOp0
 70
     1
102
RTVSPropertyOp1
 70
     1
102
RTVSPropertyOp2
 70
     1
102
RTVSPropertyOp3
 70
     1
102
RTVSPropertyOp4
 70
     1
102
RTVSPropertyOp5
 70
     1
102
RTVSPropertyOp6
 70
     1
102
RTVSPropertyOp7
 70
     1
102
RTVSPropertyOp8
 70
     1
102
RTVSPropertyOp9
 70
     1
102
RTVSPropertyOp10
 70
     1
102
RTVSPropertyOp11
 70
     1
102
RTVSPropertyOp12
 70
     1
102
RTVSPropertyOp13
 70
     1
102
RTVSPropertyOp14
 70
     1
102
RTVSPropertyOp15
 70
     1
102
RTVSPropertyOp16
 70
     1
102
RTVSPropertyOp17
 70
     1
102
RTVSPropertyOp18
 70
     1
102
RTVSPropertyOp19
 70
     1
102
RTVSPropertyOp20
 70
     1
102
RTVSPropertyOp21
 70
     1
102
RTVSPropertyOp22
 70
     1
102
RTVSPropertyOp23
 70
     1
102
RTVSPropertyOp24
 70
     1
102
RTVSPropertyOp25
 70
     1
102
RTVSPropertyOp26
 70
     1
102
RTVSPropertyOp27
 70
     1
102
RTVSPropertyOp28
 70
     1
102
RTVSPropertyOp29
 70
     1
102
RTVSPropertyOp30
 70
     1
102
RTVSPropertyOp31
 70
     1
102
RTVSPropertyOp32
 70
     1
102
RTVSPropertyOp33
 70
     1
102
RTVSPropertyOp34
 70
     1
102
RTVSPropertyOp35
 70
     1
102
RTVSPropertyOp36
 70
     1
102
RTVSPropertyOp37
 70
     1
102
RTVSPropertyOp38
 70
     1
102
RTVSPropertyOp39
 70
     1
102
RTVSPropertyOp40
 70
     1
102
RTVSPropertyOp41
 70
     1
102
RTVSPropertyOp42
 70
     1
102
RTVSPropertyOp43
 70
     1
102
RTVSPropertyOp44
 70
     1
102
RTVSPropertyOp45
 70
     1
102
RTVSPropertyOp46
 70
     1
102
RTVSPropertyOp47
 70
     1
102
RTVSPropertyOp48
 70
     1
102
RTVSPropertyOp49
 70
     1
102
RTVSPropertyOp50
 70
     1
102
RTVSPropertyOp51
 70
     0
102
RTVSPropertyOp52
 70
     0
102
RTVSPropertyOp53
 70
     1
102
RTVSPropertyOp54
 70
     1
102
RTVSPropertyOp55
 70
     1
102
RTVSPropertyOp56
 70
     1
102
RTVSPropertyOp57
 70
     1
102
RTVSPropertyOp58
 70
     1
102
RTVSPropertyOp59
 70
     1
102
RTVSPropertyOp60
 70
     1
102
RTVSPropertyOp61
 70
     1
102
RTVSPropertyOp62
 70
     1
  0
XRECORD
  5
A97
102
{ACAD_REACTORS
330
A96
102
}
330
A96
100
AcDbXrecord
280
     1
102
RTVSPost2010Prop28
280
     0
102
RTVSPost2010PropOp28
 70
     1
102
RTVSPost2010Prop29
280
     1
102
RTVSPost2010PropOp29
 70
     1
102
RTVSPost2010Prop30
280
     1
102
RTVSPost2010PropOp30
 70
     1
102
RTVSPost2010Prop31
280
     0
102
RTVSPost2010PropOp31
 70
     1
102
RTVSPost2010Prop32
280
     0
102
RTVSPost2010PropOp32
 70
     1
102
RTVSPost2010Prop33
280
     0
102
RTVSPost2010PropOp33
 70
     1
102
RTVSPost2010Prop34
280
     0
102
RTVSPost2010PropOp34
 70
     1
102
RTVSPost2010Prop35
280
     0
102
RTVSPost2010PropOp35
 70
     1
102
RTVSPost2010Prop36
280
     0
102
RTVSPost2010PropOp36
 70
     1
102
RTVSPost2010Prop37
 90
       50
102
RTVSPost2010PropOp37
 70
     1
102
RTVSPost2010Prop38
140
0.0
102
RTVSPost2010PropOp38
 70
     1
102
RTVSPost2010Prop39
140
1.0
102
RTVSPost2010PropOp39
 70
     1
102
RTVSPost2010Prop40
 90
        0
102
RTVSPost2010PropOp40
 70
     1
102
RTVSPost2010Prop41ColorIndex
 90
       18
102
RTVSPost2010Prop41ColorRGB
 90
        0
102
RTVSPost2010PropOp41
 70
     1
102
RTVSPost2010Prop42
 90
       50
102
RTVSPost2010PropOp42
 70
     1
102
RTVSPost2010Prop43
 90
        3
102
RTVSPost2010PropOp43
 70
     1
102
RTVSPost2010Prop44ColorIndex
 90
        5
102
RTVSPost2010Prop44ColorRGB
 90
      255
102
RTVSPost2010PropOp44
 70
     1
102
RTVSPost2010Prop45
280
     0
102
RTVSPost2010PropOp45
 70
     1
102
RTVSPost2010Prop46
 90
       50
102
RTVSPost2010PropOp46
 70
     1
102
RTVSPost2010Prop47
 90
       50
102
RTVSPost2010PropOp47
 70
     1
102
RTVSPost2010Prop48
 90
       50
102
RTVSPost2010PropOp48
 70
     1
102
RTVSPost2010Prop49
280
     0
102
RTVSPost2010PropOp49
 70
     1
102
RTVSPost2010Prop50
 90
       50
102
RTVSPost2010PropOp50
 70
     1
102
RTVSPost2010Prop51ColorIndex
 90
      256
102
RTVSPost2010Prop51ColorRGB
 90
-16777216
102
RTVSPost2010PropOp51
 70
     0
102
RTVSPost2010Prop52
140
1.0
102
RTVSPost2010PropOp52
 70
     0
102
RTVSPost2010Prop53
 90
        2
102
RTVSPost2010PropOp53
 70
     1
102
RTVSPost2010Prop54
  1
strokes_ogs.tif
102
RTVSPost2010PropOp54
 70
     1
102
RTVSPost2010Prop55
280
     0
102
RTVSPost2010PropOp55
 70
     1
102
RTVSPost2010Prop56
140
1.0
102
RTVSPost2010PropOp56
 70
     1
102
RTVSPost2010Prop57
140
1.0
102
RTVSPost2010PropOp57
 70
     1
102
RTVSPropertyOp0
 70
     1
102
RTVSPropertyOp1
 70
     1
102
RTVSPropertyOp2
 70
     1
102
RTVSPropertyOp3
 70
     1
102
RTVSPropertyOp4
 70
     1
102
RTVSPropertyOp5
 70
     1
102
RTVSPropertyOp6
 70
     1
102
RTVSPropertyOp7
 70
     1
102
RTVSPropertyOp8
 70
     1
102
RTVSPropertyOp9
 70
     1
102
RTVSPropertyOp10
 70
     1
102
RTVSPropertyOp11
 70
     1
102
RTVSPropertyOp12
 70
     1
102
RTVSPropertyOp13
 70
     1
102
RTVSPropertyOp14
 70
     1
102
RTVSPropertyOp15
 70
     1
102
RTVSPropertyOp16
 70
     1
102
RTVSPropertyOp17
 70
     1
102
RTVSPropertyOp18
 70
     1
102
RTVSPropertyOp19
 70
     1
102
RTVSPropertyOp20
 70
     1
102
RTVSPropertyOp21
 70
     1
102
RTVSPropertyOp22
 70
     1
102
RTVSPropertyOp23
 70
     1
102
RTVSPropertyOp24
 70
     1
102
RTVSPropertyOp25
 70
     1
102
RTVSPropertyOp26
 70
     1
102
RTVSPropertyOp27
 70
     1
102
RTVSPropertyOp28
 70
     1
102
RTVSPropertyOp29
 70
     1
102
RTVSPropertyOp30
 70
     1
102
RTVSPropertyOp31
 70
     1
102
RTVSPropertyOp32
 70
     1
102
RTVSPropertyOp33
 70
     1
102
RTVSPropertyOp34
 70
     1
102
RTVSPropertyOp35
 70
     1
102
RTVSPropertyOp36
 70
     1
102
RTVSPropertyOp37
 70
     1
102
RTVSPropertyOp38
 70
     1
102
RTVSPropertyOp39
 70
     1
102
RTVSPropertyOp40
 70
     1
102
RTVSPropertyOp41
 70
     1
102
RTVSPropertyOp42
 70
     1
102
RTVSPropertyOp43
 70
     1
102
RTVSPropertyOp44
 70
     1
102
RTVSPropertyOp45
 70
     1
102
RTVSPropertyOp46
 70
     1
102
RTVSPropertyOp47
 70
     1
102
RTVSPropertyOp48
 70
     1
102
RTVSPropertyOp49
 70
     1
102
RTVSPropertyOp50
 70
     1
102
RTVSPropertyOp51
 70
     0
102
RTVSPropertyOp52
 70
     0
102
RTVSPropertyOp53
 70
     1
102
RTVSPropertyOp54
 70
     1
102
RTVSPropertyOp55
 70
     1
102
RTVSPropertyOp56
 70
     1
102
RTVSPropertyOp57
 70
     1
102
RTVSPropertyOp58
 70
     1
102
RTVSPropertyOp59
 70
     1
102
RTVSPropertyOp60
 70
     1
102
RTVSPropertyOp61
 70
     1
102
RTVSPropertyOp62
 70
     1
  0
XRECORD
  5
AB3
102
{ACAD_REACTORS
330
AB2
102
}
330
AB2
100
AcDbXrecord
280
     1
102
RTVSPost2010Prop28
280
     0
102
RTVSPost2010PropOp28
 70
     1
102
RTVSPost2010Prop29
280
     1
102
RTVSPost2010PropOp29
 70
     1
102
RTVSPost2010Prop30
280
     1
102
RTVSPost2010PropOp30
 70
     1
102
RTVSPost2010Prop31
280
     0
102
RTVSPost2010PropOp31
 70
     1
102
RTVSPost2010Prop32
280
     0
102
RTVSPost2010PropOp32
 70
     1
102
RTVSPost2010Prop33
280
     0
102
RTVSPost2010PropOp33
 70
     1
102
RTVSPost2010Prop34
280
     0
102
RTVSPost2010PropOp34
 70
     1
102
RTVSPost2010Prop35
280
     0
102
RTVSPost2010PropOp35
 70
     1
102
RTVSPost2010Prop36
280
     0
102
RTVSPost2010PropOp36
 70
     1
102
RTVSPost2010Prop37
 90
       50
102
RTVSPost2010PropOp37
 70
     0
102
RTVSPost2010Prop38
140
0.0
102
RTVSPost2010PropOp38
 70
     0
102
RTVSPost2010Prop39
140
1.0
102
RTVSPost2010PropOp39
 70
     0
102
RTVSPost2010Prop40
 90
        0
102
RTVSPost2010PropOp40
 70
     0
102
RTVSPost2010Prop41ColorIndex
 90
       18
102
RTVSPost2010Prop41ColorRGB
 90
        0
102
RTVSPost2010PropOp41
 70
     0
102
RTVSPost2010Prop42
 90
       50
102
RTVSPost2010PropOp42
 70
     0
102
RTVSPost2010Prop43
 90
        3
102
RTVSPost2010PropOp43
 70
     0
102
RTVSPost2010Prop44ColorIndex
 90
        5
102
RTVSPost2010Prop44ColorRGB
 90
      255
102
RTVSPost2010PropOp44
 70
     0
102
RTVSPost2010Prop45
280
     0
102
RTVSPost2010PropOp45
 70
     1
102
RTVSPost2010Prop46
 90
       50
102
RTVSPost2010PropOp46
 70
     0
102
RTVSPost2010Prop47
 90
       50
102
RTVSPost2010PropOp47
 70
     0
102
RTVSPost2010Prop48
 90
       50
102
RTVSPost2010PropOp48
 70
     0
102
RTVSPost2010Prop49
280
     0
102
RTVSPost2010PropOp49
 70
     1
102
RTVSPost2010Prop50
 90
       50
102
RTVSPost2010PropOp50
 70
     0
102
RTVSPost2010Prop51ColorIndex
 90
      256
102
RTVSPost2010Prop51ColorRGB
 90
-16777216
102
RTVSPost2010PropOp51
 70
     0
102
RTVSPost2010Prop52
140
1.0
102
RTVSPost2010PropOp52
 70
     0
102
RTVSPost2010Prop53
 90
        2
102
RTVSPost2010PropOp53
 70
     0
102
RTVSPost2010Prop54
  1
strokes_ogs.tif
102
RTVSPost2010PropOp54
 70
     0
102
RTVSPost2010Prop55
280
     0
102
RTVSPost2010PropOp55
 70
     1
102
RTVSPost2010Prop56
140
1.0
102
RTVSPost2010PropOp56
 70
     0
102
RTVSPost2010Prop57
140
1.0
102
RTVSPost2010PropOp57
 70
     0
102
RTVSPropertyOp0
 70
     0
102
RTVSPropertyOp1
 70
     0
102
RTVSPropertyOp2
 70
     0
102
RTVSPropertyOp3
 70
     0
102
RTVSPropertyOp4
 70
     0
102
RTVSPropertyOp5
 70
     0
102
RTVSPropertyOp6
 70
     0
102
RTVSPropertyOp7
 70
     0
102
RTVSPropertyOp8
 70
     0
102
RTVSPropertyOp9
 70
     0
102
RTVSPropertyOp10
 70
     0
102
RTVSPropertyOp11
 70
     0
102
RTVSPropertyOp12
 70
     0
102
RTVSPropertyOp13
 70
     0
102
RTVSPropertyOp14
 70
     2
102
RTVSPropertyOp15
 70
     0
102
RTVSPropertyOp16
 70
     0
102
RTVSPropertyOp17
 70
     0
102
RTVSPropertyOp18
 70
     0
102
RTVSPropertyOp19
 70
     0
102
RTVSPropertyOp20
 70
     0
102
RTVSPropertyOp21
 70
     0
102
RTVSPropertyOp22
 70
     0
102
RTVSPropertyOp23
 70
     0
102
RTVSPropertyOp24
 70
     0
102
RTVSPropertyOp25
 70
     0
102
RTVSPropertyOp26
 70
     0
102
RTVSPropertyOp27
 70
     0
102
RTVSPropertyOp28
 70
     1
102
RTVSPropertyOp29
 70
     1
102
RTVSPropertyOp30
 70
     1
102
RTVSPropertyOp31
 70
     1
102
RTVSPropertyOp32
 70
     1
102
RTVSPropertyOp33
 70
     1
102
RTVSPropertyOp34
 70
     1
102
RTVSPropertyOp35
 70
     1
102
RTVSPropertyOp36
 70
     1
102
RTVSPropertyOp37
 70
     0
102
RTVSPropertyOp38
 70
     0
102
RTVSPropertyOp39
 70
     0
102
RTVSPropertyOp40
 70
     0
102
RTVSPropertyOp41
 70
     0
102
RTVSPropertyOp42
 70
     0
102
RTVSPropertyOp43
 70
     0
102
RTVSPropertyOp44
 70
     0
102
RTVSPropertyOp45
 70
     1
102
RTVSPropertyOp46
 70
     0
102
RTVSPropertyOp47
 70
     0
102
RTVSPropertyOp48
 70
     0
102
RTVSPropertyOp49
 70
     1
102
RTVSPropertyOp50
 70
     0
102
RTVSPropertyOp51
 70
     0
102
RTVSPropertyOp52
 70
     0
102
RTVSPropertyOp53
 70
     0
102
RTVSPropertyOp54
 70
     0
102
RTVSPropertyOp55
 70
     1
102
RTVSPropertyOp56
 70
     0
102
RTVSPropertyOp57
 70
     0
102
RTVSPropertyOp58
 70
     0
102
RTVSPropertyOp59
 70
     0
102
RTVSPropertyOp60
 70
     0
102
RTVSPropertyOp61
 70
     0
102
RTVSPropertyOp62
 70
     0
  0
XRECORD
  5
AA3
102
{ACAD_REACTORS
330
AA2
102
}
330
AA2
100
AcDbXrecord
280
     1
102
RTVSPost2010Prop28
280
     0
102
RTVSPost2010PropOp28
 70
     1
102
RTVSPost2010Prop29
280
     1
102
RTVSPost2010PropOp29
 70
     1
102
RTVSPost2010Prop30
280
     1
102
RTVSPost2010PropOp30
 70
     1
102
RTVSPost2010Prop31
280
     0
102
RTVSPost2010PropOp31
 70
     1
102
RTVSPost2010Prop32
280
     0
102
RTVSPost2010PropOp32
 70
     1
102
RTVSPost2010Prop33
280
     0
102
RTVSPost2010PropOp33
 70
     1
102
RTVSPost2010Prop34
280
     0
102
RTVSPost2010PropOp34
 70
     1
102
RTVSPost2010Prop35
280
     0
102
RTVSPost2010PropOp35
 70
     1
102
RTVSPost2010Prop36
280
     0
102
RTVSPost2010PropOp36
 70
     1
102
RTVSPost2010Prop37
 90
       50
102
RTVSPost2010PropOp37
 70
     1
102
RTVSPost2010Prop38
140
0.0
102
RTVSPost2010PropOp38
 70
     1
102
RTVSPost2010Prop39
140
1.0
102
RTVSPost2010PropOp39
 70
     1
102
RTVSPost2010Prop40
 90
        0
102
RTVSPost2010PropOp40
 70
     1
102
RTVSPost2010Prop41ColorIndex
 90
       18
102
RTVSPost2010Prop41ColorRGB
 90
        0
102
RTVSPost2010PropOp41
 70
     1
102
RTVSPost2010Prop42
 90
       50
102
RTVSPost2010PropOp42
 70
     1
102
RTVSPost2010Prop43
 90
        3
102
RTVSPost2010PropOp43
 70
     1
102
RTVSPost2010Prop44ColorIndex
 90
        5
102
RTVSPost2010Prop44ColorRGB
 90
      255
102
RTVSPost2010PropOp44
 70
     1
102
RTVSPost2010Prop45
280
     0
102
RTVSPost2010PropOp45
 70
     1
102
RTVSPost2010Prop46
 90
       50
102
RTVSPost2010PropOp46
 70
     1
102
RTVSPost2010Prop47
 90
       50
102
RTVSPost2010PropOp47
 70
     1
102
RTVSPost2010Prop48
 90
       50
102
RTVSPost2010PropOp48
 70
     1
102
RTVSPost2010Prop49
280
     0
102
RTVSPost2010PropOp49
 70
     1
102
RTVSPost2010Prop50
 90
       50
102
RTVSPost2010PropOp50
 70
     1
102
RTVSPost2010Prop51ColorIndex
 90
      256
102
RTVSPost2010Prop51ColorRGB
 90
-16777216
102
RTVSPost2010PropOp51
 70
     0
102
RTVSPost2010Prop52
140
1.0
102
RTVSPost2010PropOp52
 70
     0
102
RTVSPost2010Prop53
 90
        2
102
RTVSPost2010PropOp53
 70
     1
102
RTVSPost2010Prop54
  1
strokes_ogs.tif
102
RTVSPost2010PropOp54
 70
     1
102
RTVSPost2010Prop55
280
     0
102
RTVSPost2010PropOp55
 70
     1
102
RTVSPost2010Prop56
140
1.0
102
RTVSPost2010PropOp56
 70
     1
102
RTVSPost2010Prop57
140
1.0
102
RTVSPost2010PropOp57
 70
     1
102
RTVSPropertyOp0
 70
     1
102
RTVSPropertyOp1
 70
     1
102
RTVSPropertyOp2
 70
     1
102
RTVSPropertyOp3
 70
     1
102
RTVSPropertyOp4
 70
     1
102
RTVSPropertyOp5
 70
     1
102
RTVSPropertyOp6
 70
     1
102
RTVSPropertyOp7
 70
     1
102
RTVSPropertyOp8
 70
     1
102
RTVSPropertyOp9
 70
     1
102
RTVSPropertyOp10
 70
     1
102
RTVSPropertyOp11
 70
     1
102
RTVSPropertyOp12
 70
     1
102
RTVSPropertyOp13
 70
     1
102
RTVSPropertyOp14
 70
     1
102
RTVSPropertyOp15
 70
     1
102
RTVSPropertyOp16
 70
     1
102
RTVSPropertyOp17
 70
     1
102
RTVSPropertyOp18
 70
     1
102
RTVSPropertyOp19
 70
     1
102
RTVSPropertyOp20
 70
     1
102
RTVSPropertyOp21
 70
     1
102
RTVSPropertyOp22
 70
     1
102
RTVSPropertyOp23
 70
     1
102
RTVSPropertyOp24
 70
     1
102
RTVSPropertyOp25
 70
     1
102
RTVSPropertyOp26
 70
     1
102
RTVSPropertyOp27
 70
     1
102
RTVSPropertyOp28
 70
     1
102
RTVSPropertyOp29
 70
     1
102
RTVSPropertyOp30
 70
     1
102
RTVSPropertyOp31
 70
     1
102
RTVSPropertyOp32
 70
     1
102
RTVSPropertyOp33
 70
     1
102
RTVSPropertyOp34
 70
     1
102
RTVSPropertyOp35
 70
     1
102
RTVSPropertyOp36
 70
     1
102
RTVSPropertyOp37
 70
     1
102
RTVSPropertyOp38
 70
     1
102
RTVSPropertyOp39
 70
     1
102
RTVSPropertyOp40
 70
     1
102
RTVSPropertyOp41
 70
     1
102
RTVSPropertyOp42
 70
     1
102
RTVSPropertyOp43
 70
     1
102
RTVSPropertyOp44
 70
     1
102
RTVSPropertyOp45
 70
     1
102
RTVSPropertyOp46
 70
     1
102
RTVSPropertyOp47
 70
     1
102
RTVSPropertyOp48
 70
     1
102
RTVSPropertyOp49
 70
     1
102
RTVSPropertyOp50
 70
     1
102
RTVSPropertyOp51
 70
     0
102
RTVSPropertyOp52
 70
     0
102
RTVSPropertyOp53
 70
     1
102
RTVSPropertyOp54
 70
     1
102
RTVSPropertyOp55
 70
     1
102
RTVSPropertyOp56
 70
     1
102
RTVSPropertyOp57
 70
     1
102
RTVSPropertyOp58
 70
     1
102
RTVSPropertyOp59
 70
     1
102
RTVSPropertyOp60
 70
     1
102
RTVSPropertyOp61
 70
     1
102
RTVSPropertyOp62
 70
     1
  0
XRECORD
  5
AB5
102
{ACAD_REACTORS
330
AB4
102
}
330
AB4
100
AcDbXrecord
280
     1
102
RTVSPost2010Prop28
280
     0
102
RTVSPost2010PropOp28
 70
     1
102
RTVSPost2010Prop29
280
     1
102
RTVSPost2010PropOp29
 70
     1
102
RTVSPost2010Prop30
280
     1
102
RTVSPost2010PropOp30
 70
     1
102
RTVSPost2010Prop31
280
     0
102
RTVSPost2010PropOp31
 70
     1
102
RTVSPost2010Prop32
280
     0
102
RTVSPost2010PropOp32
 70
     1
102
RTVSPost2010Prop33
280
     0
102
RTVSPost2010PropOp33
 70
     1
102
RTVSPost2010Prop34
280
     0
102
RTVSPost2010PropOp34
 70
     1
102
RTVSPost2010Prop35
280
     0
102
RTVSPost2010PropOp35
 70
     1
102
RTVSPost2010Prop36
280
     0
102
RTVSPost2010PropOp36
 70
     1
102
RTVSPost2010Prop37
 90
       50
102
RTVSPost2010PropOp37
 70
     0
102
RTVSPost2010Prop38
140
0.0
102
RTVSPost2010PropOp38
 70
     0
102
RTVSPost2010Prop39
140
1.0
102
RTVSPost2010PropOp39
 70
     0
102
RTVSPost2010Prop40
 90
        0
102
RTVSPost2010PropOp40
 70
     0
102
RTVSPost2010Prop41ColorIndex
 90
       18
102
RTVSPost2010Prop41ColorRGB
 90
        0
102
RTVSPost2010PropOp41
 70
     0
102
RTVSPost2010Prop42
 90
       50
102
RTVSPost2010PropOp42
 70
     0
102
RTVSPost2010Prop43
 90
        3
102
RTVSPost2010PropOp43
 70
     0
102
RTVSPost2010Prop44ColorIndex
 90
        5
102
RTVSPost2010Prop44ColorRGB
 90
      255
102
RTVSPost2010PropOp44
 70
     0
102
RTVSPost2010Prop45
280
     0
102
RTVSPost2010PropOp45
 70
     1
102
RTVSPost2010Prop46
 90
       50
102
RTVSPost2010PropOp46
 70
     0
102
RTVSPost2010Prop47
 90
       50
102
RTVSPost2010PropOp47
 70
     0
102
RTVSPost2010Prop48
 90
       50
102
RTVSPost2010PropOp48
 70
     0
102
RTVSPost2010Prop49
280
     0
102
RTVSPost2010PropOp49
 70
     1
102
RTVSPost2010Prop50
 90
       50
102
RTVSPost2010PropOp50
 70
     0
102
RTVSPost2010Prop51ColorIndex
 90
      256
102
RTVSPost2010Prop51ColorRGB
 90
-16777216
102
RTVSPost2010PropOp51
 70
     0
102
RTVSPost2010Prop52
140
1.0
102
RTVSPost2010PropOp52
 70
     0
102
RTVSPost2010Prop53
 90
        2
102
RTVSPost2010PropOp53
 70
     0
102
RTVSPost2010Prop54
  1
strokes_ogs.tif
102
RTVSPost2010PropOp54
 70
     0
102
RTVSPost2010Prop55
280
     0
102
RTVSPost2010PropOp55
 70
     1
102
RTVSPost2010Prop56
140
1.0
102
RTVSPost2010PropOp56
 70
     0
102
RTVSPost2010Prop57
140
1.0
102
RTVSPost2010PropOp57
 70
     0
102
RTVSPropertyOp0
 70
     0
102
RTVSPropertyOp1
 70
     0
102
RTVSPropertyOp2
 70
     0
102
RTVSPropertyOp3
 70
     0
102
RTVSPropertyOp4
 70
     0
102
RTVSPropertyOp5
 70
     0
102
RTVSPropertyOp6
 70
     0
102
RTVSPropertyOp7
 70
     0
102
RTVSPropertyOp8
 70
     0
102
RTVSPropertyOp9
 70
     0
102
RTVSPropertyOp10
 70
     0
102
RTVSPropertyOp11
 70
     0
102
RTVSPropertyOp12
 70
     0
102
RTVSPropertyOp13
 70
     0
102
RTVSPropertyOp14
 70
     2
102
RTVSPropertyOp15
 70
     0
102
RTVSPropertyOp16
 70
     0
102
RTVSPropertyOp17
 70
     0
102
RTVSPropertyOp18
 70
     0
102
RTVSPropertyOp19
 70
     0
102
RTVSPropertyOp20
 70
     0
102
RTVSPropertyOp21
 70
     0
102
RTVSPropertyOp22
 70
     0
102
RTVSPropertyOp23
 70
     0
102
RTVSPropertyOp24
 70
     0
102
RTVSPropertyOp25
 70
     0
102
RTVSPropertyOp26
 70
     0
102
RTVSPropertyOp27
 70
     0
102
RTVSPropertyOp28
 70
     1
102
RTVSPropertyOp29
 70
     1
102
RTVSPropertyOp30
 70
     1
102
RTVSPropertyOp31
 70
     1
102
RTVSPropertyOp32
 70
     1
102
RTVSPropertyOp33
 70
     1
102
RTVSPropertyOp34
 70
     1
102
RTVSPropertyOp35
 70
     1
102
RTVSPropertyOp36
 70
     1
102
RTVSPropertyOp37
 70
     0
102
RTVSPropertyOp38
 70
     0
102
RTVSPropertyOp39
 70
     0
102
RTVSPropertyOp40
 70
     0
102
RTVSPropertyOp41
 70
     0
102
RTVSPropertyOp42
 70
     0
102
RTVSPropertyOp43
 70
     0
102
RTVSPropertyOp44
 70
     0
102
RTVSPropertyOp45
 70
     1
102
RTVSPropertyOp46
 70
     0
102
RTVSPropertyOp47
 70
     0
102
RTVSPropertyOp48
 70
     0
102
RTVSPropertyOp49
 70
     1
102
RTVSPropertyOp50
 70
     0
102
RTVSPropertyOp51
 70
     0
102
RTVSPropertyOp52
 70
     0
102
RTVSPropertyOp53
 70
     0
102
RTVSPropertyOp54
 70
     0
102
RTVSPropertyOp55
 70
     1
102
RTVSPropertyOp56
 70
     0
102
RTVSPropertyOp57
 70
     0
102
RTVSPropertyOp58
 70
     0
102
RTVSPropertyOp59
 70
     0
102
RTVSPropertyOp60
 70
     0
102
RTVSPropertyOp61
 70
     0
102
RTVSPropertyOp62
 70
     0
  0
XRECORD
  5
A9B
102
{ACAD_REACTORS
330
A9A
102
}
330
A9A
100
AcDbXrecord
280
     1
102
RTVSPost2010Prop28
280
     0
102
RTVSPost2010PropOp28
 70
     1
102
RTVSPost2010Prop29
280
     1
102
RTVSPost2010PropOp29
 70
     1
102
RTVSPost2010Prop30
280
     1
102
RTVSPost2010PropOp30
 70
     1
102
RTVSPost2010Prop31
280
     0
102
RTVSPost2010PropOp31
 70
     1
102
RTVSPost2010Prop32
280
     0
102
RTVSPost2010PropOp32
 70
     1
102
RTVSPost2010Prop33
280
     0
102
RTVSPost2010PropOp33
 70
     1
102
RTVSPost2010Prop34
280
     0
102
RTVSPost2010PropOp34
 70
     1
102
RTVSPost2010Prop35
280
     0
102
RTVSPost2010PropOp35
 70
     1
102
RTVSPost2010Prop36
280
     0
102
RTVSPost2010PropOp36
 70
     1
102
RTVSPost2010Prop37
 90
       50
102
RTVSPost2010PropOp37
 70
     1
102
RTVSPost2010Prop38
140
0.0
102
RTVSPost2010PropOp38
 70
     1
102
RTVSPost2010Prop39
140
1.0
102
RTVSPost2010PropOp39
 70
     1
102
RTVSPost2010Prop40
 90
        0
102
RTVSPost2010PropOp40
 70
     1
102
RTVSPost2010Prop41ColorIndex
 90
       18
102
RTVSPost2010Prop41ColorRGB
 90
        0
102
RTVSPost2010PropOp41
 70
     1
102
RTVSPost2010Prop42
 90
       50
102
RTVSPost2010PropOp42
 70
     1
102
RTVSPost2010Prop43
 90
        3
102
RTVSPost2010PropOp43
 70
     1
102
RTVSPost2010Prop44ColorIndex
 90
        5
102
RTVSPost2010Prop44ColorRGB
 90
      255
102
RTVSPost2010PropOp44
 70
     1
102
RTVSPost2010Prop45
280
     0
102
RTVSPost2010PropOp45
 70
     1
102
RTVSPost2010Prop46
 90
       50
102
RTVSPost2010PropOp46
 70
     1
102
RTVSPost2010Prop47
 90
       50
102
RTVSPost2010PropOp47
 70
     1
102
RTVSPost2010Prop48
 90
       50
102
RTVSPost2010PropOp48
 70
     1
102
RTVSPost2010Prop49
280
     0
102
RTVSPost2010PropOp49
 70
     1
102
RTVSPost2010Prop50
 90
       50
102
RTVSPost2010PropOp50
 70
     1
102
RTVSPost2010Prop51ColorIndex
 90
      256
102
RTVSPost2010Prop51ColorRGB
 90
-16777216
102
RTVSPost2010PropOp51
 70
     0
102
RTVSPost2010Prop52
140
1.0
102
RTVSPost2010PropOp52
 70
     0
102
RTVSPost2010Prop53
 90
        2
102
RTVSPost2010PropOp53
 70
     1
102
RTVSPost2010Prop54
  1
strokes_ogs.tif
102
RTVSPost2010PropOp54
 70
     1
102
RTVSPost2010Prop55
280
     0
102
RTVSPost2010PropOp55
 70
     1
102
RTVSPost2010Prop56
140
1.0
102
RTVSPost2010PropOp56
 70
     1
102
RTVSPost2010Prop57
140
1.0
102
RTVSPost2010PropOp57
 70
     1
102
RTVSPropertyOp0
 70
     1
102
RTVSPropertyOp1
 70
     1
102
RTVSPropertyOp2
 70
     1
102
RTVSPropertyOp3
 70
     1
102
RTVSPropertyOp4
 70
     1
102
RTVSPropertyOp5
 70
     1
102
RTVSPropertyOp6
 70
     1
102
RTVSPropertyOp7
 70
     1
102
RTVSPropertyOp8
 70
     1
102
RTVSPropertyOp9
 70
     1
102
RTVSPropertyOp10
 70
     1
102
RTVSPropertyOp11
 70
     1
102
RTVSPropertyOp12
 70
     1
102
RTVSPropertyOp13
 70
     1
102
RTVSPropertyOp14
 70
     1
102
RTVSPropertyOp15
 70
     1
102
RTVSPropertyOp16
 70
     1
102
RTVSPropertyOp17
 70
     1
102
RTVSPropertyOp18
 70
     1
102
RTVSPropertyOp19
 70
     1
102
RTVSPropertyOp20
 70
     1
102
RTVSPropertyOp21
 70
     1
102
RTVSPropertyOp22
 70
     1
102
RTVSPropertyOp23
 70
     1
102
RTVSPropertyOp24
 70
     1
102
RTVSPropertyOp25
 70
     1
102
RTVSPropertyOp26
 70
     1
102
RTVSPropertyOp27
 70
     1
102
RTVSPropertyOp28
 70
     1
102
RTVSPropertyOp29
 70
     1
102
RTVSPropertyOp30
 70
     1
102
RTVSPropertyOp31
 70
     1
102
RTVSPropertyOp32
 70
     1
102
RTVSPropertyOp33
 70
     1
102
RTVSPropertyOp34
 70
     1
102
RTVSPropertyOp35
 70
     1
102
RTVSPropertyOp36
 70
     1
102
RTVSPropertyOp37
 70
     1
102
RTVSPropertyOp38
 70
     1
102
RTVSPropertyOp39
 70
     1
102
RTVSPropertyOp40
 70
     1
102
RTVSPropertyOp41
 70
     1
102
RTVSPropertyOp42
 70
     1
102
RTVSPropertyOp43
 70
     1
102
RTVSPropertyOp44
 70
     1
102
RTVSPropertyOp45
 70
     1
102
RTVSPropertyOp46
 70
     1
102
RTVSPropertyOp47
 70
     1
102
RTVSPropertyOp48
 70
     1
102
RTVSPropertyOp49
 70
     1
102
RTVSPropertyOp50
 70
     1
102
RTVSPropertyOp51
 70
     0
102
RTVSPropertyOp52
 70
     0
102
RTVSPropertyOp53
 70
     1
102
RTVSPropertyOp54
 70
     1
102
RTVSPropertyOp55
 70
     1
102
RTVSPropertyOp56
 70
     1
102
RTVSPropertyOp57
 70
     1
102
RTVSPropertyOp58
 70
     1
102
RTVSPropertyOp59
 70
     1
102
RTVSPropertyOp60
 70
     1
102
RTVSPropertyOp61
 70
     1
102
RTVSPropertyOp62
 70
     1
  0
XRECORD
  5
AB1
102
{ACAD_REACTORS
330
AB0
102
}
330
AB0
100
AcDbXrecord
280
     1
102
RTVSPost2010Prop28
280
     0
102
RTVSPost2010PropOp28
 70
     1
102
RTVSPost2010Prop29
280
     1
102
RTVSPost2010PropOp29
 70
     1
102
RTVSPost2010Prop30
280
     1
102
RTVSPost2010PropOp30
 70
     1
102
RTVSPost2010Prop31
280
     0
102
RTVSPost2010PropOp31
 70
     1
102
RTVSPost2010Prop32
280
     0
102
RTVSPost2010PropOp32
 70
     1
102
RTVSPost2010Prop33
280
     0
102
RTVSPost2010PropOp33
 70
     1
102
RTVSPost2010Prop34
280
     0
102
RTVSPost2010PropOp34
 70
     1
102
RTVSPost2010Prop35
280
     0
102
RTVSPost2010PropOp35
 70
     1
102
RTVSPost2010Prop36
280
     0
102
RTVSPost2010PropOp36
 70
     1
102
RTVSPost2010Prop37
 90
       50
102
RTVSPost2010PropOp37
 70
     1
102
RTVSPost2010Prop38
140
0.0
102
RTVSPost2010PropOp38
 70
     1
102
RTVSPost2010Prop39
140
1.0
102
RTVSPost2010PropOp39
 70
     1
102
RTVSPost2010Prop40
 90
        0
102
RTVSPost2010PropOp40
 70
     1
102
RTVSPost2010Prop41ColorIndex
 90
       18
102
RTVSPost2010Prop41ColorRGB
 90
        0
102
RTVSPost2010PropOp41
 70
     1
102
RTVSPost2010Prop42
 90
       50
102
RTVSPost2010PropOp42
 70
     1
102
RTVSPost2010Prop43
 90
        3
102
RTVSPost2010PropOp43
 70
     1
102
RTVSPost2010Prop44ColorIndex
 90
        5
102
RTVSPost2010Prop44ColorRGB
 90
      255
102
RTVSPost2010PropOp44
 70
     1
102
RTVSPost2010Prop45
280
     0
102
RTVSPost2010PropOp45
 70
     1
102
RTVSPost2010Prop46
 90
       50
102
RTVSPost2010PropOp46
 70
     1
102
RTVSPost2010Prop47
 90
       50
102
RTVSPost2010PropOp47
 70
     1
102
RTVSPost2010Prop48
 90
       50
102
RTVSPost2010PropOp48
 70
     1
102
RTVSPost2010Prop49
280
     0
102
RTVSPost2010PropOp49
 70
     1
102
RTVSPost2010Prop50
 90
       50
102
RTVSPost2010PropOp50
 70
     1
102
RTVSPost2010Prop51ColorIndex
 90
      256
102
RTVSPost2010Prop51ColorRGB
 90
-16777216
102
RTVSPost2010PropOp51
 70
     0
102
RTVSPost2010Prop52
140
1.0
102
RTVSPost2010PropOp52
 70
     0
102
RTVSPost2010Prop53
 90
        2
102
RTVSPost2010PropOp53
 70
     1
102
RTVSPost2010Prop54
  1
strokes_ogs.tif
102
RTVSPost2010PropOp54
 70
     1
102
RTVSPost2010Prop55
280
     0
102
RTVSPost2010PropOp55
 70
     1
102
RTVSPost2010Prop56
140
1.0
102
RTVSPost2010PropOp56
 70
     1
102
RTVSPost2010Prop57
140
1.0
102
RTVSPost2010PropOp57
 70
     1
102
RTVSPropertyOp0
 70
     1
102
RTVSPropertyOp1
 70
     1
102
RTVSPropertyOp2
 70
     1
102
RTVSPropertyOp3
 70
     1
102
RTVSPropertyOp4
 70
     1
102
RTVSPropertyOp5
 70
     1
102
RTVSPropertyOp6
 70
     1
102
RTVSPropertyOp7
 70
     1
102
RTVSPropertyOp8
 70
     1
102
RTVSPropertyOp9
 70
     1
102
RTVSPropertyOp10
 70
     1
102
RTVSPropertyOp11
 70
     1
102
RTVSPropertyOp12
 70
     1
102
RTVSPropertyOp13
 70
     1
102
RTVSPropertyOp14
 70
     1
102
RTVSPropertyOp15
 70
     1
102
RTVSPropertyOp16
 70
     1
102
RTVSPropertyOp17
 70
     1
102
RTVSPropertyOp18
 70
     1
102
RTVSPropertyOp19
 70
     1
102
RTVSPropertyOp20
 70
     1
102
RTVSPropertyOp21
 70
     1
102
RTVSPropertyOp22
 70
     1
102
RTVSPropertyOp23
 70
     1
102
RTVSPropertyOp24
 70
     1
102
RTVSPropertyOp25
 70
     1
102
RTVSPropertyOp26
 70
     1
102
RTVSPropertyOp27
 70
     1
102
RTVSPropertyOp28
 70
     1
102
RTVSPropertyOp29
 70
     1
102
RTVSPropertyOp30
 70
     1
102
RTVSPropertyOp31
 70
     1
102
RTVSPropertyOp32
 70
     1
102
RTVSPropertyOp33
 70
     1
102
RTVSPropertyOp34
 70
     1
102
RTVSPropertyOp35
 70
     1
102
RTVSPropertyOp36
 70
     1
102
RTVSPropertyOp37
 70
     1
102
RTVSPropertyOp38
 70
     1
102
RTVSPropertyOp39
 70
     1
102
RTVSPropertyOp40
 70
     1
102
RTVSPropertyOp41
 70
     1
102
RTVSPropertyOp42
 70
     1
102
RTVSPropertyOp43
 70
     1
102
RTVSPropertyOp44
 70
     1
102
RTVSPropertyOp45
 70
     1
102
RTVSPropertyOp46
 70
     1
102
RTVSPropertyOp47
 70
     1
102
RTVSPropertyOp48
 70
     1
102
RTVSPropertyOp49
 70
     1
102
RTVSPropertyOp50
 70
     1
102
RTVSPropertyOp51
 70
     0
102
RTVSPropertyOp52
 70
     0
102
RTVSPropertyOp53
 70
     1
102
RTVSPropertyOp54
 70
     1
102
RTVSPropertyOp55
 70
     1
102
RTVSPropertyOp56
 70
     1
102
RTVSPropertyOp57
 70
     1
102
RTVSPropertyOp58
 70
     1
102
RTVSPropertyOp59
 70
     1
102
RTVSPropertyOp60
 70
     1
102
RTVSPropertyOp61
 70
     1
102
RTVSPropertyOp62
 70
     1
  0
XRECORD
  5
AAF
102
{ACAD_REACTORS
330
AAE
102
}
330
AAE
100
AcDbXrecord
280
     1
102
RTVSPost2010Prop28
280
     0
102
RTVSPost2010PropOp28
 70
     1
102
RTVSPost2010Prop29
280
     1
102
RTVSPost2010PropOp29
 70
     1
102
RTVSPost2010Prop30
280
     1
102
RTVSPost2010PropOp30
 70
     1
102
RTVSPost2010Prop31
280
     0
102
RTVSPost2010PropOp31
 70
     1
102
RTVSPost2010Prop32
280
     0
102
RTVSPost2010PropOp32
 70
     1
102
RTVSPost2010Prop33
280
     0
102
RTVSPost2010PropOp33
 70
     1
102
RTVSPost2010Prop34
280
     0
102
RTVSPost2010PropOp34
 70
     1
102
RTVSPost2010Prop35
280
     0
102
RTVSPost2010PropOp35
 70
     1
102
RTVSPost2010Prop36
280
     0
102
RTVSPost2010PropOp36
 70
     1
102
RTVSPost2010Prop37
 90
       50
102
RTVSPost2010PropOp37
 70
     1
102
RTVSPost2010Prop38
140
0.0
102
RTVSPost2010PropOp38
 70
     1
102
RTVSPost2010Prop39
140
1.0
102
RTVSPost2010PropOp39
 70
     1
102
RTVSPost2010Prop40
 90
        0
102
RTVSPost2010PropOp40
 70
     1
102
RTVSPost2010Prop41ColorIndex
 90
       18
102
RTVSPost2010Prop41ColorRGB
 90
        0
102
RTVSPost2010PropOp41
 70
     1
102
RTVSPost2010Prop42
 90
       50
102
RTVSPost2010PropOp42
 70
     1
102
RTVSPost2010Prop43
 90
        3
102
RTVSPost2010PropOp43
 70
     1
102
RTVSPost2010Prop44ColorIndex
 90
        5
102
RTVSPost2010Prop44ColorRGB
 90
      255
102
RTVSPost2010PropOp44
 70
     1
102
RTVSPost2010Prop45
280
     0
102
RTVSPost2010PropOp45
 70
     1
102
RTVSPost2010Prop46
 90
       50
102
RTVSPost2010PropOp46
 70
     1
102
RTVSPost2010Prop47
 90
       50
102
RTVSPost2010PropOp47
 70
     1
102
RTVSPost2010Prop48
 90
       50
102
RTVSPost2010PropOp48
 70
     1
102
RTVSPost2010Prop49
280
     0
102
RTVSPost2010PropOp49
 70
     1
102
RTVSPost2010Prop50
 90
       50
102
RTVSPost2010PropOp50
 70
     1
102
RTVSPost2010Prop51ColorIndex
 90
      256
102
RTVSPost2010Prop51ColorRGB
 90
-16777216
102
RTVSPost2010PropOp51
 70
     0
102
RTVSPost2010Prop52
140
1.0
102
RTVSPost2010PropOp52
 70
     0
102
RTVSPost2010Prop53
 90
        2
102
RTVSPost2010PropOp53
 70
     1
102
RTVSPost2010Prop54
  1
strokes_ogs.tif
102
RTVSPost2010PropOp54
 70
     1
102
RTVSPost2010Prop55
280
     0
102
RTVSPost2010PropOp55
 70
     1
102
RTVSPost2010Prop56
140
1.0
102
RTVSPost2010PropOp56
 70
     1
102
RTVSPost2010Prop57
140
1.0
102
RTVSPost2010PropOp57
 70
     1
102
RTVSPropertyOp0
 70
     1
102
RTVSPropertyOp1
 70
     1
102
RTVSPropertyOp2
 70
     1
102
RTVSPropertyOp3
 70
     1
102
RTVSPropertyOp4
 70
     1
102
RTVSPropertyOp5
 70
     1
102
RTVSPropertyOp6
 70
     1
102
RTVSPropertyOp7
 70
     1
102
RTVSPropertyOp8
 70
     1
102
RTVSPropertyOp9
 70
     1
102
RTVSPropertyOp10
 70
     1
102
RTVSPropertyOp11
 70
     1
102
RTVSPropertyOp12
 70
     1
102
RTVSPropertyOp13
 70
     1
102
RTVSPropertyOp14
 70
     1
102
RTVSPropertyOp15
 70
     1
102
RTVSPropertyOp16
 70
     1
102
RTVSPropertyOp17
 70
     1
102
RTVSPropertyOp18
 70
     1
102
RTVSPropertyOp19
 70
     1
102
RTVSPropertyOp20
 70
     1
102
RTVSPropertyOp21
 70
     1
102
RTVSPropertyOp22
 70
     1
102
RTVSPropertyOp23
 70
     1
102
RTVSPropertyOp24
 70
     1
102
RTVSPropertyOp25
 70
     1
102
RTVSPropertyOp26
 70
     1
102
RTVSPropertyOp27
 70
     1
102
RTVSPropertyOp28
 70
     1
102
RTVSPropertyOp29
 70
     1
102
RTVSPropertyOp30
 70
     1
102
RTVSPropertyOp31
 70
     1
102
RTVSPropertyOp32
 70
     1
102
RTVSPropertyOp33
 70
     1
102
RTVSPropertyOp34
 70
     1
102
RTVSPropertyOp35
 70
     1
102
RTVSPropertyOp36
 70
     1
102
RTVSPropertyOp37
 70
     1
102
RTVSPropertyOp38
 70
     1
102
RTVSPropertyOp39
 70
     1
102
RTVSPropertyOp40
 70
     1
102
RTVSPropertyOp41
 70
     1
102
RTVSPropertyOp42
 70
     1
102
RTVSPropertyOp43
 70
     1
102
RTVSPropertyOp44
 70
     1
102
RTVSPropertyOp45
 70
     1
102
RTVSPropertyOp46
 70
     1
102
RTVSPropertyOp47
 70
     1
102
RTVSPropertyOp48
 70
     1
102
RTVSPropertyOp49
 70
     1
102
RTVSPropertyOp50
 70
     1
102
RTVSPropertyOp51
 70
     0
102
RTVSPropertyOp52
 70
     0
102
RTVSPropertyOp53
 70
     1
102
RTVSPropertyOp54
 70
     1
102
RTVSPropertyOp55
 70
     1
102
RTVSPropertyOp56
 70
     1
102
RTVSPropertyOp57
 70
     1
102
RTVSPropertyOp58
 70
     1
102
RTVSPropertyOp59
 70
     1
102
RTVSPropertyOp60
 70
     1
102
RTVSPropertyOp61
 70
     1
102
RTVSPropertyOp62
 70
     1
  0
XRECORD
  5
AA9
102
{ACAD_REACTORS
330
AA8
102
}
330
AA8
100
AcDbXrecord
280
     1
102
RTVSPost2010Prop28
280
     0
102
RTVSPost2010PropOp28
 70
     1
102
RTVSPost2010Prop29
280
     1
102
RTVSPost2010PropOp29
 70
     1
102
RTVSPost2010Prop30
280
     1
102
RTVSPost2010PropOp30
 70
     1
102
RTVSPost2010Prop31
280
     0
102
RTVSPost2010PropOp31
 70
     1
102
RTVSPost2010Prop32
280
     0
102
RTVSPost2010PropOp32
 70
     1
102
RTVSPost2010Prop33
280
     0
102
RTVSPost2010PropOp33
 70
     1
102
RTVSPost2010Prop34
280
     0
102
RTVSPost2010PropOp34
 70
     1
102
RTVSPost2010Prop35
280
     0
102
RTVSPost2010PropOp35
 70
     1
102
RTVSPost2010Prop36
280
     0
102
RTVSPost2010PropOp36
 70
     1
102
RTVSPost2010Prop37
 90
       50
102
RTVSPost2010PropOp37
 70
     1
102
RTVSPost2010Prop38
140
0.0
102
RTVSPost2010PropOp38
 70
     1
102
RTVSPost2010Prop39
140
1.0
102
RTVSPost2010PropOp39
 70
     1
102
RTVSPost2010Prop40
 90
        0
102
RTVSPost2010PropOp40
 70
     1
102
RTVSPost2010Prop41ColorIndex
 90
       18
102
RTVSPost2010Prop41ColorRGB
 90
        0
102
RTVSPost2010PropOp41
 70
     1
102
RTVSPost2010Prop42
 90
       50
102
RTVSPost2010PropOp42
 70
     1
102
RTVSPost2010Prop43
 90
        3
102
RTVSPost2010PropOp43
 70
     1
102
RTVSPost2010Prop44ColorIndex
 90
        5
102
RTVSPost2010Prop44ColorRGB
 90
      255
102
RTVSPost2010PropOp44
 70
     1
102
RTVSPost2010Prop45
280
     0
102
RTVSPost2010PropOp45
 70
     1
102
RTVSPost2010Prop46
 90
       50
102
RTVSPost2010PropOp46
 70
     1
102
RTVSPost2010Prop47
 90
       50
102
RTVSPost2010PropOp47
 70
     1
102
RTVSPost2010Prop48
 90
       50
102
RTVSPost2010PropOp48
 70
     1
102
RTVSPost2010Prop49
280
     0
102
RTVSPost2010PropOp49
 70
     1
102
RTVSPost2010Prop50
 90
       50
102
RTVSPost2010PropOp50
 70
     1
102
RTVSPost2010Prop51ColorIndex
 90
      256
102
RTVSPost2010Prop51ColorRGB
 90
-16777216
102
RTVSPost2010PropOp51
 70
     0
102
RTVSPost2010Prop52
140
1.0
102
RTVSPost2010PropOp52
 70
     0
102
RTVSPost2010Prop53
 90
        2
102
RTVSPost2010PropOp53
 70
     1
102
RTVSPost2010Prop54
  1
strokes_ogs.tif
102
RTVSPost2010PropOp54
 70
     1
102
RTVSPost2010Prop55
280
     0
102
RTVSPost2010PropOp55
 70
     1
102
RTVSPost2010Prop56
140
1.0
102
RTVSPost2010PropOp56
 70
     1
102
RTVSPost2010Prop57
140
1.0
102
RTVSPost2010PropOp57
 70
     1
102
RTVSPropertyOp0
 70
     1
102
RTVSPropertyOp1
 70
     1
102
RTVSPropertyOp2
 70
     1
102
RTVSPropertyOp3
 70
     1
102
RTVSPropertyOp4
 70
     1
102
RTVSPropertyOp5
 70
     1
102
RTVSPropertyOp6
 70
     1
102
RTVSPropertyOp7
 70
     1
102
RTVSPropertyOp8
 70
     1
102
RTVSPropertyOp9
 70
     1
102
RTVSPropertyOp10
 70
     1
102
RTVSPropertyOp11
 70
     1
102
RTVSPropertyOp12
 70
     1
102
RTVSPropertyOp13
 70
     1
102
RTVSPropertyOp14
 70
     1
102
RTVSPropertyOp15
 70
     1
102
RTVSPropertyOp16
 70
     1
102
RTVSPropertyOp17
 70
     1
102
RTVSPropertyOp18
 70
     1
102
RTVSPropertyOp19
 70
     1
102
RTVSPropertyOp20
 70
     1
102
RTVSPropertyOp21
 70
     1
102
RTVSPropertyOp22
 70
     1
102
RTVSPropertyOp23
 70
     1
102
RTVSPropertyOp24
 70
     1
102
RTVSPropertyOp25
 70
     1
102
RTVSPropertyOp26
 70
     1
102
RTVSPropertyOp27
 70
     1
102
RTVSPropertyOp28
 70
     1
102
RTVSPropertyOp29
 70
     1
102
RTVSPropertyOp30
 70
     1
102
RTVSPropertyOp31
 70
     1
102
RTVSPropertyOp32
 70
     1
102
RTVSPropertyOp33
 70
     1
102
RTVSPropertyOp34
 70
     1
102
RTVSPropertyOp35
 70
     1
102
RTVSPropertyOp36
 70
     1
102
RTVSPropertyOp37
 70
     1
102
RTVSPropertyOp38
 70
     1
102
RTVSPropertyOp39
 70
     1
102
RTVSPropertyOp40
 70
     1
102
RTVSPropertyOp41
 70
     1
102
RTVSPropertyOp42
 70
     1
102
RTVSPropertyOp43
 70
     1
102
RTVSPropertyOp44
 70
     1
102
RTVSPropertyOp45
 70
     1
102
RTVSPropertyOp46
 70
     1
102
RTVSPropertyOp47
 70
     1
102
RTVSPropertyOp48
 70
     1
102
RTVSPropertyOp49
 70
     1
102
RTVSPropertyOp50
 70
     1
102
RTVSPropertyOp51
 70
     0
102
RTVSPropertyOp52
 70
     0
102
RTVSPropertyOp53
 70
     1
102
RTVSPropertyOp54
 70
     1
102
RTVSPropertyOp55
 70
     1
102
RTVSPropertyOp56
 70
     1
102
RTVSPropertyOp57
 70
     1
102
RTVSPropertyOp58
 70
     1
102
RTVSPropertyOp59
 70
     1
102
RTVSPropertyOp60
 70
     1
102
RTVSPropertyOp61
 70
     1
102
RTVSPropertyOp62
 70
     1
  0
XRECORD
  5
AAB
102
{ACAD_REACTORS
330
AAA
102
}
330
AAA
100
AcDbXrecord
280
     1
102
RTVSPost2010Prop28
280
     0
102
RTVSPost2010PropOp28
 70
     1
102
RTVSPost2010Prop29
280
     1
102
RTVSPost2010PropOp29
 70
     1
102
RTVSPost2010Prop30
280
     1
102
RTVSPost2010PropOp30
 70
     1
102
RTVSPost2010Prop31
280
     0
102
RTVSPost2010PropOp31
 70
     1
102
RTVSPost2010Prop32
280
     0
102
RTVSPost2010PropOp32
 70
     1
102
RTVSPost2010Prop33
280
     0
102
RTVSPost2010PropOp33
 70
     1
102
RTVSPost2010Prop34
280
     0
102
RTVSPost2010PropOp34
 70
     1
102
RTVSPost2010Prop35
280
     0
102
RTVSPost2010PropOp35
 70
     1
102
RTVSPost2010Prop36
280
     0
102
RTVSPost2010PropOp36
 70
     1
102
RTVSPost2010Prop37
 90
       50
102
RTVSPost2010PropOp37
 70
     1
102
RTVSPost2010Prop38
140
0.0
102
RTVSPost2010PropOp38
 70
     1
102
RTVSPost2010Prop39
140
1.0
102
RTVSPost2010PropOp39
 70
     1
102
RTVSPost2010Prop40
 90
        0
102
RTVSPost2010PropOp40
 70
     1
102
RTVSPost2010Prop41ColorIndex
 90
       18
102
RTVSPost2010Prop41ColorRGB
 90
        0
102
RTVSPost2010PropOp41
 70
     1
102
RTVSPost2010Prop42
 90
       50
102
RTVSPost2010PropOp42
 70
     1
102
RTVSPost2010Prop43
 90
        3
102
RTVSPost2010PropOp43
 70
     1
102
RTVSPost2010Prop44ColorIndex
 90
        5
102
RTVSPost2010Prop44ColorRGB
 90
      255
102
RTVSPost2010PropOp44
 70
     1
102
RTVSPost2010Prop45
280
     0
102
RTVSPost2010PropOp45
 70
     1
102
RTVSPost2010Prop46
 90
       50
102
RTVSPost2010PropOp46
 70
     1
102
RTVSPost2010Prop47
 90
       50
102
RTVSPost2010PropOp47
 70
     1
102
RTVSPost2010Prop48
 90
       50
102
RTVSPost2010PropOp48
 70
     1
102
RTVSPost2010Prop49
280
     0
102
RTVSPost2010PropOp49
 70
     1
102
RTVSPost2010Prop50
 90
       50
102
RTVSPost2010PropOp50
 70
     1
102
RTVSPost2010Prop51ColorIndex
 90
      256
102
RTVSPost2010Prop51ColorRGB
 90
-16777216
102
RTVSPost2010PropOp51
 70
     0
102
RTVSPost2010Prop52
140
1.0
102
RTVSPost2010PropOp52
 70
     0
102
RTVSPost2010Prop53
 90
        2
102
RTVSPost2010PropOp53
 70
     1
102
RTVSPost2010Prop54
  1
strokes_ogs.tif
102
RTVSPost2010PropOp54
 70
     1
102
RTVSPost2010Prop55
280
     0
102
RTVSPost2010PropOp55
 70
     1
102
RTVSPost2010Prop56
140
1.0
102
RTVSPost2010PropOp56
 70
     1
102
RTVSPost2010Prop57
140
1.0
102
RTVSPost2010PropOp57
 70
     1
102
RTVSPropertyOp0
 70
     1
102
RTVSPropertyOp1
 70
     1
102
RTVSPropertyOp2
 70
     1
102
RTVSPropertyOp3
 70
     1
102
RTVSPropertyOp4
 70
     1
102
RTVSPropertyOp5
 70
     1
102
RTVSPropertyOp6
 70
     1
102
RTVSPropertyOp7
 70
     1
102
RTVSPropertyOp8
 70
     1
102
RTVSPropertyOp9
 70
     1
102
RTVSPropertyOp10
 70
     1
102
RTVSPropertyOp11
 70
     1
102
RTVSPropertyOp12
 70
     1
102
RTVSPropertyOp13
 70
     1
102
RTVSPropertyOp14
 70
     1
102
RTVSPropertyOp15
 70
     1
102
RTVSPropertyOp16
 70
     1
102
RTVSPropertyOp17
 70
     1
102
RTVSPropertyOp18
 70
     1
102
RTVSPropertyOp19
 70
     1
102
RTVSPropertyOp20
 70
     1
102
RTVSPropertyOp21
 70
     1
102
RTVSPropertyOp22
 70
     1
102
RTVSPropertyOp23
 70
     1
102
RTVSPropertyOp24
 70
     1
102
RTVSPropertyOp25
 70
     1
102
RTVSPropertyOp26
 70
     1
102
RTVSPropertyOp27
 70
     1
102
RTVSPropertyOp28
 70
     1
102
RTVSPropertyOp29
 70
     1
102
RTVSPropertyOp30
 70
     1
102
RTVSPropertyOp31
 70
     1
102
RTVSPropertyOp32
 70
     1
102
RTVSPropertyOp33
 70
     1
102
RTVSPropertyOp34
 70
     1
102
RTVSPropertyOp35
 70
     1
102
RTVSPropertyOp36
 70
     1
102
RTVSPropertyOp37
 70
     1
102
RTVSPropertyOp38
 70
     1
102
RTVSPropertyOp39
 70
     1
102
RTVSPropertyOp40
 70
     1
102
RTVSPropertyOp41
 70
     1
102
RTVSPropertyOp42
 70
     1
102
RTVSPropertyOp43
 70
     1
102
RTVSPropertyOp44
 70
     1
102
RTVSPropertyOp45
 70
     1
102
RTVSPropertyOp46
 70
     1
102
RTVSPropertyOp47
 70
     1
102
RTVSPropertyOp48
 70
     1
102
RTVSPropertyOp49
 70
     1
102
RTVSPropertyOp50
 70
     1
102
RTVSPropertyOp51
 70
     0
102
RTVSPropertyOp52
 70
     0
102
RTVSPropertyOp53
 70
     1
102
RTVSPropertyOp54
 70
     1
102
RTVSPropertyOp55
 70
     1
102
RTVSPropertyOp56
 70
     1
102
RTVSPropertyOp57
 70
     1
102
RTVSPropertyOp58
 70
     1
102
RTVSPropertyOp59
 70
     1
102
RTVSPropertyOp60
 70
     1
102
RTVSPropertyOp61
 70
     1
102
RTVSPropertyOp62
 70
     1
  0
XRECORD
  5
AA1
102
{ACAD_REACTORS
330
AA0
102
}
330
AA0
100
AcDbXrecord
280
     1
102
RTVSPost2010Prop28
280
     0
102
RTVSPost2010PropOp28
 70
     1
102
RTVSPost2010Prop29
280
     1
102
RTVSPost2010PropOp29
 70
     1
102
RTVSPost2010Prop30
280
     1
102
RTVSPost2010PropOp30
 70
     1
102
RTVSPost2010Prop31
280
     0
102
RTVSPost2010PropOp31
 70
     1
102
RTVSPost2010Prop32
280
     0
102
RTVSPost2010PropOp32
 70
     1
102
RTVSPost2010Prop33
280
     0
102
RTVSPost2010PropOp33
 70
     1
102
RTVSPost2010Prop34
280
     0
102
RTVSPost2010PropOp34
 70
     1
102
RTVSPost2010Prop35
280
     0
102
RTVSPost2010PropOp35
 70
     1
102
RTVSPost2010Prop36
280
     0
102
RTVSPost2010PropOp36
 70
     1
102
RTVSPost2010Prop37
 90
       50
102
RTVSPost2010PropOp37
 70
     1
102
RTVSPost2010Prop38
140
0.0
102
RTVSPost2010PropOp38
 70
     1
102
RTVSPost2010Prop39
140
1.0
102
RTVSPost2010PropOp39
 70
     1
102
RTVSPost2010Prop40
 90
        0
102
RTVSPost2010PropOp40
 70
     1
102
RTVSPost2010Prop41ColorIndex
 90
       18
102
RTVSPost2010Prop41ColorRGB
 90
        0
102
RTVSPost2010PropOp41
 70
     1
102
RTVSPost2010Prop42
 90
       50
102
RTVSPost2010PropOp42
 70
     1
102
RTVSPost2010Prop43
 90
        3
102
RTVSPost2010PropOp43
 70
     1
102
RTVSPost2010Prop44ColorIndex
 90
        5
102
RTVSPost2010Prop44ColorRGB
 90
      255
102
RTVSPost2010PropOp44
 70
     1
102
RTVSPost2010Prop45
280
     0
102
RTVSPost2010PropOp45
 70
     1
102
RTVSPost2010Prop46
 90
       50
102
RTVSPost2010PropOp46
 70
     1
102
RTVSPost2010Prop47
 90
       50
102
RTVSPost2010PropOp47
 70
     1
102
RTVSPost2010Prop48
 90
       50
102
RTVSPost2010PropOp48
 70
     1
102
RTVSPost2010Prop49
280
     0
102
RTVSPost2010PropOp49
 70
     1
102
RTVSPost2010Prop50
 90
       50
102
RTVSPost2010PropOp50
 70
     1
102
RTVSPost2010Prop51ColorIndex
 90
      256
102
RTVSPost2010Prop51ColorRGB
 90
-16777216
102
RTVSPost2010PropOp51
 70
     0
102
RTVSPost2010Prop52
140
1.0
102
RTVSPost2010PropOp52
 70
     0
102
RTVSPost2010Prop53
 90
        2
102
RTVSPost2010PropOp53
 70
     1
102
RTVSPost2010Prop54
  1
strokes_ogs.tif
102
RTVSPost2010PropOp54
 70
     1
102
RTVSPost2010Prop55
280
     0
102
RTVSPost2010PropOp55
 70
     1
102
RTVSPost2010Prop56
140
1.0
102
RTVSPost2010PropOp56
 70
     1
102
RTVSPost2010Prop57
140
1.0
102
RTVSPost2010PropOp57
 70
     1
102
RTVSPropertyOp0
 70
     1
102
RTVSPropertyOp1
 70
     1
102
RTVSPropertyOp2
 70
     1
102
RTVSPropertyOp3
 70
     1
102
RTVSPropertyOp4
 70
     1
102
RTVSPropertyOp5
 70
     1
102
RTVSPropertyOp6
 70
     1
102
RTVSPropertyOp7
 70
     1
102
RTVSPropertyOp8
 70
     1
102
RTVSPropertyOp9
 70
     1
102
RTVSPropertyOp10
 70
     1
102
RTVSPropertyOp11
 70
     1
102
RTVSPropertyOp12
 70
     1
102
RTVSPropertyOp13
 70
     1
102
RTVSPropertyOp14
 70
     1
102
RTVSPropertyOp15
 70
     1
102
RTVSPropertyOp16
 70
     1
102
RTVSPropertyOp17
 70
     1
102
RTVSPropertyOp18
 70
     1
102
RTVSPropertyOp19
 70
     1
102
RTVSPropertyOp20
 70
     1
102
RTVSPropertyOp21
 70
     1
102
RTVSPropertyOp22
 70
     1
102
RTVSPropertyOp23
 70
     1
102
RTVSPropertyOp24
 70
     1
102
RTVSPropertyOp25
 70
     1
102
RTVSPropertyOp26
 70
     1
102
RTVSPropertyOp27
 70
     1
102
RTVSPropertyOp28
 70
     1
102
RTVSPropertyOp29
 70
     1
102
RTVSPropertyOp30
 70
     1
102
RTVSPropertyOp31
 70
     1
102
RTVSPropertyOp32
 70
     1
102
RTVSPropertyOp33
 70
     1
102
RTVSPropertyOp34
 70
     1
102
RTVSPropertyOp35
 70
     1
102
RTVSPropertyOp36
 70
     1
102
RTVSPropertyOp37
 70
     1
102
RTVSPropertyOp38
 70
     1
102
RTVSPropertyOp39
 70
     1
102
RTVSPropertyOp40
 70
     1
102
RTVSPropertyOp41
 70
     1
102
RTVSPropertyOp42
 70
     1
102
RTVSPropertyOp43
 70
     1
102
RTVSPropertyOp44
 70
     1
102
RTVSPropertyOp45
 70
     1
102
RTVSPropertyOp46
 70
     1
102
RTVSPropertyOp47
 70
     1
102
RTVSPropertyOp48
 70
     1
102
RTVSPropertyOp49
 70
     1
102
RTVSPropertyOp50
 70
     1
102
RTVSPropertyOp51
 70
     0
102
RTVSPropertyOp52
 70
     0
102
RTVSPropertyOp53
 70
     1
102
RTVSPropertyOp54
 70
     1
102
RTVSPropertyOp55
 70
     1
102
RTVSPropertyOp56
 70
     1
102
RTVSPropertyOp57
 70
     1
102
RTVSPropertyOp58
 70
     1
102
RTVSPropertyOp59
 70
     1
102
RTVSPropertyOp60
 70
     1
102
RTVSPropertyOp61
 70
     1
102
RTVSPropertyOp62
 70
     1
  0
XRECORD
  5
A95
102
{ACAD_REACTORS
330
A94
102
}
330
A94
100
AcDbXrecord
280
     1
102
RTVSPost2010Prop28
280
     0
102
RTVSPost2010PropOp28
 70
     1
102
RTVSPost2010Prop29
280
     1
102
RTVSPost2010PropOp29
 70
     1
102
RTVSPost2010Prop30
280
     1
102
RTVSPost2010PropOp30
 70
     1
102
RTVSPost2010Prop31
280
     0
102
RTVSPost2010PropOp31
 70
     1
102
RTVSPost2010Prop32
280
     0
102
RTVSPost2010PropOp32
 70
     1
102
RTVSPost2010Prop33
280
     0
102
RTVSPost2010PropOp33
 70
     1
102
RTVSPost2010Prop34
280
     0
102
RTVSPost2010PropOp34
 70
     1
102
RTVSPost2010Prop35
280
     0
102
RTVSPost2010PropOp35
 70
     1
102
RTVSPost2010Prop36
280
     0
102
RTVSPost2010PropOp36
 70
     1
102
RTVSPost2010Prop37
 90
       50
102
RTVSPost2010PropOp37
 70
     1
102
RTVSPost2010Prop38
140
0.0
102
RTVSPost2010PropOp38
 70
     1
102
RTVSPost2010Prop39
140
1.0
102
RTVSPost2010PropOp39
 70
     1
102
RTVSPost2010Prop40
 90
        0
102
RTVSPost2010PropOp40
 70
     1
102
RTVSPost2010Prop41ColorIndex
 90
       18
102
RTVSPost2010Prop41ColorRGB
 90
        0
102
RTVSPost2010PropOp41
 70
     1
102
RTVSPost2010Prop42
 90
       50
102
RTVSPost2010PropOp42
 70
     1
102
RTVSPost2010Prop43
 90
        3
102
RTVSPost2010PropOp43
 70
     1
102
RTVSPost2010Prop44ColorIndex
 90
        5
102
RTVSPost2010Prop44ColorRGB
 90
      255
102
RTVSPost2010PropOp44
 70
     1
102
RTVSPost2010Prop45
280
     0
102
RTVSPost2010PropOp45
 70
     1
102
RTVSPost2010Prop46
 90
       50
102
RTVSPost2010PropOp46
 70
     1
102
RTVSPost2010Prop47
 90
       50
102
RTVSPost2010PropOp47
 70
     1
102
RTVSPost2010Prop48
 90
       50
102
RTVSPost2010PropOp48
 70
     1
102
RTVSPost2010Prop49
280
     0
102
RTVSPost2010PropOp49
 70
     1
102
RTVSPost2010Prop50
 90
       50
102
RTVSPost2010PropOp50
 70
     1
102
RTVSPost2010Prop51ColorIndex
 90
      256
102
RTVSPost2010Prop51ColorRGB
 90
-16777216
102
RTVSPost2010PropOp51
 70
     0
102
RTVSPost2010Prop52
140
1.0
102
RTVSPost2010PropOp52
 70
     0
102
RTVSPost2010Prop53
 90
        2
102
RTVSPost2010PropOp53
 70
     1
102
RTVSPost2010Prop54
  1
strokes_ogs.tif
102
RTVSPost2010PropOp54
 70
     1
102
RTVSPost2010Prop55
280
     0
102
RTVSPost2010PropOp55
 70
     1
102
RTVSPost2010Prop56
140
1.0
102
RTVSPost2010PropOp56
 70
     1
102
RTVSPost2010Prop57
140
1.0
102
RTVSPost2010PropOp57
 70
     1
102
RTVSPropertyOp0
 70
     1
102
RTVSPropertyOp1
 70
     1
102
RTVSPropertyOp2
 70
     1
102
RTVSPropertyOp3
 70
     1
102
RTVSPropertyOp4
 70
     1
102
RTVSPropertyOp5
 70
     1
102
RTVSPropertyOp6
 70
     1
102
RTVSPropertyOp7
 70
     1
102
RTVSPropertyOp8
 70
     1
102
RTVSPropertyOp9
 70
     1
102
RTVSPropertyOp10
 70
     1
102
RTVSPropertyOp11
 70
     1
102
RTVSPropertyOp12
 70
     1
102
RTVSPropertyOp13
 70
     1
102
RTVSPropertyOp14
 70
     1
102
RTVSPropertyOp15
 70
     1
102
RTVSPropertyOp16
 70
     1
102
RTVSPropertyOp17
 70
     1
102
RTVSPropertyOp18
 70
     1
102
RTVSPropertyOp19
 70
     1
102
RTVSPropertyOp20
 70
     1
102
RTVSPropertyOp21
 70
     1
102
RTVSPropertyOp22
 70
     1
102
RTVSPropertyOp23
 70
     1
102
RTVSPropertyOp24
 70
     1
102
RTVSPropertyOp25
 70
     1
102
RTVSPropertyOp26
 70
     1
102
RTVSPropertyOp27
 70
     1
102
RTVSPropertyOp28
 70
     1
102
RTVSPropertyOp29
 70
     1
102
RTVSPropertyOp30
 70
     1
102
RTVSPropertyOp31
 70
     1
102
RTVSPropertyOp32
 70
     1
102
RTVSPropertyOp33
 70
     1
102
RTVSPropertyOp34
 70
     1
102
RTVSPropertyOp35
 70
     1
102
RTVSPropertyOp36
 70
     1
102
RTVSPropertyOp37
 70
     1
102
RTVSPropertyOp38
 70
     1
102
RTVSPropertyOp39
 70
     1
102
RTVSPropertyOp40
 70
     1
102
RTVSPropertyOp41
 70
     1
102
RTVSPropertyOp42
 70
     1
102
RTVSPropertyOp43
 70
     1
102
RTVSPropertyOp44
 70
     1
102
RTVSPropertyOp45
 70
     1
102
RTVSPropertyOp46
 70
     1
102
RTVSPropertyOp47
 70
     1
102
RTVSPropertyOp48
 70
     1
102
RTVSPropertyOp49
 70
     1
102
RTVSPropertyOp50
 70
     1
102
RTVSPropertyOp51
 70
     0
102
RTVSPropertyOp52
 70
     0
102
RTVSPropertyOp53
 70
     1
102
RTVSPropertyOp54
 70
     1
102
RTVSPropertyOp55
 70
     1
102
RTVSPropertyOp56
 70
     1
102
RTVSPropertyOp57
 70
     1
102
RTVSPropertyOp58
 70
     1
102
RTVSPropertyOp59
 70
     1
102
RTVSPropertyOp60
 70
     1
102
RTVSPropertyOp61
 70
     1
102
RTVSPropertyOp62
 70
     1
  0
XRECORD
  5
AAD
102
{ACAD_REACTORS
330
AAC
102
}
330
AAC
100
AcDbXrecord
280
     1
102
RTVSPost2010Prop28
280
     0
102
RTVSPost2010PropOp28
 70
     1
102
RTVSPost2010Prop29
280
     1
102
RTVSPost2010PropOp29
 70
     1
102
RTVSPost2010Prop30
280
     1
102
RTVSPost2010PropOp30
 70
     1
102
RTVSPost2010Prop31
280
     0
102
RTVSPost2010PropOp31
 70
     1
102
RTVSPost2010Prop32
280
     0
102
RTVSPost2010PropOp32
 70
     1
102
RTVSPost2010Prop33
280
     0
102
RTVSPost2010PropOp33
 70
     1
102
RTVSPost2010Prop34
280
     0
102
RTVSPost2010PropOp34
 70
     1
102
RTVSPost2010Prop35
280
     0
102
RTVSPost2010PropOp35
 70
     1
102
RTVSPost2010Prop36
280
     0
102
RTVSPost2010PropOp36
 70
     1
102
RTVSPost2010Prop37
 90
       50
102
RTVSPost2010PropOp37
 70
     1
102
RTVSPost2010Prop38
140
0.0
102
RTVSPost2010PropOp38
 70
     1
102
RTVSPost2010Prop39
140
1.0
102
RTVSPost2010PropOp39
 70
     1
102
RTVSPost2010Prop40
 90
        0
102
RTVSPost2010PropOp40
 70
     1
102
RTVSPost2010Prop41ColorIndex
 90
       18
102
RTVSPost2010Prop41ColorRGB
 90
        0
102
RTVSPost2010PropOp41
 70
     1
102
RTVSPost2010Prop42
 90
       50
102
RTVSPost2010PropOp42
 70
     1
102
RTVSPost2010Prop43
 90
        3
102
RTVSPost2010PropOp43
 70
     1
102
RTVSPost2010Prop44ColorIndex
 90
        5
102
RTVSPost2010Prop44ColorRGB
 90
      255
102
RTVSPost2010PropOp44
 70
     1
102
RTVSPost2010Prop45
280
     0
102
RTVSPost2010PropOp45
 70
     1
102
RTVSPost2010Prop46
 90
       50
102
RTVSPost2010PropOp46
 70
     1
102
RTVSPost2010Prop47
 90
       50
102
RTVSPost2010PropOp47
 70
     1
102
RTVSPost2010Prop48
 90
       50
102
RTVSPost2010PropOp48
 70
     1
102
RTVSPost2010Prop49
280
     0
102
RTVSPost2010PropOp49
 70
     1
102
RTVSPost2010Prop50
 90
       50
102
RTVSPost2010PropOp50
 70
     1
102
RTVSPost2010Prop51ColorIndex
 90
      256
102
RTVSPost2010Prop51ColorRGB
 90
-16777216
102
RTVSPost2010PropOp51
 70
     0
102
RTVSPost2010Prop52
140
1.0
102
RTVSPost2010PropOp52
 70
     0
102
RTVSPost2010Prop53
 90
        2
102
RTVSPost2010PropOp53
 70
     1
102
RTVSPost2010Prop54
  1
strokes_ogs.tif
102
RTVSPost2010PropOp54
 70
     1
102
RTVSPost2010Prop55
280
     0
102
RTVSPost2010PropOp55
 70
     1
102
RTVSPost2010Prop56
140
1.0
102
RTVSPost2010PropOp56
 70
     1
102
RTVSPost2010Prop57
140
1.0
102
RTVSPost2010PropOp57
 70
     1
102
RTVSPropertyOp0
 70
     1
102
RTVSPropertyOp1
 70
     1
102
RTVSPropertyOp2
 70
     1
102
RTVSPropertyOp3
 70
     1
102
RTVSPropertyOp4
 70
     1
102
RTVSPropertyOp5
 70
     1
102
RTVSPropertyOp6
 70
     1
102
RTVSPropertyOp7
 70
     1
102
RTVSPropertyOp8
 70
     1
102
RTVSPropertyOp9
 70
     1
102
RTVSPropertyOp10
 70
     1
102
RTVSPropertyOp11
 70
     1
102
RTVSPropertyOp12
 70
     1
102
RTVSPropertyOp13
 70
     1
102
RTVSPropertyOp14
 70
     1
102
RTVSPropertyOp15
 70
     1
102
RTVSPropertyOp16
 70
     1
102
RTVSPropertyOp17
 70
     1
102
RTVSPropertyOp18
 70
     1
102
RTVSPropertyOp19
 70
     1
102
RTVSPropertyOp20
 70
     1
102
RTVSPropertyOp21
 70
     1
102
RTVSPropertyOp22
 70
     1
102
RTVSPropertyOp23
 70
     1
102
RTVSPropertyOp24
 70
     1
102
RTVSPropertyOp25
 70
     1
102
RTVSPropertyOp26
 70
     1
102
RTVSPropertyOp27
 70
     1
102
RTVSPropertyOp28
 70
     1
102
RTVSPropertyOp29
 70
     1
102
RTVSPropertyOp30
 70
     1
102
RTVSPropertyOp31
 70
     1
102
RTVSPropertyOp32
 70
     1
102
RTVSPropertyOp33
 70
     1
102
RTVSPropertyOp34
 70
     1
102
RTVSPropertyOp35
 70
     1
102
RTVSPropertyOp36
 70
     1
102
RTVSPropertyOp37
 70
     1
102
RTVSPropertyOp38
 70
     1
102
RTVSPropertyOp39
 70
     1
102
RTVSPropertyOp40
 70
     1
102
RTVSPropertyOp41
 70
     1
102
RTVSPropertyOp42
 70
     1
102
RTVSPropertyOp43
 70
     1
102
RTVSPropertyOp44
 70
     1
102
RTVSPropertyOp45
 70
     1
102
RTVSPropertyOp46
 70
     1
102
RTVSPropertyOp47
 70
     1
102
RTVSPropertyOp48
 70
     1
102
RTVSPropertyOp49
 70
     1
102
RTVSPropertyOp50
 70
     1
102
RTVSPropertyOp51
 70
     0
102
RTVSPropertyOp52
 70
     0
102
RTVSPropertyOp53
 70
     1
102
RTVSPropertyOp54
 70
     1
102
RTVSPropertyOp55
 70
     1
102
RTVSPropertyOp56
 70
     1
102
RTVSPropertyOp57
 70
     1
102
RTVSPropertyOp58
 70
     1
102
RTVSPropertyOp59
 70
     1
102
RTVSPropertyOp60
 70
     1
102
RTVSPropertyOp61
 70
     1
102
RTVSPropertyOp62
 70
     1
  0
ENDSEC
  0
EOF
