  0
SECTION
  2
HEADER
  9
$ACADVER
  1
AC1015
  9
$ACADMAINTVER
 70
    20
  9
$DWGCODEPAGE
  3
ANSI_1252
  9
$INSBASE
 10
0.0
 20
0.0
 30
0.0
  9
$EXTMIN
 10
0.0
 20
-105.0
 30
0.0
  9
$EXTMAX
 10
20875.00000157
 20
5271.585811121982
 30
0.0
  9
$LIMMIN
 10
0.0
 20
0.0
  9
$LIMMAX
 10
12.0
 20
9.0
  9
$ORTHOMODE
 70
     0
  9
$REGENMODE
 70
     1
  9
$FILLMODE
 70
     1
  9
$QTEXTMODE
 70
     0
  9
$MIRRTEXT
 70
     1
  9
$LTSCALE
 40
1.0
  9
$ATTMODE
 70
     1
  9
$TEXTSIZE
 40
0.2
  9
$TRACEWID
 40
0.05
  9
$TEXTSTYLE
  7
Standard
  9
$CLAYER
  8
0
  9
$CELTYPE
  6
ByLayer
  9
$CECOLOR
 62
   256
  9
$CELTSCALE
 40
1.0
  9
$DISPSILH
 70
     0
  9
$DIMSCALE
 40
1.0
  9
$DIMASZ
 40
0.18
  9
$DIMEXO
 40
0.0625
  9
$DIMDLI
 40
0.38
  9
$DIMRND
 40
0.0
  9
$DIMDLE
 40
0.0
  9
$DIMEXE
 40
0.18
  9
$DIMTP
 40
0.0
  9
$DIMTM
 40
0.0
  9
$DIMTXT
 40
0.18
  9
$DIMCEN
 40
0.09
  9
$DIMTSZ
 40
0.0
  9
$DIMTOL
 70
     0
  9
$DIMLIM
 70
     0
  9
$DIMTIH
 70
     1
  9
$DIMTOH
 70
     1
  9
$DIMSE1
 70
     0
  9
$DIMSE2
 70
     0
  9
$DIMTAD
 70
     0
  9
$DIMZIN
 70
     0
  9
$DIMBLK
  1

  9
$DIMASO
 70
     1
  9
$DIMSHO
 70
     1
  9
$DIMPOST
  1

  9
$DIMAPOST
  1

  9
$DIMALT
 70
     0
  9
$DIMALTD
 70
     2
  9
$DIMALTF
 40
0.0393700787401575
  9
$DIMLFAC
 40
1.0
  9
$DIMTOFL
 70
     0
  9
$DIMTVP
 40
0.0
  9
$DIMTIX
 70
     0
  9
$DIMSOXD
 70
     0
  9
$DIMSAH
 70
     0
  9
$DIMBLK1
  1

  9
$DIMBLK2
  1

  9
$DIMSTYLE
  2
Standard
  9
$DIMCLRD
 70
     0
  9
$DIMCLRE
 70
     0
  9
$DIMCLRT
 70
     0
  9
$DIMTFAC
 40
1.0
  9
$DIMGAP
 40
0.09
  9
$DIMJUST
 70
     0
  9
$DIMSD1
 70
     0
  9
$DIMSD2
 70
     0
  9
$DIMTOLJ
 70
     1
  9
$DIMTZIN
 70
     0
  9
$DIMALTZ
 70
     0
  9
$DIMALTTZ
 70
     0
  9
$DIMUPT
 70
     0
  9
$DIMDEC
 70
     4
  9
$DIMTDEC
 70
     4
  9
$DIMALTU
 70
     2
  9
$DIMALTTD
 70
     0
  9
$DIMTXSTY
  7
Standard
  9
$DIMAUNIT
 70
     0
  9
$DIMADEC
 70
     0
  9
$DIMALTRND
 40
0.0
  9
$DIMAZIN
 70
     0
  9
$DIMDSEP
 70
    46
  9
$DIMATFIT
 70
     0
  9
$DIMFRAC
 70
     0
  9
$DIMLDRBLK
  1

  9
$DIMLUNIT
 70
     2
  9
$DIMLWD
 70
    -2
  9
$DIMLWE
 70
    -2
  9
$DIMTMOVE
 70
     0
  9
$LUNITS
 70
     2
  9
$LUPREC
 70
     4
  9
$SKETCHINC
 40
0.1
  9
$FILLETRAD
 40
0.0
  9
$AUNITS
 70
     0
  9
$AUPREC
 70
     0
  9
$MENU
  1
.
  9
$ELEVATION
 40
0.0
  9
$PELEVATION
 40
0.0
  9
$THICKNESS
 40
0.0
  9
$LIMCHECK
 70
     0
  9
$CHAMFERA
 40
0.5
  9
$CHAMFERB
 40
0.5
  9
$CHAMFERC
 40
0.0
  9
$CHAMFERD
 40
0.0
  9
$SKPOLY
 70
     0
  9
$TDCREATE
 40
2461113.350150463
  9
$TDUCREATE
 40
2461113.475156586
  9
$TDUPDATE
 40
2461113.863981482
  9
$TDUUPDATE
 40
2461113.988981482
  9
$TDINDWG
 40
0.0131250000
  9
$TDUSRTIMER
 40
0.0131250116
  9
$USRTIMER
 70
     1
  9
$ANGBASE
 50
0.0
  9
$ANGDIR
 70
     1
  9
$PDMODE
 70
     0
  9
$PDSIZE
 40
0.0
  9
$PLINEWID
 40
0.0
  9
$SPLFRAME
 70
     0
  9
$SPLINETYPE
 70
     6
  9
$SPLINESEGS
 70
     8
  9
$HANDSEED
  5
BF4
  9
$SURFTAB1
 70
     6
  9
$SURFTAB2
 70
     6
  9
$SURFTYPE
 70
     6
  9
$SURFU
 70
     6
  9
$SURFV
 70
     6
  9
$UCSBASE
  2

  9
$UCSNAME
  2

  9
$UCSORG
 10
0.0
 20
0.0
 30
0.0
  9
$UCSXDIR
 10
1.0
 20
0.0
 30
0.0
  9
$UCSYDIR
 10
0.0
 20
1.0
 30
0.0
  9
$UCSORTHOREF
  2

  9
$UCSORTHOVIEW
 70
     0
  9
$UCSORGTOP
 10
0.0
 20
0.0
 30
0.0
  9
$UCSORGBOTTOM
 10
0.0
 20
0.0
 30
0.0
  9
$UCSORGLEFT
 10
0.0
 20
0.0
 30
0.0
  9
$UCSORGRIGHT
 10
0.0
 20
0.0
 30
0.0
  9
$UCSORGFRONT
 10
0.0
 20
0.0
 30
0.0
  9
$UCSORGBACK
 10
0.0
 20
0.0
 30
0.0
  9
$PUCSBASE
  2

  9
$PUCSNAME
  2

  9
$PUCSORG
 10
0.0
 20
0.0
 30
0.0
  9
$PUCSXDIR
 10
1.0
 20
0.0
 30
0.0
  9
$PUCSYDIR
 10
0.0
 20
1.0
 30
0.0
  9
$PUCSORTHOREF
  2

  9
$PUCSORTHOVIEW
 70
     0
  9
$PUCSORGTOP
 10
0.0
 20
0.0
 30
0.0
  9
$PUCSORGBOTTOM
 10
0.0
 20
0.0
 30
0.0
  9
$PUCSORGLEFT
 10
0.0
 20
0.0
 30
0.0
  9
$PUCSORGRIGHT
 10
0.0
 20
0.0
 30
0.0
  9
$PUCSORGFRONT
 10
0.0
 20
0.0
 30
0.0
  9
$PUCSORGBACK
 10
0.0
 20
0.0
 30
0.0
  9
$USERI1
 70
     0
  9
$USERI2
 70
     0
  9
$USERI3
 70
     0
  9
$USERI4
 70
     0
  9
$USERI5
 70
     0
  9
$USERR1
 40
0.0
  9
$USERR2
 40
0.0
  9
$USERR3
 40
0.0
  9
$USERR4
 40
0.0
  9
$USERR5
 40
0.0
  9
$WORLDVIEW
 70
     1
  9
$SHADEDGE
 70
     3
  9
$SHADEDIF
 70
    70
  9
$TILEMODE
 70
     1
  9
$MAXACTVP
 70
    48
  9
$PINSBASE
 10
0.0
 20
0.0
 30
0.0
  9
$PLIMCHECK
 70
     0
  9
$PEXTMIN
 10
1.000000000000000E+20
 20
1.000000000000000E+20
 30
1.000000000000000E+20
  9
$PEXTMAX
 10
-1.000000000000000E+20
 20
-1.000000000000000E+20
 30
-1.000000000000000E+20
  9
$PLIMMIN
 10
0.0
 20
0.0
  9
$PLIMMAX
 10
0.0
 20
0.0
  9
$UNITMODE
 70
     0
  9
$VISRETAIN
 70
     1
  9
$PLINEGEN
 70
     1
  9
$PSLTSCALE
 70
     1
  9
$TREEDEPTH
 70
  3020
  9
$CMLSTYLE
  2
STANDARD
  9
$CMLJUST
 70
     0
  9
$CMLSCALE
 40
1.0
  9
$PROXYGRAPHICS
 70
     1
  9
$MEASUREMENT
 70
     1
  9
$CELWEIGHT
370
    -1
  9
$ENDCAPS
280
     0
  9
$JOINSTYLE
280
     0
  9
$LWDISPLAY
290
     1
  9
$INSUNITS
 70
     4
  9
$HYPERLINKBASE
  1

  9
$STYLESHEET
  1

  9
$XEDIT
290
     1
  9
$CEPSNTYPE
380
     0
  9
$PSTYLEMODE
290
     0
  9
$FINGERPRINTGUID
  2

  9
$VERSIONGUID
  2
{D09E6C1F-3DFF-854E-9E98-E5CB576C6D63}
  9
$EXTNAMES
290
     1
  9
$PSVPSCALE
 40
0.0
  9
$OLESTARTUP
290
     0
  0
ENDSEC
  0
SECTION
  2
CLASSES
  0
CLASS
  1
RASTERVARIABLES
  2
AcDbRasterVariables
  3
ISM
 90
    32768
280
     0
281
     0
  0
CLASS
  1
IMAGEDEF
  2
AcDbRasterImageDef
  3
ISM
 90
    32768
280
     0
281
     0
  0
CLASS
  1
IMAGEDEF_REACTOR
  2
AcDbRasterImageDefReactor
  3
ISM
 90
    32769
280
     0
281
     0
  0
CLASS
  1
IMAGE
  2
AcDbRasterImage
  3
ISM
 90
    34943
280
     0
281
     1
  0
CLASS
  1
ACAD_EVALUATION_GRAPH
  2
AcDbEvalGraph
  3
ObjectDBX Classes
 90
    33921
280
     0
281
     0
  0
CLASS
  1
BLOCKPOINTPARAMETER
  2
AcDbBlockPointParameter
  3
ObjectDBX Classes
 90
    33921
280
     0
281
     0
  0
CLASS
  1
BLOCKBASEPOINTPARAMETER
  2
AcDbBlockBasepointParameter
  3
ObjectDBX Classes
 90
    33921
280
     0
281
     0
  0
CLASS
  1
BLOCKLOOKUPPARAMETER
  2
AcDbBlockLookupParameter
  3
ObjectDBX Classes
 90
    33921
280
     0
281
     0
  0
CLASS
  1
BLOCKVISIBILITYPARAMETER
  2
AcDbBlockVisibilityParameter
  3
ObjectDBX Classes
 90
    33921
280
     0
281
     0
  0
CLASS
  1
BLOCKPROPERTIESTABLE
  2
AcDbBlockPropertiesTable
  3
ObjectDBX Classes
 90
    33921
280
     0
281
     0
  0
CLASS
  1
BLOCKPOLARPARAMETER
  2
AcDbBlockPolarParameter
  3
ObjectDBX Classes
 90
    33921
280
     0
281
     0
  0
CLASS
  1
BLOCKROTATIONPARAMETER
  2
AcDbBlockRotationParameter
  3
ObjectDBX Classes
 90
    33921
280
     0
281
     0
  0
CLASS
  1
BLOCKLINEARPARAMETER
  2
AcDbBlockLinearParameter
  3
ObjectDBX Classes
 90
    33921
280
     0
281
     0
  0
CLASS
  1
BLOCKXYPARAMETER
  2
AcDbBlockXYParameter
  3
ObjectDBX Classes
 90
    33921
280
     0
281
     0
  0
CLASS
  1
BLOCKFLIPPARAMETER
  2
AcDbBlockFlipParameter
  3
ObjectDBX Classes
 90
    33921
280
     0
281
     0
  0
CLASS
  1
BLOCKALIGNMENTPARAMETER
  2
AcDbBlockAlignmentParameter
  3
ObjectDBX Classes
 90
    33921
280
     0
281
     0
  0
CLASS
  1
BLOCKROTATEACTION
  2
AcDbBlockRotateAction
  3
ObjectDBX Classes
 90
    33921
280
     0
281
     0
  0
CLASS
  1
BLOCKSCALEACTION
  2
AcDbBlockScaleAction
  3
ObjectDBX Classes
 90
    33921
280
     0
281
     0
  0
CLASS
  1
BLOCKARRAYACTION
  2
AcDbBlockArrayAction
  3
ObjectDBX Classes
 90
    33921
280
     0
281
     0
  0
CLASS
  1
BLOCKFLIPACTION
  2
AcDbBlockFlipAction
  3
ObjectDBX Classes
 90
    33921
280
     0
281
     0
  0
CLASS
  1
BLOCKLOOKUPACTION
  2
AcDbBlockLookupAction
  3
ObjectDBX Classes
 90
    33921
280
     0
281
     0
  0
CLASS
  1
BLOCKMOVEACTION
  2
AcDbBlockMoveAction
  3
ObjectDBX Classes
 90
    33921
280
     0
281
     0
  0
CLASS
  1
BLOCKPOLARSTRETCHACTION
  2
AcDbBlockPolarStretchAction
  3
ObjectDBX Classes
 90
    33921
280
     0
281
     0
  0
CLASS
  1
BLOCKSTRETCHACTION
  2
AcDbBlockStretchAction
  3
ObjectDBX Classes
 90
    33921
280
     0
281
     0
  0
CLASS
  1
BLOCKALIGNMENTGRIP
  2
AcDbBlockAlignmentGrip
  3
ObjectDBX Classes
 90
    33921
280
     0
281
     0
  0
CLASS
  1
BLOCKFLIPGRIP
  2
AcDbBlockFlipGrip
  3
ObjectDBX Classes
 90
    33921
280
     0
281
     0
  0
CLASS
  1
ACDB_BLOCKREPRESENTATION_DATA
  2
AcDbBlockRepresentationData
  3
ObjectDBX Classes
 90
    33921
280
     0
281
     0
  0
CLASS
  1
ACDB_DYNAMICBLOCKPURGEPREVENTER_VERSION
  2
AcDbDynamicBlockPurgePreventer
  3
ObjectDBX Classes
 90
    33921
280
     0
281
     0
  0
CLASS
  1
BLOCKLINEARGRIP
  2
AcDbBlockLinearGrip
  3
ObjectDBX Classes
 90
    33921
280
     0
281
     0
  0
CLASS
  1
BLOCKLOOKUPGRIP
  2
AcDbBlockLookupGrip
  3
ObjectDBX Classes
 90
    33921
280
     0
281
     0
  0
CLASS
  1
BLOCKPOLARGRIP
  2
AcDbBlockPolarGrip
  3
ObjectDBX Classes
 90
    33921
280
     0
281
     0
  0
CLASS
  1
BLOCKPROPERTIESTABLEGRIP
  2
AcDbBlockPropertiesTableGrip
  3
ObjectDBX Classes
 90
    33921
280
     0
281
     0
  0
CLASS
  1
BLOCKROTATIONGRIP
  2
AcDbBlockRotationGrip
  3
ObjectDBX Classes
 90
    33921
280
     0
281
     0
  0
CLASS
  1
BLOCKVISIBILITYGRIP
  2
AcDbBlockVisibilityGrip
  3
ObjectDBX Classes
 90
    33921
280
     0
281
     0
  0
CLASS
  1
BLOCKXYGRIP
  2
AcDbBlockXYGrip
  3
ObjectDBX Classes
 90
    33921
280
     0
281
     0
  0
CLASS
  1
BLOCKGRIPLOCATIONCOMPONENT
  2
AcDbBlockGripExpr
  3
ObjectDBX Classes
 90
    33921
280
     0
281
     0
  0
CLASS
  1
ACDB_DYNAMICBLOCKPROXYNODE
  2
AcDbDynamicBlockProxyNode
  3
ObjectDBX Classes
 90
    33921
280
     0
281
     0
  0
CLASS
  1
BLOCKLINEARCONSTRAINTPARAMETER
  2
AcDbBlockLinearConstraintParameter
  3
ObjectDBX Classes
 90
    33921
280
     0
281
     0
  0
CLASS
  1
BLOCKHORIZONTALCONSTRAINTPARAMETER
  2
AcDbBlockHorizontalConstraintParameter
  3
ObjectDBX Classes
 90
    33921
280
     0
281
     0
  0
CLASS
  1
BLOCKVERTICALCONSTRAINTPARAMETER
  2
AcDbBlockVerticalConstraintParameter
  3
ObjectDBX Classes
 90
    33921
280
     0
281
     0
  0
CLASS
  1
BLOCKALIGNEDCONSTRAINTPARAMETER
  2
AcDbBlockAlignedConstraintParameter
  3
ObjectDBX Classes
 90
    33921
280
     0
281
     0
  0
CLASS
  1
BLOCKANGULARCONSTRAINTPARAMETER
  2
AcDbBlockAngularConstraintParameter
  3
ObjectDBX Classes
 90
    33921
280
     0
281
     0
  0
CLASS
  1
BLOCKDIAMETRICCONSTRAINTPARAMETER
  2
AcDbBlockDiametricConstraintParameter
  3
ObjectDBX Classes
 90
    33921
280
     0
281
     0
  0
CLASS
  1
BLOCKRADIALCONSTRAINTPARAMETER
  2
AcDbBlockRadialConstraintParameter
  3
ObjectDBX Classes
 90
    33921
280
     0
281
     0
  0
CLASS
  1
FIELDLIST
  2
AcDbFieldList
  3
ObjectDBX Classes
 90
     1152
280
     0
281
     0
  0
CLASS
  1
ACDBDICTIONARYWDFLT
  2
AcDbDictionaryWithDefault
  3
ObjectDBX Classes
 90
        0
280
     0
281
     0
  0
CLASS
  1
CELLSTYLEMAP
  2
AcDbCellStyleMap
  3
ObjectDBX Classes
 90
     1152
280
     0
281
     0
  0
CLASS
  1
MLEADERSTYLE
  2
AcDbMLeaderStyle
  3
ACDB_MLEADERSTYLE_CLASS
 90
     4095
280
     0
281
     0
  0
CLASS
  1
TABLESTYLE
  2
AcDbTableStyle
  3
ObjectDBX Classes
 90
     4095
280
     0
281
     0
  0
CLASS
  1
DICTIONARYVAR
  2
AcDbDictionaryVar
  3
ObjectDBX Classes
 90
        0
280
     0
281
     0
  0
CLASS
  1
MATERIAL
  2
AcDbMaterial
  3
ObjectDBX Classes
 90
     1153
280
     0
281
     0
  0
CLASS
  1
VISUALSTYLE
  2
AcDbVisualStyle
  3
ObjectDBX Classes
 90
     4095
280
     0
281
     0
  0
CLASS
  1
SCALE
  2
AcDbScale
  3
ObjectDBX Classes
 90
     1153
280
     0
281
     0
  0
CLASS
  1
ACDBSECTIONVIEWSTYLE
  2
AcDbSectionViewStyle
  3
ObjectDBX Classes
 90
     1025
280
     0
281
     0
  0
CLASS
  1
ACDBDETAILVIEWSTYLE
  2
AcDbDetailViewStyle
  3
ObjectDBX Classes
 90
     1025
280
     0
281
     0
  0
CLASS
  1
ACDBPLACEHOLDER
  2
AcDbPlaceHolder
  3
ObjectDBX Classes
 90
        0
280
     0
281
     0
  0
CLASS
  1
LAYOUT
  2
AcDbLayout
  3
ObjectDBX Classes
 90
        0
280
     0
281
     0
  0
ENDSEC
  0
SECTION
  2
TABLES
  0
TABLE
  2
VPORT
  5
8
330
0
100
AcDbSymbolTable
 70
     1
  0
VPORT
  5
478
330
8
100
AcDbSymbolTableRecord
100
AcDbViewportTableRecord
  2
*Active
 70
     0
 10
0.0
 20
0.0
 11
1.0
 21
1.0
 12
16100.24208061766
 22
-22.71450094154716
 13
0.0
 23
0.0
 14
1.0
 24
1.0
 15
0.0
 25
0.0
 16
0.0
 26
0.0
 36
1.0
 17
0.0
 27
0.0
 37
0.0
 40
13239.35649245915
 41
2.351715686274509
 42
50.0
 43
0.0
 44
0.0
 50
0.0
 51
0.0
 71
     0
 72
 20000
 73
     1
 74
     1
 75
     0
 76
     0
 77
     0
 78
     0
281
     0
 65
     1
110
0.0
120
0.0
130
0.0
111
1.0
121
0.0
131
0.0
112
0.0
122
1.0
132
0.0
 79
     0
146
0.0
1001
ACAD_NAV_VCDISPLAY
1070
     3
  0
ENDTAB
  0
TABLE
  2
LTYPE
  5
5
330
0
100
AcDbSymbolTable
 70
     2
  0
LTYPE
  5
14
330
5
100
AcDbSymbolTableRecord
100
AcDbLinetypeTableRecord
  2
ByBlock
 70
     0
  3

 72
    65
 73
     0
 40
0.0
  0
LTYPE
  5
15
330
5
100
AcDbSymbolTableRecord
100
AcDbLinetypeTableRecord
  2
ByLayer
 70
     0
  3

 72
    65
 73
     0
 40
0.0
  0
LTYPE
  5
16
330
5
100
AcDbSymbolTableRecord
100
AcDbLinetypeTableRecord
  2
Continuous
 70
     0
  3
Solid line
 72
    65
 73
     0
 40
0.0
  0
ENDTAB
  0
TABLE
  2
LAYER
  5
2
102
{ACAD_XDICTIONARY
360
4F0
102
}
330
0
100
AcDbSymbolTable
 70
    17
  0
LAYER
  5
10
102
{ACAD_XDICTIONARY
360
8C8
102
}
330
2
100
AcDbSymbolTableRecord
100
AcDbLayerTableRecord
  2
0
 70
     0
 62
     7
  6
Continuous
370
    -3
390
F
  0
LAYER
  5
27
102
{ACAD_XDICTIONARY
360
8CA
102
}
330
2
100
AcDbSymbolTableRecord
100
AcDbLayerTableRecord
  2
sheet
 70
     0
 62
    24
  6
Continuous
370
    -3
390
F
  0
LAYER
  5
28
102
{ACAD_XDICTIONARY
360
8CC
102
}
330
2
100
AcDbSymbolTableRecord
100
AcDbLayerTableRecord
  2
Texto
 70
     0
 62
     7
  6
Continuous
370
    -3
390
F
  0
LAYER
  5
29
102
{ACAD_XDICTIONARY
360
8CE
102
}
330
2
100
AcDbSymbolTableRecord
100
AcDbLayerTableRecord
  2
DT-20900-004-095
 70
     0
 62
     7
  6
Continuous
370
    -3
390
F
  0
LAYER
  5
2A
102
{ACAD_XDICTIONARY
360
8D0
102
}
330
2
100
AcDbSymbolTableRecord
100
AcDbLayerTableRecord
  2
13410255
 70
     0
 62
     7
  6
Continuous
370
    -3
390
F
  0
LAYER
  5
2B
102
{ACAD_XDICTIONARY
360
8D2
102
}
330
2
100
AcDbSymbolTableRecord
100
AcDbLayerTableRecord
  2
Rebaixo
 70
     0
 62
     7
  6
Continuous
370
    -3
390
F
  0
LAYER
  5
2C
102
{ACAD_XDICTIONARY
360
8D4
102
}
330
2
100
AcDbSymbolTableRecord
100
AcDbLayerTableRecord
  2
12658087
 70
     0
 62
     7
  6
Continuous
370
    -3
390
F
  0
LAYER
  5
2D
102
{ACAD_XDICTIONARY
360
8D6
102
}
330
2
100
AcDbSymbolTableRecord
100
AcDbLayerTableRecord
  2
13660947v0
 70
     0
 62
     7
  6
Continuous
370
    -3
390
F
  0
LAYER
  5
2E
102
{ACAD_XDICTIONARY
360
8D8
102
}
330
2
100
AcDbSymbolTableRecord
100
AcDbLayerTableRecord
  2
13652725
 70
     0
 62
     7
  6
Continuous
370
    -3
390
F
  0
LAYER
  5
2F
102
{ACAD_XDICTIONARY
360
8DA
102
}
330
2
100
AcDbSymbolTableRecord
100
AcDbLayerTableRecord
  2
Des.
 70
     0
 62
     7
  6
Continuous
370
    -3
390
F
  0
LAYER
  5
30
102
{ACAD_XDICTIONARY
360
8DC
102
}
330
2
100
AcDbSymbolTableRecord
100
AcDbLayerTableRecord
  2
Stats
 70
     0
 62
     7
  6
Continuous
370
    -3
390
F
  0
LAYER
  5
31
102
{ACAD_XDICTIONARY
360
8DE
102
}
330
2
100
AcDbSymbolTableRecord
100
AcDbLayerTableRecord
  2
DT-20900-004-093
 70
     0
 62
     7
  6
Continuous
370
    -3
390
F
  0
LAYER
  5
32
102
{ACAD_XDICTIONARY
360
8E0
102
}
330
2
100
AcDbSymbolTableRecord
100
AcDbLayerTableRecord
  2
Chanfro
 70
     0
 62
     7
  6
Continuous
370
    -3
390
F
  0
LAYER
  5
33
102
{ACAD_XDICTIONARY
360
8E2
102
}
330
2
100
AcDbSymbolTableRecord
100
AcDbLayerTableRecord
  2
12658287
 70
     0
 62
     7
  6
Continuous
370
    -3
390
F
  0
LAYER
  5
34
102
{ACAD_XDICTIONARY
360
8E4
102
}
330
2
100
AcDbSymbolTableRecord
100
AcDbLayerTableRecord
  2
12658049
 70
     0
 62
     7
  6
Continuous
370
    -3
390
F
  0
LAYER
  5
35
102
{ACAD_XDICTIONARY
360
8E6
102
}
330
2
100
AcDbSymbolTableRecord
100
AcDbLayerTableRecord
  2
CE-8136-32
 70
     0
 62
     7
  6
Continuous
370
    -3
390
F
  0
LAYER
  5
36
330
2
100
AcDbSymbolTableRecord
100
AcDbLayerTableRecord
  2
DEFPOINTS
 70
     0
 62
     7
  6
Continuous
290
     0
370
    -3
390
F
  0
ENDTAB
  0
TABLE
  2
STYLE
  5
3
330
0
100
AcDbSymbolTable
 70
     1
  0
STYLE
  5
11
330
3
100
AcDbSymbolTableRecord
100
AcDbTextStyleTableRecord
  2
Standard
 70
     0
 40
0.0
 41
1.0
 50
0.0
 71
     0
 42
0.2
  3
txt.shx
  4

  0
ENDTAB
  0
TABLE
  2
VIEW
  5
6
330
0
100
AcDbSymbolTable
 70
     0
  0
ENDTAB
  0
TABLE
  2
UCS
  5
7
330
0
100
AcDbSymbolTable
 70
     0
  0
ENDTAB
  0
TABLE
  2
APPID
  5
9
330
0
100
AcDbSymbolTable
 70
    10
  0
APPID
  5
12
330
0
100
AcDbSymbolTableRecord
100
AcDbRegAppTableRecord
  2
ACAD
 70
     0
  0
APPID
  5
49B
330
0
100
AcDbSymbolTableRecord
100
AcDbRegAppTableRecord
  2
ACAD_MLEADERVER
 70
     0
  0
APPID
  5
4E9
330
9
100
AcDbSymbolTableRecord
100
AcDbRegAppTableRecord
  2
ACAD_PSEXT
 70
     0
  0
APPID
  5
4EA
330
9
100
AcDbSymbolTableRecord
100
AcDbRegAppTableRecord
  2
AcadAnnotative
 70
     0
  0
APPID
  5
4EB
330
9
100
AcDbSymbolTableRecord
100
AcDbRegAppTableRecord
  2
ACAD_DSTYLE_DIMJAG
 70
     0
  0
APPID
  5
4EC
330
9
100
AcDbSymbolTableRecord
100
AcDbRegAppTableRecord
  2
ACAD_DSTYLE_DIMTALN
 70
     0
  0
APPID
  5
4ED
330
9
100
AcDbSymbolTableRecord
100
AcDbRegAppTableRecord
  2
ACAD_NAV_VCDISPLAY
 70
     0
  0
APPID
  5
4EE
330
9
100
AcDbSymbolTableRecord
100
AcDbRegAppTableRecord
  2
AcAecLayerStandard
 70
     0
  0
APPID
  5
4EF
330
9
100
AcDbSymbolTableRecord
100
AcDbRegAppTableRecord
  2
AcCmTransparency
 70
     0
  0
APPID
  5
867
330
9
100
AcDbSymbolTableRecord
100
AcDbRegAppTableRecord
  2
ACAD_EXEMPT_FROM_CAD_STANDARDS
 70
     0
  0
ENDTAB
  0
TABLE
  2
DIMSTYLE
  5
A
330
0
100
AcDbSymbolTable
 70
     4
100
AcDbDimStyleTable
 71
     0
  0
DIMSTYLE
105
477
330
A
100
AcDbSymbolTableRecord
100
AcDbDimStyleTableRecord
  2
Standard
 70
     0
143
1.0
274
     0
289
     0
340
11
  0
DIMSTYLE
105
4E7
330
A
100
AcDbSymbolTableRecord
100
AcDbDimStyleTableRecord
  2
Annotative
 70
     0
 40
0.0
 41
2.5
 42
0.625
 43
3.75
 44
1.25
 73
     0
 74
     0
 77
     1
 78
     8
140
2.5
141
2.5
143
0.03937007874016
147
0.625
171
     3
172
     1
271
     2
272
     2
274
     3
278
    44
283
     0
284
     8
340
11
1001
AcadAnnotative
1000
AnnotativeData
1002
{
1070
     1
1070
     1
1002
}
1001
ACAD_DSTYLE_DIMJAG
1070
   388
1040
1.5
1001
ACAD_DSTYLE_DIMTALN
1070
   392
1070
     0
  0
DIMSTYLE
105
4E8
330
A
100
AcDbSymbolTableRecord
100
AcDbDimStyleTableRecord
  2
ISO-25
 70
     0
 41
2.5
 42
0.625
 43
3.75
 44
1.25
 73
     0
 74
     0
 77
     1
 78
     8
140
2.5
141
2.5
143
0.03937007874016
147
0.625
171
     3
172
     1
271
     2
272
     2
274
     3
278
    44
283
     0
284
     8
340
11
  0
ENDTAB
  0
TABLE
  2
BLOCK_RECORD
  5
1
330
0
100
AcDbSymbolTable
 70
     2
  0
BLOCK_RECORD
  5
1F
330
1
100
AcDbSymbolTableRecord
100
AcDbBlockTableRecord
  2
*Model_Space
340
22
  0
BLOCK_RECORD
  5
474
330
1
100
AcDbSymbolTableRecord
100
AcDbBlockTableRecord
  2
*Paper_Space
340
1E
  0
ENDTAB
  0
ENDSEC
  0
SECTION
  2
BLOCKS
  0
BLOCK
  5
20
330
1F
100
AcDbEntity
  8
0
100
AcDbBlockBegin
  2
*Model_Space
 70
     0
 10
0.0
 20
0.0
 30
0.0
  3
*Model_Space
  1

  0
ENDBLK
  5
21
330
1F
100
AcDbEntity
  8
0
100
AcDbBlockEnd
  0
BLOCK
  5
475
330
474
100
AcDbEntity
 67
     1
  8
0
100
AcDbBlockBegin
  2
*Paper_Space
 70
     0
 10
0.0
 20
0.0
 30
0.0
  3
*Paper_Space
  1

  0
ENDBLK
  5
476
330
474
100
AcDbEntity
 67
     1
  8
0
100
AcDbBlockEnd
  0
ENDSEC
  0
SECTION
  2
ENTITIES
  0
LWPOLYLINE
  5
37A
330
1F
100
AcDbEntity
  8
sheet
 62
     7
100
AcDbPolyline
 90
        4
 70
     1
 43
0.0
 10
15750.00000136
 20
0.0000001
 10
18250.00000136
 20
0.0000001
 10
18250.00000136
 20
1860.0000001
 10
15750.00000136
 20
1860.0000001
  0
LWPOLYLINE
  5
37B
330
1F
100
AcDbEntity
  8
CE-8136-32
 62
     3
100
AcDbPolyline
 90
        2
 70
     1
 43
0.0
 10
17832.0996907981
 20
1842.000000099942
 10
17545.04568890984
 20
1842.000000099942
 42
7.17635004720065
  0
CIRCLE
  5
37C
330
1F
100
AcDbEntity
  8
CE-8136-32
 62
     3
100
AcDbCircle
 10
18160.57268985397
 20
1337.000000099942
 30
0.0
 40
35.0
  0
LWPOLYLINE
  5
37D
330
1F
100
AcDbEntity
  8
CE-8136-32
 62
     3
100
AcDbPolyline
 90
        8
 70
     1
 43
0.0
 10
17444.52710267564
 20
1292.889328163204
 42
11.15479691362305
 10
17444.52710267564
 20
1381.110672036713
 42
-0.3627577897913468
 10
17439.60682874023
 20
1377.000000099942
 10
17345.57268985397
 20
1377.000000099942
 42
0.4142135644237854
 10
17335.57268985397
 20
1367.000000099942
 10
17335.57268985397
 20
1307.000000099942
 42
0.4142135626401459
 10
17345.57268985397
 20
1297.000000099942
 10
17439.60682874023
 20
1297.000000099942
 42
-0.3627577970422231
  0
MTEXT
  5
37E
102
{ACAD_XDICTIONARY
360
B8A
102
}
330
1F
100
AcDbEntity
  8
Texto
 62
     3
100
AcDbMText
 10
18039.8042729398
 20
1111.939633555063
 30
0.0
 40
30.0
 41
452.4954976441204
 71
     3
 72
     5
  1
CE-8136-32
 11
-0.0000000000000002
 21
-1.0
 31
0.0
 73
     1
 44
1.0
1001
ACAD
1000
MTEXTBEGIN
1070
    73
1070
     1
1070
    44
1040
1.0
1070
    74
1070
     0
1000
MTEXTEND
  0
LWPOLYLINE
  5
37F
330
1F
100
AcDbEntity
  8
DT-20900-004-095
 62
     5
100
AcDbPolyline
 90
       31
 70
     1
 43
0.0
 10
17966.07339355996
 20
1822.000000099943
 10
17991.99339355995
 20
1822.000000099897
 10
17991.99339355993
 20
1812.000000099897
 10
18013.65339355993
 20
1812.00000009986
 10
18013.65339355992
 20
1802.00000009986
 10
18032.55339355991
 20
1802.000000099826
 10
18032.55339355988
 20
1782.000000099826
 10
18063.87339355988
 20
1782.000000099772
 10
18063.87339355984
 20
1762.000000099772
 10
18089.79339355985
 20
1762.000000099727
 10
18089.79339355981
 20
1742.000000099727
 10
18111.3933935598
 20
1742.000000099689
 10
18111.39339355976
 20
1722.000000099689
 10
18130.29339355978
 20
1722.000000099656
 10
18130.29339355975
 20
1702.000000099656
 10
18146.49339355974
 20
1702.000000099627
 10
18146.4933935597
 20
1682.000000099628
 10
18160.5333935597
 20
1682.000000099603
 10
18160.53339355967
 20
1662.000000099603
 10
18172.95339355969
 20
1662.000000099581
 10
18172.95339355965
 20
1642.000000099582
 10
18183.75339355964
 20
1642.000000099562
 10
18183.7533935596
 20
1622.000000099562
 10
18219.07339355961
 20
1622.000000099501
 42
0.4142136132229898
 10
18222.07339355961
 20
1625.000000099496
 10
18222.07339355998
 20
1839.000000099496
 42
0.4142135541895757
 10
18219.07339355999
 20
1842.000000099501
 10
17933.97339355999
 20
1842.000000099998
 42
0.4142135180310797
 10
17930.97339355998
 20
1839.000000100004
 10
17930.97339355997
 20
1832.000000100011
 10
17966.07339355997
 20
1832.000000099949
  0
CIRCLE
  5
380
330
1F
100
AcDbEntity
  8
DT-20900-004-095
 62
     5
100
AcDbCircle
 10
18182.0733935599
 20
1792.000000099565
 30
0.0
 40
9.0
  0
MTEXT
  5
381
102
{ACAD_XDICTIONARY
360
B8C
102
}
330
1F
100
AcDbEntity
  8
Texto
 62
     5
100
AcDbMText
 10
18048.38133414884
 20
1800.92925310429
 30
0.0
 40
10.0
 41
113.848753321372
 71
     3
 72
     5
  1
DT-20900-004-095 POS.8
 11
-1.0
 21
0.0000000000018191
 31
0.0
 73
     1
 44
1.0
1001
ACAD
1000
MTEXTBEGIN
1070
    73
1070
     1
1070
    44
1040
1.0
1070
    74
1070
     0
1000
MTEXTEND
  0
LWPOLYLINE
  5
382
330
1F
100
AcDbEntity
  8
DT-20900-004-095
 62
     5
100
AcDbPolyline
 90
       31
 70
     1
 43
0.0
 10
18202.07339355996
 20
1108.780734880972
 10
18202.07339355996
 20
1082.860734880963
 10
18192.07339355996
 20
1082.860734880963
 10
18192.07339355996
 20
1061.200734880963
 10
18182.07339355994
 20
1061.200734880963
 10
18182.07339355994
 20
1042.300734880963
 10
18162.07339355996
 20
1042.300734880963
 10
18162.07339355996
 20
1010.980734880952
 10
18142.07339355996
 20
1010.980734880952
 10
18142.07339355996
 20
985.0607348809724
 10
18122.07339355996
 20
985.0607348809724
 10
18122.07339355996
 20
963.4607348809721
 10
18102.07339355994
 20
963.4607348809721
 10
18102.07339355994
 20
944.5607348809724
 10
18082.07339355996
 20
944.5607348809724
 10
18082.07339355996
 20
928.3607348809626
 10
18062.07339355996
 20
928.3607348809626
 10
18062.07339355996
 20
914.3207348809527
 10
18042.07339355996
 20
914.3207348809527
 10
18042.07339355996
 20
901.9007348809726
 10
18022.07339355994
 20
901.9007348809726
 10
18022.07339355994
 20
891.1007348809825
 10
18002.07339355995
 20
891.1007348809825
 10
18002.07339355995
 20
855.7807348809719
 42
0.4142135782824523
 10
18005.07339355996
 20
852.7807348809718
 10
18219.07339355996
 20
852.7807348809718
 42
0.4142135418601766
 10
18222.07339355996
 20
855.7807348809719
 10
18222.07339355996
 20
1140.880734880983
 42
0.4142135529692668
 10
18219.07339355996
 20
1143.880734880983
 10
18212.07339355996
 20
1143.880734880983
 10
18212.07339355996
 20
1108.780734880972
  0
CIRCLE
  5
383
330
1F
100
AcDbEntity
  8
DT-20900-004-095
 62
     5
100
AcDbCircle
 10
18172.07339355996
 20
892.7807348809718
 30
0.0
 40
9.0
  0
MTEXT
  5
384
102
{ACAD_XDICTIONARY
360
B8E
102
}
330
1F
100
AcDbEntity
  8
Texto
 62
     5
100
AcDbMText
 10
18181.00264656444
 20
1026.472794292033
 30
0.0
 40
10.0
 41
113.848753321372
 71
     3
 72
     5
  1
DT-20900-004-095 POS.8
 11
0.0000000000000001
 21
1.0
 31
0.0
 73
     1
 44
1.0
1001
ACAD
1000
MTEXTBEGIN
1070
    73
1070
     1
1070
    44
1040
1.0
1070
    74
1070
     0
1000
MTEXTEND
  0
LWPOLYLINE
  5
385
330
1F
100
AcDbEntity
  8
13652725
 62
     5
100
AcDbPolyline
 90
       29
 70
     1
 43
0.0
 10
17854.07339355995
 20
21.00000009994192
 42
0.4142135522205721
 10
17857.07339355995
 20
18.00000009994192
 10
18219.07339355996
 20
18.00000009994201
 42
0.4142135591024346
 10
18222.07339355996
 20
21.00000009994201
 10
18222.07339355996
 20
215.000000099942
 42
0.4142135372158823
 10
18219.07339355996
 20
218.000000099942
 10
18188.07339355996
 20
218.000000099942
 10
18188.07339355996
 20
203.000000099942
 10
18178.07339355996
 20
203.000000099942
 10
18178.07339355996
 20
193.000000099942
 10
18166.07339355996
 20
193.000000099942
 10
18166.07339355996
 20
183.000000099942
 10
18153.07339355996
 20
183.000000099942
 10
18153.07339355996
 20
173.000000099942
 10
18138.07339355996
 20
173.000000099942
 10
18138.07339355996
 20
163.0000000999419
 10
18121.07339355996
 20
163.0000000999419
 10
18121.07339355996
 20
153.0000000999419
 10
18101.07339355996
 20
153.0000000999419
 10
18101.07339355996
 20
138.0000000999419
 10
18065.07339355996
 20
138.0000000999419
 10
18065.07339355996
 20
128.0000000999419
 10
18036.07339355996
 20
128.0000000999419
 10
18036.07339355996
 20
118.0000000999419
 10
17999.07339355995
 20
118.0000000999419
 10
17999.07339355995
 20
108.0000000999419
 10
17949.07339355996
 20
108.0000000999419
 10
17949.07339355996
 20
98.00000009994194
 10
17854.07339355995
 20
98.00000009994192
  0
MTEXT
  5
386
330
1F
100
AcDbEntity
  8
Texto
 62
     5
100
AcDbMText
 10
17981.17477385691
 20
54.87870916845654
 30
0.0
 40
10.0
 41
122.8748579127441
 71
     1
 72
     5
  1
13652725 pos16
 73
     1
 44
1.0
1001
ACAD
1000
MTEXTBEGIN
1070
    73
1070
     1
1070
    44
1040
1.0
1070
    74
1070
     0
1000
MTEXTEND
  0
LWPOLYLINE
  5
387
330
1F
100
AcDbEntity
  8
13652725
 62
     5
100
AcDbPolyline
 90
       29
 70
     1
 43
0.0
 10
18219.07339355996
 20
464.780734880972
 42
0.4142135589142545
 10
18222.07339355996
 20
467.780734880972
 10
18222.07339355996
 20
829.7807348809719
 42
0.4142135994333547
 10
18219.07339355996
 20
832.7807348809718
 10
18025.07339355996
 20
832.7807348809718
 42
0.4142135170578209
 10
18022.07339355996
 20
829.7807348809719
 10
18022.07339355996
 20
798.7807348809718
 10
18037.07339355996
 20
798.7807348809718
 10
18037.07339355996
 20
788.7807348809718
 10
18047.07339355996
 20
788.7807348809718
 10
18047.07339355996
 20
776.7807348809719
 10
18057.07339355996
 20
776.7807348809719
 10
18057.07339355996
 20
763.7807348809718
 10
18067.07339355996
 20
763.7807348809718
 10
18067.07339355996
 20
748.7807348809718
 10
18077.07339355996
 20
748.7807348809718
 10
18077.07339355996
 20
731.7807348809719
 10
18087.07339355996
 20
731.7807348809719
 10
18087.07339355996
 20
711.7807348809718
 10
18102.07339355996
 20
711.7807348809718
 10
18102.07339355996
 20
675.7807348809718
 10
18112.07339355996
 20
675.7807348809718
 10
18112.07339355996
 20
646.7807348809718
 10
18122.07339355996
 20
646.7807348809718
 10
18122.07339355996
 20
609.7807348809718
 10
18132.07339355996
 20
609.7807348809718
 10
18132.07339355996
 20
559.7807348809718
 10
18142.07339355996
 20
559.7807348809718
 10
18142.07339355996
 20
464.780734880972
  0
MTEXT
  5
388
330
1F
100
AcDbEntity
  8
Texto
 62
     5
100
AcDbMText
 10
18185.19468449144
 20
591.8821151779018
 30
0.0
 40
10.0
 41
122.8748579127441
 71
     1
 72
     5
  1
13652725 pos16
 11
0.0000000000000001
 21
1.0
 31
0.0
 73
     1
 44
1.0
1001
ACAD
1000
MTEXTBEGIN
1070
    73
1070
     1
1070
    44
1040
1.0
1070
    74
1070
     0
1000
MTEXTEND
  0
LWPOLYLINE
  5
389
330
1F
100
AcDbEntity
  8
0
 62
     5
100
AcDbPolyline
 90
       12
 70
     1
 43
0.0
 10
18059.07339355996
 20
202.3841908772052
 42
0.4142135782793778
 10
18062.07339355996
 20
199.3841908772052
 10
18140.63151901675
 20
199.3841908772052
 42
0.2278377702744785
 10
18142.97412544576
 20
200.5101057345551
 10
18221.41599998804
 20
298.5624489126246
 42
0.1703035784777702
 10
18222.07339355996
 20
300.4365340552856
 10
18222.07339355996
 20
403.1415501900853
 42
0.1989122883560521
 10
18221.19471390353
 20
405.2628705336652
 10
18207.95207321639
 20
418.5055112207852
 42
0.1989123456136369
 10
18205.83075287281
 20
419.3841908772143
 10
18062.07339355996
 20
419.3841908772143
 42
0.4142135788515114
 10
18059.07339355996
 20
416.3841908772052
  0
MTEXT
  5
38A
330
1F
100
AcDbEntity
  8
Texto
 62
     5
100
AcDbMText
 10
18089.01907314914
 20
358.5813023413145
 30
0.0
 40
10.0
 41
122.8748579127441
 71
     1
 72
     5
  1
13652725 pos8
 11
-0.0000000000000002
 21
-1.0
 31
0.0
 73
     1
 44
1.0
1001
ACAD
1000
MTEXTBEGIN
1070
    73
1070
     1
1070
    44
1040
1.0
1070
    74
1070
     0
1000
MTEXTEND
  0
LWPOLYLINE
  5
38B
330
1F
100
AcDbEntity
  8
13652725
 62
     5
100
AcDbPolyline
 90
       29
 70
     1
 43
0.0
 10
17925.07339355996
 20
832.9077389689016
 42
0.4142135690747825
 10
17922.07339355995
 20
829.9077389689015
 10
17922.07339355995
 20
467.9077389689008
 42
0.4142135772663441
 10
17925.07339355996
 20
464.9077389689008
 10
18119.07339355996
 20
464.9077389689009
 42
0.4142135203615526
 10
18122.07339355996
 20
467.9077389689009
 10
18122.07339355996
 20
498.9077389689009
 10
18107.07339355996
 20
498.9077389689009
 10
18107.07339355996
 20
508.9077389689008
 10
18097.07339355996
 20
508.9077389689008
 10
18097.07339355996
 20
520.9077389689007
 10
18087.07339355996
 20
520.9077389689007
 10
18087.07339355996
 20
533.9077389689007
 10
18077.07339355996
 20
533.9077389689007
 10
18077.07339355996
 20
548.9077389689016
 10
18067.07339355996
 20
548.9077389689016
 10
18067.07339355996
 20
565.9077389689007
 10
18057.07339355996
 20
565.9077389689007
 10
18057.07339355996
 20
585.9077389689007
 10
18042.07339355996
 20
585.9077389689007
 10
18042.07339355996
 20
621.9077389689016
 10
18032.07339355996
 20
621.9077389689016
 10
18032.07339355996
 20
650.9077389689016
 10
18022.07339355996
 20
650.9077389689016
 10
18022.07339355996
 20
687.9077389689007
 10
18012.07339355995
 20
687.9077389689007
 10
18012.07339355995
 20
737.9077389689016
 10
18002.07339355995
 20
737.9077389689016
 10
18002.07339355995
 20
832.9077389689016
  0
MTEXT
  5
38C
330
1F
100
AcDbEntity
  8
Texto
 62
     5
100
AcDbMText
 10
17958.95210262847
 20
705.8063586719461
 30
0.0
 40
10.0
 41
122.8748579127441
 71
     1
 72
     5
  1
13652725 pos16
 11
-0.0000000000000002
 21
-1.0
 31
0.0
 73
     1
 44
1.0
1001
ACAD
1000
MTEXTBEGIN
1070
    73
1070
     1
1070
    44
1040
1.0
1070
    74
1070
     0
1000
MTEXTEND
  0
LWPOLYLINE
  5
38D
330
1F
100
AcDbEntity
  8
0
 62
     5
100
AcDbPolyline
 90
       27
 70
     1
 43
0.0
 10
18007.07339355995
 20
221.9077389689017
 10
18007.07339355995
 20
171.9077389689017
 10
18036.07339355996
 20
171.9077389689017
 42
0.4142135187748234
 10
18039.07339355996
 20
174.9077389689017
 10
18039.07339355996
 20
441.9077389689036
 42
0.4142135196462485
 10
18036.07339355996
 20
444.9077389689036
 10
17900.07339355995
 20
444.9077389689035
 42
0.4142135732330221
 10
17897.07339355995
 20
441.9077389689035
 10
17897.07339355995
 20
410.9077389689017
 10
17912.07339355995
 20
410.9077389689017
 10
17912.07339355995
 20
400.9077389689016
 10
17922.07339355995
 20
400.9077389689016
 10
17922.07339355995
 20
388.9077389689017
 10
17932.07339355996
 20
388.9077389689018
 10
17932.07339355996
 20
375.9077389689017
 10
17942.07339355995
 20
375.9077389689017
 10
17942.07339355995
 20
360.9077389689036
 10
17952.07339355996
 20
360.9077389689036
 10
17952.07339355996
 20
343.9077389689017
 10
17962.07339355996
 20
343.9077389689017
 10
17962.07339355996
 20
323.9077389689017
 10
17977.07339355995
 20
323.9077389689017
 10
17977.07339355995
 20
287.9077389689036
 10
17987.07339355996
 20
287.9077389689036
 10
17987.07339355996
 20
258.9077389689035
 10
17997.07339355996
 20
258.9077389689036
 10
17997.07339355996
 20
221.9077389689017
  0
MTEXT
  5
38E
330
1F
100
AcDbEntity
  8
Texto
 62
     5
100
AcDbMText
 10
17995.60133470309
 20
307.5896257319226
 30
0.0
 40
10.0
 41
122.8748579127441
 71
     1
 72
     5
  1
13652725 pos4
 11
0.0000000000000001
 21
1.0
 31
0.0
 73
     1
 44
1.0
1001
ACAD
1000
MTEXTBEGIN
1070
    73
1070
     1
1070
    44
1040
1.0
1070
    74
1070
     0
1000
MTEXTEND
  0
LWPOLYLINE
  5
38F
330
1F
100
AcDbEntity
  8
0
 62
     5
100
AcDbPolyline
 90
       30
 70
     1
 43
0.0
 10
17854.91751323187
 20
817.7939083643696
 42
0.4142135299991712
 10
17851.91751323185
 20
814.7939083643697
 10
17851.91751323185
 20
796.7939083643697
 10
17780.91751323187
 20
796.7939083643697
 42
0.4142135963466644
 10
17777.91751323187
 20
793.7939083643697
 10
17777.91751323187
 20
783.7939083643676
 10
17792.91751323187
 20
783.7939083643676
 10
17792.91751323187
 20
773.7939083643697
 10
17802.91751323185
 20
773.7939083643697
 10
17802.91751323185
 20
761.7939083643697
 10
17812.91751323187
 20
761.7939083643697
 10
17812.91751323187
 20
748.7939083643697
 10
17822.91751323187
 20
748.7939083643697
 10
17822.91751323187
 20
733.7939083643696
 10
17832.91751323185
 20
733.7939083643696
 10
17832.91751323185
 20
716.7939083643676
 10
17842.91751323187
 20
716.7939083643676
 10
17842.91751323187
 20
696.7939083643697
 10
17857.91751323187
 20
696.7939083643697
 10
17857.91751323187
 20
660.7939083643713
 10
17867.91751323185
 20
660.7939083643713
 10
17867.91751323185
 20
631.7939083643697
 10
17877.91751323187
 20
631.7939083643697
 10
17877.91751323187
 20
594.7939083643677
 10
17887.91751323187
 20
594.7939083643677
 10
17887.91751323187
 20
544.7939083643697
 10
17894.91751323187
 20
544.7939083643697
 42
0.4142135568706389
 10
17897.91751323185
 20
547.7939083643697
 10
17897.91751323185
 20
814.7939083643697
 42
0.4142135746326026
 10
17894.91751323187
 20
817.7939083643696
  0
MTEXT
  5
390
330
1F
100
AcDbEntity
  8
Texto
 62
     5
100
AcDbMText
 10
17873.88318530761
 20
678.3158208428621
 30
0.0
 40
10.0
 41
122.8748579127441
 71
     1
 72
     5
  1
13652725 pos2
 11
0.0000000000000001
 21
1.0
 31
0.0
 73
     1
 44
1.0
1001
ACAD
1000
MTEXTBEGIN
1070
    73
1070
     1
1070
    44
1040
1.0
1070
    74
1070
     0
1000
MTEXTEND
  0
LWPOLYLINE
  5
391
330
1F
100
AcDbEntity
  8
0
 62
     5
100
AcDbPolyline
 90
       30
 70
     1
 43
0.0
 10
17927.63973714883
 20
118.0000000999419
 42
0.4142136075747592
 10
17930.63973714882
 20
121.0000000999419
 10
17930.63973714882
 20
139.0000000999401
 10
18001.63973714882
 20
139.0000000999401
 42
0.4142135302728344
 10
18004.63973714882
 20
142.0000000999401
 10
18004.63973714882
 20
152.0000000999419
 10
17989.63973714882
 20
152.0000000999419
 10
17989.63973714882
 20
162.0000000999419
 10
17979.63973714882
 20
162.0000000999419
 10
17979.63973714882
 20
174.0000000999419
 10
17969.63973714883
 20
174.0000000999419
 10
17969.63973714883
 20
187.000000099942
 10
17959.63973714882
 20
187.000000099942
 10
17959.63973714882
 20
202.0000000999437
 10
17949.63973714882
 20
202.0000000999437
 10
17949.63973714882
 20
219.000000099942
 10
17939.63973714883
 20
219.000000099942
 10
17939.63973714883
 20
239.000000099942
 10
17924.63973714882
 20
239.000000099942
 10
17924.63973714882
 20
275.000000099942
 10
17914.63973714882
 20
275.000000099942
 10
17914.63973714882
 20
304.0000000999421
 10
17904.63973714883
 20
304.0000000999421
 10
17904.63973714883
 20
341.0000000999421
 10
17894.63973714882
 20
341.0000000999421
 10
17894.63973714882
 20
391.0000000999439
 10
17887.63973714882
 20
391.0000000999439
 42
0.4142136040129379
 10
17884.63973714882
 20
388.0000000999439
 10
17884.63973714882
 20
121.0000000999419
 42
0.4142136008846888
 10
17887.63973714882
 20
118.0000000999419
  0
MTEXT
  5
392
330
1F
100
AcDbEntity
  8
Texto
 62
     5
100
AcDbMText
 10
17908.674065074
 20
257.4780876214512
 30
0.0
 40
10.0
 41
122.8748579127441
 71
     1
 72
     5
  1
13652725 pos2
 11
-0.0000000000000002
 21
-1.0
 31
0.0
 73
     1
 44
1.0
1001
ACAD
1000
MTEXTBEGIN
1070
    73
1070
     1
1070
    44
1040
1.0
1070
    74
1070
     0
1000
MTEXTEND
  0
LWPOLYLINE
  5
393
330
1F
100
AcDbEntity
  8
0
 62
     5
100
AcDbPolyline
 90
       10
 70
     1
 43
0.0
 10
17624.36294968506
 20
1427.231357643703
 42
0.4142135315051554
 10
17621.36294968507
 20
1424.231357643703
 10
17621.36294968507
 20
1130.231357643713
 42
0.4142135582846207
 10
17624.36294968506
 20
1127.231357643702
 10
17777.12030899791
 20
1127.231357643702
 42
0.1989123535577737
 10
17779.24162934149
 20
1128.110037300163
 10
17897.48427002864
 20
1246.352677987283
 42
0.1989123529031042
 10
17898.36294968506
 20
1248.473998330833
 10
17898.36294968506
 20
1424.231357643703
 42
0.4142135638287773
 10
17895.36294968506
 20
1427.231357643703
  0
CIRCLE
  5
394
330
1F
100
AcDbEntity
  8
0
 62
     5
100
AcDbCircle
 10
17863.36294968506
 20
1392.231357643713
 30
0.0
 40
10.0
  0
CIRCLE
  5
395
330
1F
100
AcDbEntity
  8
0
 62
     5
100
AcDbCircle
 10
17751.36294968506
 20
1227.231357643703
 30
0.0
 40
9.0
  0
CIRCLE
  5
396
330
1F
100
AcDbEntity
  8
0
 62
     5
100
AcDbCircle
 10
17751.36294968506
 20
1307.231357643703
 30
0.0
 40
9.0
  0
MTEXT
  5
397
330
1F
100
AcDbEntity
  8
Texto
 62
     5
100
AcDbMText
 10
17634.05045174701
 20
1216.779240993062
 30
0.0
 40
10.0
 41
122.8748579127441
 71
     1
 72
     5
  1
13652725 pos13
 11
0.0000000000000001
 21
1.0
 31
0.0
 73
     1
 44
1.0
1001
ACAD
1000
MTEXTBEGIN
1070
    73
1070
     1
1070
    44
1040
1.0
1070
    74
1070
     0
1000
MTEXTEND
  0
LWPOLYLINE
  5
398
330
1F
100
AcDbEntity
  8
13652725
 62
     5
100
AcDbPolyline
 90
       33
 70
     1
 43
0.0
 10
17782.07339355996
 20
529.9859226401479
 42
0.4142135581020251
 10
17785.07339355995
 20
526.9859226401461
 10
17828.07339355995
 20
526.9859226401461
 10
17828.07339355995
 20
474.985922640148
 42
0.414213570014333
 10
17831.07339355995
 20
471.985922640148
 10
17884.07339355995
 20
471.985922640148
 42
0.4142135564224354
 10
17887.07339355996
 20
474.985922640148
 10
17887.07339355996
 20
486.985922640148
 10
17899.07339355995
 20
486.985922640148
 42
0.4142135805362236
 10
17902.07339355995
 20
489.985922640148
 10
17902.07339355995
 20
505.985922640148
 10
17887.07339355996
 20
505.985922640148
 10
17887.07339355996
 20
515.9859226401478
 10
17877.07339355995
 20
515.9859226401478
 10
17877.07339355995
 20
527.9859226401478
 10
17867.07339355996
 20
527.9859226401478
 10
17867.07339355996
 20
540.9859226401478
 10
17857.07339355995
 20
540.9859226401478
 10
17857.07339355995
 20
555.9859226401479
 10
17847.07339355995
 20
555.9859226401479
 10
17847.07339355995
 20
572.9859226401478
 10
17837.07339355995
 20
572.9859226401478
 10
17837.07339355995
 20
592.9859226401478
 10
17822.07339355995
 20
592.9859226401478
 10
17822.07339355995
 20
628.9859226401477
 10
17812.07339355995
 20
628.9859226401477
 10
17812.07339355995
 20
657.9859226401477
 10
17802.07339355995
 20
657.9859226401477
 10
17802.07339355995
 20
694.9859226401478
 10
17792.07339355995
 20
694.9859226401478
 10
17792.07339355995
 20
744.9859226401478
 10
17785.07339355995
 20
744.9859226401478
 42
0.4142135872671139
 10
17782.07339355996
 20
741.9859226401477
  0
MTEXT
  5
399
330
1F
100
AcDbEntity
  8
Texto
 62
     5
100
AcDbMText
 10
17800.98020995682
 20
644.0763577115595
 30
0.0
 40
10.0
 41
122.8748579127441
 71
     1
 72
     5
  1
13652725 pos3
 11
-0.0000000000000002
 21
-1.0
 31
0.0
 73
     1
 44
1.0
1001
ACAD
1000
MTEXTBEGIN
1070
    73
1070
     1
1070
    44
1040
1.0
1070
    74
1070
     0
1000
MTEXTEND
  0
LWPOLYLINE
  5
39A
330
1F
100
AcDbEntity
  8
13652725
 62
     5
100
AcDbPolyline
 90
       33
 70
     1
 43
0.0
 10
17688.74570771238
 20
1546.205596643702
 42
0.4142135590484602
 10
17684.76621448319
 20
1544.734667128466
 10
17666.78817453316
 20
1505.673304126708
 10
17619.55117741475
 20
1527.414189647676
 42
0.4142135526838378
 10
17615.57168418556
 20
1525.943260132439
 10
17593.41270471226
 20
1477.797859223295
 42
0.4142135591816619
 10
17594.8836342275
 20
1473.818365994101
 10
17605.78447971636
 20
1468.801238566185
 10
17600.76735228845
 20
1457.900393077322
 42
0.4142135836608282
 10
17602.23828180368
 20
1453.920899848127
 10
17616.7727424555
 20
1447.231396610907
 10
17623.04415174039
 20
1460.857453471985
 10
17632.12818964778
 20
1456.676513948723
 10
17636.30912917104
 20
1465.760551856108
 10
17647.20997465991
 20
1460.743424428192
 10
17651.39091418317
 20
1469.827462335577
 10
17663.20016346277
 20
1464.392240955335
 10
17667.38110298604
 20
1473.476278862734
 10
17681.00715984712
 20
1467.20486957784
 10
17685.18809937038
 20
1476.288907485212
 10
17700.63096381293
 20
1469.181310295664
 10
17704.81190333619
 20
1478.26534820305
 10
17722.97997915096
 20
1469.903469156524
 10
17729.25138843586
 20
1483.529526017602
 10
17761.95392490245
 20
1468.478143733856
 10
17766.13486442571
 20
1477.562181641241
 10
17792.47857435712
 20
1465.437457023779
 10
17796.65951388039
 20
1474.521494931164
 10
17830.27045413772
 20
1459.052018695091
 10
17834.45139366098
 20
1468.136056602476
 10
17879.87158319791
 20
1447.231358986161
 10
17882.7982408642
 20
1453.590185521331
 42
0.414213579687269
 10
17881.32731134895
 20
1457.569678750525
  0
MTEXT
  5
39B
330
1F
100
AcDbEntity
  8
Texto
 62
     5
100
AcDbMText
 10
17784.48106582499
 20
1481.330052036354
 30
0.0
 40
10.0
 41
122.8748579127441
 71
     1
 72
     5
  1
13652725 pos3
 11
-0.908403790738366
 21
0.4180939523267076
 31
0.0
 73
     1
 44
1.0
1001
ACAD
1000
MTEXTBEGIN
1070
    73
1070
     1
1070
    44
1040
1.0
1070
    74
1070
     0
1000
MTEXTEND
  0
LWPOLYLINE
  5
39C
330
1F
100
AcDbEntity
  8
0
 62
     5
100
AcDbPolyline
 90
       10
 70
     1
 43
0.0
 10
17590.63973714883
 20
318.0000000999419
 42
0.414213531216028
 10
17587.63973714883
 20
315.000000099942
 10
17587.63973714883
 20
21.00000009994189
 42
0.4142135167544194
 10
17590.63973714883
 20
18.00000009994189
 10
17743.39709646167
 20
18.00000009994189
 42
0.1989123396546125
 10
17745.51841680524
 20
18.87867975639105
 10
17863.7610574924
 20
137.121320443511
 42
0.198912389946147
 10
17864.63973714883
 20
139.2426407870619
 10
17864.63973714883
 20
315.000000099942
 42
0.4142135820294606
 10
17861.63973714883
 20
318.0000000999421
  0
CIRCLE
  5
39D
330
1F
100
AcDbEntity
  8
0
 62
     5
100
AcDbCircle
 10
17829.63973714883
 20
283.0000000999421
 30
0.0
 40
10.0
  0
CIRCLE
  5
39E
330
1F
100
AcDbEntity
  8
0
 62
     5
100
AcDbCircle
 10
17717.63973714883
 20
118.0000000999419
 30
0.0
 40
9.0
  0
CIRCLE
  5
39F
330
1F
100
AcDbEntity
  8
0
 62
     5
100
AcDbCircle
 10
17717.63973714883
 20
198.0000000999418
 30
0.0
 40
9.0
  0
MTEXT
  5
3A0
330
1F
100
AcDbEntity
  8
Texto
 62
     5
100
AcDbMText
 10
17600.32723921077
 20
107.5478834492908
 30
0.0
 40
10.0
 41
122.8748579127441
 71
     1
 72
     5
  1
13652725 pos13
 11
0.0000000000000001
 21
1.0
 31
0.0
 73
     1
 44
1.0
1001
ACAD
1000
MTEXTBEGIN
1070
    73
1070
     1
1070
    44
1040
1.0
1070
    74
1070
     0
1000
MTEXTEND
  0
LWPOLYLINE
  5
3A1
330
1F
100
AcDbEntity
  8
0
 62
     5
100
AcDbPolyline
 90
       12
 70
     1
 43
0.0
 10
17858.67942898521
 20
338.0000000999419
 42
0.4142135773973498
 10
17861.67942898521
 20
341.0000000999492
 10
17861.67942898521
 20
419.5581255567369
 42
0.2278378184031693
 10
17860.55351412788
 20
421.9007319857476
 10
17762.50117094979
 20
500.3426065280285
 42
0.1703036742336499
 10
17760.62708580715
 20
501.0000000999491
 10
17657.92206967234
 20
501.0000000999491
 42
0.1989123129839835
 10
17655.80074932876
 20
500.1213204435182
 10
17642.55810864167
 20
486.8786797563728
 42
0.1989123686642611
 10
17641.67942898521
 20
484.7573594127964
 10
17641.67942898521
 20
341.0000000999492
 42
0.4142135557802594
 10
17644.67942898521
 20
338.0000000999419
  0
MTEXT
  5
3A2
330
1F
100
AcDbEntity
  8
Texto
 62
     5
100
AcDbMText
 10
17702.48231752113
 20
367.9456796891311
 30
0.0
 40
10.0
 41
122.8748579127441
 71
     1
 72
     5
  1
13652725 pos8
 73
     1
 44
1.0
1001
ACAD
1000
MTEXTBEGIN
1070
    73
1070
     1
1070
    44
1040
1.0
1070
    74
1070
     0
1000
MTEXTEND
  0
LWPOLYLINE
  5
3A3
330
1F
100
AcDbEntity
  8
13652725
 62
     5
100
AcDbPolyline
 90
       30
 70
     1
 43
0.0
 10
17752.07339355995
 20
590.0000000999421
 10
17752.07339355995
 20
540.0000000999421
 10
17759.07339355995
 20
540.0000000999421
 42
0.4142135939743074
 10
17762.07339355996
 20
543.000000099942
 10
17762.07339355996
 20
755.0000000999438
 42
0.4142135946881412
 10
17759.07339355995
 20
758.0000000999437
 10
17717.07339355995
 20
758.0000000999437
 10
17717.07339355995
 20
789.0000000999422
 42
0.4142135377521453
 10
17714.07339355995
 20
792.0000000999422
 10
17645.07339355995
 20
792.0000000999422
 42
0.4142135138213123
 10
17642.07339355996
 20
789.0000000999422
 10
17642.07339355996
 20
779.0000000999421
 10
17657.07339355995
 20
779.0000000999421
 10
17657.07339355995
 20
769.0000000999422
 10
17667.07339355995
 20
769.0000000999422
 10
17667.07339355995
 20
757.0000000999422
 10
17677.07339355995
 20
757.0000000999422
 10
17677.07339355995
 20
744.0000000999422
 10
17687.07339355995
 20
744.0000000999422
 10
17687.07339355995
 20
729.0000000999421
 10
17697.07339355995
 20
729.0000000999421
 10
17697.07339355995
 20
712.0000000999421
 10
17707.07339355996
 20
712.0000000999421
 10
17707.07339355996
 20
692.0000000999422
 10
17722.07339355996
 20
692.0000000999422
 10
17722.07339355996
 20
656.0000000999438
 10
17732.07339355995
 20
656.0000000999438
 10
17732.07339355995
 20
627.0000000999438
 10
17742.07339355995
 20
627.0000000999438
 10
17742.07339355995
 20
590.0000000999421
  0
MTEXT
  5
3A4
330
1F
100
AcDbEntity
  8
Texto
 62
     5
100
AcDbMText
 10
17742.72475333599
 20
644.1390289491968
 30
0.0
 40
10.0
 41
122.8748579127441
 71
     1
 72
     5
  1
13652725 pos1
 11
0.0000000000000001
 21
1.0
 31
0.0
 73
     1
 44
1.0
1001
ACAD
1000
MTEXTBEGIN
1070
    73
1070
     1
1070
    44
1040
1.0
1070
    74
1070
     0
1000
MTEXTEND
  0
LWPOLYLINE
  5
3A5
330
1F
100
AcDbEntity
  8
13652725
 62
     5
100
AcDbPolyline
 90
       33
 70
     1
 43
0.0
 10
17612.07339355995
 20
579.0000000999419
 42
0.4142135118217837
 10
17615.07339355995
 20
576.0000000999419
 10
17658.07339355995
 20
576.0000000999419
 10
17658.07339355995
 20
524.0000000999417
 42
0.4142135849290208
 10
17661.07339355995
 20
521.0000000999417
 10
17714.07339355995
 20
521.0000000999417
 42
0.4142135669377546
 10
17717.07339355995
 20
524.0000000999417
 10
17717.07339355995
 20
536.0000000999417
 10
17729.07339355995
 20
536.0000000999417
 42
0.41421356693155
 10
17732.07339355995
 20
539.0000000999418
 10
17732.07339355995
 20
555.0000000999411
 10
17717.07339355995
 20
555.0000000999411
 10
17717.07339355995
 20
565.0000000999418
 10
17707.07339355996
 20
565.0000000999418
 10
17707.07339355996
 20
577.0000000999427
 10
17697.07339355995
 20
577.0000000999427
 10
17697.07339355995
 20
590.0000000999418
 10
17687.07339355995
 20
590.0000000999418
 10
17687.07339355995
 20
605.0000000999419
 10
17677.07339355995
 20
605.0000000999419
 10
17677.07339355995
 20
622.000000099941
 10
17667.07339355995
 20
622.000000099941
 10
17667.07339355995
 20
642.0000000999419
 10
17652.07339355995
 20
642.0000000999419
 10
17652.07339355995
 20
678.0000000999418
 10
17642.07339355996
 20
678.0000000999418
 10
17642.07339355996
 20
707.0000000999418
 10
17632.07339355995
 20
707.0000000999418
 10
17632.07339355995
 20
744.0000000999409
 10
17622.07339355996
 20
744.0000000999409
 10
17622.07339355996
 20
794.0000000999417
 10
17615.07339355995
 20
794.0000000999417
 42
0.4142135454404217
 10
17612.07339355995
 20
791.0000000999417
  0
MTEXT
  5
3A6
330
1F
100
AcDbEntity
  8
Texto
 62
     5
100
AcDbMText
 10
17630.98020995589
 20
693.0904351713527
 30
0.0
 40
10.0
 41
122.8748579127441
 71
     1
 72
     5
  1
13652725 pos3
 11
-0.0000000000000002
 21
-1.0
 31
0.0
 73
     1
 44
1.0
1001
ACAD
1000
MTEXTBEGIN
1070
    73
1070
     1
1070
    44
1040
1.0
1070
    74
1070
     0
1000
MTEXTEND
  0
LWPOLYLINE
  5
3A7
330
1F
100
AcDbEntity
  8
0
 62
     5
100
AcDbPolyline
 90
       30
 70
     1
 43
0.0
 10
17558.36294968506
 20
1433.339720900726
 42
0.4142135461008894
 10
17555.36294968505
 20
1430.339720900726
 10
17555.36294968505
 20
1412.339720900725
 10
17484.36294968506
 20
1412.339720900725
 42
0.4142136124123141
 10
17481.36294968506
 20
1409.339720900725
 10
17481.36294968506
 20
1399.339720900727
 10
17496.36294968506
 20
1399.339720900727
 10
17496.36294968506
 20
1389.339720900727
 10
17506.36294968506
 20
1389.339720900727
 10
17506.36294968506
 20
1377.339720900726
 10
17516.36294968506
 20
1377.339720900726
 10
17516.36294968506
 20
1364.339720900725
 10
17526.36294968506
 20
1364.339720900725
 10
17526.36294968506
 20
1349.339720900727
 10
17536.36294968505
 20
1349.339720900727
 10
17536.36294968505
 20
1332.339720900727
 10
17546.36294968506
 20
1332.339720900727
 10
17546.36294968506
 20
1312.339720900727
 10
17561.36294968506
 20
1312.339720900727
 10
17561.36294968506
 20
1276.339720900727
 10
17571.36294968506
 20
1276.339720900727
 10
17571.36294968506
 20
1247.339720900727
 10
17581.36294968506
 20
1247.339720900727
 10
17581.36294968506
 20
1210.339720900727
 10
17591.36294968506
 20
1210.339720900727
 10
17591.36294968506
 20
1160.339720900727
 10
17598.36294968506
 20
1160.339720900727
 42
0.4142135143884678
 10
17601.36294968505
 20
1163.339720900727
 10
17601.36294968505
 20
1430.339720900726
 42
0.4142135601007881
 10
17598.36294968506
 20
1433.339720900726
  0
MTEXT
  5
3A8
330
1F
100
AcDbEntity
  8
Texto
 62
     5
100
AcDbMText
 10
17577.32862176079
 20
1293.861633379219
 30
0.0
 40
10.0
 41
122.8748579127441
 71
     1
 72
     5
  1
13652725 pos2
 11
0.0000000000000001
 21
1.0
 31
0.0
 73
     1
 44
1.0
1001
ACAD
1000
MTEXTBEGIN
1070
    73
1070
     1
1070
    44
1040
1.0
1070
    74
1070
     0
1000
MTEXTEND
  0
LWPOLYLINE
  5
3A9
330
1F
100
AcDbEntity
  8
13652725
 62
     5
100
AcDbPolyline
 90
       29
 70
     1
 43
0.0
 10
17589.07339355995
 20
432.9927579263763
 42
0.414213563288843
 10
17592.07339355995
 20
435.9927579263763
 10
17592.07339355995
 20
797.9927579263761
 42
0.4142135420752932
 10
17589.07339355995
 20
800.9927579263761
 10
17395.07339355995
 20
800.9927579263761
 42
0.4142135659816441
 10
17392.07339355996
 20
797.9927579263761
 10
17392.07339355996
 20
766.9927579263761
 10
17407.07339355996
 20
766.9927579263761
 10
17407.07339355996
 20
756.9927579263762
 10
17417.07339355995
 20
756.9927579263762
 10
17417.07339355995
 20
744.9927579263762
 10
17427.07339355996
 20
744.9927579263762
 10
17427.07339355996
 20
731.9927579263762
 10
17437.07339355995
 20
731.9927579263762
 10
17437.07339355995
 20
716.9927579263761
 10
17447.07339355995
 20
716.9927579263761
 10
17447.07339355995
 20
699.9927579263761
 10
17457.07339355996
 20
699.9927579263761
 10
17457.07339355996
 20
679.9927579263761
 10
17472.07339355996
 20
679.9927579263761
 10
17472.07339355996
 20
643.9927579263761
 10
17482.07339355996
 20
643.9927579263761
 10
17482.07339355996
 20
614.9927579263761
 10
17492.07339355996
 20
614.9927579263761
 10
17492.07339355996
 20
577.9927579263762
 10
17502.07339355996
 20
577.9927579263762
 10
17502.07339355996
 20
527.9927579263762
 10
17512.07339355995
 20
527.9927579263762
 10
17512.07339355995
 20
432.9927579263763
  0
MTEXT
  5
3AA
330
1F
100
AcDbEntity
  8
Texto
 62
     5
100
AcDbMText
 10
17555.19468449144
 20
560.0941382233353
 30
0.0
 40
10.0
 41
122.8748579127441
 71
     1
 72
     5
  1
13652725 pos16
 11
0.0000000000000001
 21
1.0
 31
0.0
 73
     1
 44
1.0
1001
ACAD
1000
MTEXTBEGIN
1070
    73
1070
     1
1070
    44
1040
1.0
1070
    74
1070
     0
1000
MTEXTEND
  0
LWPOLYLINE
  5
3AB
330
1F
100
AcDbEntity
  8
DT-20900-004-095
 62
     5
100
AcDbPolyline
 90
       31
 70
     1
 43
0.0
 10
17547.63973714883
 20
274.000000099942
 10
17547.63973714883
 20
248.0800000999327
 10
17537.63973714883
 20
248.0800000999327
 10
17537.63973714883
 20
226.4200000999328
 10
17527.63973714884
 20
226.4200000999328
 10
17527.63973714884
 20
207.5200000999332
 10
17507.63973714883
 20
207.5200000999332
 10
17507.63973714883
 20
176.2000000999226
 10
17487.63973714883
 20
176.2000000999226
 10
17487.63973714883
 20
150.2800000999425
 10
17467.63973714883
 20
150.2800000999425
 10
17467.63973714883
 20
128.6800000999421
 10
17447.63973714883
 20
128.6800000999421
 10
17447.63973714883
 20
109.7800000999425
 10
17427.63973714883
 20
109.7800000999425
 10
17427.63973714883
 20
93.58000009993265
 10
17407.63973714883
 20
93.58000009993265
 10
17407.63973714883
 20
79.5400000999227
 10
17387.63973714883
 20
79.5400000999227
 10
17387.63973714883
 20
67.12000009994262
 10
17367.63973714883
 20
67.12000009994262
 10
17367.63973714883
 20
56.32000009995246
 10
17347.63973714883
 20
56.32000009995246
 10
17347.63973714883
 20
21.00000009994184
 42
0.4142135968339313
 10
17350.63973714883
 20
18.00000009994181
 10
17564.63973714883
 20
18.00000009994188
 42
0.4142135497975063
 10
17567.63973714883
 20
21.00000009994188
 10
17567.63973714883
 20
306.1000000999532
 42
0.414213560909649
 10
17564.63973714883
 20
309.1000000999532
 10
17557.63973714884
 20
309.1000000999532
 10
17557.63973714884
 20
274.000000099942
  0
CIRCLE
  5
3AC
330
1F
100
AcDbEntity
  8
DT-20900-004-095
 62
     5
100
AcDbCircle
 10
17517.63973714883
 20
58.00000009994189
 30
0.0
 40
9.0
  0
MTEXT
  5
3AD
102
{ACAD_XDICTIONARY
360
B90
102
}
330
1F
100
AcDbEntity
  8
Texto
 62
     5
100
AcDbMText
 10
17526.56899015332
 20
191.6920595110035
 30
0.0
 40
10.0
 41
113.848753321372
 71
     3
 72
     5
  1
DT-20900-004-095 POS.8
 11
0.0000000000000001
 21
1.0
 31
0.0
 73
     1
 44
1.0
1001
ACAD
1000
MTEXTBEGIN
1070
    73
1070
     1
1070
    44
1040
1.0
1070
    74
1070
     0
1000
MTEXTEND
  0
LWPOLYLINE
  5
3AE
330
1F
100
AcDbEntity
  8
DT-20900-004-095
 62
     5
100
AcDbPolyline
 90
       31
 70
     1
 43
0.0
 10
17421.67942898521
 20
156.9927579263763
 10
17421.67942898521
 20
182.9127579263673
 10
17431.67942898521
 20
182.9127579263673
 10
17431.67942898521
 20
204.5727579263671
 10
17441.67942898523
 20
204.5727579263671
 10
17441.67942898523
 20
223.4727579263668
 10
17461.67942898521
 20
223.4727579263668
 10
17461.67942898521
 20
254.7927579263665
 10
17481.67942898521
 20
254.7927579263665
 10
17481.67942898521
 20
280.7127579263775
 10
17501.67942898521
 20
280.7127579263775
 10
17501.67942898521
 20
302.3127579263579
 10
17521.67942898523
 20
302.3127579263579
 10
17521.67942898523
 20
321.2127579263775
 10
17541.67942898521
 20
321.2127579263775
 10
17541.67942898521
 20
337.4127579263674
 10
17561.67942898521
 20
337.4127579263674
 10
17561.67942898521
 20
351.4527579263664
 10
17581.67942898521
 20
351.4527579263664
 10
17581.67942898521
 20
363.8727579263865
 10
17601.67942898523
 20
363.8727579263865
 10
17601.67942898523
 20
374.6727579263767
 10
17621.67942898521
 20
374.6727579263767
 10
17621.67942898521
 20
409.9927579263763
 42
0.4142135224466518
 10
17618.67942898521
 20
412.9927579263763
 10
17404.67942898521
 20
412.9927579263763
 42
0.4142135390044425
 10
17401.67942898521
 20
409.9927579263763
 10
17401.67942898521
 20
124.8927579263777
 42
0.4142135558276827
 10
17404.67942898521
 20
121.8927579263777
 10
17411.67942898521
 20
121.8927579263777
 10
17411.67942898521
 20
156.9927579263763
  0
CIRCLE
  5
3AF
330
1F
100
AcDbEntity
  8
DT-20900-004-095
 62
     5
100
AcDbCircle
 10
17451.67942898521
 20
372.9927579263763
 30
0.0
 40
9.0
  0
MTEXT
  5
3B0
102
{ACAD_XDICTIONARY
360
B92
102
}
330
1F
100
AcDbEntity
  8
Texto
 62
     5
100
AcDbMText
 10
17442.75017598073
 20
239.3006985152965
 30
0.0
 40
10.0
 41
113.848753321372
 71
     3
 72
     5
  1
DT-20900-004-095 POS.8
 11
-0.0000000000000002
 21
-1.0
 31
0.0
 73
     1
 44
1.0
1001
ACAD
1000
MTEXTBEGIN
1070
    73
1070
     1
1070
    44
1040
1.0
1070
    74
1070
     0
1000
MTEXTEND
  0
LWPOLYLINE
  5
3B1
330
1F
100
AcDbEntity
  8
DT-20900-004-095
 62
     5
100
AcDbPolyline
 90
       31
 70
     1
 43
0.0
 10
17448.615611432
 20
841.0143872675826
 10
17422.69561143201
 20
841.0143872675826
 10
17422.69561143201
 20
851.0143872675826
 10
17401.03561143201
 20
851.0143872675826
 10
17401.03561143201
 20
861.0143872675825
 10
17382.13561143202
 20
861.0143872675825
 10
17382.13561143202
 20
881.0143872675826
 10
17350.81561143201
 20
881.0143872675826
 10
17350.81561143201
 20
901.0143872675826
 10
17324.89561143203
 20
901.0143872675826
 10
17324.89561143203
 20
921.0143872675827
 10
17303.29561143202
 20
921.0143872675827
 10
17303.29561143202
 20
941.0143872675826
 10
17284.39561143203
 20
941.0143872675826
 10
17284.39561143203
 20
961.0143872675825
 10
17268.19561143202
 20
961.0143872675825
 10
17268.19561143202
 20
981.0143872675826
 10
17254.15561143201
 20
981.0143872675826
 10
17254.15561143201
 20
1001.014387267582
 10
17241.73561143202
 20
1001.014387267582
 10
17241.73561143202
 20
1021.014387267582
 10
17230.93561143201
 20
1021.014387267582
 10
17230.93561143201
 20
1041.014387267582
 10
17195.615611432
 20
1041.014387267582
 42
0.4142135354006113
 10
17192.615611432
 20
1038.014387267582
 10
17192.615611432
 20
824.0143872675826
 42
0.4142135374664587
 10
17195.615611432
 20
821.0143872675825
 10
17480.715611432
 20
821.0143872675825
 42
0.4142135163808816
 10
17483.715611432
 20
824.0143872675826
 10
17483.715611432
 20
831.0143872675826
 10
17448.615611432
 20
831.0143872675826
  0
CIRCLE
  5
3B2
330
1F
100
AcDbEntity
  8
DT-20900-004-095
 62
     5
100
AcDbCircle
 10
17232.615611432
 20
871.0143872675827
 30
0.0
 40
9.0
  0
MTEXT
  5
3B3
102
{ACAD_XDICTIONARY
360
B94
102
}
330
1F
100
AcDbEntity
  8
Texto
 62
     5
100
AcDbMText
 10
17366.30767084308
 20
862.085134263091
 30
0.0
 40
10.0
 41
113.848753321372
 71
     3
 72
     5
  1
DT-20900-004-095 POS.8
 73
     1
 44
1.0
1001
ACAD
1000
MTEXTBEGIN
1070
    73
1070
     1
1070
    44
1040
1.0
1070
    74
1070
     0
1000
MTEXTEND
  0
LWPOLYLINE
  5
3B4
330
1F
100
AcDbEntity
  8
0
 62
     5
100
AcDbPolyline
 90
       27
 70
     1
 43
0.0
 10
17380.00919943219
 20
701.0000000999419
 10
17380.00919943219
 20
751.0000000999418
 10
17351.00919943219
 20
751.0000000999418
 42
0.414213576358721
 10
17348.00919943219
 20
748.0000000999417
 10
17348.00919943219
 20
481.0000000999401
 42
0.414213577228079
 10
17351.00919943219
 20
478.0000000999401
 10
17487.00919943219
 20
478.0000000999401
 42
0.4142135421384209
 10
17490.00919943219
 20
481.0000000999401
 10
17490.00919943219
 20
512.000000099942
 10
17475.00919943219
 20
512.000000099942
 10
17475.00919943219
 20
522.0000000999418
 10
17465.00919943219
 20
522.0000000999418
 10
17465.00919943219
 20
534.0000000999417
 10
17455.00919943219
 20
534.0000000999417
 10
17455.00919943219
 20
547.0000000999418
 10
17445.00919943219
 20
547.0000000999418
 10
17445.00919943219
 20
562.00000009994
 10
17435.00919943219
 20
562.00000009994
 10
17435.00919943219
 20
579.0000000999419
 10
17425.00919943219
 20
579.0000000999419
 10
17425.00919943219
 20
599.0000000999418
 10
17410.00919943219
 20
599.0000000999418
 10
17410.00919943219
 20
635.0000000999401
 10
17400.00919943219
 20
635.0000000999401
 10
17400.00919943219
 20
664.00000009994
 10
17390.00919943219
 20
664.00000009994
 10
17390.00919943219
 20
701.0000000999419
  0
MTEXT
  5
3B5
330
1F
100
AcDbEntity
  8
Texto
 62
     5
100
AcDbMText
 10
17391.48125828811
 20
615.3181133369209
 30
0.0
 40
10.0
 41
122.8748579127441
 71
     1
 72
     5
  1
13652725 pos4
 11
-0.0000000000000002
 21
-1.0
 31
0.0
 73
     1
 44
1.0
1001
ACAD
1000
MTEXTBEGIN
1070
    73
1070
     1
1070
    44
1040
1.0
1070
    74
1070
     0
1000
MTEXTEND
  0
LWPOLYLINE
  5
3B6
330
1F
100
AcDbEntity
  8
DT-20900-004-095
 62
     5
100
AcDbPolyline
 90
       31
 70
     1
 43
0.0
 10
17197.20899353997
 20
1586.000000099942
 10
17197.20899353997
 20
1611.920000099951
 10
17207.20899353996
 20
1611.920000099951
 10
17207.20899353996
 20
1633.580000099951
 10
17217.20899353996
 20
1633.580000099951
 10
17217.20899353996
 20
1652.480000099951
 10
17237.20899353996
 20
1652.480000099951
 10
17237.20899353996
 20
1683.800000099962
 10
17257.20899353996
 20
1683.800000099962
 10
17257.20899353996
 20
1709.720000099941
 10
17277.20899353997
 20
1709.720000099941
 10
17277.20899353997
 20
1731.320000099942
 10
17297.20899353996
 20
1731.320000099942
 10
17297.20899353996
 20
1750.220000099941
 10
17317.20899353996
 20
1750.220000099941
 10
17317.20899353996
 20
1766.420000099951
 10
17337.20899353996
 20
1766.420000099951
 10
17337.20899353996
 20
1780.460000099961
 10
17357.20899353997
 20
1780.460000099961
 10
17357.20899353997
 20
1792.880000099941
 10
17377.20899353996
 20
1792.880000099941
 10
17377.20899353996
 20
1803.680000099932
 10
17397.20899353996
 20
1803.680000099932
 10
17397.20899353996
 20
1839.000000099942
 42
0.41421359635399
 10
17394.20899353997
 20
1842.000000099942
 10
17180.20899353996
 20
1842.000000099942
 42
0.4142135312288701
 10
17177.20899353996
 20
1839.000000099942
 10
17177.20899353996
 20
1553.900000099931
 42
0.4142135536073251
 10
17180.20899353996
 20
1550.900000099931
 10
17187.20899353996
 20
1550.900000099931
 10
17187.20899353996
 20
1586.000000099942
  0
CIRCLE
  5
3B7
330
1F
100
AcDbEntity
  8
DT-20900-004-095
 62
     5
100
AcDbCircle
 10
17227.20899353997
 20
1802.000000099942
 30
0.0
 40
9.0
  0
MTEXT
  5
3B8
102
{ACAD_XDICTIONARY
360
B96
102
}
330
1F
100
AcDbEntity
  8
Texto
 62
     5
100
AcDbMText
 10
17218.27974053547
 20
1668.30794068888
 30
0.0
 40
10.0
 41
113.848753321372
 71
     3
 72
     5
  1
DT-20900-004-095 POS.8
 11
-0.0000000000000002
 21
-1.0
 31
0.0
 73
     1
 44
1.0
1001
ACAD
1000
MTEXTBEGIN
1070
    73
1070
     1
1070
    44
1040
1.0
1070
    74
1070
     0
1000
MTEXTEND
  0
LWPOLYLINE
  5
3B9
330
1F
100
AcDbEntity
  8
0
 62
     5
100
AcDbPolyline
 90
       10
 70
     1
 43
0.0
 10
17107.67942898521
 20
318.0000000999419
 42
0.4142135683622585
 10
17104.6794289852
 20
315.0000000999419
 10
17104.6794289852
 20
21.00000009994094
 42
0.4142135533593235
 10
17107.67942898521
 20
18.00000009994094
 10
17260.43678829805
 20
18.00000009994095
 42
0.1989123985194731
 10
17262.55810864162
 20
18.87867975636464
 10
17380.80074932879
 20
137.1213204434901
 42
0.1989123967131098
 10
17381.67942898521
 20
139.2426407870664
 10
17381.67942898521
 20
315.000000099942
 42
0.4142135529126045
 10
17378.67942898521
 20
318.0000000999421
  0
CIRCLE
  5
3BA
330
1F
100
AcDbEntity
  8
0
 62
     5
100
AcDbCircle
 10
17346.67942898521
 20
283.0000000999421
 30
0.0
 40
10.0
  0
CIRCLE
  5
3BB
330
1F
100
AcDbEntity
  8
0
 62
     5
100
AcDbCircle
 10
17234.67942898521
 20
118.0000000999419
 30
0.0
 40
9.0
  0
CIRCLE
  5
3BC
330
1F
100
AcDbEntity
  8
0
 62
     5
100
AcDbCircle
 10
17234.67942898521
 20
198.0000000999427
 30
0.0
 40
9.0
  0
MTEXT
  5
3BD
330
1F
100
AcDbEntity
  8
Texto
 62
     5
100
AcDbMText
 10
17117.36693104715
 20
107.5478834492953
 30
0.0
 40
10.0
 41
122.8748579127441
 71
     1
 72
     5
  1
13652725 pos13
 11
0.0000000000000001
 21
1.0
 31
0.0
 73
     1
 44
1.0
1001
ACAD
1000
MTEXTBEGIN
1070
    73
1070
     1
1070
    44
1040
1.0
1070
    74
1070
     0
1000
MTEXTEND
  0
LWPOLYLINE
  5
3BE
330
1F
100
AcDbEntity
  8
13652725
 62
     5
100
AcDbPolyline
 90
       30
 70
     1
 43
0.0
 10
17179.67942898521
 20
348.0000000999421
 10
17129.67942898521
 20
348.0000000999421
 10
17129.67942898521
 20
341.0000000999422
 42
0.4142135776799009
 10
17132.67942898521
 20
338.0000000999494
 10
17344.67942898521
 20
338.0000000999495
 42
0.4142135578679504
 10
17347.67942898521
 20
341.0000000999422
 10
17347.67942898521
 20
383.0000000999423
 10
17378.67942898521
 20
383.0000000999423
 42
0.4142135721213704
 10
17381.67942898521
 20
386.0000000999423
 10
17381.67942898521
 20
455.0000000999422
 42
0.4142135611988708
 10
17378.67942898521
 20
458.0000000999422
 10
17368.67942898521
 20
458.0000000999422
 10
17368.67942898521
 20
443.0000000999422
 10
17358.67942898522
 20
443.0000000999422
 10
17358.67942898522
 20
433.0000000999494
 10
17346.67942898521
 20
433.0000000999494
 10
17346.67942898521
 20
423.0000000999495
 10
17333.67942898521
 20
423.0000000999495
 10
17333.67942898521
 20
413.0000000999422
 10
17318.67942898521
 20
413.0000000999421
 10
17318.67942898521
 20
403.0000000999494
 10
17301.67942898521
 20
403.0000000999494
 10
17301.67942898521
 20
393.0000000999494
 10
17281.67942898521
 20
393.0000000999494
 10
17281.67942898521
 20
378.0000000999422
 10
17245.67942898521
 20
378.0000000999422
 10
17245.67942898521
 20
368.0000000999494
 10
17216.67942898521
 20
368.0000000999494
 10
17216.67942898521
 20
358.0000000999494
 10
17179.67942898521
 20
358.0000000999494
  0
MTEXT
  5
3BF
330
1F
100
AcDbEntity
  8
Texto
 62
     5
100
AcDbMText
 10
17233.81845783446
 20
357.3486403239145
 30
0.0
 40
10.0
 41
122.8748579127441
 71
     1
 72
     5
  1
13652725 pos1
 73
     1
 44
1.0
1001
ACAD
1000
MTEXTBEGIN
1070
    73
1070
     1
1070
    44
1040
1.0
1070
    74
1070
     0
1000
MTEXTEND
  0
LWPOLYLINE
  5
3C0
330
1F
100
AcDbEntity
  8
0
 62
     5
100
AcDbPolyline
 90
       27
 70
     1
 43
0.0
 10
17296.00919943219
 20
578.0143872675824
 10
17296.00919943219
 20
528.0143872675844
 10
17325.0091994322
 20
528.0143872675844
 42
0.4142135549589394
 10
17328.0091994322
 20
531.0143872675844
 10
17328.0091994322
 20
798.0143872675825
 42
0.4142135364426754
 10
17325.0091994322
 20
801.0143872675826
 10
17189.00919943219
 20
801.0143872675826
 42
0.4142135900282485
 10
17186.00919943219
 20
798.0143872675825
 10
17186.00919943219
 20
767.0143872675826
 10
17201.00919943219
 20
767.0143872675826
 10
17201.00919943219
 20
757.0143872675826
 10
17211.00919943219
 20
757.0143872675826
 10
17211.00919943219
 20
745.0143872675844
 10
17221.0091994322
 20
745.0143872675844
 10
17221.0091994322
 20
732.0143872675807
 10
17231.00919943219
 20
732.0143872675807
 10
17231.00919943219
 20
717.0143872675843
 10
17241.0091994322
 20
717.0143872675843
 10
17241.0091994322
 20
700.0143872675806
 10
17251.0091994322
 20
700.0143872675806
 10
17251.0091994322
 20
680.0143872675825
 10
17266.00919943219
 20
680.0143872675825
 10
17266.00919943219
 20
644.0143872675824
 10
17276.00919943219
 20
644.0143872675824
 10
17276.00919943219
 20
615.0143872675824
 10
17286.0091994322
 20
615.0143872675824
 10
17286.0091994322
 20
578.0143872675824
  0
MTEXT
  5
3C1
330
1F
100
AcDbEntity
  8
Texto
 62
     5
100
AcDbMText
 10
17284.53714057533
 20
663.6962740306034
 30
0.0
 40
10.0
 41
122.8748579127441
 71
     1
 72
     5
  1
13652725 pos4
 11
0.0000000000000001
 21
1.0
 31
0.0
 73
     1
 44
1.0
1001
ACAD
1000
MTEXTBEGIN
1070
    73
1070
     1
1070
    44
1040
1.0
1070
    74
1070
     0
1000
MTEXTEND
  0
LWPOLYLINE
  5
3C2
330
1F
100
AcDbEntity
  8
0
 62
     5
100
AcDbPolyline
 90
       30
 70
     1
 43
0.0
 10
17254.40115116581
 20
423.0740832091355
 42
0.4142135549632849
 10
17257.40115116582
 20
426.0740832091356
 10
17257.40115116582
 20
444.0740832091337
 10
17328.4011511658
 20
444.0740832091337
 42
0.414213568208832
 10
17331.4011511658
 20
447.0740832091337
 10
17331.4011511658
 20
457.0740832091356
 10
17316.4011511658
 20
457.0740832091356
 10
17316.4011511658
 20
467.0740832091356
 10
17306.40115116582
 20
467.0740832091356
 10
17306.40115116582
 20
479.0740832091356
 10
17296.40115116581
 20
479.0740832091356
 10
17296.40115116581
 20
492.0740832091356
 10
17286.4011511658
 20
492.0740832091356
 10
17286.4011511658
 20
507.0740832091356
 10
17276.40115116582
 20
507.0740832091356
 10
17276.40115116582
 20
524.0740832091353
 10
17266.4011511658
 20
524.0740832091353
 10
17266.4011511658
 20
544.0740832091353
 10
17251.40115116581
 20
544.0740832091353
 10
17251.40115116581
 20
580.0740832091353
 10
17241.40115116582
 20
580.0740832091353
 10
17241.40115116582
 20
609.0740832091353
 10
17231.40115116581
 20
609.0740832091353
 10
17231.40115116581
 20
646.0740832091353
 10
17221.4011511658
 20
646.0740832091353
 10
17221.4011511658
 20
696.0740832091354
 10
17214.40115116581
 20
696.0740832091354
 42
0.4142135852458967
 10
17211.40115116582
 20
693.0740832091354
 10
17211.40115116582
 20
426.0740832091356
 42
0.4142135992394931
 10
17214.40115116581
 20
423.0740832091355
  0
MTEXT
  5
3C3
330
1F
100
AcDbEntity
  8
Texto
 62
     5
100
AcDbMText
 10
17235.43547909006
 20
562.5521707306428
 30
0.0
 40
10.0
 41
122.8748579127441
 71
     1
 72
     5
  1
13652725 pos2
 11
-0.0000000000000002
 21
-1.0
 31
0.0
 73
     1
 44
1.0
1001
ACAD
1000
MTEXTBEGIN
1070
    73
1070
     1
1070
    44
1040
1.0
1070
    74
1070
     0
1000
MTEXTEND
  0
LWPOLYLINE
  5
3C4
330
1F
100
AcDbEntity
  8
DT-20900-004-095
 62
     5
100
AcDbPolyline
 90
       12
 70
     1
 43
0.0
 10
17191.01588049406
 20
708.4819866019497
 10
17167.62349067534
 20
750.0684735737222
 42
0.4142135842417527
 10
17163.53798053528
 20
751.2124171455458
 10
16932.1346537851
 20
621.048096500639
 42
0.4142135593333541
 10
16930.9907102133
 20
616.9625863605688
 10
17063.73250959019
 20
380.9770734148643
 42
0.1989123588270077
 10
17065.53834618921
 20
379.5589647743434
 10
17085.61541552869
 20
373.9373817591101
 42
0.1989123680740974
 10
17087.89508906974
 20
374.2115468278478
 10
17189.87189155735
 20
431.5734759053404
 42
0.2709549594700831
 10
17191.4011082732
 20
434.1882022624496
 10
17191.40115363812
 20
707.0112028190238
 42
0.1288027120525545
  0
MTEXT
  5
3C5
330
1F
100
AcDbEntity
  8
Texto
 62
     5
100
AcDbMText
 10
17134.55519345034
 20
615.9285977625211
 30
0.0
 40
10.0
 41
113.848753321372
 71
     1
 72
     5
  1
DT-20900-004-095 \P{\W9.834118; }POS.1
 11
-0.8715756186443071
 21
-0.490261094708517
 31
0.0
 73
     1
 44
1.0
1001
ACAD
1000
MTEXTBEGIN
1070
    73
1070
     1
1070
    44
1040
1.0
1070
    74
1070
     0
1000
MTEXTEND
  0
LWPOLYLINE
  5
3C6
330
1F
100
AcDbEntity
  8
DT-20900-004-095
 62
     5
100
AcDbPolyline
 90
       12
 70
     1
 43
0.0
 10
17172.23037546588
 20
1103.139518673249
 10
17148.83800293281
 20
1144.726015368191
 42
0.4142135506966914
 10
17144.75249326823
 20
1145.869960638179
 10
16913.34911241457
 20
1015.705736177325
 42
0.4142135928750469
 10
16912.2051671446
 20
1011.620226512742
 10
17044.94686843284
 20
775.6346583922123
 42
0.1989124148448907
 10
17046.75270444239
 20
774.2165490010706
 10
17066.82977144526
 20
768.594957640716
 42
0.198912391196644
 10
17069.10944510026
 20
768.8691217618898
 10
17171.08627143064
 20
826.2310084521594
 42
0.2709549372502517
 10
17172.61548923333
 20
828.8457341736499
 10
17172.61564799857
 20
1101.668734730167
 42
0.1288025923067187
  0
MTEXT
  5
3C7
330
1F
100
AcDbEntity
  8
Texto
 62
     5
100
AcDbMText
 10
17115.76964995185
 20
1010.586153302018
 30
0.0
 40
10.0
 41
113.848753321372
 71
     1
 72
     5
  1
DT-20900-004-095 \P{\W9.834118; }POS.1
 11
-0.8715758224243346
 21
-0.4902607324325953
 31
0.0
 73
     1
 44
1.0
1001
ACAD
1000
MTEXTBEGIN
1070
    73
1070
     1
1070
    44
1040
1.0
1070
    74
1070
     0
1000
MTEXTEND
  0
LWPOLYLINE
  5
3C8
330
1F
100
AcDbEntity
  8
DT-20900-004-095
 62
     5
100
AcDbPolyline
 90
       31
 70
     1
 43
0.0
 10
16901.20899353997
 20
1822.000000099943
 10
16927.12899353996
 20
1822.000000099897
 10
16927.12899353994
 20
1812.000000099897
 10
16948.78899353994
 20
1812.00000009986
 10
16948.78899353992
 20
1802.000000099845
 10
16967.68899353991
 20
1802.000000099812
 10
16967.68899353988
 20
1782.000000099826
 10
16999.00899353989
 20
1782.000000099772
 10
16999.00899353985
 20
1762.000000099772
 10
17024.92899353983
 20
1762.000000099726
 10
17024.9289935398
 20
1742.000000099726
 10
17046.52899353981
 20
1742.000000099689
 10
17046.52899353977
 20
1722.000000099674
 10
17065.42899353976
 20
1722.000000099641
 10
17065.42899353973
 20
1702.000000099656
 10
17081.62899353975
 20
1702.000000099627
 10
17081.62899353971
 20
1682.000000099627
 10
17095.66899353971
 20
1682.000000099603
 10
17095.66899353968
 20
1662.000000099603
 10
17108.08899353966
 20
1662.000000099581
 10
17108.08899353963
 20
1642.000000099567
 10
17118.88899353964
 20
1642.000000099548
 10
17118.8889935396
 20
1622.000000099562
 10
17154.20899353962
 20
1622.000000099501
 42
0.4142135546457819
 10
17157.20899353962
 20
1625.000000099495
 10
17157.20899354
 20
1839.000000099496
 42
0.4142135712039078
 10
17154.20899354
 20
1842.000000099501
 10
16869.10899354
 20
1842.000000099998
 42
0.4142135501181279
 10
16866.10899354
 20
1839.000000100003
 10
16866.10899353999
 20
1832.000000100003
 10
16901.20899353998
 20
1832.000000099942
  0
CIRCLE
  5
3C9
330
1F
100
AcDbEntity
  8
DT-20900-004-095
 62
     5
100
AcDbCircle
 10
17117.20899353991
 20
1792.000000099565
 30
0.0
 40
9.0
  0
MTEXT
  5
3CA
102
{ACAD_XDICTIONARY
360
B98
102
}
330
1F
100
AcDbEntity
  8
Texto
 62
     5
100
AcDbMText
 10
16983.51693412885
 20
1800.929253104283
 30
0.0
 40
10.0
 41
113.848753321372
 71
     3
 72
     5
  1
DT-20900-004-095 POS.8
 11
-1.0
 21
0.0000000000018191
 31
0.0
 73
     1
 44
1.0
1001
ACAD
1000
MTEXTBEGIN
1070
    73
1070
     1
1070
    44
1040
1.0
1070
    74
1070
     0
1000
MTEXTEND
  0
LWPOLYLINE
  5
3CB
330
1F
100
AcDbEntity
  8
DT-20900-004-095
 62
     5
100
AcDbPolyline
 90
       12
 70
     1
 43
0.0
 10
16905.35024201212
 20
1092.340049099942
 10
16928.74263183085
 20
1050.753562128157
 42
0.4142135659293156
 10
16932.8281419709
 20
1049.609618556359
 10
17164.23146872108
 20
1179.773939201266
 42
0.4142135471699972
 10
17165.3754122929
 20
1183.85944934131
 10
17032.63361291599
 20
1419.844962287028
 42
0.1989123373062056
 10
17030.827776317
 20
1421.26307092757
 10
17010.75070697749
 20
1426.884653942777
 42
0.1989124065031168
 10
17008.47103343647
 20
1426.610488874059
 10
16906.49423094885
 20
1369.248559796562
 42
0.2709550129518065
 10
16904.96501423299
 20
1366.633833439431
 10
16904.9649688681
 20
1093.810832882876
 42
0.1288026488297112
  0
MTEXT
  5
3CC
330
1F
100
AcDbEntity
  8
Texto
 62
     5
100
AcDbMText
 10
16961.81092905585
 20
1184.893437939365
 30
0.0
 40
10.0
 41
113.848753321372
 71
     1
 72
     5
  1
DT-20900-004-095 \P{\W9.834118; }POS.1
 11
0.8715756186442584
 21
0.4902610947086036
 31
0.0
 73
     1
 44
1.0
1001
ACAD
1000
MTEXTBEGIN
1070
    73
1070
     1
1070
    44
1040
1.0
1070
    74
1070
     0
1000
MTEXTEND
  0
LWPOLYLINE
  5
3CD
330
1F
100
AcDbEntity
  8
0
 62
     5
100
AcDbPolyline
 90
       30
 70
     1
 43
0.0
 10
17100.4689547981
 20
1562.000000099942
 42
0.4142135121789614
 10
17097.4689547981
 20
1559.000000099944
 10
17097.4689547981
 20
1541.000000099944
 10
17026.4689547981
 20
1541.000000099944
 42
0.4142135692208725
 10
17023.46895479808
 20
1538.000000099944
 10
17023.46895479808
 20
1528.000000099944
 10
17038.4689547981
 20
1528.000000099944
 10
17038.4689547981
 20
1518.000000099944
 10
17048.4689547981
 20
1518.000000099944
 10
17048.4689547981
 20
1506.000000099944
 10
17058.46895479808
 20
1506.000000099944
 10
17058.46895479808
 20
1493.000000099944
 10
17068.4689547981
 20
1493.000000099944
 10
17068.4689547981
 20
1478.000000099944
 10
17078.4689547981
 20
1478.000000099944
 10
17078.4689547981
 20
1461.000000099944
 10
17088.46895479808
 20
1461.000000099944
 10
17088.46895479808
 20
1441.000000099944
 10
17103.4689547981
 20
1441.000000099944
 10
17103.4689547981
 20
1405.000000099944
 10
17113.4689547981
 20
1405.000000099944
 10
17113.4689547981
 20
1376.000000099942
 10
17123.4689547981
 20
1376.000000099942
 10
17123.4689547981
 20
1339.000000099944
 10
17133.4689547981
 20
1339.000000099944
 10
17133.4689547981
 20
1289.000000099944
 10
17140.4689547981
 20
1289.000000099944
 42
0.4142135879496142
 10
17143.4689547981
 20
1292.000000099944
 10
17143.4689547981
 20
1559.000000099944
 42
0.414213614728442
 10
17140.4689547981
 20
1562.000000099942
  0
MTEXT
  5
3CE
330
1F
100
AcDbEntity
  8
Texto
 62
     5
100
AcDbMText
 10
17119.43462687291
 20
1422.521912578438
 30
0.0
 40
10.0
 41
122.8748579127441
 71
     1
 72
     5
  1
13652725 pos2
 11
0.0000000000000001
 21
1.0
 31
0.0
 73
     1
 44
1.0
1001
ACAD
1000
MTEXTBEGIN
1070
    73
1070
     1
1070
    44
1040
1.0
1070
    74
1070
     0
1000
MTEXTEND
  0
LWPOLYLINE
  5
3CF
330
1F
100
AcDbEntity
  8
DT-20900-004-095
 62
     5
100
AcDbPolyline
 90
       31
 70
     1
 43
0.0
 10
17064.67942898521
 20
274.0000000999419
 10
17064.67942898521
 20
248.0800000999509
 10
17054.67942898522
 20
248.0800000999509
 10
17054.67942898522
 20
226.420000099951
 10
17044.67942898521
 20
226.420000099951
 10
17044.67942898521
 20
207.5200000999514
 10
17024.67942898522
 20
207.5200000999514
 10
17024.67942898522
 20
176.2000000999517
 10
17004.67942898521
 20
176.2000000999517
 10
17004.67942898521
 20
150.2800000999407
 10
16984.67942898521
 20
150.2800000999407
 10
16984.67942898521
 20
128.6800000999603
 10
16964.67942898521
 20
128.6800000999603
 10
16964.67942898521
 20
109.7800000999406
 10
16944.67942898522
 20
109.7800000999406
 10
16944.67942898522
 20
93.5800000999508
 10
16924.67942898521
 20
93.5800000999508
 10
16924.67942898521
 20
79.54000009995178
 10
16904.67942898521
 20
79.54000009995178
 10
16904.67942898521
 20
67.12000009993168
 10
16884.67942898521
 20
67.12000009993168
 10
16884.67942898521
 20
56.32000009994152
 10
16864.67942898522
 20
56.32000009994152
 10
16864.67942898522
 20
21.00000009994181
 42
0.4142135934996042
 10
16867.67942898521
 20
18.00000009994178
 10
17081.67942898522
 20
18.00000009994185
 42
0.4142135813561245
 10
17084.67942898521
 20
21.00000009994185
 10
17084.67942898521
 20
306.1000000999404
 42
0.4142135567130391
 10
17081.67942898522
 20
309.1000000999404
 10
17074.67942898522
 20
309.1000000999404
 10
17074.67942898522
 20
274.0000000999419
  0
CIRCLE
  5
3D0
330
1F
100
AcDbEntity
  8
DT-20900-004-095
 62
     5
100
AcDbCircle
 10
17034.67942898521
 20
58.00000009994185
 30
0.0
 40
9.0
  0
MTEXT
  5
3D1
102
{ACAD_XDICTIONARY
360
B9A
102
}
330
1F
100
AcDbEntity
  8
Texto
 62
     5
100
AcDbMText
 10
17043.6086819897
 20
191.6920595110216
 30
0.0
 40
10.0
 41
113.848753321372
 71
     3
 72
     5
  1
DT-20900-004-095 POS.8
 11
0.0000000000000001
 21
1.0
 31
0.0
 73
     1
 44
1.0
1001
ACAD
1000
MTEXTBEGIN
1070
    73
1070
     1
1070
    44
1040
1.0
1070
    74
1070
     0
1000
MTEXTEND
  0
LWPOLYLINE
  5
3D2
330
1F
100
AcDbEntity
  8
DT-20900-004-095
 62
     5
100
AcDbPolyline
 90
       12
 70
     1
 43
0.0
 10
16795.15387309936
 20
625.1301282613654
 10
16818.54626291809
 20
583.5436412895802
 42
0.4142135320392438
 10
16822.63177305814
 20
582.3996977177819
 10
17054.03509980832
 20
712.5640183626889
 42
0.4142135280779471
 10
17055.17904338014
 20
716.6495285027336
 10
16922.43724400324
 20
952.6350414484509
 42
0.1989123186457411
 10
16920.63140740421
 20
954.053150088978
 10
16900.5543380647
 20
959.6747331041855
 42
0.1989123546961127
 10
16898.27466452369
 20
959.4005680354673
 10
16796.29786203607
 20
902.03863895797
 42
0.2709549907962494
 10
16794.7686453202
 20
899.4239126008384
 10
16794.76859995531
 20
626.6009120442848
 42
0.1288025332355851
  0
MTEXT
  5
3D3
330
1F
100
AcDbEntity
  8
Texto
 62
     5
100
AcDbMText
 10
16851.61456014309
 20
717.6835171007876
 30
0.0
 40
10.0
 41
113.848753321372
 71
     1
 72
     5
  1
DT-20900-004-095 \P{\W9.834118; }POS.1
 11
0.8715756186443069
 21
0.4902610947085171
 31
0.0
 73
     1
 44
1.0
1001
ACAD
1000
MTEXTBEGIN
1070
    73
1070
     1
1070
    44
1040
1.0
1070
    74
1070
     0
1000
MTEXTEND
  0
LWPOLYLINE
  5
3D4
330
1F
100
AcDbEntity
  8
DT-20900-004-095
 62
     5
100
AcDbPolyline
 90
       31
 70
     1
 43
0.0
 10
17122.10899353997
 20
1602.000000099942
 10
17096.18899353998
 20
1602.000000099942
 10
17096.18899353998
 20
1612.000000099942
 10
17074.52899353998
 20
1612.000000099942
 10
17074.52899353998
 20
1622.000000099943
 10
17055.62899353999
 20
1622.000000099943
 10
17055.62899353999
 20
1642.000000099942
 10
17024.30899353998
 20
1642.000000099942
 10
17024.30899353998
 20
1662.000000099942
 10
16998.38899354
 20
1662.000000099942
 10
16998.38899354
 20
1682.000000099942
 10
16976.78899353999
 20
1682.000000099942
 10
16976.78899353999
 20
1702.000000099942
 10
16957.88899354
 20
1702.000000099942
 10
16957.88899354
 20
1722.000000099942
 10
16941.68899353998
 20
1722.000000099942
 10
16941.68899353998
 20
1742.000000099942
 10
16927.64899353998
 20
1742.000000099942
 10
16927.64899353998
 20
1762.000000099942
 10
16915.22899353999
 20
1762.000000099942
 10
16915.22899353999
 20
1782.000000099942
 10
16904.42899353998
 20
1782.000000099942
 10
16904.42899353998
 20
1802.000000099942
 10
16869.10899353997
 20
1802.000000099942
 42
0.4142135924410627
 10
16866.10899353997
 20
1799.000000099942
 10
16866.10899353997
 20
1585.000000099942
 42
0.4142135334081418
 10
16869.10899353997
 20
1582.000000099943
 10
17154.20899353997
 20
1582.000000099943
 42
0.4142135123246517
 10
17157.20899353997
 20
1585.000000099942
 10
17157.20899353997
 20
1592.000000099935
 10
17122.10899353997
 20
1592.000000099935
  0
CIRCLE
  5
3D5
330
1F
100
AcDbEntity
  8
DT-20900-004-095
 62
     5
100
AcDbCircle
 10
16906.10899353997
 20
1632.000000099942
 30
0.0
 40
9.0
  0
MTEXT
  5
3D6
102
{ACAD_XDICTIONARY
360
B9C
102
}
330
1F
100
AcDbEntity
  8
Texto
 62
     5
100
AcDbMText
 10
17039.80105295105
 20
1623.070747095451
 30
0.0
 40
10.0
 41
113.848753321372
 71
     3
 72
     5
  1
DT-20900-004-095 POS.8
 73
     1
 44
1.0
1001
ACAD
1000
MTEXTBEGIN
1070
    73
1070
     1
1070
    44
1040
1.0
1070
    74
1070
     0
1000
MTEXTEND
  0
LWPOLYLINE
  5
3D7
330
1F
100
AcDbEntity
  8
DT-20900-004-095
 62
     6
100
AcDbPolyline
 90
       23
 70
     1
 43
0.0
 10
16938.40770940383
 20
1561.364032099943
 42
0.1673426800904803
 10
16936.56072497786
 20
1561.999999838868
 10
16830.59370781774
 20
1561.999999838868
 42
0.4142135762520782
 10
16827.59370781774
 20
1558.999999838869
 10
16827.59370781774
 20
1542.999999838861
 10
16860.14370781773
 20
1542.999999838861
 10
16860.14370781773
 20
1532.999999838868
 10
16886.06370781774
 20
1532.999999838868
 10
16886.06370781774
 20
1522.999999838869
 10
16907.72370781771
 20
1522.999999838869
 10
16907.72370781771
 20
1512.999999838869
 10
16926.62370781774
 20
1512.999999838869
 10
16926.62370781774
 20
1492.999999838868
 10
16957.94370781772
 20
1492.999999838868
 10
16957.94370781772
 20
1472.999999838869
 10
16983.86370781773
 20
1472.999999838869
 10
16983.86370781773
 20
1452.999999838868
 10
17005.46370781774
 20
1452.999999838868
 10
17005.46370781774
 20
1446.999999838868
 10
17044.59370781774
 20
1446.999999838868
 42
0.4142135783901939
 10
17047.59370781774
 20
1449.999999838869
 10
17047.59370781774
 20
1474.595383157941
 42
0.2308681921590425
 10
17046.44069224371
 20
1476.959415418084
  0
MTEXT
  5
3D8
102
{ACAD_XDICTIONARY
360
B9E
102
}
330
1F
100
AcDbEntity
  8
Texto
 62
     6
100
AcDbMText
 10
16861.02510850528
 20
1535.278280543151
 30
0.0
 40
5.0
 41
66.47933098650539
 71
     3
 72
     5
  1
DT-20900-004-095\P POS.11
 11
-1.0
 21
0.0000000000000001
 31
0.0
 73
     1
 44
1.0
1001
ACAD
1000
MTEXTBEGIN
1070
    73
1070
     1
1070
    44
1040
1.0
1070
    74
1070
     0
1000
MTEXTEND
  0
LWPOLYLINE
  5
3D9
330
1F
100
AcDbEntity
  8
DT-20900-004-095
 62
     5
100
AcDbPolyline
 90
       12
 70
     1
 43
0.0
 10
16808.32144303425
 20
240.460228651021
 10
16831.71383285297
 20
198.8737416792358
 42
0.4142135733314434
 10
16835.79934299303
 20
197.7297981074375
 10
17067.2026697432
 20
327.8941187523445
 42
0.4142135397671991
 10
17068.34661331502
 20
331.9796288923893
 10
16935.60481393812
 20
567.9651418381065
 42
0.1989123971931623
 10
16933.79897733912
 20
569.3832504786489
 10
16913.72190799961
 20
575.0048334938553
 42
0.1989123459222816
 10
16911.44223445856
 20
574.7306684251229
 10
16809.46543197098
 20
517.3687393476401
 42
0.2709550076018765
 10
16807.93621525512
 20
514.7540129905094
 10
16807.93616989022
 20
241.9310124339557
 42
0.128802576801427
  0
MTEXT
  5
3DA
330
1F
100
AcDbEntity
  8
Texto
 62
     5
100
AcDbMText
 10
16864.78213007797
 20
333.0136174904433
 30
0.0
 40
10.0
 41
113.848753321372
 71
     1
 72
     5
  1
DT-20900-004-095 \P{\W9.834118; }POS.1
 11
0.8715756186451814
 21
0.4902610947069627
 31
0.0
 73
     1
 44
1.0
1001
ACAD
1000
MTEXTBEGIN
1070
    73
1070
     1
1070
    44
1040
1.0
1070
    74
1070
     0
1000
MTEXTEND
  0
LWPOLYLINE
  5
3DB
330
1F
100
AcDbEntity
  8
DT-20900-004-095
 62
     7
100
AcDbPolyline
 90
       23
 70
     1
 43
0.0
 10
16896.04368654691
 20
125.8682623282361
 10
17004.07666938676
 20
210.2728790100951
 42
0.2308681645791945
 10
17005.22968496079
 20
212.6369112702373
 10
17005.22968496079
 20
237.232294589317
 42
0.4142135340545938
 10
17002.22968496079
 20
240.232294589317
 10
16963.09968496079
 20
240.232294589317
 10
16963.09968496079
 20
234.232294589317
 10
16941.49968496078
 20
234.232294589317
 10
16941.49968496078
 20
214.232294589317
 10
16915.5796849608
 20
214.232294589317
 10
16915.5796849608
 20
194.232294589317
 10
16884.25968496078
 20
194.232294589317
 10
16884.25968496078
 20
174.2322945893169
 10
16865.3596849608
 20
174.2322945893169
 10
16865.3596849608
 20
164.2322945893169
 10
16843.6996849608
 20
164.2322945893169
 10
16843.6996849608
 20
154.2322945893169
 10
16817.77968496078
 20
154.2322945893169
 10
16817.77968496078
 20
144.2322945893169
 10
16785.22968496079
 20
144.2322945893169
 10
16785.22968496079
 20
128.2322945893169
 42
0.414213541115015
 10
16788.22968496079
 20
125.2322945893169
 10
16894.19670212091
 20
125.232294589317
 42
0.1673426674999511
  0
MTEXT
  5
3DC
330
1F
100
AcDbEntity
  8
Texto
 62
     7
100
AcDbMText
 10
16818.66108564834
 20
151.9540138850274
 30
0.0
 40
5.0
 41
66.47933098650539
 71
     1
 72
     5
  1
{\W2.13246; }DT-20900-004-095\P{\W5.32809;  } POS.11
 73
     1
 44
1.0
1001
ACAD
1000
MTEXTBEGIN
1070
    73
1070
     1
1070
    44
1040
1.0
1070
    74
1070
     0
1000
MTEXTEND
  0
LWPOLYLINE
  5
3DD
330
1F
100
AcDbEntity
  8
DT-20900-004-095
 62
     5
100
AcDbPolyline
 90
       12
 70
     1
 43
0.0
 10
16884.57972239659
 20
1250.909130372198
 10
16861.18733257787
 20
1292.495617343971
 42
0.4142135436446078
 10
16857.1018224378
 20
1293.639560915794
 10
16625.69849568762
 20
1163.475240270888
 42
0.4142135469472996
 10
16624.55455211583
 20
1159.389730130817
 10
16757.29635149272
 20
923.4042171851127
 42
0.198912354955572
 10
16759.10218809172
 20
921.9861085445767
 10
16779.17925743123
 20
916.3645255293628
 42
0.1989124143137961
 10
16781.45893097224
 20
916.6386905980813
 10
16883.43573345986
 20
974.0006196755782
 42
0.2709549424645207
 10
16884.96495017573
 20
976.6153460326973
 10
16884.96499554061
 20
1249.438346589257
 42
0.1288026645724071
  0
MTEXT
  5
3DE
330
1F
100
AcDbEntity
  8
Texto
 62
     5
100
AcDbMText
 10
16828.11903535287
 20
1158.355741532768
 30
0.0
 40
10.0
 41
113.848753321372
 71
     1
 72
     5
  1
DT-20900-004-095 \P{\W9.834118; }POS.1
 11
-0.8715756186443556
 21
-0.4902610947084308
 31
0.0
 73
     1
 44
1.0
1001
ACAD
1000
MTEXTBEGIN
1070
    73
1070
     1
1070
    44
1040
1.0
1070
    74
1070
     0
1000
MTEXTEND
  0
LWPOLYLINE
  5
3DF
330
1F
100
AcDbEntity
  8
13652725
 62
     5
100
AcDbPolyline
 90
       30
 70
     1
 43
0.0
 10
16836.10899353997
 20
1640.000000099943
 10
16836.10899353997
 20
1590.000000099943
 10
16843.10899353996
 20
1590.000000099943
 42
0.4142135910135062
 10
16846.10899353996
 20
1593.000000099942
 10
16846.10899353996
 20
1805.000000099942
 42
0.4142135886756239
 10
16843.10899353996
 20
1808.000000099942
 10
16801.10899353996
 20
1808.000000099942
 10
16801.10899353996
 20
1839.000000099942
 42
0.41421357022814
 10
16798.10899353997
 20
1842.000000099942
 10
16729.10899353996
 20
1842.000000099942
 42
0.4142135552163781
 10
16726.10899353997
 20
1839.000000099942
 10
16726.10899353997
 20
1829.000000099943
 10
16741.10899353997
 20
1829.000000099943
 10
16741.10899353997
 20
1819.000000099942
 10
16751.10899353996
 20
1819.000000099942
 10
16751.10899353996
 20
1807.000000099942
 10
16761.10899353996
 20
1807.000000099942
 10
16761.10899353996
 20
1794.000000099942
 10
16771.10899353997
 20
1794.000000099942
 10
16771.10899353997
 20
1779.000000099943
 10
16781.10899353996
 20
1779.000000099943
 10
16781.10899353996
 20
1762.000000099942
 10
16791.10899353996
 20
1762.000000099942
 10
16791.10899353996
 20
1742.000000099942
 10
16806.10899353997
 20
1742.000000099942
 10
16806.10899353997
 20
1706.000000099942
 10
16816.10899353996
 20
1706.000000099942
 10
16816.10899353996
 20
1677.000000099942
 10
16826.10899353996
 20
1677.000000099942
 10
16826.10899353996
 20
1640.000000099943
  0
MTEXT
  5
3E0
330
1F
100
AcDbEntity
  8
Texto
 62
     5
100
AcDbMText
 10
16826.760353316
 20
1694.139028949197
 30
0.0
 40
10.0
 41
122.8748579127441
 71
     1
 72
     5
  1
13652725 pos1
 11
0.0000000000000001
 21
1.0
 31
0.0
 73
     1
 44
1.0
1001
ACAD
1000
MTEXTBEGIN
1070
    73
1070
     1
1070
    44
1040
1.0
1070
    74
1070
     0
1000
MTEXTEND
  0
LWPOLYLINE
  5
3E1
330
1F
100
AcDbEntity
  8
0
 62
     5
100
AcDbPolyline
 90
       12
 70
     1
 43
0.0
 10
16723.6126490732
 20
1290.852735705685
 42
0.4142135718478709
 10
16726.6126490732
 20
1287.852735705685
 10
16805.17077453093
 20
1287.852735705685
 42
0.2278377321212597
 10
16807.513380959
 20
1288.978650563035
 10
16885.95525550221
 20
1387.030993741105
 42
0.1703035920554812
 10
16886.6126490732
 20
1388.905078883766
 10
16886.6126490732
 20
1491.610095018565
 42
0.1989123434255625
 10
16885.73396941678
 20
1493.731415362145
 10
16872.49132872962
 20
1506.974056049265
 42
0.1989122953763591
 10
16870.37000838604
 20
1507.852735705695
 10
16726.6126490732
 20
1507.852735705695
 42
0.4142135679246438
 10
16723.6126490732
 20
1504.852735705685
  0
MTEXT
  5
3E2
330
1F
100
AcDbEntity
  8
Texto
 62
     5
100
AcDbMText
 10
16753.55832866238
 20
1447.049847169795
 30
0.0
 40
10.0
 41
122.8748579127441
 71
     1
 72
     5
  1
13652725 pos8
 11
-0.0000000000000002
 21
-1.0
 31
0.0
 73
     1
 44
1.0
1001
ACAD
1000
MTEXTBEGIN
1070
    73
1070
     1
1070
    44
1040
1.0
1070
    74
1070
     0
1000
MTEXTEND
  0
LWPOLYLINE
  5
3E3
330
1F
100
AcDbEntity
  8
13652725
 62
     5
100
AcDbPolyline
 90
       33
 70
     1
 43
0.0
 10
16696.10899353997
 20
1627.000000099942
 42
0.4142135289407133
 10
16699.10899353998
 20
1624.000000099943
 10
16742.10899353997
 20
1624.000000099943
 10
16742.10899353997
 20
1572.000000099941
 42
0.414213549033409
 10
16745.10899353998
 20
1569.000000099941
 10
16798.10899353998
 20
1569.000000099941
 42
0.4142135236668718
 10
16801.10899353997
 20
1572.000000099941
 10
16801.10899353997
 20
1584.000000099942
 10
16813.10899353998
 20
1584.000000099942
 42
0.4142135766320762
 10
16816.10899353997
 20
1587.000000099942
 10
16816.10899353997
 20
1603.000000099942
 10
16801.10899353997
 20
1603.000000099942
 10
16801.10899353997
 20
1613.000000099942
 10
16791.10899353998
 20
1613.000000099942
 10
16791.10899353998
 20
1625.000000099942
 10
16781.10899353997
 20
1625.000000099942
 10
16781.10899353997
 20
1638.000000099943
 10
16771.10899353998
 20
1638.000000099943
 10
16771.10899353998
 20
1653.000000099942
 10
16761.10899353997
 20
1653.000000099942
 10
16761.10899353997
 20
1670.000000099943
 10
16751.10899353997
 20
1670.000000099943
 10
16751.10899353997
 20
1690.000000099942
 10
16736.10899353997
 20
1690.000000099942
 10
16736.10899353997
 20
1726.000000099942
 10
16726.10899353998
 20
1726.000000099942
 10
16726.10899353998
 20
1755.000000099942
 10
16716.10899353997
 20
1755.000000099942
 10
16716.10899353997
 20
1792.000000099942
 10
16706.10899353997
 20
1792.000000099942
 10
16706.10899353997
 20
1842.000000099942
 10
16699.10899353998
 20
1842.000000099942
 42
0.4142135446829009
 10
16696.10899353997
 20
1839.000000099942
  0
MTEXT
  5
3E4
330
1F
100
AcDbEntity
  8
Texto
 62
     5
100
AcDbMText
 10
16715.01580993684
 20
1741.090435171324
 30
0.0
 40
10.0
 41
122.8748579127441
 71
     1
 72
     5
  1
13652725 pos3
 11
-0.0000000000000002
 21
-1.0
 31
0.0
 73
     1
 44
1.0
1001
ACAD
1000
MTEXTBEGIN
1070
    73
1070
     1
1070
    44
1040
1.0
1070
    74
1070
     0
1000
MTEXTEND
  0
LWPOLYLINE
  5
3E5
330
1F
100
AcDbEntity
  8
0
 62
     5
100
AcDbPolyline
 90
       27
 70
     1
 43
0.0
 10
16712.12634529206
 20
241.0000000999418
 10
16712.12634529206
 20
291.0000000999419
 10
16683.12634529206
 20
291.0000000999419
 42
0.414213570016403
 10
16680.12634529206
 20
288.0000000999419
 10
16680.12634529206
 20
21.00000009994186
 42
0.4142135876050519
 10
16683.12634529206
 20
18.00000009994185
 10
16819.12634529206
 20
18.00000009994186
 42
0.4142135484834154
 10
16822.12634529206
 20
21.00000009994186
 10
16822.12634529206
 20
52.00000009994186
 10
16807.12634529206
 20
52.00000009994186
 10
16807.12634529206
 20
62.00000009994004
 10
16797.12634529206
 20
62.00000009994004
 10
16797.12634529206
 20
74.00000009994004
 10
16787.12634529206
 20
74.00000009994001
 10
16787.12634529206
 20
87.00000009994001
 10
16777.12634529206
 20
87.00000009994001
 10
16777.12634529206
 20
102.0000000999418
 10
16767.12634529206
 20
102.0000000999418
 10
16767.12634529206
 20
119.0000000999418
 10
16757.12634529206
 20
119.0000000999418
 10
16757.12634529206
 20
139.0000000999418
 10
16742.12634529206
 20
139.0000000999418
 10
16742.12634529206
 20
175.0000000999418
 10
16732.12634529206
 20
175.0000000999418
 10
16732.12634529206
 20
204.0000000999418
 10
16722.12634529206
 20
204.0000000999418
 10
16722.12634529206
 20
241.0000000999418
  0
MTEXT
  5
3E6
330
1F
100
AcDbEntity
  8
Texto
 62
     5
100
AcDbMText
 10
16723.59840414799
 20
155.3181133369209
 30
0.0
 40
10.0
 41
122.8748579127441
 71
     1
 72
     5
  1
13652725 pos4
 11
-0.0000000000000002
 21
-1.0
 31
0.0
 73
     1
 44
1.0
1001
ACAD
1000
MTEXTBEGIN
1070
    73
1070
     1
1070
    44
1040
1.0
1070
    74
1070
     0
1000
MTEXTEND
  0
LWPOLYLINE
  5
3E7
330
1F
100
AcDbEntity
  8
DT-20900-004-095
 62
     5
100
AcDbPolyline
 90
       12
 70
     1
 43
0.0
 10
16503.26860009936
 20
641.3948383853132
 10
16503.26860009936
 20
593.6806916352654
 42
0.4142136161324125
 10
16506.26860009936
 20
590.6806916352653
 10
16771.76860009936
 20
590.6806916352654
 42
0.4142136010642072
 10
16774.76860009936
 20
593.6806916352654
 10
16774.76860009936
 20
864.43805094812
 42
0.1989123918684347
 10
16773.88992044291
 20
866.5593712916891
 10
16759.14727975582
 20
881.3020119788491
 42
0.19891237528232
 10
16757.02595941224
 20
882.1806916352802
 10
16640.02314255261
 20
882.1806916352798
 42
0.270954945604271
 10
16637.40841594125
 20
880.6514753541344
 10
16503.65387348798
 20
642.8656221041893
 42
0.128802606440034
  0
MTEXT
  5
3E8
330
1F
100
AcDbEntity
  8
Texto
 62
     5
100
AcDbMText
 10
16597.85368406993
 20
694.381637282706
 30
0.0
 40
10.0
 41
113.848753321372
 71
     1
 72
     5
  1
DT-20900-004-095 \P{\W9.834118; }POS.1
 73
     1
 44
1.0
1001
ACAD
1000
MTEXTBEGIN
1070
    73
1070
     1
1070
    44
1040
1.0
1070
    74
1070
     0
1000
MTEXTEND
  0
LWPOLYLINE
  5
3E9
330
1F
100
AcDbEntity
  8
0
 62
     5
100
AcDbPolyline
 90
       27
 70
     1
 43
0.0
 10
16755.93617986081
 20
347.6806913853132
 10
16755.93617986081
 20
297.6806913853113
 10
16784.93617986081
 20
297.6806913853113
 42
0.414213555771069
 10
16787.93617986081
 20
300.6806913853132
 10
16787.93617986081
 20
567.680691385313
 42
0.4142135996365287
 10
16784.93617986081
 20
570.680691385313
 10
16648.93617986081
 20
570.6806913853129
 42
0.414213564548083
 10
16645.93617986081
 20
567.6806913853129
 10
16645.93617986081
 20
536.6806913853129
 10
16660.93617986081
 20
536.6806913853129
 10
16660.93617986081
 20
526.6806913853129
 10
16670.93617986081
 20
526.6806913853129
 10
16670.93617986081
 20
514.6806913853128
 10
16680.93617986081
 20
514.680691385313
 10
16680.93617986081
 20
501.680691385313
 10
16690.93617986081
 20
501.680691385313
 10
16690.93617986081
 20
486.6806913853131
 10
16700.93617986081
 20
486.6806913853131
 10
16700.93617986081
 20
469.680691385315
 10
16710.93617986081
 20
469.680691385315
 10
16710.93617986081
 20
449.6806913853131
 10
16725.93617986081
 20
449.6806913853131
 10
16725.93617986081
 20
413.680691385313
 10
16735.93617986081
 20
413.680691385313
 10
16735.93617986081
 20
384.6806913853131
 10
16745.93617986081
 20
384.6806913853131
 10
16745.93617986081
 20
347.6806913853132
  0
MTEXT
  5
3EA
330
1F
100
AcDbEntity
  8
Texto
 62
     5
100
AcDbMText
 10
16744.46412100489
 20
433.3625781483339
 30
0.0
 40
10.0
 41
122.8748579127441
 71
     1
 72
     5
  1
13652725 pos4
 11
0.0000000000000001
 21
1.0
 31
0.0
 73
     1
 44
1.0
1001
ACAD
1000
MTEXTBEGIN
1070
    73
1070
     1
1070
    44
1040
1.0
1070
    74
1070
     0
1000
MTEXTEND
  0
LWPOLYLINE
  5
3EB
330
1F
100
AcDbEntity
  8
DT-20900-004-095
 62
     5
100
AcDbPolyline
 90
       12
 70
     1
 43
0.0
 10
16703.22737609024
 20
1506.297183460139
 10
16679.83498627151
 20
1547.883670431924
 42
0.4142135377168124
 10
16675.74947613145
 20
1549.027614003734
 10
16444.34614938127
 20
1418.863293358828
 42
0.4142135513261286
 10
16443.20220580946
 20
1414.77778321877
 10
16575.94400518636
 20
1178.792270273053
 42
0.1989123936866741
 10
16577.74984178536
 20
1177.374161632511
 10
16597.82691112487
 20
1171.752578617303
 42
0.1989124029914039
 10
16600.10658466589
 20
1172.026743686021
 10
16702.08338715351
 20
1229.388672763519
 42
0.2709550094860622
 10
16703.61260386937
 20
1232.00339912065
 10
16703.61264923426
 20
1504.826399677204
 42
0.1288026776293623
  0
MTEXT
  5
3EC
330
1F
100
AcDbEntity
  8
Texto
 62
     5
100
AcDbMText
 10
16646.76668904651
 20
1413.743794620709
 30
0.0
 40
10.0
 41
113.848753321372
 71
     1
 72
     5
  1
DT-20900-004-095 \P{\W9.834118; }POS.1
 11
-0.8715756186452301
 21
-0.4902610947068763
 31
0.0
 73
     1
 44
1.0
1001
ACAD
1000
MTEXTBEGIN
1070
    73
1070
     1
1070
    44
1040
1.0
1070
    74
1070
     0
1000
MTEXTEND
  0
LWPOLYLINE
  5
3ED
330
1F
100
AcDbEntity
  8
DT-20900-004-095
 62
     7
100
AcDbPolyline
 90
       23
 70
     1
 43
0.0
 10
16590.24430738397
 20
1032.38750965769
 10
16674.64892406583
 20
924.3545268178404
 42
0.2308681696335348
 10
16677.01295632597
 20
923.2015112438093
 10
16701.60833964504
 20
923.2015112438096
 42
0.4142135730567808
 10
16704.60833964504
 20
926.2015112438097
 10
16704.60833964504
 20
965.3315112438104
 10
16698.60833964504
 20
965.3315112438104
 10
16698.60833964504
 20
986.9315112438199
 10
16678.60833964504
 20
986.9315112438199
 10
16678.60833964504
 20
1012.8515112438
 10
16658.60833964504
 20
1012.8515112438
 10
16658.60833964504
 20
1044.171511243811
 10
16638.60833964504
 20
1044.171511243811
 10
16638.60833964504
 20
1063.071511243799
 10
16628.60833964504
 20
1063.071511243799
 10
16628.60833964504
 20
1084.731511243799
 10
16618.60833964504
 20
1084.731511243799
 10
16618.60833964504
 20
1110.651511243819
 10
16608.60833964504
 20
1110.651511243819
 10
16608.60833964504
 20
1143.201511243809
 10
16592.60833964504
 20
1143.201511243809
 42
0.4142135550945736
 10
16589.60833964504
 20
1140.201511243809
 10
16589.60833964504
 20
1034.23449408369
 42
0.1673426837394656
  0
MTEXT
  5
3EE
330
1F
100
AcDbEntity
  8
Texto
 62
     7
100
AcDbMText
 10
16616.33005894076
 20
1109.770110556259
 30
0.0
 40
5.0
 41
66.47933098650539
 71
     1
 72
     5
  1
{\W2.13246; }DT-20900-004-095\P{\W5.32809;  } POS.11
 11
-0.0000000000000002
 21
-1.0
 31
0.0
 73
     1
 44
1.0
1001
ACAD
1000
MTEXTBEGIN
1070
    73
1070
     1
1070
    44
1040
1.0
1070
    74
1070
     0
1000
MTEXTEND
  0
LWPOLYLINE
  5
3EF
330
1F
100
AcDbEntity
  8
0
 62
     5
100
AcDbPolyline
 90
       27
 70
     1
 43
0.0
 10
16643.288222087
 20
1619.000000099942
 10
16643.288222087
 20
1569.000000099944
 10
16672.288222087
 20
1569.000000099944
 42
0.4142135595628905
 10
16675.288222087
 20
1572.000000099944
 10
16675.288222087
 20
1839.000000099942
 42
0.4142135940266964
 10
16672.288222087
 20
1842.000000099942
 10
16536.288222087
 20
1842.000000099942
 42
0.4142135589370417
 10
16533.288222087
 20
1839.000000099942
 10
16533.288222087
 20
1808.000000099942
 10
16548.28822208699
 20
1808.000000099942
 10
16548.28822208699
 20
1798.000000099942
 10
16558.288222087
 20
1798.000000099942
 10
16558.288222087
 20
1786.000000099944
 10
16568.288222087
 20
1786.000000099944
 10
16568.288222087
 20
1773.000000099941
 10
16578.288222087
 20
1773.000000099941
 10
16578.288222087
 20
1758.000000099944
 10
16588.28822208699
 20
1758.000000099944
 10
16588.28822208699
 20
1741.000000099941
 10
16598.288222087
 20
1741.000000099941
 10
16598.288222087
 20
1721.000000099942
 10
16613.288222087
 20
1721.000000099942
 10
16613.288222087
 20
1685.000000099942
 10
16623.28822208699
 20
1685.000000099942
 10
16623.28822208699
 20
1656.000000099943
 10
16633.288222087
 20
1656.000000099943
 10
16633.288222087
 20
1619.000000099942
  0
MTEXT
  5
3F0
330
1F
100
AcDbEntity
  8
Texto
 62
     5
100
AcDbMText
 10
16631.81616323108
 20
1704.681886862963
 30
0.0
 40
10.0
 41
122.8748579127441
 71
     1
 72
     5
  1
13652725 pos4
 11
0.0000000000000001
 21
1.0
 31
0.0
 73
     1
 44
1.0
1001
ACAD
1000
MTEXTBEGIN
1070
    73
1070
     1
1070
    44
1040
1.0
1070
    74
1070
     0
1000
MTEXTEND
  0
LWPOLYLINE
  5
3F1
330
1F
100
AcDbEntity
  8
0
 62
     5
100
AcDbPolyline
 90
       30
 70
     1
 43
0.0
 10
16658.93617986081
 20
294.6763398365897
 42
0.4142135545926382
 10
16661.93617986081
 20
297.6763398365897
 10
16661.93617986081
 20
315.6763398365897
 10
16732.9361798608
 20
315.6763398365897
 42
0.41421358925606
 10
16735.93617986081
 20
318.6763398365897
 10
16735.93617986081
 20
328.6763398365906
 10
16720.93617986081
 20
328.6763398365906
 10
16720.93617986081
 20
338.6763398365897
 10
16710.93617986081
 20
338.6763398365897
 10
16710.93617986081
 20
350.6763398365897
 10
16700.93617986081
 20
350.6763398365897
 10
16700.93617986081
 20
363.6763398365896
 10
16690.9361798608
 20
363.6763398365896
 10
16690.9361798608
 20
378.6763398365906
 10
16680.93617986081
 20
378.6763398365906
 10
16680.93617986081
 20
395.6763398365906
 10
16670.93617986081
 20
395.6763398365906
 10
16670.93617986081
 20
415.6763398365896
 10
16655.93617986081
 20
415.6763398365896
 10
16655.93617986081
 20
451.6763398365905
 10
16645.93617986081
 20
451.6763398365905
 10
16645.93617986081
 20
480.6763398365896
 10
16635.93617986081
 20
480.6763398365896
 10
16635.93617986081
 20
517.6763398365904
 10
16625.9361798608
 20
517.6763398365904
 10
16625.9361798608
 20
567.6763398365904
 10
16618.9361798608
 20
567.6763398365904
 42
0.414213567796779
 10
16615.93617986081
 20
564.6763398365903
 10
16615.93617986081
 20
297.6763398365897
 42
0.4142135520664775
 10
16618.9361798608
 20
294.6763398365897
  0
MTEXT
  5
3F2
330
1F
100
AcDbEntity
  8
Texto
 62
     5
100
AcDbMText
 10
16639.97050778506
 20
434.1544273580971
 30
0.0
 40
10.0
 41
122.8748579127441
 71
     1
 72
     5
  1
13652725 pos2
 11
-0.0000000000000002
 21
-1.0
 31
0.0
 73
     1
 44
1.0
1001
ACAD
1000
MTEXTBEGIN
1070
    73
1070
     1
1070
    44
1040
1.0
1070
    74
1070
     0
1000
MTEXTEND
  0
LWPOLYLINE
  5
3F3
330
1F
100
AcDbEntity
  8
0
 62
     5
100
AcDbPolyline
 90
       12
 70
     1
 43
0.0
 10
16660.12634529206
 20
235.0000000999418
 42
0.4142135684573413
 10
16657.12634529206
 20
238.0000000999418
 10
16578.56821983527
 20
238.0000000999418
 42
0.2278377878612478
 10
16576.22561340627
 20
236.874085242601
 10
16497.78373886398
 20
138.8217420645207
 42
0.1703035823322404
 10
16497.12634529206
 20
136.9476569218706
 10
16497.12634529206
 20
34.24264078707091
 42
0.1989123124849285
 10
16498.00502494849
 20
32.1213204434909
 10
16511.24766563563
 20
18.87867975637091
 42
0.1989123908363077
 10
16513.36898597921
 20
18.00000009994181
 10
16657.12634529206
 20
18.00000009994185
 42
0.4142135948365901
 10
16660.12634529206
 20
21.00000009994186
  0
MTEXT
  5
3F4
330
1F
100
AcDbEntity
  8
Texto
 62
     5
100
AcDbMText
 10
16630.18066570288
 20
78.80288863584173
 30
0.0
 40
10.0
 41
122.8748579127441
 71
     1
 72
     5
  1
13652725 pos8
 11
0.0000000000000001
 21
1.0
 31
0.0
 73
     1
 44
1.0
1001
ACAD
1000
MTEXTBEGIN
1070
    73
1070
     1
1070
    44
1040
1.0
1070
    74
1070
     0
1000
MTEXTEND
  0
LWPOLYLINE
  5
3F5
330
1F
100
AcDbEntity
  8
0
 62
     5
100
AcDbPolyline
 90
       30
 70
     1
 43
0.0
 10
16550.51497371283
 20
1522.607286510252
 42
0.4142135133628642
 10
16553.51497371284
 20
1525.607286510254
 10
16553.51497371284
 20
1543.607286510252
 10
16624.51497371284
 20
1543.607286510252
 42
0.4142135702318472
 10
16627.51497371285
 20
1546.607286510252
 10
16627.51497371285
 20
1556.607286510252
 10
16612.51497371283
 20
1556.607286510252
 10
16612.51497371283
 20
1566.607286510252
 10
16602.51497371284
 20
1566.607286510252
 10
16602.51497371284
 20
1578.607286510252
 10
16592.51497371285
 20
1578.607286510252
 10
16592.51497371285
 20
1591.607286510252
 10
16582.51497371284
 20
1591.607286510252
 10
16582.51497371284
 20
1606.607286510251
 10
16572.51497371284
 20
1606.607286510251
 10
16572.51497371284
 20
1623.607286510252
 10
16562.51497371285
 20
1623.607286510252
 10
16562.51497371285
 20
1643.607286510252
 10
16547.51497371283
 20
1643.607286510252
 10
16547.51497371283
 20
1679.607286510252
 10
16537.51497371284
 20
1679.607286510252
 10
16537.51497371284
 20
1708.607286510252
 10
16527.51497371284
 20
1708.607286510252
 10
16527.51497371284
 20
1745.607286510252
 10
16517.51497371284
 20
1745.607286510252
 10
16517.51497371284
 20
1795.607286510251
 10
16510.51497371283
 20
1795.607286510251
 42
0.4142135868213633
 10
16507.51497371284
 20
1792.607286510251
 10
16507.51497371284
 20
1525.607286510254
 42
0.4142135629310604
 10
16510.51497371283
 20
1522.607286510252
  0
MTEXT
  5
3F6
330
1F
100
AcDbEntity
  8
Texto
 62
     5
100
AcDbMText
 10
16531.54930163802
 20
1662.085374031758
 30
0.0
 40
10.0
 41
122.8748579127441
 71
     1
 72
     5
  1
13652725 pos2
 11
-0.0000000000000002
 21
-1.0
 31
0.0
 73
     1
 44
1.0
1001
ACAD
1000
MTEXTBEGIN
1070
    73
1070
     1
1070
    44
1040
1.0
1070
    74
1070
     0
1000
MTEXTEND
  0
LWPOLYLINE
  5
3F7
330
1F
100
AcDbEntity
  8
DT-20900-004-095
 62
     5
100
AcDbPolyline
 90
       12
 70
     1
 43
0.0
 10
16627.10833938397
 20
903.9206573246287
 10
16627.10833938405
 20
951.6348040746835
 42
0.414213597868721
 10
16624.10833938406
 20
954.634804074689
 10
16358.60833938406
 20
954.6348040751521
 42
0.4142135971393813
 10
16355.60833938405
 20
951.6348040751577
 10
16355.60833938358
 20
680.8774447623029
 42
0.1989124535753096
 10
16356.48701904
 20
678.756124418725
 10
16371.2296597271
 20
664.0134837315464
 42
0.1989123798740925
 10
16373.35098007067
 20
663.1348040751264
 10
16490.35379693028
 20
663.1348040749223
 42
0.2709550041354519
 10
16492.96852354166
 20
664.6640203560561
 10
16626.72306599531
 20
902.4498736057749
 42
0.1288026056012659
  0
MTEXT
  5
3F8
330
1F
100
AcDbEntity
  8
Texto
 62
     5
100
AcDbMText
 10
16532.52325541331
 20
850.9338584274081
 30
0.0
 40
10.0
 41
113.848753321372
 71
     1
 72
     5
  1
DT-20900-004-095 \P{\W9.834118; }POS.1
 11
-1.0
 21
0.0000000000017054
 31
0.0
 73
     1
 44
1.0
1001
ACAD
1000
MTEXTBEGIN
1070
    73
1070
     1
1070
    44
1040
1.0
1070
    74
1070
     0
1000
MTEXTEND
  0
LWPOLYLINE
  5
3F9
330
1F
100
AcDbEntity
  8
Des.
 62
     5
100
AcDbPolyline
 90
       12
 70
     1
 43
0.0
 10
16475.60833938397
 20
974.6348043246287
 10
16566.60833938397
 20
974.6348043246287
 42
0.4142135414116622
 10
16569.60833938397
 20
977.6348043246287
 10
16569.60833938397
 20
1115.634804324629
 42
0.4142135336645816
 10
16566.60833938397
 20
1118.634804324629
 10
16475.60833938397
 20
1118.634804324629
 42
0.4142135768849863
 10
16472.60833938397
 20
1115.634804324629
 10
16472.60833938397
 20
1079.498157774947
 42
0.3877945400101296
 10
16475.3356121115
 20
1076.510580188538
 42
-0.912870930780096
 10
16475.3356121115
 20
1016.759028460717
 42
0.387794531787009
 10
16472.60833938397
 20
1013.771450874308
 10
16472.60833938397
 20
977.6348043246287
 42
0.4142135846329229
  0
MTEXT
  5
3FA
330
1F
100
AcDbEntity
  8
Texto
 62
     5
100
AcDbMText
 10
16553.32033198677
 20
982.1034861209987
 30
0.0
 40
8.0
 41
185.5745343299686
 71
     1
 72
     5
  1
DT-20418-006-007 pos.8
 11
0.0000000000000001
 21
1.0
 31
0.0
 73
     1
 44
1.0
1001
ACAD
1000
MTEXTBEGIN
1070
    73
1070
     1
1070
    44
1040
1.0
1070
    74
1070
     0
1000
MTEXTEND
  0
LWPOLYLINE
  5
3FB
330
1F
100
AcDbEntity
  8
0
 62
     5
100
AcDbPolyline
 90
       27
 70
     1
 43
0.0
 10
16563.93617986081
 20
347.6806913853134
 10
16563.93617986081
 20
297.6806913853134
 10
16592.93617986082
 20
297.6806913853134
 42
0.4142135228244742
 10
16595.93617986082
 20
300.6806913853134
 10
16595.93617986082
 20
567.680691385315
 42
0.4142135155974551
 10
16592.93617986082
 20
570.680691385315
 10
16456.93617986081
 20
570.680691385315
 42
0.4142135691833677
 10
16453.93617986081
 20
567.680691385315
 10
16453.93617986081
 20
536.6806913853131
 10
16468.93617986081
 20
536.6806913853131
 10
16468.93617986081
 20
526.6806913853131
 10
16478.93617986081
 20
526.6806913853131
 10
16478.93617986081
 20
514.6806913853131
 10
16488.93617986082
 20
514.6806913853131
 10
16488.93617986082
 20
501.6806913853133
 10
16498.93617986081
 20
501.6806913853133
 10
16498.93617986081
 20
486.6806913853134
 10
16508.93617986082
 20
486.6806913853134
 10
16508.93617986082
 20
469.6806913853134
 10
16518.93617986082
 20
469.6806913853134
 10
16518.93617986082
 20
449.6806913853117
 10
16533.93617986081
 20
449.6806913853117
 10
16533.93617986081
 20
413.6806913853133
 10
16543.93617986081
 20
413.6806913853133
 10
16543.93617986081
 20
384.6806913853152
 10
16553.93617986082
 20
384.6806913853152
 10
16553.93617986082
 20
347.6806913853134
  0
MTEXT
  5
3FC
330
1F
100
AcDbEntity
  8
Texto
 62
     5
100
AcDbMText
 10
16552.46412100395
 20
433.3625781483343
 30
0.0
 40
10.0
 41
122.8748579127441
 71
     1
 72
     5
  1
13652725 pos4
 11
0.0000000000000001
 21
1.0
 31
0.0
 73
     1
 44
1.0
1001
ACAD
1000
MTEXTBEGIN
1070
    73
1070
     1
1070
    44
1040
1.0
1070
    74
1070
     0
1000
MTEXTEND
  0
LWPOLYLINE
  5
3FD
330
1F
100
AcDbEntity
  8
0
 62
     5
100
AcDbPolyline
 90
       27
 70
     1
 43
0.0
 10
16455.51497371284
 20
1619.000000099942
 10
16455.51497371284
 20
1569.00000009994
 10
16484.51497371285
 20
1569.00000009994
 42
0.4142135632907464
 10
16487.51497371285
 20
1572.000000099938
 10
16487.51497371285
 20
1839.00000009994
 42
0.4142135870877926
 10
16484.51497371285
 20
1842.00000009994
 10
16348.51497371284
 20
1842.00000009994
 42
0.4142135306771649
 10
16345.51497371284
 20
1839.00000009994
 10
16345.51497371284
 20
1808.00000009994
 10
16360.51497371284
 20
1808.00000009994
 10
16360.51497371284
 20
1798.00000009994
 10
16370.51497371285
 20
1798.00000009994
 10
16370.51497371285
 20
1786.00000009994
 10
16380.51497371285
 20
1786.00000009994
 10
16380.51497371285
 20
1773.000000099941
 10
16390.51497371283
 20
1773.000000099941
 10
16390.51497371283
 20
1758.000000099938
 10
16400.51497371285
 20
1758.000000099938
 10
16400.51497371285
 20
1741.000000099942
 10
16410.51497371283
 20
1741.000000099942
 10
16410.51497371283
 20
1721.00000009994
 10
16425.51497371283
 20
1721.00000009994
 10
16425.51497371283
 20
1685.00000009994
 10
16435.51497371284
 20
1685.00000009994
 10
16435.51497371284
 20
1656.00000009994
 10
16445.51497371285
 20
1656.00000009994
 10
16445.51497371285
 20
1619.000000099942
  0
MTEXT
  5
3FE
330
1F
100
AcDbEntity
  8
Texto
 62
     5
100
AcDbMText
 10
16444.04291485598
 20
1704.681886862961
 30
0.0
 40
10.0
 41
122.8748579127441
 71
     1
 72
     5
  1
13652725 pos4
 11
0.0000000000000001
 21
1.0
 31
0.0
 73
     1
 44
1.0
1001
ACAD
1000
MTEXTBEGIN
1070
    73
1070
     1
1070
    44
1040
1.0
1070
    74
1070
     0
1000
MTEXTEND
  0
LWPOLYLINE
  5
3FF
330
1F
100
AcDbEntity
  8
13652725
 62
     5
100
AcDbPolyline
 90
       30
 70
     1
 43
0.0
 10
16433.79994476223
 20
1340.634804324629
 10
16433.79994476223
 20
1390.634804324629
 10
16426.79994476223
 20
1390.634804324629
 42
0.4142135422009492
 10
16423.79994476223
 20
1387.634804324628
 10
16423.79994476223
 20
1175.634804324628
 42
0.4142135934811847
 10
16426.79994476223
 20
1172.634804324629
 10
16468.79994476223
 20
1172.634804324629
 10
16468.79994476223
 20
1141.634804324628
 42
0.4142135365457995
 10
16471.79994476223
 20
1138.634804324628
 10
16540.79994476223
 20
1138.634804324628
 42
0.4142135126146114
 10
16543.79994476223
 20
1141.634804324628
 10
16543.79994476223
 20
1151.634804324628
 10
16528.79994476223
 20
1151.634804324628
 10
16528.79994476223
 20
1161.634804324628
 10
16518.79994476223
 20
1161.634804324628
 10
16518.79994476223
 20
1173.634804324628
 10
16508.79994476223
 20
1173.634804324628
 10
16508.79994476223
 20
1186.634804324628
 10
16498.79994476223
 20
1186.634804324628
 10
16498.79994476223
 20
1201.634804324628
 10
16488.79994476223
 20
1201.634804324628
 10
16488.79994476223
 20
1218.634804324629
 10
16478.79994476223
 20
1218.634804324629
 10
16478.79994476223
 20
1238.634804324628
 10
16463.79994476223
 20
1238.634804324628
 10
16463.79994476223
 20
1274.634804324629
 10
16453.79994476223
 20
1274.634804324629
 10
16453.79994476223
 20
1303.634804324629
 10
16443.79994476224
 20
1303.634804324629
 10
16443.79994476224
 20
1340.634804324629
  0
MTEXT
  5
400
330
1F
100
AcDbEntity
  8
Texto
 62
     5
100
AcDbMText
 10
16443.1485849862
 20
1286.495775475374
 30
0.0
 40
10.0
 41
122.8748579127441
 71
     1
 72
     5
  1
13652725 pos1
 11
-0.0000000000000002
 21
-1.0
 31
0.0
 73
     1
 44
1.0
1001
ACAD
1000
MTEXTBEGIN
1070
    73
1070
     1
1070
    44
1040
1.0
1070
    74
1070
     0
1000
MTEXTEND
  0
LWPOLYLINE
  5
401
330
1F
100
AcDbEntity
  8
DT-20900-004-095
 62
     5
100
AcDbPolyline
 90
       12
 70
     1
 43
0.0
 10
16543.93617986081
 20
262.5945357833789
 10
16543.93617986089
 20
310.3086825325026
 42
0.4142135504456145
 10
16540.9361798609
 20
313.3086825324933
 10
16275.4361798609
 20
313.3086825329565
 42
0.4142135168822289
 10
16272.43617986089
 20
310.3086825329763
 10
16272.43617986042
 20
39.55132322012175
 42
0.1989123898880534
 10
16273.31485951684
 20
37.43000287654385
 10
16288.05750020394
 20
22.68736218936537
 42
0.1989123126957213
 10
16290.17882054751
 20
21.80868253294533
 10
16407.18163740712
 20
21.80868253274118
 42
0.2709549394776103
 10
16409.7963640185
 20
23.33789881387497
 10
16543.55090647216
 20
261.123752064518
 42
0.1288026233104862
  0
MTEXT
  5
402
330
1F
100
AcDbEntity
  8
Texto
 62
     5
100
AcDbMText
 10
16449.35109589015
 20
209.6077368861656
 30
0.0
 40
10.0
 41
113.848753321372
 71
     1
 72
     5
  1
DT-20900-004-095 \P{\W9.834118; }POS.1
 11
-1.0
 21
0.0000000000017623
 31
0.0
 73
     1
 44
1.0
1001
ACAD
1000
MTEXTBEGIN
1070
    73
1070
     1
1070
    44
1040
1.0
1070
    74
1070
     0
1000
MTEXTEND
  0
LWPOLYLINE
  5
403
330
1F
100
AcDbEntity
  8
0
 62
     5
100
AcDbPolyline
 90
       27
 70
     1
 43
0.0
 10
16423.93617986081
 20
556.3086827833785
 10
16423.93617986081
 20
606.3086827833785
 10
16394.9361798608
 20
606.3086827833785
 42
0.4142135389240055
 10
16391.9361798608
 20
603.3086827833785
 10
16391.9361798608
 20
336.3086827833789
 42
0.4142135565104479
 10
16394.9361798608
 20
333.3086827833789
 10
16530.93617986081
 20
333.3086827833789
 42
0.414213553083113
 10
16533.93617986081
 20
336.3086827833789
 10
16533.93617986081
 20
367.3086827833789
 10
16518.93617986081
 20
367.3086827833789
 10
16518.93617986081
 20
377.3086827833769
 10
16508.9361798608
 20
377.3086827833769
 10
16508.9361798608
 20
389.3086827833769
 10
16498.9361798608
 20
389.3086827833769
 10
16498.9361798608
 20
402.3086827833769
 10
16488.93617986081
 20
402.3086827833769
 10
16488.93617986081
 20
417.3086827833789
 10
16478.9361798608
 20
417.3086827833789
 10
16478.9361798608
 20
434.3086827833789
 10
16468.93617986081
 20
434.3086827833789
 10
16468.93617986081
 20
454.3086827833788
 10
16453.93617986081
 20
454.3086827833788
 10
16453.93617986081
 20
490.3086827833789
 10
16443.93617986081
 20
490.3086827833789
 10
16443.93617986081
 20
519.3086827833785
 10
16433.9361798608
 20
519.3086827833785
 10
16433.9361798608
 20
556.3086827833785
  0
MTEXT
  5
404
330
1F
100
AcDbEntity
  8
Texto
 62
     5
100
AcDbMText
 10
16435.40823871767
 20
470.626796020358
 30
0.0
 40
10.0
 41
122.8748579127441
 71
     1
 72
     5
  1
13652725 pos4
 11
-0.0000000000000002
 21
-1.0
 31
0.0
 73
     1
 44
1.0
1001
ACAD
1000
MTEXTBEGIN
1070
    73
1070
     1
1070
    44
1040
1.0
1070
    74
1070
     0
1000
MTEXTEND
  0
LWPOLYLINE
  5
405
330
1F
100
AcDbEntity
  8
13652725
 62
     5
100
AcDbPolyline
 90
       33
 70
     1
 43
0.0
 10
16370.51497371284
 20
1525.627991498007
 42
0.414213537856768
 10
16373.51497371284
 20
1522.627991498007
 10
16416.51497371284
 20
1522.627991498007
 10
16416.51497371284
 20
1470.627991498005
 42
0.4142135825221782
 10
16419.51497371284
 20
1467.627991498007
 10
16472.51497371284
 20
1467.627991498007
 42
0.4142135360336082
 10
16475.51497371284
 20
1470.627991498005
 10
16475.51497371284
 20
1482.627991498005
 10
16487.51497371284
 20
1482.627991498005
 42
0.4142135644715416
 10
16490.51497371283
 20
1485.627991498005
 10
16490.51497371283
 20
1501.627991498005
 10
16475.51497371284
 20
1501.627991498005
 10
16475.51497371284
 20
1511.627991498007
 10
16465.51497371284
 20
1511.627991498007
 10
16465.51497371284
 20
1523.627991498005
 10
16455.51497371284
 20
1523.627991498005
 10
16455.51497371284
 20
1536.627991498009
 10
16445.51497371282
 20
1536.627991498009
 10
16445.51497371282
 20
1551.627991498005
 10
16435.51497371284
 20
1551.627991498005
 10
16435.51497371284
 20
1568.627991498005
 10
16425.51497371283
 20
1568.627991498005
 10
16425.51497371283
 20
1588.627991498007
 10
16410.51497371283
 20
1588.627991498007
 10
16410.51497371283
 20
1624.627991498007
 10
16400.51497371284
 20
1624.627991498007
 10
16400.51497371284
 20
1653.627991498007
 10
16390.51497371283
 20
1653.627991498007
 10
16390.51497371283
 20
1690.627991498005
 10
16380.51497371284
 20
1690.627991498005
 10
16380.51497371284
 20
1740.627991498007
 10
16373.51497371284
 20
1740.627991498007
 42
0.4142135195123568
 10
16370.51497371284
 20
1737.627991498005
  0
MTEXT
  5
406
330
1F
100
AcDbEntity
  8
Texto
 62
     5
100
AcDbMText
 10
16389.42179010971
 20
1639.718426569419
 30
0.0
 40
10.0
 41
122.8748579127441
 71
     1
 72
     5
  1
13652725 pos3
 11
-0.0000000000000002
 21
-1.0
 31
0.0
 73
     1
 44
1.0
1001
ACAD
1000
MTEXTBEGIN
1070
    73
1070
     1
1070
    44
1040
1.0
1070
    74
1070
     0
1000
MTEXTEND
  0
LWPOLYLINE
  5
407
330
1F
100
AcDbEntity
  8
Des.
 62
     5
100
AcDbPolyline
 90
       12
 70
     1
 43
0.0
 10
16358.60833938397
 20
983.4433582381088
 10
16449.60833938397
 20
983.4433582381088
 42
0.4142135697685042
 10
16452.60833938397
 20
986.4433582381087
 10
16452.60833938397
 20
1124.443358238109
 42
0.4142135620214227
 10
16449.60833938397
 20
1127.443358238109
 10
16358.60833938397
 20
1127.443358238109
 42
0.4142135485281435
 10
16355.60833938397
 20
1124.443358238109
 10
16355.60833938397
 20
1088.306711688427
 42
0.3877946195090151
 10
16358.33561211149
 20
1085.319134102018
 42
-0.9128709296329653
 10
16358.33561211149
 20
1025.567582374197
 42
0.3877945672680835
 10
16355.60833938397
 20
1022.580004787788
 10
16355.60833938397
 20
986.4433582381087
 42
0.4142135562774222
  0
MTEXT
  5
408
330
1F
100
AcDbEntity
  8
Texto
 62
     5
100
AcDbMText
 10
16436.32033198677
 20
990.9120400344791
 30
0.0
 40
8.0
 41
185.5745343299686
 71
     1
 72
     5
  1
DT-20418-006-007 pos.8
 11
0.0000000000000001
 21
1.0
 31
0.0
 73
     1
 44
1.0
1001
ACAD
1000
MTEXTBEGIN
1070
    73
1070
     1
1070
    44
1040
1.0
1070
    74
1070
     0
1000
MTEXTEND
  0
LWPOLYLINE
  5
409
330
1F
100
AcDbEntity
  8
DT-20900-004-095
 62
     5
100
AcDbPolyline
 90
       12
 70
     1
 43
0.0
 10
16403.41468236019
 20
1452.314613777534
 10
16380.02229254133
 20
1493.901100748181
 42
0.4142134900603063
 10
16375.93678240127
 20
1495.045044319923
 10
16144.53345565291
 20
1364.880723671785
 42
0.4142135242827779
 10
16143.38951208114
 20
1360.795213531724
 10
16276.13131146134
 20
1124.80970058786
 42
0.1989123299989563
 10
16277.93714806036
 20
1123.391591947342
 10
16298.01421739995
 20
1117.770008932415
 42
0.1989123732768769
 10
16300.29389094096
 20
1118.044174001166
 10
16402.27069342778
 20
1175.406103080087
 42
0.2709549448272017
 10
16403.79991014361
 20
1178.020829437239
 10
16403.79995550423
 20
1450.843829994599
 42
0.1288026955798765
  0
MTEXT
  5
40A
330
1F
100
AcDbEntity
  8
Texto
 62
     5
100
AcDbMText
 10
16346.95399531775
 20
1359.761224937323
 30
0.0
 40
10.0
 41
113.848753321372
 71
     1
 72
     5
  1
DT-20900-004-095 \P{\W9.834118; }POS.1
 11
-0.8715756186377976
 21
-0.4902610947200892
 31
0.0
 73
     1
 44
1.0
1001
ACAD
1000
MTEXTBEGIN
1070
    73
1070
     1
1070
    44
1040
1.0
1070
    74
1070
     0
1000
MTEXTEND
  0
LWPOLYLINE
  5
40B
330
1F
100
AcDbEntity
  8
13652725
 62
     5
100
AcDbPolyline
 90
       33
 70
     1
 43
0.0
 10
16345.00000136019
 20
1784.000000099942
 42
0.4142135272977409
 10
16342.00000136017
 20
1787.000000099942
 10
16299.00000136019
 20
1787.000000099942
 10
16299.00000136019
 20
1839.000000099942
 42
0.4142135473908579
 10
16296.00000136017
 20
1842.000000099942
 10
16243.00000136017
 20
1842.000000099942
 42
0.4142135224217003
 10
16240.00000136019
 20
1839.000000099942
 10
16240.00000136019
 20
1827.000000099943
 10
16228.00000136017
 20
1827.000000099943
 42
0.4142135753868379
 10
16225.00000136018
 20
1824.000000099943
 10
16225.00000136018
 20
1808.000000099943
 10
16240.00000136019
 20
1808.000000099943
 10
16240.00000136019
 20
1798.000000099942
 10
16250.00000136017
 20
1798.000000099942
 10
16250.00000136017
 20
1786.000000099942
 10
16260.00000136019
 20
1786.000000099942
 10
16260.00000136019
 20
1773.000000099942
 10
16270.00000136017
 20
1773.000000099942
 10
16270.00000136017
 20
1758.000000099943
 10
16280.00000136019
 20
1758.000000099943
 10
16280.00000136019
 20
1741.000000099943
 10
16290.00000136018
 20
1741.000000099943
 10
16290.00000136018
 20
1721.000000099942
 10
16305.00000136018
 20
1721.000000099942
 10
16305.00000136018
 20
1685.000000099943
 10
16315.00000136017
 20
1685.000000099943
 10
16315.00000136017
 20
1656.000000099942
 10
16325.00000136019
 20
1656.000000099942
 10
16325.00000136019
 20
1619.000000099943
 10
16335.00000136019
 20
1619.000000099943
 10
16335.00000136019
 20
1569.000000099943
 10
16342.00000136017
 20
1569.000000099943
 42
0.4142135463268505
 10
16345.00000136019
 20
1572.000000099943
  0
MTEXT
  5
40C
330
1F
100
AcDbEntity
  8
Texto
 62
     5
100
AcDbMText
 10
16326.09318496332
 20
1669.909565028558
 30
0.0
 40
10.0
 41
122.8748579127441
 71
     1
 72
     5
  1
13652725 pos3
 11
0.0000000000000001
 21
1.0
 31
0.0
 73
     1
 44
1.0
1001
ACAD
1000
MTEXTBEGIN
1070
    73
1070
     1
1070
    44
1040
1.0
1070
    74
1070
     0
1000
MTEXTEND
  0
LWPOLYLINE
  5
40D
330
1F
100
AcDbEntity
  8
0
 62
     5
100
AcDbPolyline
 90
       30
 70
     1
 43
0.0
 10
16273.51497371284
 20
1495.283897884328
 42
0.4142136048003884
 10
16276.51497371284
 20
1498.283897884328
 10
16276.51497371284
 20
1516.283897884328
 10
16347.51497371283
 20
1516.283897884328
 42
0.4142135868329954
 10
16350.51497371284
 20
1519.283897884328
 10
16350.51497371284
 20
1529.283897884329
 10
16335.51497371284
 20
1529.283897884329
 10
16335.51497371284
 20
1539.283897884329
 10
16325.51497371284
 20
1539.283897884329
 10
16325.51497371284
 20
1551.283897884328
 10
16315.51497371284
 20
1551.283897884328
 10
16315.51497371284
 20
1564.283897884329
 10
16305.51497371283
 20
1564.283897884329
 10
16305.51497371283
 20
1579.283897884329
 10
16295.51497371284
 20
1579.283897884329
 10
16295.51497371284
 20
1596.283897884328
 10
16285.51497371284
 20
1596.283897884328
 10
16285.51497371284
 20
1616.283897884329
 10
16270.51497371284
 20
1616.283897884329
 10
16270.51497371284
 20
1652.283897884328
 10
16260.51497371284
 20
1652.283897884328
 10
16260.51497371284
 20
1681.283897884328
 10
16250.51497371284
 20
1681.283897884328
 10
16250.51497371284
 20
1718.28389788433
 10
16240.51497371283
 20
1718.28389788433
 10
16240.51497371283
 20
1768.28389788433
 10
16233.51497371283
 20
1768.28389788433
 42
0.4142135710440546
 10
16230.51497371284
 20
1765.283897884329
 10
16230.51497371284
 20
1498.283897884328
 42
0.4142135492897154
 10
16233.51497371283
 20
1495.283897884328
  0
MTEXT
  5
40E
330
1F
100
AcDbEntity
  8
Texto
 62
     5
100
AcDbMText
 10
16254.54930163709
 20
1634.761985405836
 30
0.0
 40
10.0
 41
122.8748579127441
 71
     1
 72
     5
  1
13652725 pos2
 11
-0.0000000000000002
 21
-1.0
 31
0.0
 73
     1
 44
1.0
1001
ACAD
1000
MTEXTBEGIN
1070
    73
1070
     1
1070
    44
1040
1.0
1070
    74
1070
     0
1000
MTEXTEND
  0
LWPOLYLINE
  5
40F
330
1F
100
AcDbEntity
  8
0
 62
     5
100
AcDbPolyline
 90
       12
 70
     1
 43
0.0
 10
16371.93617986081
 20
550.3086827833786
 42
0.4142135217861729
 10
16368.93617986082
 20
553.3086827833805
 10
16290.37805440402
 20
553.3086827833805
 42
0.22783779093811
 10
16288.03544797501
 20
552.1827679260342
 10
16209.59357343274
 20
454.1304247479595
 42
0.1703036521706358
 10
16208.93617986082
 20
452.256339605304
 10
16208.93617986082
 20
349.5513234705025
 42
0.1989124173974936
 10
16209.81485951724
 20
347.4300031269261
 10
16223.0575002044
 20
334.1873624398334
 42
0.1989123824227804
 10
16225.17882054797
 20
333.3086827833789
 10
16368.93617986082
 20
333.3086827833789
 42
0.4142135220286551
 10
16371.93617986081
 20
336.3086827833789
  0
MTEXT
  5
410
330
1F
100
AcDbEntity
  8
Texto
 62
     5
100
AcDbMText
 10
16341.99050027164
 20
394.1115713193024
 30
0.0
 40
10.0
 41
122.8748579127441
 71
     1
 72
     5
  1
13652725 pos8
 11
0.0000000000000001
 21
1.0
 31
0.0
 73
     1
 44
1.0
1001
ACAD
1000
MTEXTBEGIN
1070
    73
1070
     1
1070
    44
1040
1.0
1070
    74
1070
     0
1000
MTEXTEND
  0
LWPOLYLINE
  5
411
330
1F
100
AcDbEntity
  8
0
 62
     5
100
AcDbPolyline
 90
       12
 70
     1
 43
0.0
 10
16335.60833938397
 20
798.0049141216398
 42
0.4142135396342205
 10
16332.60833938398
 20
801.0049141216416
 10
16254.05021392625
 20
801.0049141216416
 42
0.2278378012503609
 10
16251.70760749817
 20
799.8789992642953
 10
16173.26573295497
 20
701.8266560862205
 42
0.1703035861447734
 10
16172.60833938398
 20
699.952570943565
 10
16172.60833938398
 20
597.2475548087635
 42
0.1989123633358817
 10
16173.4870190404
 20
595.1262344651873
 10
16186.72965972755
 20
581.8835937780944
 42
0.1989123351434163
 10
16188.85098007113
 20
581.0049141216398
 10
16332.60833938398
 20
581.0049141216398
 42
0.4142135398757317
 10
16335.60833938397
 20
584.0049141216399
  0
MTEXT
  5
412
330
1F
100
AcDbEntity
  8
Texto
 62
     5
100
AcDbMText
 10
16305.6626597948
 20
641.8078026575634
 30
0.0
 40
10.0
 41
122.8748579127441
 71
     1
 72
     5
  1
13652725 pos8
 11
0.0000000000000001
 21
1.0
 31
0.0
 73
     1
 44
1.0
1001
ACAD
1000
MTEXTBEGIN
1070
    73
1070
     1
1070
    44
1040
1.0
1070
    74
1070
     0
1000
MTEXTEND
  0
LWPOLYLINE
  5
413
330
1F
100
AcDbEntity
  8
0
 62
     5
100
AcDbPolyline
 90
       27
 70
     1
 43
0.0
 10
16303.60833938397
 20
872.3769227235747
 10
16303.60833938397
 20
822.3769227235747
 10
16332.60833938397
 20
822.3769227235747
 42
0.4142135768094218
 10
16335.60833938397
 20
825.3769227235746
 10
16335.60833938397
 20
1092.376922723574
 42
0.4142135596048239
 10
16332.60833938397
 20
1095.376922723574
 10
16196.60833938397
 20
1095.376922723574
 42
0.4142135946691945
 10
16193.60833938397
 20
1092.376922723574
 10
16193.60833938397
 20
1061.376922723574
 10
16208.60833938397
 20
1061.376922723574
 10
16208.60833938397
 20
1051.376922723574
 10
16218.60833938397
 20
1051.376922723574
 10
16218.60833938397
 20
1039.376922723574
 10
16228.60833938397
 20
1039.376922723574
 10
16228.60833938397
 20
1026.376922723576
 10
16238.60833938397
 20
1026.376922723576
 10
16238.60833938397
 20
1011.376922723575
 10
16248.60833938397
 20
1011.376922723575
 10
16248.60833938397
 20
994.3769227235764
 10
16258.60833938397
 20
994.3769227235764
 10
16258.60833938397
 20
974.3769227235764
 10
16273.60833938397
 20
974.3769227235764
 10
16273.60833938397
 20
938.3769227235763
 10
16283.60833938397
 20
938.3769227235763
 10
16283.60833938397
 20
909.3769227235743
 10
16293.60833938397
 20
909.3769227235743
 10
16293.60833938397
 20
872.3769227235747
  0
MTEXT
  5
414
330
1F
100
AcDbEntity
  8
Texto
 62
     5
100
AcDbMText
 10
16292.13628052711
 20
958.0588094865964
 30
0.0
 40
10.0
 41
122.8748579127441
 71
     1
 72
     5
  1
13652725 pos4
 11
0.0000000000000001
 21
1.0
 31
0.0
 73
     1
 44
1.0
1001
ACAD
1000
MTEXTBEGIN
1070
    73
1070
     1
1070
    44
1040
1.0
1070
    74
1070
     0
1000
MTEXTEND
  0
LWPOLYLINE
  5
415
330
1F
100
AcDbEntity
  8
DT-20900-004-095
 62
     5
100
AcDbPolyline
 90
       12
 70
     1
 43
0.0
 10
15980.93617986081
 20
68.71414709994171
 10
15980.93617986081
 20
21.00000034988665
 42
0.4142135542423358
 10
15983.93617986081
 20
18.0000003499012
 10
16249.43617986081
 20
18.00000034990127
 42
0.4142135588564699
 10
16252.43617986081
 20
21.00000034988672
 10
16252.43617986081
 20
291.7573596627412
 42
0.1989123411764597
 10
16251.55750020436
 20
293.8786800063176
 10
16236.81485951727
 20
308.6213206934704
 42
0.1989123602632088
 10
16234.69353917369
 20
309.5000003498868
 10
16117.69072231406
 20
309.5000003498867
 42
0.2709550296884017
 10
16115.0759957027
 20
307.9707840687484
 10
15981.32145324943
 20
70.18493081879608
 42
0.1288025876765155
  0
MTEXT
  5
416
330
1F
100
AcDbEntity
  8
Texto
 62
     5
100
AcDbMText
 10
16075.52126383138
 20
121.70094599732
 30
0.0
 40
10.0
 41
113.848753321372
 71
     1
 72
     5
  1
DT-20900-004-095 \P{\W9.834118; }POS.1
 73
     1
 44
1.0
1001
ACAD
1000
MTEXTBEGIN
1070
    73
1070
     1
1070
    44
1040
1.0
1070
    74
1070
     0
1000
MTEXTEND
  0
LWPOLYLINE
  5
417
330
1F
100
AcDbEntity
  8
0
 62
     5
100
AcDbPolyline
 90
       27
 70
     1
 43
0.0
 10
16173.00000136019
 20
1619.000000099942
 10
16173.00000136019
 20
1569.000000099942
 10
16202.00000136019
 20
1569.000000099942
 42
0.4142135756248972
 10
16205.00000136019
 20
1572.000000099942
 10
16205.00000136019
 20
1839.000000099942
 42
0.4142135819940258
 10
16202.00000136019
 20
1842.000000099942
 10
16066.00000136019
 20
1842.000000099942
 42
0.4142135428723721
 10
16063.00000136019
 20
1839.000000099942
 10
16063.00000136019
 20
1808.000000099942
 10
16078.00000136019
 20
1808.000000099942
 10
16078.00000136019
 20
1798.000000099942
 10
16088.00000136018
 20
1798.000000099942
 10
16088.00000136018
 20
1786.000000099942
 10
16098.00000136019
 20
1786.000000099942
 10
16098.00000136019
 20
1773.000000099942
 10
16108.00000136018
 20
1773.000000099942
 10
16108.00000136018
 20
1758.000000099942
 10
16118.00000136019
 20
1758.000000099942
 10
16118.00000136019
 20
1741.000000099942
 10
16128.00000136019
 20
1741.000000099942
 10
16128.00000136019
 20
1721.000000099942
 10
16143.00000136019
 20
1721.000000099942
 10
16143.00000136019
 20
1685.000000099942
 10
16153.00000136019
 20
1685.000000099942
 10
16153.00000136019
 20
1656.000000099943
 10
16163.00000136019
 20
1656.000000099943
 10
16163.00000136019
 20
1619.000000099942
  0
MTEXT
  5
418
330
1F
100
AcDbEntity
  8
Texto
 62
     5
100
AcDbMText
 10
16161.52794250426
 20
1704.681886862963
 30
0.0
 40
10.0
 41
122.8748579127441
 71
     1
 72
     5
  1
13652725 pos4
 11
0.0000000000000001
 21
1.0
 31
0.0
 73
     1
 44
1.0
1001
ACAD
1000
MTEXTBEGIN
1070
    73
1070
     1
1070
    44
1040
1.0
1070
    74
1070
     0
1000
MTEXTEND
  0
LWPOLYLINE
  5
419
330
1F
100
AcDbEntity
  8
13652725
 62
     5
100
AcDbPolyline
 90
       33
 70
     1
 43
0.0
 10
16163.60833938397
 20
879.0049141216398
 42
0.4142135458305643
 10
16166.60833938396
 20
876.0049141216398
 10
16209.60833938397
 20
876.0049141216398
 10
16209.60833938397
 20
824.0049141216399
 42
0.414213556271817
 10
16212.60833938397
 20
821.0049141216398
 10
16265.60833938396
 20
821.0049141216398
 42
0.4142135956608898
 10
16268.60833938397
 20
824.0049141216399
 10
16268.60833938397
 20
836.0049141216382
 10
16280.60833938397
 20
836.0049141216382
 42
0.4142136179595465
 10
16283.60833938397
 20
839.0049141216399
 10
16283.60833938397
 20
855.0049141216399
 10
16268.60833938397
 20
855.0049141216399
 10
16268.60833938397
 20
865.0049141216399
 10
16258.60833938397
 20
865.0049141216399
 10
16258.60833938397
 20
877.0049141216416
 10
16248.60833938397
 20
877.0049141216416
 10
16248.60833938397
 20
890.0049141216399
 10
16238.60833938397
 20
890.0049141216399
 10
16238.60833938397
 20
905.0049141216399
 10
16228.60833938397
 20
905.0049141216399
 10
16228.60833938397
 20
922.0049141216399
 10
16218.60833938397
 20
922.0049141216399
 10
16218.60833938397
 20
942.0049141216381
 10
16203.60833938397
 20
942.0049141216381
 10
16203.60833938397
 20
978.00491412164
 10
16193.60833938397
 20
978.00491412164
 10
16193.60833938397
 20
1007.00491412164
 10
16183.60833938397
 20
1007.00491412164
 10
16183.60833938397
 20
1044.00491412164
 10
16173.60833938397
 20
1044.00491412164
 10
16173.60833938397
 20
1094.00491412164
 10
16166.60833938396
 20
1094.00491412164
 42
0.4142135480291382
 10
16163.60833938397
 20
1091.00491412164
  0
MTEXT
  5
41A
330
1F
100
AcDbEntity
  8
Texto
 62
     5
100
AcDbMText
 10
16182.51515578083
 20
993.0953491930223
 30
0.0
 40
10.0
 41
122.8748579127441
 71
     1
 72
     5
  1
13652725 pos3
 11
-0.0000000000000002
 21
-1.0
 31
0.0
 73
     1
 44
1.0
1001
ACAD
1000
MTEXTBEGIN
1070
    73
1070
     1
1070
    44
1040
1.0
1070
    74
1070
     0
1000
MTEXTEND
  0
LWPOLYLINE
  5
41B
330
1F
100
AcDbEntity
  8
0
 62
     5
100
AcDbPolyline
 90
       30
 70
     1
 43
0.0
 10
16156.00000136019
 20
1428.602738287731
 42
0.4142135188775839
 10
16159.0000013602
 20
1431.602738287729
 10
16159.0000013602
 20
1449.602738287729
 10
16230.00000136018
 20
1449.602738287729
 42
0.4142135831439426
 10
16233.00000136019
 20
1452.602738287729
 10
16233.00000136019
 20
1462.602738287729
 10
16218.00000136019
 20
1462.602738287729
 10
16218.00000136019
 20
1472.602738287729
 10
16208.00000136019
 20
1472.602738287729
 10
16208.00000136019
 20
1484.602738287729
 10
16198.00000136019
 20
1484.602738287729
 10
16198.00000136019
 20
1497.602738287729
 10
16188.00000136018
 20
1497.602738287729
 10
16188.00000136018
 20
1512.602738287729
 10
16178.0000013602
 20
1512.602738287729
 10
16178.0000013602
 20
1529.602738287729
 10
16168.00000136018
 20
1529.602738287729
 10
16168.00000136018
 20
1549.602738287729
 10
16153.00000136019
 20
1549.602738287729
 10
16153.00000136019
 20
1585.602738287729
 10
16143.00000136019
 20
1585.602738287729
 10
16143.00000136019
 20
1614.602738287731
 10
16133.00000136019
 20
1614.602738287731
 10
16133.00000136019
 20
1651.602738287729
 10
16123.00000136019
 20
1651.602738287729
 10
16123.00000136019
 20
1701.602738287729
 10
16116.00000136019
 20
1701.602738287729
 42
0.4142135441275329
 10
16113.0000013602
 20
1698.602738287729
 10
16113.0000013602
 20
1431.602738287729
 42
0.4142135321688089
 10
16116.00000136019
 20
1428.602738287731
  0
MTEXT
  5
41C
330
1F
100
AcDbEntity
  8
Texto
 62
     5
100
AcDbMText
 10
16137.03432928445
 20
1568.080825809235
 30
0.0
 40
10.0
 41
122.8748579127441
 71
     1
 72
     5
  1
13652725 pos2
 11
-0.0000000000000002
 21
-1.0
 31
0.0
 73
     1
 44
1.0
1001
ACAD
1000
MTEXTBEGIN
1070
    73
1070
     1
1070
    44
1040
1.0
1070
    74
1070
     0
1000
MTEXTEND
  0
LWPOLYLINE
  5
41D
330
1F
100
AcDbEntity
  8
13652725
 62
     5
100
AcDbPolyline
 90
       33
 70
     1
 43
0.0
 10
16113.00000136019
 20
1173.376922723574
 42
0.414213592704251
 10
16116.00000136019
 20
1170.376922723573
 10
16159.00000136019
 20
1170.376922723573
 10
16159.00000136019
 20
1118.376922723574
 42
0.4142135617720643
 10
16162.00000136019
 20
1115.376922723574
 10
16215.00000136019
 20
1115.376922723574
 42
0.4142135990049856
 10
16218.00000136018
 20
1118.376922723574
 10
16218.00000136018
 20
1130.376922723574
 10
16230.00000136018
 20
1130.376922723574
 42
0.4142135724818447
 10
16233.00000136018
 20
1133.376922723575
 10
16233.00000136018
 20
1149.376922723574
 10
16218.00000136018
 20
1149.376922723574
 10
16218.00000136018
 20
1159.376922723574
 10
16208.00000136019
 20
1159.376922723574
 10
16208.00000136019
 20
1171.376922723574
 10
16198.00000136018
 20
1171.376922723574
 10
16198.00000136018
 20
1184.376922723574
 10
16188.00000136018
 20
1184.376922723574
 10
16188.00000136018
 20
1199.376922723574
 10
16178.00000136019
 20
1199.376922723574
 10
16178.00000136019
 20
1216.376922723575
 10
16168.00000136018
 20
1216.376922723575
 10
16168.00000136018
 20
1236.376922723575
 10
16153.00000136018
 20
1236.376922723575
 10
16153.00000136018
 20
1272.376922723574
 10
16143.00000136019
 20
1272.376922723574
 10
16143.00000136019
 20
1301.376922723574
 10
16133.00000136018
 20
1301.376922723574
 10
16133.00000136018
 20
1338.376922723574
 10
16123.00000136018
 20
1338.376922723574
 10
16123.00000136018
 20
1388.376922723574
 10
16116.00000136019
 20
1388.376922723574
 42
0.4142136295550701
 10
16113.00000136019
 20
1385.376922723575
  0
MTEXT
  5
41E
330
1F
100
AcDbEntity
  8
Texto
 62
     5
100
AcDbMText
 10
16131.90681775612
 20
1287.467357794986
 30
0.0
 40
10.0
 41
122.8748579127441
 71
     1
 72
     5
  1
13652725 pos3
 11
-0.0000000000000002
 21
-1.0
 31
0.0
 73
     1
 44
1.0
1001
ACAD
1000
MTEXTBEGIN
1070
    73
1070
     1
1070
    44
1040
1.0
1070
    74
1070
     0
1000
MTEXTEND
  0
LWPOLYLINE
  5
41F
330
1F
100
AcDbEntity
  8
0
 62
     5
100
AcDbPolyline
 90
       12
 70
     1
 43
0.0
 10
16188.93617986081
 20
558.0877072449585
 42
0.4142135368484571
 10
16185.93617986082
 20
561.0877072449585
 10
16107.37805440402
 20
561.0877072449585
 42
0.2278377912474793
 10
16105.03544797501
 20
559.9617923876141
 10
16026.59357343274
 20
461.9094492095404
 42
0.1703036750064369
 10
16025.93617986082
 20
460.0353640668839
 10
16025.93617986082
 20
357.3303479320832
 42
0.1989123649516861
 10
16026.81485951724
 20
355.2090275885059
 10
16040.0575002044
 20
341.9663869013823
 42
0.1989123716982527
 10
16042.17882054797
 20
341.0877072449578
 10
16185.93617986082
 20
341.0877072449578
 42
0.4142135616313965
 10
16188.93617986081
 20
344.0877072449577
  0
MTEXT
  5
420
330
1F
100
AcDbEntity
  8
Texto
 62
     5
100
AcDbMText
 10
16158.99050027164
 20
401.8905957808522
 30
0.0
 40
10.0
 41
122.8748579127441
 71
     1
 72
     5
  1
13652725 pos8
 11
0.0000000000000001
 21
1.0
 31
0.0
 73
     1
 44
1.0
1001
ACAD
1000
MTEXTBEGIN
1070
    73
1070
     1
1070
    44
1040
1.0
1070
    74
1070
     0
1000
MTEXTEND
  0
LWPOLYLINE
  5
421
330
1F
100
AcDbEntity
  8
DT-20900-004-095
 62
     5
100
AcDbPolyline
 90
       12
 70
     1
 43
0.0
 10
16183.54355910232
 20
761.822356796849
 10
16183.5435591024
 20
809.5365035459728
 42
0.4142136142168831
 10
16180.54355910241
 20
812.5365035459779
 10
15915.04355910241
 20
812.5365035464412
 42
0.4142135605077242
 10
15912.0435591024
 20
809.5365035464464
 10
15912.04355910193
 20
538.7791442335919
 42
0.198912425725296
 10
15912.92223875835
 20
536.6578238900213
 10
15927.66487944545
 20
521.9151832028355
 42
0.1989123989455001
 10
15929.78619978902
 20
521.0365035464156
 10
16046.78901664863
 20
521.0365035462114
 42
0.2709549637754869
 10
16049.40374326002
 20
522.5657198273307
 10
16183.15828571367
 20
760.3515730779879
 42
0.128802607749908
  0
MTEXT
  5
422
330
1F
100
AcDbEntity
  8
Texto
 62
     5
100
AcDbMText
 10
16088.95847513166
 20
708.8355578996285
 30
0.0
 40
10.0
 41
113.848753321372
 71
     1
 72
     5
  1
DT-20900-004-095 \P{\W9.834118; }POS.1
 11
-1.0
 21
0.0000000000017054
 31
0.0
 73
     1
 44
1.0
1001
ACAD
1000
MTEXTBEGIN
1070
    73
1070
     1
1070
    44
1040
1.0
1070
    74
1070
     0
1000
MTEXTEND
  0
LWPOLYLINE
  5
423
330
1F
100
AcDbEntity
  8
0
 62
     5
100
AcDbPolyline
 90
       12
 70
     1
 43
0.0
 10
16143.60833938397
 20
1049.536503796849
 42
0.4142135850893068
 10
16140.60833938397
 20
1052.536503796849
 10
16062.05021392624
 20
1052.536503796849
 42
0.2278378095433411
 10
16059.70760749817
 20
1051.410588939499
 10
15981.26573295496
 20
953.3582457614295
 42
0.1703035864947461
 10
15980.60833938397
 20
951.484160618769
 10
15980.60833938397
 20
848.779144483969
 42
0.1989123147228447
 10
15981.48701904039
 20
846.6578241403889
 10
15994.72965972754
 20
833.4151834533001
 42
0.1989123659272582
 10
15996.85098007112
 20
832.536503796849
 10
16140.60833938397
 20
832.536503796849
 42
0.4142135609183121
 10
16143.60833938397
 20
835.5365037968491
  0
MTEXT
  5
424
330
1F
100
AcDbEntity
  8
Texto
 62
     5
100
AcDbMText
 10
16113.66265979479
 20
893.339392332769
 30
0.0
 40
10.0
 41
122.8748579127441
 71
     1
 72
     5
  1
13652725 pos8
 11
0.0000000000000001
 21
1.0
 31
0.0
 73
     1
 44
1.0
1001
ACAD
1000
MTEXTBEGIN
1070
    73
1070
     1
1070
    44
1040
1.0
1070
    74
1070
     0
1000
MTEXTEND
  0
LWPOLYLINE
  5
425
330
1F
100
AcDbEntity
  8
DT-20900-004-095
 62
     5
100
AcDbPolyline
 90
       12
 70
     1
 43
0.0
 10
15852.21414836019
 20
1842.000000099942
 10
15804.50000161106
 20
1842.000000099942
 42
0.4142135091543842
 10
15801.50000161108
 20
1839.000000099942
 10
15801.50000161108
 20
1573.500000099942
 42
0.4142135051905346
 10
15804.50000161106
 20
1570.500000099942
 10
16075.25736092392
 20
1570.500000099942
 42
0.1989123113384625
 10
16077.37868126749
 20
1571.378679756393
 10
16092.12132195465
 20
1586.121320443522
 42
0.1989123214700295
 10
16093.00000161106
 20
1588.242640787062
 10
16093.00000161106
 20
1705.245457646702
 42
0.2709549226734421
 10
16091.47078532992
 20
1707.860184258083
 10
15853.68493207905
 20
1841.614726711323
 42
0.1288025856670743
  0
MTEXT
  5
426
330
1F
100
AcDbEntity
  8
Texto
 62
     5
100
AcDbMText
 10
15905.20094725756
 20
1747.414916129373
 30
0.0
 40
10.0
 41
113.848753321372
 71
     1
 72
     5
  1
DT-20900-004-095 \P{\W9.834118; }POS.1
 11
-0.0000000000000002
 21
-1.0
 31
0.0
 73
     1
 44
1.0
1001
ACAD
1000
MTEXTBEGIN
1070
    73
1070
     1
1070
    44
1040
1.0
1070
    74
1070
     0
1000
MTEXTEND
  0
LWPOLYLINE
  5
427
330
1F
100
AcDbEntity
  8
DT-20900-004-095
 62
     5
100
AcDbPolyline
 90
       12
 70
     1
 43
0.0
 10
16042.28585436019
 20
1279.000000099942
 10
16090.00000111022
 20
1279.000000099942
 42
0.4142135630862295
 10
16093.00000111024
 20
1282.000000099942
 10
16093.00000111024
 20
1547.500000099942
 42
0.4142135804880412
 10
16090.00000111022
 20
1550.500000099942
 10
15819.24264179739
 20
1550.500000099942
 42
0.198912336297451
 10
15817.12132145382
 20
1549.621320443491
 10
15802.37868076666
 20
1534.878679756362
 42
0.1989123625073068
 10
15801.50000111024
 20
1532.757359412822
 10
15801.50000111024
 20
1415.754542553182
 42
0.2709549809621119
 10
15803.02921739137
 20
1413.139815941802
 10
16040.81507064132
 20
1279.385273488562
 42
0.1288026583271647
  0
MTEXT
  5
428
330
1F
100
AcDbEntity
  8
Texto
 62
     5
100
AcDbMText
 10
15989.2990554628
 20
1373.585084070511
 30
0.0
 40
10.0
 41
113.848753321372
 71
     1
 72
     5
  1
DT-20900-004-095 \P{\W9.834118; }POS.1
 11
0.0000000000000001
 21
1.0
 31
0.0
 73
     1
 44
1.0
1001
ACAD
1000
MTEXTBEGIN
1070
    73
1070
     1
1070
    44
1040
1.0
1070
    74
1070
     0
1000
MTEXTEND
  0
LWPOLYLINE
  5
429
330
1F
100
AcDbEntity
  8
0
 62
     5
100
AcDbPolyline
 90
       12
 70
     1
 43
0.0
 10
15930.00000136018
 20
1028.041701767119
 42
0.4142135523825541
 10
15933.00000136019
 20
1025.041701767119
 10
16011.55812681791
 20
1025.041701767119
 42
0.2278378063983303
 10
16013.90073324598
 20
1026.16761662446
 10
16092.3426077892
 20
1124.219959802538
 42
0.1703036358753234
 10
16093.00000136019
 20
1126.094044945188
 10
16093.00000136019
 20
1228.79906107999
 42
0.1989124042106788
 10
16092.12132170376
 20
1230.92038142357
 10
16078.87868101662
 20
1244.16302211067
 42
0.1989123565109066
 10
16076.75736067303
 20
1245.041701767119
 10
15933.00000136019
 20
1245.041701767119
 42
0.4142135406421764
 10
15930.00000136018
 20
1242.041701767119
  0
MTEXT
  5
42A
330
1F
100
AcDbEntity
  8
Texto
 62
     5
100
AcDbMText
 10
15959.94568094936
 20
1184.238813231199
 30
0.0
 40
10.0
 41
122.8748579127441
 71
     1
 72
     5
  1
13652725 pos8
 11
-0.0000000000000002
 21
-1.0
 31
0.0
 73
     1
 44
1.0
1001
ACAD
1000
MTEXTBEGIN
1070
    73
1070
     1
1070
    44
1040
1.0
1070
    74
1070
     0
1000
MTEXTEND
  0
LWPOLYLINE
  5
42B
330
1F
100
AcDbEntity
  8
DT-20900-004-095
 62
     6
100
AcDbPolyline
 90
       23
 70
     1
 43
0.0
 10
15951.63596936019
 20
205.4088818279742
 42
0.1673426925391995
 10
15951.00000162034
 20
203.5618974020034
 10
15951.00000162034
 20
97.59488024188422
 42
0.4142135673161321
 10
15954.00000162034
 20
94.59488024188422
 10
15970.00000162034
 20
94.59488024188422
 10
15970.00000162034
 20
127.1448802418744
 10
15980.00000162033
 20
127.1448802418744
 10
15980.00000162033
 20
153.0648802418836
 10
15990.00000162033
 20
153.0648802418836
 10
15990.00000162033
 20
174.7248802418634
 10
16000.00000162034
 20
174.7248802418634
 10
16000.00000162034
 20
193.6248802418849
 10
16020.00000162034
 20
193.6248802418849
 10
16020.00000162034
 20
224.9448802418646
 10
16040.00000162033
 20
224.9448802418646
 10
16040.00000162033
 20
250.8648802418738
 10
16060.00000162033
 20
250.8648802418738
 10
16060.00000162033
 20
272.4648802418833
 10
16066.00000162033
 20
272.4648802418833
 10
16066.00000162033
 20
311.5948802418843
 42
0.4142135608384188
 10
16063.00000162033
 20
314.5948802418843
 10
16038.40461830219
 20
314.5948802418843
 42
0.2308681630458349
 10
16036.04058604113
 20
313.4418646678551
  0
MTEXT
  5
42C
102
{ACAD_XDICTIONARY
360
BA0
102
}
330
1F
100
AcDbEntity
  8
Texto
 62
     6
100
AcDbMText
 10
15977.72172091605
 20
128.0262809294344
 30
0.0
 40
5.0
 41
66.47933098650539
 71
     3
 72
     5
  1
DT-20900-004-095\P POS.11
 11
-0.0000000000000002
 21
-1.0
 31
0.0
 73
     1
 44
1.0
1001
ACAD
1000
MTEXTBEGIN
1070
    73
1070
     1
1070
    44
1040
1.0
1070
    74
1070
     0
1000
MTEXTEND
  0
LWPOLYLINE
  5
42D
330
1F
100
AcDbEntity
  8
0
 62
     5
100
AcDbPolyline
 90
       12
 70
     1
 43
0.0
 10
15996.86780007448
 20
355.470127219125
 42
0.4142135557042674
 10
15999.86780007448
 20
358.4701272191104
 10
15999.86780007448
 20
437.0282526759127
 42
0.2278377814130849
 10
15998.74188521713
 20
439.3708591049233
 10
15900.68954203906
 20
517.8127336471968
 42
0.170303627387134
 10
15898.8154568964
 20
518.4701272191102
 10
15796.1104407616
 20
518.4701272191102
 42
0.1989123667803806
 10
15793.98912041803
 20
517.5914475626939
 10
15780.74647973093
 20
504.3488068755412
 42
0.198912352869688
 10
15779.86780007448
 20
502.2274865319649
 10
15779.86780007448
 20
358.4701272191104
 42
0.4142135427713291
 10
15782.86780007448
 20
355.4701272191249
  0
MTEXT
  5
42E
330
1F
100
AcDbEntity
  8
Texto
 62
     5
100
AcDbMText
 10
15840.6706886104
 20
385.4158068082924
 30
0.0
 40
10.0
 41
122.8748579127441
 71
     1
 72
     5
  1
13652725 pos8
 73
     1
 44
1.0
1001
ACAD
1000
MTEXTBEGIN
1070
    73
1070
     1
1070
    44
1040
1.0
1070
    74
1070
     0
1000
MTEXTEND
  0
LWPOLYLINE
  5
42F
330
1F
100
AcDbEntity
  8
DT-20900-004-095
 62
     6
100
AcDbPolyline
 90
       23
 70
     1
 43
0.0
 10
15877.18599936019
 20
1265.677669767119
 42
0.1673426829424345
 10
15879.03298378616
 20
1265.0417020282
 10
15985.00000094627
 20
1265.0417020282
 42
0.4142135416774809
 10
15988.00000094627
 20
1268.0417020282
 10
15988.00000094627
 20
1284.0417020282
 10
15955.45000094629
 20
1284.0417020282
 10
15955.45000094629
 20
1294.0417020282
 10
15929.53000094628
 20
1294.0417020282
 10
15929.53000094628
 20
1304.0417020282
 10
15907.8700009463
 20
1304.0417020282
 10
15907.8700009463
 20
1314.0417020282
 10
15888.97000094628
 20
1314.0417020282
 10
15888.97000094628
 20
1334.0417020282
 10
15857.6500009463
 20
1334.0417020282
 10
15857.6500009463
 20
1354.0417020282
 10
15831.73000094629
 20
1354.0417020282
 10
15831.73000094629
 20
1374.0417020282
 10
15810.13000094628
 20
1374.0417020282
 10
15810.13000094628
 20
1380.0417020282
 10
15771.00000094628
 20
1380.0417020282
 42
0.4142135334920086
 10
15768.00000094627
 20
1377.0417020282
 10
15768.00000094627
 20
1352.44631870912
 42
0.2308681881581125
 10
15769.1530165203
 20
1350.082286448978
  0
MTEXT
  5
430
102
{ACAD_XDICTIONARY
360
BA2
102
}
330
1F
100
AcDbEntity
  8
Texto
 62
     6
100
AcDbMText
 10
15954.56860025873
 20
1291.76342132391
 30
0.0
 40
5.0
 41
66.47933098650539
 71
     3
 72
     5
  1
DT-20900-004-095\P POS.11
 73
     1
 44
1.0
1001
ACAD
1000
MTEXTBEGIN
1070
    73
1070
     1
1070
    44
1040
1.0
1070
    74
1070
     0
1000
MTEXTEND
  0
LWPOLYLINE
  5
431
330
1F
100
AcDbEntity
  8
0
 62
     5
100
AcDbPolyline
 90
       12
 70
     1
 43
0.0
 10
15931.00000136019
 20
235.0000000999417
 42
0.4142136045559663
 10
15928.00000136018
 20
238.0000000999418
 10
15849.44187590246
 20
238.0000000999418
 42
0.2278377689991657
 10
15847.09926947438
 20
236.874085242601
 10
15768.65739493118
 20
138.8217420645206
 42
0.17030358497899
 10
15768.00000136018
 20
136.9476569218706
 10
15768.00000136018
 20
34.24264078707087
 42
0.1989123288663103
 10
15768.87868101661
 20
32.12132044349085
 10
15782.12132170377
 20
18.87867975637085
 42
0.1989123398459738
 10
15784.24264204734
 20
18.00000009994177
 10
15928.00000136018
 20
18.00000009994181
 42
0.4142135904031367
 10
15931.00000136019
 20
21.00000009994181
  0
MTEXT
  5
432
330
1F
100
AcDbEntity
  8
Texto
 62
     5
100
AcDbMText
 10
15901.054321771
 20
78.80288863584169
 30
0.0
 40
10.0
 41
122.8748579127441
 71
     1
 72
     5
  1
13652725 pos8
 11
0.0000000000000001
 21
1.0
 31
0.0
 73
     1
 44
1.0
1001
ACAD
1000
MTEXTBEGIN
1070
    73
1070
     1
1070
    44
1040
1.0
1070
    74
1070
     0
1000
MTEXTEND
  0
LWPOLYLINE
  5
433
330
1F
100
AcDbEntity
  8
0
 62
     5
100
AcDbPolyline
 90
       27
 70
     1
 43
0.0
 10
15878.00000136019
 20
1022.041701767119
 10
15878.00000136019
 20
972.0417017671193
 10
15907.00000136019
 20
972.0417017671193
 42
0.4142135804073376
 10
15910.00000136018
 20
975.0417017671193
 10
15910.00000136018
 20
1242.041701767121
 42
0.4142135731805056
 10
15907.00000136019
 20
1245.041701767121
 10
15771.00000136019
 20
1245.041701767121
 42
0.4142135380918748
 10
15768.00000136018
 20
1242.041701767121
 10
15768.00000136018
 20
1211.041701767119
 10
15783.00000136018
 20
1211.041701767119
 10
15783.00000136018
 20
1201.041701767119
 10
15793.00000136019
 20
1201.041701767119
 10
15793.00000136019
 20
1189.041701767119
 10
15803.00000136019
 20
1189.041701767119
 10
15803.00000136019
 20
1176.041701767119
 10
15813.00000136019
 20
1176.041701767119
 10
15813.00000136019
 20
1161.041701767119
 10
15823.00000136019
 20
1161.041701767119
 10
15823.00000136019
 20
1144.041701767119
 10
15833.00000136019
 20
1144.041701767119
 10
15833.00000136019
 20
1124.041701767117
 10
15848.00000136018
 20
1124.041701767117
 10
15848.00000136018
 20
1088.041701767119
 10
15858.00000136019
 20
1088.041701767119
 10
15858.00000136019
 20
1059.041701767121
 10
15868.00000136018
 20
1059.041701767121
 10
15868.00000136018
 20
1022.041701767119
  0
MTEXT
  5
434
330
1F
100
AcDbEntity
  8
Texto
 62
     5
100
AcDbMText
 10
15866.52794250426
 20
1107.72358853014
 30
0.0
 40
10.0
 41
122.8748579127441
 71
     1
 72
     5
  1
13652725 pos4
 11
0.0000000000000001
 21
1.0
 31
0.0
 73
     1
 44
1.0
1001
ACAD
1000
MTEXTBEGIN
1070
    73
1070
     1
1070
    44
1040
1.0
1070
    74
1070
     0
1000
MTEXTEND
  0
LWPOLYLINE
  5
435
330
1F
100
AcDbEntity
  8
0
 62
     5
100
AcDbPolyline
 90
       27
 70
     1
 43
0.0
 10
15800.00000136019
 20
1095.757431767119
 10
15800.00000136019
 20
1145.757431767119
 10
15771.00000136019
 20
1145.757431767119
 42
0.4142135936079394
 10
15768.00000136018
 20
1142.757431767119
 10
15768.00000136018
 20
875.7574317671187
 42
0.4142135957884661
 10
15771.00000136019
 20
872.7574317671185
 10
15907.00000136019
 20
872.7574317671185
 42
0.4142135778738514
 10
15910.00000136018
 20
875.7574317671187
 10
15910.00000136018
 20
906.7574317671185
 10
15895.00000136019
 20
906.7574317671185
 10
15895.00000136019
 20
916.7574317671187
 10
15885.00000136018
 20
916.7574317671187
 10
15885.00000136018
 20
928.7574317671186
 10
15875.00000136019
 20
928.7574317671186
 10
15875.00000136019
 20
941.7574317671178
 10
15865.00000136019
 20
941.7574317671178
 10
15865.00000136019
 20
956.7574317671185
 10
15855.00000136019
 20
956.7574317671185
 10
15855.00000136019
 20
973.7574317671187
 10
15845.00000136018
 20
973.7574317671187
 10
15845.00000136018
 20
993.7574317671177
 10
15830.00000136019
 20
993.7574317671177
 10
15830.00000136019
 20
1029.757431767119
 10
15820.00000136019
 20
1029.757431767119
 10
15820.00000136019
 20
1058.757431767118
 10
15810.00000136019
 20
1058.757431767118
 10
15810.00000136019
 20
1095.757431767119
  0
MTEXT
  5
436
330
1F
100
AcDbEntity
  8
Texto
 62
     5
100
AcDbMText
 10
15811.47206021705
 20
1010.075545004098
 30
0.0
 40
10.0
 41
122.8748579127441
 71
     1
 72
     5
  1
13652725 pos4
 11
-0.0000000000000002
 21
-1.0
 31
0.0
 73
     1
 44
1.0
1001
ACAD
1000
MTEXTBEGIN
1070
    73
1070
     1
1070
    44
1040
1.0
1070
    74
1070
     0
1000
MTEXTEND
  0
LWPOLYLINE
  5
437
330
1F
100
AcDbEntity
  8
0
 62
     5
100
AcDbPolyline
 90
       30
 70
     1
 43
0.0
 10
15811.00000136019
 20
538.4701272191249
 42
0.414213608936502
 10
15814.00000136017
 20
541.4701272191249
 10
15814.00000136017
 20
559.4701272191231
 10
15885.00000136017
 20
559.4701272191231
 42
0.4142135314006882
 10
15888.00000136017
 20
562.4701272191231
 10
15888.00000136017
 20
572.4701272191249
 10
15873.00000136017
 20
572.4701272191249
 10
15873.00000136017
 20
582.4701272191249
 10
15863.00000136017
 20
582.4701272191249
 10
15863.00000136017
 20
594.4701272191249
 10
15853.00000136019
 20
594.4701272191249
 10
15853.00000136019
 20
607.4701272191249
 10
15843.00000136017
 20
607.4701272191249
 10
15843.00000136017
 20
622.4701272191249
 10
15833.00000136017
 20
622.4701272191249
 10
15833.00000136017
 20
639.4701272191249
 10
15823.00000136019
 20
639.4701272191249
 10
15823.00000136019
 20
659.4701272191249
 10
15808.00000136017
 20
659.4701272191249
 10
15808.00000136017
 20
695.470127219125
 10
15798.00000136017
 20
695.470127219125
 10
15798.00000136017
 20
724.470127219125
 10
15788.00000136018
 20
724.470127219125
 10
15788.00000136018
 20
761.4701272191251
 10
15778.00000136017
 20
761.4701272191251
 10
15778.00000136017
 20
811.4701272191251
 10
15771.00000136017
 20
811.4701272191251
 42
0.414213602886291
 10
15768.00000136017
 20
808.4701272191249
 10
15768.00000136017
 20
541.4701272191249
 42
0.4142136020147463
 10
15771.00000136017
 20
538.4701272191249
  0
MTEXT
  5
438
330
1F
100
AcDbEntity
  8
Texto
 62
     5
100
AcDbMText
 10
15792.03432928535
 20
677.9482147406323
 30
0.0
 40
10.0
 41
122.8748579127441
 71
     1
 72
     5
  1
13652725 pos2
 11
-0.0000000000000002
 21
-1.0
 31
0.0
 73
     1
 44
1.0
1001
ACAD
1000
MTEXTBEGIN
1070
    73
1070
     1
1070
    44
1040
1.0
1070
    74
1070
     0
1000
MTEXTEND
  0
LWPOLYLINE
  5
439
330
1F
100
AcDbEntity
  8
13652725
 62
     5
100
AcDbPolyline
 90
       30
 70
     1
 43
0.0
 10
15882.04355910232
 20
650.7574317671191
 10
15882.04355910232
 20
600.7574317671181
 10
15889.04355910232
 20
600.7574317671181
 42
0.4142135438166952
 10
15892.04355910232
 20
603.7574317671182
 10
15892.04355910232
 20
815.7574317671182
 42
0.4142135708852783
 10
15889.04355910232
 20
818.7574317671181
 10
15847.04355910232
 20
818.7574317671181
 10
15847.04355910232
 20
849.757431767119
 42
0.4142135934225577
 10
15844.04355910232
 20
852.7574317671192
 10
15775.04355910232
 20
852.7574317671192
 42
0.414213587840241
 10
15772.04355910232
 20
849.757431767119
 10
15772.04355910232
 20
839.7574317671191
 10
15787.04355910232
 20
839.7574317671191
 10
15787.04355910232
 20
829.7574317671182
 10
15797.04355910232
 20
829.7574317671182
 10
15797.04355910232
 20
817.7574317671199
 10
15807.04355910232
 20
817.7574317671199
 10
15807.04355910232
 20
804.7574317671191
 10
15817.04355910231
 20
804.7574317671191
 10
15817.04355910231
 20
789.7574317671191
 10
15827.04355910232
 20
789.7574317671191
 10
15827.04355910232
 20
772.7574317671191
 10
15837.04355910232
 20
772.7574317671191
 10
15837.04355910232
 20
752.7574317671191
 10
15852.04355910232
 20
752.7574317671191
 10
15852.04355910232
 20
716.757431767119
 10
15862.04355910232
 20
716.757431767119
 10
15862.04355910232
 20
687.757431767118
 10
15872.04355910232
 20
687.757431767118
 10
15872.04355910232
 20
650.7574317671191
  0
MTEXT
  5
43A
330
1F
100
AcDbEntity
  8
Texto
 62
     5
100
AcDbMText
 10
15872.69491887836
 20
704.896460616373
 30
0.0
 40
10.0
 41
122.8748579127441
 71
     1
 72
     5
  1
13652725 pos1
 11
0.0000000000000001
 21
1.0
 31
0.0
 73
     1
 44
1.0
1001
ACAD
1000
MTEXTBEGIN
1070
    73
1070
     1
1070
    44
1040
1.0
1070
    74
1070
     0
1000
MTEXTEND
  0
LWPOLYLINE
  5
43B
330
1F
100
AcDbEntity
  8
13652725
 62
     5
100
AcDbPolyline
 90
       30
 70
     1
 43
0.0
 10
15970.00000136018
 20
325.470127219125
 10
16020.00000136019
 20
325.4701272190378
 10
16020.0000013602
 20
332.4701272190377
 42
0.414213569988416
 10
16017.0000013602
 20
335.470127219043
 10
15805.0000013602
 20
335.4701272194128
 42
0.4142135447155608
 10
15802.0000013602
 20
332.4701272194181
 10
15802.00000136013
 20
290.4701272194181
 10
15771.00000136013
 20
290.4701272194722
 42
0.4142135672498578
 10
15768.00000136012
 20
287.4701272194774
 10
15768.00000136
 20
218.4701272194701
 42
0.4142135616676109
 10
15771.00000135999
 20
215.4701272194721
 10
15781.00000135999
 20
215.4701272194547
 10
15781.00000136002
 20
230.4701272194547
 10
15791.00000136002
 20
230.4701272194372
 10
15791.00000136004
 20
240.4701272194373
 10
15803.00000136004
 20
240.4701272194164
 10
15803.00000136005
 20
250.4701272194164
 10
15816.00000136005
 20
250.4701272193936
 10
15816.00000136007
 20
260.4701272193864
 10
15831.00000136008
 20
260.4701272193603
 10
15831.00000136009
 20
270.4701272193676
 10
15848.00000136009
 20
270.4701272193379
 10
15848.0000013601
 20
280.4701272193379
 10
15868.0000013601
 20
280.470127219303
 10
15868.00000136013
 20
295.470127219303
 10
15904.00000136013
 20
295.4701272192401
 10
15904.00000136015
 20
305.4701272192402
 10
15933.00000136015
 20
305.4701272191896
 10
15933.00000136017
 20
315.4701272191896
 10
15970.00000136017
 20
315.470127219125
  0
MTEXT
  5
43C
330
1F
100
AcDbEntity
  8
Texto
 62
     5
100
AcDbMText
 10
15915.86097251092
 20
316.1214869952617
 30
0.0
 40
10.0
 41
122.8748579127441
 71
     1
 72
     5
  1
13652725 pos1
 11
-1.0
 21
0.0000000000017054
 31
0.0
 73
     1
 44
1.0
1001
ACAD
1000
MTEXTBEGIN
1070
    73
1070
     1
1070
    44
1040
1.0
1070
    74
1070
     0
1000
MTEXTEND
  0
LWPOLYLINE
  5
43D
330
1F
100
AcDbEntity
  8
Stats
 62
   151
100
AcDbPolyline
 90
        5
 70
     1
 43
0.0
 10
15750.00000126
 20
-25.0
 10
16000.00000126
 20
-25.0
 10
16000.00000126
 20
-105.0
 10
15750.00000126
 20
-105.0
 10
15750.00000126
 20
-25.0
  0
TEXT
  5
43E
330
1F
100
AcDbEntity
  8
Stats
 62
    60
100
AcDbText
 10
15752.00000126
 20
-37.0
 30
0.0
 40
10.0
  1
Production Qty: 1
100
AcDbText
  0
TEXT
  5
43F
330
1F
100
AcDbEntity
  8
Stats
 62
    60
100
AcDbText
 10
15752.00000126
 20
-49.0
 30
0.0
 40
10.0
  1
Sheet 7 (2500,00 x 1860,00)
100
AcDbText
  0
TEXT
  5
440
330
1F
100
AcDbEntity
  8
Stats
 62
    60
100
AcDbText
 10
15752.00000126
 20
-61.0
 30
0.0
 40
10.0
  1
Parts Nested: 87
100
AcDbText
  0
TEXT
  5
441
330
1F
100
AcDbEntity
  8
Stats
 62
    60
100
AcDbText
 10
15752.00000126
 20
-73.0
 30
0.0
 40
10.0
  1
Util (Nest): 71,85%
100
AcDbText
  0
TEXT
  5
442
330
1F
100
AcDbEntity
  8
Stats
 62
    60
100
AcDbText
 10
15752.00000126
 20
-85.0
 30
0.0
 40
10.0
  1
Util (Sheet): 69,16%
100
AcDbText
  0
TEXT
  5
443
330
1F
100
AcDbEntity
  8
Stats
 62
    60
100
AcDbText
 10
15752.00000126
 20
-97.0
 30
0.0
 40
10.0
  1
Cut Distance: 79462,58mm
100
AcDbText
  0
LWPOLYLINE
  5
721
330
1F
100
AcDbEntity
  8
Rebaixo
 62
     3
100
AcDbPolyline
 90
        4
 70
     1
 43
0.0
 10
17798.57268985397
 20
1548.054495432326
 10
17798.57268985397
 20
1852.000000099943
 10
17578.57268985397
 20
1852.000000099943
 10
17578.57268985397
 20
1548.054495432326
 42
-0.2449591333421202
  0
MTEXT
  5
722
330
1F
100
AcDbEntity
  8
Rebaixo
 62
     3
100
AcDbMText
 10
17714.36526624708
 20
1694.565507268737
 30
0.0
 40
10.0
 41
100.4893184673365
 71
     3
 72
     5
  1
REB\P20
 11
-0.0000000000000002
 21
-1.0
 31
0.0
 73
     1
 44
1.0
1001
ACAD
1000
ACAD_MTEXT_COLUMN_INFO_BEGIN
1070
    75
1070
     2
1070
    79
1070
     0
1070
    76
1070
     1
1070
    78
1070
     0
1070
    48
1040
100.4893184673365
1070
    49
1040
12.5
1070
    50
1070
     1
1040
0.0
1000
ACAD_MTEXT_COLUMN_INFO_END
1000
MTEXTBEGIN
1070
    73
1070
     1
1070
    44
1040
1.0
1070
    74
1070
     0
1000
MTEXTEND
  0
LINE
  5
723
330
1F
100
AcDbEntity
  8
Chanfro
 62
     3
100
AcDbLine
 10
17812.57268985397
 20
1557.774300238496
 30
0.0
 11
17792.57268985397
 21
1557.774300238496
 31
0.0
  0
LINE
  5
724
330
1F
100
AcDbEntity
  8
Chanfro
 62
     3
100
AcDbLine
 10
17812.57268985397
 20
1567.774300238496
 30
0.0
 11
17792.57268985397
 21
1567.774300238496
 31
0.0
  0
LINE
  5
725
330
1F
100
AcDbEntity
  8
Chanfro
 62
     3
100
AcDbLine
 10
17812.57268985397
 20
1577.774300238496
 30
0.0
 11
17792.57268985397
 21
1577.774300238496
 31
0.0
  0
LINE
  5
726
330
1F
100
AcDbEntity
  8
Chanfro
 62
     3
100
AcDbLine
 10
17812.57268985397
 20
1587.774300238496
 30
0.0
 11
17792.57268985397
 21
1587.774300238496
 31
0.0
  0
LINE
  5
727
330
1F
100
AcDbEntity
  8
Chanfro
 62
     3
100
AcDbLine
 10
17812.57268985397
 20
1597.774300238496
 30
0.0
 11
17792.57268985397
 21
1597.774300238496
 31
0.0
  0
LINE
  5
728
330
1F
100
AcDbEntity
  8
Chanfro
 62
     3
100
AcDbLine
 10
17812.57268985397
 20
1607.774300238496
 30
0.0
 11
17792.57268985397
 21
1607.774300238496
 31
0.0
  0
LINE
  5
729
330
1F
100
AcDbEntity
  8
Chanfro
 62
     3
100
AcDbLine
 10
17812.57268985397
 20
1617.774300238496
 30
0.0
 11
17792.57268985397
 21
1617.774300238496
 31
0.0
  0
LINE
  5
72A
330
1F
100
AcDbEntity
  8
Chanfro
 62
     3
100
AcDbLine
 10
17812.57268985397
 20
1627.774300238496
 30
0.0
 11
17792.57268985397
 21
1627.774300238496
 31
0.0
  0
LINE
  5
72B
330
1F
100
AcDbEntity
  8
Chanfro
 62
     3
100
AcDbLine
 10
17812.57268985397
 20
1637.774300238496
 30
0.0
 11
17792.57268985397
 21
1637.774300238496
 31
0.0
  0
LINE
  5
72C
330
1F
100
AcDbEntity
  8
Chanfro
 62
     3
100
AcDbLine
 10
17812.57268985397
 20
1647.774300238496
 30
0.0
 11
17792.57268985397
 21
1647.774300238496
 31
0.0
  0
LINE
  5
72D
330
1F
100
AcDbEntity
  8
Chanfro
 62
     3
100
AcDbLine
 10
17812.57268985397
 20
1657.774300238496
 30
0.0
 11
17792.57268985397
 21
1657.774300238496
 31
0.0
  0
LINE
  5
72E
330
1F
100
AcDbEntity
  8
Chanfro
 62
     3
100
AcDbLine
 10
17812.57268985397
 20
1667.774300238496
 30
0.0
 11
17792.57268985397
 21
1667.774300238496
 31
0.0
  0
LINE
  5
72F
330
1F
100
AcDbEntity
  8
Chanfro
 62
     3
100
AcDbLine
 10
17812.57268985397
 20
1677.774300238496
 30
0.0
 11
17792.57268985397
 21
1677.774300238496
 31
0.0
  0
LINE
  5
730
330
1F
100
AcDbEntity
  8
Chanfro
 62
     3
100
AcDbLine
 10
17812.57268985397
 20
1687.774300238496
 30
0.0
 11
17792.57268985397
 21
1687.774300238496
 31
0.0
  0
LINE
  5
731
330
1F
100
AcDbEntity
  8
Chanfro
 62
     3
100
AcDbLine
 10
17812.57268985397
 20
1697.774300238496
 30
0.0
 11
17792.57268985397
 21
1697.774300238496
 31
0.0
  0
LINE
  5
732
330
1F
100
AcDbEntity
  8
Chanfro
 62
     3
100
AcDbLine
 10
17812.57268985397
 20
1707.774300238496
 30
0.0
 11
17792.57268985397
 21
1707.774300238496
 31
0.0
  0
LINE
  5
733
330
1F
100
AcDbEntity
  8
Chanfro
 62
     3
100
AcDbLine
 10
17812.57268985397
 20
1717.774300238496
 30
0.0
 11
17792.57268985397
 21
1717.774300238496
 31
0.0
  0
LINE
  5
734
330
1F
100
AcDbEntity
  8
Chanfro
 62
     3
100
AcDbLine
 10
17812.57268985397
 20
1727.774300238496
 30
0.0
 11
17792.57268985397
 21
1727.774300238496
 31
0.0
  0
LINE
  5
735
330
1F
100
AcDbEntity
  8
Chanfro
 62
     3
100
AcDbLine
 10
17812.57268985397
 20
1737.774300238496
 30
0.0
 11
17792.57268985397
 21
1737.774300238496
 31
0.0
  0
LINE
  5
736
330
1F
100
AcDbEntity
  8
Chanfro
 62
     3
100
AcDbLine
 10
17812.57268985397
 20
1747.774300238496
 30
0.0
 11
17792.57268985397
 21
1747.774300238496
 31
0.0
  0
LINE
  5
737
330
1F
100
AcDbEntity
  8
Chanfro
 62
     3
100
AcDbLine
 10
17812.57268985397
 20
1757.774300238496
 30
0.0
 11
17792.57268985397
 21
1757.774300238496
 31
0.0
  0
LINE
  5
738
330
1F
100
AcDbEntity
  8
Chanfro
 62
     3
100
AcDbLine
 10
17812.57268985397
 20
1767.774300238496
 30
0.0
 11
17792.57268985397
 21
1767.774300238496
 31
0.0
  0
LINE
  5
739
330
1F
100
AcDbEntity
  8
Chanfro
 62
     3
100
AcDbLine
 10
17812.57268985397
 20
1777.774300238496
 30
0.0
 11
17792.57268985397
 21
1777.774300238496
 31
0.0
  0
LINE
  5
73A
330
1F
100
AcDbEntity
  8
Chanfro
 62
     3
100
AcDbLine
 10
17812.57268985397
 20
1787.774300238496
 30
0.0
 11
17792.57268985397
 21
1787.774300238496
 31
0.0
  0
LINE
  5
73B
330
1F
100
AcDbEntity
  8
Chanfro
 62
     3
100
AcDbLine
 10
17812.57268985397
 20
1797.774300238496
 30
0.0
 11
17792.57268985397
 21
1797.774300238496
 31
0.0
  0
LINE
  5
73C
330
1F
100
AcDbEntity
  8
Chanfro
 62
     3
100
AcDbLine
 10
17812.57268985397
 20
1807.774300238496
 30
0.0
 11
17792.57268985397
 21
1807.774300238496
 31
0.0
  0
LINE
  5
73D
330
1F
100
AcDbEntity
  8
Chanfro
 62
     3
100
AcDbLine
 10
17812.57268985397
 20
1817.774300238496
 30
0.0
 11
17792.57268985397
 21
1817.774300238496
 31
0.0
  0
LINE
  5
73E
330
1F
100
AcDbEntity
  8
Chanfro
 62
     3
100
AcDbLine
 10
17812.57268985397
 20
1827.774300238496
 30
0.0
 11
17792.57268985397
 21
1827.774300238496
 31
0.0
  0
LINE
  5
73F
330
1F
100
AcDbEntity
  8
Chanfro
 62
     3
100
AcDbLine
 10
17812.57268985397
 20
1837.774300238496
 30
0.0
 11
17792.57268985397
 21
1837.774300238496
 31
0.0
  0
MTEXT
  5
740
102
{ACAD_XDICTIONARY
360
BA5
102
}
330
1F
100
AcDbEntity
  8
Chanfro
 62
     3
100
AcDbMText
 10
17806.80868253148
 20
1680.161104473023
 30
0.0
 40
10.0
 41
54.5897290166231
 71
     3
 72
     5
  1
CH 0+20
 11
-0.0000000000000002
 21
-1.0
 31
0.0
 73
     1
 44
1.0
1001
ACAD
1000
ACAD_MTEXT_COLUMN_INFO_BEGIN
1070
    75
1070
     2
1070
    79
1070
     0
1070
    76
1070
     1
1070
    78
1070
     0
1070
    48
1040
54.5897290166231
1070
    49
1040
12.5
1070
    50
1070
     1
1040
0.0
1000
ACAD_MTEXT_COLUMN_INFO_END
1000
MTEXTBEGIN
1070
    73
1070
     1
1070
    44
1040
1.0
1070
    74
1070
     0
1000
MTEXTEND
  0
LINE
  5
741
330
1F
100
AcDbEntity
  8
Chanfro
 62
     3
100
AcDbLine
 10
17564.57268985397
 20
1557.774300238496
 30
0.0
 11
17584.57268985397
 21
1557.774300238496
 31
0.0
  0
LINE
  5
742
330
1F
100
AcDbEntity
  8
Chanfro
 62
     3
100
AcDbLine
 10
17564.57268985397
 20
1567.774300238496
 30
0.0
 11
17584.57268985397
 21
1567.774300238496
 31
0.0
  0
LINE
  5
743
330
1F
100
AcDbEntity
  8
Chanfro
 62
     3
100
AcDbLine
 10
17564.57268985397
 20
1577.774300238496
 30
0.0
 11
17584.57268985397
 21
1577.774300238496
 31
0.0
  0
LINE
  5
744
330
1F
100
AcDbEntity
  8
Chanfro
 62
     3
100
AcDbLine
 10
17564.57268985397
 20
1587.774300238496
 30
0.0
 11
17584.57268985397
 21
1587.774300238496
 31
0.0
  0
LINE
  5
745
330
1F
100
AcDbEntity
  8
Chanfro
 62
     3
100
AcDbLine
 10
17564.57268985397
 20
1597.774300238496
 30
0.0
 11
17584.57268985397
 21
1597.774300238496
 31
0.0
  0
LINE
  5
746
330
1F
100
AcDbEntity
  8
Chanfro
 62
     3
100
AcDbLine
 10
17564.57268985397
 20
1607.774300238496
 30
0.0
 11
17584.57268985397
 21
1607.774300238496
 31
0.0
  0
LINE
  5
747
330
1F
100
AcDbEntity
  8
Chanfro
 62
     3
100
AcDbLine
 10
17564.57268985397
 20
1617.774300238496
 30
0.0
 11
17584.57268985397
 21
1617.774300238496
 31
0.0
  0
LINE
  5
748
330
1F
100
AcDbEntity
  8
Chanfro
 62
     3
100
AcDbLine
 10
17564.57268985397
 20
1627.774300238496
 30
0.0
 11
17584.57268985397
 21
1627.774300238496
 31
0.0
  0
LINE
  5
749
330
1F
100
AcDbEntity
  8
Chanfro
 62
     3
100
AcDbLine
 10
17564.57268985397
 20
1637.774300238496
 30
0.0
 11
17584.57268985397
 21
1637.774300238496
 31
0.0
  0
LINE
  5
74A
330
1F
100
AcDbEntity
  8
Chanfro
 62
     3
100
AcDbLine
 10
17564.57268985397
 20
1647.774300238496
 30
0.0
 11
17584.57268985397
 21
1647.774300238496
 31
0.0
  0
LINE
  5
74B
330
1F
100
AcDbEntity
  8
Chanfro
 62
     3
100
AcDbLine
 10
17564.57268985397
 20
1657.774300238496
 30
0.0
 11
17584.57268985397
 21
1657.774300238496
 31
0.0
  0
LINE
  5
74C
330
1F
100
AcDbEntity
  8
Chanfro
 62
     3
100
AcDbLine
 10
17564.57268985397
 20
1667.774300238496
 30
0.0
 11
17584.57268985397
 21
1667.774300238496
 31
0.0
  0
LINE
  5
74D
330
1F
100
AcDbEntity
  8
Chanfro
 62
     3
100
AcDbLine
 10
17564.57268985397
 20
1677.774300238496
 30
0.0
 11
17584.57268985397
 21
1677.774300238496
 31
0.0
  0
LINE
  5
74E
330
1F
100
AcDbEntity
  8
Chanfro
 62
     3
100
AcDbLine
 10
17564.57268985397
 20
1687.774300238496
 30
0.0
 11
17584.57268985397
 21
1687.774300238496
 31
0.0
  0
LINE
  5
74F
330
1F
100
AcDbEntity
  8
Chanfro
 62
     3
100
AcDbLine
 10
17564.57268985397
 20
1697.774300238496
 30
0.0
 11
17584.57268985397
 21
1697.774300238496
 31
0.0
  0
LINE
  5
750
330
1F
100
AcDbEntity
  8
Chanfro
 62
     3
100
AcDbLine
 10
17564.57268985397
 20
1707.774300238496
 30
0.0
 11
17584.57268985397
 21
1707.774300238496
 31
0.0
  0
LINE
  5
751
330
1F
100
AcDbEntity
  8
Chanfro
 62
     3
100
AcDbLine
 10
17564.57268985397
 20
1717.774300238496
 30
0.0
 11
17584.57268985397
 21
1717.774300238496
 31
0.0
  0
LINE
  5
752
330
1F
100
AcDbEntity
  8
Chanfro
 62
     3
100
AcDbLine
 10
17564.57268985397
 20
1727.774300238496
 30
0.0
 11
17584.57268985397
 21
1727.774300238496
 31
0.0
  0
LINE
  5
753
330
1F
100
AcDbEntity
  8
Chanfro
 62
     3
100
AcDbLine
 10
17564.57268985397
 20
1737.774300238496
 30
0.0
 11
17584.57268985397
 21
1737.774300238496
 31
0.0
  0
LINE
  5
754
330
1F
100
AcDbEntity
  8
Chanfro
 62
     3
100
AcDbLine
 10
17564.57268985397
 20
1747.774300238496
 30
0.0
 11
17584.57268985397
 21
1747.774300238496
 31
0.0
  0
LINE
  5
755
330
1F
100
AcDbEntity
  8
Chanfro
 62
     3
100
AcDbLine
 10
17564.57268985397
 20
1757.774300238496
 30
0.0
 11
17584.57268985397
 21
1757.774300238496
 31
0.0
  0
LINE
  5
756
330
1F
100
AcDbEntity
  8
Chanfro
 62
     3
100
AcDbLine
 10
17564.57268985397
 20
1767.774300238496
 30
0.0
 11
17584.57268985397
 21
1767.774300238496
 31
0.0
  0
LINE
  5
757
330
1F
100
AcDbEntity
  8
Chanfro
 62
     3
100
AcDbLine
 10
17564.57268985397
 20
1777.774300238496
 30
0.0
 11
17584.57268985397
 21
1777.774300238496
 31
0.0
  0
LINE
  5
758
330
1F
100
AcDbEntity
  8
Chanfro
 62
     3
100
AcDbLine
 10
17564.57268985397
 20
1787.774300238496
 30
0.0
 11
17584.57268985397
 21
1787.774300238496
 31
0.0
  0
LINE
  5
759
330
1F
100
AcDbEntity
  8
Chanfro
 62
     3
100
AcDbLine
 10
17564.57268985397
 20
1797.774300238496
 30
0.0
 11
17584.57268985397
 21
1797.774300238496
 31
0.0
  0
LINE
  5
75A
330
1F
100
AcDbEntity
  8
Chanfro
 62
     3
100
AcDbLine
 10
17564.57268985397
 20
1807.774300238496
 30
0.0
 11
17584.57268985397
 21
1807.774300238496
 31
0.0
  0
LINE
  5
75B
330
1F
100
AcDbEntity
  8
Chanfro
 62
     3
100
AcDbLine
 10
17564.57268985397
 20
1817.774300238496
 30
0.0
 11
17584.57268985397
 21
1817.774300238496
 31
0.0
  0
LINE
  5
75C
330
1F
100
AcDbEntity
  8
Chanfro
 62
     3
100
AcDbLine
 10
17564.57268985397
 20
1827.774300238496
 30
0.0
 11
17584.57268985397
 21
1827.774300238496
 31
0.0
  0
LINE
  5
75D
330
1F
100
AcDbEntity
  8
Chanfro
 62
     3
100
AcDbLine
 10
17564.57268985397
 20
1837.774300238496
 30
0.0
 11
17584.57268985397
 21
1837.774300238496
 31
0.0
  0
MTEXT
  5
75E
102
{ACAD_XDICTIONARY
360
BA7
102
}
330
1F
100
AcDbEntity
  8
Chanfro
 62
     3
100
AcDbMText
 10
17570.33669717646
 20
1680.161104473023
 30
0.0
 40
10.0
 41
54.5897290166231
 71
     9
 72
     5
  1
CH 0+20
 11
-0.0000000000000002
 21
-1.0
 31
0.0
 73
     1
 44
1.0
1001
ACAD
1000
ACAD_MTEXT_COLUMN_INFO_BEGIN
1070
    75
1070
     2
1070
    79
1070
     0
1070
    76
1070
     1
1070
    78
1070
     0
1070
    48
1040
54.5897290166231
1070
    49
1040
12.5
1070
    50
1070
     1
1040
0.0
1000
ACAD_MTEXT_COLUMN_INFO_END
1000
MTEXTBEGIN
1070
    73
1070
     1
1070
    44
1040
1.0
1070
    74
1070
     0
1000
MTEXTEND
  0
LWPOLYLINE
  5
847
330
1F
100
AcDbEntity
  8
Rebaixo
 62
     6
100
AcDbPolyline
 90
        6
 70
     1
 43
0.0
 10
15758.00000094627
 20
1380.515261607081
 10
15758.00000094627
 20
1346.105795058258
 10
15874.55672481338
 20
1255.0417020282
 10
15998.00000094627
 20
1255.0417020282
 10
15998.00000094627
 20
1275.0417020282
 10
15893.00000094628
 20
1275.0417020282
  0
MTEXT
  5
848
102
{ACAD_XDICTIONARY
360
BA9
102
}
330
1F
100
AcDbEntity
  8
Rebaixo
 62
     6
100
AcDbMText
 10
15931.55398366122
 20
1270.611167723149
 30
0.0
 40
5.0
 41
25.6704816278143
 71
     1
 72
     5
  1
{\W1.233714; }REB\P{\W1.817048; }40
 73
     1
 44
1.0
1001
ACAD
1000
ACAD_MTEXT_COLUMN_INFO_BEGIN
1070
    75
1070
     2
1070
    79
1070
     0
1070
    76
1070
     1
1070
    78
1070
     0
1070
    48
1040
25.6704816278143
1070
    49
1040
12.5
1070
    50
1070
     1
1040
0.0
1000
ACAD_MTEXT_COLUMN_INFO_END
1000
MTEXTBEGIN
1070
    73
1070
     1
1070
    44
1040
1.0
1070
    74
1070
     0
1000
MTEXTEND
  0
LWPOLYLINE
  5
84D
330
1F
100
AcDbEntity
  8
Rebaixo
 62
     6
100
AcDbPolyline
 90
        6
 70
     1
 43
0.0
 10
17057.59370781773
 20
1446.526440260912
 10
17057.59370781773
 20
1480.935906808803
 10
16941.03698395063
 20
1571.999999838861
 10
16817.59370781773
 20
1571.999999838861
 10
16817.59370781773
 20
1551.999999838861
 10
16922.59370781774
 20
1551.999999838861
  0
MTEXT
  5
84E
102
{ACAD_XDICTIONARY
360
BAB
102
}
330
1F
100
AcDbEntity
  8
Rebaixo
 62
     6
100
AcDbMText
 10
16884.03972510279
 20
1556.430534143912
 30
0.0
 40
5.0
 41
25.6704816278143
 71
     1
 72
     5
  1
{\W1.233714; }REB\P{\W1.817048; }40
 11
-1.0
 21
0.0000000000000001
 31
0.0
 73
     1
 44
1.0
1001
ACAD
1000
ACAD_MTEXT_COLUMN_INFO_BEGIN
1070
    75
1070
     2
1070
    79
1070
     0
1070
    76
1070
     1
1070
    78
1070
     0
1070
    48
1040
25.6704816278143
1070
    49
1040
12.5
1070
    50
1070
     1
1040
0.0
1000
ACAD_MTEXT_COLUMN_INFO_END
1000
MTEXTBEGIN
1070
    73
1070
     1
1070
    44
1040
1.0
1070
    74
1070
     0
1000
MTEXTEND
  0
LWPOLYLINE
  5
84F
330
1F
100
AcDbEntity
  8
Rebaixo
 62
     6
100
AcDbPolyline
 90
        6
 70
     1
 43
0.0
 10
16066.47356119922
 20
324.5948802418843
 10
16032.06409465039
 20
324.5948802418843
 10
15941.00000162034
 20
208.0381563747778
 10
15941.00000162034
 20
84.59488024188431
 10
15961.00000162033
 20
84.59488024188431
 10
15961.00000162033
 20
189.5948802418843
  0
MTEXT
  5
850
102
{ACAD_XDICTIONARY
360
BAD
102
}
330
1F
100
AcDbEntity
  8
Rebaixo
 62
     6
100
AcDbMText
 10
15956.56946731528
 20
151.0408975269365
 30
0.0
 40
5.0
 41
25.6704816278143
 71
     1
 72
     5
  1
{\W1.233714; }REB\P{\W1.817048; }40
 11
-0.0000000000000002
 21
-1.0
 31
0.0
 73
     1
 44
1.0
1001
ACAD
1000
ACAD_MTEXT_COLUMN_INFO_BEGIN
1070
    75
1070
     2
1070
    79
1070
     0
1070
    76
1070
     1
1070
    78
1070
     0
1070
    48
1040
25.6704816278143
1070
    49
1040
12.5
1070
    50
1070
     1
1040
0.0
1000
ACAD_MTEXT_COLUMN_INFO_END
1000
MTEXTBEGIN
1070
    73
1070
     1
1070
    44
1040
1.0
1070
    74
1070
     0
1000
MTEXTEND
  0
LWPOLYLINE
  5
87A
330
1F
100
AcDbEntity
  8
Rebaixo
 62
     7
100
AcDbPolyline
 90
        6
 70
     1
 43
0.0
 10
16705.08189922299
 20
913.2015112438093
 10
16670.6724326751
 20
913.2015112438093
 10
16579.60833964504
 20
1029.758235110916
 10
16579.60833964504
 20
1153.201511243809
 10
16599.60833964504
 20
1153.201511243809
 10
16599.60833964504
 20
1048.201511243809
  0
MTEXT
  5
87B
102
{ACAD_XDICTIONARY
360
BAF
102
}
330
1F
100
AcDbEntity
  8
Rebaixo
 62
     7
100
AcDbMText
 10
16595.17780533999
 20
1086.755493958728
 30
0.0
 40
5.0
 41
25.6704816278143
 71
     3
 72
     5
  1
REB\P40
 11
-0.0000000000000002
 21
-1.0
 31
0.0
 73
     1
 44
1.0
1001
ACAD
1000
ACAD_MTEXT_COLUMN_INFO_BEGIN
1070
    75
1070
     2
1070
    79
1070
     0
1070
    76
1070
     1
1070
    78
1070
     0
1070
    48
1040
25.6704816278143
1070
    49
1040
12.5
1070
    50
1070
     1
1040
0.0
1000
ACAD_MTEXT_COLUMN_INFO_END
1000
MTEXTBEGIN
1070
    73
1070
     1
1070
    44
1040
1.0
1070
    74
1070
     0
1000
MTEXTEND
  0
LWPOLYLINE
  5
87C
330
1F
100
AcDbEntity
  8
Rebaixo
 62
     7
100
AcDbPolyline
 90
        6
 70
     1
 43
0.0
 10
17015.22968496079
 20
240.7058541681977
 10
17015.22968496079
 20
206.2963876193748
 10
16898.67296109368
 20
115.232294589317
 10
16775.22968496079
 20
115.232294589317
 10
16775.22968496079
 20
135.232294589317
 10
16880.22968496079
 20
135.232294589317
  0
MTEXT
  5
87D
102
{ACAD_XDICTIONARY
360
BB1
102
}
330
1F
100
AcDbEntity
  8
Rebaixo
 62
     7
100
AcDbMText
 10
16841.67570224587
 20
130.801760284266
 30
0.0
 40
5.0
 41
25.6704816278143
 71
     3
 72
     5
  1
REB\P40
 73
     1
 44
1.0
1001
ACAD
1000
ACAD_MTEXT_COLUMN_INFO_BEGIN
1070
    75
1070
     2
1070
    79
1070
     0
1070
    76
1070
     1
1070
    78
1070
     0
1070
    48
1040
25.6704816278143
1070
    49
1040
12.5
1070
    50
1070
     1
1040
0.0
1000
ACAD_MTEXT_COLUMN_INFO_END
1000
MTEXTBEGIN
1070
    73
1070
     1
1070
    44
1040
1.0
1070
    74
1070
     0
1000
MTEXTEND
  0
ENDSEC
  0
SECTION
  2
OBJECTS
  0
DICTIONARY
  5
C
330
0
100
AcDbDictionary
281
     1
  3
ACAD_CIP_PREVIOUS_PRODUCT_INFO
350
4E6
  3
ACAD_COLOR
350
48B
  3
ACAD_DETAILVIEWSTYLE
350
4E3
  3
ACAD_FIELDLIST
350
48C
  3
ACAD_GROUP
350
D
  3
ACAD_IMAGE_DICT
350
48D
  3
ACAD_LAST_SAVED_VERSION_INFO
350
8C7
  3
ACAD_LAYOUT
350
1A
  3
ACAD_MATERIAL
350
48E
  3
ACAD_MLEADERSTYLE
350
48F
  3
ACAD_MLINESTYLE
350
17
  3
ACAD_PLOTSETTINGS
350
19
  3
ACAD_PLOTSTYLENAME
350
E
  3
ACAD_SCALELIST
350
479
  3
ACAD_SECTIONVIEWSTYLE
350
4E1
  3
ACAD_TABLESTYLE
350
491
  3
ACAD_VISUALSTYLE
350
499
  3
ACDB_RECOMPOSE_DATA
350
BB3
  3
AcDbVariableDictionary
350
496
  3
DWGPROPS
350
BB4
  0
DICTIONARY
  5
4F0
330
2
100
AcDbDictionary
280
     1
281
     1
  3
ACAD_LAYERSTATES
360
4F1
  0
DICTIONARY
  5
8C8
330
10
100
AcDbDictionary
280
     1
281
     1
  3
ADSK_XREC_LAYER_RECONCILED
360
8C9
  0
DICTIONARY
  5
8CA
330
27
100
AcDbDictionary
280
     1
281
     1
  3
ADSK_XREC_LAYER_RECONCILED
360
8CB
  0
DICTIONARY
  5
8CC
330
28
100
AcDbDictionary
280
     1
281
     1
  3
ADSK_XREC_LAYER_RECONCILED
360
8CD
  0
DICTIONARY
  5
8CE
330
29
100
AcDbDictionary
280
     1
281
     1
  3
ADSK_XREC_LAYER_RECONCILED
360
8CF
  0
DICTIONARY
  5
8D0
330
2A
100
AcDbDictionary
280
     1
281
     1
  3
ADSK_XREC_LAYER_RECONCILED
360
8D1
  0
DICTIONARY
  5
8D2
330
2B
100
AcDbDictionary
280
     1
281
     1
  3
ADSK_XREC_LAYER_RECONCILED
360
8D3
  0
DICTIONARY
  5
8D4
330
2C
100
AcDbDictionary
280
     1
281
     1
  3
ADSK_XREC_LAYER_RECONCILED
360
8D5
  0
DICTIONARY
  5
8D6
330
2D
100
AcDbDictionary
280
     1
281
     1
  3
ADSK_XREC_LAYER_RECONCILED
360
8D7
  0
DICTIONARY
  5
8D8
330
2E
100
AcDbDictionary
280
     1
281
     1
  3
ADSK_XREC_LAYER_RECONCILED
360
8D9
  0
DICTIONARY
  5
8DA
330
2F
100
AcDbDictionary
280
     1
281
     1
  3
ADSK_XREC_LAYER_RECONCILED
360
8DB
  0
DICTIONARY
  5
8DC
330
30
100
AcDbDictionary
280
     1
281
     1
  3
ADSK_XREC_LAYER_RECONCILED
360
8DD
  0
DICTIONARY
  5
8DE
330
31
100
AcDbDictionary
280
     1
281
     1
  3
ADSK_XREC_LAYER_RECONCILED
360
8DF
  0
DICTIONARY
  5
8E0
330
32
100
AcDbDictionary
280
     1
281
     1
  3
ADSK_XREC_LAYER_RECONCILED
360
8E1
  0
DICTIONARY
  5
8E2
330
33
100
AcDbDictionary
280
     1
281
     1
  3
ADSK_XREC_LAYER_RECONCILED
360
8E3
  0
DICTIONARY
  5
8E4
330
34
100
AcDbDictionary
280
     1
281
     1
  3
ADSK_XREC_LAYER_RECONCILED
360
8E5
  0
DICTIONARY
  5
8E6
330
35
100
AcDbDictionary
280
     1
281
     1
  3
ADSK_XREC_LAYER_RECONCILED
360
8E7
  0
DICTIONARY
  5
B8A
330
37E
100
AcDbDictionary
280
     1
281
     1
  3
ACAD_MTEXT_2008_RT
360
B8B
  0
DICTIONARY
  5
B8C
330
381
100
AcDbDictionary
280
     1
281
     1
  3
ACAD_MTEXT_2008_RT
360
B8D
  0
DICTIONARY
  5
B8E
330
384
100
AcDbDictionary
280
     1
281
     1
  3
ACAD_MTEXT_2008_RT
360
B8F
  0
DICTIONARY
  5
B90
330
3AD
100
AcDbDictionary
280
     1
281
     1
  3
ACAD_MTEXT_2008_RT
360
B91
  0
DICTIONARY
  5
B92
330
3B0
100
AcDbDictionary
280
     1
281
     1
  3
ACAD_MTEXT_2008_RT
360
B93
  0
DICTIONARY
  5
B94
330
3B3
100
AcDbDictionary
280
     1
281
     1
  3
ACAD_MTEXT_2008_RT
360
B95
  0
DICTIONARY
  5
B96
330
3B8
100
AcDbDictionary
280
     1
281
     1
  3
ACAD_MTEXT_2008_RT
360
B97
  0
DICTIONARY
  5
B98
330
3CA
100
AcDbDictionary
280
     1
281
     1
  3
ACAD_MTEXT_2008_RT
360
B99
  0
DICTIONARY
  5
B9A
330
3D1
100
AcDbDictionary
280
     1
281
     1
  3
ACAD_MTEXT_2008_RT
360
B9B
  0
DICTIONARY
  5
B9C
330
3D6
100
AcDbDictionary
280
     1
281
     1
  3
ACAD_MTEXT_2008_RT
360
B9D
  0
DICTIONARY
  5
B9E
330
3D8
100
AcDbDictionary
280
     1
281
     1
  3
ACAD_MTEXT_2008_RT
360
B9F
  0
DICTIONARY
  5
BA0
330
42C
100
AcDbDictionary
280
     1
281
     1
  3
ACAD_MTEXT_2008_RT
360
BA1
  0
DICTIONARY
  5
BA2
330
430
100
AcDbDictionary
280
     1
281
     1
  3
ACAD_MTEXT_2008_RT
360
BA3
  0
DICTIONARY
  5
BA5
330
740
100
AcDbDictionary
280
     1
281
     1
  3
ACAD_MTEXT_2008_RT
360
BA6
  0
DICTIONARY
  5
BA7
330
75E
100
AcDbDictionary
280
     1
281
     1
  3
ACAD_MTEXT_2008_RT
360
BA8
  0
DICTIONARY
  5
BA9
330
848
100
AcDbDictionary
280
     1
281
     1
  3
ACAD_MTEXT_2008_RT
360
BAA
  3
ACAD_MTEXT_RT
360
BF1
  0
DICTIONARY
  5
BAB
330
84E
100
AcDbDictionary
280
     1
281
     1
  3
ACAD_MTEXT_2008_RT
360
BAC
  3
ACAD_MTEXT_RT
360
BF2
  0
DICTIONARY
  5
BAD
330
850
100
AcDbDictionary
280
     1
281
     1
  3
ACAD_MTEXT_2008_RT
360
BAE
  3
ACAD_MTEXT_RT
360
BF3
  0
DICTIONARY
  5
BAF
330
87B
100
AcDbDictionary
280
     1
281
     1
  3
ACAD_MTEXT_2008_RT
360
BB0
  0
DICTIONARY
  5
BB1
330
87D
100
AcDbDictionary
280
     1
281
     1
  3
ACAD_MTEXT_2008_RT
360
BB2
  0
XRECORD
  5
4E6
102
{ACAD_REACTORS
330
C
102
}
330
C
100
AcDbXrecord
280
     1
300
ACDLT
300
2025
300

  0
DICTIONARY
  5
48B
102
{ACAD_REACTORS
330
C
102
}
330
C
100
AcDbDictionary
281
     1
  0
DICTIONARY
  5
4E3
102
{ACAD_REACTORS
330
C
102
}
330
C
100
AcDbDictionary
281
     1
  3
Metric50
350
4E4
  0
FIELDLIST
  5
48C
102
{ACAD_REACTORS
330
C
102
}
330
C
100
AcDbIdSet
 90
        0
100
AcDbFieldList
  0
DICTIONARY
  5
D
102
{ACAD_REACTORS
330
C
102
}
330
C
100
AcDbDictionary
281
     1
  0
DICTIONARY
  5
48D
102
{ACAD_REACTORS
330
C
102
}
330
C
100
AcDbDictionary
281
     1
  0
XRECORD
  5
8C7
102
{ACAD_REACTORS
330
C
102
}
330
C
100
AcDbXrecord
280
     1
300
{D09E6C1F-3DFF-854E-9E98-E5CB576C6D63}
301
{859E4914-6BE8-D54A-BCA9-6AD49A41FD0E}
302
{D09E6C1F-3DFF-854E-9E98-E5CB576C6D63}
303

  0
DICTIONARY
  5
1A
102
{ACAD_REACTORS
330
C
102
}
330
C
100
AcDbDictionary
281
     1
  3
Layout1
350
1E
  3
Model
350
22
  0
DICTIONARY
  5
48E
102
{ACAD_REACTORS
330
C
102
}
330
C
100
AcDbDictionary
281
     1
  3
ByBlock
350
4A8
  3
ByLayer
350
4A0
  3
Global
350
4B0
  0
DICTIONARY
  5
48F
102
{ACAD_REACTORS
330
C
102
}
330
C
100
AcDbDictionary
281
     1
  3
Standard
350
490
  0
DICTIONARY
  5
17
102
{ACAD_REACTORS
330
C
102
}
330
C
100
AcDbDictionary
281
     1
  3
STANDARD
350
18
  0
DICTIONARY
  5
19
102
{ACAD_REACTORS
330
C
102
}
330
C
100
AcDbDictionary
281
     1
  0
ACDBDICTIONARYWDFLT
  5
E
102
{ACAD_REACTORS
330
C
102
}
330
C
100
AcDbDictionary
281
     1
  3
Normal
350
F
100
AcDbDictionaryWithDefault
340
F
  0
DICTIONARY
  5
479
102
{ACAD_REACTORS
330
C
102
}
330
C
100
AcDbDictionary
281
     1
  3
A0
350
4D0
  3
A1
350
4D1
  3
A2
350
4D2
  3
A3
350
4D3
  3
A4
350
4D4
  3
A5
350
4D5
  3
A6
350
4D6
  3
A7
350
4D7
  3
A8
350
4D8
  3
A9
350
4D9
  3
B0
350
4DA
  3
B1
350
4DB
  3
B2
350
4DC
  3
B3
350
4DD
  3
B4
350
4DE
  3
B5
350
4DF
  3
B6
350
4E0
  0
DICTIONARY
  5
4E1
102
{ACAD_REACTORS
330
C
102
}
330
C
100
AcDbDictionary
281
     1
  3
Metric50
350
4E2
  0
DICTIONARY
  5
491
102
{ACAD_REACTORS
330
C
102
}
330
C
100
AcDbDictionary
281
     1
  3
Standard
350
492
  0
DICTIONARY
  5
499
102
{ACAD_REACTORS
330
C
102
}
330
C
100
AcDbDictionary
281
     1
  3
2dWireframe
350
4BD
  3
Basic
350
4BC
  3
Brighten
350
4C3
  3
ColorChange
350
4C7
  3
Conceptual
350
4C0
  3
Dim
350
4C2
  3
EdgeColorOff
350
4CF
  3
Facepattern
350
4C6
  3
Flat
350
4B8
  3
FlatWithEdges
350
4B9
  3
Gouraud
350
4BA
  3
GouraudWithEdges
350
4BB
  3
Hidden
350
4BF
  3
JitterOff
350
4CD
  3
Linepattern
350
4C5
  3
OverhangOff
350
4CE
  3
Realistic
350
4C1
  3
Shaded
350
4CC
  3
Shaded with edges
350
4CB
  3
Shades of Gray
350
4C8
  3
Sketchy
350
4C9
  3
Thicken
350
4C4
  3
Wireframe
350
4BE
  3
X-Ray
350
4CA
  0
XRECORD
  5
BB3
102
{ACAD_REACTORS
330
C
102
}
330
C
100
AcDbXrecord
280
     1
 90
        1
330
37E
330
381
330
384
330
3AD
330
3B0
330
3B3
330
3B8
330
3CA
330
3D1
330
3D6
330
3D8
330
42C
330
430
330
492
330
722
330
740
330
75E
330
848
330
84E
330
850
330
87B
330
87D
  0
DICTIONARY
  5
496
102
{ACAD_REACTORS
330
C
102
}
330
C
100
AcDbDictionary
281
     1
  3
CANNOSCALE
350
8EC
  3
CMLEADERSTYLE
350
8E9
  3
CTABLESTYLE
350
8E8
  3
CVIEWDETAILSTYLE
350
8EA
  3
CVIEWSECTIONSTYLE
350
8EB
  3
DIMASSOC
350
497
  3
HIDETEXT
350
498
  3
INDEXCTL
350
8EE
  3
SORTENTS
350
8ED
  3
XCLIPFRAME
350
8EF
  0
XRECORD
  5
BB4
102
{ACAD_REACTORS
330
C
102
}
330
C
100
AcDbXrecord
280
     1
  1
DWGPROPS COOKIE
  2

  3

  4

  6

  7

  8
MatheusRVBIsolantes
  9

300
=
301
=
302
=
303
=
304
=
305
=
306
=
307
=
308
=
309
=
 40
0.013125
 41
2461113.350150463
 42
2461113.863981482
  1

 90
        0
  0
DICTIONARY
  5
4F1
102
{ACAD_REACTORS
330
4F0
102
}
330
4F0
100
AcDbDictionary
281
     1
  0
XRECORD
  5
8C9
102
{ACAD_REACTORS
330
8C8
102
}
330
8C8
100
AcDbXrecord
280
     1
290
     1
  0
XRECORD
  5
8CB
102
{ACAD_REACTORS
330
8CA
102
}
330
8CA
100
AcDbXrecord
280
     1
290
     1
  0
XRECORD
  5
8CD
102
{ACAD_REACTORS
330
8CC
102
}
330
8CC
100
AcDbXrecord
280
     1
290
     1
  0
XRECORD
  5
8CF
102
{ACAD_REACTORS
330
8CE
102
}
330
8CE
100
AcDbXrecord
280
     1
290
     1
  0
XRECORD
  5
8D1
102
{ACAD_REACTORS
330
8D0
102
}
330
8D0
100
AcDbXrecord
280
     1
290
     1
  0
XRECORD
  5
8D3
102
{ACAD_REACTORS
330
8D2
102
}
330
8D2
100
AcDbXrecord
280
     1
290
     1
  0
XRECORD
  5
8D5
102
{ACAD_REACTORS
330
8D4
102
}
330
8D4
100
AcDbXrecord
280
     1
290
     1
  0
XRECORD
  5
8D7
102
{ACAD_REACTORS
330
8D6
102
}
330
8D6
100
AcDbXrecord
280
     1
290
     1
  0
XRECORD
  5
8D9
102
{ACAD_REACTORS
330
8D8
102
}
330
8D8
100
AcDbXrecord
280
     1
290
     1
  0
XRECORD
  5
8DB
102
{ACAD_REACTORS
330
8DA
102
}
330
8DA
100
AcDbXrecord
280
     1
290
     1
  0
XRECORD
  5
8DD
102
{ACAD_REACTORS
330
8DC
102
}
330
8DC
100
AcDbXrecord
280
     1
290
     1
  0
XRECORD
  5
8DF
102
{ACAD_REACTORS
330
8DE
102
}
330
8DE
100
AcDbXrecord
280
     1
290
     1
  0
XRECORD
  5
8E1
102
{ACAD_REACTORS
330
8E0
102
}
330
8E0
100
AcDbXrecord
280
     1
290
     1
  0
XRECORD
  5
8E3
102
{ACAD_REACTORS
330
8E2
102
}
330
8E2
100
AcDbXrecord
280
     1
290
     1
  0
XRECORD
  5
8E5
102
{ACAD_REACTORS
330
8E4
102
}
330
8E4
100
AcDbXrecord
280
     1
290
     1
  0
XRECORD
  5
8E7
102
{ACAD_REACTORS
330
8E6
102
}
330
8E6
100
AcDbXrecord
280
     1
290
     1
  0
XRECORD
  5
B8B
102
{ACAD_REACTORS
330
B8A
102
}
330
B8A
100
AcDbXrecord
280
     1
 40
2812.0
  1
\pxqc;CE-8136-32
  0
XRECORD
  5
B8D
102
{ACAD_REACTORS
330
B8C
102
}
330
B8C
100
AcDbXrecord
280
     1
 40
14213.0
  1
\pxqc;DT-20900-004-095 POS.8
  0
XRECORD
  5
B8F
102
{ACAD_REACTORS
330
B8E
102
}
330
B8E
100
AcDbXrecord
280
     1
 40
14213.0
  1
\pxqc;DT-20900-004-095 POS.8
  0
XRECORD
  5
B91
102
{ACAD_REACTORS
330
B90
102
}
330
B90
100
AcDbXrecord
280
     1
 40
14213.0
  1
\pxqc;DT-20900-004-095 POS.8
  0
XRECORD
  5
B93
102
{ACAD_REACTORS
330
B92
102
}
330
B92
100
AcDbXrecord
280
     1
 40
14213.0
  1
\pxqc;DT-20900-004-095 POS.8
  0
XRECORD
  5
B95
102
{ACAD_REACTORS
330
B94
102
}
330
B94
100
AcDbXrecord
280
     1
 40
14213.0
  1
\pxqc;DT-20900-004-095 POS.8
  0
XRECORD
  5
B97
102
{ACAD_REACTORS
330
B96
102
}
330
B96
100
AcDbXrecord
280
     1
 40
14213.0
  1
\pxqc;DT-20900-004-095 POS.8
  0
XRECORD
  5
B99
102
{ACAD_REACTORS
330
B98
102
}
330
B98
100
AcDbXrecord
280
     1
 40
14213.0
  1
\pxqc;DT-20900-004-095 POS.8
  0
XRECORD
  5
B9B
102
{ACAD_REACTORS
330
B9A
102
}
330
B9A
100
AcDbXrecord
280
     1
 40
14213.0
  1
\pxqc;DT-20900-004-095 POS.8
  0
XRECORD
  5
B9D
102
{ACAD_REACTORS
330
B9C
102
}
330
B9C
100
AcDbXrecord
280
     1
 40
14213.0
  1
\pxqc;DT-20900-004-095 POS.8
  0
XRECORD
  5
B9F
102
{ACAD_REACTORS
330
B9E
102
}
330
B9E
100
AcDbXrecord
280
     1
 40
19026.0
  1
\pxqc;DT-20900-004-095\P POS.11
  0
XRECORD
  5
BA1
102
{ACAD_REACTORS
330
BA0
102
}
330
BA0
100
AcDbXrecord
280
     1
 40
19026.0
  1
\pxqc;DT-20900-004-095\P POS.11
  0
XRECORD
  5
BA3
102
{ACAD_REACTORS
330
BA2
102
}
330
BA2
100
AcDbXrecord
280
     1
 40
19026.0
  1
\pxqc;DT-20900-004-095\P POS.11
  0
XRECORD
  5
BA6
102
{ACAD_REACTORS
330
BA5
102
}
330
BA5
100
AcDbXrecord
280
     1
 40
1350.0
  1
\pxqc;CH 0+20
  0
XRECORD
  5
BA8
102
{ACAD_REACTORS
330
BA7
102
}
330
BA7
100
AcDbXrecord
280
     1
 40
1350.0
  1
\pxqc;CH 0+20
  0
XRECORD
  5
BAA
102
{ACAD_REACTORS
330
BA9
102
}
330
BA9
100
AcDbXrecord
280
     1
 40
27678.0
  1
\pxqc;REB\P40
  0
XRECORD
  5
BF1
102
{ACAD_REACTORS
330
BA9
102
}
330
BA9
100
AcDbXrecord
280
     1
 40
40776.0
  1
\pi6.16857;REB\P\pi9.08524;40
  0
XRECORD
  5
BAC
102
{ACAD_REACTORS
330
BAB
102
}
330
BAB
100
AcDbXrecord
280
     1
 40
27678.0
  1
\pxqc;REB\P40
  0
XRECORD
  5
BF2
102
{ACAD_REACTORS
330
BAB
102
}
330
BAB
100
AcDbXrecord
280
     1
 40
40776.0
  1
\pi6.16857;REB\P\pi9.08524;40
  0
XRECORD
  5
BAE
102
{ACAD_REACTORS
330
BAD
102
}
330
BAD
100
AcDbXrecord
280
     1
 40
27678.0
  1
\pxqc;REB\P40
  0
XRECORD
  5
BF3
102
{ACAD_REACTORS
330
BAD
102
}
330
BAD
100
AcDbXrecord
280
     1
 40
40776.0
  1
\pi6.16857;REB\P\pi9.08524;40
  0
XRECORD
  5
BB0
102
{ACAD_REACTORS
330
BAF
102
}
330
BAF
100
AcDbXrecord
280
     1
 40
1834.0
  1
\pxqc;REB\P40
  0
XRECORD
  5
BB2
102
{ACAD_REACTORS
330
BB1
102
}
330
BB1
100
AcDbXrecord
280
     1
 40
1834.0
  1
\pxqc;REB\P40
  0
ACDBDETAILVIEWSTYLE
  5
4E4
102
{ACAD_XDICTIONARY
360
BEF
102
}
102
{ACAD_REACTORS
330
4E3
102
}
330
4E3
100
AcDbModelDocViewStyle
 70
     0
  3
Metric50
290
     0
100
AcDbDetailViewStyle
 70
     0
 71
     0
 90
        3
 71
     1
340
11
 40
5.0
340
0
 40
5.0
300

 40
0.0
280
     1
 71
     2
340
16
 90
       25
 71
     3
340
11
 40
5.0
 90
        0
 40
15.0
 90
        1
300
%<\AcVar ViewDetailId>% (%<\AcVar ViewScale \f "%sn">%)
 71
     4
340
16
 90
       25
340
16
 90
       25
280
     0
  0
LAYOUT
  5
1E
102
{ACAD_XDICTIONARY
360
BB5
102
}
102
{ACAD_REACTORS
330
1A
102
}
330
1A
100
AcDbPlotSettings
  1

  2
C:\Program Files\AutoCAD 2002\plotters\DWF ePlot (optimized for plotting).pc3
  4

  6

 40
0.0
 41
0.0
 42
0.0
 43
0.0
 44
0.0
 45
0.0
 46
0.0
 47
0.0
 48
0.0
 49
0.0
140
0.0
141
0.0
142
1.0
143
1.0
 70
   688
 72
     1
 73
     1
 74
     1
  7
acad.stb
 75
    16
147
1.0
148
0.0
149
0.0
100
AcDbLayout
  1
Layout1
 70
     1
 71
     1
 10
0.0
 20
0.0
 11
0.0
 21
0.0
 12
0.0
 22
0.0
 32
0.0
 14
1.000000000000000E+20
 24
1.000000000000000E+20
 34
1.000000000000000E+20
 15
-1.000000000000000E+20
 25
-1.000000000000000E+20
 35
-1.000000000000000E+20
146
0.0
 13
0.0
 23
0.0
 33
0.0
 16
1.0
 26
0.0
 36
0.0
 17
0.0
 27
1.0
 37
0.0
 76
     0
330
474
  0
LAYOUT
  5
22
102
{ACAD_XDICTIONARY
360
BB7
102
}
102
{ACAD_REACTORS
330
1A
102
}
330
1A
100
AcDbPlotSettings
  1

  2
C:\Program Files\AutoCAD 2002\plotters\DWF ePlot (optimized for plotting).pc3
  4

  6

 40
0.0
 41
0.0
 42
0.0
 43
0.0
 44
0.0
 45
0.0
 46
0.0
 47
0.0
 48
0.0
 49
0.0
140
0.0
141
0.0
142
1.0
143
1.0
 70
  1712
 72
     1
 73
     1
 74
     0
  7
acad.stb
 75
     0
147
1.0
148
0.0
149
0.0
100
AcDbLayout
  1
Model
 70
     1
 71
     0
 10
0.0
 20
0.0
 11
12.0
 21
9.0
 12
0.0
 22
0.0
 32
0.0
 14
0.0
 24
0.0
 34
0.0
 15
0.0
 25
0.0
 35
0.0
146
0.0
 13
0.0
 23
0.0
 33
0.0
 16
1.0
 26
0.0
 36
0.0
 17
0.0
 27
1.0
 37
0.0
 76
     0
330
1F
331
478
  0
MATERIAL
  5
4A8
102
{ACAD_XDICTIONARY
360
4A9
102
}
102
{ACAD_REACTORS
330
48E
102
}
330
48E
100
AcDbMaterial
  1
ByBlock
 72
     0
 43
0.0008202099737533
 43
0.0
 43
0.0
 43
0.0
 43
0.0
 43
0.0008202099737533
 43
0.0
 43
0.0
 43
0.0
 43
0.0
 43
1.0
 43
0.0
 43
0.0
 43
0.0
 43
0.0
 43
1.0
 77
     0
 47
0.0008202099737533
 47
0.0
 47
0.0
 47
0.0
 47
0.0
 47
0.0008202099737533
 47
0.0
 47
0.0
 47
0.0
 47
0.0
 47
1.0
 47
0.0
 47
0.0
 47
0.0
 47
0.0
 47
1.0
171
     0
 49
0.0008202099737533
 49
0.0
 49
0.0
 49
0.0
 49
0.0
 49
0.0008202099737533
 49
0.0
 49
0.0
 49
0.0
 49
0.0
 49
1.0
 49
0.0
 49
0.0
 49
0.0
 49
0.0
 49
1.0
175
     0
142
0.0008202099737533
142
0.0
142
0.0
142
0.0
142
0.0
142
0.0008202099737533
142
0.0
142
0.0
142
0.0
142
0.0
142
1.0
142
0.0
142
0.0
142
0.0
142
0.0
142
1.0
179
     0
144
0.0008202099737533
144
0.0
144
0.0
144
0.0
144
0.0
144
0.0008202099737533
144
0.0
144
0.0
144
0.0
144
0.0
144
1.0
144
0.0
144
0.0
144
0.0
144
0.0
144
1.0
147
0.0008202099737533
147
0.0
147
0.0
147
0.0
147
0.0
147
0.0008202099737533
147
0.0
147
0.0
147
0.0
147
0.0
147
1.0
147
0.0
147
0.0
147
0.0
147
0.0
147
1.0
  0
MATERIAL
  5
4A0
102
{ACAD_XDICTIONARY
360
4A1
102
}
102
{ACAD_REACTORS
330
48E
102
}
330
48E
100
AcDbMaterial
  1
ByLayer
 72
     0
 43
0.0008202099737533
 43
0.0
 43
0.0
 43
0.0
 43
0.0
 43
0.0008202099737533
 43
0.0
 43
0.0
 43
0.0
 43
0.0
 43
1.0
 43
0.0
 43
0.0
 43
0.0
 43
0.0
 43
1.0
 77
     0
 47
0.0008202099737533
 47
0.0
 47
0.0
 47
0.0
 47
0.0
 47
0.0008202099737533
 47
0.0
 47
0.0
 47
0.0
 47
0.0
 47
1.0
 47
0.0
 47
0.0
 47
0.0
 47
0.0
 47
1.0
171
     0
 49
0.0008202099737533
 49
0.0
 49
0.0
 49
0.0
 49
0.0
 49
0.0008202099737533
 49
0.0
 49
0.0
 49
0.0
 49
0.0
 49
1.0
 49
0.0
 49
0.0
 49
0.0
 49
0.0
 49
1.0
175
     0
142
0.0008202099737533
142
0.0
142
0.0
142
0.0
142
0.0
142
0.0008202099737533
142
0.0
142
0.0
142
0.0
142
0.0
142
1.0
142
0.0
142
0.0
142
0.0
142
0.0
142
1.0
179
     0
144
0.0008202099737533
144
0.0
144
0.0
144
0.0
144
0.0
144
0.0008202099737533
144
0.0
144
0.0
144
0.0
144
0.0
144
1.0
144
0.0
144
0.0
144
0.0
144
0.0
144
1.0
147
0.0008202099737533
147
0.0
147
0.0
147
0.0
147
0.0
147
0.0008202099737533
147
0.0
147
0.0
147
0.0
147
0.0
147
1.0
147
0.0
147
0.0
147
0.0
147
0.0
147
1.0
  0
MATERIAL
  5
4B0
102
{ACAD_XDICTIONARY
360
4B1
102
}
102
{ACAD_REACTORS
330
48E
102
}
330
48E
100
AcDbMaterial
  1
Global
 72
     0
 43
0.0008202099737533
 43
0.0
 43
0.0
 43
0.0
 43
0.0
 43
0.0008202099737533
 43
0.0
 43
0.0
 43
0.0
 43
0.0
 43
1.0
 43
0.0
 43
0.0
 43
0.0
 43
0.0
 43
1.0
 77
     0
 47
0.0008202099737533
 47
0.0
 47
0.0
 47
0.0
 47
0.0
 47
0.0008202099737533
 47
0.0
 47
0.0
 47
0.0
 47
0.0
 47
1.0
 47
0.0
 47
0.0
 47
0.0
 47
0.0
 47
1.0
171
     0
 49
0.0008202099737533
 49
0.0
 49
0.0
 49
0.0
 49
0.0
 49
0.0008202099737533
 49
0.0
 49
0.0
 49
0.0
 49
0.0
 49
1.0
 49
0.0
 49
0.0
 49
0.0
 49
0.0
 49
1.0
175
     0
142
0.0008202099737533
142
0.0
142
0.0
142
0.0
142
0.0
142
0.0008202099737533
142
0.0
142
0.0
142
0.0
142
0.0
142
1.0
142
0.0
142
0.0
142
0.0
142
0.0
142
1.0
179
     0
144
0.0008202099737533
144
0.0
144
0.0
144
0.0
144
0.0
144
0.0008202099737533
144
0.0
144
0.0
144
0.0
144
0.0
144
1.0
144
0.0
144
0.0
144
0.0
144
0.0
144
1.0
147
0.0008202099737533
147
0.0
147
0.0
147
0.0
147
0.0
147
0.0008202099737533
147
0.0
147
0.0
147
0.0
147
0.0
147
1.0
147
0.0
147
0.0
147
0.0
147
0.0
147
1.0
  0
MLEADERSTYLE
  5
490
102
{ACAD_REACTORS
330
48F
102
}
330
48F
100
AcDbMLeaderStyle
170
     2
171
     1
172
     0
 90
        2
 40
0.0
 41
0.0
173
     1
 91
-1073741824
 92
       -2
290
     1
 42
0.09
291
     1
 43
0.36
  3
Standard
 44
0.18
300

174
     1
178
     1
175
     1
176
     0
 93
-1073741824
 45
0.18
292
     0
297
     0
 46
0.0
 94
-1073741824
 47
1.0
 49
1.0
140
1.0
293
     1
141
0.0
294
     1
177
     0
142
1.0
295
     0
296
     0
143
0.125
1001
ACAD_MLEADERVER
1070
     2
  0
MLINESTYLE
  5
18
102
{ACAD_REACTORS
330
17
102
}
330
17
100
AcDbMlineStyle
  2
STANDARD
 70
     0
  3

 62
   256
 51
90.0
 52
90.0
 71
     2
 49
0.5
 62
     0
  6
BYLAYER
 49
-0.5
 62
     0
  6
BYLAYER
  0
ACDBPLACEHOLDER
  5
F
102
{ACAD_REACTORS
330
E
102
}
330
E
  0
SCALE
  5
4D0
102
{ACAD_REACTORS
330
479
102
}
330
479
100
AcDbScale
 70
     0
300
1:1
140
1.0
141
1.0
290
     1
  0
SCALE
  5
4D1
102
{ACAD_REACTORS
330
479
102
}
330
479
100
AcDbScale
 70
     0
300
1:2
140
1.0
141
2.0
290
     0
  0
SCALE
  5
4D2
102
{ACAD_REACTORS
330
479
102
}
330
479
100
AcDbScale
 70
     0
300
1:4
140
1.0
141
4.0
290
     0
  0
SCALE
  5
4D3
102
{ACAD_REACTORS
330
479
102
}
330
479
100
AcDbScale
 70
     0
300
1:5
140
1.0
141
5.0
290
     0
  0
SCALE
  5
4D4
102
{ACAD_REACTORS
330
479
102
}
330
479
100
AcDbScale
 70
     0
300
1:8
140
1.0
141
8.0
290
     0
  0
SCALE
  5
4D5
102
{ACAD_REACTORS
330
479
102
}
330
479
100
AcDbScale
 70
     0
300
1:10
140
1.0
141
10.0
290
     0
  0
SCALE
  5
4D6
102
{ACAD_REACTORS
330
479
102
}
330
479
100
AcDbScale
 70
     0
300
1:16
140
1.0
141
16.0
290
     0
  0
SCALE
  5
4D7
102
{ACAD_REACTORS
330
479
102
}
330
479
100
AcDbScale
 70
     0
300
1:20
140
1.0
141
20.0
290
     0
  0
SCALE
  5
4D8
102
{ACAD_REACTORS
330
479
102
}
330
479
100
AcDbScale
 70
     0
300
1:30
140
1.0
141
30.0
290
     0
  0
SCALE
  5
4D9
102
{ACAD_REACTORS
330
479
102
}
330
479
100
AcDbScale
 70
     0
300
1:40
140
1.0
141
40.0
290
     0
  0
SCALE
  5
4DA
102
{ACAD_REACTORS
330
479
102
}
330
479
100
AcDbScale
 70
     0
300
1:50
140
1.0
141
50.0
290
     0
  0
SCALE
  5
4DB
102
{ACAD_REACTORS
330
479
102
}
330
479
100
AcDbScale
 70
     0
300
1:100
140
1.0
141
100.0
290
     0
  0
SCALE
  5
4DC
102
{ACAD_REACTORS
330
479
102
}
330
479
100
AcDbScale
 70
     0
300
2:1
140
2.0
141
1.0
290
     0
  0
SCALE
  5
4DD
102
{ACAD_REACTORS
330
479
102
}
330
479
100
AcDbScale
 70
     0
300
4:1
140
4.0
141
1.0
290
     0
  0
SCALE
  5
4DE
102
{ACAD_REACTORS
330
479
102
}
330
479
100
AcDbScale
 70
     0
300
8:1
140
8.0
141
1.0
290
     0
  0
SCALE
  5
4DF
102
{ACAD_REACTORS
330
479
102
}
330
479
100
AcDbScale
 70
     0
300
10:1
140
10.0
141
1.0
290
     0
  0
SCALE
  5
4E0
102
{ACAD_REACTORS
330
479
102
}
330
479
100
AcDbScale
 70
     0
300
100:1
140
100.0
141
1.0
290
     0
  0
ACDBSECTIONVIEWSTYLE
  5
4E2
102
{ACAD_XDICTIONARY
360
BED
102
}
102
{ACAD_REACTORS
330
4E1
102
}
330
4E1
100
AcDbModelDocViewStyle
 70
     0
  3
Metric50
290
     0
100
AcDbSectionViewStyle
 70
     0
 71
     0
 90
      102
 71
     1
340
11
 40
5.0
340
0
340
0
 40
5.0
300
I, O, Q, S, X, Z
 40
10.0
 90
        0
 40
2.5
 90
        0
 71
     2
340
16
 90
       25
340
16
 90
       50
 40
5.0
 40
2.5
 40
5.0
 71
     3
340
11
 40
5.0
 90
        0
 40
15.0
 90
        1
300
%<\AcVar ViewSectionStartId>%-%<\AcVar ViewSectionEndId>% (%<\AcVar ViewScale \f "%sn">%)
 71
     4
300
ANSI31
 40
1.0
 90
        0
290
     0
290
     0
 90
        6
 40
0.0
 40
1.570796326794896
 40
0.2617993877991494
 40
1.308996938995747
 40
-0.2617993877991494
 40
1.832595714594046
  0
TABLESTYLE
  5
492
102
{ACAD_XDICTIONARY
360
493
102
}
102
{ACAD_REACTORS
330
491
102
}
330
491
100
AcDbTableStyle
  3

 70
     0
 71
     0
 40
0.06
 41
0.06
280
     0
281
     0
  7
Standard
140
0.18
170
     1
 62
     0
 63
     7
283
     0
274
    -2
284
     1
 64
     0
275
    -2
285
     1
 65
     0
276
    -2
286
     1
 66
     0
277
    -2
287
     1
 67
     0
278
    -2
288
     1
 68
     0
279
    -2
289
     1
 69
     0
  7
Standard
140
0.18
170
     1
 62
     0
 63
     7
283
     0
274
    -2
284
     1
 64
     0
275
    -2
285
     1
 65
     0
276
    -2
286
     1
 66
     0
277
    -2
287
     1
 67
     0
278
    -2
288
     1
 68
     0
279
    -2
289
     1
 69
     0
  7
Standard
140
0.18
170
     1
 62
     0
 63
     7
283
     0
274
    -2
284
     1
 64
     0
275
    -2
285
     1
 65
     0
276
    -2
286
     1
 66
     0
277
    -2
287
     1
 67
     0
278
    -2
288
     1
 68
     0
279
    -2
289
     1
 69
     0
  0
VISUALSTYLE
  5
4BD
102
{ACAD_XDICTIONARY
360
BC7
102
}
102
{ACAD_REACTORS
330
499
102
}
330
499
100
AcDbVisualStyle
  2
2dWireframe
 70
     4
 71
     0
 72
     2
 73
     0
 90
        0
 40
-0.6
 41
-30.0
 62
     5
 63
     7
 74
     1
 91
        4
 64
     7
 65
   257
 75
     1
175
     1
 42
1.0
 92
        0
 66
   257
 43
1.0
 76
     1
 77
     6
 78
     2
 67
     7
 79
     5
170
     0
171
     0
290
     0
174
     0
 93
        1
 44
0.0
173
     0
291
     0
 45
0.0
1001
ACAD
1000
AcDbSavedByObjectVersion
1070
     0
  0
VISUALSTYLE
  5
4BC
102
{ACAD_XDICTIONARY
360
BC5
102
}
102
{ACAD_REACTORS
330
499
102
}
330
499
100
AcDbVisualStyle
  2
Basic
 70
     7
 71
     1
 72
     0
 73
     1
 90
        0
 40
-0.6
 41
-30.0
 62
     5
 63
     7
 74
     0
 91
        4
 64
     7
 65
   257
 75
     1
175
     1
 42
1.0
 92
        8
 66
     7
 43
1.0
 76
     1
 77
     6
 78
     2
 67
     7
 79
     5
170
     0
171
     0
290
     0
174
     0
 93
        1
 44
0.0
173
     0
291
     1
 45
0.0
1001
ACAD
1000
AcDbSavedByObjectVersion
1070
     0
  0
VISUALSTYLE
  5
4C3
102
{ACAD_XDICTIONARY
360
BD3
102
}
102
{ACAD_REACTORS
330
499
102
}
330
499
100
AcDbVisualStyle
  2
Brighten
 70
    12
 71
     2
 72
     2
 73
     0
 90
        0
 40
-0.6
 41
-30.0
 62
     5
 63
     7
 74
     1
 91
        4
 64
     7
 65
   257
 75
     1
175
     1
 42
1.0
 92
        8
 66
     7
 43
1.0
 76
     1
 77
     6
 78
     2
 67
     7
 79
     5
170
     0
171
     0
290
     0
174
     0
 93
        1
 44
50.0
173
     0
291
     1
 45
0.0
1001
ACAD
1000
AcDbSavedByObjectVersion
1070
     0
  0
VISUALSTYLE
  5
4C7
102
{ACAD_XDICTIONARY
360
BDB
102
}
102
{ACAD_REACTORS
330
499
102
}
330
499
100
AcDbVisualStyle
  2
ColorChange
 70
    16
 71
     2
 72
     2
 73
     3
 90
        0
 40
-0.6
 41
-30.0
 62
     5
 63
     8
 74
     1
 91
        4
 64
     7
 65
   257
 75
     1
175
     1
 42
1.0
 92
        8
 66
     8
 43
1.0
 76
     1
 77
     6
 78
     2
 67
     7
 79
     5
170
     0
171
     0
290
     0
174
     0
 93
        1
 44
0.0
173
     0
291
     1
 45
0.0
1001
ACAD
1000
AcDbSavedByObjectVersion
1070
     0
  0
VISUALSTYLE
  5
4C0
102
{ACAD_XDICTIONARY
360
BCD
102
}
102
{ACAD_REACTORS
330
499
102
}
330
499
100
AcDbVisualStyle
  2
Conceptual
 70
     9
 71
     3
 72
     2
 73
     0
 90
        0
 40
-0.6
 41
-30.0
 62
     5
 63
     7
 74
     2
 91
        2
 64
     7
 65
   257
 75
     1
175
     1
 42
179.0
 92
        8
 66
     7
 43
1.0
 76
     1
 77
     6
 78
     2
 67
     7
 79
     3
170
     0
171
     0
290
     0
174
     0
 93
        1
 44
0.0
173
     0
291
     0
 45
0.0
1001
ACAD
1000
AcDbSavedByObjectVersion
1070
     0
  0
VISUALSTYLE
  5
4C2
102
{ACAD_XDICTIONARY
360
BD1
102
}
102
{ACAD_REACTORS
330
499
102
}
330
499
100
AcDbVisualStyle
  2
Dim
 70
    11
 71
     2
 72
     2
 73
     0
 90
        0
 40
-0.6
 41
-30.0
 62
     5
 63
     7
 74
     1
 91
        4
 64
     7
 65
   257
 75
     1
175
     1
 42
1.0
 92
        8
 66
     7
 43
1.0
 76
     1
 77
     6
 78
     2
 67
     7
 79
     5
170
     0
171
     0
290
     0
174
     0
 93
        1
 44
-50.0
173
     0
291
     1
 45
0.0
1001
ACAD
1000
AcDbSavedByObjectVersion
1070
     0
  0
VISUALSTYLE
  5
4CF
102
{ACAD_XDICTIONARY
360
BEB
102
}
102
{ACAD_REACTORS
330
499
102
}
330
499
100
AcDbVisualStyle
  2
EdgeColorOff
 70
    22
 71
     2
 72
     2
 73
     0
 90
        0
 40
-0.6
 41
-30.0
 62
     5
 63
     7
 74
     1
 91
        4
 64
     7
 65
   257
 75
     1
175
     1
 42
1.0
 92
        8
 66
     7
 43
1.0
 76
     1
 77
     6
 78
     2
 67
     7
 79
     5
170
     0
171
     0
290
     0
174
     0
 93
        1
 44
0.0
173
     0
291
     1
 45
0.0
1001
ACAD
1000
AcDbSavedByObjectVersion
1070
     0
  0
VISUALSTYLE
  5
4C6
102
{ACAD_XDICTIONARY
360
BD9
102
}
102
{ACAD_REACTORS
330
499
102
}
330
499
100
AcDbVisualStyle
  2
Facepattern
 70
    15
 71
     2
 72
     2
 73
     0
 90
        0
 40
-0.6
 41
-30.0
 62
     5
 63
     7
 74
     1
 91
        4
 64
     7
 65
   257
 75
     1
175
     1
 42
1.0
 92
        8
 66
     7
 43
1.0
 76
     1
 77
     6
 78
     2
 67
     7
 79
     5
170
     0
171
     0
290
     0
174
     0
 93
        1
 44
0.0
173
     0
291
     1
 45
0.0
1001
ACAD
1000
AcDbSavedByObjectVersion
1070
     0
  0
VISUALSTYLE
  5
4B8
102
{ACAD_XDICTIONARY
360
BBD
102
}
102
{ACAD_REACTORS
330
499
102
}
330
499
100
AcDbVisualStyle
  2
Flat
 70
     0
 71
     2
 72
     1
 73
     1
 90
        2
 40
-0.6
 41
30.0
 62
     5
 63
     7
 74
     0
 91
        0
 64
     7
 65
   257
 75
     1
175
     1
 42
1.0
 92
        8
 66
     7
 43
1.0
 76
     1
 77
     6
 78
     2
 67
     7
 79
     5
170
     0
171
     0
290
     0
174
     0
 93
       13
 44
0.0
173
     0
291
     1
 45
0.0
1001
ACAD
1000
AcDbSavedByObjectVersion
1070
     0
  0
VISUALSTYLE
  5
4B9
102
{ACAD_XDICTIONARY
360
BBF
102
}
102
{ACAD_REACTORS
330
499
102
}
330
499
100
AcDbVisualStyle
  2
FlatWithEdges
 70
     1
 71
     2
 72
     1
 73
     1
 90
        2
 40
-0.6
 41
30.0
 62
     5
 63
     7
 74
     1
 91
        0
 64
     7
 65
   257
 75
     1
175
     1
 42
1.0
 92
        0
 66
   257
 43
1.0
 76
     1
 77
     6
 78
     2
 67
     7
 79
     5
170
     0
171
     0
290
     0
174
     0
 93
       13
 44
0.0
173
     0
291
     1
 45
0.0
1001
ACAD
1000
AcDbSavedByObjectVersion
1070
     0
  0
VISUALSTYLE
  5
4BA
102
{ACAD_XDICTIONARY
360
BC1
102
}
102
{ACAD_REACTORS
330
499
102
}
330
499
100
AcDbVisualStyle
  2
Gouraud
 70
     2
 71
     2
 72
     2
 73
     1
 90
        2
 40
-0.6
 41
30.0
 62
     5
 63
     7
 74
     0
 91
        0
 64
     7
 65
   257
 75
     1
175
     1
 42
1.0
 92
        0
 66
     7
 43
1.0
 76
     1
 77
     6
 78
     2
 67
     7
 79
     5
170
     0
171
     0
290
     0
174
     0
 93
       13
 44
0.0
173
     0
291
     1
 45
0.0
1001
ACAD
1000
AcDbSavedByObjectVersion
1070
     0
  0
VISUALSTYLE
  5
4BB
102
{ACAD_XDICTIONARY
360
BC3
102
}
102
{ACAD_REACTORS
330
499
102
}
330
499
100
AcDbVisualStyle
  2
GouraudWithEdges
 70
     3
 71
     2
 72
     2
 73
     1
 90
        2
 40
-0.6
 41
30.0
 62
     5
 63
     7
 74
     1
 91
        0
 64
     7
 65
   257
 75
     1
175
     1
 42
1.0
 92
        0
 66
   257
 43
1.0
 76
     1
 77
     6
 78
     2
 67
     7
 79
     5
170
     0
171
     0
290
     0
174
     0
 93
       13
 44
0.0
173
     0
291
     1
 45
0.0
1001
ACAD
1000
AcDbSavedByObjectVersion
1070
     0
  0
VISUALSTYLE
  5
4BF
102
{ACAD_XDICTIONARY
360
BCB
102
}
102
{ACAD_REACTORS
330
499
102
}
330
499
100
AcDbVisualStyle
  2
Hidden
 70
     6
 71
     1
 72
     2
 73
     2
 90
        0
 40
-0.6
 41
-30.0
 62
     5
 63
     7
 74
     2
 91
        2
 64
     7
 65
   257
 75
     2
175
     1
 42
40.0
 92
        0
 66
   257
 43
1.0
 76
     1
 77
     6
 78
     2
 67
     7
 79
     3
170
     0
171
     0
290
     0
174
     0
 93
        1
 44
0.0
173
     0
291
     0
 45
0.0
1001
ACAD
1000
AcDbSavedByObjectVersion
1070
     0
  0
VISUALSTYLE
  5
4CD
102
{ACAD_XDICTIONARY
360
BE7
102
}
102
{ACAD_REACTORS
330
499
102
}
330
499
100
AcDbVisualStyle
  2
JitterOff
 70
    20
 71
     2
 72
     2
 73
     0
 90
        0
 40
-0.6
 41
-30.0
 62
     5
 63
     7
 74
     1
 91
        4
 64
     7
 65
   257
 75
     1
175
     1
 42
1.0
 92
       10
 66
     7
 43
1.0
 76
     1
 77
     6
 78
     2
 67
     7
 79
     5
170
     0
171
     0
290
     0
174
     0
 93
        1
 44
0.0
173
     0
291
     1
 45
0.0
1001
ACAD
1000
AcDbSavedByObjectVersion
1070
     0
  0
VISUALSTYLE
  5
4C5
102
{ACAD_XDICTIONARY
360
BD7
102
}
102
{ACAD_REACTORS
330
499
102
}
330
499
100
AcDbVisualStyle
  2
Linepattern
 70
    14
 71
     2
 72
     2
 73
     0
 90
        0
 40
-0.6
 41
-30.0
 62
     5
 63
     7
 74
     1
 91
        4
 64
     7
 65
   257
 75
     7
175
     7
 42
1.0
 92
        8
 66
     7
 43
1.0
 76
     1
 77
     6
 78
     2
 67
     7
 79
     5
170
     0
171
     0
290
     0
174
     0
 93
        1
 44
0.0
173
     0
291
     1
 45
0.0
1001
ACAD
1000
AcDbSavedByObjectVersion
1070
     0
  0
VISUALSTYLE
  5
4CE
102
{ACAD_XDICTIONARY
360
BE9
102
}
102
{ACAD_REACTORS
330
499
102
}
330
499
100
AcDbVisualStyle
  2
OverhangOff
 70
    21
 71
     2
 72
     2
 73
     0
 90
        0
 40
-0.6
 41
-30.0
 62
     5
 63
     7
 74
     1
 91
        4
 64
     7
 65
   257
 75
     1
175
     1
 42
1.0
 92
        9
 66
     7
 43
1.0
 76
     1
 77
     6
 78
     2
 67
     7
 79
     5
170
     0
171
     0
290
     0
174
     0
 93
        1
 44
0.0
173
     0
291
     1
 45
0.0
1001
ACAD
1000
AcDbSavedByObjectVersion
1070
     0
  0
VISUALSTYLE
  5
4C1
102
{ACAD_XDICTIONARY
360
BCF
102
}
102
{ACAD_REACTORS
330
499
102
}
330
499
100
AcDbVisualStyle
  2
Realistic
 70
     8
 71
     2
 72
     3
 73
     0
 90
        2
 40
-0.6
 41
30.0
 62
     5
 63
     7
 74
     0
 91
        0
 64
     7
 65
   257
 75
     1
175
     1
 42
1.0
 92
        8
 66
   257
 43
1.0
 76
     1
 77
     6
 78
     2
 67
     7
 79
     3
170
     0
171
     0
290
     0
174
     0
 93
       13
 44
0.0
173
     0
291
     0
 45
0.0
1001
ACAD
1000
AcDbSavedByObjectVersion
1070
     0
  0
VISUALSTYLE
  5
4CC
102
{ACAD_XDICTIONARY
360
BE5
102
}
102
{ACAD_REACTORS
330
499
102
}
330
499
100
AcDbVisualStyle
  2
Shaded
 70
    27
 71
     2
 72
     2
 73
     1
 90
        2
 40
-0.6
 41
30.0
 62
     5
 63
     7
 74
     0
 91
        4
 64
     7
 65
   257
 75
     1
175
     1
 42
1.0
 92
        8
 66
   257
 43
1.0
 76
     1
 77
     6
 78
     2
 67
     8
 79
     3
170
     0
171
     0
290
     0
174
     0
 93
        5
 44
0.0
173
     0
291
     0
 45
0.0
1001
ACAD
1000
AcDbSavedByObjectVersion
1070
     0
  0
VISUALSTYLE
  5
4CB
102
{ACAD_XDICTIONARY
360
BE3
102
}
102
{ACAD_REACTORS
330
499
102
}
330
499
100
AcDbVisualStyle
  2
Shaded with edges
 70
    26
 71
     2
 72
     2
 73
     1
 90
        2
 40
-0.6
 41
30.0
 62
     5
 63
     7
 74
     1
 91
        2
 64
     7
 65
   257
 75
     2
175
     1
 42
1.0
 92
        8
 66
   257
 43
1.0
 76
     1
 77
     6
 78
     2
 67
     7
 79
     3
170
     0
171
     0
290
     0
174
     0
 93
        5
 44
0.0
173
     0
291
     0
 45
0.0
1001
ACAD
1000
AcDbSavedByObjectVersion
1070
     0
  0
VISUALSTYLE
  5
4C8
102
{ACAD_XDICTIONARY
360
BDD
102
}
102
{ACAD_REACTORS
330
499
102
}
330
499
100
AcDbVisualStyle
  2
Shades of Gray
 70
    23
 71
     2
 72
     2
 73
     3
 90
        0
 40
-0.6
 41
-30.0
 62
     5
 63
     7
 74
     2
 91
        2
 64
     7
 65
     7
 75
     1
175
     1
 42
40.0
 92
        8
 66
     7
 43
1.0
 76
     1
 77
     6
 78
     2
 67
     7
 79
     3
170
     0
171
     0
290
     0
174
     0
 93
        1
 44
0.0
173
     0
291
     0
 45
0.0
1001
ACAD
1000
AcDbSavedByObjectVersion
1070
     0
  0
VISUALSTYLE
  5
4C9
102
{ACAD_XDICTIONARY
360
BDF
102
}
102
{ACAD_REACTORS
330
499
102
}
330
499
100
AcDbVisualStyle
  2
Sketchy
 70
    24
 71
     1
 72
     2
 73
     2
 90
        0
 40
-0.6
 41
-30.0
 62
     5
 63
     7
 74
     2
 91
        2
 64
     7
 65
     7
 75
     1
175
     1
 42
40.0
 92
       11
 66
     7
 43
1.0
 76
     1
 77
     6
 78
     2
 67
     7
 79
     6
170
     0
171
     0
290
     0
174
     0
 93
        1
 44
0.0
173
     0
291
     0
 45
0.0
1001
ACAD
1000
AcDbSavedByObjectVersion
1070
     0
  0
VISUALSTYLE
  5
4C4
102
{ACAD_XDICTIONARY
360
BD5
102
}
102
{ACAD_REACTORS
330
499
102
}
330
499
100
AcDbVisualStyle
  2
Thicken
 70
    13
 71
     2
 72
     2
 73
     0
 90
        0
 40
-0.6
 41
-30.0
 62
     5
 63
     7
 74
     1
 91
        4
 64
     7
 65
   257
 75
     1
175
     1
 42
1.0
 92
       12
 66
     7
 43
1.0
 76
     1
 77
     6
 78
     2
 67
     7
 79
     5
170
     0
171
     0
290
     0
174
     0
 93
        1
 44
0.0
173
     0
291
     1
 45
0.0
1001
ACAD
1000
AcDbSavedByObjectVersion
1070
     0
  0
VISUALSTYLE
  5
4BE
102
{ACAD_XDICTIONARY
360
BC9
102
}
102
{ACAD_REACTORS
330
499
102
}
330
499
100
AcDbVisualStyle
  2
Wireframe
 70
     5
 71
     0
 72
     2
 73
     0
 90
        0
 40
-0.6
 41
-30.0
 62
     5
 63
     7
 74
     1
 91
        4
 64
     7
 65
   257
 75
     1
175
     1
 42
1.0
 92
        0
 66
   257
 43
1.0
 76
     1
 77
     6
 78
     2
 67
     7
 79
     3
170
     0
171
     0
290
     0
174
     0
 93
        1
 44
0.0
173
     0
291
     0
 45
0.0
1001
ACAD
1000
AcDbSavedByObjectVersion
1070
     0
  0
VISUALSTYLE
  5
4CA
102
{ACAD_XDICTIONARY
360
BE1
102
}
102
{ACAD_REACTORS
330
499
102
}
330
499
100
AcDbVisualStyle
  2
X-Ray
 70
    25
 71
     2
 72
     2
 73
     1
 90
        1
 40
0.5
 41
-30.0
 62
     5
 63
     7
 74
     1
 91
        0
 64
     7
 65
   257
 75
     1
175
     1
 42
1.0
 92
        8
 66
     7
 43
1.0
 76
     1
 77
     6
 78
     2
 67
     7
 79
     3
170
     0
171
     0
290
     0
174
     0
 93
       13
 44
0.0
173
     0
291
     0
 45
0.0
1001
ACAD
1000
AcDbSavedByObjectVersion
1070
     0
  0
DICTIONARYVAR
  5
8EC
102
{ACAD_REACTORS
330
496
102
}
330
496
100
DictionaryVariables
280
     0
  1
1:1
  0
DICTIONARYVAR
  5
8E9
102
{ACAD_REACTORS
330
496
102
}
330
496
100
DictionaryVariables
280
     0
  1
STANDARD
  0
DICTIONARYVAR
  5
8E8
102
{ACAD_REACTORS
330
496
102
}
330
496
100
DictionaryVariables
280
     0
  1
STANDARD
  0
DICTIONARYVAR
  5
8EA
102
{ACAD_REACTORS
330
496
102
}
330
496
100
DictionaryVariables
280
     0
  1
Metric50
  0
DICTIONARYVAR
  5
8EB
102
{ACAD_REACTORS
330
496
102
}
330
496
100
DictionaryVariables
280
     0
  1
Metric50
  0
DICTIONARYVAR
  5
497
102
{ACAD_REACTORS
330
496
102
}
330
496
100
DictionaryVariables
280
     0
  1
1
  0
DICTIONARYVAR
  5
498
102
{ACAD_REACTORS
330
496
102
}
330
496
100
DictionaryVariables
280
     0
  1
0
  0
DICTIONARYVAR
  5
8EE
102
{ACAD_REACTORS
330
496
102
}
330
496
100
DictionaryVariables
280
     0
  1
0
  0
DICTIONARYVAR
  5
8ED
102
{ACAD_REACTORS
330
496
102
}
330
496
100
DictionaryVariables
280
     0
  1
127
  0
DICTIONARYVAR
  5
8EF
102
{ACAD_REACTORS
330
496
102
}
330
496
100
DictionaryVariables
280
     0
  1
2
  0
DICTIONARY
  5
BEF
330
4E4
100
AcDbDictionary
280
     1
281
     1
  3
ACAD_XREC_ROUNDTRIP
360
BF0
  0
DICTIONARY
  5
BB5
330
1E
100
AcDbDictionary
280
     1
281
     1
  3
ACAD_XREC_ROUNDTRIP
360
BB6
  0
DICTIONARY
  5
BB7
330
22
100
AcDbDictionary
280
     1
281
     1
  3
ACAD_XREC_ROUNDTRIP
360
BB8
  0
DICTIONARY
  5
4A9
330
4A8
100
AcDbDictionary
280
     1
281
     1
  3
ACAD_XREC_ROUNDTRIP
360
BBB
  3
BUMPTILE
360
4AB
  3
DIFFUSETILE
360
4AA
  3
OPACITYTILE
360
4AE
  3
REFLECTIONTILE
360
4AD
  3
REFRACTIONTILE
360
4AF
  3
SPECULARTILE
360
4AC
  0
DICTIONARY
  5
4A1
330
4A0
100
AcDbDictionary
280
     1
281
     1
  3
ACAD_XREC_ROUNDTRIP
360
BBA
  3
BUMPTILE
360
4A3
  3
DIFFUSETILE
360
4A2
  3
OPACITYTILE
360
4A6
  3
REFLECTIONTILE
360
4A5
  3
REFRACTIONTILE
360
4A7
  3
SPECULARTILE
360
4A4
  0
DICTIONARY
  5
4B1
330
4B0
100
AcDbDictionary
280
     1
281
     1
  3
ACAD_XREC_ROUNDTRIP
360
BBC
  3
BUMPTILE
360
4B3
  3
DIFFUSETILE
360
4B2
  3
OPACITYTILE
360
4B6
  3
REFLECTIONTILE
360
4B5
  3
REFRACTIONTILE
360
4B7
  3
SPECULARTILE
360
4B4
  0
DICTIONARY
  5
BED
330
4E2
100
AcDbDictionary
280
     1
281
     1
  3
ACAD_XREC_ROUNDTRIP
360
BEE
  0
DICTIONARY
  5
493
330
492
100
AcDbDictionary
281
     1
  3
ACAD_ROUNDTRIP_2008_TABLESTYLE_CELLSTYLEMAP
350
BA4
  3
ACAD_XREC_ROUNDTRIP
350
BB9
  0
DICTIONARY
  5
BC7
330
4BD
100
AcDbDictionary
280
     1
281
     1
  3
ACAD_XREC_ROUNDTRIP
360
BC8
  0
DICTIONARY
  5
BC5
330
4BC
100
AcDbDictionary
280
     1
281
     1
  3
ACAD_XREC_ROUNDTRIP
360
BC6
  0
DICTIONARY
  5
BD3
330
4C3
100
AcDbDictionary
280
     1
281
     1
  3
ACAD_XREC_ROUNDTRIP
360
BD4
  0
DICTIONARY
  5
BDB
330
4C7
100
AcDbDictionary
280
     1
281
     1
  3
ACAD_XREC_ROUNDTRIP
360
BDC
  0
DICTIONARY
  5
BCD
330
4C0
100
AcDbDictionary
280
     1
281
     1
  3
ACAD_XREC_ROUNDTRIP
360
BCE
  0
DICTIONARY
  5
BD1
330
4C2
100
AcDbDictionary
280
     1
281
     1
  3
ACAD_XREC_ROUNDTRIP
360
BD2
  0
DICTIONARY
  5
BEB
330
4CF
100
AcDbDictionary
280
     1
281
     1
  3
ACAD_XREC_ROUNDTRIP
360
BEC
  0
DICTIONARY
  5
BD9
330
4C6
100
AcDbDictionary
280
     1
281
     1
  3
ACAD_XREC_ROUNDTRIP
360
BDA
  0
DICTIONARY
  5
BBD
330
4B8
100
AcDbDictionary
280
     1
281
     1
  3
ACAD_XREC_ROUNDTRIP
360
BBE
  0
DICTIONARY
  5
BBF
330
4B9
100
AcDbDictionary
280
     1
281
     1
  3
ACAD_XREC_ROUNDTRIP
360
BC0
  0
DICTIONARY
  5
BC1
330
4BA
100
AcDbDictionary
280
     1
281
     1
  3
ACAD_XREC_ROUNDTRIP
360
BC2
  0
DICTIONARY
  5
BC3
330
4BB
100
AcDbDictionary
280
     1
281
     1
  3
ACAD_XREC_ROUNDTRIP
360
BC4
  0
DICTIONARY
  5
BCB
330
4BF
100
AcDbDictionary
280
     1
281
     1
  3
ACAD_XREC_ROUNDTRIP
360
BCC
  0
DICTIONARY
  5
BE7
330
4CD
100
AcDbDictionary
280
     1
281
     1
  3
ACAD_XREC_ROUNDTRIP
360
BE8
  0
DICTIONARY
  5
BD7
330
4C5
100
AcDbDictionary
280
     1
281
     1
  3
ACAD_XREC_ROUNDTRIP
360
BD8
  0
DICTIONARY
  5
BE9
330
4CE
100
AcDbDictionary
280
     1
281
     1
  3
ACAD_XREC_ROUNDTRIP
360
BEA
  0
DICTIONARY
  5
BCF
330
4C1
100
AcDbDictionary
280
     1
281
     1
  3
ACAD_XREC_ROUNDTRIP
360
BD0
  0
DICTIONARY
  5
BE5
330
4CC
100
AcDbDictionary
280
     1
281
     1
  3
ACAD_XREC_ROUNDTRIP
360
BE6
  0
DICTIONARY
  5
BE3
330
4CB
100
AcDbDictionary
280
     1
281
     1
  3
ACAD_XREC_ROUNDTRIP
360
BE4
  0
DICTIONARY
  5
BDD
330
4C8
100
AcDbDictionary
280
     1
281
     1
  3
ACAD_XREC_ROUNDTRIP
360
BDE
  0
DICTIONARY
  5
BDF
330
4C9
100
AcDbDictionary
280
     1
281
     1
  3
ACAD_XREC_ROUNDTRIP
360
BE0
  0
DICTIONARY
  5
BD5
330
4C4
100
AcDbDictionary
280
     1
281
     1
  3
ACAD_XREC_ROUNDTRIP
360
BD6
  0
DICTIONARY
  5
BC9
330
4BE
100
AcDbDictionary
280
     1
281
     1
  3
ACAD_XREC_ROUNDTRIP
360
BCA
  0
DICTIONARY
  5
BE1
330
4CA
100
AcDbDictionary
280
     1
281
     1
  3
ACAD_XREC_ROUNDTRIP
360
BE2
  0
XRECORD
  5
BF0
102
{ACAD_REACTORS
330
BEF
102
}
330
BEF
100
AcDbXrecord
280
     1
102
DISPLAYNAME
  1
Metric50
102
FLAGS
 90
        0
  0
XRECORD
  5
BB6
102
{ACAD_REACTORS
330
BB5
102
}
330
BB5
100
AcDbXrecord
280
     1
102
SHADEPLOT
 70
     0
102
SHADEPLOTRESLEVEL
 70
     0
102
SHADEPLOTCUSTOMDPI
 70
     0
  0
XRECORD
  5
BB8
102
{ACAD_REACTORS
330
BB7
102
}
330
BB7
100
AcDbXrecord
280
     1
102
SHADEPLOT
 70
     0
102
SHADEPLOTRESLEVEL
 70
     0
102
SHADEPLOTCUSTOMDPI
 70
     0
  0
XRECORD
  5
BBB
102
{ACAD_REACTORS
330
4A9
102
}
330
4A9
100
AcDbXrecord
280
     1
102
MATERIAL
148
0.0
149
0.0
149
0.0
 93
        0
 94
      127
282
     0
 72
     0
 77
     0
171
     0
175
     0
179
     0
273
     0
  0
XRECORD
  5
4AB
102
{ACAD_REACTORS
330
4A9
102
}
330
4A9
100
AcDbXrecord
280
     1
270
     1
271
     1
  0
XRECORD
  5
4AA
102
{ACAD_REACTORS
330
4A9
102
}
330
4A9
100
AcDbXrecord
280
     1
270
     1
271
     1
  0
XRECORD
  5
4AE
102
{ACAD_REACTORS
330
4A9
102
}
330
4A9
100
AcDbXrecord
280
     1
270
     1
271
     1
  0
XRECORD
  5
4AD
102
{ACAD_REACTORS
330
4A9
102
}
330
4A9
100
AcDbXrecord
280
     1
270
     1
271
     1
  0
XRECORD
  5
4AF
102
{ACAD_REACTORS
330
4A9
102
}
330
4A9
100
AcDbXrecord
280
     1
270
     1
271
     1
  0
XRECORD
  5
4AC
102
{ACAD_REACTORS
330
4A9
102
}
330
4A9
100
AcDbXrecord
280
     1
270
     1
271
     1
  0
XRECORD
  5
BBA
102
{ACAD_REACTORS
330
4A1
102
}
330
4A1
100
AcDbXrecord
280
     1
102
MATERIAL
148
0.0
149
0.0
149
0.0
 93
        0
 94
      127
282
     0
 72
     0
 77
     0
171
     0
175
     0
179
     0
273
     0
  0
XRECORD
  5
4A3
102
{ACAD_REACTORS
330
4A1
102
}
330
4A1
100
AcDbXrecord
280
     1
270
     1
271
     1
  0
XRECORD
  5
4A2
102
{ACAD_REACTORS
330
4A1
102
}
330
4A1
100
AcDbXrecord
280
     1
270
     1
271
     1
  0
XRECORD
  5
4A6
102
{ACAD_REACTORS
330
4A1
102
}
330
4A1
100
AcDbXrecord
280
     1
270
     1
271
     1
  0
XRECORD
  5
4A5
102
{ACAD_REACTORS
330
4A1
102
}
330
4A1
100
AcDbXrecord
280
     1
270
     1
271
     1
  0
XRECORD
  5
4A7
102
{ACAD_REACTORS
330
4A1
102
}
330
4A1
100
AcDbXrecord
280
     1
270
     1
271
     1
  0
XRECORD
  5
4A4
102
{ACAD_REACTORS
330
4A1
102
}
330
4A1
100
AcDbXrecord
280
     1
270
     1
271
     1
  0
XRECORD
  5
BBC
102
{ACAD_REACTORS
330
4B1
102
}
330
4B1
100
AcDbXrecord
280
     1
102
MATERIAL
148
0.0
149
0.0
149
0.0
 93
        0
 94
      127
282
     0
 72
     0
 77
     0
171
     0
175
     0
179
     0
273
     0
  0
XRECORD
  5
4B3
102
{ACAD_REACTORS
330
4B1
102
}
330
4B1
100
AcDbXrecord
280
     1
270
     1
271
     1
  0
XRECORD
  5
4B2
102
{ACAD_REACTORS
330
4B1
102
}
330
4B1
100
AcDbXrecord
280
     1
270
     1
271
     1
  0
XRECORD
  5
4B6
102
{ACAD_REACTORS
330
4B1
102
}
330
4B1
100
AcDbXrecord
280
     1
270
     1
271
     1
  0
XRECORD
  5
4B5
102
{ACAD_REACTORS
330
4B1
102
}
330
4B1
100
AcDbXrecord
280
     1
270
     1
271
     1
  0
XRECORD
  5
4B7
102
{ACAD_REACTORS
330
4B1
102
}
330
4B1
100
AcDbXrecord
280
     1
270
     1
271
     1
  0
XRECORD
  5
4B4
102
{ACAD_REACTORS
330
4B1
102
}
330
4B1
100
AcDbXrecord
280
     1
270
     1
271
     1
  0
XRECORD
  5
BEE
102
{ACAD_REACTORS
330
BED
102
}
330
BED
100
AcDbXrecord
280
     1
102
DISPLAYNAME
  1
Metric50
102
FLAGS
 90
        0
  0
CELLSTYLEMAP
  5
BA4
102
{ACAD_REACTORS
330
493
102
}
330
493
100
AcDbCellStyleMap
 90
        3
300
CELLSTYLE
  1
TABLEFORMAT_BEGIN
 90
        5
170
     1
 91
        0
 92
    32768
 62
   257
 93
        1
300
CONTENTFORMAT
  1
CONTENTFORMAT_BEGIN
 90
        0
 91
        0
 92
        4
 93
        0
300

 40
0.0
140
1.0
 94
        1
 62
     0
340
11
144
0.18
309
CONTENTFORMAT_END
171
     1
301
MARGIN
  1
CELLMARGIN_BEGIN
 40
0.06
 40
0.06
 40
0.06
 40
0.06
 40
0.18
 40
0.18
309
CELLMARGIN_END
 94
        6
 95
        1
302
GRIDFORMAT
  1
GRIDFORMAT_BEGIN
 90
        0
 91
        1
 62
     0
 92
       -2
340
0
 93
        0
 40
0.045
309
GRIDFORMAT_END
 95
        2
302
GRIDFORMAT
  1
GRIDFORMAT_BEGIN
 90
        0
 91
        1
 62
     0
 92
       -2
340
0
 93
        0
 40
0.045
309
GRIDFORMAT_END
 95
        4
302
GRIDFORMAT
  1
GRIDFORMAT_BEGIN
 90
        0
 91
        1
 62
     0
 92
       -2
340
0
 93
        0
 40
0.045
309
GRIDFORMAT_END
 95
        8
302
GRIDFORMAT
  1
GRIDFORMAT_BEGIN
 90
        0
 91
        1
 62
     0
 92
       -2
340
0
 93
        0
 40
0.045
309
GRIDFORMAT_END
 95
       16
302
GRIDFORMAT
  1
GRIDFORMAT_BEGIN
 90
        0
 91
        1
 62
     0
 92
       -2
340
0
 93
        0
 40
0.045
309
GRIDFORMAT_END
 95
       32
302
GRIDFORMAT
  1
GRIDFORMAT_BEGIN
 90
        0
 91
        1
 62
     0
 92
       -2
340
0
 93
        0
 40
0.045
309
GRIDFORMAT_END
309
TABLEFORMAT_END
  1
CELLSTYLE_BEGIN
 90
        1
 91
        2
300
_TITLE
309
CELLSTYLE_END
300
CELLSTYLE
  1
TABLEFORMAT_BEGIN
 90
        5
170
     1
 91
        0
 92
        0
 62
   257
 93
        1
300
CONTENTFORMAT
  1
CONTENTFORMAT_BEGIN
 90
        0
 91
        0
 92
        4
 93
        0
300

 40
0.0
140
1.0
 94
        1
 62
     0
340
11
144
0.18
309
CONTENTFORMAT_END
171
     1
301
MARGIN
  1
CELLMARGIN_BEGIN
 40
0.06
 40
0.06
 40
0.06
 40
0.06
 40
0.18
 40
0.18
309
CELLMARGIN_END
 94
        6
 95
        1
302
GRIDFORMAT
  1
GRIDFORMAT_BEGIN
 90
        0
 91
        1
 62
     0
 92
       -2
340
0
 93
        0
 40
0.045
309
GRIDFORMAT_END
 95
        2
302
GRIDFORMAT
  1
GRIDFORMAT_BEGIN
 90
        0
 91
        1
 62
     0
 92
       -2
340
0
 93
        0
 40
0.045
309
GRIDFORMAT_END
 95
        4
302
GRIDFORMAT
  1
GRIDFORMAT_BEGIN
 90
        0
 91
        1
 62
     0
 92
       -2
340
0
 93
        0
 40
0.045
309
GRIDFORMAT_END
 95
        8
302
GRIDFORMAT
  1
GRIDFORMAT_BEGIN
 90
        0
 91
        1
 62
     0
 92
       -2
340
0
 93
        0
 40
0.045
309
GRIDFORMAT_END
 95
       16
302
GRIDFORMAT
  1
GRIDFORMAT_BEGIN
 90
        0
 91
        1
 62
     0
 92
       -2
340
0
 93
        0
 40
0.045
309
GRIDFORMAT_END
 95
       32
302
GRIDFORMAT
  1
GRIDFORMAT_BEGIN
 90
        0
 91
        1
 62
     0
 92
       -2
340
0
 93
        0
 40
0.045
309
GRIDFORMAT_END
309
TABLEFORMAT_END
  1
CELLSTYLE_BEGIN
 90
        2
 91
        2
300
_HEADER
309
CELLSTYLE_END
300
CELLSTYLE
  1
TABLEFORMAT_BEGIN
 90
        5
170
     1
 91
        0
 92
        0
 62
   257
 93
        1
300
CONTENTFORMAT
  1
CONTENTFORMAT_BEGIN
 90
        0
 91
        0
 92
        4
 93
        0
300

 40
0.0
140
1.0
 94
        1
 62
     0
340
11
144
0.18
309
CONTENTFORMAT_END
171
     1
301
MARGIN
  1
CELLMARGIN_BEGIN
 40
0.06
 40
0.06
 40
0.06
 40
0.06
 40
0.18
 40
0.18
309
CELLMARGIN_END
 94
        6
 95
        1
302
GRIDFORMAT
  1
GRIDFORMAT_BEGIN
 90
        0
 91
        1
 62
     0
 92
       -2
340
0
 93
        0
 40
0.045
309
GRIDFORMAT_END
 95
        2
302
GRIDFORMAT
  1
GRIDFORMAT_BEGIN
 90
        0
 91
        1
 62
     0
 92
       -2
340
0
 93
        0
 40
0.045
309
GRIDFORMAT_END
 95
        4
302
GRIDFORMAT
  1
GRIDFORMAT_BEGIN
 90
        0
 91
        1
 62
     0
 92
       -2
340
0
 93
        0
 40
0.045
309
GRIDFORMAT_END
 95
        8
302
GRIDFORMAT
  1
GRIDFORMAT_BEGIN
 90
        0
 91
        1
 62
     0
 92
       -2
340
0
 93
        0
 40
0.045
309
GRIDFORMAT_END
 95
       16
302
GRIDFORMAT
  1
GRIDFORMAT_BEGIN
 90
        0
 91
        1
 62
     0
 92
       -2
340
0
 93
        0
 40
0.045
309
GRIDFORMAT_END
 95
       32
302
GRIDFORMAT
  1
GRIDFORMAT_BEGIN
 90
        0
 91
        1
 62
     0
 92
       -2
340
0
 93
        0
 40
0.045
309
GRIDFORMAT_END
309
TABLEFORMAT_END
  1
CELLSTYLE_BEGIN
 90
        3
 91
        2
300
_DATA
309
CELLSTYLE_END
  0
XRECORD
  5
BB9
102
{ACAD_REACTORS
330
493
102
}
330
493
100
AcDbXrecord
280
     1
102
ACAD_ROUNDTRIP_PRE2007_TABLESTYLE
 90
        4
 91
        0
  1

 92
        4
 93
        0
  2

 94
        4
 95
        0
  3

  0
XRECORD
  5
BC8
102
{ACAD_REACTORS
330
BC7
102
}
330
BC7
100
AcDbXrecord
280
     1
102
RTVSPost2010Prop28
280
     1
102
RTVSPost2010PropOp28
 70
     1
102
RTVSPost2010Prop29
280
     1
102
RTVSPost2010PropOp29
 70
     1
102
RTVSPost2010Prop30
280
     0
102
RTVSPost2010PropOp30
 70
     1
102
RTVSPost2010Prop31
280
     0
102
RTVSPost2010PropOp31
 70
     1
102
RTVSPost2010Prop32
280
     0
102
RTVSPost2010PropOp32
 70
     1
102
RTVSPost2010Prop33
280
     0
102
RTVSPost2010PropOp33
 70
     1
102
RTVSPost2010Prop34
280
     0
102
RTVSPost2010PropOp34
 70
     1
102
RTVSPost2010Prop35
280
     0
102
RTVSPost2010PropOp35
 70
     1
102
RTVSPost2010Prop36
280
     0
102
RTVSPost2010PropOp36
 70
     1
102
RTVSPost2010Prop37
 90
       50
102
RTVSPost2010PropOp37
 70
     1
102
RTVSPost2010Prop38
140
0.0
102
RTVSPost2010PropOp38
 70
     1
102
RTVSPost2010Prop39
140
1.0
102
RTVSPost2010PropOp39
 70
     1
102
RTVSPost2010Prop40
 90
        0
102
RTVSPost2010PropOp40
 70
     1
102
RTVSPost2010Prop41ColorIndex
 90
       18
102
RTVSPost2010Prop41ColorRGB
 90
        0
102
RTVSPost2010PropOp41
 70
     1
102
RTVSPost2010Prop42
 90
       50
102
RTVSPost2010PropOp42
 70
     1
102
RTVSPost2010Prop43
 90
        3
102
RTVSPost2010PropOp43
 70
     1
102
RTVSPost2010Prop44ColorIndex
 90
        5
102
RTVSPost2010Prop44ColorRGB
 90
      255
102
RTVSPost2010PropOp44
 70
     1
102
RTVSPost2010Prop45
280
     0
102
RTVSPost2010PropOp45
 70
     1
102
RTVSPost2010Prop46
 90
       50
102
RTVSPost2010PropOp46
 70
     1
102
RTVSPost2010Prop47
 90
       50
102
RTVSPost2010PropOp47
 70
     1
102
RTVSPost2010Prop48
 90
       50
102
RTVSPost2010PropOp48
 70
     1
102
RTVSPost2010Prop49
280
     0
102
RTVSPost2010PropOp49
 70
     1
102
RTVSPost2010Prop50
 90
       50
102
RTVSPost2010PropOp50
 70
     1
102
RTVSPost2010Prop51ColorIndex
 90
      256
102
RTVSPost2010Prop51ColorRGB
 90
-16777216
102
RTVSPost2010PropOp51
 70
     0
102
RTVSPost2010Prop52
140
1.0
102
RTVSPost2010PropOp52
 70
     0
102
RTVSPost2010Prop53
 90
        2
102
RTVSPost2010PropOp53
 70
     1
102
RTVSPost2010Prop54
  1
strokes_ogs.tif
102
RTVSPost2010PropOp54
 70
     1
102
RTVSPost2010Prop55
280
     0
102
RTVSPost2010PropOp55
 70
     1
102
RTVSPost2010Prop56
140
1.0
102
RTVSPost2010PropOp56
 70
     1
102
RTVSPost2010Prop57
140
1.0
102
RTVSPost2010PropOp57
 70
     1
102
RTVSPropertyOp0
 70
     1
102
RTVSPropertyOp1
 70
     1
102
RTVSPropertyOp2
 70
     1
102
RTVSPropertyOp3
 70
     1
102
RTVSPropertyOp4
 70
     1
102
RTVSPropertyOp5
 70
     1
102
RTVSPropertyOp6
 70
     1
102
RTVSPropertyOp7
 70
     1
102
RTVSPropertyOp8
 70
     1
102
RTVSPropertyOp9
 70
     1
102
RTVSPropertyOp10
 70
     1
102
RTVSPropertyOp11
 70
     1
102
RTVSPropertyOp12
 70
     1
102
RTVSPropertyOp13
 70
     1
102
RTVSPropertyOp14
 70
     1
102
RTVSPropertyOp15
 70
     1
102
RTVSPropertyOp16
 70
     1
102
RTVSPropertyOp17
 70
     1
102
RTVSPropertyOp18
 70
     1
102
RTVSPropertyOp19
 70
     1
102
RTVSPropertyOp20
 70
     1
102
RTVSPropertyOp21
 70
     1
102
RTVSPropertyOp22
 70
     1
102
RTVSPropertyOp23
 70
     1
102
RTVSPropertyOp24
 70
     1
102
RTVSPropertyOp25
 70
     1
102
RTVSPropertyOp26
 70
     1
102
RTVSPropertyOp27
 70
     1
102
RTVSPropertyOp28
 70
     1
102
RTVSPropertyOp29
 70
     1
102
RTVSPropertyOp30
 70
     1
102
RTVSPropertyOp31
 70
     1
102
RTVSPropertyOp32
 70
     1
102
RTVSPropertyOp33
 70
     1
102
RTVSPropertyOp34
 70
     1
102
RTVSPropertyOp35
 70
     1
102
RTVSPropertyOp36
 70
     1
102
RTVSPropertyOp37
 70
     1
102
RTVSPropertyOp38
 70
     1
102
RTVSPropertyOp39
 70
     1
102
RTVSPropertyOp40
 70
     1
102
RTVSPropertyOp41
 70
     1
102
RTVSPropertyOp42
 70
     1
102
RTVSPropertyOp43
 70
     1
102
RTVSPropertyOp44
 70
     1
102
RTVSPropertyOp45
 70
     1
102
RTVSPropertyOp46
 70
     1
102
RTVSPropertyOp47
 70
     1
102
RTVSPropertyOp48
 70
     1
102
RTVSPropertyOp49
 70
     1
102
RTVSPropertyOp50
 70
     1
102
RTVSPropertyOp51
 70
     0
102
RTVSPropertyOp52
 70
     0
102
RTVSPropertyOp53
 70
     1
102
RTVSPropertyOp54
 70
     1
102
RTVSPropertyOp55
 70
     1
102
RTVSPropertyOp56
 70
     1
102
RTVSPropertyOp57
 70
     1
102
RTVSPropertyOp58
 70
     1
102
RTVSPropertyOp59
 70
     1
102
RTVSPropertyOp60
 70
     1
102
RTVSPropertyOp61
 70
     1
102
RTVSPropertyOp62
 70
     1
  0
XRECORD
  5
BC6
102
{ACAD_REACTORS
330
BC5
102
}
330
BC5
100
AcDbXrecord
280
     1
102
RTVSPost2010Prop28
280
     0
102
RTVSPost2010PropOp28
 70
     1
102
RTVSPost2010Prop29
280
     1
102
RTVSPost2010PropOp29
 70
     1
102
RTVSPost2010Prop30
280
     1
102
RTVSPost2010PropOp30
 70
     1
102
RTVSPost2010Prop31
280
     0
102
RTVSPost2010PropOp31
 70
     1
102
RTVSPost2010Prop32
280
     0
102
RTVSPost2010PropOp32
 70
     1
102
RTVSPost2010Prop33
280
     0
102
RTVSPost2010PropOp33
 70
     1
102
RTVSPost2010Prop34
280
     0
102
RTVSPost2010PropOp34
 70
     1
102
RTVSPost2010Prop35
280
     0
102
RTVSPost2010PropOp35
 70
     1
102
RTVSPost2010Prop36
280
     0
102
RTVSPost2010PropOp36
 70
     1
102
RTVSPost2010Prop37
 90
       50
102
RTVSPost2010PropOp37
 70
     1
102
RTVSPost2010Prop38
140
0.0
102
RTVSPost2010PropOp38
 70
     1
102
RTVSPost2010Prop39
140
1.0
102
RTVSPost2010PropOp39
 70
     1
102
RTVSPost2010Prop40
 90
        0
102
RTVSPost2010PropOp40
 70
     1
102
RTVSPost2010Prop41ColorIndex
 90
       18
102
RTVSPost2010Prop41ColorRGB
 90
        0
102
RTVSPost2010PropOp41
 70
     1
102
RTVSPost2010Prop42
 90
       50
102
RTVSPost2010PropOp42
 70
     1
102
RTVSPost2010Prop43
 90
        3
102
RTVSPost2010PropOp43
 70
     1
102
RTVSPost2010Prop44ColorIndex
 90
        5
102
RTVSPost2010Prop44ColorRGB
 90
      255
102
RTVSPost2010PropOp44
 70
     1
102
RTVSPost2010Prop45
280
     0
102
RTVSPost2010PropOp45
 70
     1
102
RTVSPost2010Prop46
 90
       50
102
RTVSPost2010PropOp46
 70
     1
102
RTVSPost2010Prop47
 90
       50
102
RTVSPost2010PropOp47
 70
     1
102
RTVSPost2010Prop48
 90
       50
102
RTVSPost2010PropOp48
 70
     1
102
RTVSPost2010Prop49
280
     0
102
RTVSPost2010PropOp49
 70
     1
102
RTVSPost2010Prop50
 90
       50
102
RTVSPost2010PropOp50
 70
     1
102
RTVSPost2010Prop51ColorIndex
 90
      256
102
RTVSPost2010Prop51ColorRGB
 90
-16777216
102
RTVSPost2010PropOp51
 70
     0
102
RTVSPost2010Prop52
140
1.0
102
RTVSPost2010PropOp52
 70
     0
102
RTVSPost2010Prop53
 90
        2
102
RTVSPost2010PropOp53
 70
     1
102
RTVSPost2010Prop54
  1
strokes_ogs.tif
102
RTVSPost2010PropOp54
 70
     1
102
RTVSPost2010Prop55
280
     0
102
RTVSPost2010PropOp55
 70
     1
102
RTVSPost2010Prop56
140
1.0
102
RTVSPost2010PropOp56
 70
     1
102
RTVSPost2010Prop57
140
1.0
102
RTVSPost2010PropOp57
 70
     1
102
RTVSPropertyOp0
 70
     1
102
RTVSPropertyOp1
 70
     1
102
RTVSPropertyOp2
 70
     1
102
RTVSPropertyOp3
 70
     1
102
RTVSPropertyOp4
 70
     1
102
RTVSPropertyOp5
 70
     1
102
RTVSPropertyOp6
 70
     1
102
RTVSPropertyOp7
 70
     1
102
RTVSPropertyOp8
 70
     1
102
RTVSPropertyOp9
 70
     1
102
RTVSPropertyOp10
 70
     1
102
RTVSPropertyOp11
 70
     1
102
RTVSPropertyOp12
 70
     1
102
RTVSPropertyOp13
 70
     1
102
RTVSPropertyOp14
 70
     1
102
RTVSPropertyOp15
 70
     1
102
RTVSPropertyOp16
 70
     1
102
RTVSPropertyOp17
 70
     1
102
RTVSPropertyOp18
 70
     1
102
RTVSPropertyOp19
 70
     1
102
RTVSPropertyOp20
 70
     1
102
RTVSPropertyOp21
 70
     1
102
RTVSPropertyOp22
 70
     1
102
RTVSPropertyOp23
 70
     1
102
RTVSPropertyOp24
 70
     1
102
RTVSPropertyOp25
 70
     1
102
RTVSPropertyOp26
 70
     1
102
RTVSPropertyOp27
 70
     1
102
RTVSPropertyOp28
 70
     1
102
RTVSPropertyOp29
 70
     1
102
RTVSPropertyOp30
 70
     1
102
RTVSPropertyOp31
 70
     1
102
RTVSPropertyOp32
 70
     1
102
RTVSPropertyOp33
 70
     1
102
RTVSPropertyOp34
 70
     1
102
RTVSPropertyOp35
 70
     1
102
RTVSPropertyOp36
 70
     1
102
RTVSPropertyOp37
 70
     1
102
RTVSPropertyOp38
 70
     1
102
RTVSPropertyOp39
 70
     1
102
RTVSPropertyOp40
 70
     1
102
RTVSPropertyOp41
 70
     1
102
RTVSPropertyOp42
 70
     1
102
RTVSPropertyOp43
 70
     1
102
RTVSPropertyOp44
 70
     1
102
RTVSPropertyOp45
 70
     1
102
RTVSPropertyOp46
 70
     1
102
RTVSPropertyOp47
 70
     1
102
RTVSPropertyOp48
 70
     1
102
RTVSPropertyOp49
 70
     1
102
RTVSPropertyOp50
 70
     1
102
RTVSPropertyOp51
 70
     0
102
RTVSPropertyOp52
 70
     0
102
RTVSPropertyOp53
 70
     1
102
RTVSPropertyOp54
 70
     1
102
RTVSPropertyOp55
 70
     1
102
RTVSPropertyOp56
 70
     1
102
RTVSPropertyOp57
 70
     1
102
RTVSPropertyOp58
 70
     1
102
RTVSPropertyOp59
 70
     1
102
RTVSPropertyOp60
 70
     1
102
RTVSPropertyOp61
 70
     1
102
RTVSPropertyOp62
 70
     1
  0
XRECORD
  5
BD4
102
{ACAD_REACTORS
330
BD3
102
}
330
BD3
100
AcDbXrecord
280
     1
102
RTVSPost2010Prop28
280
     0
102
RTVSPost2010PropOp28
 70
     1
102
RTVSPost2010Prop29
280
     1
102
RTVSPost2010PropOp29
 70
     1
102
RTVSPost2010Prop30
280
     1
102
RTVSPost2010PropOp30
 70
     1
102
RTVSPost2010Prop31
280
     0
102
RTVSPost2010PropOp31
 70
     1
102
RTVSPost2010Prop32
280
     0
102
RTVSPost2010PropOp32
 70
     1
102
RTVSPost2010Prop33
280
     0
102
RTVSPost2010PropOp33
 70
     1
102
RTVSPost2010Prop34
280
     0
102
RTVSPost2010PropOp34
 70
     1
102
RTVSPost2010Prop35
280
     0
102
RTVSPost2010PropOp35
 70
     1
102
RTVSPost2010Prop36
280
     0
102
RTVSPost2010PropOp36
 70
     1
102
RTVSPost2010Prop37
 90
       50
102
RTVSPost2010PropOp37
 70
     1
102
RTVSPost2010Prop38
140
0.0
102
RTVSPost2010PropOp38
 70
     1
102
RTVSPost2010Prop39
140
1.0
102
RTVSPost2010PropOp39
 70
     1
102
RTVSPost2010Prop40
 90
        0
102
RTVSPost2010PropOp40
 70
     1
102
RTVSPost2010Prop41ColorIndex
 90
       18
102
RTVSPost2010Prop41ColorRGB
 90
        0
102
RTVSPost2010PropOp41
 70
     1
102
RTVSPost2010Prop42
 90
       50
102
RTVSPost2010PropOp42
 70
     1
102
RTVSPost2010Prop43
 90
        3
102
RTVSPost2010PropOp43
 70
     1
102
RTVSPost2010Prop44ColorIndex
 90
        5
102
RTVSPost2010Prop44ColorRGB
 90
      255
102
RTVSPost2010PropOp44
 70
     1
102
RTVSPost2010Prop45
280
     0
102
RTVSPost2010PropOp45
 70
     1
102
RTVSPost2010Prop46
 90
       50
102
RTVSPost2010PropOp46
 70
     1
102
RTVSPost2010Prop47
 90
       50
102
RTVSPost2010PropOp47
 70
     1
102
RTVSPost2010Prop48
 90
       50
102
RTVSPost2010PropOp48
 70
     1
102
RTVSPost2010Prop49
280
     0
102
RTVSPost2010PropOp49
 70
     1
102
RTVSPost2010Prop50
 90
       50
102
RTVSPost2010PropOp50
 70
     1
102
RTVSPost2010Prop51ColorIndex
 90
      256
102
RTVSPost2010Prop51ColorRGB
 90
-16777216
102
RTVSPost2010PropOp51
 70
     0
102
RTVSPost2010Prop52
140
1.0
102
RTVSPost2010PropOp52
 70
     0
102
RTVSPost2010Prop53
 90
        2
102
RTVSPost2010PropOp53
 70
     1
102
RTVSPost2010Prop54
  1
strokes_ogs.tif
102
RTVSPost2010PropOp54
 70
     1
102
RTVSPost2010Prop55
280
     0
102
RTVSPost2010PropOp55
 70
     1
102
RTVSPost2010Prop56
140
1.0
102
RTVSPost2010PropOp56
 70
     1
102
RTVSPost2010Prop57
140
1.0
102
RTVSPost2010PropOp57
 70
     1
102
RTVSPropertyOp0
 70
     1
102
RTVSPropertyOp1
 70
     1
102
RTVSPropertyOp2
 70
     1
102
RTVSPropertyOp3
 70
     1
102
RTVSPropertyOp4
 70
     1
102
RTVSPropertyOp5
 70
     1
102
RTVSPropertyOp6
 70
     1
102
RTVSPropertyOp7
 70
     1
102
RTVSPropertyOp8
 70
     1
102
RTVSPropertyOp9
 70
     1
102
RTVSPropertyOp10
 70
     1
102
RTVSPropertyOp11
 70
     1
102
RTVSPropertyOp12
 70
     1
102
RTVSPropertyOp13
 70
     1
102
RTVSPropertyOp14
 70
     1
102
RTVSPropertyOp15
 70
     1
102
RTVSPropertyOp16
 70
     1
102
RTVSPropertyOp17
 70
     1
102
RTVSPropertyOp18
 70
     1
102
RTVSPropertyOp19
 70
     1
102
RTVSPropertyOp20
 70
     1
102
RTVSPropertyOp21
 70
     1
102
RTVSPropertyOp22
 70
     1
102
RTVSPropertyOp23
 70
     1
102
RTVSPropertyOp24
 70
     1
102
RTVSPropertyOp25
 70
     1
102
RTVSPropertyOp26
 70
     1
102
RTVSPropertyOp27
 70
     1
102
RTVSPropertyOp28
 70
     1
102
RTVSPropertyOp29
 70
     1
102
RTVSPropertyOp30
 70
     1
102
RTVSPropertyOp31
 70
     1
102
RTVSPropertyOp32
 70
     1
102
RTVSPropertyOp33
 70
     1
102
RTVSPropertyOp34
 70
     1
102
RTVSPropertyOp35
 70
     1
102
RTVSPropertyOp36
 70
     1
102
RTVSPropertyOp37
 70
     1
102
RTVSPropertyOp38
 70
     1
102
RTVSPropertyOp39
 70
     1
102
RTVSPropertyOp40
 70
     1
102
RTVSPropertyOp41
 70
     1
102
RTVSPropertyOp42
 70
     1
102
RTVSPropertyOp43
 70
     1
102
RTVSPropertyOp44
 70
     1
102
RTVSPropertyOp45
 70
     1
102
RTVSPropertyOp46
 70
     1
102
RTVSPropertyOp47
 70
     1
102
RTVSPropertyOp48
 70
     1
102
RTVSPropertyOp49
 70
     1
102
RTVSPropertyOp50
 70
     1
102
RTVSPropertyOp51
 70
     0
102
RTVSPropertyOp52
 70
     0
102
RTVSPropertyOp53
 70
     1
102
RTVSPropertyOp54
 70
     1
102
RTVSPropertyOp55
 70
     1
102
RTVSPropertyOp56
 70
     1
102
RTVSPropertyOp57
 70
     1
102
RTVSPropertyOp58
 70
     1
102
RTVSPropertyOp59
 70
     1
102
RTVSPropertyOp60
 70
     1
102
RTVSPropertyOp61
 70
     1
102
RTVSPropertyOp62
 70
     1
  0
XRECORD
  5
BDC
102
{ACAD_REACTORS
330
BDB
102
}
330
BDB
100
AcDbXrecord
280
     1
102
RTVSPost2010Prop28
280
     0
102
RTVSPost2010PropOp28
 70
     1
102
RTVSPost2010Prop29
280
     1
102
RTVSPost2010PropOp29
 70
     1
102
RTVSPost2010Prop30
280
     1
102
RTVSPost2010PropOp30
 70
     1
102
RTVSPost2010Prop31
280
     0
102
RTVSPost2010PropOp31
 70
     1
102
RTVSPost2010Prop32
280
     0
102
RTVSPost2010PropOp32
 70
     1
102
RTVSPost2010Prop33
280
     0
102
RTVSPost2010PropOp33
 70
     1
102
RTVSPost2010Prop34
280
     0
102
RTVSPost2010PropOp34
 70
     1
102
RTVSPost2010Prop35
280
     0
102
RTVSPost2010PropOp35
 70
     1
102
RTVSPost2010Prop36
280
     0
102
RTVSPost2010PropOp36
 70
     1
102
RTVSPost2010Prop37
 90
       50
102
RTVSPost2010PropOp37
 70
     1
102
RTVSPost2010Prop38
140
0.0
102
RTVSPost2010PropOp38
 70
     1
102
RTVSPost2010Prop39
140
1.0
102
RTVSPost2010PropOp39
 70
     1
102
RTVSPost2010Prop40
 90
        0
102
RTVSPost2010PropOp40
 70
     1
102
RTVSPost2010Prop41ColorIndex
 90
       18
102
RTVSPost2010Prop41ColorRGB
 90
        0
102
RTVSPost2010PropOp41
 70
     1
102
RTVSPost2010Prop42
 90
       50
102
RTVSPost2010PropOp42
 70
     1
102
RTVSPost2010Prop43
 90
        3
102
RTVSPost2010PropOp43
 70
     1
102
RTVSPost2010Prop44ColorIndex
 90
        5
102
RTVSPost2010Prop44ColorRGB
 90
      255
102
RTVSPost2010PropOp44
 70
     1
102
RTVSPost2010Prop45
280
     0
102
RTVSPost2010PropOp45
 70
     1
102
RTVSPost2010Prop46
 90
       50
102
RTVSPost2010PropOp46
 70
     1
102
RTVSPost2010Prop47
 90
       50
102
RTVSPost2010PropOp47
 70
     1
102
RTVSPost2010Prop48
 90
       50
102
RTVSPost2010PropOp48
 70
     1
102
RTVSPost2010Prop49
280
     0
102
RTVSPost2010PropOp49
 70
     1
102
RTVSPost2010Prop50
 90
       50
102
RTVSPost2010PropOp50
 70
     1
102
RTVSPost2010Prop51ColorIndex
 90
      256
102
RTVSPost2010Prop51ColorRGB
 90
-16777216
102
RTVSPost2010PropOp51
 70
     0
102
RTVSPost2010Prop52
140
1.0
102
RTVSPost2010PropOp52
 70
     0
102
RTVSPost2010Prop53
 90
        2
102
RTVSPost2010PropOp53
 70
     1
102
RTVSPost2010Prop54
  1
strokes_ogs.tif
102
RTVSPost2010PropOp54
 70
     1
102
RTVSPost2010Prop55
280
     0
102
RTVSPost2010PropOp55
 70
     1
102
RTVSPost2010Prop56
140
1.0
102
RTVSPost2010PropOp56
 70
     1
102
RTVSPost2010Prop57
140
1.0
102
RTVSPost2010PropOp57
 70
     1
102
RTVSPropertyOp0
 70
     1
102
RTVSPropertyOp1
 70
     1
102
RTVSPropertyOp2
 70
     1
102
RTVSPropertyOp3
 70
     1
102
RTVSPropertyOp4
 70
     1
102
RTVSPropertyOp5
 70
     1
102
RTVSPropertyOp6
 70
     1
102
RTVSPropertyOp7
 70
     1
102
RTVSPropertyOp8
 70
     1
102
RTVSPropertyOp9
 70
     1
102
RTVSPropertyOp10
 70
     1
102
RTVSPropertyOp11
 70
     1
102
RTVSPropertyOp12
 70
     1
102
RTVSPropertyOp13
 70
     1
102
RTVSPropertyOp14
 70
     1
102
RTVSPropertyOp15
 70
     1
102
RTVSPropertyOp16
 70
     1
102
RTVSPropertyOp17
 70
     1
102
RTVSPropertyOp18
 70
     1
102
RTVSPropertyOp19
 70
     1
102
RTVSPropertyOp20
 70
     1
102
RTVSPropertyOp21
 70
     1
102
RTVSPropertyOp22
 70
     1
102
RTVSPropertyOp23
 70
     1
102
RTVSPropertyOp24
 70
     1
102
RTVSPropertyOp25
 70
     1
102
RTVSPropertyOp26
 70
     1
102
RTVSPropertyOp27
 70
     1
102
RTVSPropertyOp28
 70
     1
102
RTVSPropertyOp29
 70
     1
102
RTVSPropertyOp30
 70
     1
102
RTVSPropertyOp31
 70
     1
102
RTVSPropertyOp32
 70
     1
102
RTVSPropertyOp33
 70
     1
102
RTVSPropertyOp34
 70
     1
102
RTVSPropertyOp35
 70
     1
102
RTVSPropertyOp36
 70
     1
102
RTVSPropertyOp37
 70
     1
102
RTVSPropertyOp38
 70
     1
102
RTVSPropertyOp39
 70
     1
102
RTVSPropertyOp40
 70
     1
102
RTVSPropertyOp41
 70
     1
102
RTVSPropertyOp42
 70
     1
102
RTVSPropertyOp43
 70
     1
102
RTVSPropertyOp44
 70
     1
102
RTVSPropertyOp45
 70
     1
102
RTVSPropertyOp46
 70
     1
102
RTVSPropertyOp47
 70
     1
102
RTVSPropertyOp48
 70
     1
102
RTVSPropertyOp49
 70
     1
102
RTVSPropertyOp50
 70
     1
102
RTVSPropertyOp51
 70
     0
102
RTVSPropertyOp52
 70
     0
102
RTVSPropertyOp53
 70
     1
102
RTVSPropertyOp54
 70
     1
102
RTVSPropertyOp55
 70
     1
102
RTVSPropertyOp56
 70
     1
102
RTVSPropertyOp57
 70
     1
102
RTVSPropertyOp58
 70
     1
102
RTVSPropertyOp59
 70
     1
102
RTVSPropertyOp60
 70
     1
102
RTVSPropertyOp61
 70
     1
102
RTVSPropertyOp62
 70
     1
  0
XRECORD
  5
BCE
102
{ACAD_REACTORS
330
BCD
102
}
330
BCD
100
AcDbXrecord
280
     1
102
RTVSPost2010Prop28
280
     0
102
RTVSPost2010PropOp28
 70
     1
102
RTVSPost2010Prop29
280
     1
102
RTVSPost2010PropOp29
 70
     1
102
RTVSPost2010Prop30
280
     1
102
RTVSPost2010PropOp30
 70
     1
102
RTVSPost2010Prop31
280
     0
102
RTVSPost2010PropOp31
 70
     1
102
RTVSPost2010Prop32
280
     0
102
RTVSPost2010PropOp32
 70
     1
102
RTVSPost2010Prop33
280
     0
102
RTVSPost2010PropOp33
 70
     1
102
RTVSPost2010Prop34
280
     0
102
RTVSPost2010PropOp34
 70
     1
102
RTVSPost2010Prop35
280
     0
102
RTVSPost2010PropOp35
 70
     1
102
RTVSPost2010Prop36
280
     0
102
RTVSPost2010PropOp36
 70
     1
102
RTVSPost2010Prop37
 90
       50
102
RTVSPost2010PropOp37
 70
     1
102
RTVSPost2010Prop38
140
0.0
102
RTVSPost2010PropOp38
 70
     1
102
RTVSPost2010Prop39
140
1.0
102
RTVSPost2010PropOp39
 70
     1
102
RTVSPost2010Prop40
 90
        0
102
RTVSPost2010PropOp40
 70
     1
102
RTVSPost2010Prop41ColorIndex
 90
       18
102
RTVSPost2010Prop41ColorRGB
 90
        0
102
RTVSPost2010PropOp41
 70
     1
102
RTVSPost2010Prop42
 90
       50
102
RTVSPost2010PropOp42
 70
     1
102
RTVSPost2010Prop43
 90
        3
102
RTVSPost2010PropOp43
 70
     1
102
RTVSPost2010Prop44ColorIndex
 90
        5
102
RTVSPost2010Prop44ColorRGB
 90
      255
102
RTVSPost2010PropOp44
 70
     1
102
RTVSPost2010Prop45
280
     0
102
RTVSPost2010PropOp45
 70
     1
102
RTVSPost2010Prop46
 90
       50
102
RTVSPost2010PropOp46
 70
     1
102
RTVSPost2010Prop47
 90
       50
102
RTVSPost2010PropOp47
 70
     1
102
RTVSPost2010Prop48
 90
       50
102
RTVSPost2010PropOp48
 70
     1
102
RTVSPost2010Prop49
280
     0
102
RTVSPost2010PropOp49
 70
     1
102
RTVSPost2010Prop50
 90
       50
102
RTVSPost2010PropOp50
 70
     1
102
RTVSPost2010Prop51ColorIndex
 90
      256
102
RTVSPost2010Prop51ColorRGB
 90
-16777216
102
RTVSPost2010PropOp51
 70
     0
102
RTVSPost2010Prop52
140
1.0
102
RTVSPost2010PropOp52
 70
     0
102
RTVSPost2010Prop53
 90
        2
102
RTVSPost2010PropOp53
 70
     1
102
RTVSPost2010Prop54
  1
strokes_ogs.tif
102
RTVSPost2010PropOp54
 70
     1
102
RTVSPost2010Prop55
280
     0
102
RTVSPost2010PropOp55
 70
     1
102
RTVSPost2010Prop56
140
1.0
102
RTVSPost2010PropOp56
 70
     1
102
RTVSPost2010Prop57
140
1.0
102
RTVSPost2010PropOp57
 70
     1
102
RTVSPropertyOp0
 70
     1
102
RTVSPropertyOp1
 70
     1
102
RTVSPropertyOp2
 70
     1
102
RTVSPropertyOp3
 70
     1
102
RTVSPropertyOp4
 70
     1
102
RTVSPropertyOp5
 70
     1
102
RTVSPropertyOp6
 70
     1
102
RTVSPropertyOp7
 70
     1
102
RTVSPropertyOp8
 70
     1
102
RTVSPropertyOp9
 70
     1
102
RTVSPropertyOp10
 70
     1
102
RTVSPropertyOp11
 70
     1
102
RTVSPropertyOp12
 70
     1
102
RTVSPropertyOp13
 70
     1
102
RTVSPropertyOp14
 70
     1
102
RTVSPropertyOp15
 70
     1
102
RTVSPropertyOp16
 70
     1
102
RTVSPropertyOp17
 70
     1
102
RTVSPropertyOp18
 70
     1
102
RTVSPropertyOp19
 70
     1
102
RTVSPropertyOp20
 70
     1
102
RTVSPropertyOp21
 70
     1
102
RTVSPropertyOp22
 70
     1
102
RTVSPropertyOp23
 70
     1
102
RTVSPropertyOp24
 70
     1
102
RTVSPropertyOp25
 70
     1
102
RTVSPropertyOp26
 70
     1
102
RTVSPropertyOp27
 70
     1
102
RTVSPropertyOp28
 70
     1
102
RTVSPropertyOp29
 70
     1
102
RTVSPropertyOp30
 70
     1
102
RTVSPropertyOp31
 70
     1
102
RTVSPropertyOp32
 70
     1
102
RTVSPropertyOp33
 70
     1
102
RTVSPropertyOp34
 70
     1
102
RTVSPropertyOp35
 70
     1
102
RTVSPropertyOp36
 70
     1
102
RTVSPropertyOp37
 70
     1
102
RTVSPropertyOp38
 70
     1
102
RTVSPropertyOp39
 70
     1
102
RTVSPropertyOp40
 70
     1
102
RTVSPropertyOp41
 70
     1
102
RTVSPropertyOp42
 70
     1
102
RTVSPropertyOp43
 70
     1
102
RTVSPropertyOp44
 70
     1
102
RTVSPropertyOp45
 70
     1
102
RTVSPropertyOp46
 70
     1
102
RTVSPropertyOp47
 70
     1
102
RTVSPropertyOp48
 70
     1
102
RTVSPropertyOp49
 70
     1
102
RTVSPropertyOp50
 70
     1
102
RTVSPropertyOp51
 70
     0
102
RTVSPropertyOp52
 70
     0
102
RTVSPropertyOp53
 70
     1
102
RTVSPropertyOp54
 70
     1
102
RTVSPropertyOp55
 70
     1
102
RTVSPropertyOp56
 70
     1
102
RTVSPropertyOp57
 70
     1
102
RTVSPropertyOp58
 70
     1
102
RTVSPropertyOp59
 70
     1
102
RTVSPropertyOp60
 70
     1
102
RTVSPropertyOp61
 70
     1
102
RTVSPropertyOp62
 70
     1
  0
XRECORD
  5
BD2
102
{ACAD_REACTORS
330
BD1
102
}
330
BD1
100
AcDbXrecord
280
     1
102
RTVSPost2010Prop28
280
     0
102
RTVSPost2010PropOp28
 70
     1
102
RTVSPost2010Prop29
280
     1
102
RTVSPost2010PropOp29
 70
     1
102
RTVSPost2010Prop30
280
     1
102
RTVSPost2010PropOp30
 70
     1
102
RTVSPost2010Prop31
280
     0
102
RTVSPost2010PropOp31
 70
     1
102
RTVSPost2010Prop32
280
     0
102
RTVSPost2010PropOp32
 70
     1
102
RTVSPost2010Prop33
280
     0
102
RTVSPost2010PropOp33
 70
     1
102
RTVSPost2010Prop34
280
     0
102
RTVSPost2010PropOp34
 70
     1
102
RTVSPost2010Prop35
280
     0
102
RTVSPost2010PropOp35
 70
     1
102
RTVSPost2010Prop36
280
     0
102
RTVSPost2010PropOp36
 70
     1
102
RTVSPost2010Prop37
 90
       50
102
RTVSPost2010PropOp37
 70
     1
102
RTVSPost2010Prop38
140
0.0
102
RTVSPost2010PropOp38
 70
     1
102
RTVSPost2010Prop39
140
1.0
102
RTVSPost2010PropOp39
 70
     1
102
RTVSPost2010Prop40
 90
        0
102
RTVSPost2010PropOp40
 70
     1
102
RTVSPost2010Prop41ColorIndex
 90
       18
102
RTVSPost2010Prop41ColorRGB
 90
        0
102
RTVSPost2010PropOp41
 70
     1
102
RTVSPost2010Prop42
 90
       50
102
RTVSPost2010PropOp42
 70
     1
102
RTVSPost2010Prop43
 90
        3
102
RTVSPost2010PropOp43
 70
     1
102
RTVSPost2010Prop44ColorIndex
 90
        5
102
RTVSPost2010Prop44ColorRGB
 90
      255
102
RTVSPost2010PropOp44
 70
     1
102
RTVSPost2010Prop45
280
     0
102
RTVSPost2010PropOp45
 70
     1
102
RTVSPost2010Prop46
 90
       50
102
RTVSPost2010PropOp46
 70
     1
102
RTVSPost2010Prop47
 90
       50
102
RTVSPost2010PropOp47
 70
     1
102
RTVSPost2010Prop48
 90
       50
102
RTVSPost2010PropOp48
 70
     1
102
RTVSPost2010Prop49
280
     0
102
RTVSPost2010PropOp49
 70
     1
102
RTVSPost2010Prop50
 90
       50
102
RTVSPost2010PropOp50
 70
     1
102
RTVSPost2010Prop51ColorIndex
 90
      256
102
RTVSPost2010Prop51ColorRGB
 90
-16777216
102
RTVSPost2010PropOp51
 70
     0
102
RTVSPost2010Prop52
140
1.0
102
RTVSPost2010PropOp52
 70
     0
102
RTVSPost2010Prop53
 90
        2
102
RTVSPost2010PropOp53
 70
     1
102
RTVSPost2010Prop54
  1
strokes_ogs.tif
102
RTVSPost2010PropOp54
 70
     1
102
RTVSPost2010Prop55
280
     0
102
RTVSPost2010PropOp55
 70
     1
102
RTVSPost2010Prop56
140
1.0
102
RTVSPost2010PropOp56
 70
     1
102
RTVSPost2010Prop57
140
1.0
102
RTVSPost2010PropOp57
 70
     1
102
RTVSPropertyOp0
 70
     1
102
RTVSPropertyOp1
 70
     1
102
RTVSPropertyOp2
 70
     1
102
RTVSPropertyOp3
 70
     1
102
RTVSPropertyOp4
 70
     1
102
RTVSPropertyOp5
 70
     1
102
RTVSPropertyOp6
 70
     1
102
RTVSPropertyOp7
 70
     1
102
RTVSPropertyOp8
 70
     1
102
RTVSPropertyOp9
 70
     1
102
RTVSPropertyOp10
 70
     1
102
RTVSPropertyOp11
 70
     1
102
RTVSPropertyOp12
 70
     1
102
RTVSPropertyOp13
 70
     1
102
RTVSPropertyOp14
 70
     1
102
RTVSPropertyOp15
 70
     1
102
RTVSPropertyOp16
 70
     1
102
RTVSPropertyOp17
 70
     1
102
RTVSPropertyOp18
 70
     1
102
RTVSPropertyOp19
 70
     1
102
RTVSPropertyOp20
 70
     1
102
RTVSPropertyOp21
 70
     1
102
RTVSPropertyOp22
 70
     1
102
RTVSPropertyOp23
 70
     1
102
RTVSPropertyOp24
 70
     1
102
RTVSPropertyOp25
 70
     1
102
RTVSPropertyOp26
 70
     1
102
RTVSPropertyOp27
 70
     1
102
RTVSPropertyOp28
 70
     1
102
RTVSPropertyOp29
 70
     1
102
RTVSPropertyOp30
 70
     1
102
RTVSPropertyOp31
 70
     1
102
RTVSPropertyOp32
 70
     1
102
RTVSPropertyOp33
 70
     1
102
RTVSPropertyOp34
 70
     1
102
RTVSPropertyOp35
 70
     1
102
RTVSPropertyOp36
 70
     1
102
RTVSPropertyOp37
 70
     1
102
RTVSPropertyOp38
 70
     1
102
RTVSPropertyOp39
 70
     1
102
RTVSPropertyOp40
 70
     1
102
RTVSPropertyOp41
 70
     1
102
RTVSPropertyOp42
 70
     1
102
RTVSPropertyOp43
 70
     1
102
RTVSPropertyOp44
 70
     1
102
RTVSPropertyOp45
 70
     1
102
RTVSPropertyOp46
 70
     1
102
RTVSPropertyOp47
 70
     1
102
RTVSPropertyOp48
 70
     1
102
RTVSPropertyOp49
 70
     1
102
RTVSPropertyOp50
 70
     1
102
RTVSPropertyOp51
 70
     0
102
RTVSPropertyOp52
 70
     0
102
RTVSPropertyOp53
 70
     1
102
RTVSPropertyOp54
 70
     1
102
RTVSPropertyOp55
 70
     1
102
RTVSPropertyOp56
 70
     1
102
RTVSPropertyOp57
 70
     1
102
RTVSPropertyOp58
 70
     1
102
RTVSPropertyOp59
 70
     1
102
RTVSPropertyOp60
 70
     1
102
RTVSPropertyOp61
 70
     1
102
RTVSPropertyOp62
 70
     1
  0
XRECORD
  5
BEC
102
{ACAD_REACTORS
330
BEB
102
}
330
BEB
100
AcDbXrecord
280
     1
102
RTVSPost2010Prop28
280
     0
102
RTVSPost2010PropOp28
 70
     1
102
RTVSPost2010Prop29
280
     1
102
RTVSPost2010PropOp29
 70
     1
102
RTVSPost2010Prop30
280
     1
102
RTVSPost2010PropOp30
 70
     1
102
RTVSPost2010Prop31
280
     0
102
RTVSPost2010PropOp31
 70
     1
102
RTVSPost2010Prop32
280
     0
102
RTVSPost2010PropOp32
 70
     1
102
RTVSPost2010Prop33
280
     0
102
RTVSPost2010PropOp33
 70
     1
102
RTVSPost2010Prop34
280
     0
102
RTVSPost2010PropOp34
 70
     1
102
RTVSPost2010Prop35
280
     0
102
RTVSPost2010PropOp35
 70
     1
102
RTVSPost2010Prop36
280
     0
102
RTVSPost2010PropOp36
 70
     1
102
RTVSPost2010Prop37
 90
       50
102
RTVSPost2010PropOp37
 70
     0
102
RTVSPost2010Prop38
140
0.0
102
RTVSPost2010PropOp38
 70
     0
102
RTVSPost2010Prop39
140
1.0
102
RTVSPost2010PropOp39
 70
     0
102
RTVSPost2010Prop40
 90
        0
102
RTVSPost2010PropOp40
 70
     0
102
RTVSPost2010Prop41ColorIndex
 90
       18
102
RTVSPost2010Prop41ColorRGB
 90
        0
102
RTVSPost2010PropOp41
 70
     0
102
RTVSPost2010Prop42
 90
       50
102
RTVSPost2010PropOp42
 70
     0
102
RTVSPost2010Prop43
 90
        3
102
RTVSPost2010PropOp43
 70
     0
102
RTVSPost2010Prop44ColorIndex
 90
        5
102
RTVSPost2010Prop44ColorRGB
 90
      255
102
RTVSPost2010PropOp44
 70
     0
102
RTVSPost2010Prop45
280
     0
102
RTVSPost2010PropOp45
 70
     1
102
RTVSPost2010Prop46
 90
       50
102
RTVSPost2010PropOp46
 70
     0
102
RTVSPost2010Prop47
 90
       50
102
RTVSPost2010PropOp47
 70
     0
102
RTVSPost2010Prop48
 90
       50
102
RTVSPost2010PropOp48
 70
     0
102
RTVSPost2010Prop49
280
     0
102
RTVSPost2010PropOp49
 70
     1
102
RTVSPost2010Prop50
 90
       50
102
RTVSPost2010PropOp50
 70
     0
102
RTVSPost2010Prop51ColorIndex
 90
      256
102
RTVSPost2010Prop51ColorRGB
 90
-16777216
102
RTVSPost2010PropOp51
 70
     0
102
RTVSPost2010Prop52
140
1.0
102
RTVSPost2010PropOp52
 70
     0
102
RTVSPost2010Prop53
 90
        2
102
RTVSPost2010PropOp53
 70
     0
102
RTVSPost2010Prop54
  1
strokes_ogs.tif
102
RTVSPost2010PropOp54
 70
     0
102
RTVSPost2010Prop55
280
     0
102
RTVSPost2010PropOp55
 70
     1
102
RTVSPost2010Prop56
140
1.0
102
RTVSPost2010PropOp56
 70
     0
102
RTVSPost2010Prop57
140
1.0
102
RTVSPost2010PropOp57
 70
     0
102
RTVSPropertyOp0
 70
     0
102
RTVSPropertyOp1
 70
     0
102
RTVSPropertyOp2
 70
     0
102
RTVSPropertyOp3
 70
     0
102
RTVSPropertyOp4
 70
     0
102
RTVSPropertyOp5
 70
     0
102
RTVSPropertyOp6
 70
     0
102
RTVSPropertyOp7
 70
     0
102
RTVSPropertyOp8
 70
     0
102
RTVSPropertyOp9
 70
     0
102
RTVSPropertyOp10
 70
     0
102
RTVSPropertyOp11
 70
     0
102
RTVSPropertyOp12
 70
     0
102
RTVSPropertyOp13
 70
     0
102
RTVSPropertyOp14
 70
     2
102
RTVSPropertyOp15
 70
     0
102
RTVSPropertyOp16
 70
     0
102
RTVSPropertyOp17
 70
     0
102
RTVSPropertyOp18
 70
     0
102
RTVSPropertyOp19
 70
     0
102
RTVSPropertyOp20
 70
     0
102
RTVSPropertyOp21
 70
     0
102
RTVSPropertyOp22
 70
     0
102
RTVSPropertyOp23
 70
     0
102
RTVSPropertyOp24
 70
     0
102
RTVSPropertyOp25
 70
     0
102
RTVSPropertyOp26
 70
     0
102
RTVSPropertyOp27
 70
     0
102
RTVSPropertyOp28
 70
     1
102
RTVSPropertyOp29
 70
     1
102
RTVSPropertyOp30
 70
     1
102
RTVSPropertyOp31
 70
     1
102
RTVSPropertyOp32
 70
     1
102
RTVSPropertyOp33
 70
     1
102
RTVSPropertyOp34
 70
     1
102
RTVSPropertyOp35
 70
     1
102
RTVSPropertyOp36
 70
     1
102
RTVSPropertyOp37
 70
     0
102
RTVSPropertyOp38
 70
     0
102
RTVSPropertyOp39
 70
     0
102
RTVSPropertyOp40
 70
     0
102
RTVSPropertyOp41
 70
     0
102
RTVSPropertyOp42
 70
     0
102
RTVSPropertyOp43
 70
     0
102
RTVSPropertyOp44
 70
     0
102
RTVSPropertyOp45
 70
     1
102
RTVSPropertyOp46
 70
     0
102
RTVSPropertyOp47
 70
     0
102
RTVSPropertyOp48
 70
     0
102
RTVSPropertyOp49
 70
     1
102
RTVSPropertyOp50
 70
     0
102
RTVSPropertyOp51
 70
     0
102
RTVSPropertyOp52
 70
     0
102
RTVSPropertyOp53
 70
     0
102
RTVSPropertyOp54
 70
     0
102
RTVSPropertyOp55
 70
     1
102
RTVSPropertyOp56
 70
     0
102
RTVSPropertyOp57
 70
     0
102
RTVSPropertyOp58
 70
     0
102
RTVSPropertyOp59
 70
     0
102
RTVSPropertyOp60
 70
     0
102
RTVSPropertyOp61
 70
     0
102
RTVSPropertyOp62
 70
     0
  0
XRECORD
  5
BDA
102
{ACAD_REACTORS
330
BD9
102
}
330
BD9
100
AcDbXrecord
280
     1
102
RTVSPost2010Prop28
280
     0
102
RTVSPost2010PropOp28
 70
     1
102
RTVSPost2010Prop29
280
     1
102
RTVSPost2010PropOp29
 70
     1
102
RTVSPost2010Prop30
280
     1
102
RTVSPost2010PropOp30
 70
     1
102
RTVSPost2010Prop31
280
     0
102
RTVSPost2010PropOp31
 70
     1
102
RTVSPost2010Prop32
280
     0
102
RTVSPost2010PropOp32
 70
     1
102
RTVSPost2010Prop33
280
     0
102
RTVSPost2010PropOp33
 70
     1
102
RTVSPost2010Prop34
280
     0
102
RTVSPost2010PropOp34
 70
     1
102
RTVSPost2010Prop35
280
     0
102
RTVSPost2010PropOp35
 70
     1
102
RTVSPost2010Prop36
280
     0
102
RTVSPost2010PropOp36
 70
     1
102
RTVSPost2010Prop37
 90
       50
102
RTVSPost2010PropOp37
 70
     1
102
RTVSPost2010Prop38
140
0.0
102
RTVSPost2010PropOp38
 70
     1
102
RTVSPost2010Prop39
140
1.0
102
RTVSPost2010PropOp39
 70
     1
102
RTVSPost2010Prop40
 90
        0
102
RTVSPost2010PropOp40
 70
     1
102
RTVSPost2010Prop41ColorIndex
 90
       18
102
RTVSPost2010Prop41ColorRGB
 90
        0
102
RTVSPost2010PropOp41
 70
     1
102
RTVSPost2010Prop42
 90
       50
102
RTVSPost2010PropOp42
 70
     1
102
RTVSPost2010Prop43
 90
        3
102
RTVSPost2010PropOp43
 70
     1
102
RTVSPost2010Prop44ColorIndex
 90
        5
102
RTVSPost2010Prop44ColorRGB
 90
      255
102
RTVSPost2010PropOp44
 70
     1
102
RTVSPost2010Prop45
280
     0
102
RTVSPost2010PropOp45
 70
     1
102
RTVSPost2010Prop46
 90
       50
102
RTVSPost2010PropOp46
 70
     1
102
RTVSPost2010Prop47
 90
       50
102
RTVSPost2010PropOp47
 70
     1
102
RTVSPost2010Prop48
 90
       50
102
RTVSPost2010PropOp48
 70
     1
102
RTVSPost2010Prop49
280
     0
102
RTVSPost2010PropOp49
 70
     1
102
RTVSPost2010Prop50
 90
       50
102
RTVSPost2010PropOp50
 70
     1
102
RTVSPost2010Prop51ColorIndex
 90
      256
102
RTVSPost2010Prop51ColorRGB
 90
-16777216
102
RTVSPost2010PropOp51
 70
     0
102
RTVSPost2010Prop52
140
1.0
102
RTVSPost2010PropOp52
 70
     0
102
RTVSPost2010Prop53
 90
        2
102
RTVSPost2010PropOp53
 70
     1
102
RTVSPost2010Prop54
  1
strokes_ogs.tif
102
RTVSPost2010PropOp54
 70
     1
102
RTVSPost2010Prop55
280
     0
102
RTVSPost2010PropOp55
 70
     1
102
RTVSPost2010Prop56
140
1.0
102
RTVSPost2010PropOp56
 70
     1
102
RTVSPost2010Prop57
140
1.0
102
RTVSPost2010PropOp57
 70
     1
102
RTVSPropertyOp0
 70
     1
102
RTVSPropertyOp1
 70
     1
102
RTVSPropertyOp2
 70
     1
102
RTVSPropertyOp3
 70
     1
102
RTVSPropertyOp4
 70
     1
102
RTVSPropertyOp5
 70
     1
102
RTVSPropertyOp6
 70
     1
102
RTVSPropertyOp7
 70
     1
102
RTVSPropertyOp8
 70
     1
102
RTVSPropertyOp9
 70
     1
102
RTVSPropertyOp10
 70
     1
102
RTVSPropertyOp11
 70
     1
102
RTVSPropertyOp12
 70
     1
102
RTVSPropertyOp13
 70
     1
102
RTVSPropertyOp14
 70
     1
102
RTVSPropertyOp15
 70
     1
102
RTVSPropertyOp16
 70
     1
102
RTVSPropertyOp17
 70
     1
102
RTVSPropertyOp18
 70
     1
102
RTVSPropertyOp19
 70
     1
102
RTVSPropertyOp20
 70
     1
102
RTVSPropertyOp21
 70
     1
102
RTVSPropertyOp22
 70
     1
102
RTVSPropertyOp23
 70
     1
102
RTVSPropertyOp24
 70
     1
102
RTVSPropertyOp25
 70
     1
102
RTVSPropertyOp26
 70
     1
102
RTVSPropertyOp27
 70
     1
102
RTVSPropertyOp28
 70
     1
102
RTVSPropertyOp29
 70
     1
102
RTVSPropertyOp30
 70
     1
102
RTVSPropertyOp31
 70
     1
102
RTVSPropertyOp32
 70
     1
102
RTVSPropertyOp33
 70
     1
102
RTVSPropertyOp34
 70
     1
102
RTVSPropertyOp35
 70
     1
102
RTVSPropertyOp36
 70
     1
102
RTVSPropertyOp37
 70
     1
102
RTVSPropertyOp38
 70
     1
102
RTVSPropertyOp39
 70
     1
102
RTVSPropertyOp40
 70
     1
102
RTVSPropertyOp41
 70
     1
102
RTVSPropertyOp42
 70
     1
102
RTVSPropertyOp43
 70
     1
102
RTVSPropertyOp44
 70
     1
102
RTVSPropertyOp45
 70
     1
102
RTVSPropertyOp46
 70
     1
102
RTVSPropertyOp47
 70
     1
102
RTVSPropertyOp48
 70
     1
102
RTVSPropertyOp49
 70
     1
102
RTVSPropertyOp50
 70
     1
102
RTVSPropertyOp51
 70
     0
102
RTVSPropertyOp52
 70
     0
102
RTVSPropertyOp53
 70
     1
102
RTVSPropertyOp54
 70
     1
102
RTVSPropertyOp55
 70
     1
102
RTVSPropertyOp56
 70
     1
102
RTVSPropertyOp57
 70
     1
102
RTVSPropertyOp58
 70
     1
102
RTVSPropertyOp59
 70
     1
102
RTVSPropertyOp60
 70
     1
102
RTVSPropertyOp61
 70
     1
102
RTVSPropertyOp62
 70
     1
  0
XRECORD
  5
BBE
102
{ACAD_REACTORS
330
BBD
102
}
330
BBD
100
AcDbXrecord
280
     1
102
RTVSPost2010Prop28
280
     0
102
RTVSPost2010PropOp28
 70
     1
102
RTVSPost2010Prop29
280
     1
102
RTVSPost2010PropOp29
 70
     1
102
RTVSPost2010Prop30
280
     1
102
RTVSPost2010PropOp30
 70
     1
102
RTVSPost2010Prop31
280
     0
102
RTVSPost2010PropOp31
 70
     1
102
RTVSPost2010Prop32
280
     0
102
RTVSPost2010PropOp32
 70
     1
102
RTVSPost2010Prop33
280
     0
102
RTVSPost2010PropOp33
 70
     1
102
RTVSPost2010Prop34
280
     0
102
RTVSPost2010PropOp34
 70
     1
102
RTVSPost2010Prop35
280
     0
102
RTVSPost2010PropOp35
 70
     1
102
RTVSPost2010Prop36
280
     0
102
RTVSPost2010PropOp36
 70
     1
102
RTVSPost2010Prop37
 90
       50
102
RTVSPost2010PropOp37
 70
     1
102
RTVSPost2010Prop38
140
0.0
102
RTVSPost2010PropOp38
 70
     1
102
RTVSPost2010Prop39
140
1.0
102
RTVSPost2010PropOp39
 70
     1
102
RTVSPost2010Prop40
 90
        0
102
RTVSPost2010PropOp40
 70
     1
102
RTVSPost2010Prop41ColorIndex
 90
       18
102
RTVSPost2010Prop41ColorRGB
 90
        0
102
RTVSPost2010PropOp41
 70
     1
102
RTVSPost2010Prop42
 90
       50
102
RTVSPost2010PropOp42
 70
     1
102
RTVSPost2010Prop43
 90
        3
102
RTVSPost2010PropOp43
 70
     1
102
RTVSPost2010Prop44ColorIndex
 90
        5
102
RTVSPost2010Prop44ColorRGB
 90
      255
102
RTVSPost2010PropOp44
 70
     1
102
RTVSPost2010Prop45
280
     0
102
RTVSPost2010PropOp45
 70
     1
102
RTVSPost2010Prop46
 90
       50
102
RTVSPost2010PropOp46
 70
     1
102
RTVSPost2010Prop47
 90
       50
102
RTVSPost2010PropOp47
 70
     1
102
RTVSPost2010Prop48
 90
       50
102
RTVSPost2010PropOp48
 70
     1
102
RTVSPost2010Prop49
280
     0
102
RTVSPost2010PropOp49
 70
     1
102
RTVSPost2010Prop50
 90
       50
102
RTVSPost2010PropOp50
 70
     1
102
RTVSPost2010Prop51ColorIndex
 90
      256
102
RTVSPost2010Prop51ColorRGB
 90
-16777216
102
RTVSPost2010PropOp51
 70
     0
102
RTVSPost2010Prop52
140
1.0
102
RTVSPost2010PropOp52
 70
     0
102
RTVSPost2010Prop53
 90
        2
102
RTVSPost2010PropOp53
 70
     1
102
RTVSPost2010Prop54
  1
strokes_ogs.tif
102
RTVSPost2010PropOp54
 70
     1
102
RTVSPost2010Prop55
280
     0
102
RTVSPost2010PropOp55
 70
     1
102
RTVSPost2010Prop56
140
1.0
102
RTVSPost2010PropOp56
 70
     1
102
RTVSPost2010Prop57
140
1.0
102
RTVSPost2010PropOp57
 70
     1
102
RTVSPropertyOp0
 70
     1
102
RTVSPropertyOp1
 70
     1
102
RTVSPropertyOp2
 70
     1
102
RTVSPropertyOp3
 70
     1
102
RTVSPropertyOp4
 70
     1
102
RTVSPropertyOp5
 70
     1
102
RTVSPropertyOp6
 70
     1
102
RTVSPropertyOp7
 70
     1
102
RTVSPropertyOp8
 70
     1
102
RTVSPropertyOp9
 70
     1
102
RTVSPropertyOp10
 70
     1
102
RTVSPropertyOp11
 70
     1
102
RTVSPropertyOp12
 70
     1
102
RTVSPropertyOp13
 70
     1
102
RTVSPropertyOp14
 70
     1
102
RTVSPropertyOp15
 70
     1
102
RTVSPropertyOp16
 70
     1
102
RTVSPropertyOp17
 70
     1
102
RTVSPropertyOp18
 70
     1
102
RTVSPropertyOp19
 70
     1
102
RTVSPropertyOp20
 70
     1
102
RTVSPropertyOp21
 70
     1
102
RTVSPropertyOp22
 70
     1
102
RTVSPropertyOp23
 70
     1
102
RTVSPropertyOp24
 70
     1
102
RTVSPropertyOp25
 70
     1
102
RTVSPropertyOp26
 70
     1
102
RTVSPropertyOp27
 70
     1
102
RTVSPropertyOp28
 70
     1
102
RTVSPropertyOp29
 70
     1
102
RTVSPropertyOp30
 70
     1
102
RTVSPropertyOp31
 70
     1
102
RTVSPropertyOp32
 70
     1
102
RTVSPropertyOp33
 70
     1
102
RTVSPropertyOp34
 70
     1
102
RTVSPropertyOp35
 70
     1
102
RTVSPropertyOp36
 70
     1
102
RTVSPropertyOp37
 70
     1
102
RTVSPropertyOp38
 70
     1
102
RTVSPropertyOp39
 70
     1
102
RTVSPropertyOp40
 70
     1
102
RTVSPropertyOp41
 70
     1
102
RTVSPropertyOp42
 70
     1
102
RTVSPropertyOp43
 70
     1
102
RTVSPropertyOp44
 70
     1
102
RTVSPropertyOp45
 70
     1
102
RTVSPropertyOp46
 70
     1
102
RTVSPropertyOp47
 70
     1
102
RTVSPropertyOp48
 70
     1
102
RTVSPropertyOp49
 70
     1
102
RTVSPropertyOp50
 70
     1
102
RTVSPropertyOp51
 70
     0
102
RTVSPropertyOp52
 70
     0
102
RTVSPropertyOp53
 70
     1
102
RTVSPropertyOp54
 70
     1
102
RTVSPropertyOp55
 70
     1
102
RTVSPropertyOp56
 70
     1
102
RTVSPropertyOp57
 70
     1
102
RTVSPropertyOp58
 70
     1
102
RTVSPropertyOp59
 70
     1
102
RTVSPropertyOp60
 70
     1
102
RTVSPropertyOp61
 70
     1
102
RTVSPropertyOp62
 70
     1
  0
XRECORD
  5
BC0
102
{ACAD_REACTORS
330
BBF
102
}
330
BBF
100
AcDbXrecord
280
     1
102
RTVSPost2010Prop28
280
     0
102
RTVSPost2010PropOp28
 70
     1
102
RTVSPost2010Prop29
280
     1
102
RTVSPost2010PropOp29
 70
     1
102
RTVSPost2010Prop30
280
     1
102
RTVSPost2010PropOp30
 70
     1
102
RTVSPost2010Prop31
280
     0
102
RTVSPost2010PropOp31
 70
     1
102
RTVSPost2010Prop32
280
     0
102
RTVSPost2010PropOp32
 70
     1
102
RTVSPost2010Prop33
280
     0
102
RTVSPost2010PropOp33
 70
     1
102
RTVSPost2010Prop34
280
     0
102
RTVSPost2010PropOp34
 70
     1
102
RTVSPost2010Prop35
280
     0
102
RTVSPost2010PropOp35
 70
     1
102
RTVSPost2010Prop36
280
     0
102
RTVSPost2010PropOp36
 70
     1
102
RTVSPost2010Prop37
 90
       50
102
RTVSPost2010PropOp37
 70
     1
102
RTVSPost2010Prop38
140
0.0
102
RTVSPost2010PropOp38
 70
     1
102
RTVSPost2010Prop39
140
1.0
102
RTVSPost2010PropOp39
 70
     1
102
RTVSPost2010Prop40
 90
        0
102
RTVSPost2010PropOp40
 70
     1
102
RTVSPost2010Prop41ColorIndex
 90
       18
102
RTVSPost2010Prop41ColorRGB
 90
        0
102
RTVSPost2010PropOp41
 70
     1
102
RTVSPost2010Prop42
 90
       50
102
RTVSPost2010PropOp42
 70
     1
102
RTVSPost2010Prop43
 90
        3
102
RTVSPost2010PropOp43
 70
     1
102
RTVSPost2010Prop44ColorIndex
 90
        5
102
RTVSPost2010Prop44ColorRGB
 90
      255
102
RTVSPost2010PropOp44
 70
     1
102
RTVSPost2010Prop45
280
     0
102
RTVSPost2010PropOp45
 70
     1
102
RTVSPost2010Prop46
 90
       50
102
RTVSPost2010PropOp46
 70
     1
102
RTVSPost2010Prop47
 90
       50
102
RTVSPost2010PropOp47
 70
     1
102
RTVSPost2010Prop48
 90
       50
102
RTVSPost2010PropOp48
 70
     1
102
RTVSPost2010Prop49
280
     0
102
RTVSPost2010PropOp49
 70
     1
102
RTVSPost2010Prop50
 90
       50
102
RTVSPost2010PropOp50
 70
     1
102
RTVSPost2010Prop51ColorIndex
 90
      256
102
RTVSPost2010Prop51ColorRGB
 90
-16777216
102
RTVSPost2010PropOp51
 70
     0
102
RTVSPost2010Prop52
140
1.0
102
RTVSPost2010PropOp52
 70
     0
102
RTVSPost2010Prop53
 90
        2
102
RTVSPost2010PropOp53
 70
     1
102
RTVSPost2010Prop54
  1
strokes_ogs.tif
102
RTVSPost2010PropOp54
 70
     1
102
RTVSPost2010Prop55
280
     0
102
RTVSPost2010PropOp55
 70
     1
102
RTVSPost2010Prop56
140
1.0
102
RTVSPost2010PropOp56
 70
     1
102
RTVSPost2010Prop57
140
1.0
102
RTVSPost2010PropOp57
 70
     1
102
RTVSPropertyOp0
 70
     1
102
RTVSPropertyOp1
 70
     1
102
RTVSPropertyOp2
 70
     1
102
RTVSPropertyOp3
 70
     1
102
RTVSPropertyOp4
 70
     1
102
RTVSPropertyOp5
 70
     1
102
RTVSPropertyOp6
 70
     1
102
RTVSPropertyOp7
 70
     1
102
RTVSPropertyOp8
 70
     1
102
RTVSPropertyOp9
 70
     1
102
RTVSPropertyOp10
 70
     1
102
RTVSPropertyOp11
 70
     1
102
RTVSPropertyOp12
 70
     1
102
RTVSPropertyOp13
 70
     1
102
RTVSPropertyOp14
 70
     1
102
RTVSPropertyOp15
 70
     1
102
RTVSPropertyOp16
 70
     1
102
RTVSPropertyOp17
 70
     1
102
RTVSPropertyOp18
 70
     1
102
RTVSPropertyOp19
 70
     1
102
RTVSPropertyOp20
 70
     1
102
RTVSPropertyOp21
 70
     1
102
RTVSPropertyOp22
 70
     1
102
RTVSPropertyOp23
 70
     1
102
RTVSPropertyOp24
 70
     1
102
RTVSPropertyOp25
 70
     1
102
RTVSPropertyOp26
 70
     1
102
RTVSPropertyOp27
 70
     1
102
RTVSPropertyOp28
 70
     1
102
RTVSPropertyOp29
 70
     1
102
RTVSPropertyOp30
 70
     1
102
RTVSPropertyOp31
 70
     1
102
RTVSPropertyOp32
 70
     1
102
RTVSPropertyOp33
 70
     1
102
RTVSPropertyOp34
 70
     1
102
RTVSPropertyOp35
 70
     1
102
RTVSPropertyOp36
 70
     1
102
RTVSPropertyOp37
 70
     1
102
RTVSPropertyOp38
 70
     1
102
RTVSPropertyOp39
 70
     1
102
RTVSPropertyOp40
 70
     1
102
RTVSPropertyOp41
 70
     1
102
RTVSPropertyOp42
 70
     1
102
RTVSPropertyOp43
 70
     1
102
RTVSPropertyOp44
 70
     1
102
RTVSPropertyOp45
 70
     1
102
RTVSPropertyOp46
 70
     1
102
RTVSPropertyOp47
 70
     1
102
RTVSPropertyOp48
 70
     1
102
RTVSPropertyOp49
 70
     1
102
RTVSPropertyOp50
 70
     1
102
RTVSPropertyOp51
 70
     0
102
RTVSPropertyOp52
 70
     0
102
RTVSPropertyOp53
 70
     1
102
RTVSPropertyOp54
 70
     1
102
RTVSPropertyOp55
 70
     1
102
RTVSPropertyOp56
 70
     1
102
RTVSPropertyOp57
 70
     1
102
RTVSPropertyOp58
 70
     1
102
RTVSPropertyOp59
 70
     1
102
RTVSPropertyOp60
 70
     1
102
RTVSPropertyOp61
 70
     1
102
RTVSPropertyOp62
 70
     1
  0
XRECORD
  5
BC2
102
{ACAD_REACTORS
330
BC1
102
}
330
BC1
100
AcDbXrecord
280
     1
102
RTVSPost2010Prop28
280
     0
102
RTVSPost2010PropOp28
 70
     1
102
RTVSPost2010Prop29
280
     1
102
RTVSPost2010PropOp29
 70
     1
102
RTVSPost2010Prop30
280
     1
102
RTVSPost2010PropOp30
 70
     1
102
RTVSPost2010Prop31
280
     0
102
RTVSPost2010PropOp31
 70
     1
102
RTVSPost2010Prop32
280
     0
102
RTVSPost2010PropOp32
 70
     1
102
RTVSPost2010Prop33
280
     0
102
RTVSPost2010PropOp33
 70
     1
102
RTVSPost2010Prop34
280
     0
102
RTVSPost2010PropOp34
 70
     1
102
RTVSPost2010Prop35
280
     0
102
RTVSPost2010PropOp35
 70
     1
102
RTVSPost2010Prop36
280
     0
102
RTVSPost2010PropOp36
 70
     1
102
RTVSPost2010Prop37
 90
       50
102
RTVSPost2010PropOp37
 70
     1
102
RTVSPost2010Prop38
140
0.0
102
RTVSPost2010PropOp38
 70
     1
102
RTVSPost2010Prop39
140
1.0
102
RTVSPost2010PropOp39
 70
     1
102
RTVSPost2010Prop40
 90
        0
102
RTVSPost2010PropOp40
 70
     1
102
RTVSPost2010Prop41ColorIndex
 90
       18
102
RTVSPost2010Prop41ColorRGB
 90
        0
102
RTVSPost2010PropOp41
 70
     1
102
RTVSPost2010Prop42
 90
       50
102
RTVSPost2010PropOp42
 70
     1
102
RTVSPost2010Prop43
 90
        3
102
RTVSPost2010PropOp43
 70
     1
102
RTVSPost2010Prop44ColorIndex
 90
        5
102
RTVSPost2010Prop44ColorRGB
 90
      255
102
RTVSPost2010PropOp44
 70
     1
102
RTVSPost2010Prop45
280
     0
102
RTVSPost2010PropOp45
 70
     1
102
RTVSPost2010Prop46
 90
       50
102
RTVSPost2010PropOp46
 70
     1
102
RTVSPost2010Prop47
 90
       50
102
RTVSPost2010PropOp47
 70
     1
102
RTVSPost2010Prop48
 90
       50
102
RTVSPost2010PropOp48
 70
     1
102
RTVSPost2010Prop49
280
     0
102
RTVSPost2010PropOp49
 70
     1
102
RTVSPost2010Prop50
 90
       50
102
RTVSPost2010PropOp50
 70
     1
102
RTVSPost2010Prop51ColorIndex
 90
      256
102
RTVSPost2010Prop51ColorRGB
 90
-16777216
102
RTVSPost2010PropOp51
 70
     0
102
RTVSPost2010Prop52
140
1.0
102
RTVSPost2010PropOp52
 70
     0
102
RTVSPost2010Prop53
 90
        2
102
RTVSPost2010PropOp53
 70
     1
102
RTVSPost2010Prop54
  1
strokes_ogs.tif
102
RTVSPost2010PropOp54
 70
     1
102
RTVSPost2010Prop55
280
     0
102
RTVSPost2010PropOp55
 70
     1
102
RTVSPost2010Prop56
140
1.0
102
RTVSPost2010PropOp56
 70
     1
102
RTVSPost2010Prop57
140
1.0
102
RTVSPost2010PropOp57
 70
     1
102
RTVSPropertyOp0
 70
     1
102
RTVSPropertyOp1
 70
     1
102
RTVSPropertyOp2
 70
     1
102
RTVSPropertyOp3
 70
     1
102
RTVSPropertyOp4
 70
     1
102
RTVSPropertyOp5
 70
     1
102
RTVSPropertyOp6
 70
     1
102
RTVSPropertyOp7
 70
     1
102
RTVSPropertyOp8
 70
     1
102
RTVSPropertyOp9
 70
     1
102
RTVSPropertyOp10
 70
     1
102
RTVSPropertyOp11
 70
     1
102
RTVSPropertyOp12
 70
     1
102
RTVSPropertyOp13
 70
     1
102
RTVSPropertyOp14
 70
     1
102
RTVSPropertyOp15
 70
     1
102
RTVSPropertyOp16
 70
     1
102
RTVSPropertyOp17
 70
     1
102
RTVSPropertyOp18
 70
     1
102
RTVSPropertyOp19
 70
     1
102
RTVSPropertyOp20
 70
     1
102
RTVSPropertyOp21
 70
     1
102
RTVSPropertyOp22
 70
     1
102
RTVSPropertyOp23
 70
     1
102
RTVSPropertyOp24
 70
     1
102
RTVSPropertyOp25
 70
     1
102
RTVSPropertyOp26
 70
     1
102
RTVSPropertyOp27
 70
     1
102
RTVSPropertyOp28
 70
     1
102
RTVSPropertyOp29
 70
     1
102
RTVSPropertyOp30
 70
     1
102
RTVSPropertyOp31
 70
     1
102
RTVSPropertyOp32
 70
     1
102
RTVSPropertyOp33
 70
     1
102
RTVSPropertyOp34
 70
     1
102
RTVSPropertyOp35
 70
     1
102
RTVSPropertyOp36
 70
     1
102
RTVSPropertyOp37
 70
     1
102
RTVSPropertyOp38
 70
     1
102
RTVSPropertyOp39
 70
     1
102
RTVSPropertyOp40
 70
     1
102
RTVSPropertyOp41
 70
     1
102
RTVSPropertyOp42
 70
     1
102
RTVSPropertyOp43
 70
     1
102
RTVSPropertyOp44
 70
     1
102
RTVSPropertyOp45
 70
     1
102
RTVSPropertyOp46
 70
     1
102
RTVSPropertyOp47
 70
     1
102
RTVSPropertyOp48
 70
     1
102
RTVSPropertyOp49
 70
     1
102
RTVSPropertyOp50
 70
     1
102
RTVSPropertyOp51
 70
     0
102
RTVSPropertyOp52
 70
     0
102
RTVSPropertyOp53
 70
     1
102
RTVSPropertyOp54
 70
     1
102
RTVSPropertyOp55
 70
     1
102
RTVSPropertyOp56
 70
     1
102
RTVSPropertyOp57
 70
     1
102
RTVSPropertyOp58
 70
     1
102
RTVSPropertyOp59
 70
     1
102
RTVSPropertyOp60
 70
     1
102
RTVSPropertyOp61
 70
     1
102
RTVSPropertyOp62
 70
     1
  0
XRECORD
  5
BC4
102
{ACAD_REACTORS
330
BC3
102
}
330
BC3
100
AcDbXrecord
280
     1
102
RTVSPost2010Prop28
280
     0
102
RTVSPost2010PropOp28
 70
     1
102
RTVSPost2010Prop29
280
     1
102
RTVSPost2010PropOp29
 70
     1
102
RTVSPost2010Prop30
280
     1
102
RTVSPost2010PropOp30
 70
     1
102
RTVSPost2010Prop31
280
     0
102
RTVSPost2010PropOp31
 70
     1
102
RTVSPost2010Prop32
280
     0
102
RTVSPost2010PropOp32
 70
     1
102
RTVSPost2010Prop33
280
     0
102
RTVSPost2010PropOp33
 70
     1
102
RTVSPost2010Prop34
280
     0
102
RTVSPost2010PropOp34
 70
     1
102
RTVSPost2010Prop35
280
     0
102
RTVSPost2010PropOp35
 70
     1
102
RTVSPost2010Prop36
280
     0
102
RTVSPost2010PropOp36
 70
     1
102
RTVSPost2010Prop37
 90
       50
102
RTVSPost2010PropOp37
 70
     1
102
RTVSPost2010Prop38
140
0.0
102
RTVSPost2010PropOp38
 70
     1
102
RTVSPost2010Prop39
140
1.0
102
RTVSPost2010PropOp39
 70
     1
102
RTVSPost2010Prop40
 90
        0
102
RTVSPost2010PropOp40
 70
     1
102
RTVSPost2010Prop41ColorIndex
 90
       18
102
RTVSPost2010Prop41ColorRGB
 90
        0
102
RTVSPost2010PropOp41
 70
     1
102
RTVSPost2010Prop42
 90
       50
102
RTVSPost2010PropOp42
 70
     1
102
RTVSPost2010Prop43
 90
        3
102
RTVSPost2010PropOp43
 70
     1
102
RTVSPost2010Prop44ColorIndex
 90
        5
102
RTVSPost2010Prop44ColorRGB
 90
      255
102
RTVSPost2010PropOp44
 70
     1
102
RTVSPost2010Prop45
280
     0
102
RTVSPost2010PropOp45
 70
     1
102
RTVSPost2010Prop46
 90
       50
102
RTVSPost2010PropOp46
 70
     1
102
RTVSPost2010Prop47
 90
       50
102
RTVSPost2010PropOp47
 70
     1
102
RTVSPost2010Prop48
 90
       50
102
RTVSPost2010PropOp48
 70
     1
102
RTVSPost2010Prop49
280
     0
102
RTVSPost2010PropOp49
 70
     1
102
RTVSPost2010Prop50
 90
       50
102
RTVSPost2010PropOp50
 70
     1
102
RTVSPost2010Prop51ColorIndex
 90
      256
102
RTVSPost2010Prop51ColorRGB
 90
-16777216
102
RTVSPost2010PropOp51
 70
     0
102
RTVSPost2010Prop52
140
1.0
102
RTVSPost2010PropOp52
 70
     0
102
RTVSPost2010Prop53
 90
        2
102
RTVSPost2010PropOp53
 70
     1
102
RTVSPost2010Prop54
  1
strokes_ogs.tif
102
RTVSPost2010PropOp54
 70
     1
102
RTVSPost2010Prop55
280
     0
102
RTVSPost2010PropOp55
 70
     1
102
RTVSPost2010Prop56
140
1.0
102
RTVSPost2010PropOp56
 70
     1
102
RTVSPost2010Prop57
140
1.0
102
RTVSPost2010PropOp57
 70
     1
102
RTVSPropertyOp0
 70
     1
102
RTVSPropertyOp1
 70
     1
102
RTVSPropertyOp2
 70
     1
102
RTVSPropertyOp3
 70
     1
102
RTVSPropertyOp4
 70
     1
102
RTVSPropertyOp5
 70
     1
102
RTVSPropertyOp6
 70
     1
102
RTVSPropertyOp7
 70
     1
102
RTVSPropertyOp8
 70
     1
102
RTVSPropertyOp9
 70
     1
102
RTVSPropertyOp10
 70
     1
102
RTVSPropertyOp11
 70
     1
102
RTVSPropertyOp12
 70
     1
102
RTVSPropertyOp13
 70
     1
102
RTVSPropertyOp14
 70
     1
102
RTVSPropertyOp15
 70
     1
102
RTVSPropertyOp16
 70
     1
102
RTVSPropertyOp17
 70
     1
102
RTVSPropertyOp18
 70
     1
102
RTVSPropertyOp19
 70
     1
102
RTVSPropertyOp20
 70
     1
102
RTVSPropertyOp21
 70
     1
102
RTVSPropertyOp22
 70
     1
102
RTVSPropertyOp23
 70
     1
102
RTVSPropertyOp24
 70
     1
102
RTVSPropertyOp25
 70
     1
102
RTVSPropertyOp26
 70
     1
102
RTVSPropertyOp27
 70
     1
102
RTVSPropertyOp28
 70
     1
102
RTVSPropertyOp29
 70
     1
102
RTVSPropertyOp30
 70
     1
102
RTVSPropertyOp31
 70
     1
102
RTVSPropertyOp32
 70
     1
102
RTVSPropertyOp33
 70
     1
102
RTVSPropertyOp34
 70
     1
102
RTVSPropertyOp35
 70
     1
102
RTVSPropertyOp36
 70
     1
102
RTVSPropertyOp37
 70
     1
102
RTVSPropertyOp38
 70
     1
102
RTVSPropertyOp39
 70
     1
102
RTVSPropertyOp40
 70
     1
102
RTVSPropertyOp41
 70
     1
102
RTVSPropertyOp42
 70
     1
102
RTVSPropertyOp43
 70
     1
102
RTVSPropertyOp44
 70
     1
102
RTVSPropertyOp45
 70
     1
102
RTVSPropertyOp46
 70
     1
102
RTVSPropertyOp47
 70
     1
102
RTVSPropertyOp48
 70
     1
102
RTVSPropertyOp49
 70
     1
102
RTVSPropertyOp50
 70
     1
102
RTVSPropertyOp51
 70
     0
102
RTVSPropertyOp52
 70
     0
102
RTVSPropertyOp53
 70
     1
102
RTVSPropertyOp54
 70
     1
102
RTVSPropertyOp55
 70
     1
102
RTVSPropertyOp56
 70
     1
102
RTVSPropertyOp57
 70
     1
102
RTVSPropertyOp58
 70
     1
102
RTVSPropertyOp59
 70
     1
102
RTVSPropertyOp60
 70
     1
102
RTVSPropertyOp61
 70
     1
102
RTVSPropertyOp62
 70
     1
  0
XRECORD
  5
BCC
102
{ACAD_REACTORS
330
BCB
102
}
330
BCB
100
AcDbXrecord
280
     1
102
RTVSPost2010Prop28
280
     0
102
RTVSPost2010PropOp28
 70
     1
102
RTVSPost2010Prop29
280
     1
102
RTVSPost2010PropOp29
 70
     1
102
RTVSPost2010Prop30
280
     1
102
RTVSPost2010PropOp30
 70
     1
102
RTVSPost2010Prop31
280
     0
102
RTVSPost2010PropOp31
 70
     1
102
RTVSPost2010Prop32
280
     0
102
RTVSPost2010PropOp32
 70
     1
102
RTVSPost2010Prop33
280
     0
102
RTVSPost2010PropOp33
 70
     1
102
RTVSPost2010Prop34
280
     0
102
RTVSPost2010PropOp34
 70
     1
102
RTVSPost2010Prop35
280
     0
102
RTVSPost2010PropOp35
 70
     1
102
RTVSPost2010Prop36
280
     0
102
RTVSPost2010PropOp36
 70
     1
102
RTVSPost2010Prop37
 90
       50
102
RTVSPost2010PropOp37
 70
     1
102
RTVSPost2010Prop38
140
0.0
102
RTVSPost2010PropOp38
 70
     1
102
RTVSPost2010Prop39
140
1.0
102
RTVSPost2010PropOp39
 70
     1
102
RTVSPost2010Prop40
 90
        0
102
RTVSPost2010PropOp40
 70
     1
102
RTVSPost2010Prop41ColorIndex
 90
       18
102
RTVSPost2010Prop41ColorRGB
 90
        0
102
RTVSPost2010PropOp41
 70
     1
102
RTVSPost2010Prop42
 90
       50
102
RTVSPost2010PropOp42
 70
     1
102
RTVSPost2010Prop43
 90
        3
102
RTVSPost2010PropOp43
 70
     1
102
RTVSPost2010Prop44ColorIndex
 90
        5
102
RTVSPost2010Prop44ColorRGB
 90
      255
102
RTVSPost2010PropOp44
 70
     1
102
RTVSPost2010Prop45
280
     0
102
RTVSPost2010PropOp45
 70
     1
102
RTVSPost2010Prop46
 90
       50
102
RTVSPost2010PropOp46
 70
     1
102
RTVSPost2010Prop47
 90
       50
102
RTVSPost2010PropOp47
 70
     1
102
RTVSPost2010Prop48
 90
       50
102
RTVSPost2010PropOp48
 70
     1
102
RTVSPost2010Prop49
280
     0
102
RTVSPost2010PropOp49
 70
     1
102
RTVSPost2010Prop50
 90
       50
102
RTVSPost2010PropOp50
 70
     1
102
RTVSPost2010Prop51ColorIndex
 90
      256
102
RTVSPost2010Prop51ColorRGB
 90
-16777216
102
RTVSPost2010PropOp51
 70
     0
102
RTVSPost2010Prop52
140
1.0
102
RTVSPost2010PropOp52
 70
     0
102
RTVSPost2010Prop53
 90
        2
102
RTVSPost2010PropOp53
 70
     1
102
RTVSPost2010Prop54
  1
strokes_ogs.tif
102
RTVSPost2010PropOp54
 70
     1
102
RTVSPost2010Prop55
280
     0
102
RTVSPost2010PropOp55
 70
     1
102
RTVSPost2010Prop56
140
1.0
102
RTVSPost2010PropOp56
 70
     1
102
RTVSPost2010Prop57
140
1.0
102
RTVSPost2010PropOp57
 70
     1
102
RTVSPropertyOp0
 70
     1
102
RTVSPropertyOp1
 70
     1
102
RTVSPropertyOp2
 70
     1
102
RTVSPropertyOp3
 70
     1
102
RTVSPropertyOp4
 70
     1
102
RTVSPropertyOp5
 70
     1
102
RTVSPropertyOp6
 70
     1
102
RTVSPropertyOp7
 70
     1
102
RTVSPropertyOp8
 70
     1
102
RTVSPropertyOp9
 70
     1
102
RTVSPropertyOp10
 70
     1
102
RTVSPropertyOp11
 70
     1
102
RTVSPropertyOp12
 70
     1
102
RTVSPropertyOp13
 70
     1
102
RTVSPropertyOp14
 70
     1
102
RTVSPropertyOp15
 70
     1
102
RTVSPropertyOp16
 70
     1
102
RTVSPropertyOp17
 70
     1
102
RTVSPropertyOp18
 70
     1
102
RTVSPropertyOp19
 70
     1
102
RTVSPropertyOp20
 70
     1
102
RTVSPropertyOp21
 70
     1
102
RTVSPropertyOp22
 70
     1
102
RTVSPropertyOp23
 70
     1
102
RTVSPropertyOp24
 70
     1
102
RTVSPropertyOp25
 70
     1
102
RTVSPropertyOp26
 70
     1
102
RTVSPropertyOp27
 70
     1
102
RTVSPropertyOp28
 70
     1
102
RTVSPropertyOp29
 70
     1
102
RTVSPropertyOp30
 70
     1
102
RTVSPropertyOp31
 70
     1
102
RTVSPropertyOp32
 70
     1
102
RTVSPropertyOp33
 70
     1
102
RTVSPropertyOp34
 70
     1
102
RTVSPropertyOp35
 70
     1
102
RTVSPropertyOp36
 70
     1
102
RTVSPropertyOp37
 70
     1
102
RTVSPropertyOp38
 70
     1
102
RTVSPropertyOp39
 70
     1
102
RTVSPropertyOp40
 70
     1
102
RTVSPropertyOp41
 70
     1
102
RTVSPropertyOp42
 70
     1
102
RTVSPropertyOp43
 70
     1
102
RTVSPropertyOp44
 70
     1
102
RTVSPropertyOp45
 70
     1
102
RTVSPropertyOp46
 70
     1
102
RTVSPropertyOp47
 70
     1
102
RTVSPropertyOp48
 70
     1
102
RTVSPropertyOp49
 70
     1
102
RTVSPropertyOp50
 70
     1
102
RTVSPropertyOp51
 70
     0
102
RTVSPropertyOp52
 70
     0
102
RTVSPropertyOp53
 70
     1
102
RTVSPropertyOp54
 70
     1
102
RTVSPropertyOp55
 70
     1
102
RTVSPropertyOp56
 70
     1
102
RTVSPropertyOp57
 70
     1
102
RTVSPropertyOp58
 70
     1
102
RTVSPropertyOp59
 70
     1
102
RTVSPropertyOp60
 70
     1
102
RTVSPropertyOp61
 70
     1
102
RTVSPropertyOp62
 70
     1
  0
XRECORD
  5
BE8
102
{ACAD_REACTORS
330
BE7
102
}
330
BE7
100
AcDbXrecord
280
     1
102
RTVSPost2010Prop28
280
     0
102
RTVSPost2010PropOp28
 70
     1
102
RTVSPost2010Prop29
280
     1
102
RTVSPost2010PropOp29
 70
     1
102
RTVSPost2010Prop30
280
     1
102
RTVSPost2010PropOp30
 70
     1
102
RTVSPost2010Prop31
280
     0
102
RTVSPost2010PropOp31
 70
     1
102
RTVSPost2010Prop32
280
     0
102
RTVSPost2010PropOp32
 70
     1
102
RTVSPost2010Prop33
280
     0
102
RTVSPost2010PropOp33
 70
     1
102
RTVSPost2010Prop34
280
     0
102
RTVSPost2010PropOp34
 70
     1
102
RTVSPost2010Prop35
280
     0
102
RTVSPost2010PropOp35
 70
     1
102
RTVSPost2010Prop36
280
     0
102
RTVSPost2010PropOp36
 70
     1
102
RTVSPost2010Prop37
 90
       50
102
RTVSPost2010PropOp37
 70
     0
102
RTVSPost2010Prop38
140
0.0
102
RTVSPost2010PropOp38
 70
     0
102
RTVSPost2010Prop39
140
1.0
102
RTVSPost2010PropOp39
 70
     0
102
RTVSPost2010Prop40
 90
        0
102
RTVSPost2010PropOp40
 70
     0
102
RTVSPost2010Prop41ColorIndex
 90
       18
102
RTVSPost2010Prop41ColorRGB
 90
        0
102
RTVSPost2010PropOp41
 70
     0
102
RTVSPost2010Prop42
 90
       50
102
RTVSPost2010PropOp42
 70
     0
102
RTVSPost2010Prop43
 90
        3
102
RTVSPost2010PropOp43
 70
     0
102
RTVSPost2010Prop44ColorIndex
 90
        5
102
RTVSPost2010Prop44ColorRGB
 90
      255
102
RTVSPost2010PropOp44
 70
     0
102
RTVSPost2010Prop45
280
     0
102
RTVSPost2010PropOp45
 70
     1
102
RTVSPost2010Prop46
 90
       50
102
RTVSPost2010PropOp46
 70
     0
102
RTVSPost2010Prop47
 90
       50
102
RTVSPost2010PropOp47
 70
     0
102
RTVSPost2010Prop48
 90
       50
102
RTVSPost2010PropOp48
 70
     0
102
RTVSPost2010Prop49
280
     0
102
RTVSPost2010PropOp49
 70
     1
102
RTVSPost2010Prop50
 90
       50
102
RTVSPost2010PropOp50
 70
     0
102
RTVSPost2010Prop51ColorIndex
 90
      256
102
RTVSPost2010Prop51ColorRGB
 90
-16777216
102
RTVSPost2010PropOp51
 70
     0
102
RTVSPost2010Prop52
140
1.0
102
RTVSPost2010PropOp52
 70
     0
102
RTVSPost2010Prop53
 90
        2
102
RTVSPost2010PropOp53
 70
     0
102
RTVSPost2010Prop54
  1
strokes_ogs.tif
102
RTVSPost2010PropOp54
 70
     0
102
RTVSPost2010Prop55
280
     0
102
RTVSPost2010PropOp55
 70
     1
102
RTVSPost2010Prop56
140
1.0
102
RTVSPost2010PropOp56
 70
     0
102
RTVSPost2010Prop57
140
1.0
102
RTVSPost2010PropOp57
 70
     0
102
RTVSPropertyOp0
 70
     0
102
RTVSPropertyOp1
 70
     0
102
RTVSPropertyOp2
 70
     0
102
RTVSPropertyOp3
 70
     0
102
RTVSPropertyOp4
 70
     0
102
RTVSPropertyOp5
 70
     0
102
RTVSPropertyOp6
 70
     0
102
RTVSPropertyOp7
 70
     0
102
RTVSPropertyOp8
 70
     0
102
RTVSPropertyOp9
 70
     0
102
RTVSPropertyOp10
 70
     0
102
RTVSPropertyOp11
 70
     0
102
RTVSPropertyOp12
 70
     0
102
RTVSPropertyOp13
 70
     0
102
RTVSPropertyOp14
 70
     2
102
RTVSPropertyOp15
 70
     0
102
RTVSPropertyOp16
 70
     0
102
RTVSPropertyOp17
 70
     0
102
RTVSPropertyOp18
 70
     0
102
RTVSPropertyOp19
 70
     0
102
RTVSPropertyOp20
 70
     0
102
RTVSPropertyOp21
 70
     0
102
RTVSPropertyOp22
 70
     0
102
RTVSPropertyOp23
 70
     0
102
RTVSPropertyOp24
 70
     0
102
RTVSPropertyOp25
 70
     0
102
RTVSPropertyOp26
 70
     0
102
RTVSPropertyOp27
 70
     0
102
RTVSPropertyOp28
 70
     1
102
RTVSPropertyOp29
 70
     1
102
RTVSPropertyOp30
 70
     1
102
RTVSPropertyOp31
 70
     1
102
RTVSPropertyOp32
 70
     1
102
RTVSPropertyOp33
 70
     1
102
RTVSPropertyOp34
 70
     1
102
RTVSPropertyOp35
 70
     1
102
RTVSPropertyOp36
 70
     1
102
RTVSPropertyOp37
 70
     0
102
RTVSPropertyOp38
 70
     0
102
RTVSPropertyOp39
 70
     0
102
RTVSPropertyOp40
 70
     0
102
RTVSPropertyOp41
 70
     0
102
RTVSPropertyOp42
 70
     0
102
RTVSPropertyOp43
 70
     0
102
RTVSPropertyOp44
 70
     0
102
RTVSPropertyOp45
 70
     1
102
RTVSPropertyOp46
 70
     0
102
RTVSPropertyOp47
 70
     0
102
RTVSPropertyOp48
 70
     0
102
RTVSPropertyOp49
 70
     1
102
RTVSPropertyOp50
 70
     0
102
RTVSPropertyOp51
 70
     0
102
RTVSPropertyOp52
 70
     0
102
RTVSPropertyOp53
 70
     0
102
RTVSPropertyOp54
 70
     0
102
RTVSPropertyOp55
 70
     1
102
RTVSPropertyOp56
 70
     0
102
RTVSPropertyOp57
 70
     0
102
RTVSPropertyOp58
 70
     0
102
RTVSPropertyOp59
 70
     0
102
RTVSPropertyOp60
 70
     0
102
RTVSPropertyOp61
 70
     0
102
RTVSPropertyOp62
 70
     0
  0
XRECORD
  5
BD8
102
{ACAD_REACTORS
330
BD7
102
}
330
BD7
100
AcDbXrecord
280
     1
102
RTVSPost2010Prop28
280
     0
102
RTVSPost2010PropOp28
 70
     1
102
RTVSPost2010Prop29
280
     1
102
RTVSPost2010PropOp29
 70
     1
102
RTVSPost2010Prop30
280
     1
102
RTVSPost2010PropOp30
 70
     1
102
RTVSPost2010Prop31
280
     0
102
RTVSPost2010PropOp31
 70
     1
102
RTVSPost2010Prop32
280
     0
102
RTVSPost2010PropOp32
 70
     1
102
RTVSPost2010Prop33
280
     0
102
RTVSPost2010PropOp33
 70
     1
102
RTVSPost2010Prop34
280
     0
102
RTVSPost2010PropOp34
 70
     1
102
RTVSPost2010Prop35
280
     0
102
RTVSPost2010PropOp35
 70
     1
102
RTVSPost2010Prop36
280
     0
102
RTVSPost2010PropOp36
 70
     1
102
RTVSPost2010Prop37
 90
       50
102
RTVSPost2010PropOp37
 70
     1
102
RTVSPost2010Prop38
140
0.0
102
RTVSPost2010PropOp38
 70
     1
102
RTVSPost2010Prop39
140
1.0
102
RTVSPost2010PropOp39
 70
     1
102
RTVSPost2010Prop40
 90
        0
102
RTVSPost2010PropOp40
 70
     1
102
RTVSPost2010Prop41ColorIndex
 90
       18
102
RTVSPost2010Prop41ColorRGB
 90
        0
102
RTVSPost2010PropOp41
 70
     1
102
RTVSPost2010Prop42
 90
       50
102
RTVSPost2010PropOp42
 70
     1
102
RTVSPost2010Prop43
 90
        3
102
RTVSPost2010PropOp43
 70
     1
102
RTVSPost2010Prop44ColorIndex
 90
        5
102
RTVSPost2010Prop44ColorRGB
 90
      255
102
RTVSPost2010PropOp44
 70
     1
102
RTVSPost2010Prop45
280
     0
102
RTVSPost2010PropOp45
 70
     1
102
RTVSPost2010Prop46
 90
       50
102
RTVSPost2010PropOp46
 70
     1
102
RTVSPost2010Prop47
 90
       50
102
RTVSPost2010PropOp47
 70
     1
102
RTVSPost2010Prop48
 90
       50
102
RTVSPost2010PropOp48
 70
     1
102
RTVSPost2010Prop49
280
     0
102
RTVSPost2010PropOp49
 70
     1
102
RTVSPost2010Prop50
 90
       50
102
RTVSPost2010PropOp50
 70
     1
102
RTVSPost2010Prop51ColorIndex
 90
      256
102
RTVSPost2010Prop51ColorRGB
 90
-16777216
102
RTVSPost2010PropOp51
 70
     0
102
RTVSPost2010Prop52
140
1.0
102
RTVSPost2010PropOp52
 70
     0
102
RTVSPost2010Prop53
 90
        2
102
RTVSPost2010PropOp53
 70
     1
102
RTVSPost2010Prop54
  1
strokes_ogs.tif
102
RTVSPost2010PropOp54
 70
     1
102
RTVSPost2010Prop55
280
     0
102
RTVSPost2010PropOp55
 70
     1
102
RTVSPost2010Prop56
140
1.0
102
RTVSPost2010PropOp56
 70
     1
102
RTVSPost2010Prop57
140
1.0
102
RTVSPost2010PropOp57
 70
     1
102
RTVSPropertyOp0
 70
     1
102
RTVSPropertyOp1
 70
     1
102
RTVSPropertyOp2
 70
     1
102
RTVSPropertyOp3
 70
     1
102
RTVSPropertyOp4
 70
     1
102
RTVSPropertyOp5
 70
     1
102
RTVSPropertyOp6
 70
     1
102
RTVSPropertyOp7
 70
     1
102
RTVSPropertyOp8
 70
     1
102
RTVSPropertyOp9
 70
     1
102
RTVSPropertyOp10
 70
     1
102
RTVSPropertyOp11
 70
     1
102
RTVSPropertyOp12
 70
     1
102
RTVSPropertyOp13
 70
     1
102
RTVSPropertyOp14
 70
     1
102
RTVSPropertyOp15
 70
     1
102
RTVSPropertyOp16
 70
     1
102
RTVSPropertyOp17
 70
     1
102
RTVSPropertyOp18
 70
     1
102
RTVSPropertyOp19
 70
     1
102
RTVSPropertyOp20
 70
     1
102
RTVSPropertyOp21
 70
     1
102
RTVSPropertyOp22
 70
     1
102
RTVSPropertyOp23
 70
     1
102
RTVSPropertyOp24
 70
     1
102
RTVSPropertyOp25
 70
     1
102
RTVSPropertyOp26
 70
     1
102
RTVSPropertyOp27
 70
     1
102
RTVSPropertyOp28
 70
     1
102
RTVSPropertyOp29
 70
     1
102
RTVSPropertyOp30
 70
     1
102
RTVSPropertyOp31
 70
     1
102
RTVSPropertyOp32
 70
     1
102
RTVSPropertyOp33
 70
     1
102
RTVSPropertyOp34
 70
     1
102
RTVSPropertyOp35
 70
     1
102
RTVSPropertyOp36
 70
     1
102
RTVSPropertyOp37
 70
     1
102
RTVSPropertyOp38
 70
     1
102
RTVSPropertyOp39
 70
     1
102
RTVSPropertyOp40
 70
     1
102
RTVSPropertyOp41
 70
     1
102
RTVSPropertyOp42
 70
     1
102
RTVSPropertyOp43
 70
     1
102
RTVSPropertyOp44
 70
     1
102
RTVSPropertyOp45
 70
     1
102
RTVSPropertyOp46
 70
     1
102
RTVSPropertyOp47
 70
     1
102
RTVSPropertyOp48
 70
     1
102
RTVSPropertyOp49
 70
     1
102
RTVSPropertyOp50
 70
     1
102
RTVSPropertyOp51
 70
     0
102
RTVSPropertyOp52
 70
     0
102
RTVSPropertyOp53
 70
     1
102
RTVSPropertyOp54
 70
     1
102
RTVSPropertyOp55
 70
     1
102
RTVSPropertyOp56
 70
     1
102
RTVSPropertyOp57
 70
     1
102
RTVSPropertyOp58
 70
     1
102
RTVSPropertyOp59
 70
     1
102
RTVSPropertyOp60
 70
     1
102
RTVSPropertyOp61
 70
     1
102
RTVSPropertyOp62
 70
     1
  0
XRECORD
  5
BEA
102
{ACAD_REACTORS
330
BE9
102
}
330
BE9
100
AcDbXrecord
280
     1
102
RTVSPost2010Prop28
280
     0
102
RTVSPost2010PropOp28
 70
     1
102
RTVSPost2010Prop29
280
     1
102
RTVSPost2010PropOp29
 70
     1
102
RTVSPost2010Prop30
280
     1
102
RTVSPost2010PropOp30
 70
     1
102
RTVSPost2010Prop31
280
     0
102
RTVSPost2010PropOp31
 70
     1
102
RTVSPost2010Prop32
280
     0
102
RTVSPost2010PropOp32
 70
     1
102
RTVSPost2010Prop33
280
     0
102
RTVSPost2010PropOp33
 70
     1
102
RTVSPost2010Prop34
280
     0
102
RTVSPost2010PropOp34
 70
     1
102
RTVSPost2010Prop35
280
     0
102
RTVSPost2010PropOp35
 70
     1
102
RTVSPost2010Prop36
280
     0
102
RTVSPost2010PropOp36
 70
     1
102
RTVSPost2010Prop37
 90
       50
102
RTVSPost2010PropOp37
 70
     0
102
RTVSPost2010Prop38
140
0.0
102
RTVSPost2010PropOp38
 70
     0
102
RTVSPost2010Prop39
140
1.0
102
RTVSPost2010PropOp39
 70
     0
102
RTVSPost2010Prop40
 90
        0
102
RTVSPost2010PropOp40
 70
     0
102
RTVSPost2010Prop41ColorIndex
 90
       18
102
RTVSPost2010Prop41ColorRGB
 90
        0
102
RTVSPost2010PropOp41
 70
     0
102
RTVSPost2010Prop42
 90
       50
102
RTVSPost2010PropOp42
 70
     0
102
RTVSPost2010Prop43
 90
        3
102
RTVSPost2010PropOp43
 70
     0
102
RTVSPost2010Prop44ColorIndex
 90
        5
102
RTVSPost2010Prop44ColorRGB
 90
      255
102
RTVSPost2010PropOp44
 70
     0
102
RTVSPost2010Prop45
280
     0
102
RTVSPost2010PropOp45
 70
     1
102
RTVSPost2010Prop46
 90
       50
102
RTVSPost2010PropOp46
 70
     0
102
RTVSPost2010Prop47
 90
       50
102
RTVSPost2010PropOp47
 70
     0
102
RTVSPost2010Prop48
 90
       50
102
RTVSPost2010PropOp48
 70
     0
102
RTVSPost2010Prop49
280
     0
102
RTVSPost2010PropOp49
 70
     1
102
RTVSPost2010Prop50
 90
       50
102
RTVSPost2010PropOp50
 70
     0
102
RTVSPost2010Prop51ColorIndex
 90
      256
102
RTVSPost2010Prop51ColorRGB
 90
-16777216
102
RTVSPost2010PropOp51
 70
     0
102
RTVSPost2010Prop52
140
1.0
102
RTVSPost2010PropOp52
 70
     0
102
RTVSPost2010Prop53
 90
        2
102
RTVSPost2010PropOp53
 70
     0
102
RTVSPost2010Prop54
  1
strokes_ogs.tif
102
RTVSPost2010PropOp54
 70
     0
102
RTVSPost2010Prop55
280
     0
102
RTVSPost2010PropOp55
 70
     1
102
RTVSPost2010Prop56
140
1.0
102
RTVSPost2010PropOp56
 70
     0
102
RTVSPost2010Prop57
140
1.0
102
RTVSPost2010PropOp57
 70
     0
102
RTVSPropertyOp0
 70
     0
102
RTVSPropertyOp1
 70
     0
102
RTVSPropertyOp2
 70
     0
102
RTVSPropertyOp3
 70
     0
102
RTVSPropertyOp4
 70
     0
102
RTVSPropertyOp5
 70
     0
102
RTVSPropertyOp6
 70
     0
102
RTVSPropertyOp7
 70
     0
102
RTVSPropertyOp8
 70
     0
102
RTVSPropertyOp9
 70
     0
102
RTVSPropertyOp10
 70
     0
102
RTVSPropertyOp11
 70
     0
102
RTVSPropertyOp12
 70
     0
102
RTVSPropertyOp13
 70
     0
102
RTVSPropertyOp14
 70
     2
102
RTVSPropertyOp15
 70
     0
102
RTVSPropertyOp16
 70
     0
102
RTVSPropertyOp17
 70
     0
102
RTVSPropertyOp18
 70
     0
102
RTVSPropertyOp19
 70
     0
102
RTVSPropertyOp20
 70
     0
102
RTVSPropertyOp21
 70
     0
102
RTVSPropertyOp22
 70
     0
102
RTVSPropertyOp23
 70
     0
102
RTVSPropertyOp24
 70
     0
102
RTVSPropertyOp25
 70
     0
102
RTVSPropertyOp26
 70
     0
102
RTVSPropertyOp27
 70
     0
102
RTVSPropertyOp28
 70
     1
102
RTVSPropertyOp29
 70
     1
102
RTVSPropertyOp30
 70
     1
102
RTVSPropertyOp31
 70
     1
102
RTVSPropertyOp32
 70
     1
102
RTVSPropertyOp33
 70
     1
102
RTVSPropertyOp34
 70
     1
102
RTVSPropertyOp35
 70
     1
102
RTVSPropertyOp36
 70
     1
102
RTVSPropertyOp37
 70
     0
102
RTVSPropertyOp38
 70
     0
102
RTVSPropertyOp39
 70
     0
102
RTVSPropertyOp40
 70
     0
102
RTVSPropertyOp41
 70
     0
102
RTVSPropertyOp42
 70
     0
102
RTVSPropertyOp43
 70
     0
102
RTVSPropertyOp44
 70
     0
102
RTVSPropertyOp45
 70
     1
102
RTVSPropertyOp46
 70
     0
102
RTVSPropertyOp47
 70
     0
102
RTVSPropertyOp48
 70
     0
102
RTVSPropertyOp49
 70
     1
102
RTVSPropertyOp50
 70
     0
102
RTVSPropertyOp51
 70
     0
102
RTVSPropertyOp52
 70
     0
102
RTVSPropertyOp53
 70
     0
102
RTVSPropertyOp54
 70
     0
102
RTVSPropertyOp55
 70
     1
102
RTVSPropertyOp56
 70
     0
102
RTVSPropertyOp57
 70
     0
102
RTVSPropertyOp58
 70
     0
102
RTVSPropertyOp59
 70
     0
102
RTVSPropertyOp60
 70
     0
102
RTVSPropertyOp61
 70
     0
102
RTVSPropertyOp62
 70
     0
  0
XRECORD
  5
BD0
102
{ACAD_REACTORS
330
BCF
102
}
330
BCF
100
AcDbXrecord
280
     1
102
RTVSPost2010Prop28
280
     0
102
RTVSPost2010PropOp28
 70
     1
102
RTVSPost2010Prop29
280
     1
102
RTVSPost2010PropOp29
 70
     1
102
RTVSPost2010Prop30
280
     1
102
RTVSPost2010PropOp30
 70
     1
102
RTVSPost2010Prop31
280
     0
102
RTVSPost2010PropOp31
 70
     1
102
RTVSPost2010Prop32
280
     0
102
RTVSPost2010PropOp32
 70
     1
102
RTVSPost2010Prop33
280
     0
102
RTVSPost2010PropOp33
 70
     1
102
RTVSPost2010Prop34
280
     0
102
RTVSPost2010PropOp34
 70
     1
102
RTVSPost2010Prop35
280
     0
102
RTVSPost2010PropOp35
 70
     1
102
RTVSPost2010Prop36
280
     0
102
RTVSPost2010PropOp36
 70
     1
102
RTVSPost2010Prop37
 90
       50
102
RTVSPost2010PropOp37
 70
     1
102
RTVSPost2010Prop38
140
0.0
102
RTVSPost2010PropOp38
 70
     1
102
RTVSPost2010Prop39
140
1.0
102
RTVSPost2010PropOp39
 70
     1
102
RTVSPost2010Prop40
 90
        0
102
RTVSPost2010PropOp40
 70
     1
102
RTVSPost2010Prop41ColorIndex
 90
       18
102
RTVSPost2010Prop41ColorRGB
 90
        0
102
RTVSPost2010PropOp41
 70
     1
102
RTVSPost2010Prop42
 90
       50
102
RTVSPost2010PropOp42
 70
     1
102
RTVSPost2010Prop43
 90
        3
102
RTVSPost2010PropOp43
 70
     1
102
RTVSPost2010Prop44ColorIndex
 90
        5
102
RTVSPost2010Prop44ColorRGB
 90
      255
102
RTVSPost2010PropOp44
 70
     1
102
RTVSPost2010Prop45
280
     0
102
RTVSPost2010PropOp45
 70
     1
102
RTVSPost2010Prop46
 90
       50
102
RTVSPost2010PropOp46
 70
     1
102
RTVSPost2010Prop47
 90
       50
102
RTVSPost2010PropOp47
 70
     1
102
RTVSPost2010Prop48
 90
       50
102
RTVSPost2010PropOp48
 70
     1
102
RTVSPost2010Prop49
280
     0
102
RTVSPost2010PropOp49
 70
     1
102
RTVSPost2010Prop50
 90
       50
102
RTVSPost2010PropOp50
 70
     1
102
RTVSPost2010Prop51ColorIndex
 90
      256
102
RTVSPost2010Prop51ColorRGB
 90
-16777216
102
RTVSPost2010PropOp51
 70
     0
102
RTVSPost2010Prop52
140
1.0
102
RTVSPost2010PropOp52
 70
     0
102
RTVSPost2010Prop53
 90
        2
102
RTVSPost2010PropOp53
 70
     1
102
RTVSPost2010Prop54
  1
strokes_ogs.tif
102
RTVSPost2010PropOp54
 70
     1
102
RTVSPost2010Prop55
280
     0
102
RTVSPost2010PropOp55
 70
     1
102
RTVSPost2010Prop56
140
1.0
102
RTVSPost2010PropOp56
 70
     1
102
RTVSPost2010Prop57
140
1.0
102
RTVSPost2010PropOp57
 70
     1
102
RTVSPropertyOp0
 70
     1
102
RTVSPropertyOp1
 70
     1
102
RTVSPropertyOp2
 70
     1
102
RTVSPropertyOp3
 70
     1
102
RTVSPropertyOp4
 70
     1
102
RTVSPropertyOp5
 70
     1
102
RTVSPropertyOp6
 70
     1
102
RTVSPropertyOp7
 70
     1
102
RTVSPropertyOp8
 70
     1
102
RTVSPropertyOp9
 70
     1
102
RTVSPropertyOp10
 70
     1
102
RTVSPropertyOp11
 70
     1
102
RTVSPropertyOp12
 70
     1
102
RTVSPropertyOp13
 70
     1
102
RTVSPropertyOp14
 70
     1
102
RTVSPropertyOp15
 70
     1
102
RTVSPropertyOp16
 70
     1
102
RTVSPropertyOp17
 70
     1
102
RTVSPropertyOp18
 70
     1
102
RTVSPropertyOp19
 70
     1
102
RTVSPropertyOp20
 70
     1
102
RTVSPropertyOp21
 70
     1
102
RTVSPropertyOp22
 70
     1
102
RTVSPropertyOp23
 70
     1
102
RTVSPropertyOp24
 70
     1
102
RTVSPropertyOp25
 70
     1
102
RTVSPropertyOp26
 70
     1
102
RTVSPropertyOp27
 70
     1
102
RTVSPropertyOp28
 70
     1
102
RTVSPropertyOp29
 70
     1
102
RTVSPropertyOp30
 70
     1
102
RTVSPropertyOp31
 70
     1
102
RTVSPropertyOp32
 70
     1
102
RTVSPropertyOp33
 70
     1
102
RTVSPropertyOp34
 70
     1
102
RTVSPropertyOp35
 70
     1
102
RTVSPropertyOp36
 70
     1
102
RTVSPropertyOp37
 70
     1
102
RTVSPropertyOp38
 70
     1
102
RTVSPropertyOp39
 70
     1
102
RTVSPropertyOp40
 70
     1
102
RTVSPropertyOp41
 70
     1
102
RTVSPropertyOp42
 70
     1
102
RTVSPropertyOp43
 70
     1
102
RTVSPropertyOp44
 70
     1
102
RTVSPropertyOp45
 70
     1
102
RTVSPropertyOp46
 70
     1
102
RTVSPropertyOp47
 70
     1
102
RTVSPropertyOp48
 70
     1
102
RTVSPropertyOp49
 70
     1
102
RTVSPropertyOp50
 70
     1
102
RTVSPropertyOp51
 70
     0
102
RTVSPropertyOp52
 70
     0
102
RTVSPropertyOp53
 70
     1
102
RTVSPropertyOp54
 70
     1
102
RTVSPropertyOp55
 70
     1
102
RTVSPropertyOp56
 70
     1
102
RTVSPropertyOp57
 70
     1
102
RTVSPropertyOp58
 70
     1
102
RTVSPropertyOp59
 70
     1
102
RTVSPropertyOp60
 70
     1
102
RTVSPropertyOp61
 70
     1
102
RTVSPropertyOp62
 70
     1
  0
XRECORD
  5
BE6
102
{ACAD_REACTORS
330
BE5
102
}
330
BE5
100
AcDbXrecord
280
     1
102
RTVSPost2010Prop28
280
     0
102
RTVSPost2010PropOp28
 70
     1
102
RTVSPost2010Prop29
280
     1
102
RTVSPost2010PropOp29
 70
     1
102
RTVSPost2010Prop30
280
     1
102
RTVSPost2010PropOp30
 70
     1
102
RTVSPost2010Prop31
280
     0
102
RTVSPost2010PropOp31
 70
     1
102
RTVSPost2010Prop32
280
     0
102
RTVSPost2010PropOp32
 70
     1
102
RTVSPost2010Prop33
280
     0
102
RTVSPost2010PropOp33
 70
     1
102
RTVSPost2010Prop34
280
     0
102
RTVSPost2010PropOp34
 70
     1
102
RTVSPost2010Prop35
280
     0
102
RTVSPost2010PropOp35
 70
     1
102
RTVSPost2010Prop36
280
     0
102
RTVSPost2010PropOp36
 70
     1
102
RTVSPost2010Prop37
 90
       50
102
RTVSPost2010PropOp37
 70
     1
102
RTVSPost2010Prop38
140
0.0
102
RTVSPost2010PropOp38
 70
     1
102
RTVSPost2010Prop39
140
1.0
102
RTVSPost2010PropOp39
 70
     1
102
RTVSPost2010Prop40
 90
        0
102
RTVSPost2010PropOp40
 70
     1
102
RTVSPost2010Prop41ColorIndex
 90
       18
102
RTVSPost2010Prop41ColorRGB
 90
        0
102
RTVSPost2010PropOp41
 70
     1
102
RTVSPost2010Prop42
 90
       50
102
RTVSPost2010PropOp42
 70
     1
102
RTVSPost2010Prop43
 90
        3
102
RTVSPost2010PropOp43
 70
     1
102
RTVSPost2010Prop44ColorIndex
 90
        5
102
RTVSPost2010Prop44ColorRGB
 90
      255
102
RTVSPost2010PropOp44
 70
     1
102
RTVSPost2010Prop45
280
     0
102
RTVSPost2010PropOp45
 70
     1
102
RTVSPost2010Prop46
 90
       50
102
RTVSPost2010PropOp46
 70
     1
102
RTVSPost2010Prop47
 90
       50
102
RTVSPost2010PropOp47
 70
     1
102
RTVSPost2010Prop48
 90
       50
102
RTVSPost2010PropOp48
 70
     1
102
RTVSPost2010Prop49
280
     0
102
RTVSPost2010PropOp49
 70
     1
102
RTVSPost2010Prop50
 90
       50
102
RTVSPost2010PropOp50
 70
     1
102
RTVSPost2010Prop51ColorIndex
 90
      256
102
RTVSPost2010Prop51ColorRGB
 90
-16777216
102
RTVSPost2010PropOp51
 70
     0
102
RTVSPost2010Prop52
140
1.0
102
RTVSPost2010PropOp52
 70
     0
102
RTVSPost2010Prop53
 90
        2
102
RTVSPost2010PropOp53
 70
     1
102
RTVSPost2010Prop54
  1
strokes_ogs.tif
102
RTVSPost2010PropOp54
 70
     1
102
RTVSPost2010Prop55
280
     0
102
RTVSPost2010PropOp55
 70
     1
102
RTVSPost2010Prop56
140
1.0
102
RTVSPost2010PropOp56
 70
     1
102
RTVSPost2010Prop57
140
1.0
102
RTVSPost2010PropOp57
 70
     1
102
RTVSPropertyOp0
 70
     1
102
RTVSPropertyOp1
 70
     1
102
RTVSPropertyOp2
 70
     1
102
RTVSPropertyOp3
 70
     1
102
RTVSPropertyOp4
 70
     1
102
RTVSPropertyOp5
 70
     1
102
RTVSPropertyOp6
 70
     1
102
RTVSPropertyOp7
 70
     1
102
RTVSPropertyOp8
 70
     1
102
RTVSPropertyOp9
 70
     1
102
RTVSPropertyOp10
 70
     1
102
RTVSPropertyOp11
 70
     1
102
RTVSPropertyOp12
 70
     1
102
RTVSPropertyOp13
 70
     1
102
RTVSPropertyOp14
 70
     1
102
RTVSPropertyOp15
 70
     1
102
RTVSPropertyOp16
 70
     1
102
RTVSPropertyOp17
 70
     1
102
RTVSPropertyOp18
 70
     1
102
RTVSPropertyOp19
 70
     1
102
RTVSPropertyOp20
 70
     1
102
RTVSPropertyOp21
 70
     1
102
RTVSPropertyOp22
 70
     1
102
RTVSPropertyOp23
 70
     1
102
RTVSPropertyOp24
 70
     1
102
RTVSPropertyOp25
 70
     1
102
RTVSPropertyOp26
 70
     1
102
RTVSPropertyOp27
 70
     1
102
RTVSPropertyOp28
 70
     1
102
RTVSPropertyOp29
 70
     1
102
RTVSPropertyOp30
 70
     1
102
RTVSPropertyOp31
 70
     1
102
RTVSPropertyOp32
 70
     1
102
RTVSPropertyOp33
 70
     1
102
RTVSPropertyOp34
 70
     1
102
RTVSPropertyOp35
 70
     1
102
RTVSPropertyOp36
 70
     1
102
RTVSPropertyOp37
 70
     1
102
RTVSPropertyOp38
 70
     1
102
RTVSPropertyOp39
 70
     1
102
RTVSPropertyOp40
 70
     1
102
RTVSPropertyOp41
 70
     1
102
RTVSPropertyOp42
 70
     1
102
RTVSPropertyOp43
 70
     1
102
RTVSPropertyOp44
 70
     1
102
RTVSPropertyOp45
 70
     1
102
RTVSPropertyOp46
 70
     1
102
RTVSPropertyOp47
 70
     1
102
RTVSPropertyOp48
 70
     1
102
RTVSPropertyOp49
 70
     1
102
RTVSPropertyOp50
 70
     1
102
RTVSPropertyOp51
 70
     0
102
RTVSPropertyOp52
 70
     0
102
RTVSPropertyOp53
 70
     1
102
RTVSPropertyOp54
 70
     1
102
RTVSPropertyOp55
 70
     1
102
RTVSPropertyOp56
 70
     1
102
RTVSPropertyOp57
 70
     1
102
RTVSPropertyOp58
 70
     1
102
RTVSPropertyOp59
 70
     1
102
RTVSPropertyOp60
 70
     1
102
RTVSPropertyOp61
 70
     1
102
RTVSPropertyOp62
 70
     1
  0
XRECORD
  5
BE4
102
{ACAD_REACTORS
330
BE3
102
}
330
BE3
100
AcDbXrecord
280
     1
102
RTVSPost2010Prop28
280
     0
102
RTVSPost2010PropOp28
 70
     1
102
RTVSPost2010Prop29
280
     1
102
RTVSPost2010PropOp29
 70
     1
102
RTVSPost2010Prop30
280
     1
102
RTVSPost2010PropOp30
 70
     1
102
RTVSPost2010Prop31
280
     0
102
RTVSPost2010PropOp31
 70
     1
102
RTVSPost2010Prop32
280
     0
102
RTVSPost2010PropOp32
 70
     1
102
RTVSPost2010Prop33
280
     0
102
RTVSPost2010PropOp33
 70
     1
102
RTVSPost2010Prop34
280
     0
102
RTVSPost2010PropOp34
 70
     1
102
RTVSPost2010Prop35
280
     0
102
RTVSPost2010PropOp35
 70
     1
102
RTVSPost2010Prop36
280
     0
102
RTVSPost2010PropOp36
 70
     1
102
RTVSPost2010Prop37
 90
       50
102
RTVSPost2010PropOp37
 70
     1
102
RTVSPost2010Prop38
140
0.0
102
RTVSPost2010PropOp38
 70
     1
102
RTVSPost2010Prop39
140
1.0
102
RTVSPost2010PropOp39
 70
     1
102
RTVSPost2010Prop40
 90
        0
102
RTVSPost2010PropOp40
 70
     1
102
RTVSPost2010Prop41ColorIndex
 90
       18
102
RTVSPost2010Prop41ColorRGB
 90
        0
102
RTVSPost2010PropOp41
 70
     1
102
RTVSPost2010Prop42
 90
       50
102
RTVSPost2010PropOp42
 70
     1
102
RTVSPost2010Prop43
 90
        3
102
RTVSPost2010PropOp43
 70
     1
102
RTVSPost2010Prop44ColorIndex
 90
        5
102
RTVSPost2010Prop44ColorRGB
 90
      255
102
RTVSPost2010PropOp44
 70
     1
102
RTVSPost2010Prop45
280
     0
102
RTVSPost2010PropOp45
 70
     1
102
RTVSPost2010Prop46
 90
       50
102
RTVSPost2010PropOp46
 70
     1
102
RTVSPost2010Prop47
 90
       50
102
RTVSPost2010PropOp47
 70
     1
102
RTVSPost2010Prop48
 90
       50
102
RTVSPost2010PropOp48
 70
     1
102
RTVSPost2010Prop49
280
     0
102
RTVSPost2010PropOp49
 70
     1
102
RTVSPost2010Prop50
 90
       50
102
RTVSPost2010PropOp50
 70
     1
102
RTVSPost2010Prop51ColorIndex
 90
      256
102
RTVSPost2010Prop51ColorRGB
 90
-16777216
102
RTVSPost2010PropOp51
 70
     0
102
RTVSPost2010Prop52
140
1.0
102
RTVSPost2010PropOp52
 70
     0
102
RTVSPost2010Prop53
 90
        2
102
RTVSPost2010PropOp53
 70
     1
102
RTVSPost2010Prop54
  1
strokes_ogs.tif
102
RTVSPost2010PropOp54
 70
     1
102
RTVSPost2010Prop55
280
     0
102
RTVSPost2010PropOp55
 70
     1
102
RTVSPost2010Prop56
140
1.0
102
RTVSPost2010PropOp56
 70
     1
102
RTVSPost2010Prop57
140
1.0
102
RTVSPost2010PropOp57
 70
     1
102
RTVSPropertyOp0
 70
     1
102
RTVSPropertyOp1
 70
     1
102
RTVSPropertyOp2
 70
     1
102
RTVSPropertyOp3
 70
     1
102
RTVSPropertyOp4
 70
     1
102
RTVSPropertyOp5
 70
     1
102
RTVSPropertyOp6
 70
     1
102
RTVSPropertyOp7
 70
     1
102
RTVSPropertyOp8
 70
     1
102
RTVSPropertyOp9
 70
     1
102
RTVSPropertyOp10
 70
     1
102
RTVSPropertyOp11
 70
     1
102
RTVSPropertyOp12
 70
     1
102
RTVSPropertyOp13
 70
     1
102
RTVSPropertyOp14
 70
     1
102
RTVSPropertyOp15
 70
     1
102
RTVSPropertyOp16
 70
     1
102
RTVSPropertyOp17
 70
     1
102
RTVSPropertyOp18
 70
     1
102
RTVSPropertyOp19
 70
     1
102
RTVSPropertyOp20
 70
     1
102
RTVSPropertyOp21
 70
     1
102
RTVSPropertyOp22
 70
     1
102
RTVSPropertyOp23
 70
     1
102
RTVSPropertyOp24
 70
     1
102
RTVSPropertyOp25
 70
     1
102
RTVSPropertyOp26
 70
     1
102
RTVSPropertyOp27
 70
     1
102
RTVSPropertyOp28
 70
     1
102
RTVSPropertyOp29
 70
     1
102
RTVSPropertyOp30
 70
     1
102
RTVSPropertyOp31
 70
     1
102
RTVSPropertyOp32
 70
     1
102
RTVSPropertyOp33
 70
     1
102
RTVSPropertyOp34
 70
     1
102
RTVSPropertyOp35
 70
     1
102
RTVSPropertyOp36
 70
     1
102
RTVSPropertyOp37
 70
     1
102
RTVSPropertyOp38
 70
     1
102
RTVSPropertyOp39
 70
     1
102
RTVSPropertyOp40
 70
     1
102
RTVSPropertyOp41
 70
     1
102
RTVSPropertyOp42
 70
     1
102
RTVSPropertyOp43
 70
     1
102
RTVSPropertyOp44
 70
     1
102
RTVSPropertyOp45
 70
     1
102
RTVSPropertyOp46
 70
     1
102
RTVSPropertyOp47
 70
     1
102
RTVSPropertyOp48
 70
     1
102
RTVSPropertyOp49
 70
     1
102
RTVSPropertyOp50
 70
     1
102
RTVSPropertyOp51
 70
     0
102
RTVSPropertyOp52
 70
     0
102
RTVSPropertyOp53
 70
     1
102
RTVSPropertyOp54
 70
     1
102
RTVSPropertyOp55
 70
     1
102
RTVSPropertyOp56
 70
     1
102
RTVSPropertyOp57
 70
     1
102
RTVSPropertyOp58
 70
     1
102
RTVSPropertyOp59
 70
     1
102
RTVSPropertyOp60
 70
     1
102
RTVSPropertyOp61
 70
     1
102
RTVSPropertyOp62
 70
     1
  0
XRECORD
  5
BDE
102
{ACAD_REACTORS
330
BDD
102
}
330
BDD
100
AcDbXrecord
280
     1
102
RTVSPost2010Prop28
280
     0
102
RTVSPost2010PropOp28
 70
     1
102
RTVSPost2010Prop29
280
     1
102
RTVSPost2010PropOp29
 70
     1
102
RTVSPost2010Prop30
280
     1
102
RTVSPost2010PropOp30
 70
     1
102
RTVSPost2010Prop31
280
     0
102
RTVSPost2010PropOp31
 70
     1
102
RTVSPost2010Prop32
280
     0
102
RTVSPost2010PropOp32
 70
     1
102
RTVSPost2010Prop33
280
     0
102
RTVSPost2010PropOp33
 70
     1
102
RTVSPost2010Prop34
280
     0
102
RTVSPost2010PropOp34
 70
     1
102
RTVSPost2010Prop35
280
     0
102
RTVSPost2010PropOp35
 70
     1
102
RTVSPost2010Prop36
280
     0
102
RTVSPost2010PropOp36
 70
     1
102
RTVSPost2010Prop37
 90
       50
102
RTVSPost2010PropOp37
 70
     1
102
RTVSPost2010Prop38
140
0.0
102
RTVSPost2010PropOp38
 70
     1
102
RTVSPost2010Prop39
140
1.0
102
RTVSPost2010PropOp39
 70
     1
102
RTVSPost2010Prop40
 90
        0
102
RTVSPost2010PropOp40
 70
     1
102
RTVSPost2010Prop41ColorIndex
 90
       18
102
RTVSPost2010Prop41ColorRGB
 90
        0
102
RTVSPost2010PropOp41
 70
     1
102
RTVSPost2010Prop42
 90
       50
102
RTVSPost2010PropOp42
 70
     1
102
RTVSPost2010Prop43
 90
        3
102
RTVSPost2010PropOp43
 70
     1
102
RTVSPost2010Prop44ColorIndex
 90
        5
102
RTVSPost2010Prop44ColorRGB
 90
      255
102
RTVSPost2010PropOp44
 70
     1
102
RTVSPost2010Prop45
280
     0
102
RTVSPost2010PropOp45
 70
     1
102
RTVSPost2010Prop46
 90
       50
102
RTVSPost2010PropOp46
 70
     1
102
RTVSPost2010Prop47
 90
       50
102
RTVSPost2010PropOp47
 70
     1
102
RTVSPost2010Prop48
 90
       50
102
RTVSPost2010PropOp48
 70
     1
102
RTVSPost2010Prop49
280
     0
102
RTVSPost2010PropOp49
 70
     1
102
RTVSPost2010Prop50
 90
       50
102
RTVSPost2010PropOp50
 70
     1
102
RTVSPost2010Prop51ColorIndex
 90
      256
102
RTVSPost2010Prop51ColorRGB
 90
-16777216
102
RTVSPost2010PropOp51
 70
     0
102
RTVSPost2010Prop52
140
1.0
102
RTVSPost2010PropOp52
 70
     0
102
RTVSPost2010Prop53
 90
        2
102
RTVSPost2010PropOp53
 70
     1
102
RTVSPost2010Prop54
  1
strokes_ogs.tif
102
RTVSPost2010PropOp54
 70
     1
102
RTVSPost2010Prop55
280
     0
102
RTVSPost2010PropOp55
 70
     1
102
RTVSPost2010Prop56
140
1.0
102
RTVSPost2010PropOp56
 70
     1
102
RTVSPost2010Prop57
140
1.0
102
RTVSPost2010PropOp57
 70
     1
102
RTVSPropertyOp0
 70
     1
102
RTVSPropertyOp1
 70
     1
102
RTVSPropertyOp2
 70
     1
102
RTVSPropertyOp3
 70
     1
102
RTVSPropertyOp4
 70
     1
102
RTVSPropertyOp5
 70
     1
102
RTVSPropertyOp6
 70
     1
102
RTVSPropertyOp7
 70
     1
102
RTVSPropertyOp8
 70
     1
102
RTVSPropertyOp9
 70
     1
102
RTVSPropertyOp10
 70
     1
102
RTVSPropertyOp11
 70
     1
102
RTVSPropertyOp12
 70
     1
102
RTVSPropertyOp13
 70
     1
102
RTVSPropertyOp14
 70
     1
102
RTVSPropertyOp15
 70
     1
102
RTVSPropertyOp16
 70
     1
102
RTVSPropertyOp17
 70
     1
102
RTVSPropertyOp18
 70
     1
102
RTVSPropertyOp19
 70
     1
102
RTVSPropertyOp20
 70
     1
102
RTVSPropertyOp21
 70
     1
102
RTVSPropertyOp22
 70
     1
102
RTVSPropertyOp23
 70
     1
102
RTVSPropertyOp24
 70
     1
102
RTVSPropertyOp25
 70
     1
102
RTVSPropertyOp26
 70
     1
102
RTVSPropertyOp27
 70
     1
102
RTVSPropertyOp28
 70
     1
102
RTVSPropertyOp29
 70
     1
102
RTVSPropertyOp30
 70
     1
102
RTVSPropertyOp31
 70
     1
102
RTVSPropertyOp32
 70
     1
102
RTVSPropertyOp33
 70
     1
102
RTVSPropertyOp34
 70
     1
102
RTVSPropertyOp35
 70
     1
102
RTVSPropertyOp36
 70
     1
102
RTVSPropertyOp37
 70
     1
102
RTVSPropertyOp38
 70
     1
102
RTVSPropertyOp39
 70
     1
102
RTVSPropertyOp40
 70
     1
102
RTVSPropertyOp41
 70
     1
102
RTVSPropertyOp42
 70
     1
102
RTVSPropertyOp43
 70
     1
102
RTVSPropertyOp44
 70
     1
102
RTVSPropertyOp45
 70
     1
102
RTVSPropertyOp46
 70
     1
102
RTVSPropertyOp47
 70
     1
102
RTVSPropertyOp48
 70
     1
102
RTVSPropertyOp49
 70
     1
102
RTVSPropertyOp50
 70
     1
102
RTVSPropertyOp51
 70
     0
102
RTVSPropertyOp52
 70
     0
102
RTVSPropertyOp53
 70
     1
102
RTVSPropertyOp54
 70
     1
102
RTVSPropertyOp55
 70
     1
102
RTVSPropertyOp56
 70
     1
102
RTVSPropertyOp57
 70
     1
102
RTVSPropertyOp58
 70
     1
102
RTVSPropertyOp59
 70
     1
102
RTVSPropertyOp60
 70
     1
102
RTVSPropertyOp61
 70
     1
102
RTVSPropertyOp62
 70
     1
  0
XRECORD
  5
BE0
102
{ACAD_REACTORS
330
BDF
102
}
330
BDF
100
AcDbXrecord
280
     1
102
RTVSPost2010Prop28
280
     0
102
RTVSPost2010PropOp28
 70
     1
102
RTVSPost2010Prop29
280
     1
102
RTVSPost2010PropOp29
 70
     1
102
RTVSPost2010Prop30
280
     1
102
RTVSPost2010PropOp30
 70
     1
102
RTVSPost2010Prop31
280
     0
102
RTVSPost2010PropOp31
 70
     1
102
RTVSPost2010Prop32
280
     0
102
RTVSPost2010PropOp32
 70
     1
102
RTVSPost2010Prop33
280
     0
102
RTVSPost2010PropOp33
 70
     1
102
RTVSPost2010Prop34
280
     0
102
RTVSPost2010PropOp34
 70
     1
102
RTVSPost2010Prop35
280
     0
102
RTVSPost2010PropOp35
 70
     1
102
RTVSPost2010Prop36
280
     0
102
RTVSPost2010PropOp36
 70
     1
102
RTVSPost2010Prop37
 90
       50
102
RTVSPost2010PropOp37
 70
     1
102
RTVSPost2010Prop38
140
0.0
102
RTVSPost2010PropOp38
 70
     1
102
RTVSPost2010Prop39
140
1.0
102
RTVSPost2010PropOp39
 70
     1
102
RTVSPost2010Prop40
 90
        0
102
RTVSPost2010PropOp40
 70
     1
102
RTVSPost2010Prop41ColorIndex
 90
       18
102
RTVSPost2010Prop41ColorRGB
 90
        0
102
RTVSPost2010PropOp41
 70
     1
102
RTVSPost2010Prop42
 90
       50
102
RTVSPost2010PropOp42
 70
     1
102
RTVSPost2010Prop43
 90
        3
102
RTVSPost2010PropOp43
 70
     1
102
RTVSPost2010Prop44ColorIndex
 90
        5
102
RTVSPost2010Prop44ColorRGB
 90
      255
102
RTVSPost2010PropOp44
 70
     1
102
RTVSPost2010Prop45
280
     0
102
RTVSPost2010PropOp45
 70
     1
102
RTVSPost2010Prop46
 90
       50
102
RTVSPost2010PropOp46
 70
     1
102
RTVSPost2010Prop47
 90
       50
102
RTVSPost2010PropOp47
 70
     1
102
RTVSPost2010Prop48
 90
       50
102
RTVSPost2010PropOp48
 70
     1
102
RTVSPost2010Prop49
280
     0
102
RTVSPost2010PropOp49
 70
     1
102
RTVSPost2010Prop50
 90
       50
102
RTVSPost2010PropOp50
 70
     1
102
RTVSPost2010Prop51ColorIndex
 90
      256
102
RTVSPost2010Prop51ColorRGB
 90
-16777216
102
RTVSPost2010PropOp51
 70
     0
102
RTVSPost2010Prop52
140
1.0
102
RTVSPost2010PropOp52
 70
     0
102
RTVSPost2010Prop53
 90
        2
102
RTVSPost2010PropOp53
 70
     1
102
RTVSPost2010Prop54
  1
strokes_ogs.tif
102
RTVSPost2010PropOp54
 70
     1
102
RTVSPost2010Prop55
280
     0
102
RTVSPost2010PropOp55
 70
     1
102
RTVSPost2010Prop56
140
1.0
102
RTVSPost2010PropOp56
 70
     1
102
RTVSPost2010Prop57
140
1.0
102
RTVSPost2010PropOp57
 70
     1
102
RTVSPropertyOp0
 70
     1
102
RTVSPropertyOp1
 70
     1
102
RTVSPropertyOp2
 70
     1
102
RTVSPropertyOp3
 70
     1
102
RTVSPropertyOp4
 70
     1
102
RTVSPropertyOp5
 70
     1
102
RTVSPropertyOp6
 70
     1
102
RTVSPropertyOp7
 70
     1
102
RTVSPropertyOp8
 70
     1
102
RTVSPropertyOp9
 70
     1
102
RTVSPropertyOp10
 70
     1
102
RTVSPropertyOp11
 70
     1
102
RTVSPropertyOp12
 70
     1
102
RTVSPropertyOp13
 70
     1
102
RTVSPropertyOp14
 70
     1
102
RTVSPropertyOp15
 70
     1
102
RTVSPropertyOp16
 70
     1
102
RTVSPropertyOp17
 70
     1
102
RTVSPropertyOp18
 70
     1
102
RTVSPropertyOp19
 70
     1
102
RTVSPropertyOp20
 70
     1
102
RTVSPropertyOp21
 70
     1
102
RTVSPropertyOp22
 70
     1
102
RTVSPropertyOp23
 70
     1
102
RTVSPropertyOp24
 70
     1
102
RTVSPropertyOp25
 70
     1
102
RTVSPropertyOp26
 70
     1
102
RTVSPropertyOp27
 70
     1
102
RTVSPropertyOp28
 70
     1
102
RTVSPropertyOp29
 70
     1
102
RTVSPropertyOp30
 70
     1
102
RTVSPropertyOp31
 70
     1
102
RTVSPropertyOp32
 70
     1
102
RTVSPropertyOp33
 70
     1
102
RTVSPropertyOp34
 70
     1
102
RTVSPropertyOp35
 70
     1
102
RTVSPropertyOp36
 70
     1
102
RTVSPropertyOp37
 70
     1
102
RTVSPropertyOp38
 70
     1
102
RTVSPropertyOp39
 70
     1
102
RTVSPropertyOp40
 70
     1
102
RTVSPropertyOp41
 70
     1
102
RTVSPropertyOp42
 70
     1
102
RTVSPropertyOp43
 70
     1
102
RTVSPropertyOp44
 70
     1
102
RTVSPropertyOp45
 70
     1
102
RTVSPropertyOp46
 70
     1
102
RTVSPropertyOp47
 70
     1
102
RTVSPropertyOp48
 70
     1
102
RTVSPropertyOp49
 70
     1
102
RTVSPropertyOp50
 70
     1
102
RTVSPropertyOp51
 70
     0
102
RTVSPropertyOp52
 70
     0
102
RTVSPropertyOp53
 70
     1
102
RTVSPropertyOp54
 70
     1
102
RTVSPropertyOp55
 70
     1
102
RTVSPropertyOp56
 70
     1
102
RTVSPropertyOp57
 70
     1
102
RTVSPropertyOp58
 70
     1
102
RTVSPropertyOp59
 70
     1
102
RTVSPropertyOp60
 70
     1
102
RTVSPropertyOp61
 70
     1
102
RTVSPropertyOp62
 70
     1
  0
XRECORD
  5
BD6
102
{ACAD_REACTORS
330
BD5
102
}
330
BD5
100
AcDbXrecord
280
     1
102
RTVSPost2010Prop28
280
     0
102
RTVSPost2010PropOp28
 70
     1
102
RTVSPost2010Prop29
280
     1
102
RTVSPost2010PropOp29
 70
     1
102
RTVSPost2010Prop30
280
     1
102
RTVSPost2010PropOp30
 70
     1
102
RTVSPost2010Prop31
280
     0
102
RTVSPost2010PropOp31
 70
     1
102
RTVSPost2010Prop32
280
     0
102
RTVSPost2010PropOp32
 70
     1
102
RTVSPost2010Prop33
280
     0
102
RTVSPost2010PropOp33
 70
     1
102
RTVSPost2010Prop34
280
     0
102
RTVSPost2010PropOp34
 70
     1
102
RTVSPost2010Prop35
280
     0
102
RTVSPost2010PropOp35
 70
     1
102
RTVSPost2010Prop36
280
     0
102
RTVSPost2010PropOp36
 70
     1
102
RTVSPost2010Prop37
 90
       50
102
RTVSPost2010PropOp37
 70
     1
102
RTVSPost2010Prop38
140
0.0
102
RTVSPost2010PropOp38
 70
     1
102
RTVSPost2010Prop39
140
1.0
102
RTVSPost2010PropOp39
 70
     1
102
RTVSPost2010Prop40
 90
        0
102
RTVSPost2010PropOp40
 70
     1
102
RTVSPost2010Prop41ColorIndex
 90
       18
102
RTVSPost2010Prop41ColorRGB
 90
        0
102
RTVSPost2010PropOp41
 70
     1
102
RTVSPost2010Prop42
 90
       50
102
RTVSPost2010PropOp42
 70
     1
102
RTVSPost2010Prop43
 90
        3
102
RTVSPost2010PropOp43
 70
     1
102
RTVSPost2010Prop44ColorIndex
 90
        5
102
RTVSPost2010Prop44ColorRGB
 90
      255
102
RTVSPost2010PropOp44
 70
     1
102
RTVSPost2010Prop45
280
     0
102
RTVSPost2010PropOp45
 70
     1
102
RTVSPost2010Prop46
 90
       50
102
RTVSPost2010PropOp46
 70
     1
102
RTVSPost2010Prop47
 90
       50
102
RTVSPost2010PropOp47
 70
     1
102
RTVSPost2010Prop48
 90
       50
102
RTVSPost2010PropOp48
 70
     1
102
RTVSPost2010Prop49
280
     0
102
RTVSPost2010PropOp49
 70
     1
102
RTVSPost2010Prop50
 90
       50
102
RTVSPost2010PropOp50
 70
     1
102
RTVSPost2010Prop51ColorIndex
 90
      256
102
RTVSPost2010Prop51ColorRGB
 90
-16777216
102
RTVSPost2010PropOp51
 70
     0
102
RTVSPost2010Prop52
140
1.0
102
RTVSPost2010PropOp52
 70
     0
102
RTVSPost2010Prop53
 90
        2
102
RTVSPost2010PropOp53
 70
     1
102
RTVSPost2010Prop54
  1
strokes_ogs.tif
102
RTVSPost2010PropOp54
 70
     1
102
RTVSPost2010Prop55
280
     0
102
RTVSPost2010PropOp55
 70
     1
102
RTVSPost2010Prop56
140
1.0
102
RTVSPost2010PropOp56
 70
     1
102
RTVSPost2010Prop57
140
1.0
102
RTVSPost2010PropOp57
 70
     1
102
RTVSPropertyOp0
 70
     1
102
RTVSPropertyOp1
 70
     1
102
RTVSPropertyOp2
 70
     1
102
RTVSPropertyOp3
 70
     1
102
RTVSPropertyOp4
 70
     1
102
RTVSPropertyOp5
 70
     1
102
RTVSPropertyOp6
 70
     1
102
RTVSPropertyOp7
 70
     1
102
RTVSPropertyOp8
 70
     1
102
RTVSPropertyOp9
 70
     1
102
RTVSPropertyOp10
 70
     1
102
RTVSPropertyOp11
 70
     1
102
RTVSPropertyOp12
 70
     1
102
RTVSPropertyOp13
 70
     1
102
RTVSPropertyOp14
 70
     1
102
RTVSPropertyOp15
 70
     1
102
RTVSPropertyOp16
 70
     1
102
RTVSPropertyOp17
 70
     1
102
RTVSPropertyOp18
 70
     1
102
RTVSPropertyOp19
 70
     1
102
RTVSPropertyOp20
 70
     1
102
RTVSPropertyOp21
 70
     1
102
RTVSPropertyOp22
 70
     1
102
RTVSPropertyOp23
 70
     1
102
RTVSPropertyOp24
 70
     1
102
RTVSPropertyOp25
 70
     1
102
RTVSPropertyOp26
 70
     1
102
RTVSPropertyOp27
 70
     1
102
RTVSPropertyOp28
 70
     1
102
RTVSPropertyOp29
 70
     1
102
RTVSPropertyOp30
 70
     1
102
RTVSPropertyOp31
 70
     1
102
RTVSPropertyOp32
 70
     1
102
RTVSPropertyOp33
 70
     1
102
RTVSPropertyOp34
 70
     1
102
RTVSPropertyOp35
 70
     1
102
RTVSPropertyOp36
 70
     1
102
RTVSPropertyOp37
 70
     1
102
RTVSPropertyOp38
 70
     1
102
RTVSPropertyOp39
 70
     1
102
RTVSPropertyOp40
 70
     1
102
RTVSPropertyOp41
 70
     1
102
RTVSPropertyOp42
 70
     1
102
RTVSPropertyOp43
 70
     1
102
RTVSPropertyOp44
 70
     1
102
RTVSPropertyOp45
 70
     1
102
RTVSPropertyOp46
 70
     1
102
RTVSPropertyOp47
 70
     1
102
RTVSPropertyOp48
 70
     1
102
RTVSPropertyOp49
 70
     1
102
RTVSPropertyOp50
 70
     1
102
RTVSPropertyOp51
 70
     0
102
RTVSPropertyOp52
 70
     0
102
RTVSPropertyOp53
 70
     1
102
RTVSPropertyOp54
 70
     1
102
RTVSPropertyOp55
 70
     1
102
RTVSPropertyOp56
 70
     1
102
RTVSPropertyOp57
 70
     1
102
RTVSPropertyOp58
 70
     1
102
RTVSPropertyOp59
 70
     1
102
RTVSPropertyOp60
 70
     1
102
RTVSPropertyOp61
 70
     1
102
RTVSPropertyOp62
 70
     1
  0
XRECORD
  5
BCA
102
{ACAD_REACTORS
330
BC9
102
}
330
BC9
100
AcDbXrecord
280
     1
102
RTVSPost2010Prop28
280
     0
102
RTVSPost2010PropOp28
 70
     1
102
RTVSPost2010Prop29
280
     1
102
RTVSPost2010PropOp29
 70
     1
102
RTVSPost2010Prop30
280
     1
102
RTVSPost2010PropOp30
 70
     1
102
RTVSPost2010Prop31
280
     0
102
RTVSPost2010PropOp31
 70
     1
102
RTVSPost2010Prop32
280
     0
102
RTVSPost2010PropOp32
 70
     1
102
RTVSPost2010Prop33
280
     0
102
RTVSPost2010PropOp33
 70
     1
102
RTVSPost2010Prop34
280
     0
102
RTVSPost2010PropOp34
 70
     1
102
RTVSPost2010Prop35
280
     0
102
RTVSPost2010PropOp35
 70
     1
102
RTVSPost2010Prop36
280
     0
102
RTVSPost2010PropOp36
 70
     1
102
RTVSPost2010Prop37
 90
       50
102
RTVSPost2010PropOp37
 70
     1
102
RTVSPost2010Prop38
140
0.0
102
RTVSPost2010PropOp38
 70
     1
102
RTVSPost2010Prop39
140
1.0
102
RTVSPost2010PropOp39
 70
     1
102
RTVSPost2010Prop40
 90
        0
102
RTVSPost2010PropOp40
 70
     1
102
RTVSPost2010Prop41ColorIndex
 90
       18
102
RTVSPost2010Prop41ColorRGB
 90
        0
102
RTVSPost2010PropOp41
 70
     1
102
RTVSPost2010Prop42
 90
       50
102
RTVSPost2010PropOp42
 70
     1
102
RTVSPost2010Prop43
 90
        3
102
RTVSPost2010PropOp43
 70
     1
102
RTVSPost2010Prop44ColorIndex
 90
        5
102
RTVSPost2010Prop44ColorRGB
 90
      255
102
RTVSPost2010PropOp44
 70
     1
102
RTVSPost2010Prop45
280
     0
102
RTVSPost2010PropOp45
 70
     1
102
RTVSPost2010Prop46
 90
       50
102
RTVSPost2010PropOp46
 70
     1
102
RTVSPost2010Prop47
 90
       50
102
RTVSPost2010PropOp47
 70
     1
102
RTVSPost2010Prop48
 90
       50
102
RTVSPost2010PropOp48
 70
     1
102
RTVSPost2010Prop49
280
     0
102
RTVSPost2010PropOp49
 70
     1
102
RTVSPost2010Prop50
 90
       50
102
RTVSPost2010PropOp50
 70
     1
102
RTVSPost2010Prop51ColorIndex
 90
      256
102
RTVSPost2010Prop51ColorRGB
 90
-16777216
102
RTVSPost2010PropOp51
 70
     0
102
RTVSPost2010Prop52
140
1.0
102
RTVSPost2010PropOp52
 70
     0
102
RTVSPost2010Prop53
 90
        2
102
RTVSPost2010PropOp53
 70
     1
102
RTVSPost2010Prop54
  1
strokes_ogs.tif
102
RTVSPost2010PropOp54
 70
     1
102
RTVSPost2010Prop55
280
     0
102
RTVSPost2010PropOp55
 70
     1
102
RTVSPost2010Prop56
140
1.0
102
RTVSPost2010PropOp56
 70
     1
102
RTVSPost2010Prop57
140
1.0
102
RTVSPost2010PropOp57
 70
     1
102
RTVSPropertyOp0
 70
     1
102
RTVSPropertyOp1
 70
     1
102
RTVSPropertyOp2
 70
     1
102
RTVSPropertyOp3
 70
     1
102
RTVSPropertyOp4
 70
     1
102
RTVSPropertyOp5
 70
     1
102
RTVSPropertyOp6
 70
     1
102
RTVSPropertyOp7
 70
     1
102
RTVSPropertyOp8
 70
     1
102
RTVSPropertyOp9
 70
     1
102
RTVSPropertyOp10
 70
     1
102
RTVSPropertyOp11
 70
     1
102
RTVSPropertyOp12
 70
     1
102
RTVSPropertyOp13
 70
     1
102
RTVSPropertyOp14
 70
     1
102
RTVSPropertyOp15
 70
     1
102
RTVSPropertyOp16
 70
     1
102
RTVSPropertyOp17
 70
     1
102
RTVSPropertyOp18
 70
     1
102
RTVSPropertyOp19
 70
     1
102
RTVSPropertyOp20
 70
     1
102
RTVSPropertyOp21
 70
     1
102
RTVSPropertyOp22
 70
     1
102
RTVSPropertyOp23
 70
     1
102
RTVSPropertyOp24
 70
     1
102
RTVSPropertyOp25
 70
     1
102
RTVSPropertyOp26
 70
     1
102
RTVSPropertyOp27
 70
     1
102
RTVSPropertyOp28
 70
     1
102
RTVSPropertyOp29
 70
     1
102
RTVSPropertyOp30
 70
     1
102
RTVSPropertyOp31
 70
     1
102
RTVSPropertyOp32
 70
     1
102
RTVSPropertyOp33
 70
     1
102
RTVSPropertyOp34
 70
     1
102
RTVSPropertyOp35
 70
     1
102
RTVSPropertyOp36
 70
     1
102
RTVSPropertyOp37
 70
     1
102
RTVSPropertyOp38
 70
     1
102
RTVSPropertyOp39
 70
     1
102
RTVSPropertyOp40
 70
     1
102
RTVSPropertyOp41
 70
     1
102
RTVSPropertyOp42
 70
     1
102
RTVSPropertyOp43
 70
     1
102
RTVSPropertyOp44
 70
     1
102
RTVSPropertyOp45
 70
     1
102
RTVSPropertyOp46
 70
     1
102
RTVSPropertyOp47
 70
     1
102
RTVSPropertyOp48
 70
     1
102
RTVSPropertyOp49
 70
     1
102
RTVSPropertyOp50
 70
     1
102
RTVSPropertyOp51
 70
     0
102
RTVSPropertyOp52
 70
     0
102
RTVSPropertyOp53
 70
     1
102
RTVSPropertyOp54
 70
     1
102
RTVSPropertyOp55
 70
     1
102
RTVSPropertyOp56
 70
     1
102
RTVSPropertyOp57
 70
     1
102
RTVSPropertyOp58
 70
     1
102
RTVSPropertyOp59
 70
     1
102
RTVSPropertyOp60
 70
     1
102
RTVSPropertyOp61
 70
     1
102
RTVSPropertyOp62
 70
     1
  0
XRECORD
  5
BE2
102
{ACAD_REACTORS
330
BE1
102
}
330
BE1
100
AcDbXrecord
280
     1
102
RTVSPost2010Prop28
280
     0
102
RTVSPost2010PropOp28
 70
     1
102
RTVSPost2010Prop29
280
     1
102
RTVSPost2010PropOp29
 70
     1
102
RTVSPost2010Prop30
280
     1
102
RTVSPost2010PropOp30
 70
     1
102
RTVSPost2010Prop31
280
     0
102
RTVSPost2010PropOp31
 70
     1
102
RTVSPost2010Prop32
280
     0
102
RTVSPost2010PropOp32
 70
     1
102
RTVSPost2010Prop33
280
     0
102
RTVSPost2010PropOp33
 70
     1
102
RTVSPost2010Prop34
280
     0
102
RTVSPost2010PropOp34
 70
     1
102
RTVSPost2010Prop35
280
     0
102
RTVSPost2010PropOp35
 70
     1
102
RTVSPost2010Prop36
280
     0
102
RTVSPost2010PropOp36
 70
     1
102
RTVSPost2010Prop37
 90
       50
102
RTVSPost2010PropOp37
 70
     1
102
RTVSPost2010Prop38
140
0.0
102
RTVSPost2010PropOp38
 70
     1
102
RTVSPost2010Prop39
140
1.0
102
RTVSPost2010PropOp39
 70
     1
102
RTVSPost2010Prop40
 90
        0
102
RTVSPost2010PropOp40
 70
     1
102
RTVSPost2010Prop41ColorIndex
 90
       18
102
RTVSPost2010Prop41ColorRGB
 90
        0
102
RTVSPost2010PropOp41
 70
     1
102
RTVSPost2010Prop42
 90
       50
102
RTVSPost2010PropOp42
 70
     1
102
RTVSPost2010Prop43
 90
        3
102
RTVSPost2010PropOp43
 70
     1
102
RTVSPost2010Prop44ColorIndex
 90
        5
102
RTVSPost2010Prop44ColorRGB
 90
      255
102
RTVSPost2010PropOp44
 70
     1
102
RTVSPost2010Prop45
280
     0
102
RTVSPost2010PropOp45
 70
     1
102
RTVSPost2010Prop46
 90
       50
102
RTVSPost2010PropOp46
 70
     1
102
RTVSPost2010Prop47
 90
       50
102
RTVSPost2010PropOp47
 70
     1
102
RTVSPost2010Prop48
 90
       50
102
RTVSPost2010PropOp48
 70
     1
102
RTVSPost2010Prop49
280
     0
102
RTVSPost2010PropOp49
 70
     1
102
RTVSPost2010Prop50
 90
       50
102
RTVSPost2010PropOp50
 70
     1
102
RTVSPost2010Prop51ColorIndex
 90
      256
102
RTVSPost2010Prop51ColorRGB
 90
-16777216
102
RTVSPost2010PropOp51
 70
     0
102
RTVSPost2010Prop52
140
1.0
102
RTVSPost2010PropOp52
 70
     0
102
RTVSPost2010Prop53
 90
        2
102
RTVSPost2010PropOp53
 70
     1
102
RTVSPost2010Prop54
  1
strokes_ogs.tif
102
RTVSPost2010PropOp54
 70
     1
102
RTVSPost2010Prop55
280
     0
102
RTVSPost2010PropOp55
 70
     1
102
RTVSPost2010Prop56
140
1.0
102
RTVSPost2010PropOp56
 70
     1
102
RTVSPost2010Prop57
140
1.0
102
RTVSPost2010PropOp57
 70
     1
102
RTVSPropertyOp0
 70
     1
102
RTVSPropertyOp1
 70
     1
102
RTVSPropertyOp2
 70
     1
102
RTVSPropertyOp3
 70
     1
102
RTVSPropertyOp4
 70
     1
102
RTVSPropertyOp5
 70
     1
102
RTVSPropertyOp6
 70
     1
102
RTVSPropertyOp7
 70
     1
102
RTVSPropertyOp8
 70
     1
102
RTVSPropertyOp9
 70
     1
102
RTVSPropertyOp10
 70
     1
102
RTVSPropertyOp11
 70
     1
102
RTVSPropertyOp12
 70
     1
102
RTVSPropertyOp13
 70
     1
102
RTVSPropertyOp14
 70
     1
102
RTVSPropertyOp15
 70
     1
102
RTVSPropertyOp16
 70
     1
102
RTVSPropertyOp17
 70
     1
102
RTVSPropertyOp18
 70
     1
102
RTVSPropertyOp19
 70
     1
102
RTVSPropertyOp20
 70
     1
102
RTVSPropertyOp21
 70
     1
102
RTVSPropertyOp22
 70
     1
102
RTVSPropertyOp23
 70
     1
102
RTVSPropertyOp24
 70
     1
102
RTVSPropertyOp25
 70
     1
102
RTVSPropertyOp26
 70
     1
102
RTVSPropertyOp27
 70
     1
102
RTVSPropertyOp28
 70
     1
102
RTVSPropertyOp29
 70
     1
102
RTVSPropertyOp30
 70
     1
102
RTVSPropertyOp31
 70
     1
102
RTVSPropertyOp32
 70
     1
102
RTVSPropertyOp33
 70
     1
102
RTVSPropertyOp34
 70
     1
102
RTVSPropertyOp35
 70
     1
102
RTVSPropertyOp36
 70
     1
102
RTVSPropertyOp37
 70
     1
102
RTVSPropertyOp38
 70
     1
102
RTVSPropertyOp39
 70
     1
102
RTVSPropertyOp40
 70
     1
102
RTVSPropertyOp41
 70
     1
102
RTVSPropertyOp42
 70
     1
102
RTVSPropertyOp43
 70
     1
102
RTVSPropertyOp44
 70
     1
102
RTVSPropertyOp45
 70
     1
102
RTVSPropertyOp46
 70
     1
102
RTVSPropertyOp47
 70
     1
102
RTVSPropertyOp48
 70
     1
102
RTVSPropertyOp49
 70
     1
102
RTVSPropertyOp50
 70
     1
102
RTVSPropertyOp51
 70
     0
102
RTVSPropertyOp52
 70
     0
102
RTVSPropertyOp53
 70
     1
102
RTVSPropertyOp54
 70
     1
102
RTVSPropertyOp55
 70
     1
102
RTVSPropertyOp56
 70
     1
102
RTVSPropertyOp57
 70
     1
102
RTVSPropertyOp58
 70
     1
102
RTVSPropertyOp59
 70
     1
102
RTVSPropertyOp60
 70
     1
102
RTVSPropertyOp61
 70
     1
102
RTVSPropertyOp62
 70
     1
  0
ENDSEC
  0
EOF
