  0
SECTION
  2
HEADER
  9
$ACADVER
  1
AC1015
  9
$ACADMAINTVER
 70
    20
  9
$DWGCODEPAGE
  3
ANSI_1252
  9
$INSBASE
 10
0.0
 20
0.0
 30
0.0
  9
$EXTMIN
 10
-0.000000000000148
 20
-8657.790535792589
 30
0.0
  9
$EXTMAX
 10
17780.00000157
 20
2308.727980980164
 30
0.0
  9
$LIMMIN
 10
0.0
 20
0.0
  9
$LIMMAX
 10
12.0
 20
9.0
  9
$ORTHOMODE
 70
     0
  9
$REGENMODE
 70
     1
  9
$FILLMODE
 70
     1
  9
$QTEXTMODE
 70
     0
  9
$MIRRTEXT
 70
     1
  9
$LTSCALE
 40
1.0
  9
$ATTMODE
 70
     1
  9
$TEXTSIZE
 40
0.2
  9
$TRACEWID
 40
0.05
  9
$TEXTSTYLE
  7
Standard
  9
$CLAYER
  8
0
  9
$CELTYPE
  6
ByLayer
  9
$CECOLOR
 62
   256
  9
$CELTSCALE
 40
1.0
  9
$DISPSILH
 70
     0
  9
$DIMSCALE
 40
1.0
  9
$DIMASZ
 40
0.18
  9
$DIMEXO
 40
0.0625
  9
$DIMDLI
 40
0.38
  9
$DIMRND
 40
0.0
  9
$DIMDLE
 40
0.0
  9
$DIMEXE
 40
0.18
  9
$DIMTP
 40
0.0
  9
$DIMTM
 40
0.0
  9
$DIMTXT
 40
0.18
  9
$DIMCEN
 40
0.09
  9
$DIMTSZ
 40
0.0
  9
$DIMTOL
 70
     0
  9
$DIMLIM
 70
     0
  9
$DIMTIH
 70
     1
  9
$DIMTOH
 70
     1
  9
$DIMSE1
 70
     0
  9
$DIMSE2
 70
     0
  9
$DIMTAD
 70
     0
  9
$DIMZIN
 70
     0
  9
$DIMBLK
  1

  9
$DIMASO
 70
     1
  9
$DIMSHO
 70
     1
  9
$DIMPOST
  1

  9
$DIMAPOST
  1

  9
$DIMALT
 70
     0
  9
$DIMALTD
 70
     2
  9
$DIMALTF
 40
0.0393700787401575
  9
$DIMLFAC
 40
1.0
  9
$DIMTOFL
 70
     0
  9
$DIMTVP
 40
0.0
  9
$DIMTIX
 70
     0
  9
$DIMSOXD
 70
     0
  9
$DIMSAH
 70
     0
  9
$DIMBLK1
  1

  9
$DIMBLK2
  1

  9
$DIMSTYLE
  2
Standard
  9
$DIMCLRD
 70
     0
  9
$DIMCLRE
 70
     0
  9
$DIMCLRT
 70
     0
  9
$DIMTFAC
 40
1.0
  9
$DIMGAP
 40
0.09
  9
$DIMJUST
 70
     0
  9
$DIMSD1
 70
     0
  9
$DIMSD2
 70
     0
  9
$DIMTOLJ
 70
     1
  9
$DIMTZIN
 70
     0
  9
$DIMALTZ
 70
     0
  9
$DIMALTTZ
 70
     0
  9
$DIMUPT
 70
     0
  9
$DIMDEC
 70
     4
  9
$DIMTDEC
 70
     4
  9
$DIMALTU
 70
     2
  9
$DIMALTTD
 70
     0
  9
$DIMTXSTY
  7
Standard
  9
$DIMAUNIT
 70
     0
  9
$DIMADEC
 70
     0
  9
$DIMALTRND
 40
0.0
  9
$DIMAZIN
 70
     0
  9
$DIMDSEP
 70
    46
  9
$DIMATFIT
 70
     0
  9
$DIMFRAC
 70
     0
  9
$DIMLDRBLK
  1

  9
$DIMLUNIT
 70
     2
  9
$DIMLWD
 70
    -2
  9
$DIMLWE
 70
    -2
  9
$DIMTMOVE
 70
     0
  9
$LUNITS
 70
     2
  9
$LUPREC
 70
     4
  9
$SKETCHINC
 40
0.1
  9
$FILLETRAD
 40
0.0
  9
$AUNITS
 70
     0
  9
$AUPREC
 70
     0
  9
$MENU
  1
.
  9
$ELEVATION
 40
0.0
  9
$PELEVATION
 40
0.0
  9
$THICKNESS
 40
0.0
  9
$LIMCHECK
 70
     0
  9
$CHAMFERA
 40
0.5
  9
$CHAMFERB
 40
0.5
  9
$CHAMFERC
 40
0.0
  9
$CHAMFERD
 40
0.0
  9
$SKPOLY
 70
     0
  9
$TDCREATE
 40
2461111.412673611
  9
$TDUCREATE
 40
2461111.537679317
  9
$TDUPDATE
 40
2461111.960046296
  9
$TDUUPDATE
 40
2461112.085046297
  9
$TDINDWG
 40
0.0472337963
  9
$TDUSRTIMER
 40
0.0472338079
  9
$USRTIMER
 70
     1
  9
$ANGBASE
 50
0.0
  9
$ANGDIR
 70
     1
  9
$PDMODE
 70
     0
  9
$PDSIZE
 40
0.0
  9
$PLINEWID
 40
0.0
  9
$SPLFRAME
 70
     0
  9
$SPLINETYPE
 70
     6
  9
$SPLINESEGS
 70
     8
  9
$HANDSEED
  5
5B1
  9
$SURFTAB1
 70
     6
  9
$SURFTAB2
 70
     6
  9
$SURFTYPE
 70
     6
  9
$SURFU
 70
     6
  9
$SURFV
 70
     6
  9
$UCSBASE
  2

  9
$UCSNAME
  2

  9
$UCSORG
 10
0.0
 20
0.0
 30
0.0
  9
$UCSXDIR
 10
1.0
 20
0.0
 30
0.0
  9
$UCSYDIR
 10
0.0
 20
1.0
 30
0.0
  9
$UCSORTHOREF
  2

  9
$UCSORTHOVIEW
 70
     0
  9
$UCSORGTOP
 10
0.0
 20
0.0
 30
0.0
  9
$UCSORGBOTTOM
 10
0.0
 20
0.0
 30
0.0
  9
$UCSORGLEFT
 10
0.0
 20
0.0
 30
0.0
  9
$UCSORGRIGHT
 10
0.0
 20
0.0
 30
0.0
  9
$UCSORGFRONT
 10
0.0
 20
0.0
 30
0.0
  9
$UCSORGBACK
 10
0.0
 20
0.0
 30
0.0
  9
$PUCSBASE
  2

  9
$PUCSNAME
  2

  9
$PUCSORG
 10
0.0
 20
0.0
 30
0.0
  9
$PUCSXDIR
 10
1.0
 20
0.0
 30
0.0
  9
$PUCSYDIR
 10
0.0
 20
1.0
 30
0.0
  9
$PUCSORTHOREF
  2

  9
$PUCSORTHOVIEW
 70
     0
  9
$PUCSORGTOP
 10
0.0
 20
0.0
 30
0.0
  9
$PUCSORGBOTTOM
 10
0.0
 20
0.0
 30
0.0
  9
$PUCSORGLEFT
 10
0.0
 20
0.0
 30
0.0
  9
$PUCSORGRIGHT
 10
0.0
 20
0.0
 30
0.0
  9
$PUCSORGFRONT
 10
0.0
 20
0.0
 30
0.0
  9
$PUCSORGBACK
 10
0.0
 20
0.0
 30
0.0
  9
$USERI1
 70
     0
  9
$USERI2
 70
     0
  9
$USERI3
 70
     0
  9
$USERI4
 70
     0
  9
$USERI5
 70
     0
  9
$USERR1
 40
0.0
  9
$USERR2
 40
0.0
  9
$USERR3
 40
0.0
  9
$USERR4
 40
0.0
  9
$USERR5
 40
0.0
  9
$WORLDVIEW
 70
     1
  9
$SHADEDGE
 70
     3
  9
$SHADEDIF
 70
    70
  9
$TILEMODE
 70
     1
  9
$MAXACTVP
 70
    48
  9
$PINSBASE
 10
0.0
 20
0.0
 30
0.0
  9
$PLIMCHECK
 70
     0
  9
$PEXTMIN
 10
1.000000000000000E+20
 20
1.000000000000000E+20
 30
1.000000000000000E+20
  9
$PEXTMAX
 10
-1.000000000000000E+20
 20
-1.000000000000000E+20
 30
-1.000000000000000E+20
  9
$PLIMMIN
 10
0.0
 20
0.0
  9
$PLIMMAX
 10
0.0
 20
0.0
  9
$UNITMODE
 70
     0
  9
$VISRETAIN
 70
     1
  9
$PLINEGEN
 70
     1
  9
$PSLTSCALE
 70
     1
  9
$TREEDEPTH
 70
  3020
  9
$CMLSTYLE
  2
STANDARD
  9
$CMLJUST
 70
     0
  9
$CMLSCALE
 40
1.0
  9
$PROXYGRAPHICS
 70
     1
  9
$MEASUREMENT
 70
     1
  9
$CELWEIGHT
370
    -1
  9
$ENDCAPS
280
     0
  9
$JOINSTYLE
280
     0
  9
$LWDISPLAY
290
     1
  9
$INSUNITS
 70
     4
  9
$HYPERLINKBASE
  1

  9
$STYLESHEET
  1

  9
$XEDIT
290
     1
  9
$CEPSNTYPE
380
     0
  9
$PSTYLEMODE
290
     0
  9
$FINGERPRINTGUID
  2

  9
$VERSIONGUID
  2
{61F88284-0AE5-C841-91D4-A236BAFF6174}
  9
$EXTNAMES
290
     1
  9
$PSVPSCALE
 40
0.0
  9
$OLESTARTUP
290
     0
  0
ENDSEC
  0
SECTION
  2
CLASSES
  0
CLASS
  1
RASTERVARIABLES
  2
AcDbRasterVariables
  3
ISM
 90
    32768
280
     0
281
     0
  0
CLASS
  1
IMAGEDEF
  2
AcDbRasterImageDef
  3
ISM
 90
    32768
280
     0
281
     0
  0
CLASS
  1
IMAGEDEF_REACTOR
  2
AcDbRasterImageDefReactor
  3
ISM
 90
    32769
280
     0
281
     0
  0
CLASS
  1
IMAGE
  2
AcDbRasterImage
  3
ISM
 90
    34943
280
     0
281
     1
  0
CLASS
  1
ACAD_EVALUATION_GRAPH
  2
AcDbEvalGraph
  3
ObjectDBX Classes
 90
    33921
280
     0
281
     0
  0
CLASS
  1
BLOCKPOINTPARAMETER
  2
AcDbBlockPointParameter
  3
ObjectDBX Classes
 90
    33921
280
     0
281
     0
  0
CLASS
  1
BLOCKBASEPOINTPARAMETER
  2
AcDbBlockBasepointParameter
  3
ObjectDBX Classes
 90
    33921
280
     0
281
     0
  0
CLASS
  1
BLOCKLOOKUPPARAMETER
  2
AcDbBlockLookupParameter
  3
ObjectDBX Classes
 90
    33921
280
     0
281
     0
  0
CLASS
  1
BLOCKVISIBILITYPARAMETER
  2
AcDbBlockVisibilityParameter
  3
ObjectDBX Classes
 90
    33921
280
     0
281
     0
  0
CLASS
  1
BLOCKPROPERTIESTABLE
  2
AcDbBlockPropertiesTable
  3
ObjectDBX Classes
 90
    33921
280
     0
281
     0
  0
CLASS
  1
BLOCKPOLARPARAMETER
  2
AcDbBlockPolarParameter
  3
ObjectDBX Classes
 90
    33921
280
     0
281
     0
  0
CLASS
  1
BLOCKROTATIONPARAMETER
  2
AcDbBlockRotationParameter
  3
ObjectDBX Classes
 90
    33921
280
     0
281
     0
  0
CLASS
  1
BLOCKLINEARPARAMETER
  2
AcDbBlockLinearParameter
  3
ObjectDBX Classes
 90
    33921
280
     0
281
     0
  0
CLASS
  1
BLOCKXYPARAMETER
  2
AcDbBlockXYParameter
  3
ObjectDBX Classes
 90
    33921
280
     0
281
     0
  0
CLASS
  1
BLOCKFLIPPARAMETER
  2
AcDbBlockFlipParameter
  3
ObjectDBX Classes
 90
    33921
280
     0
281
     0
  0
CLASS
  1
BLOCKALIGNMENTPARAMETER
  2
AcDbBlockAlignmentParameter
  3
ObjectDBX Classes
 90
    33921
280
     0
281
     0
  0
CLASS
  1
BLOCKROTATEACTION
  2
AcDbBlockRotateAction
  3
ObjectDBX Classes
 90
    33921
280
     0
281
     0
  0
CLASS
  1
BLOCKSCALEACTION
  2
AcDbBlockScaleAction
  3
ObjectDBX Classes
 90
    33921
280
     0
281
     0
  0
CLASS
  1
BLOCKARRAYACTION
  2
AcDbBlockArrayAction
  3
ObjectDBX Classes
 90
    33921
280
     0
281
     0
  0
CLASS
  1
BLOCKFLIPACTION
  2
AcDbBlockFlipAction
  3
ObjectDBX Classes
 90
    33921
280
     0
281
     0
  0
CLASS
  1
BLOCKLOOKUPACTION
  2
AcDbBlockLookupAction
  3
ObjectDBX Classes
 90
    33921
280
     0
281
     0
  0
CLASS
  1
BLOCKMOVEACTION
  2
AcDbBlockMoveAction
  3
ObjectDBX Classes
 90
    33921
280
     0
281
     0
  0
CLASS
  1
BLOCKPOLARSTRETCHACTION
  2
AcDbBlockPolarStretchAction
  3
ObjectDBX Classes
 90
    33921
280
     0
281
     0
  0
CLASS
  1
BLOCKSTRETCHACTION
  2
AcDbBlockStretchAction
  3
ObjectDBX Classes
 90
    33921
280
     0
281
     0
  0
CLASS
  1
BLOCKALIGNMENTGRIP
  2
AcDbBlockAlignmentGrip
  3
ObjectDBX Classes
 90
    33921
280
     0
281
     0
  0
CLASS
  1
BLOCKFLIPGRIP
  2
AcDbBlockFlipGrip
  3
ObjectDBX Classes
 90
    33921
280
     0
281
     0
  0
CLASS
  1
ACDB_BLOCKREPRESENTATION_DATA
  2
AcDbBlockRepresentationData
  3
ObjectDBX Classes
 90
    33921
280
     0
281
     0
  0
CLASS
  1
ACDB_DYNAMICBLOCKPURGEPREVENTER_VERSION
  2
AcDbDynamicBlockPurgePreventer
  3
ObjectDBX Classes
 90
    33921
280
     0
281
     0
  0
CLASS
  1
BLOCKLINEARGRIP
  2
AcDbBlockLinearGrip
  3
ObjectDBX Classes
 90
    33921
280
     0
281
     0
  0
CLASS
  1
BLOCKLOOKUPGRIP
  2
AcDbBlockLookupGrip
  3
ObjectDBX Classes
 90
    33921
280
     0
281
     0
  0
CLASS
  1
BLOCKPOLARGRIP
  2
AcDbBlockPolarGrip
  3
ObjectDBX Classes
 90
    33921
280
     0
281
     0
  0
CLASS
  1
BLOCKPROPERTIESTABLEGRIP
  2
AcDbBlockPropertiesTableGrip
  3
ObjectDBX Classes
 90
    33921
280
     0
281
     0
  0
CLASS
  1
BLOCKROTATIONGRIP
  2
AcDbBlockRotationGrip
  3
ObjectDBX Classes
 90
    33921
280
     0
281
     0
  0
CLASS
  1
BLOCKVISIBILITYGRIP
  2
AcDbBlockVisibilityGrip
  3
ObjectDBX Classes
 90
    33921
280
     0
281
     0
  0
CLASS
  1
BLOCKXYGRIP
  2
AcDbBlockXYGrip
  3
ObjectDBX Classes
 90
    33921
280
     0
281
     0
  0
CLASS
  1
BLOCKGRIPLOCATIONCOMPONENT
  2
AcDbBlockGripExpr
  3
ObjectDBX Classes
 90
    33921
280
     0
281
     0
  0
CLASS
  1
ACDB_DYNAMICBLOCKPROXYNODE
  2
AcDbDynamicBlockProxyNode
  3
ObjectDBX Classes
 90
    33921
280
     0
281
     0
  0
CLASS
  1
BLOCKLINEARCONSTRAINTPARAMETER
  2
AcDbBlockLinearConstraintParameter
  3
ObjectDBX Classes
 90
    33921
280
     0
281
     0
  0
CLASS
  1
BLOCKHORIZONTALCONSTRAINTPARAMETER
  2
AcDbBlockHorizontalConstraintParameter
  3
ObjectDBX Classes
 90
    33921
280
     0
281
     0
  0
CLASS
  1
BLOCKVERTICALCONSTRAINTPARAMETER
  2
AcDbBlockVerticalConstraintParameter
  3
ObjectDBX Classes
 90
    33921
280
     0
281
     0
  0
CLASS
  1
BLOCKALIGNEDCONSTRAINTPARAMETER
  2
AcDbBlockAlignedConstraintParameter
  3
ObjectDBX Classes
 90
    33921
280
     0
281
     0
  0
CLASS
  1
BLOCKANGULARCONSTRAINTPARAMETER
  2
AcDbBlockAngularConstraintParameter
  3
ObjectDBX Classes
 90
    33921
280
     0
281
     0
  0
CLASS
  1
BLOCKDIAMETRICCONSTRAINTPARAMETER
  2
AcDbBlockDiametricConstraintParameter
  3
ObjectDBX Classes
 90
    33921
280
     0
281
     0
  0
CLASS
  1
BLOCKRADIALCONSTRAINTPARAMETER
  2
AcDbBlockRadialConstraintParameter
  3
ObjectDBX Classes
 90
    33921
280
     0
281
     0
  0
CLASS
  1
FIELDLIST
  2
AcDbFieldList
  3
ObjectDBX Classes
 90
     1152
280
     0
281
     0
  0
CLASS
  1
ACDBDICTIONARYWDFLT
  2
AcDbDictionaryWithDefault
  3
ObjectDBX Classes
 90
        0
280
     0
281
     0
  0
CLASS
  1
CELLSTYLEMAP
  2
AcDbCellStyleMap
  3
ObjectDBX Classes
 90
     1152
280
     0
281
     0
  0
CLASS
  1
MLEADERSTYLE
  2
AcDbMLeaderStyle
  3
ACDB_MLEADERSTYLE_CLASS
 90
     4095
280
     0
281
     0
  0
CLASS
  1
TABLESTYLE
  2
AcDbTableStyle
  3
ObjectDBX Classes
 90
     4095
280
     0
281
     0
  0
CLASS
  1
DICTIONARYVAR
  2
AcDbDictionaryVar
  3
ObjectDBX Classes
 90
        0
280
     0
281
     0
  0
CLASS
  1
MATERIAL
  2
AcDbMaterial
  3
ObjectDBX Classes
 90
     1153
280
     0
281
     0
  0
CLASS
  1
VISUALSTYLE
  2
AcDbVisualStyle
  3
ObjectDBX Classes
 90
     4095
280
     0
281
     0
  0
CLASS
  1
SCALE
  2
AcDbScale
  3
ObjectDBX Classes
 90
     1153
280
     0
281
     0
  0
CLASS
  1
ACDBSECTIONVIEWSTYLE
  2
AcDbSectionViewStyle
  3
ObjectDBX Classes
 90
     1025
280
     0
281
     0
  0
CLASS
  1
ACDBDETAILVIEWSTYLE
  2
AcDbDetailViewStyle
  3
ObjectDBX Classes
 90
     1025
280
     0
281
     0
  0
CLASS
  1
ACDBPLACEHOLDER
  2
AcDbPlaceHolder
  3
ObjectDBX Classes
 90
        0
280
     0
281
     0
  0
CLASS
  1
LAYOUT
  2
AcDbLayout
  3
ObjectDBX Classes
 90
        0
280
     0
281
     0
  0
ENDSEC
  0
SECTION
  2
TABLES
  0
TABLE
  2
VPORT
  5
8
330
0
100
AcDbSymbolTable
 70
     1
  0
VPORT
  5
245
330
8
100
AcDbSymbolTableRecord
100
AcDbViewportTableRecord
  2
*Active
 70
     0
 10
0.0
 20
0.0
 11
1.0
 21
1.0
 12
6746.163909114311
 22
-5825.779187489001
 13
0.0
 23
0.0
 14
1.0
 24
1.0
 15
0.0
 25
0.0
 16
0.0
 26
0.0
 36
1.0
 17
0.0
 27
0.0
 37
0.0
 40
10811.90877708767
 41
2.351715686274509
 42
50.0
 43
0.0
 44
0.0
 50
0.0
 51
0.0
 71
     0
 72
 20000
 73
     1
 74
     1
 75
     0
 76
     0
 77
     0
 78
     0
281
     0
 65
     1
110
0.0
120
0.0
130
0.0
111
1.0
121
0.0
131
0.0
112
0.0
122
1.0
132
0.0
 79
     0
146
0.0
1001
ACAD_NAV_VCDISPLAY
1070
     3
  0
ENDTAB
  0
TABLE
  2
LTYPE
  5
5
330
0
100
AcDbSymbolTable
 70
     3
  0
LTYPE
  5
14
330
5
100
AcDbSymbolTableRecord
100
AcDbLinetypeTableRecord
  2
ByBlock
 70
     0
  3

 72
    65
 73
     0
 40
0.0
  0
LTYPE
  5
15
330
5
100
AcDbSymbolTableRecord
100
AcDbLinetypeTableRecord
  2
ByLayer
 70
     0
  3

 72
    65
 73
     0
 40
0.0
  0
LTYPE
  5
16
330
5
100
AcDbSymbolTableRecord
100
AcDbLinetypeTableRecord
  2
Continuous
 70
     0
  3
Solid line
 72
    65
 73
     0
 40
0.0
  0
ENDTAB
  0
TABLE
  2
LAYER
  5
2
330
0
100
AcDbSymbolTable
 70
    19
  0
LAYER
  5
10
102
{ACAD_XDICTIONARY
360
49C
102
}
330
2
100
AcDbSymbolTableRecord
100
AcDbLayerTableRecord
  2
0
 70
     0
 62
     7
  6
Continuous
370
    -3
390
F
  0
LAYER
  5
27
102
{ACAD_XDICTIONARY
360
49E
102
}
330
2
100
AcDbSymbolTableRecord
100
AcDbLayerTableRecord
  2
sheet
 70
     0
 62
    24
  6
Continuous
370
    -3
390
F
  0
LAYER
  5
28
102
{ACAD_XDICTIONARY
360
4A0
102
}
330
2
100
AcDbSymbolTableRecord
100
AcDbLayerTableRecord
  2
13940817
 70
     0
 62
     7
  6
Continuous
370
    -3
390
F
  0
LAYER
  5
29
102
{ACAD_XDICTIONARY
360
4A2
102
}
330
2
100
AcDbSymbolTableRecord
100
AcDbLayerTableRecord
  2
Texto
 70
     0
 62
     7
  6
Continuous
370
    -3
390
F
  0
LAYER
  5
2A
102
{ACAD_XDICTIONARY
360
4A4
102
}
330
2
100
AcDbSymbolTableRecord
100
AcDbLayerTableRecord
  2
13828401
 70
     0
 62
     7
  6
Continuous
370
    -3
390
F
  0
LAYER
  5
2B
102
{ACAD_XDICTIONARY
360
4A6
102
}
330
2
100
AcDbSymbolTableRecord
100
AcDbLayerTableRecord
  2
13672575
 70
     0
 62
     7
  6
Continuous
370
    -3
390
F
  0
LAYER
  5
2C
102
{ACAD_XDICTIONARY
360
4A8
102
}
330
2
100
AcDbSymbolTableRecord
100
AcDbLayerTableRecord
  2
13401528 pos.38
 70
     0
 62
     7
  6
Continuous
370
    -3
390
F
  0
LAYER
  5
2D
102
{ACAD_XDICTIONARY
360
4AA
102
}
330
2
100
AcDbSymbolTableRecord
100
AcDbLayerTableRecord
  2
Des.12286722
 70
     0
 62
     7
  6
Continuous
370
    -3
390
F
  0
LAYER
  5
2E
102
{ACAD_XDICTIONARY
360
4AC
102
}
330
2
100
AcDbSymbolTableRecord
100
AcDbLayerTableRecord
  2
Stats
 70
     0
 62
     7
  6
Continuous
370
    -3
390
F
  0
LAYER
  5
2F
102
{ACAD_XDICTIONARY
360
4AE
102
}
330
2
100
AcDbSymbolTableRecord
100
AcDbLayerTableRecord
  2
13781249
 70
     0
 62
     7
  6
Continuous
370
    -3
390
F
  0
LAYER
  5
30
102
{ACAD_XDICTIONARY
360
4B0
102
}
330
2
100
AcDbSymbolTableRecord
100
AcDbLayerTableRecord
  2
7517448
 70
     0
 62
     7
  6
Continuous
370
    -3
390
F
  0
LAYER
  5
31
102
{ACAD_XDICTIONARY
360
4B2
102
}
330
2
100
AcDbSymbolTableRecord
100
AcDbLayerTableRecord
  2
13886225
 70
     0
 62
     7
  6
Continuous
370
    -3
390
F
  0
LAYER
  5
32
102
{ACAD_XDICTIONARY
360
4B4
102
}
330
2
100
AcDbSymbolTableRecord
100
AcDbLayerTableRecord
  2
14025428
 70
     0
 62
     7
  6
Continuous
370
    -3
390
F
  0
LAYER
  5
33
102
{ACAD_XDICTIONARY
360
4B6
102
}
330
2
100
AcDbSymbolTableRecord
100
AcDbLayerTableRecord
  2
4004-0813
 70
     0
 62
     7
  6
Continuous
370
    -3
390
F
  0
LAYER
  5
34
102
{ACAD_XDICTIONARY
360
4B8
102
}
330
2
100
AcDbSymbolTableRecord
100
AcDbLayerTableRecord
  2
EM-26235-12
 70
     0
 62
     7
  6
Continuous
370
    -3
390
F
  0
LAYER
  5
35
102
{ACAD_XDICTIONARY
360
4BA
102
}
330
2
100
AcDbSymbolTableRecord
100
AcDbLayerTableRecord
  2
EM-26235-11
 70
     0
 62
     7
  6
Continuous
370
    -3
390
F
  0
LAYER
  5
36
102
{ACAD_XDICTIONARY
360
4BC
102
}
330
2
100
AcDbSymbolTableRecord
100
AcDbLayerTableRecord
  2
EM-26232-20
 70
     0
 62
     7
  6
Continuous
370
    -3
390
F
  0
LAYER
  5
37
102
{ACAD_XDICTIONARY
360
4BE
102
}
330
2
100
AcDbSymbolTableRecord
100
AcDbLayerTableRecord
  2
Des.11824973
 70
     0
 62
     7
  6
Continuous
370
    -3
390
F
  0
LAYER
  5
38
330
2
100
AcDbSymbolTableRecord
100
AcDbLayerTableRecord
  2
DEFPOINTS
 70
     0
 62
     7
  6
Continuous
290
     0
370
    -3
390
F
  0
ENDTAB
  0
TABLE
  2
STYLE
  5
3
330
0
100
AcDbSymbolTable
 70
     1
  0
STYLE
  5
11
330
3
100
AcDbSymbolTableRecord
100
AcDbTextStyleTableRecord
  2
Standard
 70
     0
 40
0.0
 41
1.0
 50
0.0
 71
     0
 42
0.2
  3
txt.shx
  4

  0
ENDTAB
  0
TABLE
  2
VIEW
  5
6
330
0
100
AcDbSymbolTable
 70
     0
  0
ENDTAB
  0
TABLE
  2
UCS
  5
7
330
0
100
AcDbSymbolTable
 70
     0
  0
ENDTAB
  0
TABLE
  2
APPID
  5
9
330
0
100
AcDbSymbolTable
 70
     4
  0
APPID
  5
12
330
0
100
AcDbSymbolTableRecord
100
AcDbRegAppTableRecord
  2
ACAD
 70
     0
  0
APPID
  5
268
330
0
100
AcDbSymbolTableRecord
100
AcDbRegAppTableRecord
  2
ACAD_MLEADERVER
 70
     0
  0
APPID
  5
2B4
330
9
100
AcDbSymbolTableRecord
100
AcDbRegAppTableRecord
  2
ACAD_EXEMPT_FROM_CAD_STANDARDS
 70
     0
  0
APPID
  5
2C5
330
9
100
AcDbSymbolTableRecord
100
AcDbRegAppTableRecord
  2
ACAD_NAV_VCDISPLAY
 70
     0
  0
ENDTAB
  0
TABLE
  2
DIMSTYLE
  5
A
330
0
100
AcDbSymbolTable
 70
     2
100
AcDbDimStyleTable
 71
     1
340
244
  0
DIMSTYLE
105
244
330
A
100
AcDbSymbolTableRecord
100
AcDbDimStyleTableRecord
  2
Standard
 70
     0
143
1.0
274
     0
289
     0
340
11
  0
ENDTAB
  0
TABLE
  2
BLOCK_RECORD
  5
1
330
0
100
AcDbSymbolTable
 70
     2
  0
BLOCK_RECORD
  5
1F
330
1
100
AcDbSymbolTableRecord
100
AcDbBlockTableRecord
  2
*Model_Space
340
22
  0
BLOCK_RECORD
  5
241
330
1
100
AcDbSymbolTableRecord
100
AcDbBlockTableRecord
  2
*Paper_Space
340
1E
  0
ENDTAB
  0
ENDSEC
  0
SECTION
  2
BLOCKS
  0
BLOCK
  5
20
330
1F
100
AcDbEntity
  8
0
100
AcDbBlockBegin
  2
*Model_Space
 70
     0
 10
0.0
 20
0.0
 30
0.0
  3
*Model_Space
  1

  0
ENDBLK
  5
21
330
1F
100
AcDbEntity
  8
0
100
AcDbBlockEnd
  0
BLOCK
  5
242
330
241
100
AcDbEntity
 67
     1
  8
0
100
AcDbBlockBegin
  2
*Paper_Space
 70
     0
 10
0.0
 20
0.0
 30
0.0
  3
*Paper_Space
  1

  0
ENDBLK
  5
243
330
241
100
AcDbEntity
 67
     1
  8
0
100
AcDbBlockEnd
  0
ENDSEC
  0
SECTION
  2
ENTITIES
  0
LWPOLYLINE
  5
39
330
1F
100
AcDbEntity
  8
sheet
 62
     7
100
AcDbPolyline
 90
        4
 70
     1
 43
0.0
 10
0.000000099999852
 20
-5983.143984496437
 10
2800.0000001
 20
-5983.143984496437
 10
2800.0000001
 20
-3883.143984496437
 10
0.000000099999852
 20
-3883.143984496437
  0
LWPOLYLINE
  5
3A
330
1F
100
AcDbEntity
  8
13940817
 62
     7
100
AcDbPolyline
 90
       12
 70
     1
 43
0.0
 10
671.4433750999996
 20
-5814.649022496437
 42
-0.4007403680672789
 10
694.5348375673695
 20
-5829.808928236632
 10
703.9726317186842
 20
-5870.563424419357
 42
0.4295399905865662
 10
728.9765833332949
 20
-5885.274570046632
 42
0.0549600003217938
 10
819.6139523652693
 20
-5848.079317392484
 10
898.1139523652693
 20
-5965.14398491561
 42
3.750460061929158
 10
313.11395236527
 20
-5965.14398491561
 10
391.6139523652692
 20
-5848.079317392484
 42
0.055019713184017
 10
482.3536356908653
 20
-5885.303934376555
 42
0.4280047818374861
 10
507.3304401693003
 20
-5870.687848579006
 10
517.0200880262375
 20
-5829.768252749749
 42
-0.3990721150886953
 10
540.0731655133641
 20
-5814.701827267435
 42
0.0907201480789166
  0
LWPOLYLINE
  5
3B
330
1F
100
AcDbEntity
  8
13940817
 62
     7
100
AcDbPolyline
 90
        8
 70
     1
 43
0.0
 10
576.6484351238887
 20
-5177.136663110318
 42
19.2814700679044
 10
634.5794696066487
 20
-5177.136663110318
 42
-0.3841755951674381
 10
625.6139523652702
 20
-5167.19031476421
 10
625.6139523652702
 20
-5093.134416801331
 42
0.414213562376748
 10
605.6139523652692
 20
-5073.134416801331
 10
605.6139523652692
 20
-5073.134416801331
 42
0.4142135623797114
 10
585.6139523652692
 20
-5093.134416801331
 10
585.6139523652692
 20
-5167.19031476421
 42
-0.3841755952171868
  0
MTEXT
  5
3C
330
1F
100
AcDbEntity
  8
Texto
 62
     3
100
AcDbMText
 10
200.0755847816755
 20
-5576.187763544619
 30
0.0
 40
10.0
 41
86.14788832487645
 71
     1
 72
     5
  1
{\C1;6x}
 73
     1
 44
1.0
1001
ACAD
1000
MTEXTBEGIN
1070
    73
1070
     1
1070
    44
1040
1.0
1070
    74
1070
     0
1000
MTEXTEND
  0
LWPOLYLINE
  5
3D
330
1F
100
AcDbEntity
  8
13828401
 62
     7
100
AcDbPolyline
 90
       10
 70
     1
 43
0.0
 10
1035.038599099999
 20
-5026.018594496437
 10
1178.000000293375
 20
-4883.05719330306
 10
1178.000000293375
 20
-4510.057193303061
 42
0.4142135624079915
 10
1175.000000293376
 20
-4507.05719330306
 10
21.00000029337579
 20
-4507.05719330306
 42
0.4142135622969163
 10
18.00000029337578
 20
-4510.057193303061
 10
18.00000029337578
 20
-4883.05719330306
 10
160.9614014867507
 20
-5026.018594496437
 42
0.4264504054791622
 10
165.2904237514427
 20
-5025.928542778004
 42
-0.4387962729929218
 10
1030.709576835308
 20
-5025.928542778004
 42
0.4264504055279616
  0
MTEXT
  5
3E
330
1F
100
AcDbEntity
  8
Texto
 62
     3
100
AcDbMText
 10
704.0662884242098
 20
-4634.89154495681
 30
0.0
 40
10.0
 41
86.14788832487645
 71
     1
 72
     5
  1
{\C1;12x}
 11
0.0000000000000001
 21
1.0
 31
0.0
 73
     1
 44
1.0
1001
ACAD
1000
MTEXTBEGIN
1070
    73
1070
     1
1070
    44
1040
1.0
1070
    74
1070
     0
1000
MTEXTEND
  0
LWPOLYLINE
  5
3F
330
1F
100
AcDbEntity
  8
13828401
 62
     7
100
AcDbPolyline
 90
       10
 70
     1
 43
0.0
 10
1035.038599099999
 20
-4420.105394496437
 10
1178.000000293375
 20
-4277.14399330306
 10
1178.000000293375
 20
-3904.143993303061
 42
0.4142135624079915
 10
1175.000000293376
 20
-3901.14399330306
 10
21.00000029337579
 20
-3901.14399330306
 42
0.4142135622969163
 10
18.00000029337578
 20
-3904.14399330306
 10
18.00000029337578
 20
-4277.14399330306
 10
160.9614014867507
 20
-4420.105394496437
 42
0.4264504054791622
 10
165.2904237514427
 20
-4420.015342778004
 42
-0.4387962729929218
 10
1030.709576835308
 20
-4420.015342778004
 42
0.4264504055279777
  0
MTEXT
  5
40
330
1F
100
AcDbEntity
  8
Texto
 62
     3
100
AcDbMText
 10
704.0662884242098
 20
-4028.978344956811
 30
0.0
 40
10.0
 41
86.14788832487645
 71
     1
 72
     5
  1
{\C1;12x}
 11
0.0000000000000001
 21
1.0
 31
0.0
 73
     1
 44
1.0
1001
ACAD
1000
MTEXTBEGIN
1070
    73
1070
     1
1070
    44
1040
1.0
1070
    74
1070
     0
1000
MTEXTEND
  0
LWPOLYLINE
  5
41
330
1F
100
AcDbEntity
  8
13940817
 62
     7
100
AcDbPolyline
 90
        4
 70
     1
 43
0.0
 10
955.7862901
 20
-4379.387698496437
 42
0.3407088685190689
 10
237.7862900999989
 20
-4379.387698496437
 10
323.8730247938764
 20
-4491.057184524384
 42
-0.3407088685190613
 10
869.6995554061203
 20
-4491.057184524384
  0
MTEXT
  5
42
330
1F
100
AcDbEntity
  8
Texto
 62
     3
100
AcDbMText
 10
817.5231255538729
 20
-4386.678057060814
 30
0.0
 40
10.0
 41
86.14788832487645
 71
     1
 72
     5
  1
{\C1;6x}
 11
-1.0
 21
0.0000000000000001
 31
0.0
 73
     1
 44
1.0
1001
ACAD
1000
MTEXTBEGIN
1070
    73
1070
     1
1070
    44
1040
1.0
1070
    74
1070
     0
1000
MTEXTEND
  0
CIRCLE
  5
43
330
1F
100
AcDbEntity
  8
0
 62
     7
100
AcDbCircle
 10
580.6965750999997
 20
-5469.774484496437
 30
0.0
 40
230.0
  0
CIRCLE
  5
44
330
1F
100
AcDbEntity
  8
0
 62
     7
100
AcDbCircle
 10
580.6965750999997
 20
-5469.774484496437
 30
0.0
 40
100.0
  0
MTEXT
  5
45
330
1F
100
AcDbEntity
  8
Texto
 62
     3
100
AcDbMText
 10
536.5042675055438
 20
-5304.515604536247
 30
0.0
 40
10.0
 41
86.14788832487645
 71
     1
 72
     5
  1
{\C1;9x}
 73
     1
 44
1.0
1001
ACAD
1000
MTEXTBEGIN
1070
    73
1070
     1
1070
    44
1040
1.0
1070
    74
1070
     0
1000
MTEXTEND
  0
LWPOLYLINE
  5
46
330
1F
100
AcDbEntity
  8
13940817
 62
     7
100
AcDbPolyline
 90
       10
 70
     1
 43
0.0
 10
1170.0774001
 20
-5961.808084496436
 10
1584.077400100001
 20
-5961.808084496438
 42
0.4142135623574616
 10
1587.077400100001
 20
-5958.808084496438
 10
1587.077400100001
 20
-4954.808084496438
 42
0.4142135622938901
 10
1584.077400100001
 20
-4951.808084496438
 10
1170.0774001
 20
-4951.808084496438
 10
1084.216735459583
 20
-5083.159542625597
 42
0.4288114856910825
 10
1085.212877216543
 20
-5087.390359513454
 42
-0.5735093596096724
 10
1085.212877216543
 20
-5826.225809479423
 42
0.4288114857723486
 10
1084.216735459581
 20
-5830.456626367279
  0
MTEXT
  5
47
330
1F
100
AcDbEntity
  8
Texto
 62
     3
100
AcDbMText
 10
1345.812718811046
 20
-5823.106333381562
 30
0.0
 40
10.0
 41
86.14788832487645
 71
     1
 72
     5
  1
{\C1;16x}
 73
     1
 44
1.0
1001
ACAD
1000
MTEXTBEGIN
1070
    73
1070
     1
1070
    44
1040
1.0
1070
    74
1070
     0
1000
MTEXTEND
  0
LWPOLYLINE
  5
48
330
1F
100
AcDbEntity
  8
13940817
 62
     7
100
AcDbPolyline
 90
       10
 70
     1
 43
0.0
 10
1611.1536601
 20
-3901.143984496437
 10
1197.153660099999
 20
-3901.143984496437
 42
0.4142135623574673
 10
1194.153660099999
 20
-3904.143984496437
 10
1194.153660099998
 20
-4908.143984496437
 42
0.4142135622938901
 10
1197.153660099998
 20
-4911.143984496437
 10
1611.1536601
 20
-4911.143984496435
 10
1697.014324740417
 20
-4779.792526367276
 42
0.4288114856910897
 10
1696.018182983456
 20
-4775.561709479419
 42
-0.5735093596096728
 10
1696.018182983456
 20
-4036.72625951345
 42
0.4288114857723532
 10
1697.014324740418
 20
-4032.495442625594
  0
MTEXT
  5
49
330
1F
100
AcDbEntity
  8
Texto
 62
     3
100
AcDbMText
 10
1435.418341388953
 20
-4039.845735611311
 30
0.0
 40
10.0
 41
86.14788832487645
 71
     1
 72
     5
  1
{\C1;16x}
 11
-1.0
 21
0.0000000000000001
 31
0.0
 73
     1
 44
1.0
1001
ACAD
1000
MTEXTBEGIN
1070
    73
1070
     1
1070
    44
1040
1.0
1070
    74
1070
     0
1000
MTEXTEND
  0
LWPOLYLINE
  5
4A
330
1F
100
AcDbEntity
  8
13672575
 62
     7
100
AcDbPolyline
 90
        6
 70
     1
 43
0.0
 10
2060.8977731
 20
-4868.381721496437
 42
0.4461322784655629
 10
2071.973041917204
 20
-4878.323743271245
 42
18.54608025057103
 10
1969.822504282794
 20
-4878.323743271245
 42
0.4461322784770694
 10
1980.897773099999
 20
-4868.381721496437
 10
1980.897773099999
 20
-4823.577708967885
 42
-1.0
 10
2060.8977731
 20
-4823.577708967885
  0
LWPOLYLINE
  5
4B
330
1F
100
AcDbEntity
  8
13672575
 62
     7
100
AcDbPolyline
 90
        6
 70
     1
 43
0.0
 10
2040.897773099998
 20
-4096.077708967885
 42
1.0
 10
2000.897773099999
 20
-4096.077708967885
 10
2000.897773099999
 20
-4160.402618655496
 42
-0.3790554137909972
 10
1992.10989431212
 20
-4170.328884930745
 42
16.43916967707942
 10
2049.685651887879
 20
-4170.328884930745
 42
-0.3790554138101521
 10
2040.897773099998
 20
-4160.402618655496
  0
MTEXT
  5
4C
330
1F
100
AcDbEntity
  8
Texto
 62
     3
100
AcDbMText
 10
1694.883478240522
 20
-4396.425143044621
 30
0.0
 40
10.0
 41
86.14788832487645
 71
     1
 72
     5
  1
{\C1;6x}
 73
     1
 44
1.0
1001
ACAD
1000
MTEXTBEGIN
1070
    73
1070
     1
1070
    44
1040
1.0
1070
    74
1070
     0
1000
MTEXTEND
  0
LWPOLYLINE
  5
4D
330
1F
100
AcDbEntity
  8
13401528 pos.38
 62
     7
100
AcDbPolyline
 90
       10
 70
     1
 43
0.0
 10
2072.5906761
 20
-5172.692258496437
 10
1995.025389864623
 20
-5040.143984549909
 10
1607.025389864625
 20
-5040.143984549909
 42
0.4142135625797654
 10
1604.025389864625
 20
-5043.143984549909
 10
1604.025389864625
 20
-5962.14398454991
 42
0.4142135624808027
 10
1607.025389864625
 20
-5965.14398454991
 10
1995.025389864623
 20
-5965.14398454991
 10
2072.5906761
 20
-5832.595710603381
 42
0.4110306145493052
 10
2071.544697392186
 20
-5828.507911474162
 42
-0.5662464982521577
 10
2071.544697392186
 20
-5176.780057625656
 42
0.4110306146308524
  0
MTEXT
  5
4E
330
1F
100
AcDbEntity
  8
Texto
 62
     3
100
AcDbMText
 10
1745.446291711071
 20
-5599.74229081661
 30
0.0
 40
10.0
 41
86.14788832487645
 71
     1
 72
     5
  1
{\C1;8x}
 11
-1.0
 21
0.0000000000000001
 31
0.0
 73
     1
 44
1.0
1001
ACAD
1000
MTEXTBEGIN
1070
    73
1070
     1
1070
    44
1040
1.0
1070
    74
1070
     0
1000
MTEXTEND
  0
CIRCLE
  5
4F
330
1F
100
AcDbEntity
  8
0
 62
     7
100
AcDbCircle
 10
2011.0332821
 20
-4410.569484496437
 30
0.0
 40
205.0
  0
CIRCLE
  5
50
330
1F
100
AcDbEntity
  8
0
 62
     7
100
AcDbCircle
 10
2011.0332821
 20
-4410.569484496437
 30
0.0
 40
100.0
  0
MTEXT
  5
51
330
1F
100
AcDbEntity
  8
Texto
 62
     3
100
AcDbMText
 10
1907.778698581281
 20
-4525.532038763702
 30
0.0
 40
10.0
 41
86.14788832487645
 71
     1
 72
     5
  1
{\C1;7x}
 73
     1
 44
1.0
1001
ACAD
1000
MTEXTBEGIN
1070
    73
1070
     1
1070
    44
1040
1.0
1070
    74
1070
     0
1000
MTEXTEND
  0
LWPOLYLINE
  5
52
330
1F
100
AcDbEntity
  8
13672575
 62
     7
100
AcDbPolyline
 90
       10
 70
     1
 43
0.0
 10
2070.010070100764
 20
-5245.12700549522
 10
1954.495419732698
 20
-5322.46308497863
 10
1954.495419732072
 20
-5681.46308497863
 42
0.4142135621787785
 10
1957.495419732067
 20
-5684.463084978635
 10
2766.495419732067
 20
-5684.463084980045
 42
0.4142135623725068
 10
2769.495419732072
 20
-5681.463084980051
 10
2769.495419732699
 20
-5322.463084980053
 10
2653.980769364905
 20
-5245.127005496238
 42
0.4341366449152375
 10
2649.711948513213
 20
-5246.122974713503
 42
-0.5781388749942474
 10
2074.27889095245
 20
-5246.122974712498
 42
0.4341366449459502
  0
MTEXT
  5
53
330
1F
100
AcDbEntity
  8
Texto
 62
     3
100
AcDbMText
 10
2636.474654572816
 20
-5433.414445833061
 30
0.0
 40
10.0
 41
86.14788832487645
 71
     1
 72
     5
  1
{\C1;16x}
 11
-0.0000000000018192
 21
-1.0
 31
0.0
 73
     1
 44
1.0
1001
ACAD
1000
MTEXTBEGIN
1070
    73
1070
     1
1070
    44
1040
1.0
1070
    74
1070
     0
1000
MTEXTEND
  0
LWPOLYLINE
  5
54
330
1F
100
AcDbEntity
  8
Des.12286722
 62
     7
100
AcDbPolyline
 90
        8
 70
     1
 43
0.0
 10
2381.8004301
 20
-5302.843913496437
 42
0.4098267929904178
 10
2378.8454301
 20
-5299.844251015423
 42
-0.9851108312034508
 10
2378.8454301
 20
-4905.888578508986
 42
0.409826792937857
 10
2381.8004301
 20
-4902.888916027972
 10
2381.8004301
 20
-4812.881932418751
 42
0.4172468024219083
 10
2378.769395617242
 20
-4809.882092946232
 42
0.9897081308648147
 10
2378.769395617242
 20
-5395.850736578175
 42
0.4172468023830885
 10
2381.8004301
 20
-5392.850897105656
  0
MTEXT
  5
55
330
1F
100
AcDbEntity
  8
Texto
 62
     3
100
AcDbMText
 10
2153.501860907208
 20
-5010.307133612712
 30
0.0
 40
10.0
 41
86.14788832487645
 71
     1
 72
     5
  1
{\C1;12x}
 11
0.0000000000000001
 21
1.0
 31
0.0
 73
     1
 44
1.0
1001
ACAD
1000
MTEXTBEGIN
1070
    73
1070
     1
1070
    44
1040
1.0
1070
    74
1070
     0
1000
MTEXTEND
  0
CIRCLE
  5
56
330
1F
100
AcDbEntity
  8
0
 62
     7
100
AcDbCircle
 10
2221.1466141
 20
-5835.143984496437
 30
0.0
 40
130.0
  0
CIRCLE
  5
57
330
1F
100
AcDbEntity
  8
0
 62
     7
100
AcDbCircle
 10
2221.1466141
 20
-5835.143984496437
 30
0.0
 40
80.0
  0
MTEXT
  5
58
330
1F
100
AcDbEntity
  8
Texto
 62
     3
100
AcDbMText
 10
2210.695848412276
 20
-5930.144500002989
 30
0.0
 40
10.0
 41
86.14788832487645
 71
     1
 72
     5
  1
{\C1;35x}
 73
     1
 44
1.0
1001
ACAD
1000
MTEXTBEGIN
1070
    73
1070
     1
1070
    44
1040
1.0
1070
    74
1070
     0
1000
MTEXTEND
  0
LWPOLYLINE
  5
59
330
1F
100
AcDbEntity
  8
Des.12286722
 62
     7
100
AcDbPolyline
 90
        8
 70
     1
 43
0.0
 10
2398.820136100857
 20
-4863.990815496432
 42
0.4098267929903955
 10
2401.775136100852
 20
-4866.990477977452
 42
-0.9851108312034757
 10
2401.775136100164
 20
-5260.946150483889
 42
0.409826792937835
 10
2398.82013610016
 20
-5263.945812964897
 10
2398.820136100002
 20
-5353.952796574117
 42
0.4172468024219637
 10
2401.851170582755
 20
-5356.95263604664
 42
0.9897081308648139
 10
2401.851170583777
 20
-4770.983992414699
 42
0.4172468023831775
 10
2398.820136101014
 20
-4773.983831887212
  0
MTEXT
  5
5A
330
1F
100
AcDbEntity
  8
Texto
 62
     3
100
AcDbMText
 10
2627.118705293139
 20
-5156.527595380556
 30
0.0
 40
10.0
 41
86.14788832487645
 71
     1
 72
     5
  1
{\C1;12x}
 11
-0.0000000000018192
 21
-1.0
 31
0.0
 73
     1
 44
1.0
1001
ACAD
1000
MTEXTBEGIN
1070
    73
1070
     1
1070
    44
1040
1.0
1070
    74
1070
     0
1000
MTEXTEND
  0
CIRCLE
  5
5B
330
1F
100
AcDbEntity
  8
0
 62
     7
100
AcDbCircle
 10
2364.9549571
 20
-5092.893784496436
 30
0.0
 40
155.0
  0
CIRCLE
  5
5C
330
1F
100
AcDbEntity
  8
0
 62
     7
100
AcDbCircle
 10
2364.9549571
 20
-5092.893784496436
 30
0.0
 40
100.0
  0
MTEXT
  5
5D
330
1F
100
AcDbEntity
  8
Texto
 62
     3
100
AcDbMText
 10
2366.767587740301
 20
-5215.999798816183
 30
0.0
 40
10.0
 41
86.14788832487645
 71
     1
 72
     5
  1
{\C1;11x}
 73
     1
 44
1.0
1001
ACAD
1000
MTEXTBEGIN
1070
    73
1070
     1
1070
    44
1040
1.0
1070
    74
1070
     0
1000
MTEXTEND
  0
CIRCLE
  5
5E
330
1F
100
AcDbEntity
  8
0
 62
     7
100
AcDbCircle
 10
2500.3346041
 20
-5835.143984496437
 30
0.0
 40
130.0
  0
CIRCLE
  5
5F
330
1F
100
AcDbEntity
  8
0
 62
     7
100
AcDbCircle
 10
2500.3346041
 20
-5835.143984496437
 30
0.0
 40
80.0
  0
MTEXT
  5
60
330
1F
100
AcDbEntity
  8
Texto
 62
     3
100
AcDbMText
 10
2489.883838412275
 20
-5930.144500002989
 30
0.0
 40
10.0
 41
86.14788832487645
 71
     1
 72
     5
  1
{\C1;35x}
 73
     1
 44
1.0
1001
ACAD
1000
MTEXTBEGIN
1070
    73
1070
     1
1070
    44
1040
1.0
1070
    74
1070
     0
1000
MTEXTEND
  0
CIRCLE
  5
61
330
1F
100
AcDbEntity
  8
0
 62
     7
100
AcDbCircle
 10
2565.7327031
 20
-4056.143984496436
 30
0.0
 40
155.0
  0
CIRCLE
  5
62
330
1F
100
AcDbEntity
  8
0
 62
     7
100
AcDbCircle
 10
2565.7327031
 20
-4056.143984496436
 30
0.0
 40
80.0
  0
MTEXT
  5
63
330
1F
100
AcDbEntity
  8
Texto
 62
     3
100
AcDbMText
 10
2678.177144300555
 20
-4070.117558999464
 30
0.0
 40
10.0
 41
86.14788832487645
 71
     1
 72
     5
  1
{\C1;28x}
 73
     1
 44
1.0
1001
ACAD
1000
MTEXTBEGIN
1070
    73
1070
     1
1070
    44
1040
1.0
1070
    74
1070
     0
1000
MTEXTEND
  0
CIRCLE
  5
64
330
1F
100
AcDbEntity
  8
0
 62
     7
100
AcDbCircle
 10
2626.322437100001
 20
-4656.305584496436
 30
0.0
 40
155.0
  0
CIRCLE
  5
65
330
1F
100
AcDbEntity
  8
0
 62
     7
100
AcDbCircle
 10
2626.322437100001
 20
-4656.305584496436
 30
0.0
 40
80.0
  0
MTEXT
  5
66
330
1F
100
AcDbEntity
  8
Texto
 62
     3
100
AcDbMText
 10
2738.766878300555
 20
-4670.279158999463
 30
0.0
 40
10.0
 41
86.14788832487645
 71
     1
 72
     5
  1
{\C1;28x}
 73
     1
 44
1.0
1001
ACAD
1000
MTEXTBEGIN
1070
    73
1070
     1
1070
    44
1040
1.0
1070
    74
1070
     0
1000
MTEXTEND
  0
CIRCLE
  5
67
330
1F
100
AcDbEntity
  8
0
 62
     7
100
AcDbCircle
 10
2642.8986841
 20
-4355.490584496436
 30
0.0
 40
130.0
  0
CIRCLE
  5
68
330
1F
100
AcDbEntity
  8
0
 62
     7
100
AcDbCircle
 10
2642.8986841
 20
-4355.490584496436
 30
0.0
 40
80.0
  0
MTEXT
  5
69
330
1F
100
AcDbEntity
  8
Texto
 62
     3
100
AcDbMText
 10
2632.447918412276
 20
-4450.491100002987
 30
0.0
 40
10.0
 41
86.14788832487645
 71
     1
 72
     5
  1
{\C1;35x}
 73
     1
 44
1.0
1001
ACAD
1000
MTEXTBEGIN
1070
    73
1070
     1
1070
    44
1040
1.0
1070
    74
1070
     0
1000
MTEXTEND
  0
LWPOLYLINE
  5
6A
330
1F
100
AcDbEntity
  8
Stats
 62
   151
100
AcDbPolyline
 90
        5
 70
     1
 43
0.0
 10
-0.000000000000148
 20
-6008.143984596436
 10
249.9999999999999
 20
-6008.143984596436
 10
249.9999999999999
 20
-6088.143984596437
 10
-0.000000000000148
 20
-6088.143984596437
 10
-0.000000000000148
 20
-6008.143984596436
  0
TEXT
  5
6B
330
1F
100
AcDbEntity
  8
Stats
 62
    60
100
AcDbText
 10
1.999999999999851
 20
-6020.143984596437
 30
0.0
 40
10.0
  1
Production Qty: 6
100
AcDbText
  0
TEXT
  5
6C
330
1F
100
AcDbEntity
  8
Stats
 62
    60
100
AcDbText
 10
1.999999999999851
 20
-6032.143984596437
 30
0.0
 40
10.0
  1
Sheet 1 (2800,00 x 2100,00)
100
AcDbText
  0
TEXT
  5
6D
330
1F
100
AcDbEntity
  8
Stats
 62
    60
100
AcDbText
 10
1.999999999999851
 20
-6044.143984596437
 30
0.0
 40
10.0
  1
Parts Nested: 19
100
AcDbText
  0
TEXT
  5
6E
330
1F
100
AcDbEntity
  8
Stats
 62
    60
100
AcDbText
 10
1.999999999999851
 20
-6056.143984596437
 30
0.0
 40
10.0
  1
Util (Nest): 75,77%
100
AcDbText
  0
TEXT
  5
6F
330
1F
100
AcDbEntity
  8
Stats
 62
    60
100
AcDbText
 10
1.999999999999851
 20
-6068.143984596437
 30
0.0
 40
10.0
  1
Util (Sheet): 73,49%
100
AcDbText
  0
TEXT
  5
70
330
1F
100
AcDbEntity
  8
Stats
 62
    60
100
AcDbText
 10
1.999999999999851
 20
-6080.143984596436
 30
0.0
 40
10.0
  1
Cut Distance: 46253,48mm
100
AcDbText
  0
LWPOLYLINE
  5
71
330
1F
100
AcDbEntity
  8
sheet
 62
     7
100
AcDbPolyline
 90
        4
 70
     1
 43
0.0
 10
0.000000099999852
 20
-8552.79053569259
 10
2800.0000001
 20
-8552.79053569259
 10
2800.0000001
 20
-6452.79053569259
 10
0.000000099999852
 20
-6452.79053569259
  0
LWPOLYLINE
  5
72
330
1F
100
AcDbEntity
  8
13781249
 62
     7
100
AcDbPolyline
 90
        8
 70
     1
 43
0.0
 10
598.3028991000001
 20
-8534.696649692589
 42
15.44293778924191
 10
465.7235340206343
 20
-8534.696649692589
 42
0.4526207439780415
 10
477.0132165603172
 20
-8524.7801624644
 10
477.0132165603172
 20
-8462.989206163667
 42
-0.4142135623735362
 10
532.0132165603172
 20
-8407.989206163668
 10
532.0132165603172
 20
-8407.989206163668
 42
-0.4142135623729353
 10
587.0132165603181
 20
-8462.989206163667
 10
587.0132165603181
 20
-8524.7801624644
 42
0.4526207439750112
  0
LWPOLYLINE
  5
73
330
1F
100
AcDbEntity
  8
13781249
 62
     7
100
AcDbPolyline
 90
        8
 70
     1
 43
0.0
 10
560.9143154614166
 20
-7763.582001820887
 42
-0.3823179935613958
 10
552.0132165603181
 20
-7753.642564393405
 10
552.0132165603181
 20
-7705.989206163669
 42
0.4142135623727205
 10
532.0132165603172
 20
-7685.989206163668
 10
532.0132165603172
 20
-7685.989206163668
 42
0.4142135623716999
 10
512.0132165603181
 20
-7705.989206163669
 10
512.0132165603181
 20
-7753.642564393405
 42
-0.3823179935630474
 10
503.1121176592196
 20
-7763.582001820887
 42
18.14488805900895
  0
MTEXT
  5
74
330
1F
100
AcDbEntity
  8
Texto
 62
     3
100
AcDbMText
 10
155.4550915878781
 20
-7925.064842035931
 30
0.0
 40
10.0
 41
86.14788832487645
 71
     1
 72
     5
  1
{\C1;3x}
 73
     1
 44
1.0
1001
ACAD
1000
MTEXTBEGIN
1070
    73
1070
     1
1070
    44
1040
1.0
1070
    74
1070
     0
1000
MTEXTEND
  0
LWPOLYLINE
  5
75
330
1F
100
AcDbEntity
  8
13940817
 62
     7
100
AcDbPolyline
 90
       10
 70
     1
 43
0.0
 10
435.0000000999998
 20
-6484.794705486701
 10
21.00000009999985
 20
-6484.794705486698
 42
0.4142135623574673
 10
18.00000009999985
 20
-6487.794705486698
 10
18.00000009999985
 20
-7491.794705486698
 42
0.4142135622938901
 10
21.00000009999985
 20
-7494.7947054867
 10
435.0000000999998
 20
-7494.794705486699
 10
520.8606647404167
 20
-7363.443247357539
 42
0.4288114856910897
 10
519.8645229834555
 20
-7359.212430469682
 42
-0.5735093596096723
 10
519.8645229834555
 20
-6620.376980503714
 42
0.4288114857723532
 10
520.8606647404185
 20
-6616.146163615856
  0
MTEXT
  5
76
330
1F
100
AcDbEntity
  8
Texto
 62
     3
100
AcDbMText
 10
259.2646813889542
 20
-6623.496456601575
 30
0.0
 40
10.0
 41
86.14788832487645
 71
     1
 72
     5
  1
{\C1;16x}
 11
-1.0
 21
0.0000000000000001
 31
0.0
 73
     1
 44
1.0
1001
ACAD
1000
MTEXTBEGIN
1070
    73
1070
     1
1070
    44
1040
1.0
1070
    74
1070
     0
1000
MTEXTEND
  0
CIRCLE
  5
77
330
1F
100
AcDbEntity
  8
0
 62
     7
100
AcDbCircle
 10
515.1466745181933
 20
-8025.541977492039
 30
0.0
 40
230.0
  0
CIRCLE
  5
78
330
1F
100
AcDbEntity
  8
0
 62
     7
100
AcDbCircle
 10
515.1466745181933
 20
-8025.541977492039
 30
0.0
 40
100.0
  0
MTEXT
  5
79
330
1F
100
AcDbEntity
  8
Texto
 62
     3
100
AcDbMText
 10
470.9543669237382
 20
-7860.28309753185
 30
0.0
 40
10.0
 41
86.14788832487645
 71
     1
 72
     5
  1
{\C1;9x}
 73
     1
 44
1.0
1001
ACAD
1000
MTEXTBEGIN
1070
    73
1070
     1
1070
    44
1040
1.0
1070
    74
1070
     0
1000
MTEXTEND
  0
LWPOLYLINE
  5
7A
330
1F
100
AcDbEntity
  8
0
 62
     7
100
AcDbPolyline
 90
        6
 70
     1
 43
0.0
 10
937.1916302091495
 20
-7434.790535692589
 10
937.1916302091495
 20
-7497.21639234556
 42
0.4374467255357732
 10
947.9774848260449
 20
-7507.185466150135
 42
25.41064641632413
 10
866.405775592254
 20
-7507.185466150135
 42
0.4374467255721416
 10
877.1916302091495
 20
-7497.21639234556
 10
877.1916302091495
 20
-7434.790535692589
 42
-0.9999986970336825
  0
LWPOLYLINE
  5
7B
330
1F
100
AcDbEntity
  8
0
 62
     7
100
AcDbPolyline
 90
        6
 70
     1
 43
0.0
 10
886.6916302091503
 20
-6660.79053569259
 10
886.6916302091503
 20
-6726.494124778958
 42
-0.3813617438142962
 10
878.2671019072632
 20
-6735.933052717374
 42
17.60988036378742
 10
936.1161585110348
 20
-6735.933052717374
 42
-0.3813617438141053
 10
927.6916302091494
 20
-6726.494124778958
 10
927.6916302091494
 20
-6660.79053569259
 42
0.9999993681059407
  0
MTEXT
  5
7C
330
1F
100
AcDbEntity
  8
Texto
 62
     3
100
AcDbMText
 10
637.0322145872969
 20
-7250.909798127264
 30
0.0
 40
10.0
 41
86.14788832487645
 71
     1
 72
     5
  1
{\C1;3x}
 73
     1
 44
1.0
1001
ACAD
1000
MTEXTBEGIN
1070
    73
1070
     1
1070
    44
1040
1.0
1070
    74
1070
     0
1000
MTEXTEND
  0
CIRCLE
  5
7D
330
1F
100
AcDbEntity
  8
0
 62
     7
100
AcDbCircle
 10
867.8310807927573
 20
-6988.339486246207
 30
0.0
 40
200.0
  0
CIRCLE
  5
7E
330
1F
100
AcDbEntity
  8
0
 62
     7
100
AcDbCircle
 10
867.8310807927573
 20
-6988.339486246207
 30
0.0
 40
85.0
  0
MTEXT
  5
7F
330
1F
100
AcDbEntity
  8
Texto
 62
     3
100
AcDbMText
 10
858.7436709875419
 20
-7122.312107920322
 30
0.0
 40
10.0
 41
86.14788832487645
 71
     1
 72
     5
  1
{\C1;4x}
 73
     1
 44
1.0
1001
ACAD
1000
MTEXTBEGIN
1070
    73
1070
     1
1070
    44
1040
1.0
1070
    74
1070
     0
1000
MTEXTEND
  0
LWPOLYLINE
  5
80
330
1F
100
AcDbEntity
  8
7517448
 62
     7
100
AcDbPolyline
 90
       12
 70
     1
 43
0.0
 10
1025.856714964268
 20
-8523.536723252139
 10
1649.856714964263
 20
-8523.536723252139
 10
1714.804868430858
 20
-8391.328715053402
 42
0.4236289235772938
 10
1713.348079200698
 20
-8387.272317223537
 42
-0.6453551263668514
 10
1713.348079200698
 20
-7714.801129280743
 42
0.4236289236846462
 10
1714.804868430858
 20
-7710.744731450879
 10
1649.856714964263
 20
-7578.536723252139
 10
1025.856714964267
 20
-7578.536723252139
 10
960.9085614976775
 20
-7710.744731450879
 42
0.4236289231272755
 10
962.365350727835
 20
-7714.801129280743
 42
-0.6453551263668132
 10
962.365350727835
 20
-8387.272317223539
 42
0.4236289235622447
 10
960.9085614976775
 20
-8391.328715053402
  0
CIRCLE
  5
81
330
1F
100
AcDbEntity
  8
7517448
 62
     7
100
AcDbCircle
 10
1357.856714964266
 20
-7598.536723252141
 30
0.0
 40
5.0
  0
CIRCLE
  5
82
330
1F
100
AcDbEntity
  8
7517448
 62
     7
100
AcDbCircle
 10
1317.856714964269
 20
-7598.536723252141
 30
0.0
 40
5.0
  0
CIRCLE
  5
83
330
1F
100
AcDbEntity
  8
7517448
 62
     7
100
AcDbCircle
 10
1357.856714964266
 20
-8503.536723252137
 30
0.0
 40
5.0
  0
CIRCLE
  5
84
330
1F
100
AcDbEntity
  8
7517448
 62
     7
100
AcDbCircle
 10
1317.856714964269
 20
-8503.536723252137
 30
0.0
 40
5.0
  0
MTEXT
  5
85
330
1F
100
AcDbEntity
  8
Texto
 62
     3
100
AcDbMText
 10
1349.897645380835
 20
-8063.893160237281
 30
0.0
 40
10.0
 41
86.14788832487645
 71
     1
 72
     5
  1
{\C1;4x}
 73
     1
 44
1.0
1001
ACAD
1000
MTEXTBEGIN
1070
    73
1070
     1
1070
    44
1040
1.0
1070
    74
1070
     0
1000
MTEXTEND
  0
LWPOLYLINE
  5
86
330
1F
100
AcDbEntity
  8
13886225
 62
     7
100
AcDbPolyline
 90
       10
 70
     1
 43
0.0
 10
1759.39338720915
 20
-7490.149281890487
 42
0.4142135623222822
 10
1762.39338720915
 20
-7487.149281890487
 10
1762.39338720915
 20
-6483.149281890487
 42
0.4142135623450803
 10
1759.39338720915
 20
-6480.149281890486
 10
1535.39338720915
 20
-6480.149281890487
 10
1338.042051562722
 20
-6585.732246461325
 42
0.4231941595193143
 10
1336.856504276486
 20
-6589.872843594374
 42
-0.2669951272268916
 10
1336.856504276486
 20
-7380.425720186602
 42
0.4231941595938971
 10
1338.042051562722
 20
-7384.56631731965
 10
1535.39338720915
 20
-7490.149281890487
  0
MTEXT
  5
87
330
1F
100
AcDbEntity
  8
Texto
 62
     3
100
AcDbMText
 10
1502.554186033158
 20
-7011.954519672101
 30
0.0
 40
10.0
 41
86.14788832487645
 71
     1
 72
     5
  1
{\C1;4x}
 73
     1
 44
1.0
1001
ACAD
1000
MTEXTBEGIN
1070
    73
1070
     1
1070
    44
1040
1.0
1070
    74
1070
     0
1000
MTEXTEND
  0
LWPOLYLINE
  5
88
330
1F
100
AcDbEntity
  8
14025428
 62
     7
100
AcDbPolyline
 90
        8
 70
     1
 43
0.0
 10
2238.852061913119
 20
-6470.890696692589
 42
14.9330343736593
 10
2361.518728579785
 20
-6470.890696692589
 42
0.453947696117341
 10
2350.185395246451
 20
-6480.8014091908
 10
2350.185395246451
 20
-6521.783471610357
 42
-0.414213562372838
 10
2300.185395246451
 20
-6571.783471610356
 10
2300.185395246451
 20
-6571.783471610356
 42
-0.4142135623732123
 10
2250.185395246451
 20
-6521.783471610357
 10
2250.185395246451
 20
-6480.8014091908
 42
0.4539476961141368
  0
LWPOLYLINE
  5
89
330
1F
100
AcDbEntity
  8
14025428
 62
     7
100
AcDbPolyline
 90
       14
 70
     1
 43
0.0
 10
2260.185395246451
 20
-7161.517363496466
 10
2260.185395246451
 20
-7176.783471610358
 42
0.4142135623849227
 10
2270.185395246451
 20
-7186.783471610358
 10
2270.185395246451
 20
-7186.783471610358
 42
-0.414213562375992
 10
2280.185395246451
 20
-7196.783471610358
 10
2280.185395246451
 20
-7231.783471610357
 42
0.9999972569464594
 10
2320.185395246451
 20
-7231.783471610357
 10
2320.185395246451
 20
-7196.783471610358
 42
-0.4142135623693923
 10
2330.185395246451
 20
-7186.783471610358
 10
2330.185395246451
 20
-7186.783471610358
 42
0.4142135623554871
 10
2340.185395246451
 20
-7176.783471610358
 10
2340.185395246451
 20
-7161.517363496466
 42
-0.3539972922340683
 10
2348.102061913118
 20
-7151.736784667879
 42
9.494677837722328
 10
2252.268728579785
 20
-7151.736784667879
 42
-0.353997292242219
  0
MTEXT
  5
8A
330
1F
100
AcDbEntity
  8
Texto
 62
     3
100
AcDbMText
 10
2644.009671122655
 20
-6912.258274360951
 30
0.0
 40
10.0
 41
86.14788832487645
 71
     1
 72
     5
  1
{\C1;3x}
 11
-1.0
 21
0.0000000000000001
 31
0.0
 73
     1
 44
1.0
1001
ACAD
1000
MTEXTBEGIN
1070
    73
1070
     1
1070
    44
1040
1.0
1070
    74
1070
     0
1000
MTEXTEND
  0
LWPOLYLINE
  5
8B
330
1F
100
AcDbEntity
  8
0
 62
     7
100
AcDbPolyline
 90
        6
 70
     1
 43
0.0
 10
2024.080389490821
 20
-8420.988779195392
 10
2024.080389490821
 20
-8464.5102417581
 42
0.439166669023611
 10
2034.923762984797
 20
-8474.474614349972
 42
23.67204178750613
 10
1963.237015996846
 20
-8474.474614349972
 42
0.4391666690257228
 10
1974.080389490821
 20
-8464.5102417581
 10
1974.080389490821
 20
-8420.988779195392
 42
-1.000000381469799
  0
LWPOLYLINE
  5
8C
330
1F
100
AcDbEntity
  8
0
 62
     7
100
AcDbPolyline
 90
        8
 70
     1
 43
0.0
 10
2027.747056157489
 20
-7837.908460483828
 42
-0.3755653008358835
 10
2019.080389490822
 20
-7827.997747985612
 10
2019.080389490822
 20
-7775.988779195393
 42
0.4142135623745136
 10
1999.080389490821
 20
-7755.988779195392
 10
1999.080389490821
 20
-7755.988779195392
 42
0.4142135623735729
 10
1979.080389490821
 20
-7775.988779195393
 10
1979.080389490821
 20
-7827.997747985612
 42
-0.3755653008241904
 10
1970.413722824153
 20
-7837.908460483828
 42
14.93303437365906
  0
MTEXT
  5
8D
330
1F
100
AcDbEntity
  8
Texto
 62
     3
100
AcDbMText
 10
2190.230697048667
 20
-8280.389732320701
 30
0.0
 40
10.0
 41
86.14788832487645
 71
     1
 72
     5
  1
{\C1;3x}
 73
     1
 44
1.0
1001
ACAD
1000
MTEXTBEGIN
1070
    73
1070
     1
1070
    44
1040
1.0
1070
    74
1070
     0
1000
MTEXTEND
  0
CIRCLE
  5
8E
330
1F
100
AcDbEntity
  8
0
 62
     7
100
AcDbCircle
 10
1868.41276320915
 20
-6560.790535692589
 30
0.0
 40
90.0
  0
CIRCLE
  5
8F
330
1F
100
AcDbEntity
  8
0
 62
     7
100
AcDbCircle
 10
1868.41276320915
 20
-6560.790535692589
 30
0.0
 40
60.0
  0
MTEXT
  5
90
330
1F
100
AcDbEntity
  8
Texto
 62
     3
100
AcDbMText
 10
1861.707869370507
 20
-6627.557005116632
 30
0.0
 40
10.0
 41
86.14788832487645
 71
     1
 72
     5
  1
{\C1;3x}
 73
     1
 44
1.0
1001
ACAD
1000
MTEXTBEGIN
1070
    73
1070
     1
1070
    44
1040
1.0
1070
    74
1070
     0
1000
MTEXTEND
  0
CIRCLE
  5
91
330
1F
100
AcDbEntity
  8
0
 62
     7
100
AcDbCircle
 10
1980.198801902679
 20
-8051.720387222012
 30
0.0
 40
180.0
  0
CIRCLE
  5
92
330
1F
100
AcDbEntity
  8
0
 62
     7
100
AcDbCircle
 10
1980.198801902679
 20
-8051.720387222012
 30
0.0
 40
115.0
  0
CIRCLE
  5
93
330
1F
100
AcDbEntity
  8
0
 62
     7
100
AcDbCircle
 10
2293.92874568151
 20
-6893.460214026342
 30
0.0
 40
180.0
  0
CIRCLE
  5
94
330
1F
100
AcDbEntity
  8
0
 62
     7
100
AcDbCircle
 10
2293.92874568151
 20
-6893.460214026342
 30
0.0
 40
115.0
  0
CIRCLE
  5
95
330
1F
100
AcDbEntity
  8
0
 62
     7
100
AcDbCircle
 10
1933.42561420915
 20
-7458.550813193811
 30
0.0
 40
155.0
  0
CIRCLE
  5
96
330
1F
100
AcDbEntity
  8
0
 62
     7
100
AcDbCircle
 10
1933.42561420915
 20
-7458.550813193811
 30
0.0
 40
100.0
  0
MTEXT
  5
97
330
1F
100
AcDbEntity
  8
Texto
 62
     3
100
AcDbMText
 10
1935.238244849451
 20
-7581.656827513556
 30
0.0
 40
10.0
 41
86.14788832487645
 71
     1
 72
     5
  1
{\C1;11x}
 73
     1
 44
1.0
1001
ACAD
1000
MTEXTBEGIN
1070
    73
1070
     1
1070
    44
1040
1.0
1070
    74
1070
     0
1000
MTEXTEND
  0
LWPOLYLINE
  5
98
330
1F
100
AcDbEntity
  8
13672575
 62
     7
100
AcDbPolyline
 90
       10
 70
     1
 43
0.0
 10
2332.659696077345
 20
-8343.016361997081
 10
2409.995775560958
 20
-8458.531012365011
 10
2768.995775560957
 20
-8458.531012365011
 42
0.4142135621787923
 10
2771.995775560957
 20
-8455.53101236501
 10
2771.995775560955
 20
-7646.531012365011
 42
0.414213562372529
 10
2768.995775560955
 20
-7643.531012365011
 10
2409.995775560958
 20
-7643.531012365011
 10
2332.659696077345
 20
-7759.04566273294
 42
0.4341366449152871
 10
2333.655665294617
 20
-7763.314483584629
 42
-0.5781388749942464
 10
2333.655665294617
 20
-8338.747541145393
 42
0.4341366449459521
  0
MTEXT
  5
99
330
1F
100
AcDbEntity
  8
Texto
 62
     3
100
AcDbMText
 10
2520.9471364142
 20
-7776.551777524701
 30
0.0
 40
10.0
 41
86.14788832487645
 71
     1
 72
     5
  1
{\C1;16x}
 73
     1
 44
1.0
1001
ACAD
1000
MTEXTBEGIN
1070
    73
1070
     1
1070
    44
1040
1.0
1070
    74
1070
     0
1000
MTEXTEND
  0
CIRCLE
  5
9A
330
1F
100
AcDbEntity
  8
0
 62
     7
100
AcDbCircle
 10
2222.379908362908
 20
-7522.749073862598
 30
0.0
 40
125.0
  0
CIRCLE
  5
9B
330
1F
100
AcDbEntity
  8
0
 62
     7
100
AcDbCircle
 10
2222.379908362908
 20
-7522.749073862598
 30
0.0
 40
70.0
  0
MTEXT
  5
9C
330
1F
100
AcDbEntity
  8
Texto
 62
     3
100
AcDbMText
 10
2209.787490052038
 20
-7615.503707203416
 30
0.0
 40
10.0
 41
86.14788832487645
 71
     1
 72
     5
  1
{\C1;3x}
 73
     1
 44
1.0
1001
ACAD
1000
MTEXTBEGIN
1070
    73
1070
     1
1070
    44
1040
1.0
1070
    74
1070
     0
1000
MTEXTEND
  0
CIRCLE
  5
9D
330
1F
100
AcDbEntity
  8
0
 62
     7
100
AcDbCircle
 10
2616.963548077346
 20
-7472.531011997081
 30
0.0
 40
155.0
  0
CIRCLE
  5
9E
330
1F
100
AcDbEntity
  8
0
 62
     7
100
AcDbCircle
 10
2616.963548077346
 20
-7472.531011997081
 30
0.0
 40
70.0
  0
MTEXT
  5
9F
330
1F
100
AcDbEntity
  8
Texto
 62
     3
100
AcDbMText
 10
2586.004819061363
 20
-7568.941320418486
 30
0.0
 40
10.0
 41
86.14788832487645
 71
     1
 72
     5
  1
{\C1;8x}
 73
     1
 44
1.0
1001
ACAD
1000
MTEXTBEGIN
1070
    73
1070
     1
1070
    44
1040
1.0
1070
    74
1070
     0
1000
MTEXTEND
  0
LWPOLYLINE
  5
A0
330
1F
100
AcDbEntity
  8
Stats
 62
   151
100
AcDbPolyline
 90
        5
 70
     1
 43
0.0
 10
0.0000000000009095
 20
-8577.790535792589
 10
250.0000000000009
 20
-8577.790535792589
 10
250.0000000000009
 20
-8657.790535792589
 10
0.0000000000009095
 20
-8657.790535792589
 10
0.0000000000009095
 20
-8577.790535792589
  0
TEXT
  5
A1
330
1F
100
AcDbEntity
  8
Stats
 62
    60
100
AcDbText
 10
2.000000000000909
 20
-8589.790535792587
 30
0.0
 40
10.0
  1
Production Qty: 3
100
AcDbText
  0
TEXT
  5
A2
330
1F
100
AcDbEntity
  8
Stats
 62
    60
100
AcDbText
 10
2.000000000000909
 20
-8601.790535792588
 30
0.0
 40
10.0
  1
Sheet 2 (2800,00 x 2100,00)
100
AcDbText
  0
TEXT
  5
A3
330
1F
100
AcDbEntity
  8
Stats
 62
    60
100
AcDbText
 10
2.000000000000909
 20
-8613.790535792588
 30
0.0
 40
10.0
  1
Parts Nested: 16
100
AcDbText
  0
TEXT
  5
A4
330
1F
100
AcDbEntity
  8
Stats
 62
    60
100
AcDbText
 10
2.000000000000909
 20
-8625.790535792587
 30
0.0
 40
10.0
  1
Util (Nest): 72,82%
100
AcDbText
  0
TEXT
  5
A5
330
1F
100
AcDbEntity
  8
Stats
 62
    60
100
AcDbText
 10
2.000000000000909
 20
-8637.790535792587
 30
0.0
 40
10.0
  1
Util (Sheet): 70,39%
100
AcDbText
  0
TEXT
  5
A6
330
1F
100
AcDbEntity
  8
Stats
 62
    60
100
AcDbText
 10
2.000000000000909
 20
-8649.790535792588
 30
0.0
 40
10.0
  1
Cut Distance: 44091,69mm
100
AcDbText
  0
LWPOLYLINE
  5
A7
330
1F
100
AcDbEntity
  8
sheet
 62
     7
100
AcDbPolyline
 90
        4
 70
     1
 43
0.0
 10
0.000000099999852
 20
-3413.497433300284
 10
2800.000000099999
 20
-3413.497433300284
 10
2800.000000099999
 20
-1313.497433300284
 10
0.000000099999852
 20
-1313.497433300284
  0
CIRCLE
  5
A8
330
1F
100
AcDbEntity
  8
0
 62
     7
100
AcDbCircle
 10
2653.168001736287
 20
-1820.354982049128
 30
0.0
 40
110.0
  0
CIRCLE
  5
A9
330
1F
100
AcDbEntity
  8
0
 62
     7
100
AcDbCircle
 10
2653.168001736287
 20
-1820.354982049128
 30
0.0
 40
60.0
  0
MTEXT
  5
AA
330
1F
100
AcDbEntity
  8
Texto
 62
     3
100
AcDbMText
 10
2627.98414570459
 20
-1733.514790990014
 30
0.0
 40
10.0
 41
86.14788832487645
 71
     1
 72
     5
  1
{\C1;4x}
 73
     1
 44
1.0
1001
ACAD
1000
MTEXTBEGIN
1070
    73
1070
     1
1070
    44
1040
1.0
1070
    74
1070
     0
1000
MTEXTEND
  0
CIRCLE
  5
AB
330
1F
100
AcDbEntity
  8
0
 62
     7
100
AcDbCircle
 10
2609.67937871711
 20
-2097.971280539532
 30
0.0
 40
155.0
  0
CIRCLE
  5
AC
330
1F
100
AcDbEntity
  8
0
 62
     7
100
AcDbCircle
 10
2609.67937871711
 20
-2097.971280539532
 30
0.0
 40
100.0
  0
MTEXT
  5
AD
330
1F
100
AcDbEntity
  8
Texto
 62
     3
100
AcDbMText
 10
2611.492009357413
 20
-2221.077294859278
 30
0.0
 40
10.0
 41
86.14788832487645
 71
     1
 72
     5
  1
{\C1;11x}
 73
     1
 44
1.0
1001
ACAD
1000
MTEXTBEGIN
1070
    73
1070
     1
1070
    44
1040
1.0
1070
    74
1070
     0
1000
MTEXTEND
  0
CIRCLE
  5
AE
330
1F
100
AcDbEntity
  8
0
 62
     7
100
AcDbCircle
 10
2509.030387636546
 20
-3150.447412300285
 30
0.0
 40
245.0
  0
CIRCLE
  5
AF
330
1F
100
AcDbEntity
  8
0
 62
     7
100
AcDbCircle
 10
2509.030387636546
 20
-3150.447412300285
 30
0.0
 40
210.0
  0
MTEXT
  5
B0
330
1F
100
AcDbEntity
  8
Texto
 62
     3
100
AcDbMText
 10
2273.457565684859
 20
-3165.367634836421
 30
0.0
 40
10.0
 41
86.14788832487645
 71
     1
 72
     5
  1
{\C1;4x}
 11
0.0000000000000001
 21
1.0
 31
0.0
 73
     1
 44
1.0
1001
ACAD
1000
MTEXTBEGIN
1070
    73
1070
     1
1070
    44
1040
1.0
1070
    74
1070
     0
1000
MTEXTEND
  0
LWPOLYLINE
  5
B1
330
1F
100
AcDbEntity
  8
4004-0813
 62
     7
100
AcDbPolyline
 90
       12
 70
     1
 43
0.0
 10
2453.679962900002
 20
-2870.547132539532
 42
0.2600734925226712
 10
2456.232743972751
 20
-2871.971280771563
 10
2765.559100767814
 20
-2871.971280771563
 42
0.4142135623692103
 10
2768.559100767814
 20
-2868.971280771563
 10
2768.559100767814
 20
-2271.971280771563
 42
0.4142135623493647
 10
2765.559100767814
 20
-2268.971280771563
 10
2456.232743972751
 20
-2268.971280771563
 42
0.2600734924822897
 10
2453.679962900002
 20
-2270.395429003594
 10
2422.217855689056
 20
-2321.362070301599
 42
0.4190619837390975
 10
2423.237183261863
 20
-2325.516394556046
 42
-0.5687656190837082
 10
2423.237183261866
 20
-2815.426166987079
 42
0.4190619837854124
 10
2422.217855689054
 20
-2819.580491241527
  0
MTEXT
  5
B2
330
1F
100
AcDbEntity
  8
Texto
 62
     3
100
AcDbMText
 10
2624.669723169611
 20
-2621.738162236913
 30
0.0
 40
10.0
 41
86.14788832487645
 71
     1
 72
     5
  1
{\C1;4x}
 73
     1
 44
1.0
1001
ACAD
1000
MTEXTBEGIN
1070
    73
1070
     1
1070
    44
1040
1.0
1070
    74
1070
     0
1000
MTEXTEND
  0
CIRCLE
  5
B3
330
1F
100
AcDbEntity
  8
0
 62
     7
100
AcDbCircle
 10
2603.462448978526
 20
-1569.225273831225
 30
0.0
 40
130.0
  0
CIRCLE
  5
B4
330
1F
100
AcDbEntity
  8
0
 62
     7
100
AcDbCircle
 10
2603.462448978526
 20
-1569.225273831225
 30
0.0
 40
100.0
  0
MTEXT
  5
B5
330
1F
100
AcDbEntity
  8
Texto
 62
     3
100
AcDbMText
 10
2580.440980743955
 20
-1675.948961515642
 30
0.0
 40
10.0
 41
86.14788832487645
 71
     1
 72
     5
  1
{\C1;6x}
 73
     1
 44
1.0
1001
ACAD
1000
MTEXTBEGIN
1070
    73
1070
     1
1070
    44
1040
1.0
1070
    74
1070
     0
1000
MTEXTEND
  0
CIRCLE
  5
B6
330
1F
100
AcDbEntity
  8
0
 62
     7
100
AcDbCircle
 10
2499.149450219527
 20
-3160.293992611686
 30
0.0
 40
180.0
  0
CIRCLE
  5
B7
330
1F
100
AcDbEntity
  8
0
 62
     7
100
AcDbCircle
 10
2499.149450219527
 20
-3160.293992611686
 30
0.0
 40
115.0
  0
LWPOLYLINE
  5
B8
330
1F
100
AcDbEntity
  8
0
 62
     7
100
AcDbPolyline
 90
       16
 70
     1
 43
0.0
 10
2421.313452736285
 20
-2271.156060427661
 42
0.4142135623740306
 10
2424.450872701747
 20
-2268.300084944519
 10
2435.142155434367
 20
-2040.627882097648
 42
-0.1899342168918354
 10
2436.043828425649
 20
-2038.621310374761
 42
0.3940850546557582
 10
2455.372520846248
 20
-1627.014388024696
 42
-0.1899342168717631
 10
2454.662854733315
 20
-1624.932149260661
 10
2465.354137465931
 20
-1397.25994641379
 42
0.4142135623384726
 10
2462.498161982793
 20
-1394.122526448326
 10
2028.975891200292
 20
-1373.764708893676
 42
0.4142135623917843
 10
2025.838471234829
 20
-1376.620684376818
 10
2015.147188502211
 20
-1604.292887223688
 42
-0.1899342168320224
 10
2014.245515510931
 20
-1606.299458946575
 42
0.3940850546557569
 10
1994.916823090331
 20
-2017.906381296641
 42
-0.1899342168521004
 10
1995.626489203265
 20
-2019.988620060676
 10
1984.935206470646
 20
-2247.660822907546
 42
0.4142135624270952
 10
1987.791181953789
 20
-2250.798242873012
  0
CIRCLE
  5
B9
330
1F
100
AcDbEntity
  8
0
 62
     7
100
AcDbCircle
 10
2225.144671968291
 20
-1822.460384660668
 30
0.0
 40
202.0
  0
MTEXT
  5
BA
330
1F
100
AcDbEntity
  8
Texto
 62
     3
100
AcDbMText
 10
2082.685460085119
 20
-2205.732192964324
 30
0.0
 40
10.0
 41
86.14788832487645
 71
     1
 72
     5
  1
{\C1;3x}
 11
0.0469074137208794
 21
0.9988992414342991
 31
0.0
 73
     1
 44
1.0
1001
ACAD
1000
MTEXTBEGIN
1070
    73
1070
     1
1070
    44
1040
1.0
1070
    74
1070
     0
1000
MTEXTEND
  0
CIRCLE
  5
BB
330
1F
100
AcDbEntity
  8
0
 62
     7
100
AcDbCircle
 10
2254.311896273932
 20
-2524.645018272924
 30
0.0
 40
245.0
  0
CIRCLE
  5
BC
330
1F
100
AcDbEntity
  8
0
 62
     7
100
AcDbCircle
 10
2254.311896273932
 20
-2524.645018272924
 30
0.0
 40
210.0
  0
MTEXT
  5
BD
330
1F
100
AcDbEntity
  8
Texto
 62
     3
100
AcDbMText
 10
2019.061007909328
 20
-2525.828685753607
 30
0.0
 40
10.0
 41
86.14788832487645
 71
     1
 72
     5
  1
{\C1;4x}
 11
0.0000000000000001
 21
1.0
 31
0.0
 73
     1
 44
1.0
1001
ACAD
1000
MTEXTBEGIN
1070
    73
1070
     1
1070
    44
1040
1.0
1070
    74
1070
     0
1000
MTEXTEND
  0
CIRCLE
  5
BE
330
1F
100
AcDbEntity
  8
0
 62
     7
100
AcDbCircle
 10
2244.430958856916
 20
-2534.491598584325
 30
0.0
 40
180.0
  0
CIRCLE
  5
BF
330
1F
100
AcDbEntity
  8
0
 62
     7
100
AcDbCircle
 10
2244.430958856916
 20
-2534.491598584325
 30
0.0
 40
115.0
  0
CIRCLE
  5
C0
330
1F
100
AcDbEntity
  8
0
 62
     7
100
AcDbCircle
 10
2217.077151084119
 20
-1829.786729171468
 30
0.0
 40
175.0
  0
CIRCLE
  5
C1
330
1F
100
AcDbEntity
  8
0
 62
     7
100
AcDbCircle
 10
2217.077151084119
 20
-1829.786729171468
 30
0.0
 40
85.0
  0
MTEXT
  5
C2
330
1F
100
AcDbEntity
  8
Texto
 62
     3
100
AcDbMText
 10
2214.613018426494
 20
-1957.668234777397
 30
0.0
 40
10.0
 41
86.14788832487645
 71
     1
 72
     5
  1
{\C1;2x}
 73
     1
 44
1.0
1001
ACAD
1000
MTEXTBEGIN
1070
    73
1070
     1
1070
    44
1040
1.0
1070
    74
1070
     0
1000
MTEXTEND
  0
LWPOLYLINE
  5
C3
330
1F
100
AcDbEntity
  8
EM-26235-12
 62
     7
100
AcDbPolyline
 90
        8
 70
     1
 43
0.0
 10
1906.698485874031
 20
-3319.299691300285
 10
2159.910441403502
 20
-3395.26643964395
 42
0.414213562467509
 10
2163.645986957206
 20
-3393.255047236639
 10
2334.337148450402
 20
-2824.308189096
 42
0.4142135621949044
 10
2332.325756043092
 20
-2820.572643542295
 10
2079.113800513622
 20
-2744.60589519863
 42
-0.2208102718422493
 10
2077.224557576817
 20
-2742.928353036062
 42
2.733128873710312
 10
1904.19780204505
 20
-3319.660200619099
 42
-0.2208102716464261
  0
CIRCLE
  5
C4
330
1F
100
AcDbEntity
  8
EM-26235-12
 62
     7
100
AcDbCircle
 10
1649.394373771079
 20
-2928.89497322568
 30
0.0
 40
229.5
  0
CIRCLE
  5
C5
330
1F
100
AcDbEntity
  8
EM-26235-12
 62
     7
100
AcDbCircle
 10
1738.4756196682
 20
-2631.969845239825
 30
0.0
 40
25.0
  0
CIRCLE
  5
C6
330
1F
100
AcDbEntity
  8
EM-26235-12
 62
     7
100
AcDbCircle
 10
1530.140447812028
 20
-3326.391515529325
 30
0.0
 40
30.0
  0
LWPOLYLINE
  5
C7
330
1F
100
AcDbEntity
  8
EM-26235-12
 62
     7
100
AcDbPolyline
 90
        4
 70
     1
 43
0.0
 10
2301.914487309721
 20
-2845.379995961017
 42
0.9999957910374185
 10
2306.22487017571
 20
-2831.012651058474
 10
2239.177260630516
 20
-2810.897531017189
 42
0.9999952532922048
 10
2234.866877764527
 20
-2825.264875919731
  0
LWPOLYLINE
  5
C8
330
1F
100
AcDbEntity
  8
EM-26235-12
 62
     7
100
AcDbPolyline
 90
        4
 70
     1
 43
0.0
 10
2148.177498422751
 20
-3357.815297484992
 10
2081.129888877559
 20
-3337.700177443707
 42
1.000003818312238
 10
2076.819506011569
 20
-3352.067522346248
 10
2143.867115556764
 20
-3372.182642387534
 42
0.999996184349847
  0
MTEXT
  5
C9
330
1F
100
AcDbEntity
  8
Texto
 62
     3
100
AcDbMText
 10
1763.964257451358
 20
-3206.908304706825
 30
0.0
 40
10.0
 41
86.14788832487645
 71
     1
 72
     5
  1
{\C1;2x}
 11
0.9578229935027991
 21
-0.2873588577325174
 31
0.0
 73
     1
 44
1.0
1001
ACAD
1000
MTEXTBEGIN
1070
    73
1070
     1
1070
    44
1040
1.0
1070
    74
1070
     0
1000
MTEXTEND
  0
CIRCLE
  5
CA
330
1F
100
AcDbEntity
  8
0
 62
     7
100
AcDbCircle
 10
1889.179269383075
 20
-1557.250690433515
 30
0.0
 40
110.0
  0
CIRCLE
  5
CB
330
1F
100
AcDbEntity
  8
0
 62
     7
100
AcDbCircle
 10
1889.179269383075
 20
-1557.250690433515
 30
0.0
 40
60.0
  0
MTEXT
  5
CC
330
1F
100
AcDbEntity
  8
Texto
 62
     3
100
AcDbMText
 10
1863.99541335138
 20
-1470.410499374401
 30
0.0
 40
10.0
 41
86.14788832487645
 71
     1
 72
     5
  1
{\C1;4x}
 73
     1
 44
1.0
1001
ACAD
1000
MTEXTBEGIN
1070
    73
1070
     1
1070
    44
1040
1.0
1070
    74
1070
     0
1000
MTEXTEND
  0
CIRCLE
  5
CD
330
1F
100
AcDbEntity
  8
0
 62
     7
100
AcDbCircle
 10
1860.156107479235
 20
-2380.393136351731
 30
0.0
 40
105.0
  0
CIRCLE
  5
CE
330
1F
100
AcDbEntity
  8
0
 62
     7
100
AcDbCircle
 10
1860.156107479235
 20
-2380.393136351731
 30
0.0
 40
60.0
  0
MTEXT
  5
CF
330
1F
100
AcDbEntity
  8
Texto
 62
     3
100
AcDbMText
 10
1862.251916472986
 20
-2456.243674973454
 30
0.0
 40
10.0
 41
86.14788832487645
 71
     1
 72
     5
  1
{\C1;8x}
 73
     1
 44
1.0
1001
ACAD
1000
MTEXTBEGIN
1070
    73
1070
     1
1070
    44
1040
1.0
1070
    74
1070
     0
1000
MTEXTEND
  0
LWPOLYLINE
  5
D0
330
1F
100
AcDbEntity
  8
EM-26235-11
 62
     7
100
AcDbPolyline
 90
        4
 70
     1
 43
0.0
 10
1752.286978846148
 20
-1600.254868300284
 10
1752.286978846148
 20
-1331.497432953488
 10
1152.286978846146
 20
-1331.497432953488
 10
1152.286978846146
 20
-1600.254868300284
 42
2.745808548844018
  0
CIRCLE
  5
D1
330
1F
100
AcDbEntity
  8
EM-26235-11
 62
     7
100
AcDbCircle
 10
1452.286978846148
 20
-1957.497432953489
 30
0.0
 40
229.5
  0
CIRCLE
  5
D2
330
1F
100
AcDbEntity
  8
EM-26235-11
 62
     7
100
AcDbCircle
 10
1142.286978846148
 20
-1957.497432953489
 30
0.0
 40
25.0
  0
CIRCLE
  5
D3
330
1F
100
AcDbEntity
  8
EM-26235-11
 62
     7
100
AcDbCircle
 10
1867.286978846149
 20
-1957.497432953489
 30
0.0
 40
30.0
  0
LWPOLYLINE
  5
D4
330
1F
100
AcDbEntity
  8
EM-26235-11
 62
     7
100
AcDbPolyline
 90
        4
 70
     1
 43
0.0
 10
1184.786978846146
 20
-1426.497432953489
 10
1184.786978846146
 20
-1356.49743295349
 42
0.9999921281249044
 10
1169.786978846148
 20
-1356.49743295349
 10
1169.786978846148
 20
-1426.497432953489
 42
0.9999933288449028
  0
LWPOLYLINE
  5
D5
330
1F
100
AcDbEntity
  8
EM-26235-11
 62
     7
100
AcDbPolyline
 90
        4
 70
     1
 43
0.0
 10
1719.786978846148
 20
-1426.497432953489
 42
1.000001101208848
 10
1734.786978846148
 20
-1426.497432953489
 10
1734.786978846148
 20
-1356.49743295349
 42
0.9999990150498586
 10
1719.786978846148
 20
-1356.49743295349
  0
MTEXT
  5
D6
330
1F
100
AcDbEntity
  8
Texto
 62
     3
100
AcDbMText
 10
1685.651869334163
 20
-1767.87017063271
 30
0.0
 40
10.0
 41
86.14788832487645
 71
     1
 72
     5
  1
{\C1;2x}
 11
0.0000000000000001
 21
1.0
 31
0.0
 73
     1
 44
1.0
1001
ACAD
1000
MTEXTBEGIN
1070
    73
1070
     1
1070
    44
1040
1.0
1070
    74
1070
     0
1000
MTEXTEND
  0
CIRCLE
  5
D7
330
1F
100
AcDbEntity
  8
0
 62
     7
100
AcDbCircle
 10
1626.15791906911
 20
-2952.870892111564
 30
0.0
 40
180.0
  0
CIRCLE
  5
D8
330
1F
100
AcDbEntity
  8
0
 62
     7
100
AcDbCircle
 10
1626.15791906911
 20
-2952.870892111564
 30
0.0
 40
115.0
  0
CIRCLE
  5
D9
330
1F
100
AcDbEntity
  8
0
 62
     7
100
AcDbCircle
 10
1428.850068481354
 20
-1981.26859113853
 30
0.0
 40
180.0
  0
CIRCLE
  5
DA
330
1F
100
AcDbEntity
  8
0
 62
     7
100
AcDbCircle
 10
1428.850068481354
 20
-1981.26859113853
 30
0.0
 40
115.0
  0
LWPOLYLINE
  5
DB
330
1F
100
AcDbEntity
  8
EM-26232-20
 62
     7
100
AcDbPolyline
 90
        6
 70
     1
 43
0.0
 10
1063.084904099999
 20
-3022.759555300285
 42
2.187249161073403
 10
163.084904100001
 20
-3022.759555298715
 10
163.0849040993553
 20
-3392.497432815676
 42
0.4142135623143681
 10
166.0849040993516
 20
-3395.497432815682
 10
1060.08490409935
 20
-3395.497432817242
 42
0.4142135622716076
 10
1063.084904099355
 20
-3392.497432817247
  0
LWPOLYLINE
  5
DC
330
1F
100
AcDbEntity
  8
EM-26232-20
 62
     7
100
AcDbPolyline
 90
        6
 70
     1
 43
0.0
 10
892.6864062425702
 20
-2658.497432816947
 10
948.0849041006358
 20
-2658.497432817047
 42
1.0
 10
948.0849041007223
 20
-2608.497432817046
 10
892.6864062426567
 20
-2608.497432816952
 42
-0.385273071520675
 10
889.7013368247543
 20
-2605.796365201289
 42
20.02148221935545
 10
889.7013368246561
 20
-2661.198500432599
 42
-0.3852730716393757
  0
CIRCLE
  5
DD
330
1F
100
AcDbEntity
  8
EM-26232-20
 62
     7
100
AcDbCircle
 10
98.08490410067953
 20
-2633.497432815563
 30
0.0
 40
40.0
  0
LWPOLYLINE
  5
DE
330
1F
100
AcDbEntity
  8
EM-26232-20
 62
     7
100
AcDbPolyline
 90
        4
 70
     1
 43
0.0
 10
1030.584904099515
 20
-3300.49743281719
 10
1030.584904099394
 20
-3370.49743281719
 42
0.9999929746958011
 10
1045.584904099395
 20
-3370.497432817217
 10
1045.584904099517
 20
-3300.497432817217
 42
0.9999972359930572
  0
LWPOLYLINE
  5
DF
330
1F
100
AcDbEntity
  8
EM-26232-20
 62
     7
100
AcDbPolyline
 90
        4
 70
     1
 43
0.0
 10
195.5849040995153
 20
-3300.497432815733
 42
1.000006061667153
 10
180.5849040995154
 20
-3300.497432815706
 10
180.5849040993944
 20
-3370.497432815707
 42
1.000009781604087
 10
195.5849040993944
 20
-3370.497432815733
  0
MTEXT
  5
E0
330
1F
100
AcDbEntity
  8
Texto
 62
     3
100
AcDbMText
 10
229.8388002332222
 20
-2991.130554088926
 30
0.0
 40
10.0
 41
86.14788832487645
 71
     1
 72
     5
  1
{\C1;2x}
 11
-0.0000000000018192
 21
-1.0
 31
0.0
 73
     1
 44
1.0
1001
ACAD
1000
MTEXTBEGIN
1070
    73
1070
     1
1070
    44
1040
1.0
1070
    74
1070
     0
1000
MTEXTEND
  0
CIRCLE
  5
E1
330
1F
100
AcDbEntity
  8
0
 62
     7
100
AcDbCircle
 10
904.3111155958504
 20
-1584.999757070932
 30
0.0
 40
180.0
  0
CIRCLE
  5
E2
330
1F
100
AcDbEntity
  8
0
 62
     7
100
AcDbCircle
 10
904.3111155958504
 20
-1584.999757070932
 30
0.0
 40
115.0
  0
CIRCLE
  5
E3
330
1F
100
AcDbEntity
  8
0
 62
     7
100
AcDbCircle
 10
824.1846588083053
 20
-1917.425265048819
 30
0.0
 40
135.5
  0
CIRCLE
  5
E4
330
1F
100
AcDbEntity
  8
0
 62
     7
100
AcDbCircle
 10
824.1846588083053
 20
-1917.425265048819
 30
0.0
 40
85.0
  0
MTEXT
  5
E5
330
1F
100
AcDbEntity
  8
Texto
 62
     3
100
AcDbMText
 10
830.3021529625603
 20
-2012.797358423824
 30
0.0
 40
10.0
 41
86.14788832487645
 71
     1
 72
     5
  1
{\C1;2x}
 73
     1
 44
1.0
1001
ACAD
1000
MTEXTBEGIN
1070
    73
1070
     1
1070
    44
1040
1.0
1070
    74
1070
     0
1000
MTEXTEND
  0
CIRCLE
  5
E6
330
1F
100
AcDbEntity
  8
0
 62
     7
100
AcDbCircle
 10
601.0623052750725
 20
-2645.302364782971
 30
0.0
 40
245.0
  0
CIRCLE
  5
E7
330
1F
100
AcDbEntity
  8
0
 62
     7
100
AcDbCircle
 10
601.0623052750725
 20
-2645.302364782971
 30
0.0
 40
210.0
  0
MTEXT
  5
E8
330
1F
100
AcDbEntity
  8
Texto
 62
     3
100
AcDbMText
 10
599.8786377943888
 20
-2410.051476418369
 30
0.0
 40
10.0
 41
86.14788832487645
 71
     1
 72
     5
  1
{\C1;4x}
 73
     1
 44
1.0
1001
ACAD
1000
MTEXTBEGIN
1070
    73
1070
     1
1070
    44
1040
1.0
1070
    74
1070
     0
1000
MTEXTEND
  0
CIRCLE
  5
E9
330
1F
100
AcDbEntity
  8
0
 62
     7
100
AcDbCircle
 10
591.2157131025342
 20
-2655.183291080838
 30
0.0
 40
180.0
  0
CIRCLE
  5
EA
330
1F
100
AcDbEntity
  8
0
 62
     7
100
AcDbCircle
 10
591.2157131025342
 20
-2655.183291080838
 30
0.0
 40
115.0
  0
LWPOLYLINE
  5
EB
330
1F
100
AcDbEntity
  8
0
 62
     7
100
AcDbPolyline
 90
        8
 70
     1
 43
0.0
 10
400.3834850999992
 20
-2052.384956512665
 42
22.72265773021761
 10
338.6265304879953
 20
-2052.384956512665
 42
0.4402178325907561
 10
349.5050077939977
 20
-2042.423617364597
 10
349.5050077939977
 20
-2023.743885458065
 42
-0.4142135623730617
 10
369.5050077939977
 20
-2003.743885458065
 10
369.5050077939977
 20
-2003.743885458065
 42
-0.414213562372619
 10
389.5050077939977
 20
-2023.743885458065
 10
389.5050077939977
 20
-2042.423617364597
 42
0.4402178325888647
  0
CIRCLE
  5
EC
330
1F
100
AcDbEntity
  8
0
 62
     7
100
AcDbCircle
 10
369.5050077939977
 20
-1702.243885458064
 30
0.0
 40
183.5
  0
CIRCLE
  5
ED
330
1F
100
AcDbEntity
  8
0
 62
     7
100
AcDbCircle
 10
369.5050077939977
 20
-1468.743885458065
 30
0.0
 40
25.0
  0
MTEXT
  5
EE
330
1F
100
AcDbEntity
  8
Texto
 62
     3
100
AcDbMText
 10
119.6175165476925
 20
-1765.54619706788
 30
0.0
 40
10.0
 41
86.14788832487645
 71
     1
 72
     5
  1
{\C1;3x}
 73
     1
 44
1.0
1001
ACAD
1000
MTEXTBEGIN
1070
    73
1070
     1
1070
    44
1040
1.0
1070
    74
1070
     0
1000
MTEXTEND
  0
CIRCLE
  5
EF
330
1F
100
AcDbEntity
  8
0
 62
     7
100
AcDbCircle
 10
360.6601298284004
 20
-1710.962176381541
 30
0.0
 40
155.0
  0
CIRCLE
  5
F0
330
1F
100
AcDbEntity
  8
0
 62
     7
100
AcDbCircle
 10
360.6601298284004
 20
-1710.962176381541
 30
0.0
 40
110.0
  0
MTEXT
  5
F1
330
1F
100
AcDbEntity
  8
Texto
 62
     3
100
AcDbMText
 10
401.5778988363081
 20
-1579.905103055647
 30
0.0
 40
10.0
 41
86.14788832487645
 71
     1
 72
     5
  1
{\C1;2x}
 73
     1
 44
1.0
1001
ACAD
1000
MTEXTBEGIN
1070
    73
1070
     1
1070
    44
1040
1.0
1070
    74
1070
     0
1000
MTEXTEND
  0
CIRCLE
  5
F2
330
1F
100
AcDbEntity
  8
0
 62
     7
100
AcDbCircle
 10
123.0223411000006
 20
-2111.44431706299
 30
0.0
 40
105.0
  0
CIRCLE
  5
F3
330
1F
100
AcDbEntity
  8
0
 62
     7
100
AcDbCircle
 10
123.0223411000006
 20
-2111.44431706299
 30
0.0
 40
70.0
  0
MTEXT
  5
F4
330
1F
100
AcDbEntity
  8
Texto
 62
     3
100
AcDbMText
 10
200.494177993879
 20
-2077.787937602043
 30
0.0
 40
10.0
 41
86.14788832487645
 71
     1
 72
     5
  1
{\C1;3x}
 73
     1
 44
1.0
1001
ACAD
1000
MTEXTBEGIN
1070
    73
1070
     1
1070
    44
1040
1.0
1070
    74
1070
     0
1000
MTEXTEND
  0
LWPOLYLINE
  5
F5
330
1F
100
AcDbEntity
  8
Stats
 62
   151
100
AcDbPolyline
 90
        5
 70
     1
 43
0.0
 10
0.0
 20
-3438.497433400285
 10
250.0
 20
-3438.497433400285
 10
250.0
 20
-3518.497433400284
 10
0.0
 20
-3518.497433400284
 10
0.0
 20
-3438.497433400285
  0
TEXT
  5
F6
330
1F
100
AcDbEntity
  8
Stats
 62
    60
100
AcDbText
 10
2.0
 20
-3450.497433400285
 30
0.0
 40
10.0
  1
Production Qty: 2
100
AcDbText
  0
TEXT
  5
F7
330
1F
100
AcDbEntity
  8
Stats
 62
    60
100
AcDbText
 10
2.0
 20
-3462.497433400284
 30
0.0
 40
10.0
  1
Sheet 3 (2800,00 x 2100,00)
100
AcDbText
  0
TEXT
  5
F8
330
1F
100
AcDbEntity
  8
Stats
 62
    60
100
AcDbText
 10
2.0
 20
-3474.497433400285
 30
0.0
 40
10.0
  1
Parts Nested: 24
100
AcDbText
  0
TEXT
  5
F9
330
1F
100
AcDbEntity
  8
Stats
 62
    60
100
AcDbText
 10
2.0
 20
-3486.497433400284
 30
0.0
 40
10.0
  1
Util (Nest): 68,36%
100
AcDbText
  0
TEXT
  5
FA
330
1F
100
AcDbEntity
  8
Stats
 62
    60
100
AcDbText
 10
2.0
 20
-3498.497433400285
 30
0.0
 40
10.0
  1
Util (Sheet): 66,00%
100
AcDbText
  0
TEXT
  5
FB
330
1F
100
AcDbEntity
  8
Stats
 62
    60
100
AcDbText
 10
2.0
 20
-3510.497433400285
 30
0.0
 40
10.0
  1
Cut Distance: 59255,94mm
100
AcDbText
  0
LWPOLYLINE
  5
13C
330
1F
100
AcDbEntity
  8
sheet
 62
     7
100
AcDbPolyline
 90
        4
 70
     1
 43
0.0
 10
2870.000000309999
 20
-5983.143984496437
 10
4270.000000309998
 20
-5983.143984496437
 10
4270.000000309998
 20
-3883.143984496437
 10
2870.000000309999
 20
-3883.143984496437
  0
LWPOLYLINE
  5
13D
330
1F
100
AcDbEntity
  8
Des.11824973
 62
     7
100
AcDbPolyline
 90
       10
 70
     1
 43
0.0
 10
4247.68662321072
 20
-4631.144155044772
 42
0.4142135624679059
 10
4250.686623210719
 20
-4628.144155044772
 10
4250.686623210719
 20
-3904.144155044772
 42
0.4142135622409682
 10
4247.68662321072
 20
-3901.144155044772
 10
3916.68662321072
 20
-3901.144155044774
 10
3846.492885442824
 20
-4005.408840953219
 42
0.4347857209832763
 10
3847.48353470456
 20
-4009.683489536623
 42
-0.5778784368843049
 10
3847.48353470456
 20
-4522.604820552919
 42
0.4347857205282101
 10
3846.492885442824
 20
-4526.879469136324
 10
3916.68662321072
 20
-4631.144155044769
  0
MTEXT
  5
13E
330
1F
100
AcDbEntity
  8
Texto
 62
     3
100
AcDbMText
 10
4091.927123939443
 20
-4330.772034380034
 30
0.0
 40
10.0
 41
86.14788832487645
 71
     1
 72
     5
  1
{\C1;4x}
 73
     1
 44
1.0
1001
ACAD
1000
MTEXTBEGIN
1070
    73
1070
     1
1070
    44
1040
1.0
1070
    74
1070
     0
1000
MTEXTEND
  0
CIRCLE
  5
13F
330
1F
100
AcDbEntity
  8
0
 62
     7
100
AcDbCircle
 10
4068.783283421839
 20
-4954.143984495232
 30
0.0
 40
180.0
  0
CIRCLE
  5
140
330
1F
100
AcDbEntity
  8
0
 62
     7
100
AcDbCircle
 10
4068.783283421839
 20
-4954.143984495232
 30
0.0
 40
115.0
  0
LWPOLYLINE
  5
141
330
1F
100
AcDbEntity
  8
13672575
 62
     7
100
AcDbPolyline
 90
       10
 70
     1
 43
0.0
 10
3811.350544210719
 20
-5849.629334495232
 10
3888.686623694331
 20
-5965.143984863162
 10
4247.68662369433
 20
-5965.143984863161
 42
0.4142135621787921
 10
4250.68662369433
 20
-5962.143984863161
 10
4250.68662369433
 20
-5153.143984863162
 42
0.4142135623724402
 10
4247.68662369433
 20
-5150.143984863162
 10
3888.686623694331
 20
-5150.143984863162
 10
3811.350544210719
 20
-5265.658635231091
 42
0.4341366449155434
 10
3812.346513427993
 20
-5269.927456082781
 42
-0.5781388749942464
 10
3812.346513427993
 20
-5845.360513643544
 42
0.4341366449462086
  0
MTEXT
  5
142
330
1F
100
AcDbEntity
  8
Texto
 62
     3
100
AcDbMText
 10
3999.637984547576
 20
-5283.164750022852
 30
0.0
 40
10.0
 41
86.14788832487645
 71
     1
 72
     5
  1
{\C1;16x}
 73
     1
 44
1.0
1001
ACAD
1000
MTEXTBEGIN
1070
    73
1070
     1
1070
    44
1040
1.0
1070
    74
1070
     0
1000
MTEXTEND
  0
CIRCLE
  5
143
330
1F
100
AcDbEntity
  8
0
 62
     7
100
AcDbCircle
 10
3824.026296310737
 20
-5628.343915649441
 30
0.0
 40
125.0
  0
CIRCLE
  5
144
330
1F
100
AcDbEntity
  8
0
 62
     7
100
AcDbCircle
 10
3824.026296310737
 20
-5628.343915649441
 30
0.0
 40
85.0
  0
MTEXT
  5
145
330
1F
100
AcDbEntity
  8
Texto
 62
     3
100
AcDbMText
 10
3812.492640378708
 20
-5725.551235932964
 30
0.0
 40
10.0
 41
86.14788832487645
 71
     1
 72
     5
  1
{\C1;8x}
 73
     1
 44
1.0
1001
ACAD
1000
MTEXTBEGIN
1070
    73
1070
     1
1070
    44
1040
1.0
1070
    74
1070
     0
1000
MTEXTEND
  0
CIRCLE
  5
146
330
1F
100
AcDbEntity
  8
0
 62
     7
100
AcDbCircle
 10
3829.027284310735
 20
-4190.318220246578
 30
0.0
 40
130.0
  0
CIRCLE
  5
147
330
1F
100
AcDbEntity
  8
0
 62
     7
100
AcDbCircle
 10
3829.027284310735
 20
-4190.318220246578
 30
0.0
 40
80.0
  0
MTEXT
  5
148
330
1F
100
AcDbEntity
  8
Texto
 62
     3
100
AcDbMText
 10
3818.576518623012
 20
-4285.31873575313
 30
0.0
 40
10.0
 41
86.14788832487645
 71
     1
 72
     5
  1
{\C1;35x}
 73
     1
 44
1.0
1001
ACAD
1000
MTEXTBEGIN
1070
    73
1070
     1
1070
    44
1040
1.0
1070
    74
1070
     0
1000
MTEXTEND
  0
CIRCLE
  5
149
330
1F
100
AcDbEntity
  8
0
 62
     7
100
AcDbCircle
 10
3786.299838337797
 20
-4791.355414216428
 30
0.0
 40
130.0
  0
CIRCLE
  5
14A
330
1F
100
AcDbEntity
  8
0
 62
     7
100
AcDbCircle
 10
3786.299838337797
 20
-4791.355414216428
 30
0.0
 40
80.0
  0
MTEXT
  5
14B
330
1F
100
AcDbEntity
  8
Texto
 62
     3
100
AcDbMText
 10
3775.84907265007
 20
-4886.355929722981
 30
0.0
 40
10.0
 41
86.14788832487645
 71
     1
 72
     5
  1
{\C1;35x}
 73
     1
 44
1.0
1001
ACAD
1000
MTEXTBEGIN
1070
    73
1070
     1
1070
    44
1040
1.0
1070
    74
1070
     0
1000
MTEXTEND
  0
CIRCLE
  5
14C
330
1F
100
AcDbEntity
  8
0
 62
     7
100
AcDbCircle
 10
3685.435893621308
 20
-5101.361584746847
 30
0.0
 40
180.0
  0
CIRCLE
  5
14D
330
1F
100
AcDbEntity
  8
0
 62
     7
100
AcDbCircle
 10
3685.435893621308
 20
-5101.361584746847
 30
0.0
 40
115.0
  0
CIRCLE
  5
14E
330
1F
100
AcDbEntity
  8
0
 62
     7
100
AcDbCircle
 10
3765.685107094905
 20
-4433.229485750273
 30
0.0
 40
105.0
  0
CIRCLE
  5
14F
330
1F
100
AcDbEntity
  8
0
 62
     7
100
AcDbCircle
 10
3765.685107094905
 20
-4433.229485750273
 30
0.0
 40
80.0
  0
MTEXT
  5
150
330
1F
100
AcDbEntity
  8
Texto
 62
     3
100
AcDbMText
 10
3762.959218423447
 20
-4336.121028943273
 30
0.0
 40
10.0
 41
86.14788832487645
 71
     1
 72
     5
  1
{\C1;7x}
 73
     1
 44
1.0
1001
ACAD
1000
MTEXTBEGIN
1070
    73
1070
     1
1070
    44
1040
1.0
1070
    74
1070
     0
1000
MTEXTEND
  0
CIRCLE
  5
151
330
1F
100
AcDbEntity
  8
0
 62
     7
100
AcDbCircle
 10
3549.576455511383
 20
-5397.713284218849
 30
0.0
 40
130.0
  0
CIRCLE
  5
152
330
1F
100
AcDbEntity
  8
0
 62
     7
100
AcDbCircle
 10
3549.576455511383
 20
-5397.713284218849
 30
0.0
 40
80.0
  0
MTEXT
  5
153
330
1F
100
AcDbEntity
  8
Texto
 62
     3
100
AcDbMText
 10
3539.12568982366
 20
-5492.713799725401
 30
0.0
 40
10.0
 41
86.14788832487645
 71
     1
 72
     5
  1
{\C1;35x}
 73
     1
 44
1.0
1001
ACAD
1000
MTEXTBEGIN
1070
    73
1070
     1
1070
    44
1040
1.0
1070
    74
1070
     0
1000
MTEXTEND
  0
LWPOLYLINE
  5
154
330
1F
100
AcDbEntity
  8
14025428
 62
     7
100
AcDbPolyline
 90
       10
 70
     1
 43
0.0
 10
2991.019727310734
 20
-5541.464166495233
 10
2888.000000629711
 20
-5610.143984282323
 10
2888.000000629097
 20
-5962.143984282324
 42
0.4142135623855621
 10
2891.000000629093
 20
-5965.143984282328
 10
3680.000000629093
 20
-5965.143984283706
 42
0.414213562583906
 10
3683.000000629099
 20
-5962.143984283712
 10
3683.000000629711
 20
-5610.143984283712
 10
3579.980273948925
 20
-5541.464166496261
 42
0.4349164365806994
 10
3575.70950119944
 20
-5542.475305511946
 42
-0.5811962683527591
 10
2995.290500060214
 20
-5542.475305510931
 42
0.4349164366496899
  0
MTEXT
  5
155
330
1F
100
AcDbEntity
  8
Texto
 62
     3
100
AcDbMText
 10
3329.107224850269
 20
-5783.279179048287
 30
0.0
 40
10.0
 41
86.14788832487645
 71
     1
 72
     5
  1
{\C1;8x}
 11
-0.0000000000018192
 21
-1.0
 31
0.0
 73
     1
 44
1.0
1001
ACAD
1000
MTEXTBEGIN
1070
    73
1070
     1
1070
    44
1040
1.0
1070
    74
1070
     0
1000
MTEXTEND
  0
LWPOLYLINE
  5
156
330
1F
100
AcDbEntity
  8
14025428
 62
     7
100
AcDbPolyline
 90
       10
 70
     1
 43
0.0
 10
3579.980273310735
 20
-4324.823802495231
 10
3682.999999991641
 20
-4256.14398470796
 10
3682.999999991641
 20
-3904.14398470796
 42
0.4142135623854376
 10
3679.999999991641
 20
-3901.143984707961
 10
2890.999999991641
 20
-3901.143984707961
 42
0.4142135625838943
 10
2887.999999991641
 20
-3904.143984707959
 10
2887.999999991641
 20
-4256.14398470796
 10
2991.019726672549
 20
-4324.82380249523
 42
0.434916436580729
 10
2995.290499422029
 20
-4323.812663479539
 42
-0.5811962683527591
 10
3575.709500561255
 20
-4323.81266347954
 42
0.4349164366497452
  0
MTEXT
  5
157
330
1F
100
AcDbEntity
  8
Texto
 62
     3
100
AcDbMText
 10
3241.89277577078
 20
-4083.008789942767
 30
0.0
 40
10.0
 41
86.14788832487645
 71
     1
 72
     5
  1
{\C1;8x}
 11
0.0000000000000001
 21
1.0
 31
0.0
 73
     1
 44
1.0
1001
ACAD
1000
MTEXTBEGIN
1070
    73
1070
     1
1070
    44
1040
1.0
1070
    74
1070
     0
1000
MTEXTEND
  0
LWPOLYLINE
  5
158
330
1F
100
AcDbEntity
  8
13781249
 62
     7
100
AcDbPolyline
 90
       10
 70
     1
 43
0.0
 10
2888.000000310737
 20
-4746.897227495232
 42
0.4142135622898497
 10
2891.000000310732
 20
-4749.897227495238
 10
3644.000000310732
 20
-4749.897227496552
 42
0.4142135623334703
 10
3647.000000310737
 20
-4746.897227496556
 10
3647.000000311245
 20
-4456.897227496557
 10
3539.404040157101
 20
-4349.152749312657
 42
0.4307729053459971
 10
3535.045500993039
 20
-4349.272257658296
 42
-0.4471200955848702
 10
2999.954499629822
 20
-4349.272257657363
 42
0.4307729052886558
 10
2995.595960465761
 20
-4349.152749311707
 10
2888.000000311245
 20
-4456.897227495232
  0
MTEXT
  5
159
330
1F
100
AcDbEntity
  8
Texto
 62
     3
100
AcDbMText
 10
3326.583058271835
 20
-4551.878605272837
 30
0.0
 40
10.0
 41
86.14788832487645
 71
     1
 72
     5
  1
{\C1;8x}
 11
-0.0000000000018192
 21
-1.0
 31
0.0
 73
     1
 44
1.0
1001
ACAD
1000
MTEXTBEGIN
1070
    73
1070
     1
1070
    44
1040
1.0
1070
    74
1070
     0
1000
MTEXTEND
  0
CIRCLE
  5
15A
330
1F
100
AcDbEntity
  8
0
 62
     7
100
AcDbCircle
 10
3429.333132121726
 20
-4895.531385992911
 30
0.0
 40
125.0
  0
CIRCLE
  5
15B
330
1F
100
AcDbEntity
  8
0
 62
     7
100
AcDbCircle
 10
3429.333132121726
 20
-4895.531385992911
 30
0.0
 40
85.0
  0
MTEXT
  5
15C
330
1F
100
AcDbEntity
  8
Texto
 62
     3
100
AcDbMText
 10
3417.799476189695
 20
-4992.738706276433
 30
0.0
 40
10.0
 41
86.14788832487645
 71
     1
 72
     5
  1
{\C1;8x}
 73
     1
 44
1.0
1001
ACAD
1000
MTEXTBEGIN
1070
    73
1070
     1
1070
    44
1040
1.0
1070
    74
1070
     0
1000
MTEXTEND
  0
CIRCLE
  5
15D
330
1F
100
AcDbEntity
  8
0
 62
     7
100
AcDbCircle
 10
3343.066255942692
 20
-5178.727984667455
 30
0.0
 40
155.0
  0
CIRCLE
  5
15E
330
1F
100
AcDbEntity
  8
0
 62
     7
100
AcDbCircle
 10
3343.066255942692
 20
-5178.727984667455
 30
0.0
 40
70.0
  0
MTEXT
  5
15F
330
1F
100
AcDbEntity
  8
Texto
 62
     3
100
AcDbMText
 10
3312.107526926709
 20
-5275.13829308886
 30
0.0
 40
10.0
 41
86.14788832487645
 71
     1
 72
     5
  1
{\C1;8x}
 73
     1
 44
1.0
1001
ACAD
1000
MTEXTBEGIN
1070
    73
1070
     1
1070
    44
1040
1.0
1070
    74
1070
     0
1000
MTEXTEND
  0
CIRCLE
  5
160
330
1F
100
AcDbEntity
  8
0
 62
     7
100
AcDbCircle
 10
3287.003154016128
 20
-5590.066871495231
 30
0.0
 40
105.0
  0
CIRCLE
  5
161
330
1F
100
AcDbEntity
  8
0
 62
     7
100
AcDbCircle
 10
3287.003154016128
 20
-5590.066871495231
 30
0.0
 40
60.0
  0
MTEXT
  5
162
330
1F
100
AcDbEntity
  8
Texto
 62
     3
100
AcDbMText
 10
3289.098963009875
 20
-5665.917410116954
 30
0.0
 40
10.0
 41
86.14788832487645
 71
     1
 72
     5
  1
{\C1;8x}
 73
     1
 44
1.0
1001
ACAD
1000
MTEXTBEGIN
1070
    73
1070
     1
1070
    44
1040
1.0
1070
    74
1070
     0
1000
MTEXTEND
  0
CIRCLE
  5
163
330
1F
100
AcDbEntity
  8
0
 62
     7
100
AcDbCircle
 10
3213.083295116273
 20
-4315.75011634996
 30
0.0
 40
130.0
  0
CIRCLE
  5
164
330
1F
100
AcDbEntity
  8
0
 62
     7
100
AcDbCircle
 10
3213.083295116273
 20
-4315.75011634996
 30
0.0
 40
80.0
  0
MTEXT
  5
165
330
1F
100
AcDbEntity
  8
Texto
 62
     3
100
AcDbMText
 10
3202.63252942855
 20
-4410.750631856512
 30
0.0
 40
10.0
 41
86.14788832487645
 71
     1
 72
     5
  1
{\C1;35x}
 73
     1
 44
1.0
1001
ACAD
1000
MTEXTBEGIN
1070
    73
1070
     1
1070
    44
1040
1.0
1070
    74
1070
     0
1000
MTEXTEND
  0
LWPOLYLINE
  5
166
330
1F
100
AcDbEntity
  8
13781249
 62
     7
100
AcDbPolyline
 90
       10
 70
     1
 43
0.0
 10
2891.000000310737
 20
-4765.897227495232
 42
0.4142135622896945
 10
2888.000000310737
 20
-4768.897227495232
 10
2888.000000310737
 20
-5521.897227495232
 42
0.4142135623336201
 10
2891.000000310737
 20
-5524.897227495232
 10
3181.000000310737
 20
-5524.897227495232
 10
3288.744478494449
 20
-5417.301267340902
 42
0.4307729053462366
 10
3288.624970148799
 20
-5412.94272817684
 42
-0.4471200955848696
 10
3288.624970148799
 20
-4877.851726813623
 42
0.4307729052886071
 10
3288.744478494452
 20
-4873.493187649561
 10
3181.000000310737
 20
-4765.897227495232
  0
MTEXT
  5
167
330
1F
100
AcDbEntity
  8
Texto
 62
     3
100
AcDbMText
 10
3086.018622533896
 20
-5204.480285455992
 30
0.0
 40
10.0
 41
86.14788832487645
 71
     1
 72
     5
  1
{\C1;8x}
 11
-1.0
 21
0.0000000000000001
 31
0.0
 73
     1
 44
1.0
1001
ACAD
1000
MTEXTBEGIN
1070
    73
1070
     1
1070
    44
1040
1.0
1070
    74
1070
     0
1000
MTEXTEND
  0
LWPOLYLINE
  5
168
330
1F
100
AcDbEntity
  8
Stats
 62
   151
100
AcDbPolyline
 90
        5
 70
     1
 43
0.0
 10
2870.00000021
 20
-6008.143984596436
 10
3120.00000021
 20
-6008.143984596436
 10
3120.00000021
 20
-6088.143984596437
 10
2870.00000021
 20
-6088.143984596437
 10
2870.00000021
 20
-6008.143984596436
  0
TEXT
  5
169
330
1F
100
AcDbEntity
  8
Stats
 62
    60
100
AcDbText
 10
2872.00000021
 20
-6020.143984596437
 30
0.0
 40
10.0
  1
Production Qty: 4
100
AcDbText
  0
TEXT
  5
16A
330
1F
100
AcDbEntity
  8
Stats
 62
    60
100
AcDbText
 10
2872.00000021
 20
-6032.143984596437
 30
0.0
 40
10.0
  1
Sheet 5 (1400,00 x 2100,00)
100
AcDbText
  0
TEXT
  5
16B
330
1F
100
AcDbEntity
  8
Stats
 62
    60
100
AcDbText
 10
2872.00000021
 20
-6044.143984596437
 30
0.0
 40
10.0
  1
Parts Nested: 17
100
AcDbText
  0
TEXT
  5
16C
330
1F
100
AcDbEntity
  8
Stats
 62
    60
100
AcDbText
 10
2872.00000021
 20
-6056.143984596437
 30
0.0
 40
10.0
  1
Util (Nest): 68,72%
100
AcDbText
  0
TEXT
  5
16D
330
1F
100
AcDbEntity
  8
Stats
 62
    60
100
AcDbText
 10
2872.00000021
 20
-6068.143984596437
 30
0.0
 40
10.0
  1
Util (Sheet): 65,74%
100
AcDbText
  0
TEXT
  5
16E
330
1F
100
AcDbEntity
  8
Stats
 62
    60
100
AcDbText
 10
2872.00000021
 20
-6080.143984596436
 30
0.0
 40
10.0
  1
Cut Distance: 29481,74mm
100
AcDbText
  0
LWPOLYLINE
  5
16F
330
1F
100
AcDbEntity
  8
sheet
 62
     7
100
AcDbPolyline
 90
        4
 70
     1
 43
0.0
 10
4340.000000519997
 20
-5983.143984496437
 10
5740.000000519997
 20
-5983.143984496437
 10
5740.000000519997
 20
-3883.143984496437
 10
4340.000000519997
 20
-3883.143984496437
  0
CIRCLE
  5
170
330
1F
100
AcDbEntity
  8
0
 62
     7
100
AcDbCircle
 10
5596.32584964238
 20
-4389.126476271776
 30
0.0
 40
130.0
  0
CIRCLE
  5
171
330
1F
100
AcDbEntity
  8
0
 62
     7
100
AcDbCircle
 10
5596.32584964238
 20
-4389.126476271776
 30
0.0
 40
60.0
  0
MTEXT
  5
172
330
1F
100
AcDbEntity
  8
Texto
 62
     3
100
AcDbMText
 10
5594.616408339774
 20
-4476.611100892368
 30
0.0
 40
10.0
 41
86.14788832487645
 71
     1
 72
     5
  1
{\C1;5x}
 73
     1
 44
1.0
1001
ACAD
1000
MTEXTBEGIN
1070
    73
1070
     1
1070
    44
1040
1.0
1070
    74
1070
     0
1000
MTEXTEND
  0
CIRCLE
  5
173
330
1F
100
AcDbEntity
  8
0
 62
     7
100
AcDbCircle
 10
5514.378967760017
 20
-5163.528595769907
 30
0.0
 40
155.0
  0
CIRCLE
  5
174
330
1F
100
AcDbEntity
  8
0
 62
     7
100
AcDbCircle
 10
5514.378967760017
 20
-5163.528595769907
 30
0.0
 40
80.0
  0
MTEXT
  5
175
330
1F
100
AcDbEntity
  8
Texto
 62
     3
100
AcDbMText
 10
5626.823408960573
 20
-5177.502170272934
 30
0.0
 40
10.0
 41
86.14788832487645
 71
     1
 72
     5
  1
{\C1;28x}
 73
     1
 44
1.0
1001
ACAD
1000
MTEXTBEGIN
1070
    73
1070
     1
1070
    44
1040
1.0
1070
    74
1070
     0
1000
MTEXTEND
  0
CIRCLE
  5
176
330
1F
100
AcDbEntity
  8
0
 62
     7
100
AcDbCircle
 10
5531.008692320813
 20
-4705.954062616274
 30
0.0
 40
180.0
  0
CIRCLE
  5
177
330
1F
100
AcDbEntity
  8
0
 62
     7
100
AcDbCircle
 10
5531.008692320813
 20
-4705.954062616274
 30
0.0
 40
100.0
  0
MTEXT
  5
178
330
1F
100
AcDbEntity
  8
Texto
 62
     3
100
AcDbMText
 10
5503.746992574409
 20
-4837.785518940469
 30
0.0
 40
10.0
 41
86.14788832487645
 71
     1
 72
     5
  1
{\C1;24x}
 73
     1
 44
1.0
1001
ACAD
1000
MTEXTBEGIN
1070
    73
1070
     1
1070
    44
1040
1.0
1070
    74
1070
     0
1000
MTEXTEND
  0
CIRCLE
  5
179
330
1F
100
AcDbEntity
  8
0
 62
     7
100
AcDbCircle
 10
5468.780065254986
 20
-5511.575387408661
 30
0.0
 40
180.0
  0
CIRCLE
  5
17A
330
1F
100
AcDbEntity
  8
0
 62
     7
100
AcDbCircle
 10
5468.780065254986
 20
-5511.575387408661
 30
0.0
 40
100.0
  0
MTEXT
  5
17B
330
1F
100
AcDbEntity
  8
Texto
 62
     3
100
AcDbMText
 10
5441.518365508581
 20
-5643.406843732855
 30
0.0
 40
10.0
 41
86.14788832487645
 71
     1
 72
     5
  1
{\C1;24x}
 73
     1
 44
1.0
1001
ACAD
1000
MTEXTBEGIN
1070
    73
1070
     1
1070
    44
1040
1.0
1070
    74
1070
     0
1000
MTEXTEND
  0
CIRCLE
  5
17C
330
1F
100
AcDbEntity
  8
0
 62
     7
100
AcDbCircle
 10
5429.027284520813
 20
-5835.143984495056
 30
0.0
 40
130.0
  0
CIRCLE
  5
17D
330
1F
100
AcDbEntity
  8
0
 62
     7
100
AcDbCircle
 10
5429.027284520813
 20
-5835.143984495056
 30
0.0
 40
100.0
  0
MTEXT
  5
17E
330
1F
100
AcDbEntity
  8
Texto
 62
     3
100
AcDbMText
 10
5406.005816286243
 20
-5941.867672179474
 30
0.0
 40
10.0
 41
86.14788832487645
 71
     1
 72
     5
  1
{\C1;6x}
 73
     1
 44
1.0
1001
ACAD
1000
MTEXTBEGIN
1070
    73
1070
     1
1070
    44
1040
1.0
1070
    74
1070
     0
1000
MTEXTEND
  0
CIRCLE
  5
17F
330
1F
100
AcDbEntity
  8
0
 62
     7
100
AcDbCircle
 10
5364.565004809745
 20
-4161.749650627578
 30
0.0
 40
180.0
  0
CIRCLE
  5
180
330
1F
100
AcDbEntity
  8
0
 62
     7
100
AcDbCircle
 10
5364.565004809745
 20
-4161.749650627578
 30
0.0
 40
100.0
  0
MTEXT
  5
181
330
1F
100
AcDbEntity
  8
Texto
 62
     3
100
AcDbMText
 10
5337.30330506334
 20
-4293.581106951774
 30
0.0
 40
10.0
 41
86.14788832487645
 71
     1
 72
     5
  1
{\C1;24x}
 73
     1
 44
1.0
1001
ACAD
1000
MTEXTBEGIN
1070
    73
1070
     1
1070
    44
1040
1.0
1070
    74
1070
     0
1000
MTEXTEND
  0
CIRCLE
  5
182
330
1F
100
AcDbEntity
  8
0
 62
     7
100
AcDbCircle
 10
5240.185138996677
 20
-4944.302674913185
 30
0.0
 40
180.0
  0
CIRCLE
  5
183
330
1F
100
AcDbEntity
  8
0
 62
     7
100
AcDbCircle
 10
5240.185138996677
 20
-4944.302674913185
 30
0.0
 40
100.0
  0
MTEXT
  5
184
330
1F
100
AcDbEntity
  8
Texto
 62
     3
100
AcDbMText
 10
5212.923439250274
 20
-5076.134131237381
 30
0.0
 40
10.0
 41
86.14788832487645
 71
     1
 72
     5
  1
{\C1;24x}
 73
     1
 44
1.0
1001
ACAD
1000
MTEXTBEGIN
1070
    73
1070
     1
1070
    44
1040
1.0
1070
    74
1070
     0
1000
MTEXTEND
  0
CIRCLE
  5
185
330
1F
100
AcDbEntity
  8
0
 62
     7
100
AcDbCircle
 10
5123.425095811604
 20
-5301.715457575118
 30
0.0
 40
180.0
  0
CIRCLE
  5
186
330
1F
100
AcDbEntity
  8
0
 62
     7
100
AcDbCircle
 10
5123.425095811604
 20
-5301.715457575118
 30
0.0
 40
100.0
  0
MTEXT
  5
187
330
1F
100
AcDbEntity
  8
Texto
 62
     3
100
AcDbMText
 10
5096.163396065197
 20
-5433.546913899312
 30
0.0
 40
10.0
 41
86.14788832487645
 71
     1
 72
     5
  1
{\C1;24x}
 73
     1
 44
1.0
1001
ACAD
1000
MTEXTBEGIN
1070
    73
1070
     1
1070
    44
1040
1.0
1070
    74
1070
     0
1000
MTEXTEND
  0
CIRCLE
  5
188
330
1F
100
AcDbEntity
  8
0
 62
     7
100
AcDbCircle
 10
5149.812979720046
 20
-4579.32147447484
 30
0.0
 40
180.0
  0
CIRCLE
  5
189
330
1F
100
AcDbEntity
  8
0
 62
     7
100
AcDbCircle
 10
5149.812979720046
 20
-4579.32147447484
 30
0.0
 40
100.0
  0
MTEXT
  5
18A
330
1F
100
AcDbEntity
  8
Texto
 62
     3
100
AcDbMText
 10
5122.551279973643
 20
-4711.152930799035
 30
0.0
 40
10.0
 41
86.14788832487645
 71
     1
 72
     5
  1
{\C1;24x}
 73
     1
 44
1.0
1001
ACAD
1000
MTEXTBEGIN
1070
    73
1070
     1
1070
    44
1040
1.0
1070
    74
1070
     0
1000
MTEXTEND
  0
LWPOLYLINE
  5
18B
330
1F
100
AcDbEntity
  8
13401528 pos.38
 62
     7
100
AcDbPolyline
 90
       10
 70
     1
 43
0.0
 10
4490.548274520812
 20
-5496.578698495056
 10
4358.00000057415
 20
-5574.143984730202
 10
4358.000000573471
 20
-5962.1439847302
 42
0.4142135625795829
 10
4361.000000573464
 20
-5965.143984730204
 10
5280.00000057347
 20
-5965.143984731809
 42
0.4142135624807806
 10
5283.000000573474
 20
-5962.143984731814
 10
5283.00000057415
 20
-5574.143984731816
 10
5150.451726627757
 20
-5496.578698496208
 42
0.4110306145493297
 10
5146.363927498537
 20
-5497.624677204015
 42
-0.5662464982521584
 10
4494.636073650029
 20
-5497.624677202878
 42
0.4110306146309754
  0
MTEXT
  5
18C
330
1F
100
AcDbEntity
  8
Texto
 62
     3
100
AcDbMText
 10
4917.598306840416
 20
-5823.723082884731
 30
0.0
 40
10.0
 41
86.14788832487645
 71
     1
 72
     5
  1
{\C1;8x}
 11
-0.0000000000018192
 21
-1.0
 31
0.0
 73
     1
 44
1.0
1001
ACAD
1000
MTEXTBEGIN
1070
    73
1070
     1
1070
    44
1040
1.0
1070
    74
1070
     0
1000
MTEXTEND
  0
LWPOLYLINE
  5
18D
330
1F
100
AcDbEntity
  8
13672575
 62
     7
100
AcDbPolyline
 90
       10
 70
     1
 43
0.0
 10
5057.485350520813
 20
-4384.475734819382
 10
5173.000000888743
 20
-4307.139655335769
 10
5173.000000888743
 20
-3948.13965533577
 42
0.4142135621788118
 10
5170.000000888743
 20
-3945.139655335771
 10
4361.000000888743
 20
-3945.139655335772
 42
0.4142135623724291
 10
4358.000000888742
 20
-3948.139655335772
 10
4358.000000888742
 20
-4307.139655335769
 10
4473.514651256673
 20
-4384.475734819382
 42
0.4341366449153248
 10
4477.783472108362
 20
-4383.47976560211
 42
-0.5781388749942446
 10
5053.216529669127
 20
-4383.47976560211
 42
0.4341366449459856
  0
MTEXT
  5
18E
330
1F
100
AcDbEntity
  8
Texto
 62
     3
100
AcDbMText
 10
4491.020766048433
 20
-4196.188294482528
 30
0.0
 40
10.0
 41
86.14788832487645
 71
     1
 72
     5
  1
{\C1;16x}
 11
0.0000000000000001
 21
1.0
 31
0.0
 73
     1
 44
1.0
1001
ACAD
1000
MTEXTBEGIN
1070
    73
1070
     1
1070
    44
1040
1.0
1070
    74
1070
     0
1000
MTEXTEND
  0
CIRCLE
  5
18F
330
1F
100
AcDbEntity
  8
0
 62
     7
100
AcDbCircle
 10
4878.869215940717
 20
-4840.046695966183
 30
0.0
 40
180.0
  0
CIRCLE
  5
190
330
1F
100
AcDbEntity
  8
0
 62
     7
100
AcDbCircle
 10
4878.869215940717
 20
-4840.046695966183
 30
0.0
 40
100.0
  0
MTEXT
  5
191
330
1F
100
AcDbEntity
  8
Texto
 62
     3
100
AcDbMText
 10
4851.607516194315
 20
-4971.878152290377
 30
0.0
 40
10.0
 41
86.14788832487645
 71
     1
 72
     5
  1
{\C1;24x}
 73
     1
 44
1.0
1001
ACAD
1000
MTEXTBEGIN
1070
    73
1070
     1
1070
    44
1040
1.0
1070
    74
1070
     0
1000
MTEXTEND
  0
CIRCLE
  5
192
330
1F
100
AcDbEntity
  8
0
 62
     7
100
AcDbCircle
 10
4762.109172755644
 20
-5197.459478628116
 30
0.0
 40
180.0
  0
CIRCLE
  5
193
330
1F
100
AcDbEntity
  8
0
 62
     7
100
AcDbCircle
 10
4762.109172755644
 20
-5197.459478628116
 30
0.0
 40
100.0
  0
MTEXT
  5
194
330
1F
100
AcDbEntity
  8
Texto
 62
     3
100
AcDbMText
 10
4734.847473009241
 20
-5329.290934952311
 30
0.0
 40
10.0
 41
86.14788832487645
 71
     1
 72
     5
  1
{\C1;24x}
 73
     1
 44
1.0
1001
ACAD
1000
MTEXTBEGIN
1070
    73
1070
     1
1070
    44
1040
1.0
1070
    74
1070
     0
1000
MTEXTEND
  0
CIRCLE
  5
195
330
1F
100
AcDbEntity
  8
0
 62
     7
100
AcDbCircle
 10
4809.249616059326
 20
-5535.774011425534
 30
0.0
 40
130.0
  0
CIRCLE
  5
196
330
1F
100
AcDbEntity
  8
0
 62
     7
100
AcDbCircle
 10
4809.249616059326
 20
-5535.774011425534
 30
0.0
 40
100.0
  0
MTEXT
  5
197
330
1F
100
AcDbEntity
  8
Texto
 62
     3
100
AcDbMText
 10
4786.228147824754
 20
-5642.497699109951
 30
0.0
 40
10.0
 41
86.14788832487645
 71
     1
 72
     5
  1
{\C1;6x}
 73
     1
 44
1.0
1001
ACAD
1000
MTEXTBEGIN
1070
    73
1070
     1
1070
    44
1040
1.0
1070
    74
1070
     0
1000
MTEXTEND
  0
CIRCLE
  5
198
330
1F
100
AcDbEntity
  8
0
 62
     7
100
AcDbCircle
 10
4808.980934300143
 20
-4420.389486003714
 30
0.0
 40
180.0
  0
CIRCLE
  5
199
330
1F
100
AcDbEntity
  8
0
 62
     7
100
AcDbCircle
 10
4808.980934300143
 20
-4420.389486003714
 30
0.0
 40
100.0
  0
MTEXT
  5
19A
330
1F
100
AcDbEntity
  8
Texto
 62
     3
100
AcDbMText
 10
4781.719234553736
 20
-4552.220942327909
 30
0.0
 40
10.0
 41
86.14788832487645
 71
     1
 72
     5
  1
{\C1;24x}
 73
     1
 44
1.0
1001
ACAD
1000
MTEXTBEGIN
1070
    73
1070
     1
1070
    44
1040
1.0
1070
    74
1070
     0
1000
MTEXTEND
  0
CIRCLE
  5
19B
330
1F
100
AcDbEntity
  8
0
 62
     7
100
AcDbCircle
 10
4538.037170520813
 20
-4681.114707495057
 30
0.0
 40
180.0
  0
CIRCLE
  5
19C
330
1F
100
AcDbEntity
  8
0
 62
     7
100
AcDbCircle
 10
4538.037170520813
 20
-4681.114707495057
 30
0.0
 40
115.0
  0
LWPOLYLINE
  5
19D
330
1F
100
AcDbEntity
  8
4004-0813
 62
     7
100
AcDbPolyline
 90
       12
 70
     1
 43
0.0
 10
4672.879138520812
 20
-4878.538855495057
 42
0.2600734925226712
 10
4670.326357448064
 20
-4877.114707263025
 10
4361.000000652998
 20
-4877.114707263025
 42
0.4142135623692103
 10
4358.000000652998
 20
-4880.114707263025
 10
4358.000000652998
 20
-5477.114707263026
 42
0.4142135623493757
 10
4361.000000652998
 20
-5480.114707263026
 10
4670.326357448064
 20
-5480.114707263026
 42
0.260073492482307
 10
4672.879138520812
 20
-5478.690559030994
 10
4704.341245731757
 20
-5427.72391773299
 42
0.4190619837392242
 10
4703.321918158947
 20
-5423.569593478542
 42
-0.5687656190837082
 10
4703.321918158947
 20
-4933.659821047509
 42
0.4190619837854088
 10
4704.34124573176
 20
-4929.505496793061
  0
MTEXT
  5
19E
330
1F
100
AcDbEntity
  8
Texto
 62
     3
100
AcDbMText
 10
4501.889378251199
 20
-5127.347825797676
 30
0.0
 40
10.0
 41
86.14788832487645
 71
     1
 72
     5
  1
{\C1;4x}
 11
-1.0
 21
0.0000000000000001
 31
0.0
 73
     1
 44
1.0
1001
ACAD
1000
MTEXTBEGIN
1070
    73
1070
     1
1070
    44
1040
1.0
1070
    74
1070
     0
1000
MTEXTEND
  0
LWPOLYLINE
  5
19F
330
1F
100
AcDbEntity
  8
Stats
 62
   151
100
AcDbPolyline
 90
        5
 70
     1
 43
0.0
 10
4340.000000419998
 20
-6008.143984596436
 10
4590.000000419998
 20
-6008.143984596436
 10
4590.000000419998
 20
-6088.143984596437
 10
4340.000000419998
 20
-6088.143984596437
 10
4340.000000419998
 20
-6008.143984596436
  0
TEXT
  5
1A0
330
1F
100
AcDbEntity
  8
Stats
 62
    60
100
AcDbText
 10
4342.000000419998
 20
-6020.143984596437
 30
0.0
 40
10.0
  1
Production Qty: 2
100
AcDbText
  0
TEXT
  5
1A1
330
1F
100
AcDbEntity
  8
Stats
 62
    60
100
AcDbText
 10
4342.000000419998
 20
-6032.143984596437
 30
0.0
 40
10.0
  1
Sheet 6 (1400,00 x 2100,00)
100
AcDbText
  0
TEXT
  5
1A2
330
1F
100
AcDbEntity
  8
Stats
 62
    60
100
AcDbText
 10
4342.000000419998
 20
-6044.143984596437
 30
0.0
 40
10.0
  1
Parts Nested: 17
100
AcDbText
  0
TEXT
  5
1A3
330
1F
100
AcDbEntity
  8
Stats
 62
    60
100
AcDbText
 10
4342.000000419998
 20
-6056.143984596437
 30
0.0
 40
10.0
  1
Util (Nest): 58,92%
100
AcDbText
  0
TEXT
  5
1A4
330
1F
100
AcDbEntity
  8
Stats
 62
    60
100
AcDbText
 10
4342.000000419998
 20
-6068.143984596437
 30
0.0
 40
10.0
  1
Util (Sheet): 54,78%
100
AcDbText
  0
TEXT
  5
1A5
330
1F
100
AcDbEntity
  8
Stats
 62
    60
100
AcDbText
 10
4342.000000419998
 20
-6080.143984596436
 30
0.0
 40
10.0
  1
Cut Distance: 30522,31mm
100
AcDbText
  0
MTEXT
  5
2B6
102
{ACAD_XDICTIONARY
360
564
102
}
330
1F
100
AcDbEntity
  8
0
100
AcDbMText
 10
2403.022851306785
 20
-3766.991619367157
 30
0.0
 40
100.0
 41
391.0952150589792
 71
     1
 72
     5
  1
{\W2.244285; }6x
 73
     1
 44
1.0
1001
ACAD
1000
ACAD_MTEXT_COLUMN_INFO_BEGIN
1070
    75
1070
     2
1070
    79
1070
     0
1070
    76
1070
     1
1070
    78
1070
     0
1070
    48
1040
391.0952150589792
1070
    49
1040
1.0
1070
    50
1070
     1
1040
0.0
1000
ACAD_MTEXT_COLUMN_INFO_END
1000
MTEXTBEGIN
1070
    73
1070
     1
1070
    44
1040
1.0
1070
    74
1070
     0
1000
MTEXTEND
  0
MTEXT
  5
2B7
102
{ACAD_XDICTIONARY
360
566
102
}
330
1F
100
AcDbEntity
  8
0
100
AcDbMText
 10
2403.022851306786
 20
-6336.638170563309
 30
0.0
 40
100.0
 41
391.0952150589792
 71
     1
 72
     5
  1
{\W2.244285; }3x
 73
     1
 44
1.0
1001
ACAD
1000
ACAD_MTEXT_COLUMN_INFO_BEGIN
1070
    75
1070
     2
1070
    79
1070
     0
1070
    76
1070
     1
1070
    78
1070
     0
1070
    48
1040
391.0952150589792
1070
    49
1040
1.0
1070
    50
1070
     1
1040
0.0
1000
ACAD_MTEXT_COLUMN_INFO_END
1000
MTEXTBEGIN
1070
    73
1070
     1
1070
    44
1040
1.0
1070
    74
1070
     0
1000
MTEXTEND
  0
MTEXT
  5
2B8
102
{ACAD_XDICTIONARY
360
568
102
}
330
1F
100
AcDbEntity
  8
0
100
AcDbMText
 10
2403.022851306783
 20
-1197.345068171004
 30
0.0
 40
100.0
 41
391.0952150589792
 71
     1
 72
     5
  1
{\W2.244285; }2x
 73
     1
 44
1.0
1001
ACAD
1000
ACAD_MTEXT_COLUMN_INFO_BEGIN
1070
    75
1070
     2
1070
    79
1070
     0
1070
    76
1070
     1
1070
    78
1070
     0
1070
    48
1040
391.0952150589792
1070
    49
1040
1.0
1070
    50
1070
     1
1040
0.0
1000
ACAD_MTEXT_COLUMN_INFO_END
1000
MTEXTBEGIN
1070
    73
1070
     1
1070
    44
1040
1.0
1070
    74
1070
     0
1000
MTEXTEND
  0
MTEXT
  5
2BA
102
{ACAD_XDICTIONARY
360
56A
102
}
330
1F
100
AcDbEntity
  8
0
100
AcDbMText
 10
3873.022851516783
 20
-3766.991619367157
 30
0.0
 40
100.0
 41
391.0952150589792
 71
     1
 72
     5
  1
{\W2.244285; }4x
 73
     1
 44
1.0
1001
ACAD
1000
ACAD_MTEXT_COLUMN_INFO_BEGIN
1070
    75
1070
     2
1070
    79
1070
     0
1070
    76
1070
     1
1070
    78
1070
     0
1070
    48
1040
391.0952150589792
1070
    49
1040
1.0
1070
    50
1070
     1
1040
0.0
1000
ACAD_MTEXT_COLUMN_INFO_END
1000
MTEXTBEGIN
1070
    73
1070
     1
1070
    44
1040
1.0
1070
    74
1070
     0
1000
MTEXTEND
  0
MTEXT
  5
2BB
102
{ACAD_XDICTIONARY
360
56C
102
}
330
1F
100
AcDbEntity
  8
0
100
AcDbMText
 10
5343.022851726783
 20
-3766.991619367157
 30
0.0
 40
100.0
 41
391.0952150589792
 71
     1
 72
     5
  1
{\W2.244285; }2x
 73
     1
 44
1.0
1001
ACAD
1000
ACAD_MTEXT_COLUMN_INFO_BEGIN
1070
    75
1070
     2
1070
    79
1070
     0
1070
    76
1070
     1
1070
    78
1070
     0
1070
    48
1040
391.0952150589792
1070
    49
1040
1.0
1070
    50
1070
     1
1040
0.0
1000
ACAD_MTEXT_COLUMN_INFO_END
1000
MTEXTBEGIN
1070
    73
1070
     1
1070
    44
1040
1.0
1070
    74
1070
     0
1000
MTEXTEND
  0
LWPOLYLINE
  5
3B6
330
1F
100
AcDbEntity
  8
sheet
 62
     7
100
AcDbPolyline
 90
        4
 70
     1
 43
0.0
 10
2870.000000309999
 20
-8552.79053569259
 10
4270.000000309998
 20
-8552.79053569259
 10
4270.000000309998
 20
-6452.79053569259
 10
2870.000000309999
 20
-6452.79053569259
  0
CIRCLE
  5
3B7
330
1F
100
AcDbEntity
  8
0
 62
     7
100
AcDbCircle
 10
4106.801598756757
 20
-6613.575238497748
 30
0.0
 40
155.0
  0
CIRCLE
  5
3B8
330
1F
100
AcDbEntity
  8
0
 62
     7
100
AcDbCircle
 10
4106.801598756757
 20
-6613.575238497748
 30
0.0
 40
80.0
  0
MTEXT
  5
3B9
330
1F
100
AcDbEntity
  8
Texto
 62
     3
100
AcDbMText
 10
4219.246039957313
 20
-6627.548813000775
 30
0.0
 40
10.0
 41
86.14788832487645
 71
     1
 72
     5
  1
{\C1;28x}
 73
     1
 44
1.0
1001
ACAD
1000
MTEXTBEGIN
1070
    73
1070
     1
1070
    44
1040
1.0
1070
    74
1070
     0
1000
MTEXTEND
  0
CIRCLE
  5
3BA
330
1F
100
AcDbEntity
  8
0
 62
     7
100
AcDbCircle
 10
4105.096977285395
 20
-6978.150262484067
 30
0.0
 40
155.0
  0
CIRCLE
  5
3BB
330
1F
100
AcDbEntity
  8
0
 62
     7
100
AcDbCircle
 10
4105.096977285395
 20
-6978.150262484067
 30
0.0
 40
80.0
  0
MTEXT
  5
3BC
330
1F
100
AcDbEntity
  8
Texto
 62
     3
100
AcDbMText
 10
4217.541418485949
 20
-6992.123836987094
 30
0.0
 40
10.0
 41
86.14788832487645
 71
     1
 72
     5
  1
{\C1;28x}
 73
     1
 44
1.0
1001
ACAD
1000
MTEXTBEGIN
1070
    73
1070
     1
1070
    44
1040
1.0
1070
    74
1070
     0
1000
MTEXTEND
  0
LWPOLYLINE
  5
3BD
330
1F
100
AcDbEntity
  8
13886225
 62
     7
100
AcDbPolyline
 90
       10
 70
     1
 43
0.0
 10
4247.600269826076
 20
-8157.245822672509
 42
0.4142135621552089
 10
4250.60026982608
 20
-8154.245822672514
 10
4250.600269827833
 20
-7150.245822672511
 42
0.4142135623631721
 10
4247.600269827839
 20
-7147.245822672506
 10
4023.600269827838
 20
-7147.245822672117
 10
3826.248934181227
 20
-7252.828787242612
 42
0.4231941596285984
 10
3825.063386894984
 20
-7256.969384375658
 42
-0.2669951272268917
 10
3825.063386893604
 20
-8047.522260967884
 42
0.4231941595478899
 10
3826.248934179833
 20
-8051.662858100936
 10
4023.600269826075
 20
-8157.245822672118
  0
MTEXT
  5
3BE
330
1F
100
AcDbEntity
  8
Texto
 62
     3
100
AcDbMText
 10
3990.761068650919
 20
-7679.051060453673
 30
0.0
 40
10.0
 41
86.14788832487645
 71
     1
 72
     5
  1
{\C1;4x}
 11
1.0
 21
-0.0000000000018192
 31
0.0
 73
     1
 44
1.0
1001
ACAD
1000
MTEXTBEGIN
1070
    73
1070
     1
1070
    44
1040
1.0
1070
    74
1070
     0
1000
MTEXTEND
  0
CIRCLE
  5
3BF
330
1F
100
AcDbEntity
  8
0
 62
     7
100
AcDbCircle
 10
4069.032227309999
 20
-8379.79053569259
 30
0.0
 40
155.0
  0
CIRCLE
  5
3C0
330
1F
100
AcDbEntity
  8
0
 62
     7
100
AcDbCircle
 10
4069.032227309999
 20
-8379.79053569259
 30
0.0
 40
80.0
  0
MTEXT
  5
3C1
330
1F
100
AcDbEntity
  8
Texto
 62
     3
100
AcDbMText
 10
4181.476668510554
 20
-8393.764110195615
 30
0.0
 40
10.0
 41
86.14788832487645
 71
     1
 72
     5
  1
{\C1;28x}
 73
     1
 44
1.0
1001
ACAD
1000
MTEXTBEGIN
1070
    73
1070
     1
1070
    44
1040
1.0
1070
    74
1070
     0
1000
MTEXTEND
  0
CIRCLE
  5
3C2
330
1F
100
AcDbEntity
  8
0
 62
     7
100
AcDbCircle
 10
5618.811093623444
 20
-3996.823340022464
 30
0.0
 40
107.5
  0
CIRCLE
  5
3C3
330
1F
100
AcDbEntity
  8
0
 62
     7
100
AcDbCircle
 10
5618.811093623444
 20
-3996.823340022464
 30
0.0
 40
82.5
  0
MTEXT
  5
3C4
330
1F
100
AcDbEntity
  8
Texto
 62
     3
100
AcDbMText
 10
5607.140357724174
 20
-4085.774414582945
 30
0.0
 40
10.0
 41
86.14788832487645
 71
     1
 72
     5
  1
{\C1;2x}
 73
     1
 44
1.0
1001
ACAD
1000
MTEXTBEGIN
1070
    73
1070
     1
1070
    44
1040
1.0
1070
    74
1070
     0
1000
MTEXTEND
  0
CIRCLE
  5
3C5
330
1F
100
AcDbEntity
  8
0
 62
     7
100
AcDbCircle
 10
3807.200578393553
 20
-6962.027730629188
 30
0.0
 40
130.0
  0
CIRCLE
  5
3C6
330
1F
100
AcDbEntity
  8
0
 62
     7
100
AcDbCircle
 10
3807.200578393553
 20
-6962.027730629188
 30
0.0
 40
60.0
  0
MTEXT
  5
3C7
330
1F
100
AcDbEntity
  8
Texto
 62
     3
100
AcDbMText
 10
3805.491137090952
 20
-7049.512355249781
 30
0.0
 40
10.0
 41
86.14788832487645
 71
     1
 72
     5
  1
{\C1;5x}
 73
     1
 44
1.0
1001
ACAD
1000
MTEXTBEGIN
1070
    73
1070
     1
1070
    44
1040
1.0
1070
    74
1070
     0
1000
MTEXTEND
  0
LWPOLYLINE
  5
3C8
330
1F
100
AcDbEntity
  8
13940817
 62
     7
100
AcDbPolyline
 90
       10
 70
     1
 43
0.0
 10
2888.000000309999
 20
-8117.79053569259
 10
2888.000000309999
 20
-8531.790535692591
 42
0.4142135625064193
 10
2891.000000309999
 20
-8534.790535692591
 10
3895.000000309999
 20
-8534.790535692591
 42
0.414213562443112
 10
3898.000000309999
 20
-8531.790535692591
 10
3898.000000309997
 20
-8117.79053569259
 10
3766.648542180841
 20
-8031.929871052172
 42
0.4288114856966904
 10
3762.417725292984
 20
-8032.926012809133
 42
-0.5735093596096763
 10
3023.582275327016
 20
-8032.926012809133
 42
0.4288114858112067
 10
3019.351458439157
 20
-8031.929871052172
  0
MTEXT
  5
3C9
330
1F
100
AcDbEntity
  8
Texto
 62
     3
100
AcDbMText
 10
3026.701751424874
 20
-8293.525854403638
 30
0.0
 40
10.0
 41
86.14788832487645
 71
     1
 72
     5
  1
{\C1;16x}
 11
-0.0000000000000002
 21
-1.0
 31
0.0
 73
     1
 44
1.0
1001
ACAD
1000
MTEXTBEGIN
1070
    73
1070
     1
1070
    44
1040
1.0
1070
    74
1070
     0
1000
MTEXTEND
  0
LWPOLYLINE
  5
3CA
330
1F
100
AcDbEntity
  8
7517448
 62
     7
100
AcDbPolyline
 90
       12
 70
     1
 43
0.0
 10
3832.856279309999
 20
-7964.664157301779
 10
3844.064435199341
 20
-7340.764824683486
 10
3713.044340562789
 20
-7273.452456785553
 42
0.4236289235924565
 10
3708.962430595357
 20
-7274.836150838815
 42
-0.6453551263668503
 10
3036.599729693842
 20
-7262.757365733762
 42
0.4236289236641686
 10
3032.570152805867
 20
-7261.227951362466
 10
2899.21688820528
 20
-7323.790934754914
 10
2888.008732315938
 20
-7947.690267373211
 10
3019.028826952492
 20
-8015.002635271137
 42
0.4236289231152891
 10
3023.110736919921
 20
-8013.618941217877
 42
-0.6453551263668106
 10
3695.473437821435
 20
-8025.697726322931
 42
0.4236289233577275
 10
3699.503014709414
 20
-8027.227140694225
  0
CIRCLE
  5
3CB
330
1F
100
AcDbEntity
  8
7517448
 62
     7
100
AcDbCircle
 10
2913.968819507649
 20
-7616.10306334839
 30
0.0
 40
5.0
  0
CIRCLE
  5
3CC
330
1F
100
AcDbEntity
  8
7517448
 62
     7
100
AcDbCircle
 10
2913.250347976281
 20
-7656.096610311099
 30
0.0
 40
5.0
  0
CIRCLE
  5
3CD
330
1F
100
AcDbEntity
  8
7517448
 62
     7
100
AcDbCircle
 10
3818.822819538998
 20
-7632.358481745592
 30
0.0
 40
5.0
  0
CIRCLE
  5
3CE
330
1F
100
AcDbEntity
  8
7517448
 62
     7
100
AcDbCircle
 10
3818.10434800763
 20
-7672.352028708302
 30
0.0
 40
5.0
  0
MTEXT
  5
3CF
330
1F
100
AcDbEntity
  8
Texto
 62
     3
100
AcDbMText
 10
3379.107223308982
 20
-7632.419482725318
 30
0.0
 40
10.0
 41
86.14788832487645
 71
     1
 72
     5
  1
{\C1;4x}
 11
0.0179617882841955
 21
0.9998386740677888
 31
0.0
 73
     1
 44
1.0
1001
ACAD
1000
MTEXTBEGIN
1070
    73
1070
     1
1070
    44
1040
1.0
1070
    74
1070
     0
1000
MTEXTEND
  0
CIRCLE
  5
3D0
330
1F
100
AcDbEntity
  8
0
 62
     7
100
AcDbCircle
 10
3583.510570293808
 20
-7158.295711921734
 30
0.0
 40
155.0
  0
CIRCLE
  5
3D1
330
1F
100
AcDbEntity
  8
0
 62
     7
100
AcDbCircle
 10
3583.510570293808
 20
-7158.295711921734
 30
0.0
 40
80.0
  0
MTEXT
  5
3D2
330
1F
100
AcDbEntity
  8
Texto
 62
     3
100
AcDbMText
 10
3695.955011494363
 20
-7172.269286424761
 30
0.0
 40
10.0
 41
86.14788832487645
 71
     1
 72
     5
  1
{\C1;28x}
 73
     1
 44
1.0
1001
ACAD
1000
MTEXTBEGIN
1070
    73
1070
     1
1070
    44
1040
1.0
1070
    74
1070
     0
1000
MTEXTEND
  0
LWPOLYLINE
  5
3D3
330
1F
100
AcDbEntity
  8
13672575
 62
     7
100
AcDbPolyline
 90
       10
 70
     1
 43
0.0
 10
3587.485350309999
 20
-6910.133946465473
 10
3703.000000677931
 20
-6832.79786698186
 10
3703.000000677931
 20
-6473.797866981861
 42
0.414213562136834
 10
3700.000000677931
 20
-6470.797866981861
 10
2891.000000677929
 20
-6470.797866981863
 42
0.4142135621407319
 10
2888.000000677929
 20
-6473.797866981861
 10
2888.000000677929
 20
-6832.79786698186
 10
3003.514651045859
 20
-6910.133946465473
 42
0.4341366448799536
 10
3007.783471897548
 20
-6909.137977248201
 42
-0.5781388749942609
 10
3583.216529458309
 20
-6909.137977248201
 42
0.4341366449221816
  0
MTEXT
  5
3D4
330
1F
100
AcDbEntity
  8
Texto
 62
     3
100
AcDbMText
 10
3021.02076583762
 20
-6721.846506128621
 30
0.0
 40
10.0
 41
86.14788832487645
 71
     1
 72
     5
  1
{\C1;16x}
 11
0.0000000000000001
 21
1.0
 31
0.0
 73
     1
 44
1.0
1001
ACAD
1000
MTEXTBEGIN
1070
    73
1070
     1
1070
    44
1040
1.0
1070
    74
1070
     0
1000
MTEXTEND
  0
CIRCLE
  5
3D5
330
1F
100
AcDbEntity
  8
0
 62
     7
100
AcDbCircle
 10
3530.077624139982
 20
-8063.099025081474
 30
0.0
 40
130.0
  0
CIRCLE
  5
3D6
330
1F
100
AcDbEntity
  8
0
 62
     7
100
AcDbCircle
 10
3530.077624139982
 20
-8063.099025081474
 30
0.0
 40
60.0
  0
MTEXT
  5
3D7
330
1F
100
AcDbEntity
  8
Texto
 62
     3
100
AcDbMText
 10
3528.368182837376
 20
-8150.583649702065
 30
0.0
 40
10.0
 41
86.14788832487645
 71
     1
 72
     5
  1
{\C1;5x}
 73
     1
 44
1.0
1001
ACAD
1000
MTEXTBEGIN
1070
    73
1070
     1
1070
    44
1040
1.0
1070
    74
1070
     0
1000
MTEXTEND
  0
CIRCLE
  5
3D8
330
1F
100
AcDbEntity
  8
0
 62
     7
100
AcDbCircle
 10
3339.563576990214
 20
-6942.015305088185
 30
0.0
 40
155.0
  0
CIRCLE
  5
3D9
330
1F
100
AcDbEntity
  8
0
 62
     7
100
AcDbCircle
 10
3339.563576990214
 20
-6942.015305088185
 30
0.0
 40
80.0
  0
MTEXT
  5
3DA
330
1F
100
AcDbEntity
  8
Texto
 62
     3
100
AcDbMText
 10
3452.008018190769
 20
-6955.988879591211
 30
0.0
 40
10.0
 41
86.14788832487645
 71
     1
 72
     5
  1
{\C1;28x}
 73
     1
 44
1.0
1001
ACAD
1000
MTEXTBEGIN
1070
    73
1070
     1
1070
    44
1040
1.0
1070
    74
1070
     0
1000
MTEXTEND
  0
CIRCLE
  5
3DB
330
1F
100
AcDbEntity
  8
0
 62
     7
100
AcDbCircle
 10
3286.979220613594
 20
-7293.787849944791
 30
0.0
 40
155.0
  0
CIRCLE
  5
3DC
330
1F
100
AcDbEntity
  8
0
 62
     7
100
AcDbCircle
 10
3286.979220613594
 20
-7293.787849944791
 30
0.0
 40
80.0
  0
MTEXT
  5
3DD
330
1F
100
AcDbEntity
  8
Texto
 62
     3
100
AcDbMText
 10
3399.423661814153
 20
-7307.761424447817
 30
0.0
 40
10.0
 41
86.14788832487645
 71
     1
 72
     5
  1
{\C1;28x}
 73
     1
 44
1.0
1001
ACAD
1000
MTEXTBEGIN
1070
    73
1070
     1
1070
    44
1040
1.0
1070
    74
1070
     0
1000
MTEXTEND
  0
CIRCLE
  5
3DE
330
1F
100
AcDbEntity
  8
0
 62
     7
100
AcDbCircle
 10
3232.540104317423
 20
-8017.401820810311
 30
0.0
 40
155.0
  0
CIRCLE
  5
3DF
330
1F
100
AcDbEntity
  8
0
 62
     7
100
AcDbCircle
 10
3232.540104317423
 20
-8017.401820810311
 30
0.0
 40
80.0
  0
MTEXT
  5
3E0
330
1F
100
AcDbEntity
  8
Texto
 62
     3
100
AcDbMText
 10
3344.984545517978
 20
-8031.375395313338
 30
0.0
 40
10.0
 41
86.14788832487645
 71
     1
 72
     5
  1
{\C1;28x}
 73
     1
 44
1.0
1001
ACAD
1000
MTEXTBEGIN
1070
    73
1070
     1
1070
    44
1040
1.0
1070
    74
1070
     0
1000
MTEXTEND
  0
CIRCLE
  5
3E1
330
1F
100
AcDbEntity
  8
0
 62
     7
100
AcDbCircle
 10
3043.032227309999
 20
-7077.507443111241
 30
0.0
 40
155.0
  0
CIRCLE
  5
3E2
330
1F
100
AcDbEntity
  8
0
 62
     7
100
AcDbCircle
 10
3043.032227309999
 20
-7077.507443111241
 30
0.0
 40
80.0
  0
MTEXT
  5
3E3
330
1F
100
AcDbEntity
  8
Texto
 62
     3
100
AcDbMText
 10
3155.476668510554
 20
-7091.481017614268
 30
0.0
 40
10.0
 41
86.14788832487645
 71
     1
 72
     5
  1
{\C1;28x}
 73
     1
 44
1.0
1001
ACAD
1000
MTEXTBEGIN
1070
    73
1070
     1
1070
    44
1040
1.0
1070
    74
1070
     0
1000
MTEXTEND
  0
LWPOLYLINE
  5
3E4
330
1F
100
AcDbEntity
  8
Stats
 62
   151
100
AcDbPolyline
 90
        5
 70
     1
 43
0.0
 10
2870.000000209999
 20
-8577.790535792589
 10
3120.000000209999
 20
-8577.790535792589
 10
3120.000000209999
 20
-8657.790535792589
 10
2870.000000209999
 20
-8657.790535792589
 10
2870.000000209999
 20
-8577.790535792589
  0
TEXT
  5
3E5
330
1F
100
AcDbEntity
  8
Stats
 62
    60
100
AcDbText
 10
2872.000000209999
 20
-8589.790535792587
 30
0.0
 40
10.0
  1
Production Qty: 1
100
AcDbText
  0
TEXT
  5
3E6
330
1F
100
AcDbEntity
  8
Stats
 62
    60
100
AcDbText
 10
2872.000000209999
 20
-8601.790535792588
 30
0.0
 40
10.0
  1
Sheet 1 (1400,00 x 2100,00)
100
AcDbText
  0
TEXT
  5
3E7
330
1F
100
AcDbEntity
  8
Stats
 62
    60
100
AcDbText
 10
2872.000000209999
 20
-8613.790535792588
 30
0.0
 40
10.0
  1
Parts Nested: 15
100
AcDbText
  0
TEXT
  5
3E8
330
1F
100
AcDbEntity
  8
Stats
 62
    60
100
AcDbText
 10
2872.000000209999
 20
-8625.790535792587
 30
0.0
 40
10.0
  1
Util (Nest): 72,62%
100
AcDbText
  0
TEXT
  5
3E9
330
1F
100
AcDbEntity
  8
Stats
 62
    60
100
AcDbText
 10
2872.000000209999
 20
-8637.790535792587
 30
0.0
 40
10.0
  1
Util (Sheet): 69,47%
100
AcDbText
  0
TEXT
  5
3EA
330
1F
100
AcDbEntity
  8
Stats
 62
    60
100
AcDbText
 10
2872.000000209999
 20
-8649.790535792588
 30
0.0
 40
10.0
  1
Cut Distance: 27390,84mm
100
AcDbText
  0
LWPOLYLINE
  5
3EB
330
1F
100
AcDbEntity
  8
sheet
 62
     7
100
AcDbPolyline
 90
        4
 70
     1
 43
0.0
 10
2870.000000309999
 20
-3413.497433300284
 10
4270.00000031
 20
-3413.497433300284
 10
4270.00000031
 20
-1313.497433300284
 10
2870.000000309999
 20
-1313.497433300284
  0
CIRCLE
  5
3EC
330
1F
100
AcDbEntity
  8
0
 62
     7
100
AcDbCircle
 10
4116.012998725194
 20
-1558.388605694092
 30
0.0
 40
130.0
  0
CIRCLE
  5
3ED
330
1F
100
AcDbEntity
  8
0
 62
     7
100
AcDbCircle
 10
4116.012998725194
 20
-1558.388605694092
 30
0.0
 40
60.0
  0
MTEXT
  5
3EE
330
1F
100
AcDbEntity
  8
Texto
 62
     3
100
AcDbMText
 10
4114.30355742259
 20
-1645.873230314683
 30
0.0
 40
10.0
 41
86.14788832487645
 71
     1
 72
     5
  1
{\C1;5x}
 73
     1
 44
1.0
1001
ACAD
1000
MTEXTBEGIN
1070
    73
1070
     1
1070
    44
1040
1.0
1070
    74
1070
     0
1000
MTEXTEND
  0
CIRCLE
  5
3EF
330
1F
100
AcDbEntity
  8
0
 62
     7
100
AcDbCircle
 10
4116.012998725194
 20
-1834.388605694092
 30
0.0
 40
130.0
  0
CIRCLE
  5
3F0
330
1F
100
AcDbEntity
  8
0
 62
     7
100
AcDbCircle
 10
4116.012998725194
 20
-1834.388605694092
 30
0.0
 40
70.0
  0
MTEXT
  5
3F1
330
1F
100
AcDbEntity
  8
Texto
 62
     3
100
AcDbMText
 10
4097.571684836287
 20
-1731.874114424458
 30
0.0
 40
10.0
 41
86.14788832487645
 71
     1
 72
     5
  1
{\C1;8x}
 73
     1
 44
1.0
1001
ACAD
1000
MTEXTBEGIN
1070
    73
1070
     1
1070
    44
1040
1.0
1070
    74
1070
     0
1000
MTEXTEND
  0
CIRCLE
  5
3F2
330
1F
100
AcDbEntity
  8
0
 62
     7
100
AcDbCircle
 10
4141.017941725194
 20
-2351.170954156243
 30
0.0
 40
105.0
  0
CIRCLE
  5
3F3
330
1F
100
AcDbEntity
  8
0
 62
     7
100
AcDbCircle
 10
4141.017941725194
 20
-2351.170954156243
 30
0.0
 40
60.0
  0
MTEXT
  5
3F4
330
1F
100
AcDbEntity
  8
Texto
 62
     3
100
AcDbMText
 10
4143.113750718944
 20
-2427.021492777965
 30
0.0
 40
10.0
 41
86.14788832487645
 71
     1
 72
     5
  1
{\C1;8x}
 73
     1
 44
1.0
1001
ACAD
1000
MTEXTBEGIN
1070
    73
1070
     1
1070
    44
1040
1.0
1070
    74
1070
     0
1000
MTEXTEND
  0
CIRCLE
  5
3F5
330
1F
100
AcDbEntity
  8
0
 62
     7
100
AcDbCircle
 10
4114.440991325936
 20
-3001.83823858327
 30
0.0
 40
120.0
  0
CIRCLE
  5
3F6
330
1F
100
AcDbEntity
  8
0
 62
     7
100
AcDbCircle
 10
4114.440991325936
 20
-3001.83823858327
 30
0.0
 40
60.0
  0
MTEXT
  5
3F7
330
1F
100
AcDbEntity
  8
Texto
 62
     3
100
AcDbMText
 10
4098.58570905678
 20
-2904.661514774847
 30
0.0
 40
10.0
 41
86.14788832487645
 71
     1
 72
     5
  1
{\C1;4x}
 73
     1
 44
1.0
1001
ACAD
1000
MTEXTBEGIN
1070
    73
1070
     1
1070
    44
1040
1.0
1070
    74
1070
     0
1000
MTEXTEND
  0
CIRCLE
  5
3F8
330
1F
100
AcDbEntity
  8
0
 62
     7
100
AcDbCircle
 10
4079.027284309998
 20
-2107.930951038042
 30
0.0
 40
130.0
  0
CIRCLE
  5
3F9
330
1F
100
AcDbEntity
  8
0
 62
     7
100
AcDbCircle
 10
4079.027284309998
 20
-2107.930951038042
 30
0.0
 40
70.0
  0
MTEXT
  5
3FA
330
1F
100
AcDbEntity
  8
Texto
 62
     3
100
AcDbMText
 10
4060.585970421095
 20
-2005.416459768409
 30
0.0
 40
10.0
 41
86.14788832487645
 71
     1
 72
     5
  1
{\C1;8x}
 73
     1
 44
1.0
1001
ACAD
1000
MTEXTBEGIN
1070
    73
1070
     1
1070
    44
1040
1.0
1070
    74
1070
     0
1000
MTEXTEND
  0
CIRCLE
  5
3FB
330
1F
100
AcDbEntity
  8
0
 62
     7
100
AcDbCircle
 10
4079.027284309998
 20
-3265.497433300285
 30
0.0
 40
130.0
  0
CIRCLE
  5
3FC
330
1F
100
AcDbEntity
  8
0
 62
     7
100
AcDbCircle
 10
4079.027284309998
 20
-3265.497433300285
 30
0.0
 40
70.0
  0
MTEXT
  5
3FD
330
1F
100
AcDbEntity
  8
Texto
 62
     3
100
AcDbMText
 10
4060.585970421093
 20
-3162.982942030651
 30
0.0
 40
10.0
 41
86.14788832487645
 71
     1
 72
     5
  1
{\C1;8x}
 73
     1
 44
1.0
1001
ACAD
1000
MTEXTBEGIN
1070
    73
1070
     1
1070
    44
1040
1.0
1070
    74
1070
     0
1000
MTEXTEND
  0
LWPOLYLINE
  5
3FE
330
1F
100
AcDbEntity
  8
EM-26232-20
 62
     7
100
AcDbPolyline
 90
       12
 70
     1
 43
0.0
 10
3033.000000309999
 20
-2244.235311300284
 42
0.3724996387397647
 10
3033.00000030997
 20
-3022.759556266398
 10
3033.00000030997
 20
-3392.497433783358
 42
0.4142135618271383
 10
3036.00000030997
 20
-3395.497433783358
 10
3930.000000309966
 20
-3395.497433783358
 42
0.4142135627002144
 10
3933.000000309966
 20
-3392.497433783358
 10
3933.000000309966
 20
-3022.759556266398
 42
0.3724996387397713
 10
3933.000000309937
 20
-2244.235311300286
 10
3933.000000309966
 20
-1874.49743378336
 42
0.4142135618492049
 10
3930.000000309966
 20
-1871.49743378336
 10
3036.00000030997
 20
-1871.49743378336
 42
0.4142135614172619
 10
3033.00000030997
 20
-1874.49743378336
  0
LWPOLYLINE
  5
3FF
330
1F
100
AcDbEntity
  8
EM-26232-20
 62
     7
100
AcDbPolyline
 90
        6
 70
     1
 43
0.0
 10
3203.398498168037
 20
-2608.497433783362
 10
3148.000000309969
 20
-2608.49743378336
 42
0.9999988675751364
 10
3148.000000309969
 20
-2658.49743378336
 10
3203.398498168037
 20
-2658.497433783358
 42
-0.3852730714172263
 10
3206.38356758594
 20
-2661.198501399017
 42
20.02148221935465
 10
3206.383567585942
 20
-2605.796366167704
 42
-0.3852730718492619
  0
CIRCLE
  5
400
330
1F
100
AcDbEntity
  8
EM-26232-20
 62
     7
100
AcDbCircle
 10
3998.000000309971
 20
-2633.497433783358
 30
0.0
 40
40.0
  0
LWPOLYLINE
  5
401
330
1F
100
AcDbEntity
  8
EM-26232-20
 62
     7
100
AcDbPolyline
 90
        4
 70
     1
 43
0.0
 10
3065.500000309969
 20
-1966.49743378336
 10
3065.500000309969
 20
-1896.49743378336
 42
0.9999904394904204
 10
3050.500000309964
 20
-1896.49743378336
 10
3050.500000309964
 20
-1966.49743378336
 42
0.9999943876336297
  0
LWPOLYLINE
  5
402
330
1F
100
AcDbEntity
  8
EM-26232-20
 62
     7
100
AcDbPolyline
 90
        4
 70
     1
 43
0.0
 10
3900.500000309972
 20
-1966.49743378336
 42
1.000008047145062
 10
3915.500000309972
 20
-1966.49743378336
 10
3915.500000309972
 20
-1896.49743378336
 42
1.000006743518497
 10
3900.500000309972
 20
-1896.49743378336
  0
LWPOLYLINE
  5
403
330
1F
100
AcDbEntity
  8
EM-26232-20
 62
     7
100
AcDbPolyline
 90
        4
 70
     1
 43
0.0
 10
3065.500000309969
 20
-3300.497433783358
 42
0.9999914152021196
 10
3050.500000309964
 20
-3300.497433783358
 10
3050.500000309964
 20
-3370.497433783358
 42
0.9999923290251066
 10
3065.500000309969
 20
-3370.497433783358
  0
LWPOLYLINE
  5
404
330
1F
100
AcDbEntity
  8
EM-26232-20
 62
     7
100
AcDbPolyline
 90
        4
 70
     1
 43
0.0
 10
3900.500000309966
 20
-3300.497433783358
 10
3900.500000309966
 20
-3370.497433783358
 42
1.00000884062228
 10
3915.500000309966
 20
-3370.497433783358
 10
3915.500000309966
 20
-3300.497433783358
 42
1.000006602681315
  0
CIRCLE
  5
405
330
1F
100
AcDbEntity
  8
0
 62
     7
100
AcDbCircle
 10
3896.582390178468
 20
-1436.497433300284
 30
0.0
 40
105.0
  0
CIRCLE
  5
406
330
1F
100
AcDbEntity
  8
0
 62
     7
100
AcDbCircle
 10
3896.582390178468
 20
-1436.497433300284
 30
0.0
 40
80.0
  0
MTEXT
  5
407
330
1F
100
AcDbEntity
  8
Texto
 62
     3
100
AcDbMText
 10
3893.856501507012
 20
-1339.388976493284
 30
0.0
 40
10.0
 41
86.14788832487645
 71
     1
 72
     5
  1
{\C1;7x}
 73
     1
 44
1.0
1001
ACAD
1000
MTEXTBEGIN
1070
    73
1070
     1
1070
    44
1040
1.0
1070
    74
1070
     0
1000
MTEXTEND
  0
CIRCLE
  5
408
330
1F
100
AcDbEntity
  8
0
 62
     7
100
AcDbCircle
 10
3815.928486809461
 20
-1700.497433300284
 30
0.0
 40
155.0
  0
CIRCLE
  5
409
330
1F
100
AcDbEntity
  8
0
 62
     7
100
AcDbCircle
 10
3815.928486809461
 20
-1700.497433300284
 30
0.0
 40
80.0
  0
MTEXT
  5
40A
330
1F
100
AcDbEntity
  8
Texto
 62
     3
100
AcDbMText
 10
3928.372928010017
 20
-1714.47100780331
 30
0.0
 40
10.0
 41
86.14788832487645
 71
     1
 72
     5
  1
{\C1;28x}
 73
     1
 44
1.0
1001
ACAD
1000
MTEXTBEGIN
1070
    73
1070
     1
1070
    44
1040
1.0
1070
    74
1070
     0
1000
MTEXTEND
  0
CIRCLE
  5
40B
330
1F
100
AcDbEntity
  8
0
 62
     7
100
AcDbCircle
 10
3627.653600801499
 20
-1465.64945348782
 30
0.0
 40
130.0
  0
CIRCLE
  5
40C
330
1F
100
AcDbEntity
  8
0
 62
     7
100
AcDbCircle
 10
3627.653600801499
 20
-1465.64945348782
 30
0.0
 40
70.0
  0
MTEXT
  5
40D
330
1F
100
AcDbEntity
  8
Texto
 62
     3
100
AcDbMText
 10
3609.212286912588
 20
-1363.134962218187
 30
0.0
 40
10.0
 41
86.14788832487645
 71
     1
 72
     5
  1
{\C1;8x}
 73
     1
 44
1.0
1001
ACAD
1000
MTEXTBEGIN
1070
    73
1070
     1
1070
    44
1040
1.0
1070
    74
1070
     0
1000
MTEXTEND
  0
CIRCLE
  5
40E
330
1F
100
AcDbEntity
  8
0
 62
     7
100
AcDbCircle
 10
3470.628530256129
 20
-2644.891689001086
 30
0.0
 40
245.0
  0
CIRCLE
  5
40F
330
1F
100
AcDbEntity
  8
0
 62
     7
100
AcDbCircle
 10
3470.628530256129
 20
-2644.891689001086
 30
0.0
 40
210.0
  0
MTEXT
  5
410
330
1F
100
AcDbEntity
  8
Texto
 62
     3
100
AcDbMText
 10
3455.708307719991
 20
-2409.318867049402
 30
0.0
 40
10.0
 41
86.14788832487645
 71
     1
 72
     5
  1
{\C1;4x}
 73
     1
 44
1.0
1001
ACAD
1000
MTEXTBEGIN
1070
    73
1070
     1
1070
    44
1040
1.0
1070
    74
1070
     0
1000
MTEXTEND
  0
CIRCLE
  5
411
330
1F
100
AcDbEntity
  8
0
 62
     7
100
AcDbCircle
 10
3515.928477597891
 20
-1725.497433300284
 30
0.0
 40
130.0
  0
CIRCLE
  5
412
330
1F
100
AcDbEntity
  8
0
 62
     7
100
AcDbCircle
 10
3515.928477597891
 20
-1725.497433300284
 30
0.0
 40
70.0
  0
MTEXT
  5
413
330
1F
100
AcDbEntity
  8
Texto
 62
     3
100
AcDbMText
 10
3497.487163708985
 20
-1622.982942030651
 30
0.0
 40
10.0
 41
86.14788832487645
 71
     1
 72
     5
  1
{\C1;8x}
 73
     1
 44
1.0
1001
ACAD
1000
MTEXTBEGIN
1070
    73
1070
     1
1070
    44
1040
1.0
1070
    74
1070
     0
1000
MTEXTEND
  0
CIRCLE
  5
414
330
1F
100
AcDbEntity
  8
0
 62
     7
100
AcDbCircle
 10
3460.781938083589
 20
-2654.772615298952
 30
0.0
 40
180.0
  0
CIRCLE
  5
415
330
1F
100
AcDbEntity
  8
0
 62
     7
100
AcDbCircle
 10
3460.781938083589
 20
-2654.772615298952
 30
0.0
 40
100.0
  0
MTEXT
  5
416
330
1F
100
AcDbEntity
  8
Texto
 62
     3
100
AcDbMText
 10
3433.520238337184
 20
-2786.604071623147
 30
0.0
 40
10.0
 41
86.14788832487645
 71
     1
 72
     5
  1
{\C1;24x}
 73
     1
 44
1.0
1001
ACAD
1000
MTEXTBEGIN
1070
    73
1070
     1
1070
    44
1040
1.0
1070
    74
1070
     0
1000
MTEXTEND
  0
CIRCLE
  5
417
330
1F
100
AcDbEntity
  8
0
 62
     7
100
AcDbCircle
 10
3351.681599679114
 20
-1461.497433300285
 30
0.0
 40
130.0
  0
CIRCLE
  5
418
330
1F
100
AcDbEntity
  8
0
 62
     7
100
AcDbCircle
 10
3351.681599679114
 20
-1461.497433300285
 30
0.0
 40
70.0
  0
MTEXT
  5
419
330
1F
100
AcDbEntity
  8
Texto
 62
     3
100
AcDbMText
 10
3333.240285790213
 20
-1358.982942030652
 30
0.0
 40
10.0
 41
86.14788832487645
 71
     1
 72
     5
  1
{\C1;8x}
 73
     1
 44
1.0
1001
ACAD
1000
MTEXTBEGIN
1070
    73
1070
     1
1070
    44
1040
1.0
1070
    74
1070
     0
1000
MTEXTEND
  0
CIRCLE
  5
41A
330
1F
100
AcDbEntity
  8
0
 62
     7
100
AcDbCircle
 10
3240.123489422541
 20
-1713.997845797373
 30
0.0
 40
130.0
  0
CIRCLE
  5
41B
330
1F
100
AcDbEntity
  8
0
 62
     7
100
AcDbCircle
 10
3240.123489422541
 20
-1713.997845797373
 30
0.0
 40
70.0
  0
MTEXT
  5
41C
330
1F
100
AcDbEntity
  8
Texto
 62
     3
100
AcDbMText
 10
3221.682175533627
 20
-1611.483354527741
 30
0.0
 40
10.0
 41
86.14788832487645
 71
     1
 72
     5
  1
{\C1;8x}
 73
     1
 44
1.0
1001
ACAD
1000
MTEXTBEGIN
1070
    73
1070
     1
1070
    44
1040
1.0
1070
    74
1070
     0
1000
MTEXTEND
  0
CIRCLE
  5
41D
330
1F
100
AcDbEntity
  8
0
 62
     7
100
AcDbCircle
 10
3043.032227309999
 20
-1486.497597656695
 30
0.0
 40
155.0
  0
CIRCLE
  5
41E
330
1F
100
AcDbEntity
  8
0
 62
     7
100
AcDbCircle
 10
3043.032227309999
 20
-1486.497597656695
 30
0.0
 40
80.0
  0
MTEXT
  5
41F
330
1F
100
AcDbEntity
  8
Texto
 62
     3
100
AcDbMText
 10
3155.476668510552
 20
-1500.471172159722
 30
0.0
 40
10.0
 41
86.14788832487645
 71
     1
 72
     5
  1
{\C1;28x}
 73
     1
 44
1.0
1001
ACAD
1000
MTEXTBEGIN
1070
    73
1070
     1
1070
    44
1040
1.0
1070
    74
1070
     0
1000
MTEXTEND
  0
CIRCLE
  5
420
330
1F
100
AcDbEntity
  8
0
 62
     7
100
AcDbCircle
 10
2993.022341309999
 20
-1758.070510339486
 30
0.0
 40
105.0
  0
CIRCLE
  5
421
330
1F
100
AcDbEntity
  8
0
 62
     7
100
AcDbCircle
 10
2993.022341309999
 20
-1758.070510339486
 30
0.0
 40
80.0
  0
MTEXT
  5
422
330
1F
100
AcDbEntity
  8
Texto
 62
     3
100
AcDbMText
 10
2990.296452638547
 20
-1660.962053532486
 30
0.0
 40
10.0
 41
86.14788832487645
 71
     1
 72
     5
  1
{\C1;7x}
 73
     1
 44
1.0
1001
ACAD
1000
MTEXTBEGIN
1070
    73
1070
     1
1070
    44
1040
1.0
1070
    74
1070
     0
1000
MTEXTEND
  0
LWPOLYLINE
  5
423
330
1F
100
AcDbEntity
  8
Stats
 62
   151
100
AcDbPolyline
 90
        5
 70
     1
 43
0.0
 10
2870.00000021
 20
-3438.497433400285
 10
3120.00000021
 20
-3438.497433400285
 10
3120.00000021
 20
-3518.497433400284
 10
2870.00000021
 20
-3518.497433400284
 10
2870.00000021
 20
-3438.497433400285
  0
TEXT
  5
424
330
1F
100
AcDbEntity
  8
Stats
 62
    60
100
AcDbText
 10
2872.00000021
 20
-3450.497433400285
 30
0.0
 40
10.0
  1
Production Qty: 1
100
AcDbText
  0
TEXT
  5
425
330
1F
100
AcDbEntity
  8
Stats
 62
    60
100
AcDbText
 10
2872.00000021
 20
-3462.497433400284
 30
0.0
 40
10.0
  1
Sheet 2 (1400,00 x 2100,00)
100
AcDbText
  0
TEXT
  5
426
330
1F
100
AcDbEntity
  8
Stats
 62
    60
100
AcDbText
 10
2872.00000021
 20
-3474.497433400285
 30
0.0
 40
10.0
  1
Parts Nested: 17
100
AcDbText
  0
TEXT
  5
427
330
1F
100
AcDbEntity
  8
Stats
 62
    60
100
AcDbText
 10
2872.00000021
 20
-3486.497433400284
 30
0.0
 40
10.0
  1
Util (Nest): 67,53%
100
AcDbText
  0
TEXT
  5
428
330
1F
100
AcDbEntity
  8
Stats
 62
    60
100
AcDbText
 10
2872.00000021
 20
-3498.497433400285
 30
0.0
 40
10.0
  1
Util (Sheet): 64,38%
100
AcDbText
  0
TEXT
  5
429
330
1F
100
AcDbEntity
  8
Stats
 62
    60
100
AcDbText
 10
2872.00000021
 20
-3510.497433400285
 30
0.0
 40
10.0
  1
Cut Distance: 29926,30mm
100
AcDbText
  0
LWPOLYLINE
  5
42A
330
1F
100
AcDbEntity
  8
sheet
 62
     7
100
AcDbPolyline
 90
        4
 70
     1
 43
0.0
 10
4340.000000519999
 20
-3413.497433300284
 10
5740.000000519999
 20
-3413.497433300284
 10
5740.000000519999
 20
-1313.497433300284
 10
4340.000000519999
 20
-1313.497433300284
  0
CIRCLE
  5
42B
330
1F
100
AcDbEntity
  8
0
 62
     7
100
AcDbCircle
 10
5527.609235540239
 20
-1547.188021115251
 30
0.0
 40
180.0
  0
CIRCLE
  5
42C
330
1F
100
AcDbEntity
  8
0
 62
     7
100
AcDbCircle
 10
5527.609235540239
 20
-1547.188021115251
 30
0.0
 40
100.0
  0
MTEXT
  5
42D
330
1F
100
AcDbEntity
  8
Texto
 62
     3
100
AcDbMText
 10
5500.347535793832
 20
-1679.019477439445
 30
0.0
 40
10.0
 41
86.14788832487645
 71
     1
 72
     5
  1
{\C1;24x}
 73
     1
 44
1.0
1001
ACAD
1000
MTEXTBEGIN
1070
    73
1070
     1
1070
    44
1040
1.0
1070
    74
1070
     0
1000
MTEXTEND
  0
LWPOLYLINE
  5
42E
330
1F
100
AcDbEntity
  8
EM-26235-12
 62
     7
100
AcDbPolyline
 90
       16
 70
     1
 43
0.0
 10
4439.387845720202
 20
-1597.8038213467
 10
4358.113160120923
 20
-2186.21730307595
 42
0.4142135625057443
 10
4360.674467172083
 20
-2189.599566547306
 10
4622.550117308355
 20
-2225.771173405093
 42
-0.220810271500488
 10
4624.674612825659
 20
-2227.138618240695
 42
0.4642563737661613
 10
5330.6646621282
 20
-2324.653581909876
 42
-0.2208102721126525
 10
5333.080295545317
 20
-2323.91324294996
 10
5594.955945681586
 20
-2360.084849807748
 42
0.4142135622936713
 10
5598.338209152945
 20
-2357.523542756586
 10
5679.612894752224
 20
-1769.110061027336
 42
0.4142135622045839
 10
5677.051587701061
 20
-1765.72779755598
 10
5415.175937564792
 20
-1729.556190698193
 42
-0.220810271831867
 10
5413.051442047487
 20
-1728.188745862587
 42
0.4642563737661766
 10
4707.061392744948
 20
-1630.673782193406
 42
-0.2208102718467904
 10
4704.645759327829
 20
-1631.414121153326
 10
4442.770109191558
 20
-1595.242514295538
 42
0.4142135625223206
  0
CIRCLE
  5
42F
330
1F
100
AcDbEntity
  8
EM-26235-12
 62
     7
100
AcDbCircle
 10
5018.863027436574
 20
-1977.663682051643
 30
0.0
 40
229.5
  0
CIRCLE
  5
430
330
1F
100
AcDbEntity
  8
EM-26235-12
 62
     7
100
AcDbCircle
 10
4976.446945726511
 20
-2284.74815904839
 30
0.0
 40
25.0
  0
CIRCLE
  5
431
330
1F
100
AcDbEntity
  8
EM-26235-12
 62
     7
100
AcDbCircle
 10
5075.645846500043
 20
-1566.566720910836
 30
0.0
 40
30.0
  0
LWPOLYLINE
  5
432
330
1F
100
AcDbEntity
  8
EM-26235-12
 62
     7
100
AcDbPolyline
 90
        4
 70
     1
 43
0.0
 10
5577.609701041744
 20
-2324.880335936729
 10
5508.268044945705
 20
-2315.302511034458
 42
1.000008541376235
 10
5506.215653895218
 20
-2330.161437340752
 10
5575.557309991257
 20
-2339.739262243023
 42
0.9999934193713484
  0
LWPOLYLINE
  5
433
330
1F
100
AcDbEntity
  8
EM-26235-12
 62
     7
100
AcDbPolyline
 90
        4
 70
     1
 43
0.0
 10
5650.811648509108
 20
-1794.911964345571
 42
0.9999933734626004
 10
5652.864039559597
 20
-1780.053038039277
 10
5583.522383463557
 20
-1770.475213137004
 42
1.000006692628205
 10
5581.469992413069
 20
-1785.334139443299
  0
LWPOLYLINE
  5
434
330
1F
100
AcDbEntity
  8
EM-26235-12
 62
     7
100
AcDbPolyline
 90
        4
 70
     1
 43
0.0
 10
4386.914406364037
 20
-2160.415399757716
 42
1.000008509861503
 10
4384.86201531355
 20
-2175.27432606401
 10
4454.203671409591
 20
-2184.852150966282
 42
0.9999982613430692
 10
4456.256062460078
 20
-2169.993224659988
  0
LWPOLYLINE
  5
435
330
1F
100
AcDbEntity
  8
EM-26235-12
 62
     7
100
AcDbPolyline
 90
        4
 70
     1
 43
0.0
 10
4460.116353831402
 20
-1630.447028166557
 10
4529.458009927441
 20
-1640.024853068829
 42
0.9999935513380656
 10
4531.510400977929
 20
-1625.165926762535
 10
4462.168744881887
 20
-1615.588101860263
 42
1.00000708489576
  0
LWPOLYLINE
  5
436
330
1F
100
AcDbEntity
  8
EM-26235-11
 62
     7
100
AcDbPolyline
 90
        8
 70
     1
 43
0.0
 10
4706.620351720202
 20
-2582.791555205753
 10
4440.407900287349
 20
-2545.893184560189
 10
4358.032421600506
 20
-3140.211517199452
 10
4624.244873033359
 20
-3177.109887845025
 42
0.4660698821307489
 10
5331.964224274917
 20
-3275.20331208043
 10
5598.176675707769
 20
-3312.101682725997
 10
5680.552154394611
 20
-2717.783350086733
 10
5414.33970296176
 20
-2680.884979441166
 42
0.4660698821307411
  0
CIRCLE
  5
437
330
1F
100
AcDbEntity
  8
EM-26235-11
 62
     7
100
AcDbCircle
 10
5019.292287997558
 20
-2928.997433643092
 30
0.0
 40
229.5
  0
CIRCLE
  5
438
330
1F
100
AcDbEntity
  8
EM-26235-11
 62
     7
100
AcDbCircle
 10
4976.731624009357
 20
-3236.061905506713
 30
0.0
 40
25.0
  0
CIRCLE
  5
439
330
1F
100
AcDbEntity
  8
EM-26235-11
 62
     7
100
AcDbCircle
 10
5076.268660755958
 20
-2517.927253567603
 30
0.0
 40
30.0
  0
LWPOLYLINE
  5
43A
330
1F
100
AcDbEntity
  8
EM-26235-11
 62
     7
100
AcDbPolyline
 90
        4
 70
     1
 43
0.0
 10
4456.594829363925
 20
-3121.062058306908
 10
4387.257690556011
 20
-3111.451585793443
 42
1.00001125201144
 10
4385.198303588841
 20
-3126.309544109425
 10
4454.535442396756
 20
-3135.92001662289
 42
0.9999892948713295
  0
LWPOLYLINE
  5
43B
330
1F
100
AcDbEntity
  8
EM-26235-11
 62
     7
100
AcDbPolyline
 90
        4
 70
     1
 43
0.0
 10
4530.046297859694
 20
-2591.128211703566
 42
0.9999893403315686
 10
4532.105684826865
 20
-2576.270253387585
 10
4462.76854601895
 20
-2566.65978087412
 42
1.000010182680833
 10
4460.70915905178
 20
-2581.5177391901
  0
LWPOLYLINE
  5
43C
330
1F
100
AcDbEntity
  8
EM-26235-11
 62
     7
100
AcDbPolyline
 90
        4
 70
     1
 43
0.0
 10
5508.538278135422
 20
-3266.86665558262
 42
1.000004445548654
 10
5506.478891168253
 20
-3281.724613898601
 10
5575.816029976165
 20
-3291.335086412066
 42
0.9999958948372134
 10
5577.875416943337
 20
-3276.477128096085
  0
LWPOLYLINE
  5
43D
330
1F
100
AcDbEntity
  8
EM-26235-11
 62
     7
100
AcDbPolyline
 90
        4
 70
     1
 43
0.0
 10
5581.989746631189
 20
-2736.932808979276
 10
5651.326885439104
 20
-2746.543281492741
 42
0.9999956008872135
 10
5653.386272406276
 20
-2731.685323176761
 10
5584.049133598361
 20
-2722.074850663295
 42
0.9999947077898465
  0
CIRCLE
  5
43E
330
1F
100
AcDbEntity
  8
0
 62
     7
100
AcDbCircle
 10
5509.491763953693
 20
-2521.406413239538
 30
0.0
 40
155.0
  0
CIRCLE
  5
43F
330
1F
100
AcDbEntity
  8
0
 62
     7
100
AcDbCircle
 10
5509.491763953693
 20
-2521.406413239538
 30
0.0
 40
80.0
  0
MTEXT
  5
440
330
1F
100
AcDbEntity
  8
Texto
 62
     3
100
AcDbMText
 10
5621.936205154246
 20
-2535.379987742564
 30
0.0
 40
10.0
 41
86.14788832487645
 71
     1
 72
     5
  1
{\C1;28x}
 73
     1
 44
1.0
1001
ACAD
1000
MTEXTBEGIN
1070
    73
1070
     1
1070
    44
1040
1.0
1070
    74
1070
     0
1000
MTEXTEND
  0
CIRCLE
  5
441
330
1F
100
AcDbEntity
  8
0
 62
     7
100
AcDbCircle
 10
5247.700813044577
 20
-1436.497433205753
 30
0.0
 40
105.0
  0
CIRCLE
  5
442
330
1F
100
AcDbEntity
  8
0
 62
     7
100
AcDbCircle
 10
5247.700813044577
 20
-1436.497433205753
 30
0.0
 40
60.0
  0
MTEXT
  5
443
330
1F
100
AcDbEntity
  8
Texto
 62
     3
100
AcDbMText
 10
5249.796622038323
 20
-1512.347971827474
 30
0.0
 40
10.0
 41
86.14788832487645
 71
     1
 72
     5
  1
{\C1;8x}
 73
     1
 44
1.0
1001
ACAD
1000
MTEXTBEGIN
1070
    73
1070
     1
1070
    44
1040
1.0
1070
    74
1070
     0
1000
MTEXTEND
  0
CIRCLE
  5
444
330
1F
100
AcDbEntity
  8
0
 62
     7
100
AcDbCircle
 10
5013.483404921839
 20
-2935.007488216392
 30
0.0
 40
205.0
  0
CIRCLE
  5
445
330
1F
100
AcDbEntity
  8
0
 62
     7
100
AcDbCircle
 10
5013.483404921839
 20
-2935.007488216392
 30
0.0
 40
100.0
  0
MTEXT
  5
446
330
1F
100
AcDbEntity
  8
Texto
 62
     3
100
AcDbMText
 10
4910.228821403119
 20
-3049.970042483657
 30
0.0
 40
10.0
 41
86.14788832487645
 71
     1
 72
     5
  1
{\C1;7x}
 73
     1
 44
1.0
1001
ACAD
1000
MTEXTBEGIN
1070
    73
1070
     1
1070
    44
1040
1.0
1070
    74
1070
     0
1000
MTEXTEND
  0
CIRCLE
  5
447
330
1F
100
AcDbEntity
  8
0
 62
     7
100
AcDbCircle
 10
5009.560694006235
 20
-1987.259815011646
 30
0.0
 40
200.0
  0
CIRCLE
  5
448
330
1F
100
AcDbEntity
  8
0
 62
     7
100
AcDbCircle
 10
5009.560694006235
 20
-1987.259815011646
 30
0.0
 40
85.0
  0
MTEXT
  5
449
330
1F
100
AcDbEntity
  8
Texto
 62
     3
100
AcDbMText
 10
5000.473284201017
 20
-2121.232436685763
 30
0.0
 40
10.0
 41
86.14788832487645
 71
     1
 72
     5
  1
{\C1;4x}
 73
     1
 44
1.0
1001
ACAD
1000
MTEXTBEGIN
1070
    73
1070
     1
1070
    44
1040
1.0
1070
    74
1070
     0
1000
MTEXTEND
  0
CIRCLE
  5
44A
330
1F
100
AcDbEntity
  8
0
 62
     7
100
AcDbCircle
 10
4718.878193243022
 20
-1472.449003573639
 30
0.0
 40
105.0
  0
CIRCLE
  5
44B
330
1F
100
AcDbEntity
  8
0
 62
     7
100
AcDbCircle
 10
4718.878193243022
 20
-1472.449003573639
 30
0.0
 40
70.0
  0
MTEXT
  5
44C
330
1F
100
AcDbEntity
  8
Texto
 62
     3
100
AcDbMText
 10
4796.350030136902
 20
-1438.792624112692
 30
0.0
 40
10.0
 41
86.14788832487645
 71
     1
 72
     5
  1
{\C1;3x}
 73
     1
 44
1.0
1001
ACAD
1000
MTEXTBEGIN
1070
    73
1070
     1
1070
    44
1040
1.0
1070
    74
1070
     0
1000
MTEXTEND
  0
CIRCLE
  5
44D
330
1F
100
AcDbEntity
  8
0
 62
     7
100
AcDbCircle
 10
4528.818001884316
 20
-2385.480149270233
 30
0.0
 40
155.0
  0
CIRCLE
  5
44E
330
1F
100
AcDbEntity
  8
0
 62
     7
100
AcDbCircle
 10
4528.818001884316
 20
-2385.480149270233
 30
0.0
 40
80.0
  0
MTEXT
  5
44F
330
1F
100
AcDbEntity
  8
Texto
 62
     3
100
AcDbMText
 10
4641.262443084873
 20
-2399.453723773259
 30
0.0
 40
10.0
 41
86.14788832487645
 71
     1
 72
     5
  1
{\C1;28x}
 73
     1
 44
1.0
1001
ACAD
1000
MTEXTBEGIN
1070
    73
1070
     1
1070
    44
1040
1.0
1070
    74
1070
     0
1000
MTEXTEND
  0
CIRCLE
  5
450
330
1F
100
AcDbEntity
  8
0
 62
     7
100
AcDbCircle
 10
4478.025307720202
 20
-1462.795623539867
 30
0.0
 40
120.0
  0
CIRCLE
  5
451
330
1F
100
AcDbEntity
  8
0
 62
     7
100
AcDbCircle
 10
4478.025307720202
 20
-1462.795623539867
 30
0.0
 40
60.0
  0
MTEXT
  5
452
330
1F
100
AcDbEntity
  8
Texto
 62
     3
100
AcDbMText
 10
4462.17002545105
 20
-1365.618899731444
 30
0.0
 40
10.0
 41
86.14788832487645
 71
     1
 72
     5
  1
{\C1;4x}
 73
     1
 44
1.0
1001
ACAD
1000
MTEXTBEGIN
1070
    73
1070
     1
1070
    44
1040
1.0
1070
    74
1070
     0
1000
MTEXTEND
  0
LWPOLYLINE
  5
456
330
1F
100
AcDbEntity
  8
Stats
 62
   151
100
AcDbPolyline
 90
        5
 70
     1
 43
0.0
 10
4340.00000042
 20
-3438.497433400285
 10
4590.00000042
 20
-3438.497433400285
 10
4590.00000042
 20
-3518.497433400284
 10
4340.00000042
 20
-3518.497433400284
 10
4340.00000042
 20
-3438.497433400285
  0
TEXT
  5
457
330
1F
100
AcDbEntity
  8
Stats
 62
    60
100
AcDbText
 10
4342.000000419999
 20
-3450.497433400285
 30
0.0
 40
10.0
  1
Production Qty: 1
100
AcDbText
  0
TEXT
  5
458
330
1F
100
AcDbEntity
  8
Stats
 62
    60
100
AcDbText
 10
4342.000000419999
 20
-3462.497433400284
 30
0.0
 40
10.0
  1
Sheet 3 (1400,00 x 2100,00)
100
AcDbText
  0
TEXT
  5
459
330
1F
100
AcDbEntity
  8
Stats
 62
    60
100
AcDbText
 10
4342.000000419999
 20
-3474.497433400285
 30
0.0
 40
10.0
  1
Parts Nested: 11
100
AcDbText
  0
TEXT
  5
45A
330
1F
100
AcDbEntity
  8
Stats
 62
    60
100
AcDbText
 10
4342.000000419999
 20
-3486.497433400284
 30
0.0
 40
10.0
  1
Util (Nest): 70,32%
100
AcDbText
  0
TEXT
  5
45B
330
1F
100
AcDbEntity
  8
Stats
 62
    60
100
AcDbText
 10
4342.000000419999
 20
-3498.497433400285
 30
0.0
 40
10.0
  1
Util (Sheet): 66,63%
100
AcDbText
  0
TEXT
  5
45C
330
1F
100
AcDbEntity
  8
Stats
 62
    60
100
AcDbText
 10
4342.000000419999
 20
-3510.497433400285
 30
0.0
 40
10.0
  1
Cut Distance: 25752,17mm
100
AcDbText
  0
LWPOLYLINE
  5
45D
330
1F
100
AcDbEntity
  8
sheet
 62
     7
100
AcDbPolyline
 90
        4
 70
     1
 43
0.0
 10
4340.000000519997
 20
-8552.79053569259
 10
5740.000000519998
 20
-8552.79053569259
 10
5740.000000519998
 20
-6452.79053569259
 10
4340.000000519997
 20
-6452.79053569259
  0
CIRCLE
  5
45E
330
1F
100
AcDbEntity
  8
0
 62
     7
100
AcDbCircle
 10
5603.593863804635
 20
-7438.348521540945
 30
0.0
 40
120.0
  0
CIRCLE
  5
45F
330
1F
100
AcDbEntity
  8
0
 62
     7
100
AcDbCircle
 10
5603.593863804635
 20
-7438.348521540945
 30
0.0
 40
60.0
  0
MTEXT
  5
460
330
1F
100
AcDbEntity
  8
Texto
 62
     3
100
AcDbMText
 10
5587.738581535482
 20
-7341.171797732522
 30
0.0
 40
10.0
 41
86.14788832487645
 71
     1
 72
     5
  1
{\C1;4x}
 73
     1
 44
1.0
1001
ACAD
1000
MTEXTBEGIN
1070
    73
1070
     1
1070
    44
1040
1.0
1070
    74
1070
     0
1000
MTEXTEND
  0
LWPOLYLINE
  5
461
330
1F
100
AcDbEntity
  8
0
 62
     7
100
AcDbPolyline
 90
        8
 70
     1
 43
0.0
 10
5236.43800635896
 20
-7498.306152839281
 42
22.72265773021773
 10
5174.681400851805
 20
-7498.513804429562
 42
0.4402178325863824
 10
5185.526322655314
 20
-7488.515943798613
 10
5185.463513922907
 20
-7469.836317486424
 42
-0.4142135623730752
 10
5205.396152863272
 20
-7449.769182542114
 10
5205.396152863272
 20
-7449.769182542114
 42
-0.414213562372842
 10
5225.463287807579
 20
-7469.701821482477
 10
5225.526096539987
 20
-7488.381447794665
 42
0.4402178325844814
  0
CIRCLE
  5
462
330
1F
100
AcDbEntity
  8
0
 62
     7
100
AcDbCircle
 10
5204.382389233527
 20
-7148.270886886395
 30
0.0
 40
183.5
  0
CIRCLE
  5
463
330
1F
100
AcDbEntity
  8
0
 62
     7
100
AcDbCircle
 10
5203.597268810492
 20
-6914.772206834619
 30
0.0
 40
25.0
  0
MTEXT
  5
464
330
1F
100
AcDbEntity
  8
Texto
 62
     3
100
AcDbMText
 10
4954.709158270823
 20
-7212.413062380858
 30
0.0
 40
10.0
 41
86.14788832487645
 71
     1
 72
     5
  1
{\C1;3x}
 11
0.9999943471168105
 21
0.0033624000986923
 31
0.0
 73
     1
 44
1.0
1001
ACAD
1000
MTEXTBEGIN
1070
    73
1070
     1
1070
    44
1040
1.0
1070
    74
1070
     0
1000
MTEXTEND
  0
CIRCLE
  5
465
330
1F
100
AcDbEntity
  8
0
 62
     7
100
AcDbCircle
 10
5375.845219358958
 20
-8354.79053569259
 30
0.0
 40
180.0
  0
CIRCLE
  5
466
330
1F
100
AcDbEntity
  8
0
 62
     7
100
AcDbCircle
 10
5375.845219358958
 20
-8354.79053569259
 30
0.0
 40
115.0
  0
CIRCLE
  5
467
330
1F
100
AcDbEntity
  8
0
 62
     7
100
AcDbCircle
 10
5380.836661204405
 20
-7670.228571736851
 30
0.0
 40
180.0
  0
CIRCLE
  5
468
330
1F
100
AcDbEntity
  8
0
 62
     7
100
AcDbCircle
 10
5380.836661204405
 20
-7670.228571736851
 30
0.0
 40
115.0
  0
CIRCLE
  5
469
330
1F
100
AcDbEntity
  8
0
 62
     7
100
AcDbCircle
 10
3835.645391348706
 20
-6701.469842687089
 30
0.0
 40
120.0
  0
CIRCLE
  5
46A
330
1F
100
AcDbEntity
  8
0
 62
     7
100
AcDbCircle
 10
3835.645391348706
 20
-6701.469842687089
 30
0.0
 40
60.0
  0
MTEXT
  5
46B
330
1F
100
AcDbEntity
  8
Texto
 62
     3
100
AcDbMText
 10
3819.79010907955
 20
-6604.293118878667
 30
0.0
 40
10.0
 41
86.14788832487645
 71
     1
 72
     5
  1
{\C1;4x}
 73
     1
 44
1.0
1001
ACAD
1000
MTEXTBEGIN
1070
    73
1070
     1
1070
    44
1040
1.0
1070
    74
1070
     0
1000
MTEXTEND
  0
CIRCLE
  5
46C
330
1F
100
AcDbEntity
  8
0
 62
     7
100
AcDbCircle
 10
5195.521622938079
 20
-7156.972882888659
 30
0.0
 40
155.0
  0
CIRCLE
  5
46D
330
1F
100
AcDbEntity
  8
0
 62
     7
100
AcDbCircle
 10
5195.521622938079
 20
-7156.972882888659
 30
0.0
 40
70.0
  0
MTEXT
  5
46E
330
1F
100
AcDbEntity
  8
Texto
 62
     3
100
AcDbMText
 10
5164.562893922095
 20
-7253.383191310064
 30
0.0
 40
10.0
 41
86.14788832487645
 71
     1
 72
     5
  1
{\C1;8x}
 73
     1
 44
1.0
1001
ACAD
1000
MTEXTBEGIN
1070
    73
1070
     1
1070
    44
1040
1.0
1070
    74
1070
     0
1000
MTEXTEND
  0
CIRCLE
  5
46F
330
1F
100
AcDbEntity
  8
0
 62
     7
100
AcDbCircle
 10
5167.254648214672
 20
-6589.169403163928
 30
0.0
 40
130.0
  0
CIRCLE
  5
470
330
1F
100
AcDbEntity
  8
0
 62
     7
100
AcDbCircle
 10
5167.254648214672
 20
-6589.169403163928
 30
0.0
 40
80.0
  0
MTEXT
  5
471
330
1F
100
AcDbEntity
  8
Texto
 62
     3
100
AcDbMText
 10
5156.803882526947
 20
-6684.16991867048
 30
0.0
 40
10.0
 41
86.14788832487645
 71
     1
 72
     5
  1
{\C1;35x}
 73
     1
 44
1.0
1001
ACAD
1000
MTEXTBEGIN
1070
    73
1070
     1
1070
    44
1040
1.0
1070
    74
1070
     0
1000
MTEXTEND
  0
LWPOLYLINE
  5
472
330
1F
100
AcDbEntity
  8
0
 62
     7
100
AcDbPolyline
 90
       16
 70
     1
 43
0.0
 10
5168.279541870655
 20
-8531.591716384644
 42
0.4142135622605129
 10
5171.290478765321
 20
-8528.602693297356
 10
5172.122922551338
 20
-8300.681122328397
 42
-0.1899342168933764
 10
5172.936949560881
 20
-8298.637423649521
 42
0.3940850546557677
 10
5174.441918637072
 20
-7886.579670482245
 42
-0.1899342166272821
 10
5173.642841651468
 20
-7884.530080222373
 10
5174.475285437486
 20
-7656.608509253413
 42
0.4142135624008878
 10
5171.486262350198
 20
-7653.597572358747
 10
4737.489156988875
 20
-7652.012473625124
 42
0.4142135625535831
 10
4734.478220094209
 20
-7655.001496712412
 10
4733.645776308192
 20
-7882.923067681371
 42
-0.1899342165705727
 10
4732.831749298649
 20
-7884.966766360244
 42
0.3940850546557659
 10
4731.326780222458
 20
-8297.02451952752
 42
-0.1899342169199192
 10
4732.125857208066
 20
-8299.074109787396
 10
4731.293413422045
 20
-8526.995680756355
 42
0.4142135623568141
 10
4734.282436509333
 20
-8530.006617651022
  0
CIRCLE
  5
473
330
1F
100
AcDbEntity
  8
0
 62
     7
100
AcDbCircle
 10
4952.884349429766
 20
-8091.802095004885
 30
0.0
 40
202.0
  0
MTEXT
  5
474
330
1F
100
AcDbEntity
  8
Texto
 62
     3
100
AcDbMText
 10
4827.138379883905
 20
-8480.877739621325
 30
0.0
 40
10.0
 41
86.14788832487645
 71
     1
 72
     5
  1
{\C1;3x}
 11
0.003652301229522
 21
0.9999933303256222
 31
0.0
 73
     1
 44
1.0
1001
ACAD
1000
MTEXTBEGIN
1070
    73
1070
     1
1070
    44
1040
1.0
1070
    74
1070
     0
1000
MTEXTEND
  0
CIRCLE
  5
475
330
1F
100
AcDbEntity
  8
0
 62
     7
100
AcDbCircle
 10
4948.689127367969
 20
-8095.939070566092
 30
0.0
 40
180.0
  0
CIRCLE
  5
476
330
1F
100
AcDbEntity
  8
0
 62
     7
100
AcDbCircle
 10
4948.689127367969
 20
-8095.939070566092
 30
0.0
 40
115.0
  0
CIRCLE
  5
477
330
1F
100
AcDbEntity
  8
0
 62
     7
100
AcDbCircle
 10
4860.699653976731
 20
-6674.04584891625
 30
0.0
 40
180.0
  0
CIRCLE
  5
478
330
1F
100
AcDbEntity
  8
0
 62
     7
100
AcDbCircle
 10
4860.699653976731
 20
-6674.04584891625
 30
0.0
 40
100.0
  0
MTEXT
  5
479
330
1F
100
AcDbEntity
  8
Texto
 62
     3
100
AcDbMText
 10
4833.437954230325
 20
-6805.877305240446
 30
0.0
 40
10.0
 41
86.14788832487645
 71
     1
 72
     5
  1
{\C1;24x}
 73
     1
 44
1.0
1001
ACAD
1000
MTEXTBEGIN
1070
    73
1070
     1
1070
    44
1040
1.0
1070
    74
1070
     0
1000
MTEXTEND
  0
CIRCLE
  5
47A
330
1F
100
AcDbEntity
  8
0
 62
     7
100
AcDbCircle
 10
4751.536662766112
 20
-7456.050071435433
 30
0.0
 40
180.0
  0
CIRCLE
  5
47B
330
1F
100
AcDbEntity
  8
0
 62
     7
100
AcDbCircle
 10
4751.536662766112
 20
-7456.050071435433
 30
0.0
 40
100.0
  0
MTEXT
  5
47C
330
1F
100
AcDbEntity
  8
Texto
 62
     3
100
AcDbMText
 10
4724.27496301971
 20
-7587.881527759627
 30
0.0
 40
10.0
 41
86.14788832487645
 71
     1
 72
     5
  1
{\C1;24x}
 73
     1
 44
1.0
1001
ACAD
1000
MTEXTBEGIN
1070
    73
1070
     1
1070
    44
1040
1.0
1070
    74
1070
     0
1000
MTEXTEND
  0
CIRCLE
  5
47D
330
1F
100
AcDbEntity
  8
0
 62
     7
100
AcDbCircle
 10
4603.000000519998
 20
-7031.978728398944
 30
0.0
 40
245.0
  0
CIRCLE
  5
47E
330
1F
100
AcDbEntity
  8
0
 62
     7
100
AcDbCircle
 10
4603.000000519998
 20
-7031.978728398944
 30
0.0
 40
210.0
  0
MTEXT
  5
47F
330
1F
100
AcDbEntity
  8
Texto
 62
     3
100
AcDbMText
 10
4617.920223056135
 20
-7267.551550350626
 30
0.0
 40
10.0
 41
86.14788832487645
 71
     1
 72
     5
  1
{\C1;4x}
 11
-1.0
 21
0.0000000000000001
 31
0.0
 73
     1
 44
1.0
1001
ACAD
1000
MTEXTBEGIN
1070
    73
1070
     1
1070
    44
1040
1.0
1070
    74
1070
     0
1000
MTEXTEND
  0
CIRCLE
  5
480
330
1F
100
AcDbEntity
  8
0
 62
     7
100
AcDbCircle
 10
4593.119063102982
 20
-7041.825308710345
 30
0.0
 40
180.0
  0
CIRCLE
  5
481
330
1F
100
AcDbEntity
  8
0
 62
     7
100
AcDbCircle
 10
4593.119063102982
 20
-7041.825308710345
 30
0.0
 40
100.0
  0
MTEXT
  5
482
330
1F
100
AcDbEntity
  8
Texto
 62
     3
100
AcDbMText
 10
4724.950519427177
 20
-7069.087008456749
 30
0.0
 40
10.0
 41
86.14788832487645
 71
     1
 72
     5
  1
{\C1;24x}
 11
0.0000000000000001
 21
1.0
 31
0.0
 73
     1
 44
1.0
1001
ACAD
1000
MTEXTBEGIN
1070
    73
1070
     1
1070
    44
1040
1.0
1070
    74
1070
     0
1000
MTEXTEND
  0
CIRCLE
  5
483
330
1F
100
AcDbEntity
  8
0
 62
     7
100
AcDbCircle
 10
4538.037170519998
 20
-7765.568343936746
 30
0.0
 40
180.0
  0
CIRCLE
  5
484
330
1F
100
AcDbEntity
  8
0
 62
     7
100
AcDbCircle
 10
4538.037170519998
 20
-7765.568343936746
 30
0.0
 40
100.0
  0
MTEXT
  5
485
330
1F
100
AcDbEntity
  8
Texto
 62
     3
100
AcDbMText
 10
4510.775470773594
 20
-7897.399800260942
 30
0.0
 40
10.0
 41
86.14788832487645
 71
     1
 72
     5
  1
{\C1;24x}
 73
     1
 44
1.0
1001
ACAD
1000
MTEXTBEGIN
1070
    73
1070
     1
1070
    44
1040
1.0
1070
    74
1070
     0
1000
MTEXTEND
  0
CIRCLE
  5
486
330
1F
100
AcDbEntity
  8
0
 62
     7
100
AcDbCircle
 10
4560.794149744629
 20
-8379.79053569259
 30
0.0
 40
155.0
  0
CIRCLE
  5
487
330
1F
100
AcDbEntity
  8
0
 62
     7
100
AcDbCircle
 10
4560.794149744629
 20
-8379.79053569259
 30
0.0
 40
80.0
  0
MTEXT
  5
488
330
1F
100
AcDbEntity
  8
Texto
 62
     3
100
AcDbMText
 10
4673.238590945188
 20
-8393.764110195617
 30
0.0
 40
10.0
 41
86.14788832487645
 71
     1
 72
     5
  1
{\C1;28x}
 73
     1
 44
1.0
1001
ACAD
1000
MTEXTBEGIN
1070
    73
1070
     1
1070
    44
1040
1.0
1070
    74
1070
     0
1000
MTEXTEND
  0
CIRCLE
  5
489
330
1F
100
AcDbEntity
  8
0
 62
     7
100
AcDbCircle
 10
4513.032227519998
 20
-6625.790705221806
 30
0.0
 40
155.0
  0
CIRCLE
  5
48A
330
1F
100
AcDbEntity
  8
0
 62
     7
100
AcDbCircle
 10
4513.032227519998
 20
-6625.790705221806
 30
0.0
 40
80.0
  0
MTEXT
  5
48B
330
1F
100
AcDbEntity
  8
Texto
 62
     3
100
AcDbMText
 10
4625.476668720548
 20
-6639.764279724833
 30
0.0
 40
10.0
 41
86.14788832487645
 71
     1
 72
     5
  1
{\C1;28x}
 73
     1
 44
1.0
1001
ACAD
1000
MTEXTBEGIN
1070
    73
1070
     1
1070
    44
1040
1.0
1070
    74
1070
     0
1000
MTEXTEND
  0
CIRCLE
  5
48C
330
1F
100
AcDbEntity
  8
0
 62
     7
100
AcDbCircle
 10
4488.027284519998
 20
-8087.713853171527
 30
0.0
 40
130.0
  0
CIRCLE
  5
48D
330
1F
100
AcDbEntity
  8
0
 62
     7
100
AcDbCircle
 10
4488.027284519998
 20
-8087.713853171527
 30
0.0
 40
70.0
  0
MTEXT
  5
48E
330
1F
100
AcDbEntity
  8
Texto
 62
     3
100
AcDbMText
 10
4469.585970631087
 20
-7985.199361901893
 30
0.0
 40
10.0
 41
86.14788832487645
 71
     1
 72
     5
  1
{\C1;8x}
 73
     1
 44
1.0
1001
ACAD
1000
MTEXTBEGIN
1070
    73
1070
     1
1070
    44
1040
1.0
1070
    74
1070
     0
1000
MTEXTEND
  0
CIRCLE
  5
48F
330
1F
100
AcDbEntity
  8
0
 62
     7
100
AcDbCircle
 10
4463.022341519997
 20
-7370.21327949589
 30
0.0
 40
105.0
  0
CIRCLE
  5
490
330
1F
100
AcDbEntity
  8
0
 62
     7
100
AcDbCircle
 10
4463.022341519997
 20
-7370.21327949589
 30
0.0
 40
80.0
  0
MTEXT
  5
491
330
1F
100
AcDbEntity
  8
Texto
 62
     3
100
AcDbMText
 10
4460.296452848543
 20
-7273.10482268889
 30
0.0
 40
10.0
 41
86.14788832487645
 71
     1
 72
     5
  1
{\C1;7x}
 73
     1
 44
1.0
1001
ACAD
1000
MTEXTBEGIN
1070
    73
1070
     1
1070
    44
1040
1.0
1070
    74
1070
     0
1000
MTEXTEND
  0
LWPOLYLINE
  5
492
330
1F
100
AcDbEntity
  8
Stats
 62
   151
100
AcDbPolyline
 90
        5
 70
     1
 43
0.0
 10
4340.000000419998
 20
-8577.790535792589
 10
4590.000000419997
 20
-8577.790535792589
 10
4590.000000419997
 20
-8657.790535792589
 10
4340.000000419998
 20
-8657.790535792589
 10
4340.000000419998
 20
-8577.790535792589
  0
TEXT
  5
493
330
1F
100
AcDbEntity
  8
Stats
 62
    60
100
AcDbText
 10
4342.000000419998
 20
-8589.790535792587
 30
0.0
 40
10.0
  1
Production Qty: 1
100
AcDbText
  0
TEXT
  5
494
330
1F
100
AcDbEntity
  8
Stats
 62
    60
100
AcDbText
 10
4342.000000419998
 20
-8601.790535792588
 30
0.0
 40
10.0
  1
Sheet 4 (1400,00 x 2100,00)
100
AcDbText
  0
TEXT
  5
495
330
1F
100
AcDbEntity
  8
Stats
 62
    60
100
AcDbText
 10
4342.000000419998
 20
-8613.790535792588
 30
0.0
 40
10.0
  1
Parts Nested: 18
100
AcDbText
  0
TEXT
  5
496
330
1F
100
AcDbEntity
  8
Stats
 62
    60
100
AcDbText
 10
4342.000000419998
 20
-8625.790535792587
 30
0.0
 40
10.0
  1
Util (Nest): 57,41%
100
AcDbText
  0
TEXT
  5
497
330
1F
100
AcDbEntity
  8
Stats
 62
    60
100
AcDbText
 10
4342.000000419998
 20
-8637.790535792587
 30
0.0
 40
10.0
  1
Util (Sheet): 48,28%
100
AcDbText
  0
TEXT
  5
498
330
1F
100
AcDbEntity
  8
Stats
 62
    60
100
AcDbText
 10
4342.000000419998
 20
-8649.790535792588
 30
0.0
 40
10.0
  1
Cut Distance: 33397,72mm
100
AcDbText
  0
CIRCLE
  5
511
330
1F
100
AcDbEntity
  8
0
100
AcDbCircle
 10
5448.220471319554
 20
-6685.726284406832
 30
0.0
 40
65.0
  0
CIRCLE
  5
512
330
1F
100
AcDbEntity
  8
0
100
AcDbCircle
 10
5448.220471319554
 20
-6685.726284406832
 30
0.0
 40
155.0
  0
CIRCLE
  5
513
330
1F
100
AcDbEntity
  8
0
100
AcDbCircle
 10
5528.406097207699
 20
-8009.2068773406
 30
0.0
 40
65.0
  0
CIRCLE
  5
514
330
1F
100
AcDbEntity
  8
0
100
AcDbCircle
 10
5528.406097207699
 20
-8009.2068773406
 30
0.0
 40
155.0
  0
ENDSEC
  0
SECTION
  2
OBJECTS
  0
DICTIONARY
  5
C
330
0
100
AcDbDictionary
281
     1
  3
ACAD_CIP_PREVIOUS_PRODUCT_INFO
350
2B3
  3
ACAD_COLOR
350
258
  3
ACAD_DETAILVIEWSTYLE
350
2B0
  3
ACAD_FIELDLIST
350
259
  3
ACAD_GROUP
350
D
  3
ACAD_IMAGE_DICT
350
25A
  3
ACAD_LAST_SAVED_VERSION_INFO
350
49B
  3
ACAD_LAYOUT
350
1A
  3
ACAD_MATERIAL
350
25B
  3
ACAD_MLEADERSTYLE
350
25C
  3
ACAD_MLINESTYLE
350
17
  3
ACAD_PLOTSETTINGS
350
19
  3
ACAD_PLOTSTYLENAME
350
E
  3
ACAD_SCALELIST
350
246
  3
ACAD_SECTIONVIEWSTYLE
350
2AE
  3
ACAD_TABLESTYLE
350
25E
  3
ACAD_VISUALSTYLE
350
266
  3
ACDB_RECOMPOSE_DATA
350
56E
  3
AcDbVariableDictionary
350
263
  3
DWGPROPS
350
56F
  0
DICTIONARY
  5
49C
330
10
100
AcDbDictionary
280
     1
281
     1
  3
ADSK_XREC_LAYER_RECONCILED
360
49D
  0
DICTIONARY
  5
49E
330
27
100
AcDbDictionary
280
     1
281
     1
  3
ADSK_XREC_LAYER_RECONCILED
360
49F
  0
DICTIONARY
  5
4A0
330
28
100
AcDbDictionary
280
     1
281
     1
  3
ADSK_XREC_LAYER_RECONCILED
360
4A1
  0
DICTIONARY
  5
4A2
330
29
100
AcDbDictionary
280
     1
281
     1
  3
ADSK_XREC_LAYER_RECONCILED
360
4A3
  0
DICTIONARY
  5
4A4
330
2A
100
AcDbDictionary
280
     1
281
     1
  3
ADSK_XREC_LAYER_RECONCILED
360
4A5
  0
DICTIONARY
  5
4A6
330
2B
100
AcDbDictionary
280
     1
281
     1
  3
ADSK_XREC_LAYER_RECONCILED
360
4A7
  0
DICTIONARY
  5
4A8
330
2C
100
AcDbDictionary
280
     1
281
     1
  3
ADSK_XREC_LAYER_RECONCILED
360
4A9
  0
DICTIONARY
  5
4AA
330
2D
100
AcDbDictionary
280
     1
281
     1
  3
ADSK_XREC_LAYER_RECONCILED
360
4AB
  0
DICTIONARY
  5
4AC
330
2E
100
AcDbDictionary
280
     1
281
     1
  3
ADSK_XREC_LAYER_RECONCILED
360
4AD
  0
DICTIONARY
  5
4AE
330
2F
100
AcDbDictionary
280
     1
281
     1
  3
ADSK_XREC_LAYER_RECONCILED
360
4AF
  0
DICTIONARY
  5
4B0
330
30
100
AcDbDictionary
280
     1
281
     1
  3
ADSK_XREC_LAYER_RECONCILED
360
4B1
  0
DICTIONARY
  5
4B2
330
31
100
AcDbDictionary
280
     1
281
     1
  3
ADSK_XREC_LAYER_RECONCILED
360
4B3
  0
DICTIONARY
  5
4B4
330
32
100
AcDbDictionary
280
     1
281
     1
  3
ADSK_XREC_LAYER_RECONCILED
360
4B5
  0
DICTIONARY
  5
4B6
330
33
100
AcDbDictionary
280
     1
281
     1
  3
ADSK_XREC_LAYER_RECONCILED
360
4B7
  0
DICTIONARY
  5
4B8
330
34
100
AcDbDictionary
280
     1
281
     1
  3
ADSK_XREC_LAYER_RECONCILED
360
4B9
  0
DICTIONARY
  5
4BA
330
35
100
AcDbDictionary
280
     1
281
     1
  3
ADSK_XREC_LAYER_RECONCILED
360
4BB
  0
DICTIONARY
  5
4BC
330
36
100
AcDbDictionary
280
     1
281
     1
  3
ADSK_XREC_LAYER_RECONCILED
360
4BD
  0
DICTIONARY
  5
4BE
330
37
100
AcDbDictionary
280
     1
281
     1
  3
ADSK_XREC_LAYER_RECONCILED
360
4BF
  0
DICTIONARY
  5
564
330
2B6
100
AcDbDictionary
280
     1
281
     1
  3
ACAD_MTEXT_2008_RT
360
565
  3
ACAD_MTEXT_RT
360
5AC
  0
DICTIONARY
  5
566
330
2B7
100
AcDbDictionary
280
     1
281
     1
  3
ACAD_MTEXT_2008_RT
360
567
  3
ACAD_MTEXT_RT
360
5AD
  0
DICTIONARY
  5
568
330
2B8
100
AcDbDictionary
280
     1
281
     1
  3
ACAD_MTEXT_2008_RT
360
569
  3
ACAD_MTEXT_RT
360
5AE
  0
DICTIONARY
  5
56A
330
2BA
100
AcDbDictionary
280
     1
281
     1
  3
ACAD_MTEXT_2008_RT
360
56B
  3
ACAD_MTEXT_RT
360
5AF
  0
DICTIONARY
  5
56C
330
2BB
100
AcDbDictionary
280
     1
281
     1
  3
ACAD_MTEXT_2008_RT
360
56D
  3
ACAD_MTEXT_RT
360
5B0
  0
XRECORD
  5
2B3
102
{ACAD_REACTORS
330
C
102
}
330
C
100
AcDbXrecord
280
     1
300
ACDLT
300
2025
300

  0
DICTIONARY
  5
258
102
{ACAD_REACTORS
330
C
102
}
330
C
100
AcDbDictionary
281
     1
  0
DICTIONARY
  5
2B0
102
{ACAD_REACTORS
330
C
102
}
330
C
100
AcDbDictionary
281
     1
  3
Metric50
350
2B1
  0
FIELDLIST
  5
259
102
{ACAD_REACTORS
330
C
102
}
330
C
100
AcDbIdSet
 90
        0
100
AcDbFieldList
  0
DICTIONARY
  5
D
102
{ACAD_REACTORS
330
C
102
}
330
C
100
AcDbDictionary
281
     1
  0
DICTIONARY
  5
25A
102
{ACAD_REACTORS
330
C
102
}
330
C
100
AcDbDictionary
281
     1
  0
XRECORD
  5
49B
102
{ACAD_REACTORS
330
C
102
}
330
C
100
AcDbXrecord
280
     1
300
{61F88284-0AE5-C841-91D4-A236BAFF6174}
301
{859E4914-6BE8-D54A-BCA9-6AD49A41FD0E}
302
{61F88284-0AE5-C841-91D4-A236BAFF6174}
303

  0
DICTIONARY
  5
1A
102
{ACAD_REACTORS
330
C
102
}
330
C
100
AcDbDictionary
281
     1
  3
Layout1
350
1E
  3
Model
350
22
  0
DICTIONARY
  5
25B
102
{ACAD_REACTORS
330
C
102
}
330
C
100
AcDbDictionary
281
     1
  3
ByBlock
350
275
  3
ByLayer
350
26D
  3
Global
350
27D
  0
DICTIONARY
  5
25C
102
{ACAD_REACTORS
330
C
102
}
330
C
100
AcDbDictionary
281
     1
  3
Standard
350
25D
  0
DICTIONARY
  5
17
102
{ACAD_REACTORS
330
C
102
}
330
C
100
AcDbDictionary
281
     1
  3
STANDARD
350
18
  0
DICTIONARY
  5
19
102
{ACAD_REACTORS
330
C
102
}
330
C
100
AcDbDictionary
281
     1
  0
ACDBDICTIONARYWDFLT
  5
E
102
{ACAD_REACTORS
330
C
102
}
330
C
100
AcDbDictionary
281
     1
  3
Normal
350
F
100
AcDbDictionaryWithDefault
340
F
  0
DICTIONARY
  5
246
102
{ACAD_REACTORS
330
C
102
}
330
C
100
AcDbDictionary
281
     1
  3
A0
350
29D
  3
A1
350
29E
  3
A2
350
29F
  3
A3
350
2A0
  3
A4
350
2A1
  3
A5
350
2A2
  3
A6
350
2A3
  3
A7
350
2A4
  3
A8
350
2A5
  3
A9
350
2A6
  3
B0
350
2A7
  3
B1
350
2A8
  3
B2
350
2A9
  3
B3
350
2AA
  3
B4
350
2AB
  3
B5
350
2AC
  3
B6
350
2AD
  0
DICTIONARY
  5
2AE
102
{ACAD_REACTORS
330
C
102
}
330
C
100
AcDbDictionary
281
     1
  3
Metric50
350
2AF
  0
DICTIONARY
  5
25E
102
{ACAD_REACTORS
330
C
102
}
330
C
100
AcDbDictionary
281
     1
  3
Standard
350
25F
  0
DICTIONARY
  5
266
102
{ACAD_REACTORS
330
C
102
}
330
C
100
AcDbDictionary
281
     1
  3
2dWireframe
350
28A
  3
Basic
350
289
  3
Brighten
350
290
  3
ColorChange
350
294
  3
Conceptual
350
28D
  3
Dim
350
28F
  3
EdgeColorOff
350
29C
  3
Facepattern
350
293
  3
Flat
350
285
  3
FlatWithEdges
350
286
  3
Gouraud
350
287
  3
GouraudWithEdges
350
288
  3
Hidden
350
28C
  3
JitterOff
350
29A
  3
Linepattern
350
292
  3
OverhangOff
350
29B
  3
Realistic
350
28E
  3
Shaded
350
299
  3
Shaded with edges
350
298
  3
Shades of Gray
350
295
  3
Sketchy
350
296
  3
Thicken
350
291
  3
Wireframe
350
28B
  3
X-Ray
350
297
  0
XRECORD
  5
56E
102
{ACAD_REACTORS
330
C
102
}
330
C
100
AcDbXrecord
280
     1
 90
        1
330
25F
330
2B6
330
2B7
330
2B8
330
2BA
330
2BB
  0
DICTIONARY
  5
263
102
{ACAD_REACTORS
330
C
102
}
330
C
100
AcDbDictionary
281
     1
  3
CANNOSCALE
350
2CB
  3
CMLEADERSTYLE
350
2C7
  3
CTABLESTYLE
350
2C6
  3
CVIEWDETAILSTYLE
350
2C8
  3
CVIEWSECTIONSTYLE
350
2C9
  3
DIMASSOC
350
264
  3
HIDETEXT
350
265
  3
INDEXCTL
350
4C1
  3
LAYEREVAL
350
2CD
  3
LAYERNOTIFY
350
2CE
  3
LIGHTINGUNITS
350
2CC
  3
MSLTSCALE
350
2CA
  3
SORTENTS
350
4C0
  3
XCLIPFRAME
350
4C2
  0
XRECORD
  5
56F
102
{ACAD_REACTORS
330
C
102
}
330
C
100
AcDbXrecord
280
     1
  1
DWGPROPS COOKIE
  2

  3

  4

  6

  7

  8
MatheusRVBIsolantes
  9

300
=
301
=
302
=
303
=
304
=
305
=
306
=
307
=
308
=
309
=
 40
0.0472337962962963
 41
2461111.412673611
 42
2461111.960046296
  1

 90
        0
  0
XRECORD
  5
49D
102
{ACAD_REACTORS
330
49C
102
}
330
49C
100
AcDbXrecord
280
     1
290
     1
  0
XRECORD
  5
49F
102
{ACAD_REACTORS
330
49E
102
}
330
49E
100
AcDbXrecord
280
     1
290
     1
  0
XRECORD
  5
4A1
102
{ACAD_REACTORS
330
4A0
102
}
330
4A0
100
AcDbXrecord
280
     1
290
     1
  0
XRECORD
  5
4A3
102
{ACAD_REACTORS
330
4A2
102
}
330
4A2
100
AcDbXrecord
280
     1
290
     1
  0
XRECORD
  5
4A5
102
{ACAD_REACTORS
330
4A4
102
}
330
4A4
100
AcDbXrecord
280
     1
290
     1
  0
XRECORD
  5
4A7
102
{ACAD_REACTORS
330
4A6
102
}
330
4A6
100
AcDbXrecord
280
     1
290
     1
  0
XRECORD
  5
4A9
102
{ACAD_REACTORS
330
4A8
102
}
330
4A8
100
AcDbXrecord
280
     1
290
     1
  0
XRECORD
  5
4AB
102
{ACAD_REACTORS
330
4AA
102
}
330
4AA
100
AcDbXrecord
280
     1
290
     1
  0
XRECORD
  5
4AD
102
{ACAD_REACTORS
330
4AC
102
}
330
4AC
100
AcDbXrecord
280
     1
290
     1
  0
XRECORD
  5
4AF
102
{ACAD_REACTORS
330
4AE
102
}
330
4AE
100
AcDbXrecord
280
     1
290
     1
  0
XRECORD
  5
4B1
102
{ACAD_REACTORS
330
4B0
102
}
330
4B0
100
AcDbXrecord
280
     1
290
     1
  0
XRECORD
  5
4B3
102
{ACAD_REACTORS
330
4B2
102
}
330
4B2
100
AcDbXrecord
280
     1
290
     1
  0
XRECORD
  5
4B5
102
{ACAD_REACTORS
330
4B4
102
}
330
4B4
100
AcDbXrecord
280
     1
290
     1
  0
XRECORD
  5
4B7
102
{ACAD_REACTORS
330
4B6
102
}
330
4B6
100
AcDbXrecord
280
     1
290
     1
  0
XRECORD
  5
4B9
102
{ACAD_REACTORS
330
4B8
102
}
330
4B8
100
AcDbXrecord
280
     1
290
     1
  0
XRECORD
  5
4BB
102
{ACAD_REACTORS
330
4BA
102
}
330
4BA
100
AcDbXrecord
280
     1
290
     1
  0
XRECORD
  5
4BD
102
{ACAD_REACTORS
330
4BC
102
}
330
4BC
100
AcDbXrecord
280
     1
290
     1
  0
XRECORD
  5
4BF
102
{ACAD_REACTORS
330
4BE
102
}
330
4BE
100
AcDbXrecord
280
     1
290
     1
  0
XRECORD
  5
565
102
{ACAD_REACTORS
330
564
102
}
330
564
100
AcDbXrecord
280
     1
 40
7683.0
  1
\pxqr;6x
  0
XRECORD
  5
5AC
102
{ACAD_REACTORS
330
564
102
}
330
564
100
AcDbXrecord
280
     1
 40
9275.0
  1
\pi224.42855;6x
  0
XRECORD
  5
567
102
{ACAD_REACTORS
330
566
102
}
330
566
100
AcDbXrecord
280
     1
 40
7641.0
  1
\pxqr;3x
  0
XRECORD
  5
5AD
102
{ACAD_REACTORS
330
566
102
}
330
566
100
AcDbXrecord
280
     1
 40
9230.0
  1
\pi224.42855;3x
  0
XRECORD
  5
569
102
{ACAD_REACTORS
330
568
102
}
330
568
100
AcDbXrecord
280
     1
 40
7627.0
  1
\pxqr;2x
  0
XRECORD
  5
5AE
102
{ACAD_REACTORS
330
568
102
}
330
568
100
AcDbXrecord
280
     1
 40
9215.0
  1
\pi224.42855;2x
  0
XRECORD
  5
56B
102
{ACAD_REACTORS
330
56A
102
}
330
56A
100
AcDbXrecord
280
     1
 40
7655.0
  1
\pxqr;4x
  0
XRECORD
  5
5AF
102
{ACAD_REACTORS
330
56A
102
}
330
56A
100
AcDbXrecord
280
     1
 40
9245.0
  1
\pi224.42855;4x
  0
XRECORD
  5
56D
102
{ACAD_REACTORS
330
56C
102
}
330
56C
100
AcDbXrecord
280
     1
 40
7627.0
  1
\pxqr;2x
  0
XRECORD
  5
5B0
102
{ACAD_REACTORS
330
56C
102
}
330
56C
100
AcDbXrecord
280
     1
 40
9215.0
  1
\pi224.42855;2x
  0
ACDBDETAILVIEWSTYLE
  5
2B1
102
{ACAD_XDICTIONARY
360
5AA
102
}
102
{ACAD_REACTORS
330
2B0
102
}
330
2B0
100
AcDbModelDocViewStyle
 70
     0
  3
Metric50
290
     0
100
AcDbDetailViewStyle
 70
     0
 71
     0
 90
        3
 71
     1
340
11
 40
5.0
340
0
 40
5.0
300

 40
0.0
280
     1
 71
     2
340
16
 90
       25
 71
     3
340
11
 40
5.0
 90
        0
 40
15.0
 90
        1
300
%<\AcVar ViewDetailId>% (%<\AcVar ViewScale \f "%sn">%)
 71
     4
340
16
 90
       25
340
16
 90
       25
280
     0
  0
LAYOUT
  5
1E
102
{ACAD_XDICTIONARY
360
570
102
}
102
{ACAD_REACTORS
330
1A
102
}
330
1A
100
AcDbPlotSettings
  1

  2
C:\Program Files\AutoCAD 2002\plotters\DWF ePlot (optimized for plotting).pc3
  4

  6

 40
0.0
 41
0.0
 42
0.0
 43
0.0
 44
0.0
 45
0.0
 46
0.0
 47
0.0
 48
0.0
 49
0.0
140
0.0
141
0.0
142
1.0
143
1.0
 70
   688
 72
     1
 73
     1
 74
     1
  7
acad.stb
 75
    16
147
1.0
148
0.0
149
0.0
100
AcDbLayout
  1
Layout1
 70
     1
 71
     1
 10
0.0
 20
0.0
 11
0.0
 21
0.0
 12
0.0
 22
0.0
 32
0.0
 14
1.000000000000000E+20
 24
1.000000000000000E+20
 34
1.000000000000000E+20
 15
-1.000000000000000E+20
 25
-1.000000000000000E+20
 35
-1.000000000000000E+20
146
0.0
 13
0.0
 23
0.0
 33
0.0
 16
1.0
 26
0.0
 36
0.0
 17
0.0
 27
1.0
 37
0.0
 76
     0
330
241
  0
LAYOUT
  5
22
102
{ACAD_XDICTIONARY
360
572
102
}
102
{ACAD_REACTORS
330
1A
102
}
330
1A
100
AcDbPlotSettings
  1

  2
C:\Program Files\AutoCAD 2002\plotters\DWF ePlot (optimized for plotting).pc3
  4

  6

 40
0.0
 41
0.0
 42
0.0
 43
0.0
 44
0.0
 45
0.0
 46
0.0
 47
0.0
 48
0.0
 49
0.0
140
0.0
141
0.0
142
1.0
143
1.0
 70
  1712
 72
     1
 73
     1
 74
     0
  7
acad.stb
 75
     0
147
1.0
148
0.0
149
0.0
100
AcDbLayout
  1
Model
 70
     1
 71
     0
 10
0.0
 20
0.0
 11
12.0
 21
9.0
 12
0.0
 22
0.0
 32
0.0
 14
0.0
 24
0.0
 34
0.0
 15
0.0
 25
0.0
 35
0.0
146
0.0
 13
0.0
 23
0.0
 33
0.0
 16
1.0
 26
0.0
 36
0.0
 17
0.0
 27
1.0
 37
0.0
 76
     0
330
1F
331
245
  0
MATERIAL
  5
275
102
{ACAD_XDICTIONARY
360
276
102
}
102
{ACAD_REACTORS
330
25B
102
}
330
25B
100
AcDbMaterial
  1
ByBlock
 72
     0
 43
0.0008202099737533
 43
0.0
 43
0.0
 43
0.0
 43
0.0
 43
0.0008202099737533
 43
0.0
 43
0.0
 43
0.0
 43
0.0
 43
1.0
 43
0.0
 43
0.0
 43
0.0
 43
0.0
 43
1.0
 77
     0
 47
0.0008202099737533
 47
0.0
 47
0.0
 47
0.0
 47
0.0
 47
0.0008202099737533
 47
0.0
 47
0.0
 47
0.0
 47
0.0
 47
1.0
 47
0.0
 47
0.0
 47
0.0
 47
0.0
 47
1.0
171
     0
 49
0.0008202099737533
 49
0.0
 49
0.0
 49
0.0
 49
0.0
 49
0.0008202099737533
 49
0.0
 49
0.0
 49
0.0
 49
0.0
 49
1.0
 49
0.0
 49
0.0
 49
0.0
 49
0.0
 49
1.0
175
     0
142
0.0008202099737533
142
0.0
142
0.0
142
0.0
142
0.0
142
0.0008202099737533
142
0.0
142
0.0
142
0.0
142
0.0
142
1.0
142
0.0
142
0.0
142
0.0
142
0.0
142
1.0
179
     0
144
0.0008202099737533
144
0.0
144
0.0
144
0.0
144
0.0
144
0.0008202099737533
144
0.0
144
0.0
144
0.0
144
0.0
144
1.0
144
0.0
144
0.0
144
0.0
144
0.0
144
1.0
147
0.0008202099737533
147
0.0
147
0.0
147
0.0
147
0.0
147
0.0008202099737533
147
0.0
147
0.0
147
0.0
147
0.0
147
1.0
147
0.0
147
0.0
147
0.0
147
0.0
147
1.0
  0
MATERIAL
  5
26D
102
{ACAD_XDICTIONARY
360
26E
102
}
102
{ACAD_REACTORS
330
25B
102
}
330
25B
100
AcDbMaterial
  1
ByLayer
 72
     0
 43
0.0008202099737533
 43
0.0
 43
0.0
 43
0.0
 43
0.0
 43
0.0008202099737533
 43
0.0
 43
0.0
 43
0.0
 43
0.0
 43
1.0
 43
0.0
 43
0.0
 43
0.0
 43
0.0
 43
1.0
 77
     0
 47
0.0008202099737533
 47
0.0
 47
0.0
 47
0.0
 47
0.0
 47
0.0008202099737533
 47
0.0
 47
0.0
 47
0.0
 47
0.0
 47
1.0
 47
0.0
 47
0.0
 47
0.0
 47
0.0
 47
1.0
171
     0
 49
0.0008202099737533
 49
0.0
 49
0.0
 49
0.0
 49
0.0
 49
0.0008202099737533
 49
0.0
 49
0.0
 49
0.0
 49
0.0
 49
1.0
 49
0.0
 49
0.0
 49
0.0
 49
0.0
 49
1.0
175
     0
142
0.0008202099737533
142
0.0
142
0.0
142
0.0
142
0.0
142
0.0008202099737533
142
0.0
142
0.0
142
0.0
142
0.0
142
1.0
142
0.0
142
0.0
142
0.0
142
0.0
142
1.0
179
     0
144
0.0008202099737533
144
0.0
144
0.0
144
0.0
144
0.0
144
0.0008202099737533
144
0.0
144
0.0
144
0.0
144
0.0
144
1.0
144
0.0
144
0.0
144
0.0
144
0.0
144
1.0
147
0.0008202099737533
147
0.0
147
0.0
147
0.0
147
0.0
147
0.0008202099737533
147
0.0
147
0.0
147
0.0
147
0.0
147
1.0
147
0.0
147
0.0
147
0.0
147
0.0
147
1.0
  0
MATERIAL
  5
27D
102
{ACAD_XDICTIONARY
360
27E
102
}
102
{ACAD_REACTORS
330
25B
102
}
330
25B
100
AcDbMaterial
  1
Global
 72
     0
 43
0.0008202099737533
 43
0.0
 43
0.0
 43
0.0
 43
0.0
 43
0.0008202099737533
 43
0.0
 43
0.0
 43
0.0
 43
0.0
 43
1.0
 43
0.0
 43
0.0
 43
0.0
 43
0.0
 43
1.0
 77
     0
 47
0.0008202099737533
 47
0.0
 47
0.0
 47
0.0
 47
0.0
 47
0.0008202099737533
 47
0.0
 47
0.0
 47
0.0
 47
0.0
 47
1.0
 47
0.0
 47
0.0
 47
0.0
 47
0.0
 47
1.0
171
     0
 49
0.0008202099737533
 49
0.0
 49
0.0
 49
0.0
 49
0.0
 49
0.0008202099737533
 49
0.0
 49
0.0
 49
0.0
 49
0.0
 49
1.0
 49
0.0
 49
0.0
 49
0.0
 49
0.0
 49
1.0
175
     0
142
0.0008202099737533
142
0.0
142
0.0
142
0.0
142
0.0
142
0.0008202099737533
142
0.0
142
0.0
142
0.0
142
0.0
142
1.0
142
0.0
142
0.0
142
0.0
142
0.0
142
1.0
179
     0
144
0.0008202099737533
144
0.0
144
0.0
144
0.0
144
0.0
144
0.0008202099737533
144
0.0
144
0.0
144
0.0
144
0.0
144
1.0
144
0.0
144
0.0
144
0.0
144
0.0
144
1.0
147
0.0008202099737533
147
0.0
147
0.0
147
0.0
147
0.0
147
0.0008202099737533
147
0.0
147
0.0
147
0.0
147
0.0
147
1.0
147
0.0
147
0.0
147
0.0
147
0.0
147
1.0
  0
MLEADERSTYLE
  5
25D
102
{ACAD_REACTORS
330
25C
102
}
330
25C
100
AcDbMLeaderStyle
170
     2
171
     1
172
     0
 90
        2
 40
0.0
 41
0.0
173
     1
 91
-1073741824
 92
       -2
290
     1
 42
0.09
291
     1
 43
0.36
  3
Standard
 44
0.18
300

174
     1
178
     1
175
     1
176
     0
 93
-1073741824
 45
0.18
292
     0
297
     0
 46
0.0
 94
-1073741824
 47
1.0
 49
1.0
140
1.0
293
     1
141
0.0
294
     1
177
     0
142
1.0
295
     0
296
     0
143
0.125
1001
ACAD_MLEADERVER
1070
     2
  0
MLINESTYLE
  5
18
102
{ACAD_REACTORS
330
17
102
}
330
17
100
AcDbMlineStyle
  2
STANDARD
 70
     0
  3

 62
   256
 51
90.0
 52
90.0
 71
     2
 49
0.5
 62
     0
  6
BYLAYER
 49
-0.5
 62
     0
  6
BYLAYER
  0
ACDBPLACEHOLDER
  5
F
102
{ACAD_REACTORS
330
E
102
}
330
E
  0
SCALE
  5
29D
102
{ACAD_REACTORS
330
246
102
}
330
246
100
AcDbScale
 70
     0
300
1:1
140
1.0
141
1.0
290
     1
  0
SCALE
  5
29E
102
{ACAD_REACTORS
330
246
102
}
330
246
100
AcDbScale
 70
     0
300
1:2
140
1.0
141
2.0
290
     0
  0
SCALE
  5
29F
102
{ACAD_REACTORS
330
246
102
}
330
246
100
AcDbScale
 70
     0
300
1:4
140
1.0
141
4.0
290
     0
  0
SCALE
  5
2A0
102
{ACAD_REACTORS
330
246
102
}
330
246
100
AcDbScale
 70
     0
300
1:5
140
1.0
141
5.0
290
     0
  0
SCALE
  5
2A1
102
{ACAD_REACTORS
330
246
102
}
330
246
100
AcDbScale
 70
     0
300
1:8
140
1.0
141
8.0
290
     0
  0
SCALE
  5
2A2
102
{ACAD_REACTORS
330
246
102
}
330
246
100
AcDbScale
 70
     0
300
1:10
140
1.0
141
10.0
290
     0
  0
SCALE
  5
2A3
102
{ACAD_REACTORS
330
246
102
}
330
246
100
AcDbScale
 70
     0
300
1:16
140
1.0
141
16.0
290
     0
  0
SCALE
  5
2A4
102
{ACAD_REACTORS
330
246
102
}
330
246
100
AcDbScale
 70
     0
300
1:20
140
1.0
141
20.0
290
     0
  0
SCALE
  5
2A5
102
{ACAD_REACTORS
330
246
102
}
330
246
100
AcDbScale
 70
     0
300
1:30
140
1.0
141
30.0
290
     0
  0
SCALE
  5
2A6
102
{ACAD_REACTORS
330
246
102
}
330
246
100
AcDbScale
 70
     0
300
1:40
140
1.0
141
40.0
290
     0
  0
SCALE
  5
2A7
102
{ACAD_REACTORS
330
246
102
}
330
246
100
AcDbScale
 70
     0
300
1:50
140
1.0
141
50.0
290
     0
  0
SCALE
  5
2A8
102
{ACAD_REACTORS
330
246
102
}
330
246
100
AcDbScale
 70
     0
300
1:100
140
1.0
141
100.0
290
     0
  0
SCALE
  5
2A9
102
{ACAD_REACTORS
330
246
102
}
330
246
100
AcDbScale
 70
     0
300
2:1
140
2.0
141
1.0
290
     0
  0
SCALE
  5
2AA
102
{ACAD_REACTORS
330
246
102
}
330
246
100
AcDbScale
 70
     0
300
4:1
140
4.0
141
1.0
290
     0
  0
SCALE
  5
2AB
102
{ACAD_REACTORS
330
246
102
}
330
246
100
AcDbScale
 70
     0
300
8:1
140
8.0
141
1.0
290
     0
  0
SCALE
  5
2AC
102
{ACAD_REACTORS
330
246
102
}
330
246
100
AcDbScale
 70
     0
300
10:1
140
10.0
141
1.0
290
     0
  0
SCALE
  5
2AD
102
{ACAD_REACTORS
330
246
102
}
330
246
100
AcDbScale
 70
     0
300
100:1
140
100.0
141
1.0
290
     0
  0
ACDBSECTIONVIEWSTYLE
  5
2AF
102
{ACAD_XDICTIONARY
360
5A8
102
}
102
{ACAD_REACTORS
330
2AE
102
}
330
2AE
100
AcDbModelDocViewStyle
 70
     0
  3
Metric50
290
     0
100
AcDbSectionViewStyle
 70
     0
 71
     0
 90
      102
 71
     1
340
11
 40
5.0
340
0
340
0
 40
5.0
300
I, O, Q, S, X, Z
 40
10.0
 90
        0
 40
2.5
 90
        0
 71
     2
340
16
 90
       25
340
16
 90
       50
 40
5.0
 40
2.5
 40
5.0
 71
     3
340
11
 40
5.0
 90
        0
 40
15.0
 90
        1
300
%<\AcVar ViewSectionStartId>%-%<\AcVar ViewSectionEndId>% (%<\AcVar ViewScale \f "%sn">%)
 71
     4
300
ANSI31
 40
1.0
 90
        0
290
     0
290
     0
 90
        6
 40
0.0
 40
1.570796326794896
 40
0.2617993877991494
 40
1.308996938995747
 40
-0.2617993877991494
 40
1.832595714594046
  0
TABLESTYLE
  5
25F
102
{ACAD_XDICTIONARY
360
260
102
}
102
{ACAD_REACTORS
330
25E
102
}
330
25E
100
AcDbTableStyle
  3

 70
     0
 71
     0
 40
0.06
 41
0.06
280
     0
281
     0
  7
Standard
140
0.18
170
     1
 62
     0
 63
     7
283
     0
274
    -2
284
     1
 64
     0
275
    -2
285
     1
 65
     0
276
    -2
286
     1
 66
     0
277
    -2
287
     1
 67
     0
278
    -2
288
     1
 68
     0
279
    -2
289
     1
 69
     0
  7
Standard
140
0.18
170
     1
 62
     0
 63
     7
283
     0
274
    -2
284
     1
 64
     0
275
    -2
285
     1
 65
     0
276
    -2
286
     1
 66
     0
277
    -2
287
     1
 67
     0
278
    -2
288
     1
 68
     0
279
    -2
289
     1
 69
     0
  7
Standard
140
0.18
170
     1
 62
     0
 63
     7
283
     0
274
    -2
284
     1
 64
     0
275
    -2
285
     1
 65
     0
276
    -2
286
     1
 66
     0
277
    -2
287
     1
 67
     0
278
    -2
288
     1
 68
     0
279
    -2
289
     1
 69
     0
  0
VISUALSTYLE
  5
28A
102
{ACAD_XDICTIONARY
360
582
102
}
102
{ACAD_REACTORS
330
266
102
}
330
266
100
AcDbVisualStyle
  2
2dWireframe
 70
     4
 71
     0
 72
     2
 73
     0
 90
        0
 40
-0.6
 41
-30.0
 62
     5
 63
     7
 74
     1
 91
        4
 64
     7
 65
   257
 75
     1
175
     1
 42
1.0
 92
        0
 66
   257
 43
1.0
 76
     1
 77
     6
 78
     2
 67
     7
 79
     5
170
     0
171
     0
290
     0
174
     0
 93
        1
 44
0.0
173
     0
291
     0
 45
0.0
1001
ACAD
1000
AcDbSavedByObjectVersion
1070
     0
  0
VISUALSTYLE
  5
289
102
{ACAD_XDICTIONARY
360
580
102
}
102
{ACAD_REACTORS
330
266
102
}
330
266
100
AcDbVisualStyle
  2
Basic
 70
     7
 71
     1
 72
     0
 73
     1
 90
        0
 40
-0.6
 41
-30.0
 62
     5
 63
     7
 74
     0
 91
        4
 64
     7
 65
   257
 75
     1
175
     1
 42
1.0
 92
        8
 66
     7
 43
1.0
 76
     1
 77
     6
 78
     2
 67
     7
 79
     5
170
     0
171
     0
290
     0
174
     0
 93
        1
 44
0.0
173
     0
291
     1
 45
0.0
1001
ACAD
1000
AcDbSavedByObjectVersion
1070
     0
  0
VISUALSTYLE
  5
290
102
{ACAD_XDICTIONARY
360
58E
102
}
102
{ACAD_REACTORS
330
266
102
}
330
266
100
AcDbVisualStyle
  2
Brighten
 70
    12
 71
     2
 72
     2
 73
     0
 90
        0
 40
-0.6
 41
-30.0
 62
     5
 63
     7
 74
     1
 91
        4
 64
     7
 65
   257
 75
     1
175
     1
 42
1.0
 92
        8
 66
     7
 43
1.0
 76
     1
 77
     6
 78
     2
 67
     7
 79
     5
170
     0
171
     0
290
     0
174
     0
 93
        1
 44
50.0
173
     0
291
     1
 45
0.0
1001
ACAD
1000
AcDbSavedByObjectVersion
1070
     0
  0
VISUALSTYLE
  5
294
102
{ACAD_XDICTIONARY
360
596
102
}
102
{ACAD_REACTORS
330
266
102
}
330
266
100
AcDbVisualStyle
  2
ColorChange
 70
    16
 71
     2
 72
     2
 73
     3
 90
        0
 40
-0.6
 41
-30.0
 62
     5
 63
     8
 74
     1
 91
        4
 64
     7
 65
   257
 75
     1
175
     1
 42
1.0
 92
        8
 66
     8
 43
1.0
 76
     1
 77
     6
 78
     2
 67
     7
 79
     5
170
     0
171
     0
290
     0
174
     0
 93
        1
 44
0.0
173
     0
291
     1
 45
0.0
1001
ACAD
1000
AcDbSavedByObjectVersion
1070
     0
  0
VISUALSTYLE
  5
28D
102
{ACAD_XDICTIONARY
360
588
102
}
102
{ACAD_REACTORS
330
266
102
}
330
266
100
AcDbVisualStyle
  2
Conceptual
 70
     9
 71
     3
 72
     2
 73
     0
 90
        0
 40
-0.6
 41
-30.0
 62
     5
 63
     7
 74
     2
 91
        2
 64
     7
 65
   257
 75
     1
175
     1
 42
179.0
 92
        8
 66
     7
 43
1.0
 76
     1
 77
     6
 78
     2
 67
     7
 79
     3
170
     0
171
     0
290
     0
174
     0
 93
        1
 44
0.0
173
     0
291
     0
 45
0.0
1001
ACAD
1000
AcDbSavedByObjectVersion
1070
     0
  0
VISUALSTYLE
  5
28F
102
{ACAD_XDICTIONARY
360
58C
102
}
102
{ACAD_REACTORS
330
266
102
}
330
266
100
AcDbVisualStyle
  2
Dim
 70
    11
 71
     2
 72
     2
 73
     0
 90
        0
 40
-0.6
 41
-30.0
 62
     5
 63
     7
 74
     1
 91
        4
 64
     7
 65
   257
 75
     1
175
     1
 42
1.0
 92
        8
 66
     7
 43
1.0
 76
     1
 77
     6
 78
     2
 67
     7
 79
     5
170
     0
171
     0
290
     0
174
     0
 93
        1
 44
-50.0
173
     0
291
     1
 45
0.0
1001
ACAD
1000
AcDbSavedByObjectVersion
1070
     0
  0
VISUALSTYLE
  5
29C
102
{ACAD_XDICTIONARY
360
5A6
102
}
102
{ACAD_REACTORS
330
266
102
}
330
266
100
AcDbVisualStyle
  2
EdgeColorOff
 70
    22
 71
     2
 72
     2
 73
     0
 90
        0
 40
-0.6
 41
-30.0
 62
     5
 63
     7
 74
     1
 91
        4
 64
     7
 65
   257
 75
     1
175
     1
 42
1.0
 92
        8
 66
     7
 43
1.0
 76
     1
 77
     6
 78
     2
 67
     7
 79
     5
170
     0
171
     0
290
     0
174
     0
 93
        1
 44
0.0
173
     0
291
     1
 45
0.0
1001
ACAD
1000
AcDbSavedByObjectVersion
1070
     0
  0
VISUALSTYLE
  5
293
102
{ACAD_XDICTIONARY
360
594
102
}
102
{ACAD_REACTORS
330
266
102
}
330
266
100
AcDbVisualStyle
  2
Facepattern
 70
    15
 71
     2
 72
     2
 73
     0
 90
        0
 40
-0.6
 41
-30.0
 62
     5
 63
     7
 74
     1
 91
        4
 64
     7
 65
   257
 75
     1
175
     1
 42
1.0
 92
        8
 66
     7
 43
1.0
 76
     1
 77
     6
 78
     2
 67
     7
 79
     5
170
     0
171
     0
290
     0
174
     0
 93
        1
 44
0.0
173
     0
291
     1
 45
0.0
1001
ACAD
1000
AcDbSavedByObjectVersion
1070
     0
  0
VISUALSTYLE
  5
285
102
{ACAD_XDICTIONARY
360
578
102
}
102
{ACAD_REACTORS
330
266
102
}
330
266
100
AcDbVisualStyle
  2
Flat
 70
     0
 71
     2
 72
     1
 73
     1
 90
        2
 40
-0.6
 41
30.0
 62
     5
 63
     7
 74
     0
 91
        0
 64
     7
 65
   257
 75
     1
175
     1
 42
1.0
 92
        8
 66
     7
 43
1.0
 76
     1
 77
     6
 78
     2
 67
     7
 79
     5
170
     0
171
     0
290
     0
174
     0
 93
       13
 44
0.0
173
     0
291
     1
 45
0.0
1001
ACAD
1000
AcDbSavedByObjectVersion
1070
     0
  0
VISUALSTYLE
  5
286
102
{ACAD_XDICTIONARY
360
57A
102
}
102
{ACAD_REACTORS
330
266
102
}
330
266
100
AcDbVisualStyle
  2
FlatWithEdges
 70
     1
 71
     2
 72
     1
 73
     1
 90
        2
 40
-0.6
 41
30.0
 62
     5
 63
     7
 74
     1
 91
        0
 64
     7
 65
   257
 75
     1
175
     1
 42
1.0
 92
        0
 66
   257
 43
1.0
 76
     1
 77
     6
 78
     2
 67
     7
 79
     5
170
     0
171
     0
290
     0
174
     0
 93
       13
 44
0.0
173
     0
291
     1
 45
0.0
1001
ACAD
1000
AcDbSavedByObjectVersion
1070
     0
  0
VISUALSTYLE
  5
287
102
{ACAD_XDICTIONARY
360
57C
102
}
102
{ACAD_REACTORS
330
266
102
}
330
266
100
AcDbVisualStyle
  2
Gouraud
 70
     2
 71
     2
 72
     2
 73
     1
 90
        2
 40
-0.6
 41
30.0
 62
     5
 63
     7
 74
     0
 91
        0
 64
     7
 65
   257
 75
     1
175
     1
 42
1.0
 92
        0
 66
     7
 43
1.0
 76
     1
 77
     6
 78
     2
 67
     7
 79
     5
170
     0
171
     0
290
     0
174
     0
 93
       13
 44
0.0
173
     0
291
     1
 45
0.0
1001
ACAD
1000
AcDbSavedByObjectVersion
1070
     0
  0
VISUALSTYLE
  5
288
102
{ACAD_XDICTIONARY
360
57E
102
}
102
{ACAD_REACTORS
330
266
102
}
330
266
100
AcDbVisualStyle
  2
GouraudWithEdges
 70
     3
 71
     2
 72
     2
 73
     1
 90
        2
 40
-0.6
 41
30.0
 62
     5
 63
     7
 74
     1
 91
        0
 64
     7
 65
   257
 75
     1
175
     1
 42
1.0
 92
        0
 66
   257
 43
1.0
 76
     1
 77
     6
 78
     2
 67
     7
 79
     5
170
     0
171
     0
290
     0
174
     0
 93
       13
 44
0.0
173
     0
291
     1
 45
0.0
1001
ACAD
1000
AcDbSavedByObjectVersion
1070
     0
  0
VISUALSTYLE
  5
28C
102
{ACAD_XDICTIONARY
360
586
102
}
102
{ACAD_REACTORS
330
266
102
}
330
266
100
AcDbVisualStyle
  2
Hidden
 70
     6
 71
     1
 72
     2
 73
     2
 90
        0
 40
-0.6
 41
-30.0
 62
     5
 63
     7
 74
     2
 91
        2
 64
     7
 65
   257
 75
     2
175
     1
 42
40.0
 92
        0
 66
   257
 43
1.0
 76
     1
 77
     6
 78
     2
 67
     7
 79
     3
170
     0
171
     0
290
     0
174
     0
 93
        1
 44
0.0
173
     0
291
     0
 45
0.0
1001
ACAD
1000
AcDbSavedByObjectVersion
1070
     0
  0
VISUALSTYLE
  5
29A
102
{ACAD_XDICTIONARY
360
5A2
102
}
102
{ACAD_REACTORS
330
266
102
}
330
266
100
AcDbVisualStyle
  2
JitterOff
 70
    20
 71
     2
 72
     2
 73
     0
 90
        0
 40
-0.6
 41
-30.0
 62
     5
 63
     7
 74
     1
 91
        4
 64
     7
 65
   257
 75
     1
175
     1
 42
1.0
 92
       10
 66
     7
 43
1.0
 76
     1
 77
     6
 78
     2
 67
     7
 79
     5
170
     0
171
     0
290
     0
174
     0
 93
        1
 44
0.0
173
     0
291
     1
 45
0.0
1001
ACAD
1000
AcDbSavedByObjectVersion
1070
     0
  0
VISUALSTYLE
  5
292
102
{ACAD_XDICTIONARY
360
592
102
}
102
{ACAD_REACTORS
330
266
102
}
330
266
100
AcDbVisualStyle
  2
Linepattern
 70
    14
 71
     2
 72
     2
 73
     0
 90
        0
 40
-0.6
 41
-30.0
 62
     5
 63
     7
 74
     1
 91
        4
 64
     7
 65
   257
 75
     7
175
     7
 42
1.0
 92
        8
 66
     7
 43
1.0
 76
     1
 77
     6
 78
     2
 67
     7
 79
     5
170
     0
171
     0
290
     0
174
     0
 93
        1
 44
0.0
173
     0
291
     1
 45
0.0
1001
ACAD
1000
AcDbSavedByObjectVersion
1070
     0
  0
VISUALSTYLE
  5
29B
102
{ACAD_XDICTIONARY
360
5A4
102
}
102
{ACAD_REACTORS
330
266
102
}
330
266
100
AcDbVisualStyle
  2
OverhangOff
 70
    21
 71
     2
 72
     2
 73
     0
 90
        0
 40
-0.6
 41
-30.0
 62
     5
 63
     7
 74
     1
 91
        4
 64
     7
 65
   257
 75
     1
175
     1
 42
1.0
 92
        9
 66
     7
 43
1.0
 76
     1
 77
     6
 78
     2
 67
     7
 79
     5
170
     0
171
     0
290
     0
174
     0
 93
        1
 44
0.0
173
     0
291
     1
 45
0.0
1001
ACAD
1000
AcDbSavedByObjectVersion
1070
     0
  0
VISUALSTYLE
  5
28E
102
{ACAD_XDICTIONARY
360
58A
102
}
102
{ACAD_REACTORS
330
266
102
}
330
266
100
AcDbVisualStyle
  2
Realistic
 70
     8
 71
     2
 72
     3
 73
     0
 90
        2
 40
-0.6
 41
30.0
 62
     5
 63
     7
 74
     0
 91
        0
 64
     7
 65
   257
 75
     1
175
     1
 42
1.0
 92
        8
 66
   257
 43
1.0
 76
     1
 77
     6
 78
     2
 67
     7
 79
     3
170
     0
171
     0
290
     0
174
     0
 93
       13
 44
0.0
173
     0
291
     0
 45
0.0
1001
ACAD
1000
AcDbSavedByObjectVersion
1070
     0
  0
VISUALSTYLE
  5
299
102
{ACAD_XDICTIONARY
360
5A0
102
}
102
{ACAD_REACTORS
330
266
102
}
330
266
100
AcDbVisualStyle
  2
Shaded
 70
    27
 71
     2
 72
     2
 73
     1
 90
        2
 40
-0.6
 41
30.0
 62
     5
 63
     7
 74
     0
 91
        4
 64
     7
 65
   257
 75
     1
175
     1
 42
1.0
 92
        8
 66
   257
 43
1.0
 76
     1
 77
     6
 78
     2
 67
     8
 79
     3
170
     0
171
     0
290
     0
174
     0
 93
        5
 44
0.0
173
     0
291
     0
 45
0.0
1001
ACAD
1000
AcDbSavedByObjectVersion
1070
     0
  0
VISUALSTYLE
  5
298
102
{ACAD_XDICTIONARY
360
59E
102
}
102
{ACAD_REACTORS
330
266
102
}
330
266
100
AcDbVisualStyle
  2
Shaded with edges
 70
    26
 71
     2
 72
     2
 73
     1
 90
        2
 40
-0.6
 41
30.0
 62
     5
 63
     7
 74
     1
 91
        2
 64
     7
 65
   257
 75
     2
175
     1
 42
1.0
 92
        8
 66
   257
 43
1.0
 76
     1
 77
     6
 78
     2
 67
     7
 79
     3
170
     0
171
     0
290
     0
174
     0
 93
        5
 44
0.0
173
     0
291
     0
 45
0.0
1001
ACAD
1000
AcDbSavedByObjectVersion
1070
     0
  0
VISUALSTYLE
  5
295
102
{ACAD_XDICTIONARY
360
598
102
}
102
{ACAD_REACTORS
330
266
102
}
330
266
100
AcDbVisualStyle
  2
Shades of Gray
 70
    23
 71
     2
 72
     2
 73
     3
 90
        0
 40
-0.6
 41
-30.0
 62
     5
 63
     7
 74
     2
 91
        2
 64
     7
 65
     7
 75
     1
175
     1
 42
40.0
 92
        8
 66
     7
 43
1.0
 76
     1
 77
     6
 78
     2
 67
     7
 79
     3
170
     0
171
     0
290
     0
174
     0
 93
        1
 44
0.0
173
     0
291
     0
 45
0.0
1001
ACAD
1000
AcDbSavedByObjectVersion
1070
     0
  0
VISUALSTYLE
  5
296
102
{ACAD_XDICTIONARY
360
59A
102
}
102
{ACAD_REACTORS
330
266
102
}
330
266
100
AcDbVisualStyle
  2
Sketchy
 70
    24
 71
     1
 72
     2
 73
     2
 90
        0
 40
-0.6
 41
-30.0
 62
     5
 63
     7
 74
     2
 91
        2
 64
     7
 65
     7
 75
     1
175
     1
 42
40.0
 92
       11
 66
     7
 43
1.0
 76
     1
 77
     6
 78
     2
 67
     7
 79
     6
170
     0
171
     0
290
     0
174
     0
 93
        1
 44
0.0
173
     0
291
     0
 45
0.0
1001
ACAD
1000
AcDbSavedByObjectVersion
1070
     0
  0
VISUALSTYLE
  5
291
102
{ACAD_XDICTIONARY
360
590
102
}
102
{ACAD_REACTORS
330
266
102
}
330
266
100
AcDbVisualStyle
  2
Thicken
 70
    13
 71
     2
 72
     2
 73
     0
 90
        0
 40
-0.6
 41
-30.0
 62
     5
 63
     7
 74
     1
 91
        4
 64
     7
 65
   257
 75
     1
175
     1
 42
1.0
 92
       12
 66
     7
 43
1.0
 76
     1
 77
     6
 78
     2
 67
     7
 79
     5
170
     0
171
     0
290
     0
174
     0
 93
        1
 44
0.0
173
     0
291
     1
 45
0.0
1001
ACAD
1000
AcDbSavedByObjectVersion
1070
     0
  0
VISUALSTYLE
  5
28B
102
{ACAD_XDICTIONARY
360
584
102
}
102
{ACAD_REACTORS
330
266
102
}
330
266
100
AcDbVisualStyle
  2
Wireframe
 70
     5
 71
     0
 72
     2
 73
     0
 90
        0
 40
-0.6
 41
-30.0
 62
     5
 63
     7
 74
     1
 91
        4
 64
     7
 65
   257
 75
     1
175
     1
 42
1.0
 92
        0
 66
   257
 43
1.0
 76
     1
 77
     6
 78
     2
 67
     7
 79
     3
170
     0
171
     0
290
     0
174
     0
 93
        1
 44
0.0
173
     0
291
     0
 45
0.0
1001
ACAD
1000
AcDbSavedByObjectVersion
1070
     0
  0
VISUALSTYLE
  5
297
102
{ACAD_XDICTIONARY
360
59C
102
}
102
{ACAD_REACTORS
330
266
102
}
330
266
100
AcDbVisualStyle
  2
X-Ray
 70
    25
 71
     2
 72
     2
 73
     1
 90
        1
 40
0.5
 41
-30.0
 62
     5
 63
     7
 74
     1
 91
        0
 64
     7
 65
   257
 75
     1
175
     1
 42
1.0
 92
        8
 66
     7
 43
1.0
 76
     1
 77
     6
 78
     2
 67
     7
 79
     3
170
     0
171
     0
290
     0
174
     0
 93
       13
 44
0.0
173
     0
291
     0
 45
0.0
1001
ACAD
1000
AcDbSavedByObjectVersion
1070
     0
  0
DICTIONARYVAR
  5
2CB
102
{ACAD_REACTORS
330
263
102
}
330
263
100
DictionaryVariables
280
     0
  1
1:1
  0
DICTIONARYVAR
  5
2C7
102
{ACAD_REACTORS
330
263
102
}
330
263
100
DictionaryVariables
280
     0
  1
STANDARD
  0
DICTIONARYVAR
  5
2C6
102
{ACAD_REACTORS
330
263
102
}
330
263
100
DictionaryVariables
280
     0
  1
STANDARD
  0
DICTIONARYVAR
  5
2C8
102
{ACAD_REACTORS
330
263
102
}
330
263
100
DictionaryVariables
280
     0
  1
Metric50
  0
DICTIONARYVAR
  5
2C9
102
{ACAD_REACTORS
330
263
102
}
330
263
100
DictionaryVariables
280
     0
  1
Metric50
  0
DICTIONARYVAR
  5
264
102
{ACAD_REACTORS
330
263
102
}
330
263
100
DictionaryVariables
280
     0
  1
1
  0
DICTIONARYVAR
  5
265
102
{ACAD_REACTORS
330
263
102
}
330
263
100
DictionaryVariables
280
     0
  1
0
  0
DICTIONARYVAR
  5
4C1
102
{ACAD_REACTORS
330
263
102
}
330
263
100
DictionaryVariables
280
     0
  1
0
  0
DICTIONARYVAR
  5
2CD
102
{ACAD_REACTORS
330
263
102
}
330
263
100
DictionaryVariables
280
     0
  1
1
  0
DICTIONARYVAR
  5
2CE
102
{ACAD_REACTORS
330
263
102
}
330
263
100
DictionaryVariables
280
     0
  1
15
  0
DICTIONARYVAR
  5
2CC
102
{ACAD_REACTORS
330
263
102
}
330
263
100
DictionaryVariables
280
     0
  1
0
  0
DICTIONARYVAR
  5
2CA
102
{ACAD_REACTORS
330
263
102
}
330
263
100
DictionaryVariables
280
     0
  1
0
  0
DICTIONARYVAR
  5
4C0
102
{ACAD_REACTORS
330
263
102
}
330
263
100
DictionaryVariables
280
     0
  1
127
  0
DICTIONARYVAR
  5
4C2
102
{ACAD_REACTORS
330
263
102
}
330
263
100
DictionaryVariables
280
     0
  1
2
  0
DICTIONARY
  5
5AA
330
2B1
100
AcDbDictionary
280
     1
281
     1
  3
ACAD_XREC_ROUNDTRIP
360
5AB
  0
DICTIONARY
  5
570
330
1E
100
AcDbDictionary
280
     1
281
     1
  3
ACAD_XREC_ROUNDTRIP
360
571
  0
DICTIONARY
  5
572
330
22
100
AcDbDictionary
280
     1
281
     1
  3
ACAD_XREC_ROUNDTRIP
360
573
  0
DICTIONARY
  5
276
330
275
100
AcDbDictionary
280
     1
281
     1
  3
ACAD_XREC_ROUNDTRIP
360
576
  3
BUMPTILE
360
278
  3
DIFFUSETILE
360
277
  3
OPACITYTILE
360
27B
  3
REFLECTIONTILE
360
27A
  3
REFRACTIONTILE
360
27C
  3
SPECULARTILE
360
279
  0
DICTIONARY
  5
26E
330
26D
100
AcDbDictionary
280
     1
281
     1
  3
ACAD_XREC_ROUNDTRIP
360
575
  3
BUMPTILE
360
270
  3
DIFFUSETILE
360
26F
  3
OPACITYTILE
360
273
  3
REFLECTIONTILE
360
272
  3
REFRACTIONTILE
360
274
  3
SPECULARTILE
360
271
  0
DICTIONARY
  5
27E
330
27D
100
AcDbDictionary
280
     1
281
     1
  3
ACAD_XREC_ROUNDTRIP
360
577
  3
BUMPTILE
360
280
  3
DIFFUSETILE
360
27F
  3
OPACITYTILE
360
283
  3
REFLECTIONTILE
360
282
  3
REFRACTIONTILE
360
284
  3
SPECULARTILE
360
281
  0
DICTIONARY
  5
5A8
330
2AF
100
AcDbDictionary
280
     1
281
     1
  3
ACAD_XREC_ROUNDTRIP
360
5A9
  0
DICTIONARY
  5
260
330
25F
100
AcDbDictionary
281
     1
  3
ACAD_ROUNDTRIP_2008_TABLESTYLE_CELLSTYLEMAP
350
563
  3
ACAD_XREC_ROUNDTRIP
350
574
  0
DICTIONARY
  5
582
330
28A
100
AcDbDictionary
280
     1
281
     1
  3
ACAD_XREC_ROUNDTRIP
360
583
  0
DICTIONARY
  5
580
330
289
100
AcDbDictionary
280
     1
281
     1
  3
ACAD_XREC_ROUNDTRIP
360
581
  0
DICTIONARY
  5
58E
330
290
100
AcDbDictionary
280
     1
281
     1
  3
ACAD_XREC_ROUNDTRIP
360
58F
  0
DICTIONARY
  5
596
330
294
100
AcDbDictionary
280
     1
281
     1
  3
ACAD_XREC_ROUNDTRIP
360
597
  0
DICTIONARY
  5
588
330
28D
100
AcDbDictionary
280
     1
281
     1
  3
ACAD_XREC_ROUNDTRIP
360
589
  0
DICTIONARY
  5
58C
330
28F
100
AcDbDictionary
280
     1
281
     1
  3
ACAD_XREC_ROUNDTRIP
360
58D
  0
DICTIONARY
  5
5A6
330
29C
100
AcDbDictionary
280
     1
281
     1
  3
ACAD_XREC_ROUNDTRIP
360
5A7
  0
DICTIONARY
  5
594
330
293
100
AcDbDictionary
280
     1
281
     1
  3
ACAD_XREC_ROUNDTRIP
360
595
  0
DICTIONARY
  5
578
330
285
100
AcDbDictionary
280
     1
281
     1
  3
ACAD_XREC_ROUNDTRIP
360
579
  0
DICTIONARY
  5
57A
330
286
100
AcDbDictionary
280
     1
281
     1
  3
ACAD_XREC_ROUNDTRIP
360
57B
  0
DICTIONARY
  5
57C
330
287
100
AcDbDictionary
280
     1
281
     1
  3
ACAD_XREC_ROUNDTRIP
360
57D
  0
DICTIONARY
  5
57E
330
288
100
AcDbDictionary
280
     1
281
     1
  3
ACAD_XREC_ROUNDTRIP
360
57F
  0
DICTIONARY
  5
586
330
28C
100
AcDbDictionary
280
     1
281
     1
  3
ACAD_XREC_ROUNDTRIP
360
587
  0
DICTIONARY
  5
5A2
330
29A
100
AcDbDictionary
280
     1
281
     1
  3
ACAD_XREC_ROUNDTRIP
360
5A3
  0
DICTIONARY
  5
592
330
292
100
AcDbDictionary
280
     1
281
     1
  3
ACAD_XREC_ROUNDTRIP
360
593
  0
DICTIONARY
  5
5A4
330
29B
100
AcDbDictionary
280
     1
281
     1
  3
ACAD_XREC_ROUNDTRIP
360
5A5
  0
DICTIONARY
  5
58A
330
28E
100
AcDbDictionary
280
     1
281
     1
  3
ACAD_XREC_ROUNDTRIP
360
58B
  0
DICTIONARY
  5
5A0
330
299
100
AcDbDictionary
280
     1
281
     1
  3
ACAD_XREC_ROUNDTRIP
360
5A1
  0
DICTIONARY
  5
59E
330
298
100
AcDbDictionary
280
     1
281
     1
  3
ACAD_XREC_ROUNDTRIP
360
59F
  0
DICTIONARY
  5
598
330
295
100
AcDbDictionary
280
     1
281
     1
  3
ACAD_XREC_ROUNDTRIP
360
599
  0
DICTIONARY
  5
59A
330
296
100
AcDbDictionary
280
     1
281
     1
  3
ACAD_XREC_ROUNDTRIP
360
59B
  0
DICTIONARY
  5
590
330
291
100
AcDbDictionary
280
     1
281
     1
  3
ACAD_XREC_ROUNDTRIP
360
591
  0
DICTIONARY
  5
584
330
28B
100
AcDbDictionary
280
     1
281
     1
  3
ACAD_XREC_ROUNDTRIP
360
585
  0
DICTIONARY
  5
59C
330
297
100
AcDbDictionary
280
     1
281
     1
  3
ACAD_XREC_ROUNDTRIP
360
59D
  0
XRECORD
  5
5AB
102
{ACAD_REACTORS
330
5AA
102
}
330
5AA
100
AcDbXrecord
280
     1
102
DISPLAYNAME
  1
Metric50
102
FLAGS
 90
        0
  0
XRECORD
  5
571
102
{ACAD_REACTORS
330
570
102
}
330
570
100
AcDbXrecord
280
     1
102
SHADEPLOT
 70
     0
102
SHADEPLOTRESLEVEL
 70
     0
102
SHADEPLOTCUSTOMDPI
 70
     0
  0
XRECORD
  5
573
102
{ACAD_REACTORS
330
572
102
}
330
572
100
AcDbXrecord
280
     1
102
SHADEPLOT
 70
     0
102
SHADEPLOTRESLEVEL
 70
     0
102
SHADEPLOTCUSTOMDPI
 70
     0
  0
XRECORD
  5
576
102
{ACAD_REACTORS
330
276
102
}
330
276
100
AcDbXrecord
280
     1
102
MATERIAL
148
0.0
149
0.0
149
0.0
 93
        0
 94
      127
282
     0
 72
     0
 77
     0
171
     0
175
     0
179
     0
273
     0
  0
XRECORD
  5
278
102
{ACAD_REACTORS
330
276
102
}
330
276
100
AcDbXrecord
280
     1
270
     1
271
     1
  0
XRECORD
  5
277
102
{ACAD_REACTORS
330
276
102
}
330
276
100
AcDbXrecord
280
     1
270
     1
271
     1
  0
XRECORD
  5
27B
102
{ACAD_REACTORS
330
276
102
}
330
276
100
AcDbXrecord
280
     1
270
     1
271
     1
  0
XRECORD
  5
27A
102
{ACAD_REACTORS
330
276
102
}
330
276
100
AcDbXrecord
280
     1
270
     1
271
     1
  0
XRECORD
  5
27C
102
{ACAD_REACTORS
330
276
102
}
330
276
100
AcDbXrecord
280
     1
270
     1
271
     1
  0
XRECORD
  5
279
102
{ACAD_REACTORS
330
276
102
}
330
276
100
AcDbXrecord
280
     1
270
     1
271
     1
  0
XRECORD
  5
575
102
{ACAD_REACTORS
330
26E
102
}
330
26E
100
AcDbXrecord
280
     1
102
MATERIAL
148
0.0
149
0.0
149
0.0
 93
        0
 94
      127
282
     0
 72
     0
 77
     0
171
     0
175
     0
179
     0
273
     0
  0
XRECORD
  5
270
102
{ACAD_REACTORS
330
26E
102
}
330
26E
100
AcDbXrecord
280
     1
270
     1
271
     1
  0
XRECORD
  5
26F
102
{ACAD_REACTORS
330
26E
102
}
330
26E
100
AcDbXrecord
280
     1
270
     1
271
     1
  0
XRECORD
  5
273
102
{ACAD_REACTORS
330
26E
102
}
330
26E
100
AcDbXrecord
280
     1
270
     1
271
     1
  0
XRECORD
  5
272
102
{ACAD_REACTORS
330
26E
102
}
330
26E
100
AcDbXrecord
280
     1
270
     1
271
     1
  0
XRECORD
  5
274
102
{ACAD_REACTORS
330
26E
102
}
330
26E
100
AcDbXrecord
280
     1
270
     1
271
     1
  0
XRECORD
  5
271
102
{ACAD_REACTORS
330
26E
102
}
330
26E
100
AcDbXrecord
280
     1
270
     1
271
     1
  0
XRECORD
  5
577
102
{ACAD_REACTORS
330
27E
102
}
330
27E
100
AcDbXrecord
280
     1
102
MATERIAL
148
0.0
149
0.0
149
0.0
 93
        0
 94
      127
282
     0
 72
     0
 77
     0
171
     0
175
     0
179
     0
273
     0
  0
XRECORD
  5
280
102
{ACAD_REACTORS
330
27E
102
}
330
27E
100
AcDbXrecord
280
     1
270
     1
271
     1
  0
XRECORD
  5
27F
102
{ACAD_REACTORS
330
27E
102
}
330
27E
100
AcDbXrecord
280
     1
270
     1
271
     1
  0
XRECORD
  5
283
102
{ACAD_REACTORS
330
27E
102
}
330
27E
100
AcDbXrecord
280
     1
270
     1
271
     1
  0
XRECORD
  5
282
102
{ACAD_REACTORS
330
27E
102
}
330
27E
100
AcDbXrecord
280
     1
270
     1
271
     1
  0
XRECORD
  5
284
102
{ACAD_REACTORS
330
27E
102
}
330
27E
100
AcDbXrecord
280
     1
270
     1
271
     1
  0
XRECORD
  5
281
102
{ACAD_REACTORS
330
27E
102
}
330
27E
100
AcDbXrecord
280
     1
270
     1
271
     1
  0
XRECORD
  5
5A9
102
{ACAD_REACTORS
330
5A8
102
}
330
5A8
100
AcDbXrecord
280
     1
102
DISPLAYNAME
  1
Metric50
102
FLAGS
 90
        0
  0
CELLSTYLEMAP
  5
563
102
{ACAD_REACTORS
330
260
102
}
330
260
100
AcDbCellStyleMap
 90
        3
300
CELLSTYLE
  1
TABLEFORMAT_BEGIN
 90
        5
170
     1
 91
        0
 92
    32768
 62
   257
 93
        1
300
CONTENTFORMAT
  1
CONTENTFORMAT_BEGIN
 90
        0
 91
        0
 92
        4
 93
        0
300

 40
0.0
140
1.0
 94
        1
 62
     0
340
11
144
0.18
309
CONTENTFORMAT_END
171
     1
301
MARGIN
  1
CELLMARGIN_BEGIN
 40
0.06
 40
0.06
 40
0.06
 40
0.06
 40
0.18
 40
0.18
309
CELLMARGIN_END
 94
        6
 95
        1
302
GRIDFORMAT
  1
GRIDFORMAT_BEGIN
 90
        0
 91
        1
 62
     0
 92
       -2
340
0
 93
        0
 40
0.045
309
GRIDFORMAT_END
 95
        2
302
GRIDFORMAT
  1
GRIDFORMAT_BEGIN
 90
        0
 91
        1
 62
     0
 92
       -2
340
0
 93
        0
 40
0.045
309
GRIDFORMAT_END
 95
        4
302
GRIDFORMAT
  1
GRIDFORMAT_BEGIN
 90
        0
 91
        1
 62
     0
 92
       -2
340
0
 93
        0
 40
0.045
309
GRIDFORMAT_END
 95
        8
302
GRIDFORMAT
  1
GRIDFORMAT_BEGIN
 90
        0
 91
        1
 62
     0
 92
       -2
340
0
 93
        0
 40
0.045
309
GRIDFORMAT_END
 95
       16
302
GRIDFORMAT
  1
GRIDFORMAT_BEGIN
 90
        0
 91
        1
 62
     0
 92
       -2
340
0
 93
        0
 40
0.045
309
GRIDFORMAT_END
 95
       32
302
GRIDFORMAT
  1
GRIDFORMAT_BEGIN
 90
        0
 91
        1
 62
     0
 92
       -2
340
0
 93
        0
 40
0.045
309
GRIDFORMAT_END
309
TABLEFORMAT_END
  1
CELLSTYLE_BEGIN
 90
        1
 91
        2
300
_TITLE
309
CELLSTYLE_END
300
CELLSTYLE
  1
TABLEFORMAT_BEGIN
 90
        5
170
     1
 91
        0
 92
        0
 62
   257
 93
        1
300
CONTENTFORMAT
  1
CONTENTFORMAT_BEGIN
 90
        0
 91
        0
 92
        4
 93
        0
300

 40
0.0
140
1.0
 94
        1
 62
     0
340
11
144
0.18
309
CONTENTFORMAT_END
171
     1
301
MARGIN
  1
CELLMARGIN_BEGIN
 40
0.06
 40
0.06
 40
0.06
 40
0.06
 40
0.18
 40
0.18
309
CELLMARGIN_END
 94
        6
 95
        1
302
GRIDFORMAT
  1
GRIDFORMAT_BEGIN
 90
        0
 91
        1
 62
     0
 92
       -2
340
0
 93
        0
 40
0.045
309
GRIDFORMAT_END
 95
        2
302
GRIDFORMAT
  1
GRIDFORMAT_BEGIN
 90
        0
 91
        1
 62
     0
 92
       -2
340
0
 93
        0
 40
0.045
309
GRIDFORMAT_END
 95
        4
302
GRIDFORMAT
  1
GRIDFORMAT_BEGIN
 90
        0
 91
        1
 62
     0
 92
       -2
340
0
 93
        0
 40
0.045
309
GRIDFORMAT_END
 95
        8
302
GRIDFORMAT
  1
GRIDFORMAT_BEGIN
 90
        0
 91
        1
 62
     0
 92
       -2
340
0
 93
        0
 40
0.045
309
GRIDFORMAT_END
 95
       16
302
GRIDFORMAT
  1
GRIDFORMAT_BEGIN
 90
        0
 91
        1
 62
     0
 92
       -2
340
0
 93
        0
 40
0.045
309
GRIDFORMAT_END
 95
       32
302
GRIDFORMAT
  1
GRIDFORMAT_BEGIN
 90
        0
 91
        1
 62
     0
 92
       -2
340
0
 93
        0
 40
0.045
309
GRIDFORMAT_END
309
TABLEFORMAT_END
  1
CELLSTYLE_BEGIN
 90
        2
 91
        2
300
_HEADER
309
CELLSTYLE_END
300
CELLSTYLE
  1
TABLEFORMAT_BEGIN
 90
        5
170
     1
 91
        0
 92
        0
 62
   257
 93
        1
300
CONTENTFORMAT
  1
CONTENTFORMAT_BEGIN
 90
        0
 91
        0
 92
        4
 93
        0
300

 40
0.0
140
1.0
 94
        1
 62
     0
340
11
144
0.18
309
CONTENTFORMAT_END
171
     1
301
MARGIN
  1
CELLMARGIN_BEGIN
 40
0.06
 40
0.06
 40
0.06
 40
0.06
 40
0.18
 40
0.18
309
CELLMARGIN_END
 94
        6
 95
        1
302
GRIDFORMAT
  1
GRIDFORMAT_BEGIN
 90
        0
 91
        1
 62
     0
 92
       -2
340
0
 93
        0
 40
0.045
309
GRIDFORMAT_END
 95
        2
302
GRIDFORMAT
  1
GRIDFORMAT_BEGIN
 90
        0
 91
        1
 62
     0
 92
       -2
340
0
 93
        0
 40
0.045
309
GRIDFORMAT_END
 95
        4
302
GRIDFORMAT
  1
GRIDFORMAT_BEGIN
 90
        0
 91
        1
 62
     0
 92
       -2
340
0
 93
        0
 40
0.045
309
GRIDFORMAT_END
 95
        8
302
GRIDFORMAT
  1
GRIDFORMAT_BEGIN
 90
        0
 91
        1
 62
     0
 92
       -2
340
0
 93
        0
 40
0.045
309
GRIDFORMAT_END
 95
       16
302
GRIDFORMAT
  1
GRIDFORMAT_BEGIN
 90
        0
 91
        1
 62
     0
 92
       -2
340
0
 93
        0
 40
0.045
309
GRIDFORMAT_END
 95
       32
302
GRIDFORMAT
  1
GRIDFORMAT_BEGIN
 90
        0
 91
        1
 62
     0
 92
       -2
340
0
 93
        0
 40
0.045
309
GRIDFORMAT_END
309
TABLEFORMAT_END
  1
CELLSTYLE_BEGIN
 90
        3
 91
        2
300
_DATA
309
CELLSTYLE_END
  0
XRECORD
  5
574
102
{ACAD_REACTORS
330
260
102
}
330
260
100
AcDbXrecord
280
     1
102
ACAD_ROUNDTRIP_PRE2007_TABLESTYLE
 90
        4
 91
        0
  1

 92
        4
 93
        0
  2

 94
        4
 95
        0
  3

  0
XRECORD
  5
583
102
{ACAD_REACTORS
330
582
102
}
330
582
100
AcDbXrecord
280
     1
102
RTVSPost2010Prop28
280
     1
102
RTVSPost2010PropOp28
 70
     1
102
RTVSPost2010Prop29
280
     1
102
RTVSPost2010PropOp29
 70
     1
102
RTVSPost2010Prop30
280
     0
102
RTVSPost2010PropOp30
 70
     1
102
RTVSPost2010Prop31
280
     0
102
RTVSPost2010PropOp31
 70
     1
102
RTVSPost2010Prop32
280
     0
102
RTVSPost2010PropOp32
 70
     1
102
RTVSPost2010Prop33
280
     0
102
RTVSPost2010PropOp33
 70
     1
102
RTVSPost2010Prop34
280
     0
102
RTVSPost2010PropOp34
 70
     1
102
RTVSPost2010Prop35
280
     0
102
RTVSPost2010PropOp35
 70
     1
102
RTVSPost2010Prop36
280
     0
102
RTVSPost2010PropOp36
 70
     1
102
RTVSPost2010Prop37
 90
       50
102
RTVSPost2010PropOp37
 70
     1
102
RTVSPost2010Prop38
140
0.0
102
RTVSPost2010PropOp38
 70
     1
102
RTVSPost2010Prop39
140
1.0
102
RTVSPost2010PropOp39
 70
     1
102
RTVSPost2010Prop40
 90
        0
102
RTVSPost2010PropOp40
 70
     1
102
RTVSPost2010Prop41ColorIndex
 90
       18
102
RTVSPost2010Prop41ColorRGB
 90
        0
102
RTVSPost2010PropOp41
 70
     1
102
RTVSPost2010Prop42
 90
       50
102
RTVSPost2010PropOp42
 70
     1
102
RTVSPost2010Prop43
 90
        3
102
RTVSPost2010PropOp43
 70
     1
102
RTVSPost2010Prop44ColorIndex
 90
        5
102
RTVSPost2010Prop44ColorRGB
 90
      255
102
RTVSPost2010PropOp44
 70
     1
102
RTVSPost2010Prop45
280
     0
102
RTVSPost2010PropOp45
 70
     1
102
RTVSPost2010Prop46
 90
       50
102
RTVSPost2010PropOp46
 70
     1
102
RTVSPost2010Prop47
 90
       50
102
RTVSPost2010PropOp47
 70
     1
102
RTVSPost2010Prop48
 90
       50
102
RTVSPost2010PropOp48
 70
     1
102
RTVSPost2010Prop49
280
     0
102
RTVSPost2010PropOp49
 70
     1
102
RTVSPost2010Prop50
 90
       50
102
RTVSPost2010PropOp50
 70
     1
102
RTVSPost2010Prop51ColorIndex
 90
      256
102
RTVSPost2010Prop51ColorRGB
 90
-16777216
102
RTVSPost2010PropOp51
 70
     0
102
RTVSPost2010Prop52
140
1.0
102
RTVSPost2010PropOp52
 70
     0
102
RTVSPost2010Prop53
 90
        2
102
RTVSPost2010PropOp53
 70
     1
102
RTVSPost2010Prop54
  1
strokes_ogs.tif
102
RTVSPost2010PropOp54
 70
     1
102
RTVSPost2010Prop55
280
     0
102
RTVSPost2010PropOp55
 70
     1
102
RTVSPost2010Prop56
140
1.0
102
RTVSPost2010PropOp56
 70
     1
102
RTVSPost2010Prop57
140
1.0
102
RTVSPost2010PropOp57
 70
     1
102
RTVSPropertyOp0
 70
     1
102
RTVSPropertyOp1
 70
     1
102
RTVSPropertyOp2
 70
     1
102
RTVSPropertyOp3
 70
     1
102
RTVSPropertyOp4
 70
     1
102
RTVSPropertyOp5
 70
     1
102
RTVSPropertyOp6
 70
     1
102
RTVSPropertyOp7
 70
     1
102
RTVSPropertyOp8
 70
     1
102
RTVSPropertyOp9
 70
     1
102
RTVSPropertyOp10
 70
     1
102
RTVSPropertyOp11
 70
     1
102
RTVSPropertyOp12
 70
     1
102
RTVSPropertyOp13
 70
     1
102
RTVSPropertyOp14
 70
     1
102
RTVSPropertyOp15
 70
     1
102
RTVSPropertyOp16
 70
     1
102
RTVSPropertyOp17
 70
     1
102
RTVSPropertyOp18
 70
     1
102
RTVSPropertyOp19
 70
     1
102
RTVSPropertyOp20
 70
     1
102
RTVSPropertyOp21
 70
     1
102
RTVSPropertyOp22
 70
     1
102
RTVSPropertyOp23
 70
     1
102
RTVSPropertyOp24
 70
     1
102
RTVSPropertyOp25
 70
     1
102
RTVSPropertyOp26
 70
     1
102
RTVSPropertyOp27
 70
     1
102
RTVSPropertyOp28
 70
     1
102
RTVSPropertyOp29
 70
     1
102
RTVSPropertyOp30
 70
     1
102
RTVSPropertyOp31
 70
     1
102
RTVSPropertyOp32
 70
     1
102
RTVSPropertyOp33
 70
     1
102
RTVSPropertyOp34
 70
     1
102
RTVSPropertyOp35
 70
     1
102
RTVSPropertyOp36
 70
     1
102
RTVSPropertyOp37
 70
     1
102
RTVSPropertyOp38
 70
     1
102
RTVSPropertyOp39
 70
     1
102
RTVSPropertyOp40
 70
     1
102
RTVSPropertyOp41
 70
     1
102
RTVSPropertyOp42
 70
     1
102
RTVSPropertyOp43
 70
     1
102
RTVSPropertyOp44
 70
     1
102
RTVSPropertyOp45
 70
     1
102
RTVSPropertyOp46
 70
     1
102
RTVSPropertyOp47
 70
     1
102
RTVSPropertyOp48
 70
     1
102
RTVSPropertyOp49
 70
     1
102
RTVSPropertyOp50
 70
     1
102
RTVSPropertyOp51
 70
     0
102
RTVSPropertyOp52
 70
     0
102
RTVSPropertyOp53
 70
     1
102
RTVSPropertyOp54
 70
     1
102
RTVSPropertyOp55
 70
     1
102
RTVSPropertyOp56
 70
     1
102
RTVSPropertyOp57
 70
     1
102
RTVSPropertyOp58
 70
     1
102
RTVSPropertyOp59
 70
     1
102
RTVSPropertyOp60
 70
     1
102
RTVSPropertyOp61
 70
     1
102
RTVSPropertyOp62
 70
     1
  0
XRECORD
  5
581
102
{ACAD_REACTORS
330
580
102
}
330
580
100
AcDbXrecord
280
     1
102
RTVSPost2010Prop28
280
     0
102
RTVSPost2010PropOp28
 70
     1
102
RTVSPost2010Prop29
280
     1
102
RTVSPost2010PropOp29
 70
     1
102
RTVSPost2010Prop30
280
     1
102
RTVSPost2010PropOp30
 70
     1
102
RTVSPost2010Prop31
280
     0
102
RTVSPost2010PropOp31
 70
     1
102
RTVSPost2010Prop32
280
     0
102
RTVSPost2010PropOp32
 70
     1
102
RTVSPost2010Prop33
280
     0
102
RTVSPost2010PropOp33
 70
     1
102
RTVSPost2010Prop34
280
     0
102
RTVSPost2010PropOp34
 70
     1
102
RTVSPost2010Prop35
280
     0
102
RTVSPost2010PropOp35
 70
     1
102
RTVSPost2010Prop36
280
     0
102
RTVSPost2010PropOp36
 70
     1
102
RTVSPost2010Prop37
 90
       50
102
RTVSPost2010PropOp37
 70
     1
102
RTVSPost2010Prop38
140
0.0
102
RTVSPost2010PropOp38
 70
     1
102
RTVSPost2010Prop39
140
1.0
102
RTVSPost2010PropOp39
 70
     1
102
RTVSPost2010Prop40
 90
        0
102
RTVSPost2010PropOp40
 70
     1
102
RTVSPost2010Prop41ColorIndex
 90
       18
102
RTVSPost2010Prop41ColorRGB
 90
        0
102
RTVSPost2010PropOp41
 70
     1
102
RTVSPost2010Prop42
 90
       50
102
RTVSPost2010PropOp42
 70
     1
102
RTVSPost2010Prop43
 90
        3
102
RTVSPost2010PropOp43
 70
     1
102
RTVSPost2010Prop44ColorIndex
 90
        5
102
RTVSPost2010Prop44ColorRGB
 90
      255
102
RTVSPost2010PropOp44
 70
     1
102
RTVSPost2010Prop45
280
     0
102
RTVSPost2010PropOp45
 70
     1
102
RTVSPost2010Prop46
 90
       50
102
RTVSPost2010PropOp46
 70
     1
102
RTVSPost2010Prop47
 90
       50
102
RTVSPost2010PropOp47
 70
     1
102
RTVSPost2010Prop48
 90
       50
102
RTVSPost2010PropOp48
 70
     1
102
RTVSPost2010Prop49
280
     0
102
RTVSPost2010PropOp49
 70
     1
102
RTVSPost2010Prop50
 90
       50
102
RTVSPost2010PropOp50
 70
     1
102
RTVSPost2010Prop51ColorIndex
 90
      256
102
RTVSPost2010Prop51ColorRGB
 90
-16777216
102
RTVSPost2010PropOp51
 70
     0
102
RTVSPost2010Prop52
140
1.0
102
RTVSPost2010PropOp52
 70
     0
102
RTVSPost2010Prop53
 90
        2
102
RTVSPost2010PropOp53
 70
     1
102
RTVSPost2010Prop54
  1
strokes_ogs.tif
102
RTVSPost2010PropOp54
 70
     1
102
RTVSPost2010Prop55
280
     0
102
RTVSPost2010PropOp55
 70
     1
102
RTVSPost2010Prop56
140
1.0
102
RTVSPost2010PropOp56
 70
     1
102
RTVSPost2010Prop57
140
1.0
102
RTVSPost2010PropOp57
 70
     1
102
RTVSPropertyOp0
 70
     1
102
RTVSPropertyOp1
 70
     1
102
RTVSPropertyOp2
 70
     1
102
RTVSPropertyOp3
 70
     1
102
RTVSPropertyOp4
 70
     1
102
RTVSPropertyOp5
 70
     1
102
RTVSPropertyOp6
 70
     1
102
RTVSPropertyOp7
 70
     1
102
RTVSPropertyOp8
 70
     1
102
RTVSPropertyOp9
 70
     1
102
RTVSPropertyOp10
 70
     1
102
RTVSPropertyOp11
 70
     1
102
RTVSPropertyOp12
 70
     1
102
RTVSPropertyOp13
 70
     1
102
RTVSPropertyOp14
 70
     1
102
RTVSPropertyOp15
 70
     1
102
RTVSPropertyOp16
 70
     1
102
RTVSPropertyOp17
 70
     1
102
RTVSPropertyOp18
 70
     1
102
RTVSPropertyOp19
 70
     1
102
RTVSPropertyOp20
 70
     1
102
RTVSPropertyOp21
 70
     1
102
RTVSPropertyOp22
 70
     1
102
RTVSPropertyOp23
 70
     1
102
RTVSPropertyOp24
 70
     1
102
RTVSPropertyOp25
 70
     1
102
RTVSPropertyOp26
 70
     1
102
RTVSPropertyOp27
 70
     1
102
RTVSPropertyOp28
 70
     1
102
RTVSPropertyOp29
 70
     1
102
RTVSPropertyOp30
 70
     1
102
RTVSPropertyOp31
 70
     1
102
RTVSPropertyOp32
 70
     1
102
RTVSPropertyOp33
 70
     1
102
RTVSPropertyOp34
 70
     1
102
RTVSPropertyOp35
 70
     1
102
RTVSPropertyOp36
 70
     1
102
RTVSPropertyOp37
 70
     1
102
RTVSPropertyOp38
 70
     1
102
RTVSPropertyOp39
 70
     1
102
RTVSPropertyOp40
 70
     1
102
RTVSPropertyOp41
 70
     1
102
RTVSPropertyOp42
 70
     1
102
RTVSPropertyOp43
 70
     1
102
RTVSPropertyOp44
 70
     1
102
RTVSPropertyOp45
 70
     1
102
RTVSPropertyOp46
 70
     1
102
RTVSPropertyOp47
 70
     1
102
RTVSPropertyOp48
 70
     1
102
RTVSPropertyOp49
 70
     1
102
RTVSPropertyOp50
 70
     1
102
RTVSPropertyOp51
 70
     0
102
RTVSPropertyOp52
 70
     0
102
RTVSPropertyOp53
 70
     1
102
RTVSPropertyOp54
 70
     1
102
RTVSPropertyOp55
 70
     1
102
RTVSPropertyOp56
 70
     1
102
RTVSPropertyOp57
 70
     1
102
RTVSPropertyOp58
 70
     1
102
RTVSPropertyOp59
 70
     1
102
RTVSPropertyOp60
 70
     1
102
RTVSPropertyOp61
 70
     1
102
RTVSPropertyOp62
 70
     1
  0
XRECORD
  5
58F
102
{ACAD_REACTORS
330
58E
102
}
330
58E
100
AcDbXrecord
280
     1
102
RTVSPost2010Prop28
280
     0
102
RTVSPost2010PropOp28
 70
     1
102
RTVSPost2010Prop29
280
     1
102
RTVSPost2010PropOp29
 70
     1
102
RTVSPost2010Prop30
280
     1
102
RTVSPost2010PropOp30
 70
     1
102
RTVSPost2010Prop31
280
     0
102
RTVSPost2010PropOp31
 70
     1
102
RTVSPost2010Prop32
280
     0
102
RTVSPost2010PropOp32
 70
     1
102
RTVSPost2010Prop33
280
     0
102
RTVSPost2010PropOp33
 70
     1
102
RTVSPost2010Prop34
280
     0
102
RTVSPost2010PropOp34
 70
     1
102
RTVSPost2010Prop35
280
     0
102
RTVSPost2010PropOp35
 70
     1
102
RTVSPost2010Prop36
280
     0
102
RTVSPost2010PropOp36
 70
     1
102
RTVSPost2010Prop37
 90
       50
102
RTVSPost2010PropOp37
 70
     1
102
RTVSPost2010Prop38
140
0.0
102
RTVSPost2010PropOp38
 70
     1
102
RTVSPost2010Prop39
140
1.0
102
RTVSPost2010PropOp39
 70
     1
102
RTVSPost2010Prop40
 90
        0
102
RTVSPost2010PropOp40
 70
     1
102
RTVSPost2010Prop41ColorIndex
 90
       18
102
RTVSPost2010Prop41ColorRGB
 90
        0
102
RTVSPost2010PropOp41
 70
     1
102
RTVSPost2010Prop42
 90
       50
102
RTVSPost2010PropOp42
 70
     1
102
RTVSPost2010Prop43
 90
        3
102
RTVSPost2010PropOp43
 70
     1
102
RTVSPost2010Prop44ColorIndex
 90
        5
102
RTVSPost2010Prop44ColorRGB
 90
      255
102
RTVSPost2010PropOp44
 70
     1
102
RTVSPost2010Prop45
280
     0
102
RTVSPost2010PropOp45
 70
     1
102
RTVSPost2010Prop46
 90
       50
102
RTVSPost2010PropOp46
 70
     1
102
RTVSPost2010Prop47
 90
       50
102
RTVSPost2010PropOp47
 70
     1
102
RTVSPost2010Prop48
 90
       50
102
RTVSPost2010PropOp48
 70
     1
102
RTVSPost2010Prop49
280
     0
102
RTVSPost2010PropOp49
 70
     1
102
RTVSPost2010Prop50
 90
       50
102
RTVSPost2010PropOp50
 70
     1
102
RTVSPost2010Prop51ColorIndex
 90
      256
102
RTVSPost2010Prop51ColorRGB
 90
-16777216
102
RTVSPost2010PropOp51
 70
     0
102
RTVSPost2010Prop52
140
1.0
102
RTVSPost2010PropOp52
 70
     0
102
RTVSPost2010Prop53
 90
        2
102
RTVSPost2010PropOp53
 70
     1
102
RTVSPost2010Prop54
  1
strokes_ogs.tif
102
RTVSPost2010PropOp54
 70
     1
102
RTVSPost2010Prop55
280
     0
102
RTVSPost2010PropOp55
 70
     1
102
RTVSPost2010Prop56
140
1.0
102
RTVSPost2010PropOp56
 70
     1
102
RTVSPost2010Prop57
140
1.0
102
RTVSPost2010PropOp57
 70
     1
102
RTVSPropertyOp0
 70
     1
102
RTVSPropertyOp1
 70
     1
102
RTVSPropertyOp2
 70
     1
102
RTVSPropertyOp3
 70
     1
102
RTVSPropertyOp4
 70
     1
102
RTVSPropertyOp5
 70
     1
102
RTVSPropertyOp6
 70
     1
102
RTVSPropertyOp7
 70
     1
102
RTVSPropertyOp8
 70
     1
102
RTVSPropertyOp9
 70
     1
102
RTVSPropertyOp10
 70
     1
102
RTVSPropertyOp11
 70
     1
102
RTVSPropertyOp12
 70
     1
102
RTVSPropertyOp13
 70
     1
102
RTVSPropertyOp14
 70
     1
102
RTVSPropertyOp15
 70
     1
102
RTVSPropertyOp16
 70
     1
102
RTVSPropertyOp17
 70
     1
102
RTVSPropertyOp18
 70
     1
102
RTVSPropertyOp19
 70
     1
102
RTVSPropertyOp20
 70
     1
102
RTVSPropertyOp21
 70
     1
102
RTVSPropertyOp22
 70
     1
102
RTVSPropertyOp23
 70
     1
102
RTVSPropertyOp24
 70
     1
102
RTVSPropertyOp25
 70
     1
102
RTVSPropertyOp26
 70
     1
102
RTVSPropertyOp27
 70
     1
102
RTVSPropertyOp28
 70
     1
102
RTVSPropertyOp29
 70
     1
102
RTVSPropertyOp30
 70
     1
102
RTVSPropertyOp31
 70
     1
102
RTVSPropertyOp32
 70
     1
102
RTVSPropertyOp33
 70
     1
102
RTVSPropertyOp34
 70
     1
102
RTVSPropertyOp35
 70
     1
102
RTVSPropertyOp36
 70
     1
102
RTVSPropertyOp37
 70
     1
102
RTVSPropertyOp38
 70
     1
102
RTVSPropertyOp39
 70
     1
102
RTVSPropertyOp40
 70
     1
102
RTVSPropertyOp41
 70
     1
102
RTVSPropertyOp42
 70
     1
102
RTVSPropertyOp43
 70
     1
102
RTVSPropertyOp44
 70
     1
102
RTVSPropertyOp45
 70
     1
102
RTVSPropertyOp46
 70
     1
102
RTVSPropertyOp47
 70
     1
102
RTVSPropertyOp48
 70
     1
102
RTVSPropertyOp49
 70
     1
102
RTVSPropertyOp50
 70
     1
102
RTVSPropertyOp51
 70
     0
102
RTVSPropertyOp52
 70
     0
102
RTVSPropertyOp53
 70
     1
102
RTVSPropertyOp54
 70
     1
102
RTVSPropertyOp55
 70
     1
102
RTVSPropertyOp56
 70
     1
102
RTVSPropertyOp57
 70
     1
102
RTVSPropertyOp58
 70
     1
102
RTVSPropertyOp59
 70
     1
102
RTVSPropertyOp60
 70
     1
102
RTVSPropertyOp61
 70
     1
102
RTVSPropertyOp62
 70
     1
  0
XRECORD
  5
597
102
{ACAD_REACTORS
330
596
102
}
330
596
100
AcDbXrecord
280
     1
102
RTVSPost2010Prop28
280
     0
102
RTVSPost2010PropOp28
 70
     1
102
RTVSPost2010Prop29
280
     1
102
RTVSPost2010PropOp29
 70
     1
102
RTVSPost2010Prop30
280
     1
102
RTVSPost2010PropOp30
 70
     1
102
RTVSPost2010Prop31
280
     0
102
RTVSPost2010PropOp31
 70
     1
102
RTVSPost2010Prop32
280
     0
102
RTVSPost2010PropOp32
 70
     1
102
RTVSPost2010Prop33
280
     0
102
RTVSPost2010PropOp33
 70
     1
102
RTVSPost2010Prop34
280
     0
102
RTVSPost2010PropOp34
 70
     1
102
RTVSPost2010Prop35
280
     0
102
RTVSPost2010PropOp35
 70
     1
102
RTVSPost2010Prop36
280
     0
102
RTVSPost2010PropOp36
 70
     1
102
RTVSPost2010Prop37
 90
       50
102
RTVSPost2010PropOp37
 70
     1
102
RTVSPost2010Prop38
140
0.0
102
RTVSPost2010PropOp38
 70
     1
102
RTVSPost2010Prop39
140
1.0
102
RTVSPost2010PropOp39
 70
     1
102
RTVSPost2010Prop40
 90
        0
102
RTVSPost2010PropOp40
 70
     1
102
RTVSPost2010Prop41ColorIndex
 90
       18
102
RTVSPost2010Prop41ColorRGB
 90
        0
102
RTVSPost2010PropOp41
 70
     1
102
RTVSPost2010Prop42
 90
       50
102
RTVSPost2010PropOp42
 70
     1
102
RTVSPost2010Prop43
 90
        3
102
RTVSPost2010PropOp43
 70
     1
102
RTVSPost2010Prop44ColorIndex
 90
        5
102
RTVSPost2010Prop44ColorRGB
 90
      255
102
RTVSPost2010PropOp44
 70
     1
102
RTVSPost2010Prop45
280
     0
102
RTVSPost2010PropOp45
 70
     1
102
RTVSPost2010Prop46
 90
       50
102
RTVSPost2010PropOp46
 70
     1
102
RTVSPost2010Prop47
 90
       50
102
RTVSPost2010PropOp47
 70
     1
102
RTVSPost2010Prop48
 90
       50
102
RTVSPost2010PropOp48
 70
     1
102
RTVSPost2010Prop49
280
     0
102
RTVSPost2010PropOp49
 70
     1
102
RTVSPost2010Prop50
 90
       50
102
RTVSPost2010PropOp50
 70
     1
102
RTVSPost2010Prop51ColorIndex
 90
      256
102
RTVSPost2010Prop51ColorRGB
 90
-16777216
102
RTVSPost2010PropOp51
 70
     0
102
RTVSPost2010Prop52
140
1.0
102
RTVSPost2010PropOp52
 70
     0
102
RTVSPost2010Prop53
 90
        2
102
RTVSPost2010PropOp53
 70
     1
102
RTVSPost2010Prop54
  1
strokes_ogs.tif
102
RTVSPost2010PropOp54
 70
     1
102
RTVSPost2010Prop55
280
     0
102
RTVSPost2010PropOp55
 70
     1
102
RTVSPost2010Prop56
140
1.0
102
RTVSPost2010PropOp56
 70
     1
102
RTVSPost2010Prop57
140
1.0
102
RTVSPost2010PropOp57
 70
     1
102
RTVSPropertyOp0
 70
     1
102
RTVSPropertyOp1
 70
     1
102
RTVSPropertyOp2
 70
     1
102
RTVSPropertyOp3
 70
     1
102
RTVSPropertyOp4
 70
     1
102
RTVSPropertyOp5
 70
     1
102
RTVSPropertyOp6
 70
     1
102
RTVSPropertyOp7
 70
     1
102
RTVSPropertyOp8
 70
     1
102
RTVSPropertyOp9
 70
     1
102
RTVSPropertyOp10
 70
     1
102
RTVSPropertyOp11
 70
     1
102
RTVSPropertyOp12
 70
     1
102
RTVSPropertyOp13
 70
     1
102
RTVSPropertyOp14
 70
     1
102
RTVSPropertyOp15
 70
     1
102
RTVSPropertyOp16
 70
     1
102
RTVSPropertyOp17
 70
     1
102
RTVSPropertyOp18
 70
     1
102
RTVSPropertyOp19
 70
     1
102
RTVSPropertyOp20
 70
     1
102
RTVSPropertyOp21
 70
     1
102
RTVSPropertyOp22
 70
     1
102
RTVSPropertyOp23
 70
     1
102
RTVSPropertyOp24
 70
     1
102
RTVSPropertyOp25
 70
     1
102
RTVSPropertyOp26
 70
     1
102
RTVSPropertyOp27
 70
     1
102
RTVSPropertyOp28
 70
     1
102
RTVSPropertyOp29
 70
     1
102
RTVSPropertyOp30
 70
     1
102
RTVSPropertyOp31
 70
     1
102
RTVSPropertyOp32
 70
     1
102
RTVSPropertyOp33
 70
     1
102
RTVSPropertyOp34
 70
     1
102
RTVSPropertyOp35
 70
     1
102
RTVSPropertyOp36
 70
     1
102
RTVSPropertyOp37
 70
     1
102
RTVSPropertyOp38
 70
     1
102
RTVSPropertyOp39
 70
     1
102
RTVSPropertyOp40
 70
     1
102
RTVSPropertyOp41
 70
     1
102
RTVSPropertyOp42
 70
     1
102
RTVSPropertyOp43
 70
     1
102
RTVSPropertyOp44
 70
     1
102
RTVSPropertyOp45
 70
     1
102
RTVSPropertyOp46
 70
     1
102
RTVSPropertyOp47
 70
     1
102
RTVSPropertyOp48
 70
     1
102
RTVSPropertyOp49
 70
     1
102
RTVSPropertyOp50
 70
     1
102
RTVSPropertyOp51
 70
     0
102
RTVSPropertyOp52
 70
     0
102
RTVSPropertyOp53
 70
     1
102
RTVSPropertyOp54
 70
     1
102
RTVSPropertyOp55
 70
     1
102
RTVSPropertyOp56
 70
     1
102
RTVSPropertyOp57
 70
     1
102
RTVSPropertyOp58
 70
     1
102
RTVSPropertyOp59
 70
     1
102
RTVSPropertyOp60
 70
     1
102
RTVSPropertyOp61
 70
     1
102
RTVSPropertyOp62
 70
     1
  0
XRECORD
  5
589
102
{ACAD_REACTORS
330
588
102
}
330
588
100
AcDbXrecord
280
     1
102
RTVSPost2010Prop28
280
     0
102
RTVSPost2010PropOp28
 70
     1
102
RTVSPost2010Prop29
280
     1
102
RTVSPost2010PropOp29
 70
     1
102
RTVSPost2010Prop30
280
     1
102
RTVSPost2010PropOp30
 70
     1
102
RTVSPost2010Prop31
280
     0
102
RTVSPost2010PropOp31
 70
     1
102
RTVSPost2010Prop32
280
     0
102
RTVSPost2010PropOp32
 70
     1
102
RTVSPost2010Prop33
280
     0
102
RTVSPost2010PropOp33
 70
     1
102
RTVSPost2010Prop34
280
     0
102
RTVSPost2010PropOp34
 70
     1
102
RTVSPost2010Prop35
280
     0
102
RTVSPost2010PropOp35
 70
     1
102
RTVSPost2010Prop36
280
     0
102
RTVSPost2010PropOp36
 70
     1
102
RTVSPost2010Prop37
 90
       50
102
RTVSPost2010PropOp37
 70
     1
102
RTVSPost2010Prop38
140
0.0
102
RTVSPost2010PropOp38
 70
     1
102
RTVSPost2010Prop39
140
1.0
102
RTVSPost2010PropOp39
 70
     1
102
RTVSPost2010Prop40
 90
        0
102
RTVSPost2010PropOp40
 70
     1
102
RTVSPost2010Prop41ColorIndex
 90
       18
102
RTVSPost2010Prop41ColorRGB
 90
        0
102
RTVSPost2010PropOp41
 70
     1
102
RTVSPost2010Prop42
 90
       50
102
RTVSPost2010PropOp42
 70
     1
102
RTVSPost2010Prop43
 90
        3
102
RTVSPost2010PropOp43
 70
     1
102
RTVSPost2010Prop44ColorIndex
 90
        5
102
RTVSPost2010Prop44ColorRGB
 90
      255
102
RTVSPost2010PropOp44
 70
     1
102
RTVSPost2010Prop45
280
     0
102
RTVSPost2010PropOp45
 70
     1
102
RTVSPost2010Prop46
 90
       50
102
RTVSPost2010PropOp46
 70
     1
102
RTVSPost2010Prop47
 90
       50
102
RTVSPost2010PropOp47
 70
     1
102
RTVSPost2010Prop48
 90
       50
102
RTVSPost2010PropOp48
 70
     1
102
RTVSPost2010Prop49
280
     0
102
RTVSPost2010PropOp49
 70
     1
102
RTVSPost2010Prop50
 90
       50
102
RTVSPost2010PropOp50
 70
     1
102
RTVSPost2010Prop51ColorIndex
 90
      256
102
RTVSPost2010Prop51ColorRGB
 90
-16777216
102
RTVSPost2010PropOp51
 70
     0
102
RTVSPost2010Prop52
140
1.0
102
RTVSPost2010PropOp52
 70
     0
102
RTVSPost2010Prop53
 90
        2
102
RTVSPost2010PropOp53
 70
     1
102
RTVSPost2010Prop54
  1
strokes_ogs.tif
102
RTVSPost2010PropOp54
 70
     1
102
RTVSPost2010Prop55
280
     0
102
RTVSPost2010PropOp55
 70
     1
102
RTVSPost2010Prop56
140
1.0
102
RTVSPost2010PropOp56
 70
     1
102
RTVSPost2010Prop57
140
1.0
102
RTVSPost2010PropOp57
 70
     1
102
RTVSPropertyOp0
 70
     1
102
RTVSPropertyOp1
 70
     1
102
RTVSPropertyOp2
 70
     1
102
RTVSPropertyOp3
 70
     1
102
RTVSPropertyOp4
 70
     1
102
RTVSPropertyOp5
 70
     1
102
RTVSPropertyOp6
 70
     1
102
RTVSPropertyOp7
 70
     1
102
RTVSPropertyOp8
 70
     1
102
RTVSPropertyOp9
 70
     1
102
RTVSPropertyOp10
 70
     1
102
RTVSPropertyOp11
 70
     1
102
RTVSPropertyOp12
 70
     1
102
RTVSPropertyOp13
 70
     1
102
RTVSPropertyOp14
 70
     1
102
RTVSPropertyOp15
 70
     1
102
RTVSPropertyOp16
 70
     1
102
RTVSPropertyOp17
 70
     1
102
RTVSPropertyOp18
 70
     1
102
RTVSPropertyOp19
 70
     1
102
RTVSPropertyOp20
 70
     1
102
RTVSPropertyOp21
 70
     1
102
RTVSPropertyOp22
 70
     1
102
RTVSPropertyOp23
 70
     1
102
RTVSPropertyOp24
 70
     1
102
RTVSPropertyOp25
 70
     1
102
RTVSPropertyOp26
 70
     1
102
RTVSPropertyOp27
 70
     1
102
RTVSPropertyOp28
 70
     1
102
RTVSPropertyOp29
 70
     1
102
RTVSPropertyOp30
 70
     1
102
RTVSPropertyOp31
 70
     1
102
RTVSPropertyOp32
 70
     1
102
RTVSPropertyOp33
 70
     1
102
RTVSPropertyOp34
 70
     1
102
RTVSPropertyOp35
 70
     1
102
RTVSPropertyOp36
 70
     1
102
RTVSPropertyOp37
 70
     1
102
RTVSPropertyOp38
 70
     1
102
RTVSPropertyOp39
 70
     1
102
RTVSPropertyOp40
 70
     1
102
RTVSPropertyOp41
 70
     1
102
RTVSPropertyOp42
 70
     1
102
RTVSPropertyOp43
 70
     1
102
RTVSPropertyOp44
 70
     1
102
RTVSPropertyOp45
 70
     1
102
RTVSPropertyOp46
 70
     1
102
RTVSPropertyOp47
 70
     1
102
RTVSPropertyOp48
 70
     1
102
RTVSPropertyOp49
 70
     1
102
RTVSPropertyOp50
 70
     1
102
RTVSPropertyOp51
 70
     0
102
RTVSPropertyOp52
 70
     0
102
RTVSPropertyOp53
 70
     1
102
RTVSPropertyOp54
 70
     1
102
RTVSPropertyOp55
 70
     1
102
RTVSPropertyOp56
 70
     1
102
RTVSPropertyOp57
 70
     1
102
RTVSPropertyOp58
 70
     1
102
RTVSPropertyOp59
 70
     1
102
RTVSPropertyOp60
 70
     1
102
RTVSPropertyOp61
 70
     1
102
RTVSPropertyOp62
 70
     1
  0
XRECORD
  5
58D
102
{ACAD_REACTORS
330
58C
102
}
330
58C
100
AcDbXrecord
280
     1
102
RTVSPost2010Prop28
280
     0
102
RTVSPost2010PropOp28
 70
     1
102
RTVSPost2010Prop29
280
     1
102
RTVSPost2010PropOp29
 70
     1
102
RTVSPost2010Prop30
280
     1
102
RTVSPost2010PropOp30
 70
     1
102
RTVSPost2010Prop31
280
     0
102
RTVSPost2010PropOp31
 70
     1
102
RTVSPost2010Prop32
280
     0
102
RTVSPost2010PropOp32
 70
     1
102
RTVSPost2010Prop33
280
     0
102
RTVSPost2010PropOp33
 70
     1
102
RTVSPost2010Prop34
280
     0
102
RTVSPost2010PropOp34
 70
     1
102
RTVSPost2010Prop35
280
     0
102
RTVSPost2010PropOp35
 70
     1
102
RTVSPost2010Prop36
280
     0
102
RTVSPost2010PropOp36
 70
     1
102
RTVSPost2010Prop37
 90
       50
102
RTVSPost2010PropOp37
 70
     1
102
RTVSPost2010Prop38
140
0.0
102
RTVSPost2010PropOp38
 70
     1
102
RTVSPost2010Prop39
140
1.0
102
RTVSPost2010PropOp39
 70
     1
102
RTVSPost2010Prop40
 90
        0
102
RTVSPost2010PropOp40
 70
     1
102
RTVSPost2010Prop41ColorIndex
 90
       18
102
RTVSPost2010Prop41ColorRGB
 90
        0
102
RTVSPost2010PropOp41
 70
     1
102
RTVSPost2010Prop42
 90
       50
102
RTVSPost2010PropOp42
 70
     1
102
RTVSPost2010Prop43
 90
        3
102
RTVSPost2010PropOp43
 70
     1
102
RTVSPost2010Prop44ColorIndex
 90
        5
102
RTVSPost2010Prop44ColorRGB
 90
      255
102
RTVSPost2010PropOp44
 70
     1
102
RTVSPost2010Prop45
280
     0
102
RTVSPost2010PropOp45
 70
     1
102
RTVSPost2010Prop46
 90
       50
102
RTVSPost2010PropOp46
 70
     1
102
RTVSPost2010Prop47
 90
       50
102
RTVSPost2010PropOp47
 70
     1
102
RTVSPost2010Prop48
 90
       50
102
RTVSPost2010PropOp48
 70
     1
102
RTVSPost2010Prop49
280
     0
102
RTVSPost2010PropOp49
 70
     1
102
RTVSPost2010Prop50
 90
       50
102
RTVSPost2010PropOp50
 70
     1
102
RTVSPost2010Prop51ColorIndex
 90
      256
102
RTVSPost2010Prop51ColorRGB
 90
-16777216
102
RTVSPost2010PropOp51
 70
     0
102
RTVSPost2010Prop52
140
1.0
102
RTVSPost2010PropOp52
 70
     0
102
RTVSPost2010Prop53
 90
        2
102
RTVSPost2010PropOp53
 70
     1
102
RTVSPost2010Prop54
  1
strokes_ogs.tif
102
RTVSPost2010PropOp54
 70
     1
102
RTVSPost2010Prop55
280
     0
102
RTVSPost2010PropOp55
 70
     1
102
RTVSPost2010Prop56
140
1.0
102
RTVSPost2010PropOp56
 70
     1
102
RTVSPost2010Prop57
140
1.0
102
RTVSPost2010PropOp57
 70
     1
102
RTVSPropertyOp0
 70
     1
102
RTVSPropertyOp1
 70
     1
102
RTVSPropertyOp2
 70
     1
102
RTVSPropertyOp3
 70
     1
102
RTVSPropertyOp4
 70
     1
102
RTVSPropertyOp5
 70
     1
102
RTVSPropertyOp6
 70
     1
102
RTVSPropertyOp7
 70
     1
102
RTVSPropertyOp8
 70
     1
102
RTVSPropertyOp9
 70
     1
102
RTVSPropertyOp10
 70
     1
102
RTVSPropertyOp11
 70
     1
102
RTVSPropertyOp12
 70
     1
102
RTVSPropertyOp13
 70
     1
102
RTVSPropertyOp14
 70
     1
102
RTVSPropertyOp15
 70
     1
102
RTVSPropertyOp16
 70
     1
102
RTVSPropertyOp17
 70
     1
102
RTVSPropertyOp18
 70
     1
102
RTVSPropertyOp19
 70
     1
102
RTVSPropertyOp20
 70
     1
102
RTVSPropertyOp21
 70
     1
102
RTVSPropertyOp22
 70
     1
102
RTVSPropertyOp23
 70
     1
102
RTVSPropertyOp24
 70
     1
102
RTVSPropertyOp25
 70
     1
102
RTVSPropertyOp26
 70
     1
102
RTVSPropertyOp27
 70
     1
102
RTVSPropertyOp28
 70
     1
102
RTVSPropertyOp29
 70
     1
102
RTVSPropertyOp30
 70
     1
102
RTVSPropertyOp31
 70
     1
102
RTVSPropertyOp32
 70
     1
102
RTVSPropertyOp33
 70
     1
102
RTVSPropertyOp34
 70
     1
102
RTVSPropertyOp35
 70
     1
102
RTVSPropertyOp36
 70
     1
102
RTVSPropertyOp37
 70
     1
102
RTVSPropertyOp38
 70
     1
102
RTVSPropertyOp39
 70
     1
102
RTVSPropertyOp40
 70
     1
102
RTVSPropertyOp41
 70
     1
102
RTVSPropertyOp42
 70
     1
102
RTVSPropertyOp43
 70
     1
102
RTVSPropertyOp44
 70
     1
102
RTVSPropertyOp45
 70
     1
102
RTVSPropertyOp46
 70
     1
102
RTVSPropertyOp47
 70
     1
102
RTVSPropertyOp48
 70
     1
102
RTVSPropertyOp49
 70
     1
102
RTVSPropertyOp50
 70
     1
102
RTVSPropertyOp51
 70
     0
102
RTVSPropertyOp52
 70
     0
102
RTVSPropertyOp53
 70
     1
102
RTVSPropertyOp54
 70
     1
102
RTVSPropertyOp55
 70
     1
102
RTVSPropertyOp56
 70
     1
102
RTVSPropertyOp57
 70
     1
102
RTVSPropertyOp58
 70
     1
102
RTVSPropertyOp59
 70
     1
102
RTVSPropertyOp60
 70
     1
102
RTVSPropertyOp61
 70
     1
102
RTVSPropertyOp62
 70
     1
  0
XRECORD
  5
5A7
102
{ACAD_REACTORS
330
5A6
102
}
330
5A6
100
AcDbXrecord
280
     1
102
RTVSPost2010Prop28
280
     0
102
RTVSPost2010PropOp28
 70
     1
102
RTVSPost2010Prop29
280
     1
102
RTVSPost2010PropOp29
 70
     1
102
RTVSPost2010Prop30
280
     1
102
RTVSPost2010PropOp30
 70
     1
102
RTVSPost2010Prop31
280
     0
102
RTVSPost2010PropOp31
 70
     1
102
RTVSPost2010Prop32
280
     0
102
RTVSPost2010PropOp32
 70
     1
102
RTVSPost2010Prop33
280
     0
102
RTVSPost2010PropOp33
 70
     1
102
RTVSPost2010Prop34
280
     0
102
RTVSPost2010PropOp34
 70
     1
102
RTVSPost2010Prop35
280
     0
102
RTVSPost2010PropOp35
 70
     1
102
RTVSPost2010Prop36
280
     0
102
RTVSPost2010PropOp36
 70
     1
102
RTVSPost2010Prop37
 90
       50
102
RTVSPost2010PropOp37
 70
     0
102
RTVSPost2010Prop38
140
0.0
102
RTVSPost2010PropOp38
 70
     0
102
RTVSPost2010Prop39
140
1.0
102
RTVSPost2010PropOp39
 70
     0
102
RTVSPost2010Prop40
 90
        0
102
RTVSPost2010PropOp40
 70
     0
102
RTVSPost2010Prop41ColorIndex
 90
       18
102
RTVSPost2010Prop41ColorRGB
 90
        0
102
RTVSPost2010PropOp41
 70
     0
102
RTVSPost2010Prop42
 90
       50
102
RTVSPost2010PropOp42
 70
     0
102
RTVSPost2010Prop43
 90
        3
102
RTVSPost2010PropOp43
 70
     0
102
RTVSPost2010Prop44ColorIndex
 90
        5
102
RTVSPost2010Prop44ColorRGB
 90
      255
102
RTVSPost2010PropOp44
 70
     0
102
RTVSPost2010Prop45
280
     0
102
RTVSPost2010PropOp45
 70
     1
102
RTVSPost2010Prop46
 90
       50
102
RTVSPost2010PropOp46
 70
     0
102
RTVSPost2010Prop47
 90
       50
102
RTVSPost2010PropOp47
 70
     0
102
RTVSPost2010Prop48
 90
       50
102
RTVSPost2010PropOp48
 70
     0
102
RTVSPost2010Prop49
280
     0
102
RTVSPost2010PropOp49
 70
     1
102
RTVSPost2010Prop50
 90
       50
102
RTVSPost2010PropOp50
 70
     0
102
RTVSPost2010Prop51ColorIndex
 90
      256
102
RTVSPost2010Prop51ColorRGB
 90
-16777216
102
RTVSPost2010PropOp51
 70
     0
102
RTVSPost2010Prop52
140
1.0
102
RTVSPost2010PropOp52
 70
     0
102
RTVSPost2010Prop53
 90
        2
102
RTVSPost2010PropOp53
 70
     0
102
RTVSPost2010Prop54
  1
strokes_ogs.tif
102
RTVSPost2010PropOp54
 70
     0
102
RTVSPost2010Prop55
280
     0
102
RTVSPost2010PropOp55
 70
     1
102
RTVSPost2010Prop56
140
1.0
102
RTVSPost2010PropOp56
 70
     0
102
RTVSPost2010Prop57
140
1.0
102
RTVSPost2010PropOp57
 70
     0
102
RTVSPropertyOp0
 70
     0
102
RTVSPropertyOp1
 70
     0
102
RTVSPropertyOp2
 70
     0
102
RTVSPropertyOp3
 70
     0
102
RTVSPropertyOp4
 70
     0
102
RTVSPropertyOp5
 70
     0
102
RTVSPropertyOp6
 70
     0
102
RTVSPropertyOp7
 70
     0
102
RTVSPropertyOp8
 70
     0
102
RTVSPropertyOp9
 70
     0
102
RTVSPropertyOp10
 70
     0
102
RTVSPropertyOp11
 70
     0
102
RTVSPropertyOp12
 70
     0
102
RTVSPropertyOp13
 70
     0
102
RTVSPropertyOp14
 70
     2
102
RTVSPropertyOp15
 70
     0
102
RTVSPropertyOp16
 70
     0
102
RTVSPropertyOp17
 70
     0
102
RTVSPropertyOp18
 70
     0
102
RTVSPropertyOp19
 70
     0
102
RTVSPropertyOp20
 70
     0
102
RTVSPropertyOp21
 70
     0
102
RTVSPropertyOp22
 70
     0
102
RTVSPropertyOp23
 70
     0
102
RTVSPropertyOp24
 70
     0
102
RTVSPropertyOp25
 70
     0
102
RTVSPropertyOp26
 70
     0
102
RTVSPropertyOp27
 70
     0
102
RTVSPropertyOp28
 70
     1
102
RTVSPropertyOp29
 70
     1
102
RTVSPropertyOp30
 70
     1
102
RTVSPropertyOp31
 70
     1
102
RTVSPropertyOp32
 70
     1
102
RTVSPropertyOp33
 70
     1
102
RTVSPropertyOp34
 70
     1
102
RTVSPropertyOp35
 70
     1
102
RTVSPropertyOp36
 70
     1
102
RTVSPropertyOp37
 70
     0
102
RTVSPropertyOp38
 70
     0
102
RTVSPropertyOp39
 70
     0
102
RTVSPropertyOp40
 70
     0
102
RTVSPropertyOp41
 70
     0
102
RTVSPropertyOp42
 70
     0
102
RTVSPropertyOp43
 70
     0
102
RTVSPropertyOp44
 70
     0
102
RTVSPropertyOp45
 70
     1
102
RTVSPropertyOp46
 70
     0
102
RTVSPropertyOp47
 70
     0
102
RTVSPropertyOp48
 70
     0
102
RTVSPropertyOp49
 70
     1
102
RTVSPropertyOp50
 70
     0
102
RTVSPropertyOp51
 70
     0
102
RTVSPropertyOp52
 70
     0
102
RTVSPropertyOp53
 70
     0
102
RTVSPropertyOp54
 70
     0
102
RTVSPropertyOp55
 70
     1
102
RTVSPropertyOp56
 70
     0
102
RTVSPropertyOp57
 70
     0
102
RTVSPropertyOp58
 70
     0
102
RTVSPropertyOp59
 70
     0
102
RTVSPropertyOp60
 70
     0
102
RTVSPropertyOp61
 70
     0
102
RTVSPropertyOp62
 70
     0
  0
XRECORD
  5
595
102
{ACAD_REACTORS
330
594
102
}
330
594
100
AcDbXrecord
280
     1
102
RTVSPost2010Prop28
280
     0
102
RTVSPost2010PropOp28
 70
     1
102
RTVSPost2010Prop29
280
     1
102
RTVSPost2010PropOp29
 70
     1
102
RTVSPost2010Prop30
280
     1
102
RTVSPost2010PropOp30
 70
     1
102
RTVSPost2010Prop31
280
     0
102
RTVSPost2010PropOp31
 70
     1
102
RTVSPost2010Prop32
280
     0
102
RTVSPost2010PropOp32
 70
     1
102
RTVSPost2010Prop33
280
     0
102
RTVSPost2010PropOp33
 70
     1
102
RTVSPost2010Prop34
280
     0
102
RTVSPost2010PropOp34
 70
     1
102
RTVSPost2010Prop35
280
     0
102
RTVSPost2010PropOp35
 70
     1
102
RTVSPost2010Prop36
280
     0
102
RTVSPost2010PropOp36
 70
     1
102
RTVSPost2010Prop37
 90
       50
102
RTVSPost2010PropOp37
 70
     1
102
RTVSPost2010Prop38
140
0.0
102
RTVSPost2010PropOp38
 70
     1
102
RTVSPost2010Prop39
140
1.0
102
RTVSPost2010PropOp39
 70
     1
102
RTVSPost2010Prop40
 90
        0
102
RTVSPost2010PropOp40
 70
     1
102
RTVSPost2010Prop41ColorIndex
 90
       18
102
RTVSPost2010Prop41ColorRGB
 90
        0
102
RTVSPost2010PropOp41
 70
     1
102
RTVSPost2010Prop42
 90
       50
102
RTVSPost2010PropOp42
 70
     1
102
RTVSPost2010Prop43
 90
        3
102
RTVSPost2010PropOp43
 70
     1
102
RTVSPost2010Prop44ColorIndex
 90
        5
102
RTVSPost2010Prop44ColorRGB
 90
      255
102
RTVSPost2010PropOp44
 70
     1
102
RTVSPost2010Prop45
280
     0
102
RTVSPost2010PropOp45
 70
     1
102
RTVSPost2010Prop46
 90
       50
102
RTVSPost2010PropOp46
 70
     1
102
RTVSPost2010Prop47
 90
       50
102
RTVSPost2010PropOp47
 70
     1
102
RTVSPost2010Prop48
 90
       50
102
RTVSPost2010PropOp48
 70
     1
102
RTVSPost2010Prop49
280
     0
102
RTVSPost2010PropOp49
 70
     1
102
RTVSPost2010Prop50
 90
       50
102
RTVSPost2010PropOp50
 70
     1
102
RTVSPost2010Prop51ColorIndex
 90
      256
102
RTVSPost2010Prop51ColorRGB
 90
-16777216
102
RTVSPost2010PropOp51
 70
     0
102
RTVSPost2010Prop52
140
1.0
102
RTVSPost2010PropOp52
 70
     0
102
RTVSPost2010Prop53
 90
        2
102
RTVSPost2010PropOp53
 70
     1
102
RTVSPost2010Prop54
  1
strokes_ogs.tif
102
RTVSPost2010PropOp54
 70
     1
102
RTVSPost2010Prop55
280
     0
102
RTVSPost2010PropOp55
 70
     1
102
RTVSPost2010Prop56
140
1.0
102
RTVSPost2010PropOp56
 70
     1
102
RTVSPost2010Prop57
140
1.0
102
RTVSPost2010PropOp57
 70
     1
102
RTVSPropertyOp0
 70
     1
102
RTVSPropertyOp1
 70
     1
102
RTVSPropertyOp2
 70
     1
102
RTVSPropertyOp3
 70
     1
102
RTVSPropertyOp4
 70
     1
102
RTVSPropertyOp5
 70
     1
102
RTVSPropertyOp6
 70
     1
102
RTVSPropertyOp7
 70
     1
102
RTVSPropertyOp8
 70
     1
102
RTVSPropertyOp9
 70
     1
102
RTVSPropertyOp10
 70
     1
102
RTVSPropertyOp11
 70
     1
102
RTVSPropertyOp12
 70
     1
102
RTVSPropertyOp13
 70
     1
102
RTVSPropertyOp14
 70
     1
102
RTVSPropertyOp15
 70
     1
102
RTVSPropertyOp16
 70
     1
102
RTVSPropertyOp17
 70
     1
102
RTVSPropertyOp18
 70
     1
102
RTVSPropertyOp19
 70
     1
102
RTVSPropertyOp20
 70
     1
102
RTVSPropertyOp21
 70
     1
102
RTVSPropertyOp22
 70
     1
102
RTVSPropertyOp23
 70
     1
102
RTVSPropertyOp24
 70
     1
102
RTVSPropertyOp25
 70
     1
102
RTVSPropertyOp26
 70
     1
102
RTVSPropertyOp27
 70
     1
102
RTVSPropertyOp28
 70
     1
102
RTVSPropertyOp29
 70
     1
102
RTVSPropertyOp30
 70
     1
102
RTVSPropertyOp31
 70
     1
102
RTVSPropertyOp32
 70
     1
102
RTVSPropertyOp33
 70
     1
102
RTVSPropertyOp34
 70
     1
102
RTVSPropertyOp35
 70
     1
102
RTVSPropertyOp36
 70
     1
102
RTVSPropertyOp37
 70
     1
102
RTVSPropertyOp38
 70
     1
102
RTVSPropertyOp39
 70
     1
102
RTVSPropertyOp40
 70
     1
102
RTVSPropertyOp41
 70
     1
102
RTVSPropertyOp42
 70
     1
102
RTVSPropertyOp43
 70
     1
102
RTVSPropertyOp44
 70
     1
102
RTVSPropertyOp45
 70
     1
102
RTVSPropertyOp46
 70
     1
102
RTVSPropertyOp47
 70
     1
102
RTVSPropertyOp48
 70
     1
102
RTVSPropertyOp49
 70
     1
102
RTVSPropertyOp50
 70
     1
102
RTVSPropertyOp51
 70
     0
102
RTVSPropertyOp52
 70
     0
102
RTVSPropertyOp53
 70
     1
102
RTVSPropertyOp54
 70
     1
102
RTVSPropertyOp55
 70
     1
102
RTVSPropertyOp56
 70
     1
102
RTVSPropertyOp57
 70
     1
102
RTVSPropertyOp58
 70
     1
102
RTVSPropertyOp59
 70
     1
102
RTVSPropertyOp60
 70
     1
102
RTVSPropertyOp61
 70
     1
102
RTVSPropertyOp62
 70
     1
  0
XRECORD
  5
579
102
{ACAD_REACTORS
330
578
102
}
330
578
100
AcDbXrecord
280
     1
102
RTVSPost2010Prop28
280
     0
102
RTVSPost2010PropOp28
 70
     1
102
RTVSPost2010Prop29
280
     1
102
RTVSPost2010PropOp29
 70
     1
102
RTVSPost2010Prop30
280
     1
102
RTVSPost2010PropOp30
 70
     1
102
RTVSPost2010Prop31
280
     0
102
RTVSPost2010PropOp31
 70
     1
102
RTVSPost2010Prop32
280
     0
102
RTVSPost2010PropOp32
 70
     1
102
RTVSPost2010Prop33
280
     0
102
RTVSPost2010PropOp33
 70
     1
102
RTVSPost2010Prop34
280
     0
102
RTVSPost2010PropOp34
 70
     1
102
RTVSPost2010Prop35
280
     0
102
RTVSPost2010PropOp35
 70
     1
102
RTVSPost2010Prop36
280
     0
102
RTVSPost2010PropOp36
 70
     1
102
RTVSPost2010Prop37
 90
       50
102
RTVSPost2010PropOp37
 70
     1
102
RTVSPost2010Prop38
140
0.0
102
RTVSPost2010PropOp38
 70
     1
102
RTVSPost2010Prop39
140
1.0
102
RTVSPost2010PropOp39
 70
     1
102
RTVSPost2010Prop40
 90
        0
102
RTVSPost2010PropOp40
 70
     1
102
RTVSPost2010Prop41ColorIndex
 90
       18
102
RTVSPost2010Prop41ColorRGB
 90
        0
102
RTVSPost2010PropOp41
 70
     1
102
RTVSPost2010Prop42
 90
       50
102
RTVSPost2010PropOp42
 70
     1
102
RTVSPost2010Prop43
 90
        3
102
RTVSPost2010PropOp43
 70
     1
102
RTVSPost2010Prop44ColorIndex
 90
        5
102
RTVSPost2010Prop44ColorRGB
 90
      255
102
RTVSPost2010PropOp44
 70
     1
102
RTVSPost2010Prop45
280
     0
102
RTVSPost2010PropOp45
 70
     1
102
RTVSPost2010Prop46
 90
       50
102
RTVSPost2010PropOp46
 70
     1
102
RTVSPost2010Prop47
 90
       50
102
RTVSPost2010PropOp47
 70
     1
102
RTVSPost2010Prop48
 90
       50
102
RTVSPost2010PropOp48
 70
     1
102
RTVSPost2010Prop49
280
     0
102
RTVSPost2010PropOp49
 70
     1
102
RTVSPost2010Prop50
 90
       50
102
RTVSPost2010PropOp50
 70
     1
102
RTVSPost2010Prop51ColorIndex
 90
      256
102
RTVSPost2010Prop51ColorRGB
 90
-16777216
102
RTVSPost2010PropOp51
 70
     0
102
RTVSPost2010Prop52
140
1.0
102
RTVSPost2010PropOp52
 70
     0
102
RTVSPost2010Prop53
 90
        2
102
RTVSPost2010PropOp53
 70
     1
102
RTVSPost2010Prop54
  1
strokes_ogs.tif
102
RTVSPost2010PropOp54
 70
     1
102
RTVSPost2010Prop55
280
     0
102
RTVSPost2010PropOp55
 70
     1
102
RTVSPost2010Prop56
140
1.0
102
RTVSPost2010PropOp56
 70
     1
102
RTVSPost2010Prop57
140
1.0
102
RTVSPost2010PropOp57
 70
     1
102
RTVSPropertyOp0
 70
     1
102
RTVSPropertyOp1
 70
     1
102
RTVSPropertyOp2
 70
     1
102
RTVSPropertyOp3
 70
     1
102
RTVSPropertyOp4
 70
     1
102
RTVSPropertyOp5
 70
     1
102
RTVSPropertyOp6
 70
     1
102
RTVSPropertyOp7
 70
     1
102
RTVSPropertyOp8
 70
     1
102
RTVSPropertyOp9
 70
     1
102
RTVSPropertyOp10
 70
     1
102
RTVSPropertyOp11
 70
     1
102
RTVSPropertyOp12
 70
     1
102
RTVSPropertyOp13
 70
     1
102
RTVSPropertyOp14
 70
     1
102
RTVSPropertyOp15
 70
     1
102
RTVSPropertyOp16
 70
     1
102
RTVSPropertyOp17
 70
     1
102
RTVSPropertyOp18
 70
     1
102
RTVSPropertyOp19
 70
     1
102
RTVSPropertyOp20
 70
     1
102
RTVSPropertyOp21
 70
     1
102
RTVSPropertyOp22
 70
     1
102
RTVSPropertyOp23
 70
     1
102
RTVSPropertyOp24
 70
     1
102
RTVSPropertyOp25
 70
     1
102
RTVSPropertyOp26
 70
     1
102
RTVSPropertyOp27
 70
     1
102
RTVSPropertyOp28
 70
     1
102
RTVSPropertyOp29
 70
     1
102
RTVSPropertyOp30
 70
     1
102
RTVSPropertyOp31
 70
     1
102
RTVSPropertyOp32
 70
     1
102
RTVSPropertyOp33
 70
     1
102
RTVSPropertyOp34
 70
     1
102
RTVSPropertyOp35
 70
     1
102
RTVSPropertyOp36
 70
     1
102
RTVSPropertyOp37
 70
     1
102
RTVSPropertyOp38
 70
     1
102
RTVSPropertyOp39
 70
     1
102
RTVSPropertyOp40
 70
     1
102
RTVSPropertyOp41
 70
     1
102
RTVSPropertyOp42
 70
     1
102
RTVSPropertyOp43
 70
     1
102
RTVSPropertyOp44
 70
     1
102
RTVSPropertyOp45
 70
     1
102
RTVSPropertyOp46
 70
     1
102
RTVSPropertyOp47
 70
     1
102
RTVSPropertyOp48
 70
     1
102
RTVSPropertyOp49
 70
     1
102
RTVSPropertyOp50
 70
     1
102
RTVSPropertyOp51
 70
     0
102
RTVSPropertyOp52
 70
     0
102
RTVSPropertyOp53
 70
     1
102
RTVSPropertyOp54
 70
     1
102
RTVSPropertyOp55
 70
     1
102
RTVSPropertyOp56
 70
     1
102
RTVSPropertyOp57
 70
     1
102
RTVSPropertyOp58
 70
     1
102
RTVSPropertyOp59
 70
     1
102
RTVSPropertyOp60
 70
     1
102
RTVSPropertyOp61
 70
     1
102
RTVSPropertyOp62
 70
     1
  0
XRECORD
  5
57B
102
{ACAD_REACTORS
330
57A
102
}
330
57A
100
AcDbXrecord
280
     1
102
RTVSPost2010Prop28
280
     0
102
RTVSPost2010PropOp28
 70
     1
102
RTVSPost2010Prop29
280
     1
102
RTVSPost2010PropOp29
 70
     1
102
RTVSPost2010Prop30
280
     1
102
RTVSPost2010PropOp30
 70
     1
102
RTVSPost2010Prop31
280
     0
102
RTVSPost2010PropOp31
 70
     1
102
RTVSPost2010Prop32
280
     0
102
RTVSPost2010PropOp32
 70
     1
102
RTVSPost2010Prop33
280
     0
102
RTVSPost2010PropOp33
 70
     1
102
RTVSPost2010Prop34
280
     0
102
RTVSPost2010PropOp34
 70
     1
102
RTVSPost2010Prop35
280
     0
102
RTVSPost2010PropOp35
 70
     1
102
RTVSPost2010Prop36
280
     0
102
RTVSPost2010PropOp36
 70
     1
102
RTVSPost2010Prop37
 90
       50
102
RTVSPost2010PropOp37
 70
     1
102
RTVSPost2010Prop38
140
0.0
102
RTVSPost2010PropOp38
 70
     1
102
RTVSPost2010Prop39
140
1.0
102
RTVSPost2010PropOp39
 70
     1
102
RTVSPost2010Prop40
 90
        0
102
RTVSPost2010PropOp40
 70
     1
102
RTVSPost2010Prop41ColorIndex
 90
       18
102
RTVSPost2010Prop41ColorRGB
 90
        0
102
RTVSPost2010PropOp41
 70
     1
102
RTVSPost2010Prop42
 90
       50
102
RTVSPost2010PropOp42
 70
     1
102
RTVSPost2010Prop43
 90
        3
102
RTVSPost2010PropOp43
 70
     1
102
RTVSPost2010Prop44ColorIndex
 90
        5
102
RTVSPost2010Prop44ColorRGB
 90
      255
102
RTVSPost2010PropOp44
 70
     1
102
RTVSPost2010Prop45
280
     0
102
RTVSPost2010PropOp45
 70
     1
102
RTVSPost2010Prop46
 90
       50
102
RTVSPost2010PropOp46
 70
     1
102
RTVSPost2010Prop47
 90
       50
102
RTVSPost2010PropOp47
 70
     1
102
RTVSPost2010Prop48
 90
       50
102
RTVSPost2010PropOp48
 70
     1
102
RTVSPost2010Prop49
280
     0
102
RTVSPost2010PropOp49
 70
     1
102
RTVSPost2010Prop50
 90
       50
102
RTVSPost2010PropOp50
 70
     1
102
RTVSPost2010Prop51ColorIndex
 90
      256
102
RTVSPost2010Prop51ColorRGB
 90
-16777216
102
RTVSPost2010PropOp51
 70
     0
102
RTVSPost2010Prop52
140
1.0
102
RTVSPost2010PropOp52
 70
     0
102
RTVSPost2010Prop53
 90
        2
102
RTVSPost2010PropOp53
 70
     1
102
RTVSPost2010Prop54
  1
strokes_ogs.tif
102
RTVSPost2010PropOp54
 70
     1
102
RTVSPost2010Prop55
280
     0
102
RTVSPost2010PropOp55
 70
     1
102
RTVSPost2010Prop56
140
1.0
102
RTVSPost2010PropOp56
 70
     1
102
RTVSPost2010Prop57
140
1.0
102
RTVSPost2010PropOp57
 70
     1
102
RTVSPropertyOp0
 70
     1
102
RTVSPropertyOp1
 70
     1
102
RTVSPropertyOp2
 70
     1
102
RTVSPropertyOp3
 70
     1
102
RTVSPropertyOp4
 70
     1
102
RTVSPropertyOp5
 70
     1
102
RTVSPropertyOp6
 70
     1
102
RTVSPropertyOp7
 70
     1
102
RTVSPropertyOp8
 70
     1
102
RTVSPropertyOp9
 70
     1
102
RTVSPropertyOp10
 70
     1
102
RTVSPropertyOp11
 70
     1
102
RTVSPropertyOp12
 70
     1
102
RTVSPropertyOp13
 70
     1
102
RTVSPropertyOp14
 70
     1
102
RTVSPropertyOp15
 70
     1
102
RTVSPropertyOp16
 70
     1
102
RTVSPropertyOp17
 70
     1
102
RTVSPropertyOp18
 70
     1
102
RTVSPropertyOp19
 70
     1
102
RTVSPropertyOp20
 70
     1
102
RTVSPropertyOp21
 70
     1
102
RTVSPropertyOp22
 70
     1
102
RTVSPropertyOp23
 70
     1
102
RTVSPropertyOp24
 70
     1
102
RTVSPropertyOp25
 70
     1
102
RTVSPropertyOp26
 70
     1
102
RTVSPropertyOp27
 70
     1
102
RTVSPropertyOp28
 70
     1
102
RTVSPropertyOp29
 70
     1
102
RTVSPropertyOp30
 70
     1
102
RTVSPropertyOp31
 70
     1
102
RTVSPropertyOp32
 70
     1
102
RTVSPropertyOp33
 70
     1
102
RTVSPropertyOp34
 70
     1
102
RTVSPropertyOp35
 70
     1
102
RTVSPropertyOp36
 70
     1
102
RTVSPropertyOp37
 70
     1
102
RTVSPropertyOp38
 70
     1
102
RTVSPropertyOp39
 70
     1
102
RTVSPropertyOp40
 70
     1
102
RTVSPropertyOp41
 70
     1
102
RTVSPropertyOp42
 70
     1
102
RTVSPropertyOp43
 70
     1
102
RTVSPropertyOp44
 70
     1
102
RTVSPropertyOp45
 70
     1
102
RTVSPropertyOp46
 70
     1
102
RTVSPropertyOp47
 70
     1
102
RTVSPropertyOp48
 70
     1
102
RTVSPropertyOp49
 70
     1
102
RTVSPropertyOp50
 70
     1
102
RTVSPropertyOp51
 70
     0
102
RTVSPropertyOp52
 70
     0
102
RTVSPropertyOp53
 70
     1
102
RTVSPropertyOp54
 70
     1
102
RTVSPropertyOp55
 70
     1
102
RTVSPropertyOp56
 70
     1
102
RTVSPropertyOp57
 70
     1
102
RTVSPropertyOp58
 70
     1
102
RTVSPropertyOp59
 70
     1
102
RTVSPropertyOp60
 70
     1
102
RTVSPropertyOp61
 70
     1
102
RTVSPropertyOp62
 70
     1
  0
XRECORD
  5
57D
102
{ACAD_REACTORS
330
57C
102
}
330
57C
100
AcDbXrecord
280
     1
102
RTVSPost2010Prop28
280
     0
102
RTVSPost2010PropOp28
 70
     1
102
RTVSPost2010Prop29
280
     1
102
RTVSPost2010PropOp29
 70
     1
102
RTVSPost2010Prop30
280
     1
102
RTVSPost2010PropOp30
 70
     1
102
RTVSPost2010Prop31
280
     0
102
RTVSPost2010PropOp31
 70
     1
102
RTVSPost2010Prop32
280
     0
102
RTVSPost2010PropOp32
 70
     1
102
RTVSPost2010Prop33
280
     0
102
RTVSPost2010PropOp33
 70
     1
102
RTVSPost2010Prop34
280
     0
102
RTVSPost2010PropOp34
 70
     1
102
RTVSPost2010Prop35
280
     0
102
RTVSPost2010PropOp35
 70
     1
102
RTVSPost2010Prop36
280
     0
102
RTVSPost2010PropOp36
 70
     1
102
RTVSPost2010Prop37
 90
       50
102
RTVSPost2010PropOp37
 70
     1
102
RTVSPost2010Prop38
140
0.0
102
RTVSPost2010PropOp38
 70
     1
102
RTVSPost2010Prop39
140
1.0
102
RTVSPost2010PropOp39
 70
     1
102
RTVSPost2010Prop40
 90
        0
102
RTVSPost2010PropOp40
 70
     1
102
RTVSPost2010Prop41ColorIndex
 90
       18
102
RTVSPost2010Prop41ColorRGB
 90
        0
102
RTVSPost2010PropOp41
 70
     1
102
RTVSPost2010Prop42
 90
       50
102
RTVSPost2010PropOp42
 70
     1
102
RTVSPost2010Prop43
 90
        3
102
RTVSPost2010PropOp43
 70
     1
102
RTVSPost2010Prop44ColorIndex
 90
        5
102
RTVSPost2010Prop44ColorRGB
 90
      255
102
RTVSPost2010PropOp44
 70
     1
102
RTVSPost2010Prop45
280
     0
102
RTVSPost2010PropOp45
 70
     1
102
RTVSPost2010Prop46
 90
       50
102
RTVSPost2010PropOp46
 70
     1
102
RTVSPost2010Prop47
 90
       50
102
RTVSPost2010PropOp47
 70
     1
102
RTVSPost2010Prop48
 90
       50
102
RTVSPost2010PropOp48
 70
     1
102
RTVSPost2010Prop49
280
     0
102
RTVSPost2010PropOp49
 70
     1
102
RTVSPost2010Prop50
 90
       50
102
RTVSPost2010PropOp50
 70
     1
102
RTVSPost2010Prop51ColorIndex
 90
      256
102
RTVSPost2010Prop51ColorRGB
 90
-16777216
102
RTVSPost2010PropOp51
 70
     0
102
RTVSPost2010Prop52
140
1.0
102
RTVSPost2010PropOp52
 70
     0
102
RTVSPost2010Prop53
 90
        2
102
RTVSPost2010PropOp53
 70
     1
102
RTVSPost2010Prop54
  1
strokes_ogs.tif
102
RTVSPost2010PropOp54
 70
     1
102
RTVSPost2010Prop55
280
     0
102
RTVSPost2010PropOp55
 70
     1
102
RTVSPost2010Prop56
140
1.0
102
RTVSPost2010PropOp56
 70
     1
102
RTVSPost2010Prop57
140
1.0
102
RTVSPost2010PropOp57
 70
     1
102
RTVSPropertyOp0
 70
     1
102
RTVSPropertyOp1
 70
     1
102
RTVSPropertyOp2
 70
     1
102
RTVSPropertyOp3
 70
     1
102
RTVSPropertyOp4
 70
     1
102
RTVSPropertyOp5
 70
     1
102
RTVSPropertyOp6
 70
     1
102
RTVSPropertyOp7
 70
     1
102
RTVSPropertyOp8
 70
     1
102
RTVSPropertyOp9
 70
     1
102
RTVSPropertyOp10
 70
     1
102
RTVSPropertyOp11
 70
     1
102
RTVSPropertyOp12
 70
     1
102
RTVSPropertyOp13
 70
     1
102
RTVSPropertyOp14
 70
     1
102
RTVSPropertyOp15
 70
     1
102
RTVSPropertyOp16
 70
     1
102
RTVSPropertyOp17
 70
     1
102
RTVSPropertyOp18
 70
     1
102
RTVSPropertyOp19
 70
     1
102
RTVSPropertyOp20
 70
     1
102
RTVSPropertyOp21
 70
     1
102
RTVSPropertyOp22
 70
     1
102
RTVSPropertyOp23
 70
     1
102
RTVSPropertyOp24
 70
     1
102
RTVSPropertyOp25
 70
     1
102
RTVSPropertyOp26
 70
     1
102
RTVSPropertyOp27
 70
     1
102
RTVSPropertyOp28
 70
     1
102
RTVSPropertyOp29
 70
     1
102
RTVSPropertyOp30
 70
     1
102
RTVSPropertyOp31
 70
     1
102
RTVSPropertyOp32
 70
     1
102
RTVSPropertyOp33
 70
     1
102
RTVSPropertyOp34
 70
     1
102
RTVSPropertyOp35
 70
     1
102
RTVSPropertyOp36
 70
     1
102
RTVSPropertyOp37
 70
     1
102
RTVSPropertyOp38
 70
     1
102
RTVSPropertyOp39
 70
     1
102
RTVSPropertyOp40
 70
     1
102
RTVSPropertyOp41
 70
     1
102
RTVSPropertyOp42
 70
     1
102
RTVSPropertyOp43
 70
     1
102
RTVSPropertyOp44
 70
     1
102
RTVSPropertyOp45
 70
     1
102
RTVSPropertyOp46
 70
     1
102
RTVSPropertyOp47
 70
     1
102
RTVSPropertyOp48
 70
     1
102
RTVSPropertyOp49
 70
     1
102
RTVSPropertyOp50
 70
     1
102
RTVSPropertyOp51
 70
     0
102
RTVSPropertyOp52
 70
     0
102
RTVSPropertyOp53
 70
     1
102
RTVSPropertyOp54
 70
     1
102
RTVSPropertyOp55
 70
     1
102
RTVSPropertyOp56
 70
     1
102
RTVSPropertyOp57
 70
     1
102
RTVSPropertyOp58
 70
     1
102
RTVSPropertyOp59
 70
     1
102
RTVSPropertyOp60
 70
     1
102
RTVSPropertyOp61
 70
     1
102
RTVSPropertyOp62
 70
     1
  0
XRECORD
  5
57F
102
{ACAD_REACTORS
330
57E
102
}
330
57E
100
AcDbXrecord
280
     1
102
RTVSPost2010Prop28
280
     0
102
RTVSPost2010PropOp28
 70
     1
102
RTVSPost2010Prop29
280
     1
102
RTVSPost2010PropOp29
 70
     1
102
RTVSPost2010Prop30
280
     1
102
RTVSPost2010PropOp30
 70
     1
102
RTVSPost2010Prop31
280
     0
102
RTVSPost2010PropOp31
 70
     1
102
RTVSPost2010Prop32
280
     0
102
RTVSPost2010PropOp32
 70
     1
102
RTVSPost2010Prop33
280
     0
102
RTVSPost2010PropOp33
 70
     1
102
RTVSPost2010Prop34
280
     0
102
RTVSPost2010PropOp34
 70
     1
102
RTVSPost2010Prop35
280
     0
102
RTVSPost2010PropOp35
 70
     1
102
RTVSPost2010Prop36
280
     0
102
RTVSPost2010PropOp36
 70
     1
102
RTVSPost2010Prop37
 90
       50
102
RTVSPost2010PropOp37
 70
     1
102
RTVSPost2010Prop38
140
0.0
102
RTVSPost2010PropOp38
 70
     1
102
RTVSPost2010Prop39
140
1.0
102
RTVSPost2010PropOp39
 70
     1
102
RTVSPost2010Prop40
 90
        0
102
RTVSPost2010PropOp40
 70
     1
102
RTVSPost2010Prop41ColorIndex
 90
       18
102
RTVSPost2010Prop41ColorRGB
 90
        0
102
RTVSPost2010PropOp41
 70
     1
102
RTVSPost2010Prop42
 90
       50
102
RTVSPost2010PropOp42
 70
     1
102
RTVSPost2010Prop43
 90
        3
102
RTVSPost2010PropOp43
 70
     1
102
RTVSPost2010Prop44ColorIndex
 90
        5
102
RTVSPost2010Prop44ColorRGB
 90
      255
102
RTVSPost2010PropOp44
 70
     1
102
RTVSPost2010Prop45
280
     0
102
RTVSPost2010PropOp45
 70
     1
102
RTVSPost2010Prop46
 90
       50
102
RTVSPost2010PropOp46
 70
     1
102
RTVSPost2010Prop47
 90
       50
102
RTVSPost2010PropOp47
 70
     1
102
RTVSPost2010Prop48
 90
       50
102
RTVSPost2010PropOp48
 70
     1
102
RTVSPost2010Prop49
280
     0
102
RTVSPost2010PropOp49
 70
     1
102
RTVSPost2010Prop50
 90
       50
102
RTVSPost2010PropOp50
 70
     1
102
RTVSPost2010Prop51ColorIndex
 90
      256
102
RTVSPost2010Prop51ColorRGB
 90
-16777216
102
RTVSPost2010PropOp51
 70
     0
102
RTVSPost2010Prop52
140
1.0
102
RTVSPost2010PropOp52
 70
     0
102
RTVSPost2010Prop53
 90
        2
102
RTVSPost2010PropOp53
 70
     1
102
RTVSPost2010Prop54
  1
strokes_ogs.tif
102
RTVSPost2010PropOp54
 70
     1
102
RTVSPost2010Prop55
280
     0
102
RTVSPost2010PropOp55
 70
     1
102
RTVSPost2010Prop56
140
1.0
102
RTVSPost2010PropOp56
 70
     1
102
RTVSPost2010Prop57
140
1.0
102
RTVSPost2010PropOp57
 70
     1
102
RTVSPropertyOp0
 70
     1
102
RTVSPropertyOp1
 70
     1
102
RTVSPropertyOp2
 70
     1
102
RTVSPropertyOp3
 70
     1
102
RTVSPropertyOp4
 70
     1
102
RTVSPropertyOp5
 70
     1
102
RTVSPropertyOp6
 70
     1
102
RTVSPropertyOp7
 70
     1
102
RTVSPropertyOp8
 70
     1
102
RTVSPropertyOp9
 70
     1
102
RTVSPropertyOp10
 70
     1
102
RTVSPropertyOp11
 70
     1
102
RTVSPropertyOp12
 70
     1
102
RTVSPropertyOp13
 70
     1
102
RTVSPropertyOp14
 70
     1
102
RTVSPropertyOp15
 70
     1
102
RTVSPropertyOp16
 70
     1
102
RTVSPropertyOp17
 70
     1
102
RTVSPropertyOp18
 70
     1
102
RTVSPropertyOp19
 70
     1
102
RTVSPropertyOp20
 70
     1
102
RTVSPropertyOp21
 70
     1
102
RTVSPropertyOp22
 70
     1
102
RTVSPropertyOp23
 70
     1
102
RTVSPropertyOp24
 70
     1
102
RTVSPropertyOp25
 70
     1
102
RTVSPropertyOp26
 70
     1
102
RTVSPropertyOp27
 70
     1
102
RTVSPropertyOp28
 70
     1
102
RTVSPropertyOp29
 70
     1
102
RTVSPropertyOp30
 70
     1
102
RTVSPropertyOp31
 70
     1
102
RTVSPropertyOp32
 70
     1
102
RTVSPropertyOp33
 70
     1
102
RTVSPropertyOp34
 70
     1
102
RTVSPropertyOp35
 70
     1
102
RTVSPropertyOp36
 70
     1
102
RTVSPropertyOp37
 70
     1
102
RTVSPropertyOp38
 70
     1
102
RTVSPropertyOp39
 70
     1
102
RTVSPropertyOp40
 70
     1
102
RTVSPropertyOp41
 70
     1
102
RTVSPropertyOp42
 70
     1
102
RTVSPropertyOp43
 70
     1
102
RTVSPropertyOp44
 70
     1
102
RTVSPropertyOp45
 70
     1
102
RTVSPropertyOp46
 70
     1
102
RTVSPropertyOp47
 70
     1
102
RTVSPropertyOp48
 70
     1
102
RTVSPropertyOp49
 70
     1
102
RTVSPropertyOp50
 70
     1
102
RTVSPropertyOp51
 70
     0
102
RTVSPropertyOp52
 70
     0
102
RTVSPropertyOp53
 70
     1
102
RTVSPropertyOp54
 70
     1
102
RTVSPropertyOp55
 70
     1
102
RTVSPropertyOp56
 70
     1
102
RTVSPropertyOp57
 70
     1
102
RTVSPropertyOp58
 70
     1
102
RTVSPropertyOp59
 70
     1
102
RTVSPropertyOp60
 70
     1
102
RTVSPropertyOp61
 70
     1
102
RTVSPropertyOp62
 70
     1
  0
XRECORD
  5
587
102
{ACAD_REACTORS
330
586
102
}
330
586
100
AcDbXrecord
280
     1
102
RTVSPost2010Prop28
280
     0
102
RTVSPost2010PropOp28
 70
     1
102
RTVSPost2010Prop29
280
     1
102
RTVSPost2010PropOp29
 70
     1
102
RTVSPost2010Prop30
280
     1
102
RTVSPost2010PropOp30
 70
     1
102
RTVSPost2010Prop31
280
     0
102
RTVSPost2010PropOp31
 70
     1
102
RTVSPost2010Prop32
280
     0
102
RTVSPost2010PropOp32
 70
     1
102
RTVSPost2010Prop33
280
     0
102
RTVSPost2010PropOp33
 70
     1
102
RTVSPost2010Prop34
280
     0
102
RTVSPost2010PropOp34
 70
     1
102
RTVSPost2010Prop35
280
     0
102
RTVSPost2010PropOp35
 70
     1
102
RTVSPost2010Prop36
280
     0
102
RTVSPost2010PropOp36
 70
     1
102
RTVSPost2010Prop37
 90
       50
102
RTVSPost2010PropOp37
 70
     1
102
RTVSPost2010Prop38
140
0.0
102
RTVSPost2010PropOp38
 70
     1
102
RTVSPost2010Prop39
140
1.0
102
RTVSPost2010PropOp39
 70
     1
102
RTVSPost2010Prop40
 90
        0
102
RTVSPost2010PropOp40
 70
     1
102
RTVSPost2010Prop41ColorIndex
 90
       18
102
RTVSPost2010Prop41ColorRGB
 90
        0
102
RTVSPost2010PropOp41
 70
     1
102
RTVSPost2010Prop42
 90
       50
102
RTVSPost2010PropOp42
 70
     1
102
RTVSPost2010Prop43
 90
        3
102
RTVSPost2010PropOp43
 70
     1
102
RTVSPost2010Prop44ColorIndex
 90
        5
102
RTVSPost2010Prop44ColorRGB
 90
      255
102
RTVSPost2010PropOp44
 70
     1
102
RTVSPost2010Prop45
280
     0
102
RTVSPost2010PropOp45
 70
     1
102
RTVSPost2010Prop46
 90
       50
102
RTVSPost2010PropOp46
 70
     1
102
RTVSPost2010Prop47
 90
       50
102
RTVSPost2010PropOp47
 70
     1
102
RTVSPost2010Prop48
 90
       50
102
RTVSPost2010PropOp48
 70
     1
102
RTVSPost2010Prop49
280
     0
102
RTVSPost2010PropOp49
 70
     1
102
RTVSPost2010Prop50
 90
       50
102
RTVSPost2010PropOp50
 70
     1
102
RTVSPost2010Prop51ColorIndex
 90
      256
102
RTVSPost2010Prop51ColorRGB
 90
-16777216
102
RTVSPost2010PropOp51
 70
     0
102
RTVSPost2010Prop52
140
1.0
102
RTVSPost2010PropOp52
 70
     0
102
RTVSPost2010Prop53
 90
        2
102
RTVSPost2010PropOp53
 70
     1
102
RTVSPost2010Prop54
  1
strokes_ogs.tif
102
RTVSPost2010PropOp54
 70
     1
102
RTVSPost2010Prop55
280
     0
102
RTVSPost2010PropOp55
 70
     1
102
RTVSPost2010Prop56
140
1.0
102
RTVSPost2010PropOp56
 70
     1
102
RTVSPost2010Prop57
140
1.0
102
RTVSPost2010PropOp57
 70
     1
102
RTVSPropertyOp0
 70
     1
102
RTVSPropertyOp1
 70
     1
102
RTVSPropertyOp2
 70
     1
102
RTVSPropertyOp3
 70
     1
102
RTVSPropertyOp4
 70
     1
102
RTVSPropertyOp5
 70
     1
102
RTVSPropertyOp6
 70
     1
102
RTVSPropertyOp7
 70
     1
102
RTVSPropertyOp8
 70
     1
102
RTVSPropertyOp9
 70
     1
102
RTVSPropertyOp10
 70
     1
102
RTVSPropertyOp11
 70
     1
102
RTVSPropertyOp12
 70
     1
102
RTVSPropertyOp13
 70
     1
102
RTVSPropertyOp14
 70
     1
102
RTVSPropertyOp15
 70
     1
102
RTVSPropertyOp16
 70
     1
102
RTVSPropertyOp17
 70
     1
102
RTVSPropertyOp18
 70
     1
102
RTVSPropertyOp19
 70
     1
102
RTVSPropertyOp20
 70
     1
102
RTVSPropertyOp21
 70
     1
102
RTVSPropertyOp22
 70
     1
102
RTVSPropertyOp23
 70
     1
102
RTVSPropertyOp24
 70
     1
102
RTVSPropertyOp25
 70
     1
102
RTVSPropertyOp26
 70
     1
102
RTVSPropertyOp27
 70
     1
102
RTVSPropertyOp28
 70
     1
102
RTVSPropertyOp29
 70
     1
102
RTVSPropertyOp30
 70
     1
102
RTVSPropertyOp31
 70
     1
102
RTVSPropertyOp32
 70
     1
102
RTVSPropertyOp33
 70
     1
102
RTVSPropertyOp34
 70
     1
102
RTVSPropertyOp35
 70
     1
102
RTVSPropertyOp36
 70
     1
102
RTVSPropertyOp37
 70
     1
102
RTVSPropertyOp38
 70
     1
102
RTVSPropertyOp39
 70
     1
102
RTVSPropertyOp40
 70
     1
102
RTVSPropertyOp41
 70
     1
102
RTVSPropertyOp42
 70
     1
102
RTVSPropertyOp43
 70
     1
102
RTVSPropertyOp44
 70
     1
102
RTVSPropertyOp45
 70
     1
102
RTVSPropertyOp46
 70
     1
102
RTVSPropertyOp47
 70
     1
102
RTVSPropertyOp48
 70
     1
102
RTVSPropertyOp49
 70
     1
102
RTVSPropertyOp50
 70
     1
102
RTVSPropertyOp51
 70
     0
102
RTVSPropertyOp52
 70
     0
102
RTVSPropertyOp53
 70
     1
102
RTVSPropertyOp54
 70
     1
102
RTVSPropertyOp55
 70
     1
102
RTVSPropertyOp56
 70
     1
102
RTVSPropertyOp57
 70
     1
102
RTVSPropertyOp58
 70
     1
102
RTVSPropertyOp59
 70
     1
102
RTVSPropertyOp60
 70
     1
102
RTVSPropertyOp61
 70
     1
102
RTVSPropertyOp62
 70
     1
  0
XRECORD
  5
5A3
102
{ACAD_REACTORS
330
5A2
102
}
330
5A2
100
AcDbXrecord
280
     1
102
RTVSPost2010Prop28
280
     0
102
RTVSPost2010PropOp28
 70
     1
102
RTVSPost2010Prop29
280
     1
102
RTVSPost2010PropOp29
 70
     1
102
RTVSPost2010Prop30
280
     1
102
RTVSPost2010PropOp30
 70
     1
102
RTVSPost2010Prop31
280
     0
102
RTVSPost2010PropOp31
 70
     1
102
RTVSPost2010Prop32
280
     0
102
RTVSPost2010PropOp32
 70
     1
102
RTVSPost2010Prop33
280
     0
102
RTVSPost2010PropOp33
 70
     1
102
RTVSPost2010Prop34
280
     0
102
RTVSPost2010PropOp34
 70
     1
102
RTVSPost2010Prop35
280
     0
102
RTVSPost2010PropOp35
 70
     1
102
RTVSPost2010Prop36
280
     0
102
RTVSPost2010PropOp36
 70
     1
102
RTVSPost2010Prop37
 90
       50
102
RTVSPost2010PropOp37
 70
     0
102
RTVSPost2010Prop38
140
0.0
102
RTVSPost2010PropOp38
 70
     0
102
RTVSPost2010Prop39
140
1.0
102
RTVSPost2010PropOp39
 70
     0
102
RTVSPost2010Prop40
 90
        0
102
RTVSPost2010PropOp40
 70
     0
102
RTVSPost2010Prop41ColorIndex
 90
       18
102
RTVSPost2010Prop41ColorRGB
 90
        0
102
RTVSPost2010PropOp41
 70
     0
102
RTVSPost2010Prop42
 90
       50
102
RTVSPost2010PropOp42
 70
     0
102
RTVSPost2010Prop43
 90
        3
102
RTVSPost2010PropOp43
 70
     0
102
RTVSPost2010Prop44ColorIndex
 90
        5
102
RTVSPost2010Prop44ColorRGB
 90
      255
102
RTVSPost2010PropOp44
 70
     0
102
RTVSPost2010Prop45
280
     0
102
RTVSPost2010PropOp45
 70
     1
102
RTVSPost2010Prop46
 90
       50
102
RTVSPost2010PropOp46
 70
     0
102
RTVSPost2010Prop47
 90
       50
102
RTVSPost2010PropOp47
 70
     0
102
RTVSPost2010Prop48
 90
       50
102
RTVSPost2010PropOp48
 70
     0
102
RTVSPost2010Prop49
280
     0
102
RTVSPost2010PropOp49
 70
     1
102
RTVSPost2010Prop50
 90
       50
102
RTVSPost2010PropOp50
 70
     0
102
RTVSPost2010Prop51ColorIndex
 90
      256
102
RTVSPost2010Prop51ColorRGB
 90
-16777216
102
RTVSPost2010PropOp51
 70
     0
102
RTVSPost2010Prop52
140
1.0
102
RTVSPost2010PropOp52
 70
     0
102
RTVSPost2010Prop53
 90
        2
102
RTVSPost2010PropOp53
 70
     0
102
RTVSPost2010Prop54
  1
strokes_ogs.tif
102
RTVSPost2010PropOp54
 70
     0
102
RTVSPost2010Prop55
280
     0
102
RTVSPost2010PropOp55
 70
     1
102
RTVSPost2010Prop56
140
1.0
102
RTVSPost2010PropOp56
 70
     0
102
RTVSPost2010Prop57
140
1.0
102
RTVSPost2010PropOp57
 70
     0
102
RTVSPropertyOp0
 70
     0
102
RTVSPropertyOp1
 70
     0
102
RTVSPropertyOp2
 70
     0
102
RTVSPropertyOp3
 70
     0
102
RTVSPropertyOp4
 70
     0
102
RTVSPropertyOp5
 70
     0
102
RTVSPropertyOp6
 70
     0
102
RTVSPropertyOp7
 70
     0
102
RTVSPropertyOp8
 70
     0
102
RTVSPropertyOp9
 70
     0
102
RTVSPropertyOp10
 70
     0
102
RTVSPropertyOp11
 70
     0
102
RTVSPropertyOp12
 70
     0
102
RTVSPropertyOp13
 70
     0
102
RTVSPropertyOp14
 70
     2
102
RTVSPropertyOp15
 70
     0
102
RTVSPropertyOp16
 70
     0
102
RTVSPropertyOp17
 70
     0
102
RTVSPropertyOp18
 70
     0
102
RTVSPropertyOp19
 70
     0
102
RTVSPropertyOp20
 70
     0
102
RTVSPropertyOp21
 70
     0
102
RTVSPropertyOp22
 70
     0
102
RTVSPropertyOp23
 70
     0
102
RTVSPropertyOp24
 70
     0
102
RTVSPropertyOp25
 70
     0
102
RTVSPropertyOp26
 70
     0
102
RTVSPropertyOp27
 70
     0
102
RTVSPropertyOp28
 70
     1
102
RTVSPropertyOp29
 70
     1
102
RTVSPropertyOp30
 70
     1
102
RTVSPropertyOp31
 70
     1
102
RTVSPropertyOp32
 70
     1
102
RTVSPropertyOp33
 70
     1
102
RTVSPropertyOp34
 70
     1
102
RTVSPropertyOp35
 70
     1
102
RTVSPropertyOp36
 70
     1
102
RTVSPropertyOp37
 70
     0
102
RTVSPropertyOp38
 70
     0
102
RTVSPropertyOp39
 70
     0
102
RTVSPropertyOp40
 70
     0
102
RTVSPropertyOp41
 70
     0
102
RTVSPropertyOp42
 70
     0
102
RTVSPropertyOp43
 70
     0
102
RTVSPropertyOp44
 70
     0
102
RTVSPropertyOp45
 70
     1
102
RTVSPropertyOp46
 70
     0
102
RTVSPropertyOp47
 70
     0
102
RTVSPropertyOp48
 70
     0
102
RTVSPropertyOp49
 70
     1
102
RTVSPropertyOp50
 70
     0
102
RTVSPropertyOp51
 70
     0
102
RTVSPropertyOp52
 70
     0
102
RTVSPropertyOp53
 70
     0
102
RTVSPropertyOp54
 70
     0
102
RTVSPropertyOp55
 70
     1
102
RTVSPropertyOp56
 70
     0
102
RTVSPropertyOp57
 70
     0
102
RTVSPropertyOp58
 70
     0
102
RTVSPropertyOp59
 70
     0
102
RTVSPropertyOp60
 70
     0
102
RTVSPropertyOp61
 70
     0
102
RTVSPropertyOp62
 70
     0
  0
XRECORD
  5
593
102
{ACAD_REACTORS
330
592
102
}
330
592
100
AcDbXrecord
280
     1
102
RTVSPost2010Prop28
280
     0
102
RTVSPost2010PropOp28
 70
     1
102
RTVSPost2010Prop29
280
     1
102
RTVSPost2010PropOp29
 70
     1
102
RTVSPost2010Prop30
280
     1
102
RTVSPost2010PropOp30
 70
     1
102
RTVSPost2010Prop31
280
     0
102
RTVSPost2010PropOp31
 70
     1
102
RTVSPost2010Prop32
280
     0
102
RTVSPost2010PropOp32
 70
     1
102
RTVSPost2010Prop33
280
     0
102
RTVSPost2010PropOp33
 70
     1
102
RTVSPost2010Prop34
280
     0
102
RTVSPost2010PropOp34
 70
     1
102
RTVSPost2010Prop35
280
     0
102
RTVSPost2010PropOp35
 70
     1
102
RTVSPost2010Prop36
280
     0
102
RTVSPost2010PropOp36
 70
     1
102
RTVSPost2010Prop37
 90
       50
102
RTVSPost2010PropOp37
 70
     1
102
RTVSPost2010Prop38
140
0.0
102
RTVSPost2010PropOp38
 70
     1
102
RTVSPost2010Prop39
140
1.0
102
RTVSPost2010PropOp39
 70
     1
102
RTVSPost2010Prop40
 90
        0
102
RTVSPost2010PropOp40
 70
     1
102
RTVSPost2010Prop41ColorIndex
 90
       18
102
RTVSPost2010Prop41ColorRGB
 90
        0
102
RTVSPost2010PropOp41
 70
     1
102
RTVSPost2010Prop42
 90
       50
102
RTVSPost2010PropOp42
 70
     1
102
RTVSPost2010Prop43
 90
        3
102
RTVSPost2010PropOp43
 70
     1
102
RTVSPost2010Prop44ColorIndex
 90
        5
102
RTVSPost2010Prop44ColorRGB
 90
      255
102
RTVSPost2010PropOp44
 70
     1
102
RTVSPost2010Prop45
280
     0
102
RTVSPost2010PropOp45
 70
     1
102
RTVSPost2010Prop46
 90
       50
102
RTVSPost2010PropOp46
 70
     1
102
RTVSPost2010Prop47
 90
       50
102
RTVSPost2010PropOp47
 70
     1
102
RTVSPost2010Prop48
 90
       50
102
RTVSPost2010PropOp48
 70
     1
102
RTVSPost2010Prop49
280
     0
102
RTVSPost2010PropOp49
 70
     1
102
RTVSPost2010Prop50
 90
       50
102
RTVSPost2010PropOp50
 70
     1
102
RTVSPost2010Prop51ColorIndex
 90
      256
102
RTVSPost2010Prop51ColorRGB
 90
-16777216
102
RTVSPost2010PropOp51
 70
     0
102
RTVSPost2010Prop52
140
1.0
102
RTVSPost2010PropOp52
 70
     0
102
RTVSPost2010Prop53
 90
        2
102
RTVSPost2010PropOp53
 70
     1
102
RTVSPost2010Prop54
  1
strokes_ogs.tif
102
RTVSPost2010PropOp54
 70
     1
102
RTVSPost2010Prop55
280
     0
102
RTVSPost2010PropOp55
 70
     1
102
RTVSPost2010Prop56
140
1.0
102
RTVSPost2010PropOp56
 70
     1
102
RTVSPost2010Prop57
140
1.0
102
RTVSPost2010PropOp57
 70
     1
102
RTVSPropertyOp0
 70
     1
102
RTVSPropertyOp1
 70
     1
102
RTVSPropertyOp2
 70
     1
102
RTVSPropertyOp3
 70
     1
102
RTVSPropertyOp4
 70
     1
102
RTVSPropertyOp5
 70
     1
102
RTVSPropertyOp6
 70
     1
102
RTVSPropertyOp7
 70
     1
102
RTVSPropertyOp8
 70
     1
102
RTVSPropertyOp9
 70
     1
102
RTVSPropertyOp10
 70
     1
102
RTVSPropertyOp11
 70
     1
102
RTVSPropertyOp12
 70
     1
102
RTVSPropertyOp13
 70
     1
102
RTVSPropertyOp14
 70
     1
102
RTVSPropertyOp15
 70
     1
102
RTVSPropertyOp16
 70
     1
102
RTVSPropertyOp17
 70
     1
102
RTVSPropertyOp18
 70
     1
102
RTVSPropertyOp19
 70
     1
102
RTVSPropertyOp20
 70
     1
102
RTVSPropertyOp21
 70
     1
102
RTVSPropertyOp22
 70
     1
102
RTVSPropertyOp23
 70
     1
102
RTVSPropertyOp24
 70
     1
102
RTVSPropertyOp25
 70
     1
102
RTVSPropertyOp26
 70
     1
102
RTVSPropertyOp27
 70
     1
102
RTVSPropertyOp28
 70
     1
102
RTVSPropertyOp29
 70
     1
102
RTVSPropertyOp30
 70
     1
102
RTVSPropertyOp31
 70
     1
102
RTVSPropertyOp32
 70
     1
102
RTVSPropertyOp33
 70
     1
102
RTVSPropertyOp34
 70
     1
102
RTVSPropertyOp35
 70
     1
102
RTVSPropertyOp36
 70
     1
102
RTVSPropertyOp37
 70
     1
102
RTVSPropertyOp38
 70
     1
102
RTVSPropertyOp39
 70
     1
102
RTVSPropertyOp40
 70
     1
102
RTVSPropertyOp41
 70
     1
102
RTVSPropertyOp42
 70
     1
102
RTVSPropertyOp43
 70
     1
102
RTVSPropertyOp44
 70
     1
102
RTVSPropertyOp45
 70
     1
102
RTVSPropertyOp46
 70
     1
102
RTVSPropertyOp47
 70
     1
102
RTVSPropertyOp48
 70
     1
102
RTVSPropertyOp49
 70
     1
102
RTVSPropertyOp50
 70
     1
102
RTVSPropertyOp51
 70
     0
102
RTVSPropertyOp52
 70
     0
102
RTVSPropertyOp53
 70
     1
102
RTVSPropertyOp54
 70
     1
102
RTVSPropertyOp55
 70
     1
102
RTVSPropertyOp56
 70
     1
102
RTVSPropertyOp57
 70
     1
102
RTVSPropertyOp58
 70
     1
102
RTVSPropertyOp59
 70
     1
102
RTVSPropertyOp60
 70
     1
102
RTVSPropertyOp61
 70
     1
102
RTVSPropertyOp62
 70
     1
  0
XRECORD
  5
5A5
102
{ACAD_REACTORS
330
5A4
102
}
330
5A4
100
AcDbXrecord
280
     1
102
RTVSPost2010Prop28
280
     0
102
RTVSPost2010PropOp28
 70
     1
102
RTVSPost2010Prop29
280
     1
102
RTVSPost2010PropOp29
 70
     1
102
RTVSPost2010Prop30
280
     1
102
RTVSPost2010PropOp30
 70
     1
102
RTVSPost2010Prop31
280
     0
102
RTVSPost2010PropOp31
 70
     1
102
RTVSPost2010Prop32
280
     0
102
RTVSPost2010PropOp32
 70
     1
102
RTVSPost2010Prop33
280
     0
102
RTVSPost2010PropOp33
 70
     1
102
RTVSPost2010Prop34
280
     0
102
RTVSPost2010PropOp34
 70
     1
102
RTVSPost2010Prop35
280
     0
102
RTVSPost2010PropOp35
 70
     1
102
RTVSPost2010Prop36
280
     0
102
RTVSPost2010PropOp36
 70
     1
102
RTVSPost2010Prop37
 90
       50
102
RTVSPost2010PropOp37
 70
     0
102
RTVSPost2010Prop38
140
0.0
102
RTVSPost2010PropOp38
 70
     0
102
RTVSPost2010Prop39
140
1.0
102
RTVSPost2010PropOp39
 70
     0
102
RTVSPost2010Prop40
 90
        0
102
RTVSPost2010PropOp40
 70
     0
102
RTVSPost2010Prop41ColorIndex
 90
       18
102
RTVSPost2010Prop41ColorRGB
 90
        0
102
RTVSPost2010PropOp41
 70
     0
102
RTVSPost2010Prop42
 90
       50
102
RTVSPost2010PropOp42
 70
     0
102
RTVSPost2010Prop43
 90
        3
102
RTVSPost2010PropOp43
 70
     0
102
RTVSPost2010Prop44ColorIndex
 90
        5
102
RTVSPost2010Prop44ColorRGB
 90
      255
102
RTVSPost2010PropOp44
 70
     0
102
RTVSPost2010Prop45
280
     0
102
RTVSPost2010PropOp45
 70
     1
102
RTVSPost2010Prop46
 90
       50
102
RTVSPost2010PropOp46
 70
     0
102
RTVSPost2010Prop47
 90
       50
102
RTVSPost2010PropOp47
 70
     0
102
RTVSPost2010Prop48
 90
       50
102
RTVSPost2010PropOp48
 70
     0
102
RTVSPost2010Prop49
280
     0
102
RTVSPost2010PropOp49
 70
     1
102
RTVSPost2010Prop50
 90
       50
102
RTVSPost2010PropOp50
 70
     0
102
RTVSPost2010Prop51ColorIndex
 90
      256
102
RTVSPost2010Prop51ColorRGB
 90
-16777216
102
RTVSPost2010PropOp51
 70
     0
102
RTVSPost2010Prop52
140
1.0
102
RTVSPost2010PropOp52
 70
     0
102
RTVSPost2010Prop53
 90
        2
102
RTVSPost2010PropOp53
 70
     0
102
RTVSPost2010Prop54
  1
strokes_ogs.tif
102
RTVSPost2010PropOp54
 70
     0
102
RTVSPost2010Prop55
280
     0
102
RTVSPost2010PropOp55
 70
     1
102
RTVSPost2010Prop56
140
1.0
102
RTVSPost2010PropOp56
 70
     0
102
RTVSPost2010Prop57
140
1.0
102
RTVSPost2010PropOp57
 70
     0
102
RTVSPropertyOp0
 70
     0
102
RTVSPropertyOp1
 70
     0
102
RTVSPropertyOp2
 70
     0
102
RTVSPropertyOp3
 70
     0
102
RTVSPropertyOp4
 70
     0
102
RTVSPropertyOp5
 70
     0
102
RTVSPropertyOp6
 70
     0
102
RTVSPropertyOp7
 70
     0
102
RTVSPropertyOp8
 70
     0
102
RTVSPropertyOp9
 70
     0
102
RTVSPropertyOp10
 70
     0
102
RTVSPropertyOp11
 70
     0
102
RTVSPropertyOp12
 70
     0
102
RTVSPropertyOp13
 70
     0
102
RTVSPropertyOp14
 70
     2
102
RTVSPropertyOp15
 70
     0
102
RTVSPropertyOp16
 70
     0
102
RTVSPropertyOp17
 70
     0
102
RTVSPropertyOp18
 70
     0
102
RTVSPropertyOp19
 70
     0
102
RTVSPropertyOp20
 70
     0
102
RTVSPropertyOp21
 70
     0
102
RTVSPropertyOp22
 70
     0
102
RTVSPropertyOp23
 70
     0
102
RTVSPropertyOp24
 70
     0
102
RTVSPropertyOp25
 70
     0
102
RTVSPropertyOp26
 70
     0
102
RTVSPropertyOp27
 70
     0
102
RTVSPropertyOp28
 70
     1
102
RTVSPropertyOp29
 70
     1
102
RTVSPropertyOp30
 70
     1
102
RTVSPropertyOp31
 70
     1
102
RTVSPropertyOp32
 70
     1
102
RTVSPropertyOp33
 70
     1
102
RTVSPropertyOp34
 70
     1
102
RTVSPropertyOp35
 70
     1
102
RTVSPropertyOp36
 70
     1
102
RTVSPropertyOp37
 70
     0
102
RTVSPropertyOp38
 70
     0
102
RTVSPropertyOp39
 70
     0
102
RTVSPropertyOp40
 70
     0
102
RTVSPropertyOp41
 70
     0
102
RTVSPropertyOp42
 70
     0
102
RTVSPropertyOp43
 70
     0
102
RTVSPropertyOp44
 70
     0
102
RTVSPropertyOp45
 70
     1
102
RTVSPropertyOp46
 70
     0
102
RTVSPropertyOp47
 70
     0
102
RTVSPropertyOp48
 70
     0
102
RTVSPropertyOp49
 70
     1
102
RTVSPropertyOp50
 70
     0
102
RTVSPropertyOp51
 70
     0
102
RTVSPropertyOp52
 70
     0
102
RTVSPropertyOp53
 70
     0
102
RTVSPropertyOp54
 70
     0
102
RTVSPropertyOp55
 70
     1
102
RTVSPropertyOp56
 70
     0
102
RTVSPropertyOp57
 70
     0
102
RTVSPropertyOp58
 70
     0
102
RTVSPropertyOp59
 70
     0
102
RTVSPropertyOp60
 70
     0
102
RTVSPropertyOp61
 70
     0
102
RTVSPropertyOp62
 70
     0
  0
XRECORD
  5
58B
102
{ACAD_REACTORS
330
58A
102
}
330
58A
100
AcDbXrecord
280
     1
102
RTVSPost2010Prop28
280
     0
102
RTVSPost2010PropOp28
 70
     1
102
RTVSPost2010Prop29
280
     1
102
RTVSPost2010PropOp29
 70
     1
102
RTVSPost2010Prop30
280
     1
102
RTVSPost2010PropOp30
 70
     1
102
RTVSPost2010Prop31
280
     0
102
RTVSPost2010PropOp31
 70
     1
102
RTVSPost2010Prop32
280
     0
102
RTVSPost2010PropOp32
 70
     1
102
RTVSPost2010Prop33
280
     0
102
RTVSPost2010PropOp33
 70
     1
102
RTVSPost2010Prop34
280
     0
102
RTVSPost2010PropOp34
 70
     1
102
RTVSPost2010Prop35
280
     0
102
RTVSPost2010PropOp35
 70
     1
102
RTVSPost2010Prop36
280
     0
102
RTVSPost2010PropOp36
 70
     1
102
RTVSPost2010Prop37
 90
       50
102
RTVSPost2010PropOp37
 70
     1
102
RTVSPost2010Prop38
140
0.0
102
RTVSPost2010PropOp38
 70
     1
102
RTVSPost2010Prop39
140
1.0
102
RTVSPost2010PropOp39
 70
     1
102
RTVSPost2010Prop40
 90
        0
102
RTVSPost2010PropOp40
 70
     1
102
RTVSPost2010Prop41ColorIndex
 90
       18
102
RTVSPost2010Prop41ColorRGB
 90
        0
102
RTVSPost2010PropOp41
 70
     1
102
RTVSPost2010Prop42
 90
       50
102
RTVSPost2010PropOp42
 70
     1
102
RTVSPost2010Prop43
 90
        3
102
RTVSPost2010PropOp43
 70
     1
102
RTVSPost2010Prop44ColorIndex
 90
        5
102
RTVSPost2010Prop44ColorRGB
 90
      255
102
RTVSPost2010PropOp44
 70
     1
102
RTVSPost2010Prop45
280
     0
102
RTVSPost2010PropOp45
 70
     1
102
RTVSPost2010Prop46
 90
       50
102
RTVSPost2010PropOp46
 70
     1
102
RTVSPost2010Prop47
 90
       50
102
RTVSPost2010PropOp47
 70
     1
102
RTVSPost2010Prop48
 90
       50
102
RTVSPost2010PropOp48
 70
     1
102
RTVSPost2010Prop49
280
     0
102
RTVSPost2010PropOp49
 70
     1
102
RTVSPost2010Prop50
 90
       50
102
RTVSPost2010PropOp50
 70
     1
102
RTVSPost2010Prop51ColorIndex
 90
      256
102
RTVSPost2010Prop51ColorRGB
 90
-16777216
102
RTVSPost2010PropOp51
 70
     0
102
RTVSPost2010Prop52
140
1.0
102
RTVSPost2010PropOp52
 70
     0
102
RTVSPost2010Prop53
 90
        2
102
RTVSPost2010PropOp53
 70
     1
102
RTVSPost2010Prop54
  1
strokes_ogs.tif
102
RTVSPost2010PropOp54
 70
     1
102
RTVSPost2010Prop55
280
     0
102
RTVSPost2010PropOp55
 70
     1
102
RTVSPost2010Prop56
140
1.0
102
RTVSPost2010PropOp56
 70
     1
102
RTVSPost2010Prop57
140
1.0
102
RTVSPost2010PropOp57
 70
     1
102
RTVSPropertyOp0
 70
     1
102
RTVSPropertyOp1
 70
     1
102
RTVSPropertyOp2
 70
     1
102
RTVSPropertyOp3
 70
     1
102
RTVSPropertyOp4
 70
     1
102
RTVSPropertyOp5
 70
     1
102
RTVSPropertyOp6
 70
     1
102
RTVSPropertyOp7
 70
     1
102
RTVSPropertyOp8
 70
     1
102
RTVSPropertyOp9
 70
     1
102
RTVSPropertyOp10
 70
     1
102
RTVSPropertyOp11
 70
     1
102
RTVSPropertyOp12
 70
     1
102
RTVSPropertyOp13
 70
     1
102
RTVSPropertyOp14
 70
     1
102
RTVSPropertyOp15
 70
     1
102
RTVSPropertyOp16
 70
     1
102
RTVSPropertyOp17
 70
     1
102
RTVSPropertyOp18
 70
     1
102
RTVSPropertyOp19
 70
     1
102
RTVSPropertyOp20
 70
     1
102
RTVSPropertyOp21
 70
     1
102
RTVSPropertyOp22
 70
     1
102
RTVSPropertyOp23
 70
     1
102
RTVSPropertyOp24
 70
     1
102
RTVSPropertyOp25
 70
     1
102
RTVSPropertyOp26
 70
     1
102
RTVSPropertyOp27
 70
     1
102
RTVSPropertyOp28
 70
     1
102
RTVSPropertyOp29
 70
     1
102
RTVSPropertyOp30
 70
     1
102
RTVSPropertyOp31
 70
     1
102
RTVSPropertyOp32
 70
     1
102
RTVSPropertyOp33
 70
     1
102
RTVSPropertyOp34
 70
     1
102
RTVSPropertyOp35
 70
     1
102
RTVSPropertyOp36
 70
     1
102
RTVSPropertyOp37
 70
     1
102
RTVSPropertyOp38
 70
     1
102
RTVSPropertyOp39
 70
     1
102
RTVSPropertyOp40
 70
     1
102
RTVSPropertyOp41
 70
     1
102
RTVSPropertyOp42
 70
     1
102
RTVSPropertyOp43
 70
     1
102
RTVSPropertyOp44
 70
     1
102
RTVSPropertyOp45
 70
     1
102
RTVSPropertyOp46
 70
     1
102
RTVSPropertyOp47
 70
     1
102
RTVSPropertyOp48
 70
     1
102
RTVSPropertyOp49
 70
     1
102
RTVSPropertyOp50
 70
     1
102
RTVSPropertyOp51
 70
     0
102
RTVSPropertyOp52
 70
     0
102
RTVSPropertyOp53
 70
     1
102
RTVSPropertyOp54
 70
     1
102
RTVSPropertyOp55
 70
     1
102
RTVSPropertyOp56
 70
     1
102
RTVSPropertyOp57
 70
     1
102
RTVSPropertyOp58
 70
     1
102
RTVSPropertyOp59
 70
     1
102
RTVSPropertyOp60
 70
     1
102
RTVSPropertyOp61
 70
     1
102
RTVSPropertyOp62
 70
     1
  0
XRECORD
  5
5A1
102
{ACAD_REACTORS
330
5A0
102
}
330
5A0
100
AcDbXrecord
280
     1
102
RTVSPost2010Prop28
280
     0
102
RTVSPost2010PropOp28
 70
     1
102
RTVSPost2010Prop29
280
     1
102
RTVSPost2010PropOp29
 70
     1
102
RTVSPost2010Prop30
280
     1
102
RTVSPost2010PropOp30
 70
     1
102
RTVSPost2010Prop31
280
     0
102
RTVSPost2010PropOp31
 70
     1
102
RTVSPost2010Prop32
280
     0
102
RTVSPost2010PropOp32
 70
     1
102
RTVSPost2010Prop33
280
     0
102
RTVSPost2010PropOp33
 70
     1
102
RTVSPost2010Prop34
280
     0
102
RTVSPost2010PropOp34
 70
     1
102
RTVSPost2010Prop35
280
     0
102
RTVSPost2010PropOp35
 70
     1
102
RTVSPost2010Prop36
280
     0
102
RTVSPost2010PropOp36
 70
     1
102
RTVSPost2010Prop37
 90
       50
102
RTVSPost2010PropOp37
 70
     1
102
RTVSPost2010Prop38
140
0.0
102
RTVSPost2010PropOp38
 70
     1
102
RTVSPost2010Prop39
140
1.0
102
RTVSPost2010PropOp39
 70
     1
102
RTVSPost2010Prop40
 90
        0
102
RTVSPost2010PropOp40
 70
     1
102
RTVSPost2010Prop41ColorIndex
 90
       18
102
RTVSPost2010Prop41ColorRGB
 90
        0
102
RTVSPost2010PropOp41
 70
     1
102
RTVSPost2010Prop42
 90
       50
102
RTVSPost2010PropOp42
 70
     1
102
RTVSPost2010Prop43
 90
        3
102
RTVSPost2010PropOp43
 70
     1
102
RTVSPost2010Prop44ColorIndex
 90
        5
102
RTVSPost2010Prop44ColorRGB
 90
      255
102
RTVSPost2010PropOp44
 70
     1
102
RTVSPost2010Prop45
280
     0
102
RTVSPost2010PropOp45
 70
     1
102
RTVSPost2010Prop46
 90
       50
102
RTVSPost2010PropOp46
 70
     1
102
RTVSPost2010Prop47
 90
       50
102
RTVSPost2010PropOp47
 70
     1
102
RTVSPost2010Prop48
 90
       50
102
RTVSPost2010PropOp48
 70
     1
102
RTVSPost2010Prop49
280
     0
102
RTVSPost2010PropOp49
 70
     1
102
RTVSPost2010Prop50
 90
       50
102
RTVSPost2010PropOp50
 70
     1
102
RTVSPost2010Prop51ColorIndex
 90
      256
102
RTVSPost2010Prop51ColorRGB
 90
-16777216
102
RTVSPost2010PropOp51
 70
     0
102
RTVSPost2010Prop52
140
1.0
102
RTVSPost2010PropOp52
 70
     0
102
RTVSPost2010Prop53
 90
        2
102
RTVSPost2010PropOp53
 70
     1
102
RTVSPost2010Prop54
  1
strokes_ogs.tif
102
RTVSPost2010PropOp54
 70
     1
102
RTVSPost2010Prop55
280
     0
102
RTVSPost2010PropOp55
 70
     1
102
RTVSPost2010Prop56
140
1.0
102
RTVSPost2010PropOp56
 70
     1
102
RTVSPost2010Prop57
140
1.0
102
RTVSPost2010PropOp57
 70
     1
102
RTVSPropertyOp0
 70
     1
102
RTVSPropertyOp1
 70
     1
102
RTVSPropertyOp2
 70
     1
102
RTVSPropertyOp3
 70
     1
102
RTVSPropertyOp4
 70
     1
102
RTVSPropertyOp5
 70
     1
102
RTVSPropertyOp6
 70
     1
102
RTVSPropertyOp7
 70
     1
102
RTVSPropertyOp8
 70
     1
102
RTVSPropertyOp9
 70
     1
102
RTVSPropertyOp10
 70
     1
102
RTVSPropertyOp11
 70
     1
102
RTVSPropertyOp12
 70
     1
102
RTVSPropertyOp13
 70
     1
102
RTVSPropertyOp14
 70
     1
102
RTVSPropertyOp15
 70
     1
102
RTVSPropertyOp16
 70
     1
102
RTVSPropertyOp17
 70
     1
102
RTVSPropertyOp18
 70
     1
102
RTVSPropertyOp19
 70
     1
102
RTVSPropertyOp20
 70
     1
102
RTVSPropertyOp21
 70
     1
102
RTVSPropertyOp22
 70
     1
102
RTVSPropertyOp23
 70
     1
102
RTVSPropertyOp24
 70
     1
102
RTVSPropertyOp25
 70
     1
102
RTVSPropertyOp26
 70
     1
102
RTVSPropertyOp27
 70
     1
102
RTVSPropertyOp28
 70
     1
102
RTVSPropertyOp29
 70
     1
102
RTVSPropertyOp30
 70
     1
102
RTVSPropertyOp31
 70
     1
102
RTVSPropertyOp32
 70
     1
102
RTVSPropertyOp33
 70
     1
102
RTVSPropertyOp34
 70
     1
102
RTVSPropertyOp35
 70
     1
102
RTVSPropertyOp36
 70
     1
102
RTVSPropertyOp37
 70
     1
102
RTVSPropertyOp38
 70
     1
102
RTVSPropertyOp39
 70
     1
102
RTVSPropertyOp40
 70
     1
102
RTVSPropertyOp41
 70
     1
102
RTVSPropertyOp42
 70
     1
102
RTVSPropertyOp43
 70
     1
102
RTVSPropertyOp44
 70
     1
102
RTVSPropertyOp45
 70
     1
102
RTVSPropertyOp46
 70
     1
102
RTVSPropertyOp47
 70
     1
102
RTVSPropertyOp48
 70
     1
102
RTVSPropertyOp49
 70
     1
102
RTVSPropertyOp50
 70
     1
102
RTVSPropertyOp51
 70
     0
102
RTVSPropertyOp52
 70
     0
102
RTVSPropertyOp53
 70
     1
102
RTVSPropertyOp54
 70
     1
102
RTVSPropertyOp55
 70
     1
102
RTVSPropertyOp56
 70
     1
102
RTVSPropertyOp57
 70
     1
102
RTVSPropertyOp58
 70
     1
102
RTVSPropertyOp59
 70
     1
102
RTVSPropertyOp60
 70
     1
102
RTVSPropertyOp61
 70
     1
102
RTVSPropertyOp62
 70
     1
  0
XRECORD
  5
59F
102
{ACAD_REACTORS
330
59E
102
}
330
59E
100
AcDbXrecord
280
     1
102
RTVSPost2010Prop28
280
     0
102
RTVSPost2010PropOp28
 70
     1
102
RTVSPost2010Prop29
280
     1
102
RTVSPost2010PropOp29
 70
     1
102
RTVSPost2010Prop30
280
     1
102
RTVSPost2010PropOp30
 70
     1
102
RTVSPost2010Prop31
280
     0
102
RTVSPost2010PropOp31
 70
     1
102
RTVSPost2010Prop32
280
     0
102
RTVSPost2010PropOp32
 70
     1
102
RTVSPost2010Prop33
280
     0
102
RTVSPost2010PropOp33
 70
     1
102
RTVSPost2010Prop34
280
     0
102
RTVSPost2010PropOp34
 70
     1
102
RTVSPost2010Prop35
280
     0
102
RTVSPost2010PropOp35
 70
     1
102
RTVSPost2010Prop36
280
     0
102
RTVSPost2010PropOp36
 70
     1
102
RTVSPost2010Prop37
 90
       50
102
RTVSPost2010PropOp37
 70
     1
102
RTVSPost2010Prop38
140
0.0
102
RTVSPost2010PropOp38
 70
     1
102
RTVSPost2010Prop39
140
1.0
102
RTVSPost2010PropOp39
 70
     1
102
RTVSPost2010Prop40
 90
        0
102
RTVSPost2010PropOp40
 70
     1
102
RTVSPost2010Prop41ColorIndex
 90
       18
102
RTVSPost2010Prop41ColorRGB
 90
        0
102
RTVSPost2010PropOp41
 70
     1
102
RTVSPost2010Prop42
 90
       50
102
RTVSPost2010PropOp42
 70
     1
102
RTVSPost2010Prop43
 90
        3
102
RTVSPost2010PropOp43
 70
     1
102
RTVSPost2010Prop44ColorIndex
 90
        5
102
RTVSPost2010Prop44ColorRGB
 90
      255
102
RTVSPost2010PropOp44
 70
     1
102
RTVSPost2010Prop45
280
     0
102
RTVSPost2010PropOp45
 70
     1
102
RTVSPost2010Prop46
 90
       50
102
RTVSPost2010PropOp46
 70
     1
102
RTVSPost2010Prop47
 90
       50
102
RTVSPost2010PropOp47
 70
     1
102
RTVSPost2010Prop48
 90
       50
102
RTVSPost2010PropOp48
 70
     1
102
RTVSPost2010Prop49
280
     0
102
RTVSPost2010PropOp49
 70
     1
102
RTVSPost2010Prop50
 90
       50
102
RTVSPost2010PropOp50
 70
     1
102
RTVSPost2010Prop51ColorIndex
 90
      256
102
RTVSPost2010Prop51ColorRGB
 90
-16777216
102
RTVSPost2010PropOp51
 70
     0
102
RTVSPost2010Prop52
140
1.0
102
RTVSPost2010PropOp52
 70
     0
102
RTVSPost2010Prop53
 90
        2
102
RTVSPost2010PropOp53
 70
     1
102
RTVSPost2010Prop54
  1
strokes_ogs.tif
102
RTVSPost2010PropOp54
 70
     1
102
RTVSPost2010Prop55
280
     0
102
RTVSPost2010PropOp55
 70
     1
102
RTVSPost2010Prop56
140
1.0
102
RTVSPost2010PropOp56
 70
     1
102
RTVSPost2010Prop57
140
1.0
102
RTVSPost2010PropOp57
 70
     1
102
RTVSPropertyOp0
 70
     1
102
RTVSPropertyOp1
 70
     1
102
RTVSPropertyOp2
 70
     1
102
RTVSPropertyOp3
 70
     1
102
RTVSPropertyOp4
 70
     1
102
RTVSPropertyOp5
 70
     1
102
RTVSPropertyOp6
 70
     1
102
RTVSPropertyOp7
 70
     1
102
RTVSPropertyOp8
 70
     1
102
RTVSPropertyOp9
 70
     1
102
RTVSPropertyOp10
 70
     1
102
RTVSPropertyOp11
 70
     1
102
RTVSPropertyOp12
 70
     1
102
RTVSPropertyOp13
 70
     1
102
RTVSPropertyOp14
 70
     1
102
RTVSPropertyOp15
 70
     1
102
RTVSPropertyOp16
 70
     1
102
RTVSPropertyOp17
 70
     1
102
RTVSPropertyOp18
 70
     1
102
RTVSPropertyOp19
 70
     1
102
RTVSPropertyOp20
 70
     1
102
RTVSPropertyOp21
 70
     1
102
RTVSPropertyOp22
 70
     1
102
RTVSPropertyOp23
 70
     1
102
RTVSPropertyOp24
 70
     1
102
RTVSPropertyOp25
 70
     1
102
RTVSPropertyOp26
 70
     1
102
RTVSPropertyOp27
 70
     1
102
RTVSPropertyOp28
 70
     1
102
RTVSPropertyOp29
 70
     1
102
RTVSPropertyOp30
 70
     1
102
RTVSPropertyOp31
 70
     1
102
RTVSPropertyOp32
 70
     1
102
RTVSPropertyOp33
 70
     1
102
RTVSPropertyOp34
 70
     1
102
RTVSPropertyOp35
 70
     1
102
RTVSPropertyOp36
 70
     1
102
RTVSPropertyOp37
 70
     1
102
RTVSPropertyOp38
 70
     1
102
RTVSPropertyOp39
 70
     1
102
RTVSPropertyOp40
 70
     1
102
RTVSPropertyOp41
 70
     1
102
RTVSPropertyOp42
 70
     1
102
RTVSPropertyOp43
 70
     1
102
RTVSPropertyOp44
 70
     1
102
RTVSPropertyOp45
 70
     1
102
RTVSPropertyOp46
 70
     1
102
RTVSPropertyOp47
 70
     1
102
RTVSPropertyOp48
 70
     1
102
RTVSPropertyOp49
 70
     1
102
RTVSPropertyOp50
 70
     1
102
RTVSPropertyOp51
 70
     0
102
RTVSPropertyOp52
 70
     0
102
RTVSPropertyOp53
 70
     1
102
RTVSPropertyOp54
 70
     1
102
RTVSPropertyOp55
 70
     1
102
RTVSPropertyOp56
 70
     1
102
RTVSPropertyOp57
 70
     1
102
RTVSPropertyOp58
 70
     1
102
RTVSPropertyOp59
 70
     1
102
RTVSPropertyOp60
 70
     1
102
RTVSPropertyOp61
 70
     1
102
RTVSPropertyOp62
 70
     1
  0
XRECORD
  5
599
102
{ACAD_REACTORS
330
598
102
}
330
598
100
AcDbXrecord
280
     1
102
RTVSPost2010Prop28
280
     0
102
RTVSPost2010PropOp28
 70
     1
102
RTVSPost2010Prop29
280
     1
102
RTVSPost2010PropOp29
 70
     1
102
RTVSPost2010Prop30
280
     1
102
RTVSPost2010PropOp30
 70
     1
102
RTVSPost2010Prop31
280
     0
102
RTVSPost2010PropOp31
 70
     1
102
RTVSPost2010Prop32
280
     0
102
RTVSPost2010PropOp32
 70
     1
102
RTVSPost2010Prop33
280
     0
102
RTVSPost2010PropOp33
 70
     1
102
RTVSPost2010Prop34
280
     0
102
RTVSPost2010PropOp34
 70
     1
102
RTVSPost2010Prop35
280
     0
102
RTVSPost2010PropOp35
 70
     1
102
RTVSPost2010Prop36
280
     0
102
RTVSPost2010PropOp36
 70
     1
102
RTVSPost2010Prop37
 90
       50
102
RTVSPost2010PropOp37
 70
     1
102
RTVSPost2010Prop38
140
0.0
102
RTVSPost2010PropOp38
 70
     1
102
RTVSPost2010Prop39
140
1.0
102
RTVSPost2010PropOp39
 70
     1
102
RTVSPost2010Prop40
 90
        0
102
RTVSPost2010PropOp40
 70
     1
102
RTVSPost2010Prop41ColorIndex
 90
       18
102
RTVSPost2010Prop41ColorRGB
 90
        0
102
RTVSPost2010PropOp41
 70
     1
102
RTVSPost2010Prop42
 90
       50
102
RTVSPost2010PropOp42
 70
     1
102
RTVSPost2010Prop43
 90
        3
102
RTVSPost2010PropOp43
 70
     1
102
RTVSPost2010Prop44ColorIndex
 90
        5
102
RTVSPost2010Prop44ColorRGB
 90
      255
102
RTVSPost2010PropOp44
 70
     1
102
RTVSPost2010Prop45
280
     0
102
RTVSPost2010PropOp45
 70
     1
102
RTVSPost2010Prop46
 90
       50
102
RTVSPost2010PropOp46
 70
     1
102
RTVSPost2010Prop47
 90
       50
102
RTVSPost2010PropOp47
 70
     1
102
RTVSPost2010Prop48
 90
       50
102
RTVSPost2010PropOp48
 70
     1
102
RTVSPost2010Prop49
280
     0
102
RTVSPost2010PropOp49
 70
     1
102
RTVSPost2010Prop50
 90
       50
102
RTVSPost2010PropOp50
 70
     1
102
RTVSPost2010Prop51ColorIndex
 90
      256
102
RTVSPost2010Prop51ColorRGB
 90
-16777216
102
RTVSPost2010PropOp51
 70
     0
102
RTVSPost2010Prop52
140
1.0
102
RTVSPost2010PropOp52
 70
     0
102
RTVSPost2010Prop53
 90
        2
102
RTVSPost2010PropOp53
 70
     1
102
RTVSPost2010Prop54
  1
strokes_ogs.tif
102
RTVSPost2010PropOp54
 70
     1
102
RTVSPost2010Prop55
280
     0
102
RTVSPost2010PropOp55
 70
     1
102
RTVSPost2010Prop56
140
1.0
102
RTVSPost2010PropOp56
 70
     1
102
RTVSPost2010Prop57
140
1.0
102
RTVSPost2010PropOp57
 70
     1
102
RTVSPropertyOp0
 70
     1
102
RTVSPropertyOp1
 70
     1
102
RTVSPropertyOp2
 70
     1
102
RTVSPropertyOp3
 70
     1
102
RTVSPropertyOp4
 70
     1
102
RTVSPropertyOp5
 70
     1
102
RTVSPropertyOp6
 70
     1
102
RTVSPropertyOp7
 70
     1
102
RTVSPropertyOp8
 70
     1
102
RTVSPropertyOp9
 70
     1
102
RTVSPropertyOp10
 70
     1
102
RTVSPropertyOp11
 70
     1
102
RTVSPropertyOp12
 70
     1
102
RTVSPropertyOp13
 70
     1
102
RTVSPropertyOp14
 70
     1
102
RTVSPropertyOp15
 70
     1
102
RTVSPropertyOp16
 70
     1
102
RTVSPropertyOp17
 70
     1
102
RTVSPropertyOp18
 70
     1
102
RTVSPropertyOp19
 70
     1
102
RTVSPropertyOp20
 70
     1
102
RTVSPropertyOp21
 70
     1
102
RTVSPropertyOp22
 70
     1
102
RTVSPropertyOp23
 70
     1
102
RTVSPropertyOp24
 70
     1
102
RTVSPropertyOp25
 70
     1
102
RTVSPropertyOp26
 70
     1
102
RTVSPropertyOp27
 70
     1
102
RTVSPropertyOp28
 70
     1
102
RTVSPropertyOp29
 70
     1
102
RTVSPropertyOp30
 70
     1
102
RTVSPropertyOp31
 70
     1
102
RTVSPropertyOp32
 70
     1
102
RTVSPropertyOp33
 70
     1
102
RTVSPropertyOp34
 70
     1
102
RTVSPropertyOp35
 70
     1
102
RTVSPropertyOp36
 70
     1
102
RTVSPropertyOp37
 70
     1
102
RTVSPropertyOp38
 70
     1
102
RTVSPropertyOp39
 70
     1
102
RTVSPropertyOp40
 70
     1
102
RTVSPropertyOp41
 70
     1
102
RTVSPropertyOp42
 70
     1
102
RTVSPropertyOp43
 70
     1
102
RTVSPropertyOp44
 70
     1
102
RTVSPropertyOp45
 70
     1
102
RTVSPropertyOp46
 70
     1
102
RTVSPropertyOp47
 70
     1
102
RTVSPropertyOp48
 70
     1
102
RTVSPropertyOp49
 70
     1
102
RTVSPropertyOp50
 70
     1
102
RTVSPropertyOp51
 70
     0
102
RTVSPropertyOp52
 70
     0
102
RTVSPropertyOp53
 70
     1
102
RTVSPropertyOp54
 70
     1
102
RTVSPropertyOp55
 70
     1
102
RTVSPropertyOp56
 70
     1
102
RTVSPropertyOp57
 70
     1
102
RTVSPropertyOp58
 70
     1
102
RTVSPropertyOp59
 70
     1
102
RTVSPropertyOp60
 70
     1
102
RTVSPropertyOp61
 70
     1
102
RTVSPropertyOp62
 70
     1
  0
XRECORD
  5
59B
102
{ACAD_REACTORS
330
59A
102
}
330
59A
100
AcDbXrecord
280
     1
102
RTVSPost2010Prop28
280
     0
102
RTVSPost2010PropOp28
 70
     1
102
RTVSPost2010Prop29
280
     1
102
RTVSPost2010PropOp29
 70
     1
102
RTVSPost2010Prop30
280
     1
102
RTVSPost2010PropOp30
 70
     1
102
RTVSPost2010Prop31
280
     0
102
RTVSPost2010PropOp31
 70
     1
102
RTVSPost2010Prop32
280
     0
102
RTVSPost2010PropOp32
 70
     1
102
RTVSPost2010Prop33
280
     0
102
RTVSPost2010PropOp33
 70
     1
102
RTVSPost2010Prop34
280
     0
102
RTVSPost2010PropOp34
 70
     1
102
RTVSPost2010Prop35
280
     0
102
RTVSPost2010PropOp35
 70
     1
102
RTVSPost2010Prop36
280
     0
102
RTVSPost2010PropOp36
 70
     1
102
RTVSPost2010Prop37
 90
       50
102
RTVSPost2010PropOp37
 70
     1
102
RTVSPost2010Prop38
140
0.0
102
RTVSPost2010PropOp38
 70
     1
102
RTVSPost2010Prop39
140
1.0
102
RTVSPost2010PropOp39
 70
     1
102
RTVSPost2010Prop40
 90
        0
102
RTVSPost2010PropOp40
 70
     1
102
RTVSPost2010Prop41ColorIndex
 90
       18
102
RTVSPost2010Prop41ColorRGB
 90
        0
102
RTVSPost2010PropOp41
 70
     1
102
RTVSPost2010Prop42
 90
       50
102
RTVSPost2010PropOp42
 70
     1
102
RTVSPost2010Prop43
 90
        3
102
RTVSPost2010PropOp43
 70
     1
102
RTVSPost2010Prop44ColorIndex
 90
        5
102
RTVSPost2010Prop44ColorRGB
 90
      255
102
RTVSPost2010PropOp44
 70
     1
102
RTVSPost2010Prop45
280
     0
102
RTVSPost2010PropOp45
 70
     1
102
RTVSPost2010Prop46
 90
       50
102
RTVSPost2010PropOp46
 70
     1
102
RTVSPost2010Prop47
 90
       50
102
RTVSPost2010PropOp47
 70
     1
102
RTVSPost2010Prop48
 90
       50
102
RTVSPost2010PropOp48
 70
     1
102
RTVSPost2010Prop49
280
     0
102
RTVSPost2010PropOp49
 70
     1
102
RTVSPost2010Prop50
 90
       50
102
RTVSPost2010PropOp50
 70
     1
102
RTVSPost2010Prop51ColorIndex
 90
      256
102
RTVSPost2010Prop51ColorRGB
 90
-16777216
102
RTVSPost2010PropOp51
 70
     0
102
RTVSPost2010Prop52
140
1.0
102
RTVSPost2010PropOp52
 70
     0
102
RTVSPost2010Prop53
 90
        2
102
RTVSPost2010PropOp53
 70
     1
102
RTVSPost2010Prop54
  1
strokes_ogs.tif
102
RTVSPost2010PropOp54
 70
     1
102
RTVSPost2010Prop55
280
     0
102
RTVSPost2010PropOp55
 70
     1
102
RTVSPost2010Prop56
140
1.0
102
RTVSPost2010PropOp56
 70
     1
102
RTVSPost2010Prop57
140
1.0
102
RTVSPost2010PropOp57
 70
     1
102
RTVSPropertyOp0
 70
     1
102
RTVSPropertyOp1
 70
     1
102
RTVSPropertyOp2
 70
     1
102
RTVSPropertyOp3
 70
     1
102
RTVSPropertyOp4
 70
     1
102
RTVSPropertyOp5
 70
     1
102
RTVSPropertyOp6
 70
     1
102
RTVSPropertyOp7
 70
     1
102
RTVSPropertyOp8
 70
     1
102
RTVSPropertyOp9
 70
     1
102
RTVSPropertyOp10
 70
     1
102
RTVSPropertyOp11
 70
     1
102
RTVSPropertyOp12
 70
     1
102
RTVSPropertyOp13
 70
     1
102
RTVSPropertyOp14
 70
     1
102
RTVSPropertyOp15
 70
     1
102
RTVSPropertyOp16
 70
     1
102
RTVSPropertyOp17
 70
     1
102
RTVSPropertyOp18
 70
     1
102
RTVSPropertyOp19
 70
     1
102
RTVSPropertyOp20
 70
     1
102
RTVSPropertyOp21
 70
     1
102
RTVSPropertyOp22
 70
     1
102
RTVSPropertyOp23
 70
     1
102
RTVSPropertyOp24
 70
     1
102
RTVSPropertyOp25
 70
     1
102
RTVSPropertyOp26
 70
     1
102
RTVSPropertyOp27
 70
     1
102
RTVSPropertyOp28
 70
     1
102
RTVSPropertyOp29
 70
     1
102
RTVSPropertyOp30
 70
     1
102
RTVSPropertyOp31
 70
     1
102
RTVSPropertyOp32
 70
     1
102
RTVSPropertyOp33
 70
     1
102
RTVSPropertyOp34
 70
     1
102
RTVSPropertyOp35
 70
     1
102
RTVSPropertyOp36
 70
     1
102
RTVSPropertyOp37
 70
     1
102
RTVSPropertyOp38
 70
     1
102
RTVSPropertyOp39
 70
     1
102
RTVSPropertyOp40
 70
     1
102
RTVSPropertyOp41
 70
     1
102
RTVSPropertyOp42
 70
     1
102
RTVSPropertyOp43
 70
     1
102
RTVSPropertyOp44
 70
     1
102
RTVSPropertyOp45
 70
     1
102
RTVSPropertyOp46
 70
     1
102
RTVSPropertyOp47
 70
     1
102
RTVSPropertyOp48
 70
     1
102
RTVSPropertyOp49
 70
     1
102
RTVSPropertyOp50
 70
     1
102
RTVSPropertyOp51
 70
     0
102
RTVSPropertyOp52
 70
     0
102
RTVSPropertyOp53
 70
     1
102
RTVSPropertyOp54
 70
     1
102
RTVSPropertyOp55
 70
     1
102
RTVSPropertyOp56
 70
     1
102
RTVSPropertyOp57
 70
     1
102
RTVSPropertyOp58
 70
     1
102
RTVSPropertyOp59
 70
     1
102
RTVSPropertyOp60
 70
     1
102
RTVSPropertyOp61
 70
     1
102
RTVSPropertyOp62
 70
     1
  0
XRECORD
  5
591
102
{ACAD_REACTORS
330
590
102
}
330
590
100
AcDbXrecord
280
     1
102
RTVSPost2010Prop28
280
     0
102
RTVSPost2010PropOp28
 70
     1
102
RTVSPost2010Prop29
280
     1
102
RTVSPost2010PropOp29
 70
     1
102
RTVSPost2010Prop30
280
     1
102
RTVSPost2010PropOp30
 70
     1
102
RTVSPost2010Prop31
280
     0
102
RTVSPost2010PropOp31
 70
     1
102
RTVSPost2010Prop32
280
     0
102
RTVSPost2010PropOp32
 70
     1
102
RTVSPost2010Prop33
280
     0
102
RTVSPost2010PropOp33
 70
     1
102
RTVSPost2010Prop34
280
     0
102
RTVSPost2010PropOp34
 70
     1
102
RTVSPost2010Prop35
280
     0
102
RTVSPost2010PropOp35
 70
     1
102
RTVSPost2010Prop36
280
     0
102
RTVSPost2010PropOp36
 70
     1
102
RTVSPost2010Prop37
 90
       50
102
RTVSPost2010PropOp37
 70
     1
102
RTVSPost2010Prop38
140
0.0
102
RTVSPost2010PropOp38
 70
     1
102
RTVSPost2010Prop39
140
1.0
102
RTVSPost2010PropOp39
 70
     1
102
RTVSPost2010Prop40
 90
        0
102
RTVSPost2010PropOp40
 70
     1
102
RTVSPost2010Prop41ColorIndex
 90
       18
102
RTVSPost2010Prop41ColorRGB
 90
        0
102
RTVSPost2010PropOp41
 70
     1
102
RTVSPost2010Prop42
 90
       50
102
RTVSPost2010PropOp42
 70
     1
102
RTVSPost2010Prop43
 90
        3
102
RTVSPost2010PropOp43
 70
     1
102
RTVSPost2010Prop44ColorIndex
 90
        5
102
RTVSPost2010Prop44ColorRGB
 90
      255
102
RTVSPost2010PropOp44
 70
     1
102
RTVSPost2010Prop45
280
     0
102
RTVSPost2010PropOp45
 70
     1
102
RTVSPost2010Prop46
 90
       50
102
RTVSPost2010PropOp46
 70
     1
102
RTVSPost2010Prop47
 90
       50
102
RTVSPost2010PropOp47
 70
     1
102
RTVSPost2010Prop48
 90
       50
102
RTVSPost2010PropOp48
 70
     1
102
RTVSPost2010Prop49
280
     0
102
RTVSPost2010PropOp49
 70
     1
102
RTVSPost2010Prop50
 90
       50
102
RTVSPost2010PropOp50
 70
     1
102
RTVSPost2010Prop51ColorIndex
 90
      256
102
RTVSPost2010Prop51ColorRGB
 90
-16777216
102
RTVSPost2010PropOp51
 70
     0
102
RTVSPost2010Prop52
140
1.0
102
RTVSPost2010PropOp52
 70
     0
102
RTVSPost2010Prop53
 90
        2
102
RTVSPost2010PropOp53
 70
     1
102
RTVSPost2010Prop54
  1
strokes_ogs.tif
102
RTVSPost2010PropOp54
 70
     1
102
RTVSPost2010Prop55
280
     0
102
RTVSPost2010PropOp55
 70
     1
102
RTVSPost2010Prop56
140
1.0
102
RTVSPost2010PropOp56
 70
     1
102
RTVSPost2010Prop57
140
1.0
102
RTVSPost2010PropOp57
 70
     1
102
RTVSPropertyOp0
 70
     1
102
RTVSPropertyOp1
 70
     1
102
RTVSPropertyOp2
 70
     1
102
RTVSPropertyOp3
 70
     1
102
RTVSPropertyOp4
 70
     1
102
RTVSPropertyOp5
 70
     1
102
RTVSPropertyOp6
 70
     1
102
RTVSPropertyOp7
 70
     1
102
RTVSPropertyOp8
 70
     1
102
RTVSPropertyOp9
 70
     1
102
RTVSPropertyOp10
 70
     1
102
RTVSPropertyOp11
 70
     1
102
RTVSPropertyOp12
 70
     1
102
RTVSPropertyOp13
 70
     1
102
RTVSPropertyOp14
 70
     1
102
RTVSPropertyOp15
 70
     1
102
RTVSPropertyOp16
 70
     1
102
RTVSPropertyOp17
 70
     1
102
RTVSPropertyOp18
 70
     1
102
RTVSPropertyOp19
 70
     1
102
RTVSPropertyOp20
 70
     1
102
RTVSPropertyOp21
 70
     1
102
RTVSPropertyOp22
 70
     1
102
RTVSPropertyOp23
 70
     1
102
RTVSPropertyOp24
 70
     1
102
RTVSPropertyOp25
 70
     1
102
RTVSPropertyOp26
 70
     1
102
RTVSPropertyOp27
 70
     1
102
RTVSPropertyOp28
 70
     1
102
RTVSPropertyOp29
 70
     1
102
RTVSPropertyOp30
 70
     1
102
RTVSPropertyOp31
 70
     1
102
RTVSPropertyOp32
 70
     1
102
RTVSPropertyOp33
 70
     1
102
RTVSPropertyOp34
 70
     1
102
RTVSPropertyOp35
 70
     1
102
RTVSPropertyOp36
 70
     1
102
RTVSPropertyOp37
 70
     1
102
RTVSPropertyOp38
 70
     1
102
RTVSPropertyOp39
 70
     1
102
RTVSPropertyOp40
 70
     1
102
RTVSPropertyOp41
 70
     1
102
RTVSPropertyOp42
 70
     1
102
RTVSPropertyOp43
 70
     1
102
RTVSPropertyOp44
 70
     1
102
RTVSPropertyOp45
 70
     1
102
RTVSPropertyOp46
 70
     1
102
RTVSPropertyOp47
 70
     1
102
RTVSPropertyOp48
 70
     1
102
RTVSPropertyOp49
 70
     1
102
RTVSPropertyOp50
 70
     1
102
RTVSPropertyOp51
 70
     0
102
RTVSPropertyOp52
 70
     0
102
RTVSPropertyOp53
 70
     1
102
RTVSPropertyOp54
 70
     1
102
RTVSPropertyOp55
 70
     1
102
RTVSPropertyOp56
 70
     1
102
RTVSPropertyOp57
 70
     1
102
RTVSPropertyOp58
 70
     1
102
RTVSPropertyOp59
 70
     1
102
RTVSPropertyOp60
 70
     1
102
RTVSPropertyOp61
 70
     1
102
RTVSPropertyOp62
 70
     1
  0
XRECORD
  5
585
102
{ACAD_REACTORS
330
584
102
}
330
584
100
AcDbXrecord
280
     1
102
RTVSPost2010Prop28
280
     0
102
RTVSPost2010PropOp28
 70
     1
102
RTVSPost2010Prop29
280
     1
102
RTVSPost2010PropOp29
 70
     1
102
RTVSPost2010Prop30
280
     1
102
RTVSPost2010PropOp30
 70
     1
102
RTVSPost2010Prop31
280
     0
102
RTVSPost2010PropOp31
 70
     1
102
RTVSPost2010Prop32
280
     0
102
RTVSPost2010PropOp32
 70
     1
102
RTVSPost2010Prop33
280
     0
102
RTVSPost2010PropOp33
 70
     1
102
RTVSPost2010Prop34
280
     0
102
RTVSPost2010PropOp34
 70
     1
102
RTVSPost2010Prop35
280
     0
102
RTVSPost2010PropOp35
 70
     1
102
RTVSPost2010Prop36
280
     0
102
RTVSPost2010PropOp36
 70
     1
102
RTVSPost2010Prop37
 90
       50
102
RTVSPost2010PropOp37
 70
     1
102
RTVSPost2010Prop38
140
0.0
102
RTVSPost2010PropOp38
 70
     1
102
RTVSPost2010Prop39
140
1.0
102
RTVSPost2010PropOp39
 70
     1
102
RTVSPost2010Prop40
 90
        0
102
RTVSPost2010PropOp40
 70
     1
102
RTVSPost2010Prop41ColorIndex
 90
       18
102
RTVSPost2010Prop41ColorRGB
 90
        0
102
RTVSPost2010PropOp41
 70
     1
102
RTVSPost2010Prop42
 90
       50
102
RTVSPost2010PropOp42
 70
     1
102
RTVSPost2010Prop43
 90
        3
102
RTVSPost2010PropOp43
 70
     1
102
RTVSPost2010Prop44ColorIndex
 90
        5
102
RTVSPost2010Prop44ColorRGB
 90
      255
102
RTVSPost2010PropOp44
 70
     1
102
RTVSPost2010Prop45
280
     0
102
RTVSPost2010PropOp45
 70
     1
102
RTVSPost2010Prop46
 90
       50
102
RTVSPost2010PropOp46
 70
     1
102
RTVSPost2010Prop47
 90
       50
102
RTVSPost2010PropOp47
 70
     1
102
RTVSPost2010Prop48
 90
       50
102
RTVSPost2010PropOp48
 70
     1
102
RTVSPost2010Prop49
280
     0
102
RTVSPost2010PropOp49
 70
     1
102
RTVSPost2010Prop50
 90
       50
102
RTVSPost2010PropOp50
 70
     1
102
RTVSPost2010Prop51ColorIndex
 90
      256
102
RTVSPost2010Prop51ColorRGB
 90
-16777216
102
RTVSPost2010PropOp51
 70
     0
102
RTVSPost2010Prop52
140
1.0
102
RTVSPost2010PropOp52
 70
     0
102
RTVSPost2010Prop53
 90
        2
102
RTVSPost2010PropOp53
 70
     1
102
RTVSPost2010Prop54
  1
strokes_ogs.tif
102
RTVSPost2010PropOp54
 70
     1
102
RTVSPost2010Prop55
280
     0
102
RTVSPost2010PropOp55
 70
     1
102
RTVSPost2010Prop56
140
1.0
102
RTVSPost2010PropOp56
 70
     1
102
RTVSPost2010Prop57
140
1.0
102
RTVSPost2010PropOp57
 70
     1
102
RTVSPropertyOp0
 70
     1
102
RTVSPropertyOp1
 70
     1
102
RTVSPropertyOp2
 70
     1
102
RTVSPropertyOp3
 70
     1
102
RTVSPropertyOp4
 70
     1
102
RTVSPropertyOp5
 70
     1
102
RTVSPropertyOp6
 70
     1
102
RTVSPropertyOp7
 70
     1
102
RTVSPropertyOp8
 70
     1
102
RTVSPropertyOp9
 70
     1
102
RTVSPropertyOp10
 70
     1
102
RTVSPropertyOp11
 70
     1
102
RTVSPropertyOp12
 70
     1
102
RTVSPropertyOp13
 70
     1
102
RTVSPropertyOp14
 70
     1
102
RTVSPropertyOp15
 70
     1
102
RTVSPropertyOp16
 70
     1
102
RTVSPropertyOp17
 70
     1
102
RTVSPropertyOp18
 70
     1
102
RTVSPropertyOp19
 70
     1
102
RTVSPropertyOp20
 70
     1
102
RTVSPropertyOp21
 70
     1
102
RTVSPropertyOp22
 70
     1
102
RTVSPropertyOp23
 70
     1
102
RTVSPropertyOp24
 70
     1
102
RTVSPropertyOp25
 70
     1
102
RTVSPropertyOp26
 70
     1
102
RTVSPropertyOp27
 70
     1
102
RTVSPropertyOp28
 70
     1
102
RTVSPropertyOp29
 70
     1
102
RTVSPropertyOp30
 70
     1
102
RTVSPropertyOp31
 70
     1
102
RTVSPropertyOp32
 70
     1
102
RTVSPropertyOp33
 70
     1
102
RTVSPropertyOp34
 70
     1
102
RTVSPropertyOp35
 70
     1
102
RTVSPropertyOp36
 70
     1
102
RTVSPropertyOp37
 70
     1
102
RTVSPropertyOp38
 70
     1
102
RTVSPropertyOp39
 70
     1
102
RTVSPropertyOp40
 70
     1
102
RTVSPropertyOp41
 70
     1
102
RTVSPropertyOp42
 70
     1
102
RTVSPropertyOp43
 70
     1
102
RTVSPropertyOp44
 70
     1
102
RTVSPropertyOp45
 70
     1
102
RTVSPropertyOp46
 70
     1
102
RTVSPropertyOp47
 70
     1
102
RTVSPropertyOp48
 70
     1
102
RTVSPropertyOp49
 70
     1
102
RTVSPropertyOp50
 70
     1
102
RTVSPropertyOp51
 70
     0
102
RTVSPropertyOp52
 70
     0
102
RTVSPropertyOp53
 70
     1
102
RTVSPropertyOp54
 70
     1
102
RTVSPropertyOp55
 70
     1
102
RTVSPropertyOp56
 70
     1
102
RTVSPropertyOp57
 70
     1
102
RTVSPropertyOp58
 70
     1
102
RTVSPropertyOp59
 70
     1
102
RTVSPropertyOp60
 70
     1
102
RTVSPropertyOp61
 70
     1
102
RTVSPropertyOp62
 70
     1
  0
XRECORD
  5
59D
102
{ACAD_REACTORS
330
59C
102
}
330
59C
100
AcDbXrecord
280
     1
102
RTVSPost2010Prop28
280
     0
102
RTVSPost2010PropOp28
 70
     1
102
RTVSPost2010Prop29
280
     1
102
RTVSPost2010PropOp29
 70
     1
102
RTVSPost2010Prop30
280
     1
102
RTVSPost2010PropOp30
 70
     1
102
RTVSPost2010Prop31
280
     0
102
RTVSPost2010PropOp31
 70
     1
102
RTVSPost2010Prop32
280
     0
102
RTVSPost2010PropOp32
 70
     1
102
RTVSPost2010Prop33
280
     0
102
RTVSPost2010PropOp33
 70
     1
102
RTVSPost2010Prop34
280
     0
102
RTVSPost2010PropOp34
 70
     1
102
RTVSPost2010Prop35
280
     0
102
RTVSPost2010PropOp35
 70
     1
102
RTVSPost2010Prop36
280
     0
102
RTVSPost2010PropOp36
 70
     1
102
RTVSPost2010Prop37
 90
       50
102
RTVSPost2010PropOp37
 70
     1
102
RTVSPost2010Prop38
140
0.0
102
RTVSPost2010PropOp38
 70
     1
102
RTVSPost2010Prop39
140
1.0
102
RTVSPost2010PropOp39
 70
     1
102
RTVSPost2010Prop40
 90
        0
102
RTVSPost2010PropOp40
 70
     1
102
RTVSPost2010Prop41ColorIndex
 90
       18
102
RTVSPost2010Prop41ColorRGB
 90
        0
102
RTVSPost2010PropOp41
 70
     1
102
RTVSPost2010Prop42
 90
       50
102
RTVSPost2010PropOp42
 70
     1
102
RTVSPost2010Prop43
 90
        3
102
RTVSPost2010PropOp43
 70
     1
102
RTVSPost2010Prop44ColorIndex
 90
        5
102
RTVSPost2010Prop44ColorRGB
 90
      255
102
RTVSPost2010PropOp44
 70
     1
102
RTVSPost2010Prop45
280
     0
102
RTVSPost2010PropOp45
 70
     1
102
RTVSPost2010Prop46
 90
       50
102
RTVSPost2010PropOp46
 70
     1
102
RTVSPost2010Prop47
 90
       50
102
RTVSPost2010PropOp47
 70
     1
102
RTVSPost2010Prop48
 90
       50
102
RTVSPost2010PropOp48
 70
     1
102
RTVSPost2010Prop49
280
     0
102
RTVSPost2010PropOp49
 70
     1
102
RTVSPost2010Prop50
 90
       50
102
RTVSPost2010PropOp50
 70
     1
102
RTVSPost2010Prop51ColorIndex
 90
      256
102
RTVSPost2010Prop51ColorRGB
 90
-16777216
102
RTVSPost2010PropOp51
 70
     0
102
RTVSPost2010Prop52
140
1.0
102
RTVSPost2010PropOp52
 70
     0
102
RTVSPost2010Prop53
 90
        2
102
RTVSPost2010PropOp53
 70
     1
102
RTVSPost2010Prop54
  1
strokes_ogs.tif
102
RTVSPost2010PropOp54
 70
     1
102
RTVSPost2010Prop55
280
     0
102
RTVSPost2010PropOp55
 70
     1
102
RTVSPost2010Prop56
140
1.0
102
RTVSPost2010PropOp56
 70
     1
102
RTVSPost2010Prop57
140
1.0
102
RTVSPost2010PropOp57
 70
     1
102
RTVSPropertyOp0
 70
     1
102
RTVSPropertyOp1
 70
     1
102
RTVSPropertyOp2
 70
     1
102
RTVSPropertyOp3
 70
     1
102
RTVSPropertyOp4
 70
     1
102
RTVSPropertyOp5
 70
     1
102
RTVSPropertyOp6
 70
     1
102
RTVSPropertyOp7
 70
     1
102
RTVSPropertyOp8
 70
     1
102
RTVSPropertyOp9
 70
     1
102
RTVSPropertyOp10
 70
     1
102
RTVSPropertyOp11
 70
     1
102
RTVSPropertyOp12
 70
     1
102
RTVSPropertyOp13
 70
     1
102
RTVSPropertyOp14
 70
     1
102
RTVSPropertyOp15
 70
     1
102
RTVSPropertyOp16
 70
     1
102
RTVSPropertyOp17
 70
     1
102
RTVSPropertyOp18
 70
     1
102
RTVSPropertyOp19
 70
     1
102
RTVSPropertyOp20
 70
     1
102
RTVSPropertyOp21
 70
     1
102
RTVSPropertyOp22
 70
     1
102
RTVSPropertyOp23
 70
     1
102
RTVSPropertyOp24
 70
     1
102
RTVSPropertyOp25
 70
     1
102
RTVSPropertyOp26
 70
     1
102
RTVSPropertyOp27
 70
     1
102
RTVSPropertyOp28
 70
     1
102
RTVSPropertyOp29
 70
     1
102
RTVSPropertyOp30
 70
     1
102
RTVSPropertyOp31
 70
     1
102
RTVSPropertyOp32
 70
     1
102
RTVSPropertyOp33
 70
     1
102
RTVSPropertyOp34
 70
     1
102
RTVSPropertyOp35
 70
     1
102
RTVSPropertyOp36
 70
     1
102
RTVSPropertyOp37
 70
     1
102
RTVSPropertyOp38
 70
     1
102
RTVSPropertyOp39
 70
     1
102
RTVSPropertyOp40
 70
     1
102
RTVSPropertyOp41
 70
     1
102
RTVSPropertyOp42
 70
     1
102
RTVSPropertyOp43
 70
     1
102
RTVSPropertyOp44
 70
     1
102
RTVSPropertyOp45
 70
     1
102
RTVSPropertyOp46
 70
     1
102
RTVSPropertyOp47
 70
     1
102
RTVSPropertyOp48
 70
     1
102
RTVSPropertyOp49
 70
     1
102
RTVSPropertyOp50
 70
     1
102
RTVSPropertyOp51
 70
     0
102
RTVSPropertyOp52
 70
     0
102
RTVSPropertyOp53
 70
     1
102
RTVSPropertyOp54
 70
     1
102
RTVSPropertyOp55
 70
     1
102
RTVSPropertyOp56
 70
     1
102
RTVSPropertyOp57
 70
     1
102
RTVSPropertyOp58
 70
     1
102
RTVSPropertyOp59
 70
     1
102
RTVSPropertyOp60
 70
     1
102
RTVSPropertyOp61
 70
     1
102
RTVSPropertyOp62
 70
     1
  0
ENDSEC
  0
EOF
