  0
SECTION
  2
HEADER
  9
$ACADVER
  1
AC1015
  9
$ACADMAINTVER
 70
    20
  9
$DWGCODEPAGE
  3
ANSI_1252
  9
$INSBASE
 10
0.0
 20
0.0
 30
0.0
  9
$EXTMIN
 10
0.0
 20
-105.0
 30
0.0
  9
$EXTMAX
 10
7750.00000052
 20
1860.0000001
 30
0.0
  9
$LIMMIN
 10
0.0
 20
0.0
  9
$LIMMAX
 10
12.0
 20
9.0
  9
$ORTHOMODE
 70
     0
  9
$REGENMODE
 70
     1
  9
$FILLMODE
 70
     1
  9
$QTEXTMODE
 70
     0
  9
$MIRRTEXT
 70
     1
  9
$LTSCALE
 40
1.0
  9
$ATTMODE
 70
     1
  9
$TEXTSIZE
 40
0.2
  9
$TRACEWID
 40
0.05
  9
$TEXTSTYLE
  7
Standard
  9
$CLAYER
  8
0
  9
$CELTYPE
  6
ByLayer
  9
$CECOLOR
 62
   256
  9
$CELTSCALE
 40
1.0
  9
$DISPSILH
 70
     0
  9
$DIMSCALE
 40
1.0
  9
$DIMASZ
 40
0.18
  9
$DIMEXO
 40
0.0625
  9
$DIMDLI
 40
0.38
  9
$DIMRND
 40
0.0
  9
$DIMDLE
 40
0.0
  9
$DIMEXE
 40
0.18
  9
$DIMTP
 40
0.0
  9
$DIMTM
 40
0.0
  9
$DIMTXT
 40
0.18
  9
$DIMCEN
 40
0.09
  9
$DIMTSZ
 40
0.0
  9
$DIMTOL
 70
     0
  9
$DIMLIM
 70
     0
  9
$DIMTIH
 70
     1
  9
$DIMTOH
 70
     1
  9
$DIMSE1
 70
     0
  9
$DIMSE2
 70
     0
  9
$DIMTAD
 70
     0
  9
$DIMZIN
 70
     0
  9
$DIMBLK
  1

  9
$DIMASO
 70
     1
  9
$DIMSHO
 70
     1
  9
$DIMPOST
  1

  9
$DIMAPOST
  1

  9
$DIMALT
 70
     0
  9
$DIMALTD
 70
     2
  9
$DIMALTF
 40
0.0393700787401575
  9
$DIMLFAC
 40
1.0
  9
$DIMTOFL
 70
     0
  9
$DIMTVP
 40
0.0
  9
$DIMTIX
 70
     0
  9
$DIMSOXD
 70
     0
  9
$DIMSAH
 70
     0
  9
$DIMBLK1
  1

  9
$DIMBLK2
  1

  9
$DIMSTYLE
  2
Standard
  9
$DIMCLRD
 70
     0
  9
$DIMCLRE
 70
     0
  9
$DIMCLRT
 70
     0
  9
$DIMTFAC
 40
1.0
  9
$DIMGAP
 40
0.09
  9
$DIMJUST
 70
     0
  9
$DIMSD1
 70
     0
  9
$DIMSD2
 70
     0
  9
$DIMTOLJ
 70
     1
  9
$DIMTZIN
 70
     0
  9
$DIMALTZ
 70
     0
  9
$DIMALTTZ
 70
     0
  9
$DIMUPT
 70
     0
  9
$DIMDEC
 70
     4
  9
$DIMTDEC
 70
     4
  9
$DIMALTU
 70
     2
  9
$DIMALTTD
 70
     0
  9
$DIMTXSTY
  7
Standard
  9
$DIMAUNIT
 70
     0
  9
$DIMADEC
 70
     0
  9
$DIMALTRND
 40
0.0
  9
$DIMAZIN
 70
     0
  9
$DIMDSEP
 70
    46
  9
$DIMATFIT
 70
     0
  9
$DIMFRAC
 70
     0
  9
$DIMLDRBLK
  1

  9
$DIMLUNIT
 70
     2
  9
$DIMLWD
 70
    -2
  9
$DIMLWE
 70
    -2
  9
$DIMTMOVE
 70
     0
  9
$LUNITS
 70
     2
  9
$LUPREC
 70
     4
  9
$SKETCHINC
 40
0.1
  9
$FILLETRAD
 40
0.0
  9
$AUNITS
 70
     0
  9
$AUPREC
 70
     0
  9
$MENU
  1
.
  9
$ELEVATION
 40
0.0
  9
$PELEVATION
 40
0.0
  9
$THICKNESS
 40
0.0
  9
$LIMCHECK
 70
     0
  9
$CHAMFERA
 40
0.5
  9
$CHAMFERB
 40
0.5
  9
$CHAMFERC
 40
0.0
  9
$CHAMFERD
 40
0.0
  9
$SKPOLY
 70
     0
  9
$TDCREATE
 40
2461117.107430555
  9
$TDUCREATE
 40
2461117.232437847
  9
$TDUPDATE
 40
2461117.607789352
  9
$TDUUPDATE
 40
2461117.732789352
  9
$TDINDWG
 40
0.0002662037
  9
$TDUSRTIMER
 40
0.0002662153
  9
$USRTIMER
 70
     1
  9
$ANGBASE
 50
0.0
  9
$ANGDIR
 70
     1
  9
$PDMODE
 70
     0
  9
$PDSIZE
 40
0.0
  9
$PLINEWID
 40
0.0
  9
$SPLFRAME
 70
     0
  9
$SPLINETYPE
 70
     6
  9
$SPLINESEGS
 70
     8
  9
$HANDSEED
  5
532
  9
$SURFTAB1
 70
     6
  9
$SURFTAB2
 70
     6
  9
$SURFTYPE
 70
     6
  9
$SURFU
 70
     6
  9
$SURFV
 70
     6
  9
$UCSBASE
  2

  9
$UCSNAME
  2

  9
$UCSORG
 10
0.0
 20
0.0
 30
0.0
  9
$UCSXDIR
 10
1.0
 20
0.0
 30
0.0
  9
$UCSYDIR
 10
0.0
 20
1.0
 30
0.0
  9
$UCSORTHOREF
  2

  9
$UCSORTHOVIEW
 70
     0
  9
$UCSORGTOP
 10
0.0
 20
0.0
 30
0.0
  9
$UCSORGBOTTOM
 10
0.0
 20
0.0
 30
0.0
  9
$UCSORGLEFT
 10
0.0
 20
0.0
 30
0.0
  9
$UCSORGRIGHT
 10
0.0
 20
0.0
 30
0.0
  9
$UCSORGFRONT
 10
0.0
 20
0.0
 30
0.0
  9
$UCSORGBACK
 10
0.0
 20
0.0
 30
0.0
  9
$PUCSBASE
  2

  9
$PUCSNAME
  2

  9
$PUCSORG
 10
0.0
 20
0.0
 30
0.0
  9
$PUCSXDIR
 10
1.0
 20
0.0
 30
0.0
  9
$PUCSYDIR
 10
0.0
 20
1.0
 30
0.0
  9
$PUCSORTHOREF
  2

  9
$PUCSORTHOVIEW
 70
     0
  9
$PUCSORGTOP
 10
0.0
 20
0.0
 30
0.0
  9
$PUCSORGBOTTOM
 10
0.0
 20
0.0
 30
0.0
  9
$PUCSORGLEFT
 10
0.0
 20
0.0
 30
0.0
  9
$PUCSORGRIGHT
 10
0.0
 20
0.0
 30
0.0
  9
$PUCSORGFRONT
 10
0.0
 20
0.0
 30
0.0
  9
$PUCSORGBACK
 10
0.0
 20
0.0
 30
0.0
  9
$USERI1
 70
     0
  9
$USERI2
 70
     0
  9
$USERI3
 70
     0
  9
$USERI4
 70
     0
  9
$USERI5
 70
     0
  9
$USERR1
 40
0.0
  9
$USERR2
 40
0.0
  9
$USERR3
 40
0.0
  9
$USERR4
 40
0.0
  9
$USERR5
 40
0.0
  9
$WORLDVIEW
 70
     1
  9
$SHADEDGE
 70
     3
  9
$SHADEDIF
 70
    70
  9
$TILEMODE
 70
     1
  9
$MAXACTVP
 70
    48
  9
$PINSBASE
 10
0.0
 20
0.0
 30
0.0
  9
$PLIMCHECK
 70
     0
  9
$PEXTMIN
 10
1.000000000000000E+20
 20
1.000000000000000E+20
 30
1.000000000000000E+20
  9
$PEXTMAX
 10
-1.000000000000000E+20
 20
-1.000000000000000E+20
 30
-1.000000000000000E+20
  9
$PLIMMIN
 10
0.0
 20
0.0
  9
$PLIMMAX
 10
0.0
 20
0.0
  9
$UNITMODE
 70
     0
  9
$VISRETAIN
 70
     1
  9
$PLINEGEN
 70
     1
  9
$PSLTSCALE
 70
     1
  9
$TREEDEPTH
 70
  3020
  9
$CMLSTYLE
  2
STANDARD
  9
$CMLJUST
 70
     0
  9
$CMLSCALE
 40
1.0
  9
$PROXYGRAPHICS
 70
     1
  9
$MEASUREMENT
 70
     1
  9
$CELWEIGHT
370
    -1
  9
$ENDCAPS
280
     0
  9
$JOINSTYLE
280
     0
  9
$LWDISPLAY
290
     1
  9
$INSUNITS
 70
     4
  9
$HYPERLINKBASE
  1

  9
$STYLESHEET
  1

  9
$XEDIT
290
     1
  9
$CEPSNTYPE
380
     0
  9
$PSTYLEMODE
290
     0
  9
$FINGERPRINTGUID
  2

  9
$VERSIONGUID
  2
{C5C0774E-13C1-FB4B-B679-D46CCF34D827}
  9
$EXTNAMES
290
     1
  9
$PSVPSCALE
 40
0.0
  9
$OLESTARTUP
290
     0
  0
ENDSEC
  0
SECTION
  2
CLASSES
  0
CLASS
  1
RASTERVARIABLES
  2
AcDbRasterVariables
  3
ISM
 90
    32768
280
     0
281
     0
  0
CLASS
  1
IMAGEDEF
  2
AcDbRasterImageDef
  3
ISM
 90
    32768
280
     0
281
     0
  0
CLASS
  1
IMAGEDEF_REACTOR
  2
AcDbRasterImageDefReactor
  3
ISM
 90
    32769
280
     0
281
     0
  0
CLASS
  1
IMAGE
  2
AcDbRasterImage
  3
ISM
 90
    34943
280
     0
281
     1
  0
CLASS
  1
ACAD_EVALUATION_GRAPH
  2
AcDbEvalGraph
  3
ObjectDBX Classes
 90
    33921
280
     0
281
     0
  0
CLASS
  1
BLOCKPOINTPARAMETER
  2
AcDbBlockPointParameter
  3
ObjectDBX Classes
 90
    33921
280
     0
281
     0
  0
CLASS
  1
BLOCKBASEPOINTPARAMETER
  2
AcDbBlockBasepointParameter
  3
ObjectDBX Classes
 90
    33921
280
     0
281
     0
  0
CLASS
  1
BLOCKLOOKUPPARAMETER
  2
AcDbBlockLookupParameter
  3
ObjectDBX Classes
 90
    33921
280
     0
281
     0
  0
CLASS
  1
BLOCKVISIBILITYPARAMETER
  2
AcDbBlockVisibilityParameter
  3
ObjectDBX Classes
 90
    33921
280
     0
281
     0
  0
CLASS
  1
BLOCKPROPERTIESTABLE
  2
AcDbBlockPropertiesTable
  3
ObjectDBX Classes
 90
    33921
280
     0
281
     0
  0
CLASS
  1
BLOCKPOLARPARAMETER
  2
AcDbBlockPolarParameter
  3
ObjectDBX Classes
 90
    33921
280
     0
281
     0
  0
CLASS
  1
BLOCKROTATIONPARAMETER
  2
AcDbBlockRotationParameter
  3
ObjectDBX Classes
 90
    33921
280
     0
281
     0
  0
CLASS
  1
BLOCKLINEARPARAMETER
  2
AcDbBlockLinearParameter
  3
ObjectDBX Classes
 90
    33921
280
     0
281
     0
  0
CLASS
  1
BLOCKXYPARAMETER
  2
AcDbBlockXYParameter
  3
ObjectDBX Classes
 90
    33921
280
     0
281
     0
  0
CLASS
  1
BLOCKFLIPPARAMETER
  2
AcDbBlockFlipParameter
  3
ObjectDBX Classes
 90
    33921
280
     0
281
     0
  0
CLASS
  1
BLOCKALIGNMENTPARAMETER
  2
AcDbBlockAlignmentParameter
  3
ObjectDBX Classes
 90
    33921
280
     0
281
     0
  0
CLASS
  1
BLOCKROTATEACTION
  2
AcDbBlockRotateAction
  3
ObjectDBX Classes
 90
    33921
280
     0
281
     0
  0
CLASS
  1
BLOCKSCALEACTION
  2
AcDbBlockScaleAction
  3
ObjectDBX Classes
 90
    33921
280
     0
281
     0
  0
CLASS
  1
BLOCKARRAYACTION
  2
AcDbBlockArrayAction
  3
ObjectDBX Classes
 90
    33921
280
     0
281
     0
  0
CLASS
  1
BLOCKFLIPACTION
  2
AcDbBlockFlipAction
  3
ObjectDBX Classes
 90
    33921
280
     0
281
     0
  0
CLASS
  1
BLOCKLOOKUPACTION
  2
AcDbBlockLookupAction
  3
ObjectDBX Classes
 90
    33921
280
     0
281
     0
  0
CLASS
  1
BLOCKMOVEACTION
  2
AcDbBlockMoveAction
  3
ObjectDBX Classes
 90
    33921
280
     0
281
     0
  0
CLASS
  1
BLOCKPOLARSTRETCHACTION
  2
AcDbBlockPolarStretchAction
  3
ObjectDBX Classes
 90
    33921
280
     0
281
     0
  0
CLASS
  1
BLOCKSTRETCHACTION
  2
AcDbBlockStretchAction
  3
ObjectDBX Classes
 90
    33921
280
     0
281
     0
  0
CLASS
  1
BLOCKALIGNMENTGRIP
  2
AcDbBlockAlignmentGrip
  3
ObjectDBX Classes
 90
    33921
280
     0
281
     0
  0
CLASS
  1
BLOCKFLIPGRIP
  2
AcDbBlockFlipGrip
  3
ObjectDBX Classes
 90
    33921
280
     0
281
     0
  0
CLASS
  1
ACDB_BLOCKREPRESENTATION_DATA
  2
AcDbBlockRepresentationData
  3
ObjectDBX Classes
 90
    33921
280
     0
281
     0
  0
CLASS
  1
ACDB_DYNAMICBLOCKPURGEPREVENTER_VERSION
  2
AcDbDynamicBlockPurgePreventer
  3
ObjectDBX Classes
 90
    33921
280
     0
281
     0
  0
CLASS
  1
BLOCKLINEARGRIP
  2
AcDbBlockLinearGrip
  3
ObjectDBX Classes
 90
    33921
280
     0
281
     0
  0
CLASS
  1
BLOCKLOOKUPGRIP
  2
AcDbBlockLookupGrip
  3
ObjectDBX Classes
 90
    33921
280
     0
281
     0
  0
CLASS
  1
BLOCKPOLARGRIP
  2
AcDbBlockPolarGrip
  3
ObjectDBX Classes
 90
    33921
280
     0
281
     0
  0
CLASS
  1
BLOCKPROPERTIESTABLEGRIP
  2
AcDbBlockPropertiesTableGrip
  3
ObjectDBX Classes
 90
    33921
280
     0
281
     0
  0
CLASS
  1
BLOCKROTATIONGRIP
  2
AcDbBlockRotationGrip
  3
ObjectDBX Classes
 90
    33921
280
     0
281
     0
  0
CLASS
  1
BLOCKVISIBILITYGRIP
  2
AcDbBlockVisibilityGrip
  3
ObjectDBX Classes
 90
    33921
280
     0
281
     0
  0
CLASS
  1
BLOCKXYGRIP
  2
AcDbBlockXYGrip
  3
ObjectDBX Classes
 90
    33921
280
     0
281
     0
  0
CLASS
  1
BLOCKGRIPLOCATIONCOMPONENT
  2
AcDbBlockGripExpr
  3
ObjectDBX Classes
 90
    33921
280
     0
281
     0
  0
CLASS
  1
ACDB_DYNAMICBLOCKPROXYNODE
  2
AcDbDynamicBlockProxyNode
  3
ObjectDBX Classes
 90
    33921
280
     0
281
     0
  0
CLASS
  1
BLOCKLINEARCONSTRAINTPARAMETER
  2
AcDbBlockLinearConstraintParameter
  3
ObjectDBX Classes
 90
    33921
280
     0
281
     0
  0
CLASS
  1
BLOCKHORIZONTALCONSTRAINTPARAMETER
  2
AcDbBlockHorizontalConstraintParameter
  3
ObjectDBX Classes
 90
    33921
280
     0
281
     0
  0
CLASS
  1
BLOCKVERTICALCONSTRAINTPARAMETER
  2
AcDbBlockVerticalConstraintParameter
  3
ObjectDBX Classes
 90
    33921
280
     0
281
     0
  0
CLASS
  1
BLOCKALIGNEDCONSTRAINTPARAMETER
  2
AcDbBlockAlignedConstraintParameter
  3
ObjectDBX Classes
 90
    33921
280
     0
281
     0
  0
CLASS
  1
BLOCKANGULARCONSTRAINTPARAMETER
  2
AcDbBlockAngularConstraintParameter
  3
ObjectDBX Classes
 90
    33921
280
     0
281
     0
  0
CLASS
  1
BLOCKDIAMETRICCONSTRAINTPARAMETER
  2
AcDbBlockDiametricConstraintParameter
  3
ObjectDBX Classes
 90
    33921
280
     0
281
     0
  0
CLASS
  1
BLOCKRADIALCONSTRAINTPARAMETER
  2
AcDbBlockRadialConstraintParameter
  3
ObjectDBX Classes
 90
    33921
280
     0
281
     0
  0
CLASS
  1
FIELDLIST
  2
AcDbFieldList
  3
ObjectDBX Classes
 90
     1152
280
     0
281
     0
  0
CLASS
  1
ACDBDICTIONARYWDFLT
  2
AcDbDictionaryWithDefault
  3
ObjectDBX Classes
 90
        0
280
     0
281
     0
  0
CLASS
  1
CELLSTYLEMAP
  2
AcDbCellStyleMap
  3
ObjectDBX Classes
 90
     1152
280
     0
281
     0
  0
CLASS
  1
MLEADERSTYLE
  2
AcDbMLeaderStyle
  3
ACDB_MLEADERSTYLE_CLASS
 90
     4095
280
     0
281
     0
  0
CLASS
  1
TABLESTYLE
  2
AcDbTableStyle
  3
ObjectDBX Classes
 90
     4095
280
     0
281
     0
  0
CLASS
  1
DICTIONARYVAR
  2
AcDbDictionaryVar
  3
ObjectDBX Classes
 90
        0
280
     0
281
     0
  0
CLASS
  1
MATERIAL
  2
AcDbMaterial
  3
ObjectDBX Classes
 90
     1153
280
     0
281
     0
  0
CLASS
  1
VISUALSTYLE
  2
AcDbVisualStyle
  3
ObjectDBX Classes
 90
     4095
280
     0
281
     0
  0
CLASS
  1
SCALE
  2
AcDbScale
  3
ObjectDBX Classes
 90
     1153
280
     0
281
     0
  0
CLASS
  1
ACDBSECTIONVIEWSTYLE
  2
AcDbSectionViewStyle
  3
ObjectDBX Classes
 90
     1025
280
     0
281
     0
  0
CLASS
  1
ACDBDETAILVIEWSTYLE
  2
AcDbDetailViewStyle
  3
ObjectDBX Classes
 90
     1025
280
     0
281
     0
  0
CLASS
  1
ACDBPLACEHOLDER
  2
AcDbPlaceHolder
  3
ObjectDBX Classes
 90
        0
280
     0
281
     0
  0
CLASS
  1
LAYOUT
  2
AcDbLayout
  3
ObjectDBX Classes
 90
        0
280
     0
281
     0
  0
ENDSEC
  0
SECTION
  2
TABLES
  0
TABLE
  2
VPORT
  5
8
330
0
100
AcDbSymbolTable
 70
     1
  0
VPORT
  5
3D9
330
8
100
AcDbSymbolTableRecord
100
AcDbViewportTableRecord
  2
*Active
 70
     0
 10
0.0
 20
0.0
 11
1.0
 21
1.0
 12
4519.536780340266
 22
726.7879904576926
 13
0.0
 23
0.0
 14
1.0
 24
1.0
 15
0.0
 25
0.0
 16
0.0
 26
0.0
 36
1.0
 17
0.0
 27
0.0
 37
0.0
 40
5270.342019588223
 41
2.351715686274509
 42
50.0
 43
0.0
 44
0.0
 50
0.0
 51
0.0
 71
     0
 72
 20000
 73
     1
 74
     1
 75
     0
 76
     0
 77
     0
 78
     0
281
     0
 65
     1
110
0.0
120
0.0
130
0.0
111
1.0
121
0.0
131
0.0
112
0.0
122
1.0
132
0.0
 79
     0
146
0.0
1001
ACAD_NAV_VCDISPLAY
1070
     3
  0
ENDTAB
  0
TABLE
  2
LTYPE
  5
5
330
0
100
AcDbSymbolTable
 70
     1
  0
LTYPE
  5
14
330
5
100
AcDbSymbolTableRecord
100
AcDbLinetypeTableRecord
  2
ByBlock
 70
     0
  3

 72
    65
 73
     0
 40
0.0
  0
LTYPE
  5
15
330
5
100
AcDbSymbolTableRecord
100
AcDbLinetypeTableRecord
  2
ByLayer
 70
     0
  3

 72
    65
 73
     0
 40
0.0
  0
LTYPE
  5
16
330
5
100
AcDbSymbolTableRecord
100
AcDbLinetypeTableRecord
  2
Continuous
 70
     0
  3
Solid line
 72
    65
 73
     0
 40
0.0
  0
ENDTAB
  0
TABLE
  2
LAYER
  5
2
330
0
100
AcDbSymbolTable
 70
    16
  0
LAYER
  5
10
102
{ACAD_XDICTIONARY
360
4C0
102
}
330
2
100
AcDbSymbolTableRecord
100
AcDbLayerTableRecord
  2
0
 70
     0
 62
     7
  6
Continuous
370
    -3
390
F
  0
LAYER
  5
27
102
{ACAD_XDICTIONARY
360
4C2
102
}
330
2
100
AcDbSymbolTableRecord
100
AcDbLayerTableRecord
  2
sheet
 70
     0
 62
    24
  6
Continuous
370
    -3
390
F
  0
LAYER
  5
28
102
{ACAD_XDICTIONARY
360
4C4
102
}
330
2
100
AcDbSymbolTableRecord
100
AcDbLayerTableRecord
  2
1LBR001430
 70
     0
 62
     7
  6
Continuous
370
    -3
390
F
  0
LAYER
  5
29
102
{ACAD_XDICTIONARY
360
4C6
102
}
330
2
100
AcDbSymbolTableRecord
100
AcDbLayerTableRecord
  2
Texto
 70
     0
 62
     7
  6
Continuous
370
    -3
390
F
  0
LAYER
  5
2A
102
{ACAD_XDICTIONARY
360
4C8
102
}
330
2
100
AcDbSymbolTableRecord
100
AcDbLayerTableRecord
  2
12665459
 70
     0
 62
     7
  6
Continuous
370
    -3
390
F
  0
LAYER
  5
2B
102
{ACAD_XDICTIONARY
360
4CA
102
}
330
2
100
AcDbSymbolTableRecord
100
AcDbLayerTableRecord
  2
14327438
 70
     0
 62
     7
  6
Continuous
370
    -3
390
F
  0
LAYER
  5
2C
102
{ACAD_XDICTIONARY
360
4CC
102
}
330
2
100
AcDbSymbolTableRecord
100
AcDbLayerTableRecord
  2
Chanfro
 70
     0
 62
     7
  6
Continuous
370
    -3
390
F
  0
LAYER
  5
2D
102
{ACAD_XDICTIONARY
360
4CE
102
}
330
2
100
AcDbSymbolTableRecord
100
AcDbLayerTableRecord
  2
Des.
 70
     0
 62
     7
  6
Continuous
370
    -3
390
F
  0
LAYER
  5
2E
102
{ACAD_XDICTIONARY
360
4D0
102
}
330
2
100
AcDbSymbolTableRecord
100
AcDbLayerTableRecord
  2
mp-23452-13
 70
     0
 62
     7
  6
Continuous
370
    -3
390
F
  0
LAYER
  5
2F
102
{ACAD_XDICTIONARY
360
4D2
102
}
330
2
100
AcDbSymbolTableRecord
100
AcDbLayerTableRecord
  2
DT20768-004-056
 70
     0
 62
     7
  6
Continuous
370
    -3
390
F
  0
LAYER
  5
30
102
{ACAD_XDICTIONARY
360
4D4
102
}
330
2
100
AcDbSymbolTableRecord
100
AcDbLayerTableRecord
  2
Stats
 70
     0
 62
     7
  6
Continuous
370
    -3
390
F
  0
LAYER
  5
31
102
{ACAD_XDICTIONARY
360
4D6
102
}
330
2
100
AcDbSymbolTableRecord
100
AcDbLayerTableRecord
  2
13774950
 70
     0
 62
     7
  6
Continuous
370
    -3
390
F
  0
LAYER
  5
32
102
{ACAD_XDICTIONARY
360
4D8
102
}
330
2
100
AcDbSymbolTableRecord
100
AcDbLayerTableRecord
  2
1LBR001432
 70
     0
 62
     7
  6
Continuous
370
    -3
390
F
  0
LAYER
  5
33
102
{ACAD_XDICTIONARY
360
4DA
102
}
330
2
100
AcDbSymbolTableRecord
100
AcDbLayerTableRecord
  2
1LBR001431
 70
     0
 62
     7
  6
Continuous
370
    -3
390
F
  0
LAYER
  5
34
102
{ACAD_XDICTIONARY
360
4DC
102
}
330
2
100
AcDbSymbolTableRecord
100
AcDbLayerTableRecord
  2
1LBR001429
 70
     0
 62
     7
  6
Continuous
370
    -3
390
F
  0
LAYER
  5
35
330
2
100
AcDbSymbolTableRecord
100
AcDbLayerTableRecord
  2
DEFPOINTS
 70
     0
 62
     7
  6
Continuous
290
     0
370
    -3
390
F
  0
ENDTAB
  0
TABLE
  2
STYLE
  5
3
330
0
100
AcDbSymbolTable
 70
     1
  0
STYLE
  5
11
330
3
100
AcDbSymbolTableRecord
100
AcDbTextStyleTableRecord
  2
Standard
 70
     0
 40
0.0
 41
1.0
 50
0.0
 71
     0
 42
0.2
  3
txt.shx
  4

  0
ENDTAB
  0
TABLE
  2
VIEW
  5
6
330
0
100
AcDbSymbolTable
 70
     0
  0
ENDTAB
  0
TABLE
  2
UCS
  5
7
330
0
100
AcDbSymbolTable
 70
     0
  0
ENDTAB
  0
TABLE
  2
APPID
  5
9
330
0
100
AcDbSymbolTable
 70
     3
  0
APPID
  5
12
330
0
100
AcDbSymbolTableRecord
100
AcDbRegAppTableRecord
  2
ACAD
 70
     0
  0
APPID
  5
3FC
330
0
100
AcDbSymbolTableRecord
100
AcDbRegAppTableRecord
  2
ACAD_MLEADERVER
 70
     0
  0
APPID
  5
4E6
330
9
100
AcDbSymbolTableRecord
100
AcDbRegAppTableRecord
  2
ACAD_NAV_VCDISPLAY
 70
     0
  0
ENDTAB
  0
TABLE
  2
DIMSTYLE
  5
A
330
0
100
AcDbSymbolTable
 70
     1
100
AcDbDimStyleTable
 71
     0
  0
DIMSTYLE
105
3D8
330
A
100
AcDbSymbolTableRecord
100
AcDbDimStyleTableRecord
  2
Standard
 70
     0
143
1.0
274
     0
289
     0
340
11
  0
ENDTAB
  0
TABLE
  2
BLOCK_RECORD
  5
1
330
0
100
AcDbSymbolTable
 70
     0
  0
BLOCK_RECORD
  5
1F
330
1
100
AcDbSymbolTableRecord
100
AcDbBlockTableRecord
  2
*Model_Space
340
22
  0
BLOCK_RECORD
  5
3D5
330
1
100
AcDbSymbolTableRecord
100
AcDbBlockTableRecord
  2
*Paper_Space
340
1E
  0
ENDTAB
  0
ENDSEC
  0
SECTION
  2
BLOCKS
  0
BLOCK
  5
20
330
1F
100
AcDbEntity
  8
0
100
AcDbBlockBegin
  2
*Model_Space
 70
     0
 10
0.0
 20
0.0
 30
0.0
  3
*Model_Space
  1

  0
ENDBLK
  5
21
330
1F
100
AcDbEntity
  8
0
100
AcDbBlockEnd
  0
BLOCK
  5
3D6
330
3D5
100
AcDbEntity
 67
     1
  8
0
100
AcDbBlockBegin
  2
*Paper_Space
 70
     0
 10
0.0
 20
0.0
 30
0.0
  3
*Paper_Space
  1

  0
ENDBLK
  5
3D7
330
3D5
100
AcDbEntity
 67
     1
  8
0
100
AcDbBlockEnd
  0
ENDSEC
  0
SECTION
  2
ENTITIES
  0
LWPOLYLINE
  5
25B
330
1F
100
AcDbEntity
  8
sheet
 62
     7
100
AcDbPolyline
 90
        4
 70
     1
 43
0.0
 10
2625.00000031
 20
0.0000001
 10
5125.00000031
 20
0.0000001
 10
5125.00000031
 20
1860.0000001
 10
2625.00000031
 20
1860.0000001
  0
LWPOLYLINE
  5
25C
330
1F
100
AcDbEntity
  8
DT20768-004-056
 62
    30
100
AcDbPolyline
 90
       12
 70
     1
 43
0.0
 10
4887.142464554545
 20
17.99999985773803
 42
0.743294146247163
 10
3272.707578905681
 20
17.99999986055474
 10
3768.515323743687
 20
17.99999985968971
 42
-0.206574131407346
 10
4043.111419715248
 20
168.2807630638858
 42
0.3871333546406315
 10
4044.925021730363
 20
170.2720580672157
 10
4044.925021730391
 20
185.9999998592092
 42
-0.414213562372299
 10
4058.925021730416
 20
199.9999998591848
 10
4100.925021730416
 20
199.9999998591116
 42
-0.4142135623770991
 10
4114.925021730392
 20
185.9999998590871
 10
4114.925021730363
 20
170.2720580670936
 42
0.3871333551386216
 10
4116.738623745474
 20
168.2807630637573
 42
-0.2065741314073309
 10
4391.334719716541
 20
17.99999985860307
  0
LINE
  5
25D
330
1F
100
AcDbEntity
  8
Chanfro
 62
    30
100
AcDbLine
 10
4864.251484371893
 20
83.99999985777794
 30
0.0
 11
4864.251484371769
 21
12.99999985777978
 31
0.0
  0
LINE
  5
25E
330
1F
100
AcDbEntity
  8
Chanfro
 62
    30
100
AcDbLine
 10
4854.251484371893
 20
83.99999985779542
 30
0.0
 11
4854.251484371769
 21
12.99999985779723
 31
0.0
  0
LINE
  5
25F
330
1F
100
AcDbEntity
  8
Chanfro
 62
    30
100
AcDbLine
 10
4844.251484371892
 20
83.99999985781287
 30
0.0
 11
4844.251484371769
 21
12.99999985781468
 31
0.0
  0
LINE
  5
260
330
1F
100
AcDbEntity
  8
Chanfro
 62
    30
100
AcDbLine
 10
4834.251484371893
 20
83.99999985783029
 30
0.0
 11
4834.251484371769
 21
12.99999985783213
 31
0.0
  0
LINE
  5
261
330
1F
100
AcDbEntity
  8
Chanfro
 62
    30
100
AcDbLine
 10
4824.251484371893
 20
83.9999998578477
 30
0.0
 11
4824.251484371769
 21
12.99999985784957
 31
0.0
  0
LINE
  5
262
330
1F
100
AcDbEntity
  8
Chanfro
 62
    30
100
AcDbLine
 10
4814.251484371893
 20
83.99999985786518
 30
0.0
 11
4814.251484371769
 21
12.99999985786702
 31
0.0
  0
LINE
  5
263
330
1F
100
AcDbEntity
  8
Chanfro
 62
    30
100
AcDbLine
 10
4804.251484371892
 20
83.99999985788262
 30
0.0
 11
4804.251484371769
 21
12.99999985788447
 31
0.0
  0
LINE
  5
264
330
1F
100
AcDbEntity
  8
Chanfro
 62
    30
100
AcDbLine
 10
4794.251484371892
 20
83.99999985790008
 30
0.0
 11
4794.251484371769
 21
12.99999985790192
 31
0.0
  0
LINE
  5
265
330
1F
100
AcDbEntity
  8
Chanfro
 62
    30
100
AcDbLine
 10
4784.251484371893
 20
83.99999985791753
 30
0.0
 11
4784.251484371769
 21
12.99999985791936
 31
0.0
  0
LINE
  5
266
330
1F
100
AcDbEntity
  8
Chanfro
 62
    30
100
AcDbLine
 10
4774.251484371893
 20
83.99999985793497
 30
0.0
 11
4774.251484371769
 21
12.99999985793681
 31
0.0
  0
LINE
  5
267
330
1F
100
AcDbEntity
  8
Chanfro
 62
    30
100
AcDbLine
 10
4764.251484371892
 20
83.99999985795245
 30
0.0
 11
4764.251484371769
 21
12.99999985795426
 31
0.0
  0
LINE
  5
268
330
1F
100
AcDbEntity
  8
Chanfro
 62
    30
100
AcDbLine
 10
4754.251484371892
 20
83.9999998579699
 30
0.0
 11
4754.251484371769
 21
12.9999998579717
 31
0.0
  0
LINE
  5
269
330
1F
100
AcDbEntity
  8
Chanfro
 62
    30
100
AcDbLine
 10
4744.251484371893
 20
83.99999985798734
 30
0.0
 11
4744.251484371768
 21
12.99999985798915
 31
0.0
  0
LINE
  5
26A
330
1F
100
AcDbEntity
  8
Chanfro
 62
    30
100
AcDbLine
 10
4734.251484371893
 20
83.99999985800478
 30
0.0
 11
4734.251484371769
 21
12.9999998580066
 31
0.0
  0
LINE
  5
26B
330
1F
100
AcDbEntity
  8
Chanfro
 62
    30
100
AcDbLine
 10
4724.251484371893
 20
83.99999985802223
 30
0.0
 11
4724.251484371769
 21
12.99999985802404
 31
0.0
  0
LINE
  5
26C
330
1F
100
AcDbEntity
  8
Chanfro
 62
    30
100
AcDbLine
 10
4714.251484371892
 20
83.99999985803965
 30
0.0
 11
4714.251484371769
 21
12.99999985804149
 31
0.0
  0
LINE
  5
26D
330
1F
100
AcDbEntity
  8
Chanfro
 62
    30
100
AcDbLine
 10
4704.251484371892
 20
83.99999985805711
 30
0.0
 11
4704.251484371769
 21
12.99999985805894
 31
0.0
  0
LINE
  5
26E
330
1F
100
AcDbEntity
  8
Chanfro
 62
    30
100
AcDbLine
 10
4694.251484371892
 20
83.99999985807456
 30
0.0
 11
4694.251484371768
 21
12.99999985807638
 31
0.0
  0
LINE
  5
26F
330
1F
100
AcDbEntity
  8
Chanfro
 62
    30
100
AcDbLine
 10
4684.251484371893
 20
83.999999858092
 30
0.0
 11
4684.251484371769
 21
12.99999985809384
 31
0.0
  0
LINE
  5
270
330
1F
100
AcDbEntity
  8
Chanfro
 62
    30
100
AcDbLine
 10
4674.251484371892
 20
83.99999985810946
 30
0.0
 11
4674.251484371769
 21
12.99999985811128
 31
0.0
  0
LINE
  5
271
330
1F
100
AcDbEntity
  8
Chanfro
 62
    30
100
AcDbLine
 10
4664.251484371892
 20
83.99999985812691
 30
0.0
 11
4664.251484371769
 21
12.99999985812873
 31
0.0
  0
LINE
  5
272
330
1F
100
AcDbEntity
  8
Chanfro
 62
    30
100
AcDbLine
 10
4654.251484371893
 20
83.99999985814433
 30
0.0
 11
4654.251484371768
 21
12.99999985814618
 31
0.0
  0
LINE
  5
273
330
1F
100
AcDbEntity
  8
Chanfro
 62
    30
100
AcDbLine
 10
4644.251484371892
 20
83.99999985816178
 30
0.0
 11
4644.251484371769
 21
12.99999985816362
 31
0.0
  0
LINE
  5
274
330
1F
100
AcDbEntity
  8
Chanfro
 62
    30
100
AcDbLine
 10
4634.251484371893
 20
83.99999985817924
 30
0.0
 11
4634.251484371769
 21
12.99999985818107
 31
0.0
  0
LINE
  5
275
330
1F
100
AcDbEntity
  8
Chanfro
 62
    30
100
AcDbLine
 10
4624.251484371892
 20
83.99999985819667
 30
0.0
 11
4624.251484371769
 21
12.99999985819852
 31
0.0
  0
LINE
  5
276
330
1F
100
AcDbEntity
  8
Chanfro
 62
    30
100
AcDbLine
 10
4614.251484371893
 20
83.99999985821414
 30
0.0
 11
4614.251484371769
 21
12.99999985821596
 31
0.0
  0
LINE
  5
277
330
1F
100
AcDbEntity
  8
Chanfro
 62
    30
100
AcDbLine
 10
4604.251484371892
 20
83.99999985823159
 30
0.0
 11
4604.251484371769
 21
12.99999985823341
 31
0.0
  0
LINE
  5
278
330
1F
100
AcDbEntity
  8
Chanfro
 62
    30
100
AcDbLine
 10
4594.251484371892
 20
83.99999985824901
 30
0.0
 11
4594.251484371769
 21
12.99999985825086
 31
0.0
  0
LINE
  5
279
330
1F
100
AcDbEntity
  8
Chanfro
 62
    30
100
AcDbLine
 10
4584.251484371892
 20
83.99999985826644
 30
0.0
 11
4584.251484371769
 21
12.9999998582683
 31
0.0
  0
LINE
  5
27A
330
1F
100
AcDbEntity
  8
Chanfro
 62
    30
100
AcDbLine
 10
4574.251484371893
 20
83.99999985828392
 30
0.0
 11
4574.251484371769
 21
12.99999985828575
 31
0.0
  0
LINE
  5
27B
330
1F
100
AcDbEntity
  8
Chanfro
 62
    30
100
AcDbLine
 10
4564.251484371893
 20
83.99999985830135
 30
0.0
 11
4564.251484371768
 21
12.9999998583032
 31
0.0
  0
LINE
  5
27C
330
1F
100
AcDbEntity
  8
Chanfro
 62
    30
100
AcDbLine
 10
4554.251484371892
 20
83.99999985831881
 30
0.0
 11
4554.251484371769
 21
12.99999985832065
 31
0.0
  0
LINE
  5
27D
330
1F
100
AcDbEntity
  8
Chanfro
 62
    30
100
AcDbLine
 10
4544.251484371892
 20
83.99999985833627
 30
0.0
 11
4544.251484371769
 21
12.9999998583381
 31
0.0
  0
LINE
  5
27E
330
1F
100
AcDbEntity
  8
Chanfro
 62
    30
100
AcDbLine
 10
4534.251484371893
 20
83.99999985835369
 30
0.0
 11
4534.251484371769
 21
12.99999985835554
 31
0.0
  0
LINE
  5
27F
330
1F
100
AcDbEntity
  8
Chanfro
 62
    30
100
AcDbLine
 10
4524.251484371893
 20
83.99999985837116
 30
0.0
 11
4524.251484371769
 21
12.99999985837299
 31
0.0
  0
LINE
  5
280
330
1F
100
AcDbEntity
  8
Chanfro
 62
    30
100
AcDbLine
 10
4514.251484371892
 20
83.99999985838858
 30
0.0
 11
4514.251484371769
 21
12.99999985839044
 31
0.0
  0
LINE
  5
281
330
1F
100
AcDbEntity
  8
Chanfro
 62
    30
100
AcDbLine
 10
4504.251484371892
 20
83.99999985840604
 30
0.0
 11
4504.251484371769
 21
12.99999985840788
 31
0.0
  0
LINE
  5
282
330
1F
100
AcDbEntity
  8
Chanfro
 62
    30
100
AcDbLine
 10
4494.251484371893
 20
83.99999985842349
 30
0.0
 11
4494.251484371768
 21
12.99999985842533
 31
0.0
  0
LINE
  5
283
330
1F
100
AcDbEntity
  8
Chanfro
 62
    30
100
AcDbLine
 10
4484.251484371893
 20
83.99999985844095
 30
0.0
 11
4484.251484371769
 21
12.99999985844277
 31
0.0
  0
LINE
  5
284
330
1F
100
AcDbEntity
  8
Chanfro
 62
    30
100
AcDbLine
 10
4474.251484371893
 20
83.99999985845843
 30
0.0
 11
4474.251484371769
 21
12.99999985846022
 31
0.0
  0
LINE
  5
285
330
1F
100
AcDbEntity
  8
Chanfro
 62
    30
100
AcDbLine
 10
4464.251484371892
 20
83.9999998584758
 30
0.0
 11
4464.251484371769
 21
12.99999985847767
 31
0.0
  0
LINE
  5
286
330
1F
100
AcDbEntity
  8
Chanfro
 62
    30
100
AcDbLine
 10
4454.251484371892
 20
83.99999985849328
 30
0.0
 11
4454.251484371769
 21
12.99999985849511
 31
0.0
  0
LINE
  5
287
330
1F
100
AcDbEntity
  8
Chanfro
 62
    30
100
AcDbLine
 10
4444.251484371892
 20
83.99999985851072
 30
0.0
 11
4444.251484371768
 21
12.99999985851256
 31
0.0
  0
LINE
  5
288
330
1F
100
AcDbEntity
  8
Chanfro
 62
    30
100
AcDbLine
 10
4434.251484371893
 20
83.99999985852819
 30
0.0
 11
4434.251484371769
 21
12.99999985853001
 31
0.0
  0
LINE
  5
289
330
1F
100
AcDbEntity
  8
Chanfro
 62
    30
100
AcDbLine
 10
4424.251484371892
 20
83.99999985854561
 30
0.0
 11
4424.251484371769
 21
12.99999985854746
 31
0.0
  0
LINE
  5
28A
330
1F
100
AcDbEntity
  8
Chanfro
 62
    30
100
AcDbLine
 10
4414.251484371892
 20
83.99999985856306
 30
0.0
 11
4414.251484371769
 21
12.99999985856491
 31
0.0
  0
LINE
  5
28B
330
1F
100
AcDbEntity
  8
Chanfro
 62
    30
100
AcDbLine
 10
4404.251484371893
 20
83.99999985858054
 30
0.0
 11
4404.251484371768
 21
12.99999985858235
 31
0.0
  0
LINE
  5
28C
330
1F
100
AcDbEntity
  8
Chanfro
 62
    30
100
AcDbLine
 10
4325.9819257179
 20
83.99999985871707
 30
0.0
 11
4391.33471971653
 21
12.99999985860488
 31
0.0
  0
LINE
  5
28D
330
1F
100
AcDbEntity
  8
Chanfro
 62
    30
100
AcDbLine
 10
4335.9819257179
 20
83.9999998586996
 30
0.0
 11
4401.33471971653
 21
12.99999985858744
 31
0.0
  0
LINE
  5
28E
330
1F
100
AcDbEntity
  8
Chanfro
 62
    30
100
AcDbLine
 10
4345.9819257179
 20
83.99999985868218
 30
0.0
 11
4411.33471971653
 21
12.99999985856999
 31
0.0
  0
LINE
  5
28F
330
1F
100
AcDbEntity
  8
Chanfro
 62
    30
100
AcDbLine
 10
4355.981925717901
 20
83.99999985866474
 30
0.0
 11
4421.33471971653
 21
12.99999985855255
 31
0.0
  0
LINE
  5
290
330
1F
100
AcDbEntity
  8
Chanfro
 62
    30
100
AcDbLine
 10
4365.981925717901
 20
83.99999985864729
 30
0.0
 11
4431.33471971653
 21
12.9999998585351
 31
0.0
  0
LINE
  5
291
330
1F
100
AcDbEntity
  8
Chanfro
 62
    30
100
AcDbLine
 10
4394.251484371892
 20
83.99999985859798
 30
0.0
 11
4394.251484371769
 21
12.9999998585998
 31
0.0
  0
LINE
  5
292
330
1F
100
AcDbEntity
  8
Chanfro
 62
    30
100
AcDbLine
 10
4384.251484371893
 20
83.99999985861541
 30
0.0
 11
4384.251484371769
 21
12.99999985861725
 31
0.0
  0
LINE
  5
293
330
1F
100
AcDbEntity
  8
Chanfro
 62
    30
100
AcDbLine
 10
3295.598559088565
 20
83.99999986051479
 30
0.0
 11
3295.598559088441
 21
12.99999986051662
 31
0.0
  0
LINE
  5
294
330
1F
100
AcDbEntity
  8
Chanfro
 62
    30
100
AcDbLine
 10
3305.598559088565
 20
83.99999986049733
 30
0.0
 11
3305.598559088442
 21
12.99999986049917
 31
0.0
  0
LINE
  5
295
330
1F
100
AcDbEntity
  8
Chanfro
 62
    30
100
AcDbLine
 10
3315.598559088564
 20
83.99999986047991
 30
0.0
 11
3315.598559088441
 21
12.99999986048173
 31
0.0
  0
LINE
  5
296
330
1F
100
AcDbEntity
  8
Chanfro
 62
    30
100
AcDbLine
 10
3325.598559088565
 20
83.99999986046244
 30
0.0
 11
3325.598559088442
 21
12.99999986046428
 31
0.0
  0
LINE
  5
297
330
1F
100
AcDbEntity
  8
Chanfro
 62
    30
100
AcDbLine
 10
3335.598559088565
 20
83.99999986044502
 30
0.0
 11
3335.598559088441
 21
12.99999986044684
 31
0.0
  0
LINE
  5
298
330
1F
100
AcDbEntity
  8
Chanfro
 62
    30
100
AcDbLine
 10
3345.598559088565
 20
83.99999986042756
 30
0.0
 11
3345.598559088441
 21
12.99999986042938
 31
0.0
  0
LINE
  5
299
330
1F
100
AcDbEntity
  8
Chanfro
 62
    30
100
AcDbLine
 10
3355.598559088564
 20
83.99999986041011
 30
0.0
 11
3355.598559088441
 21
12.99999986041194
 31
0.0
  0
LINE
  5
29A
330
1F
100
AcDbEntity
  8
Chanfro
 62
    30
100
AcDbLine
 10
3365.598559088564
 20
83.99999986039267
 30
0.0
 11
3365.598559088442
 21
12.99999986039449
 31
0.0
  0
LINE
  5
29B
330
1F
100
AcDbEntity
  8
Chanfro
 62
    30
100
AcDbLine
 10
3375.598559088565
 20
83.99999986037522
 30
0.0
 11
3375.598559088441
 21
12.99999986037704
 31
0.0
  0
LINE
  5
29C
330
1F
100
AcDbEntity
  8
Chanfro
 62
    30
100
AcDbLine
 10
3385.598559088565
 20
83.99999986035776
 30
0.0
 11
3385.598559088441
 21
12.9999998603596
 31
0.0
  0
LINE
  5
29D
330
1F
100
AcDbEntity
  8
Chanfro
 62
    30
100
AcDbLine
 10
3395.598559088565
 20
83.9999998603403
 30
0.0
 11
3395.598559088441
 21
12.99999986034215
 31
0.0
  0
LINE
  5
29E
330
1F
100
AcDbEntity
  8
Chanfro
 62
    30
100
AcDbLine
 10
3405.598559088564
 20
83.99999986032286
 30
0.0
 11
3405.598559088441
 21
12.9999998603247
 31
0.0
  0
LINE
  5
29F
330
1F
100
AcDbEntity
  8
Chanfro
 62
    30
100
AcDbLine
 10
3415.598559088564
 20
83.99999986030541
 30
0.0
 11
3415.598559088441
 21
12.99999986030726
 31
0.0
  0
LINE
  5
2A0
330
1F
100
AcDbEntity
  8
Chanfro
 62
    30
100
AcDbLine
 10
3425.598559088565
 20
83.99999986028799
 30
0.0
 11
3425.598559088442
 21
12.99999986028981
 31
0.0
  0
LINE
  5
2A1
330
1F
100
AcDbEntity
  8
Chanfro
 62
    30
100
AcDbLine
 10
3435.598559088564
 20
83.99999986027053
 30
0.0
 11
3435.598559088441
 21
12.99999986027236
 31
0.0
  0
LINE
  5
2A2
330
1F
100
AcDbEntity
  8
Chanfro
 62
    30
100
AcDbLine
 10
3445.598559088565
 20
83.9999998602531
 30
0.0
 11
3445.598559088441
 21
12.99999986025491
 31
0.0
  0
LINE
  5
2A3
330
1F
100
AcDbEntity
  8
Chanfro
 62
    30
100
AcDbLine
 10
3455.598559088565
 20
83.99999986023564
 30
0.0
 11
3455.598559088441
 21
12.99999986023747
 31
0.0
  0
LINE
  5
2A4
330
1F
100
AcDbEntity
  8
Chanfro
 62
    30
100
AcDbLine
 10
3465.598559088566
 20
83.99999986021819
 30
0.0
 11
3465.598559088442
 21
12.99999986022002
 31
0.0
  0
LINE
  5
2A5
330
1F
100
AcDbEntity
  8
Chanfro
 62
    30
100
AcDbLine
 10
3475.598559088565
 20
83.99999986020075
 30
0.0
 11
3475.598559088441
 21
12.99999986020257
 31
0.0
  0
LINE
  5
2A6
330
1F
100
AcDbEntity
  8
Chanfro
 62
    30
100
AcDbLine
 10
3485.598559088565
 20
83.99999986018329
 30
0.0
 11
3485.598559088441
 21
12.99999986018513
 31
0.0
  0
LINE
  5
2A7
330
1F
100
AcDbEntity
  8
Chanfro
 62
    30
100
AcDbLine
 10
3495.598559088565
 20
83.99999986016586
 30
0.0
 11
3495.598559088441
 21
12.99999986016768
 31
0.0
  0
LINE
  5
2A8
330
1F
100
AcDbEntity
  8
Chanfro
 62
    30
100
AcDbLine
 10
3505.598559088565
 20
83.99999986014842
 30
0.0
 11
3505.598559088441
 21
12.99999986015023
 31
0.0
  0
LINE
  5
2A9
330
1F
100
AcDbEntity
  8
Chanfro
 62
    30
100
AcDbLine
 10
3515.598559088566
 20
83.99999986013098
 30
0.0
 11
3515.598559088442
 21
12.99999986013279
 31
0.0
  0
LINE
  5
2AA
330
1F
100
AcDbEntity
  8
Chanfro
 62
    30
100
AcDbLine
 10
3525.598559088564
 20
83.99999986011351
 30
0.0
 11
3525.598559088442
 21
12.99999986011534
 31
0.0
  0
LINE
  5
2AB
330
1F
100
AcDbEntity
  8
Chanfro
 62
    30
100
AcDbLine
 10
3535.598559088565
 20
83.99999986009607
 30
0.0
 11
3535.598559088441
 21
12.99999986009789
 31
0.0
  0
LINE
  5
2AC
330
1F
100
AcDbEntity
  8
Chanfro
 62
    30
100
AcDbLine
 10
3545.598559088565
 20
83.99999986007861
 30
0.0
 11
3545.598559088441
 21
12.99999986008044
 31
0.0
  0
LINE
  5
2AD
330
1F
100
AcDbEntity
  8
Chanfro
 62
    30
100
AcDbLine
 10
3555.598559088565
 20
83.99999986006116
 30
0.0
 11
3555.598559088442
 21
12.999999860063
 31
0.0
  0
LINE
  5
2AE
330
1F
100
AcDbEntity
  8
Chanfro
 62
    30
100
AcDbLine
 10
3565.598559088564
 20
83.9999998600437
 30
0.0
 11
3565.598559088441
 21
12.99999986004555
 31
0.0
  0
LINE
  5
2AF
330
1F
100
AcDbEntity
  8
Chanfro
 62
    30
100
AcDbLine
 10
3575.598559088565
 20
83.99999986002629
 30
0.0
 11
3575.598559088442
 21
12.9999998600281
 31
0.0
  0
LINE
  5
2B0
330
1F
100
AcDbEntity
  8
Chanfro
 62
    30
100
AcDbLine
 10
3585.598559088565
 20
83.99999986000883
 30
0.0
 11
3585.598559088441
 21
12.99999986001066
 31
0.0
  0
LINE
  5
2B1
330
1F
100
AcDbEntity
  8
Chanfro
 62
    30
100
AcDbLine
 10
3595.598559088565
 20
83.99999985999139
 30
0.0
 11
3595.598559088441
 21
12.99999985999321
 31
0.0
  0
LINE
  5
2B2
330
1F
100
AcDbEntity
  8
Chanfro
 62
    30
100
AcDbLine
 10
3605.598559088564
 20
83.99999985997395
 30
0.0
 11
3605.598559088441
 21
12.99999985997576
 31
0.0
  0
LINE
  5
2B3
330
1F
100
AcDbEntity
  8
Chanfro
 62
    30
100
AcDbLine
 10
3615.598559088564
 20
83.9999998599565
 30
0.0
 11
3615.598559088442
 21
12.99999985995832
 31
0.0
  0
LINE
  5
2B4
330
1F
100
AcDbEntity
  8
Chanfro
 62
    30
100
AcDbLine
 10
3625.598559088565
 20
83.99999985993906
 30
0.0
 11
3625.598559088441
 21
12.99999985994087
 31
0.0
  0
LINE
  5
2B5
330
1F
100
AcDbEntity
  8
Chanfro
 62
    30
100
AcDbLine
 10
3635.598559088564
 20
83.99999985992158
 30
0.0
 11
3635.598559088441
 21
12.99999985992342
 31
0.0
  0
LINE
  5
2B6
330
1F
100
AcDbEntity
  8
Chanfro
 62
    30
100
AcDbLine
 10
3645.598559088564
 20
83.99999985990412
 30
0.0
 11
3645.598559088441
 21
12.99999985990597
 31
0.0
  0
LINE
  5
2B7
330
1F
100
AcDbEntity
  8
Chanfro
 62
    30
100
AcDbLine
 10
3655.598559088564
 20
83.99999985988669
 30
0.0
 11
3655.598559088441
 21
12.99999985988853
 31
0.0
  0
LINE
  5
2B8
330
1F
100
AcDbEntity
  8
Chanfro
 62
    30
100
AcDbLine
 10
3665.598559088564
 20
83.99999985986923
 30
0.0
 11
3665.598559088441
 21
12.99999985987108
 31
0.0
  0
LINE
  5
2B9
330
1F
100
AcDbEntity
  8
Chanfro
 62
    30
100
AcDbLine
 10
3675.598559088565
 20
83.9999998598518
 30
0.0
 11
3675.598559088442
 21
12.99999985985364
 31
0.0
  0
LINE
  5
2BA
330
1F
100
AcDbEntity
  8
Chanfro
 62
    30
100
AcDbLine
 10
3685.598559088564
 20
83.99999985983438
 30
0.0
 11
3685.598559088441
 21
12.99999985983619
 31
0.0
  0
LINE
  5
2BB
330
1F
100
AcDbEntity
  8
Chanfro
 62
    30
100
AcDbLine
 10
3695.598559088564
 20
83.99999985981693
 30
0.0
 11
3695.598559088441
 21
12.99999985981874
 31
0.0
  0
LINE
  5
2BC
330
1F
100
AcDbEntity
  8
Chanfro
 62
    30
100
AcDbLine
 10
3705.598559088564
 20
83.99999985979947
 30
0.0
 11
3705.598559088441
 21
12.99999985980129
 31
0.0
  0
LINE
  5
2BD
330
1F
100
AcDbEntity
  8
Chanfro
 62
    30
100
AcDbLine
 10
3715.598559088566
 20
83.99999985978203
 30
0.0
 11
3715.598559088442
 21
12.99999985978385
 31
0.0
  0
LINE
  5
2BE
330
1F
100
AcDbEntity
  8
Chanfro
 62
    30
100
AcDbLine
 10
3725.598559088565
 20
83.99999985976457
 30
0.0
 11
3725.598559088441
 21
12.9999998597664
 31
0.0
  0
LINE
  5
2BF
330
1F
100
AcDbEntity
  8
Chanfro
 62
    30
100
AcDbLine
 10
3735.598559088564
 20
83.99999985974712
 30
0.0
 11
3735.598559088441
 21
12.99999985974895
 31
0.0
  0
LINE
  5
2C0
330
1F
100
AcDbEntity
  8
Chanfro
 62
    30
100
AcDbLine
 10
3745.598559088564
 20
83.99999985972966
 30
0.0
 11
3745.598559088441
 21
12.99999985973151
 31
0.0
  0
LINE
  5
2C1
330
1F
100
AcDbEntity
  8
Chanfro
 62
    30
100
AcDbLine
 10
3755.598559088564
 20
83.99999985971223
 30
0.0
 11
3755.598559088441
 21
12.99999985971406
 31
0.0
  0
LINE
  5
2C2
330
1F
100
AcDbEntity
  8
Chanfro
 62
    30
100
AcDbLine
 10
3833.868117742557
 20
83.99999985957569
 30
0.0
 11
3768.515323743678
 21
12.99999985969152
 31
0.0
  0
LINE
  5
2C3
330
1F
100
AcDbEntity
  8
Chanfro
 62
    30
100
AcDbLine
 10
3823.868117742557
 20
83.99999985959315
 30
0.0
 11
3758.515323743679
 21
12.99999985970897
 31
0.0
  0
LINE
  5
2C4
330
1F
100
AcDbEntity
  8
Chanfro
 62
    30
100
AcDbLine
 10
3813.868117742557
 20
83.99999985961057
 30
0.0
 11
3748.515323743678
 21
12.99999985972642
 31
0.0
  0
LINE
  5
2C5
330
1F
100
AcDbEntity
  8
Chanfro
 62
    30
100
AcDbLine
 10
3803.868117742558
 20
83.999999859628
 30
0.0
 11
3738.515323743679
 21
12.99999985974386
 31
0.0
  0
LINE
  5
2C6
330
1F
100
AcDbEntity
  8
Chanfro
 62
    30
100
AcDbLine
 10
3793.868117742557
 20
83.99999985964546
 30
0.0
 11
3728.515323743679
 21
12.99999985976131
 31
0.0
  0
LINE
  5
2C7
330
1F
100
AcDbEntity
  8
Chanfro
 62
    30
100
AcDbLine
 10
3765.598559088566
 20
83.99999985969479
 30
0.0
 11
3765.598559088442
 21
12.99999985969661
 31
0.0
  0
LINE
  5
2C8
330
1F
100
AcDbEntity
  8
Chanfro
 62
    30
100
AcDbLine
 10
3775.598559088564
 20
83.99999985967735
 30
0.0
 11
3775.598559088442
 21
12.99999985967916
 31
0.0
  0
MTEXT
  5
2C9
330
1F
100
AcDbEntity
  8
Chanfro
 62
    30
100
AcDbMText
 10
4715.477953052718
 20
62.40843599575566
 30
0.0
 40
20.0
 41
113.3036040487877
 71
     7
 72
     5
  1
{\W0.320873; }CH 0+30
 11
-1.0
 21
0.0000000000017481
 31
0.0
 73
     1
 44
1.0
1001
ACAD
1000
MTEXTBEGIN
1070
    73
1070
     1
1070
    44
1040
1.0
1070
    74
1070
     0
1000
MTEXTEND
  0
MTEXT
  5
2CA
102
{ACAD_XDICTIONARY
360
4E7
102
}
330
1F
100
AcDbEntity
  8
Chanfro
 62
    30
100
AcDbMText
 10
3444.372090407664
 20
62.40843599797336
 30
0.0
 40
20.0
 41
113.3036040487877
 71
     9
 72
     5
  1
CH 0+30
 11
-1.0
 21
0.0000000000017481
 31
0.0
 73
     1
 44
1.0
1001
ACAD
1000
MTEXTBEGIN
1070
    73
1070
     1
1070
    44
1040
1.0
1070
    74
1070
     0
1000
MTEXTEND
  0
MTEXT
  5
2CB
330
1F
100
AcDbEntity
  8
Texto
 62
    30
100
AcDbMText
 10
4450.681885608635
 20
313.4811707558716
 30
0.0
 40
30.0
 41
778.0618204815507
 71
     1
 72
     5
  1
{\W9.51243;  }DT20768-004-056
 11
-1.0
 21
0.0000000000017623
 31
0.0
 73
     1
 44
1.0
1001
ACAD
1000
MTEXTBEGIN
1070
    73
1070
     1
1070
    44
1040
1.0
1070
    74
1070
     0
1000
MTEXTEND
  0
LWPOLYLINE
  5
2CC
330
1F
100
AcDbEntity
  8
Des.
 62
    30
100
AcDbPolyline
 90
       12
 70
     1
 43
0.0
 10
3985.839993523498
 20
17.99999985773798
 42
0.3877945829845373
 10
3988.82757110991
 20
20.72727258525949
 42
-0.9128709292189263
 10
4048.579122837729
 20
20.72727258515525
 42
0.3877945823124093
 10
4051.566700424133
 20
17.99999985762331
 10
4110.703346973816
 20
17.99999985752014
 42
0.4142135622357757
 10
4113.70334697382
 20
20.99999985751489
 10
4113.70334697398
 20
111.9999998575148
 42
0.4142135628587396
 10
4110.703346973985
 20
114.99999985752
 10
3922.703346973985
 20
114.9999998578481
 42
0.4142135624899658
 10
3919.70334697398
 20
111.9999998578533
 10
3919.703346973821
 20
20.99999985785337
 42
0.4142135618672275
 10
3922.703346973816
 20
17.99999985784814
  0
MTEXT
  5
2CD
102
{ACAD_XDICTIONARY
360
4E9
102
}
330
1F
100
AcDbEntity
  8
Texto
 62
    30
100
AcDbMText
 10
4076.873242207354
 20
107.3104001498565
 30
0.0
 40
5.0
 41
136.9918899336044
 71
     1
 72
     5
  1
\pt70;DT-20418-006-007 pos.5
 11
-1.0
 21
0.0000000000017338
 31
0.0
 73
     1
 44
1.0
1001
ACAD
1000
MTEXTBEGIN
1070
    73
1070
     1
1070
    44
1040
1.0
1070
    74
1070
     0
1000
MTEXTEND
  0
LWPOLYLINE
  5
2CE
330
1F
100
AcDbEntity
  8
1LBR001430
 62
    30
100
AcDbPolyline
 90
       17
 70
     1
 43
0.0
 10
3225.831876706147
 20
18.02066085773795
 10
3276.928425746363
 20
91.69215620349202
 42
0.4142135616639731
 10
3276.173047249166
 20
95.86700989266157
 10
3153.373837101321
 20
181.0372081351598
 42
0.209310057109531
 10
3151.012555926304
 20
181.5004859642421
 42
-0.2093100583808174
 10
3039.658471185408
 20
203.3478962603886
 10
2896.024373489273
 20
302.968606853183
 42
-0.209310058381428
 10
2836.543675143067
 20
399.607564056673
 42
0.2093100585620599
 10
2835.282377422441
 20
401.6568085990273
 10
2687.832006342764
 20
503.9243828013884
 42
0.4142135625063033
 10
2683.657152653595
 20
503.1690043041916
 10
2643.601053649804
 20
445.4157358984484
 42
0.2657084751506615
 10
2643.342320784456
 20
442.4487605160821
 10
2774.06203565755
 20
159.2399967627461
 42
0.1337811308039959
 10
2775.076147020072
 20
158.0321184559602
 10
2946.291089997835
 20
39.28208237724604
 42
0.1337811282003688
 10
2947.777733291223
 20
38.75550514850163
  0
MTEXT
  5
2CF
330
1F
100
AcDbEntity
  8
Texto
 62
    30
100
AcDbMText
 10
2819.853104026208
 20
247.4760375494478
 30
0.0
 40
10.0
 41
220.2235524293556
 71
     1
 72
     5
  1
{\W6.1695;  }1LBR001430 POS.3
 11
0.8217053643943872
 21
-0.5699125319954698
 31
0.0
 73
     1
 44
1.0
1001
ACAD
1000
MTEXTBEGIN
1070
    73
1070
     1
1070
    44
1040
1.0
1070
    74
1070
     0
1000
MTEXTEND
  0
LWPOLYLINE
  5
2D0
330
1F
100
AcDbEntity
  8
mp-23452-13
 62
    30
100
AcDbPolyline
 90
       37
 70
     1
 43
0.0
 10
2655.901575706146
 20
342.403436229664
 10
2648.901882907634
 20
342.4690161536223
 42
0.4142135630034116
 10
2645.873908883715
 20
339.4972534930975
 10
2643.009402544652
 20
33.75331262522447
 42
0.1989123667757159
 10
2643.868169921288
 20
31.62385341420704
 10
2652.03322719402
 20
23.30435278450991
 42
0.1989123674698525
 10
2654.146222477909
 20
22.40583797161129
 10
2909.892357642077
 20
20.00975966082237
 42
0.4142135618657934
 10
2912.920331665994
 20
22.98152232134644
 10
2913.060860074477
 20
37.98086403244858
 10
2893.061737793006
 20
38.16823524375812
 10
2893.127317716965
 20
45.16792804227249
 10
2853.129073154027
 20
45.54267046489159
 10
2853.335181486467
 20
67.54170497450805
 10
2813.336936923528
 20
67.91644739712713
 10
2813.58051949823
 20
93.91530636303848
 10
2793.58139721676
 20
94.10267757434805
 10
2793.731294185808
 20
110.1019753995228
 10
2773.732171904337
 20
110.2893466108323
 10
2773.910174555081
 20
129.2885127782293
 10
2753.911052273613
 20
129.4758839895388
 10
2754.107792045488
 20
150.474962385081
 10
2734.108669764019
 20
150.6623335963905
 10
2734.239829611935
 20
164.6617191934192
 10
2714.240707330467
 20
164.8490904047287
 10
2714.493658465734
 20
191.8479054847126
 10
2704.494097324998
 20
191.9415910903675
 10
2704.643994294045
 20
207.9408889155432
 10
2694.644433153313
 20
208.0345745211979
 10
2694.822435804057
 20
227.033740688594
 10
2684.822874663321
 20
227.1274262942487
 10
2685.01024587463
 20
247.1265485757183
 10
2675.010684733896
 20
247.2202341813731
 10
2675.235530187467
 20
271.2191809191366
 10
2665.235969046732
 20
271.3128665247914
 10
2665.507657303131
 20
300.3115938329222
 10
2655.508096162396
 20
300.405279438577
  0
MTEXT
  5
2D1
330
1F
100
AcDbEntity
  8
Texto
 62
    30
100
AcDbMText
 10
2712.77355773668
 20
139.8141467320758
 30
0.0
 40
10.0
 41
60.75972006393567
 71
     1
 72
     5
  1
mp-23452-13 pos.1
 11
-0.0093685605652359
 21
-0.9999561140734806
 31
0.0
 73
     1
 44
1.0
1001
ACAD
1000
MTEXTBEGIN
1070
    73
1070
     1
1070
    44
1040
1.0
1070
    74
1070
     0
1000
MTEXTEND
  0
LWPOLYLINE
  5
2D2
330
1F
100
AcDbEntity
  8
DT20768-004-056
 62
    30
100
AcDbPolyline
 90
       12
 70
     1
 43
0.0
 10
5102.477869079912
 20
1726.49323670262
 42
0.7432941462471577
 10
5102.477869079912
 20
112.0583510537562
 10
5102.477869079912
 20
607.8660958917624
 42
-0.2065741314073466
 10
4952.197105875235
 20
882.4621918630596
 42
0.3871333546247181
 10
4950.205810871903
 20
884.275793878174
 10
4934.47786907991
 20
884.275793878174
 42
-0.4142135623466422
 10
4920.47786907991
 20
898.2757938781741
 10
4920.47786907991
 20
940.2757938781732
 42
-0.414213562353335
 10
4934.47786907991
 20
954.2757938781731
 10
4950.205810871903
 20
954.2757938781731
 42
0.3871333542462834
 10
4952.197105875235
 20
956.0893958932881
 42
-0.2065741314073116
 10
5102.477869079912
 20
1230.685491864615
  0
LINE
  5
2D3
330
1F
100
AcDbEntity
  8
Chanfro
 62
    30
100
AcDbLine
 10
5036.477869079912
 20
1703.602256519852
 30
0.0
 11
5107.477869079912
 21
1703.602256519852
 31
0.0
  0
LINE
  5
2D4
330
1F
100
AcDbEntity
  8
Chanfro
 62
    30
100
AcDbLine
 10
5036.477869079912
 20
1693.602256519852
 30
0.0
 11
5107.477869079912
 21
1693.602256519852
 31
0.0
  0
LINE
  5
2D5
330
1F
100
AcDbEntity
  8
Chanfro
 62
    30
100
AcDbLine
 10
5036.477869079912
 20
1683.602256519852
 30
0.0
 11
5107.477869079912
 21
1683.602256519852
 31
0.0
  0
LINE
  5
2D6
330
1F
100
AcDbEntity
  8
Chanfro
 62
    30
100
AcDbLine
 10
5036.477869079912
 20
1673.602256519852
 30
0.0
 11
5107.477869079912
 21
1673.602256519852
 31
0.0
  0
LINE
  5
2D7
330
1F
100
AcDbEntity
  8
Chanfro
 62
    30
100
AcDbLine
 10
5036.477869079912
 20
1663.602256519852
 30
0.0
 11
5107.477869079912
 21
1663.602256519852
 31
0.0
  0
LINE
  5
2D8
330
1F
100
AcDbEntity
  8
Chanfro
 62
    30
100
AcDbLine
 10
5036.477869079912
 20
1653.602256519852
 30
0.0
 11
5107.477869079912
 21
1653.602256519852
 31
0.0
  0
LINE
  5
2D9
330
1F
100
AcDbEntity
  8
Chanfro
 62
    30
100
AcDbLine
 10
5036.477869079912
 20
1643.602256519852
 30
0.0
 11
5107.477869079912
 21
1643.602256519852
 31
0.0
  0
LINE
  5
2DA
330
1F
100
AcDbEntity
  8
Chanfro
 62
    30
100
AcDbLine
 10
5036.477869079912
 20
1633.602256519852
 30
0.0
 11
5107.477869079912
 21
1633.602256519852
 31
0.0
  0
LINE
  5
2DB
330
1F
100
AcDbEntity
  8
Chanfro
 62
    30
100
AcDbLine
 10
5036.477869079912
 20
1623.602256519852
 30
0.0
 11
5107.477869079912
 21
1623.602256519852
 31
0.0
  0
LINE
  5
2DC
330
1F
100
AcDbEntity
  8
Chanfro
 62
    30
100
AcDbLine
 10
5036.477869079912
 20
1613.602256519852
 30
0.0
 11
5107.477869079912
 21
1613.602256519852
 31
0.0
  0
LINE
  5
2DD
330
1F
100
AcDbEntity
  8
Chanfro
 62
    30
100
AcDbLine
 10
5036.477869079912
 20
1603.602256519852
 30
0.0
 11
5107.477869079912
 21
1603.602256519852
 31
0.0
  0
LINE
  5
2DE
330
1F
100
AcDbEntity
  8
Chanfro
 62
    30
100
AcDbLine
 10
5036.477869079912
 20
1593.602256519852
 30
0.0
 11
5107.477869079912
 21
1593.602256519852
 31
0.0
  0
LINE
  5
2DF
330
1F
100
AcDbEntity
  8
Chanfro
 62
    30
100
AcDbLine
 10
5036.477869079912
 20
1583.602256519852
 30
0.0
 11
5107.477869079912
 21
1583.602256519852
 31
0.0
  0
LINE
  5
2E0
330
1F
100
AcDbEntity
  8
Chanfro
 62
    30
100
AcDbLine
 10
5036.477869079912
 20
1573.602256519852
 30
0.0
 11
5107.477869079912
 21
1573.602256519852
 31
0.0
  0
LINE
  5
2E1
330
1F
100
AcDbEntity
  8
Chanfro
 62
    30
100
AcDbLine
 10
5036.477869079912
 20
1563.602256519852
 30
0.0
 11
5107.477869079912
 21
1563.602256519852
 31
0.0
  0
LINE
  5
2E2
330
1F
100
AcDbEntity
  8
Chanfro
 62
    30
100
AcDbLine
 10
5036.477869079912
 20
1553.602256519852
 30
0.0
 11
5107.477869079912
 21
1553.602256519852
 31
0.0
  0
LINE
  5
2E3
330
1F
100
AcDbEntity
  8
Chanfro
 62
    30
100
AcDbLine
 10
5036.477869079912
 20
1543.602256519852
 30
0.0
 11
5107.477869079912
 21
1543.602256519852
 31
0.0
  0
LINE
  5
2E4
330
1F
100
AcDbEntity
  8
Chanfro
 62
    30
100
AcDbLine
 10
5036.477869079912
 20
1533.602256519852
 30
0.0
 11
5107.477869079912
 21
1533.602256519852
 31
0.0
  0
LINE
  5
2E5
330
1F
100
AcDbEntity
  8
Chanfro
 62
    30
100
AcDbLine
 10
5036.477869079912
 20
1523.602256519852
 30
0.0
 11
5107.477869079912
 21
1523.602256519852
 31
0.0
  0
LINE
  5
2E6
330
1F
100
AcDbEntity
  8
Chanfro
 62
    30
100
AcDbLine
 10
5036.477869079912
 20
1513.602256519852
 30
0.0
 11
5107.477869079912
 21
1513.602256519852
 31
0.0
  0
LINE
  5
2E7
330
1F
100
AcDbEntity
  8
Chanfro
 62
    30
100
AcDbLine
 10
5036.477869079912
 20
1503.602256519852
 30
0.0
 11
5107.477869079912
 21
1503.602256519852
 31
0.0
  0
LINE
  5
2E8
330
1F
100
AcDbEntity
  8
Chanfro
 62
    30
100
AcDbLine
 10
5036.477869079912
 20
1493.602256519852
 30
0.0
 11
5107.477869079912
 21
1493.602256519852
 31
0.0
  0
LINE
  5
2E9
330
1F
100
AcDbEntity
  8
Chanfro
 62
    30
100
AcDbLine
 10
5036.477869079912
 20
1483.602256519852
 30
0.0
 11
5107.477869079912
 21
1483.602256519852
 31
0.0
  0
LINE
  5
2EA
330
1F
100
AcDbEntity
  8
Chanfro
 62
    30
100
AcDbLine
 10
5036.477869079912
 20
1473.602256519852
 30
0.0
 11
5107.477869079912
 21
1473.602256519852
 31
0.0
  0
LINE
  5
2EB
330
1F
100
AcDbEntity
  8
Chanfro
 62
    30
100
AcDbLine
 10
5036.477869079912
 20
1463.602256519852
 30
0.0
 11
5107.477869079912
 21
1463.602256519852
 31
0.0
  0
LINE
  5
2EC
330
1F
100
AcDbEntity
  8
Chanfro
 62
    30
100
AcDbLine
 10
5036.477869079912
 20
1453.602256519852
 30
0.0
 11
5107.477869079912
 21
1453.602256519852
 31
0.0
  0
LINE
  5
2ED
330
1F
100
AcDbEntity
  8
Chanfro
 62
    30
100
AcDbLine
 10
5036.477869079912
 20
1443.602256519852
 30
0.0
 11
5107.477869079912
 21
1443.602256519852
 31
0.0
  0
LINE
  5
2EE
330
1F
100
AcDbEntity
  8
Chanfro
 62
    30
100
AcDbLine
 10
5036.477869079912
 20
1433.602256519852
 30
0.0
 11
5107.477869079912
 21
1433.602256519852
 31
0.0
  0
LINE
  5
2EF
330
1F
100
AcDbEntity
  8
Chanfro
 62
    30
100
AcDbLine
 10
5036.477869079912
 20
1423.602256519852
 30
0.0
 11
5107.477869079912
 21
1423.602256519852
 31
0.0
  0
LINE
  5
2F0
330
1F
100
AcDbEntity
  8
Chanfro
 62
    30
100
AcDbLine
 10
5036.477869079912
 20
1413.602256519852
 30
0.0
 11
5107.477869079912
 21
1413.602256519852
 31
0.0
  0
LINE
  5
2F1
330
1F
100
AcDbEntity
  8
Chanfro
 62
    30
100
AcDbLine
 10
5036.477869079912
 20
1403.602256519852
 30
0.0
 11
5107.477869079912
 21
1403.602256519852
 31
0.0
  0
LINE
  5
2F2
330
1F
100
AcDbEntity
  8
Chanfro
 62
    30
100
AcDbLine
 10
5036.477869079912
 20
1393.602256519852
 30
0.0
 11
5107.477869079912
 21
1393.602256519852
 31
0.0
  0
LINE
  5
2F3
330
1F
100
AcDbEntity
  8
Chanfro
 62
    30
100
AcDbLine
 10
5036.477869079912
 20
1383.602256519853
 30
0.0
 11
5107.477869079912
 21
1383.602256519853
 31
0.0
  0
LINE
  5
2F4
330
1F
100
AcDbEntity
  8
Chanfro
 62
    30
100
AcDbLine
 10
5036.477869079912
 20
1373.602256519852
 30
0.0
 11
5107.477869079912
 21
1373.602256519852
 31
0.0
  0
LINE
  5
2F5
330
1F
100
AcDbEntity
  8
Chanfro
 62
    30
100
AcDbLine
 10
5036.477869079912
 20
1363.602256519852
 30
0.0
 11
5107.477869079912
 21
1363.602256519852
 31
0.0
  0
LINE
  5
2F6
330
1F
100
AcDbEntity
  8
Chanfro
 62
    30
100
AcDbLine
 10
5036.477869079912
 20
1353.602256519852
 30
0.0
 11
5107.477869079912
 21
1353.602256519852
 31
0.0
  0
LINE
  5
2F7
330
1F
100
AcDbEntity
  8
Chanfro
 62
    30
100
AcDbLine
 10
5036.477869079912
 20
1343.602256519852
 30
0.0
 11
5107.477869079912
 21
1343.602256519852
 31
0.0
  0
LINE
  5
2F8
330
1F
100
AcDbEntity
  8
Chanfro
 62
    30
100
AcDbLine
 10
5036.477869079912
 20
1333.602256519852
 30
0.0
 11
5107.477869079912
 21
1333.602256519852
 31
0.0
  0
LINE
  5
2F9
330
1F
100
AcDbEntity
  8
Chanfro
 62
    30
100
AcDbLine
 10
5036.477869079912
 20
1323.602256519852
 30
0.0
 11
5107.477869079912
 21
1323.602256519852
 31
0.0
  0
LINE
  5
2FA
330
1F
100
AcDbEntity
  8
Chanfro
 62
    30
100
AcDbLine
 10
5036.477869079912
 20
1313.602256519852
 30
0.0
 11
5107.477869079912
 21
1313.602256519852
 31
0.0
  0
LINE
  5
2FB
330
1F
100
AcDbEntity
  8
Chanfro
 62
    30
100
AcDbLine
 10
5036.477869079912
 20
1303.602256519852
 30
0.0
 11
5107.477869079912
 21
1303.602256519852
 31
0.0
  0
LINE
  5
2FC
330
1F
100
AcDbEntity
  8
Chanfro
 62
    30
100
AcDbLine
 10
5036.477869079912
 20
1293.602256519852
 30
0.0
 11
5107.477869079912
 21
1293.602256519852
 31
0.0
  0
LINE
  5
2FD
330
1F
100
AcDbEntity
  8
Chanfro
 62
    30
100
AcDbLine
 10
5036.477869079912
 20
1283.602256519852
 30
0.0
 11
5107.477869079912
 21
1283.602256519852
 31
0.0
  0
LINE
  5
2FE
330
1F
100
AcDbEntity
  8
Chanfro
 62
    30
100
AcDbLine
 10
5036.477869079912
 20
1273.602256519852
 30
0.0
 11
5107.477869079912
 21
1273.602256519852
 31
0.0
  0
LINE
  5
2FF
330
1F
100
AcDbEntity
  8
Chanfro
 62
    30
100
AcDbLine
 10
5036.477869079912
 20
1263.602256519852
 30
0.0
 11
5107.477869079912
 21
1263.602256519852
 31
0.0
  0
LINE
  5
300
330
1F
100
AcDbEntity
  8
Chanfro
 62
    30
100
AcDbLine
 10
5036.477869079912
 20
1253.602256519852
 30
0.0
 11
5107.477869079912
 21
1253.602256519852
 31
0.0
  0
LINE
  5
301
330
1F
100
AcDbEntity
  8
Chanfro
 62
    30
100
AcDbLine
 10
5036.477869079912
 20
1243.602256519852
 30
0.0
 11
5107.477869079912
 21
1243.602256519852
 31
0.0
  0
LINE
  5
302
330
1F
100
AcDbEntity
  8
Chanfro
 62
    30
100
AcDbLine
 10
5036.477869079912
 20
1165.332697865861
 30
0.0
 11
5107.477869079912
 21
1230.685491864615
 31
0.0
  0
LINE
  5
303
330
1F
100
AcDbEntity
  8
Chanfro
 62
    30
100
AcDbLine
 10
5036.477869079912
 20
1175.332697865861
 30
0.0
 11
5107.477869079912
 21
1240.685491864615
 31
0.0
  0
LINE
  5
304
330
1F
100
AcDbEntity
  8
Chanfro
 62
    30
100
AcDbLine
 10
5036.477869079912
 20
1185.332697865861
 30
0.0
 11
5107.477869079912
 21
1250.685491864615
 31
0.0
  0
LINE
  5
305
330
1F
100
AcDbEntity
  8
Chanfro
 62
    30
100
AcDbLine
 10
5036.477869079912
 20
1195.332697865861
 30
0.0
 11
5107.477869079912
 21
1260.685491864615
 31
0.0
  0
LINE
  5
306
330
1F
100
AcDbEntity
  8
Chanfro
 62
    30
100
AcDbLine
 10
5036.477869079912
 20
1205.332697865861
 30
0.0
 11
5107.477869079912
 21
1270.685491864615
 31
0.0
  0
LINE
  5
307
330
1F
100
AcDbEntity
  8
Chanfro
 62
    30
100
AcDbLine
 10
5036.477869079912
 20
1233.602256519853
 30
0.0
 11
5107.477869079912
 21
1233.602256519853
 31
0.0
  0
LINE
  5
308
330
1F
100
AcDbEntity
  8
Chanfro
 62
    30
100
AcDbLine
 10
5036.477869079912
 20
1223.602256519852
 30
0.0
 11
5107.477869079912
 21
1223.602256519852
 31
0.0
  0
LINE
  5
309
330
1F
100
AcDbEntity
  8
Chanfro
 62
    30
100
AcDbLine
 10
5036.477869079912
 20
134.9493312365257
 30
0.0
 11
5107.477869079912
 21
134.9493312365257
 31
0.0
  0
LINE
  5
30A
330
1F
100
AcDbEntity
  8
Chanfro
 62
    30
100
AcDbLine
 10
5036.477869079912
 20
144.9493312365257
 30
0.0
 11
5107.477869079912
 21
144.9493312365257
 31
0.0
  0
LINE
  5
30B
330
1F
100
AcDbEntity
  8
Chanfro
 62
    30
100
AcDbLine
 10
5036.477869079912
 20
154.9493312365248
 30
0.0
 11
5107.477869079912
 21
154.9493312365248
 31
0.0
  0
LINE
  5
30C
330
1F
100
AcDbEntity
  8
Chanfro
 62
    30
100
AcDbLine
 10
5036.477869079912
 20
164.9493312365257
 30
0.0
 11
5107.477869079912
 21
164.9493312365257
 31
0.0
  0
LINE
  5
30D
330
1F
100
AcDbEntity
  8
Chanfro
 62
    30
100
AcDbLine
 10
5036.477869079912
 20
174.9493312365248
 30
0.0
 11
5107.477869079912
 21
174.9493312365248
 31
0.0
  0
LINE
  5
30E
330
1F
100
AcDbEntity
  8
Chanfro
 62
    30
100
AcDbLine
 10
5036.477869079912
 20
184.9493312365257
 30
0.0
 11
5107.477869079912
 21
184.9493312365257
 31
0.0
  0
LINE
  5
30F
330
1F
100
AcDbEntity
  8
Chanfro
 62
    30
100
AcDbLine
 10
5036.477869079912
 20
194.9493312365248
 30
0.0
 11
5107.477869079912
 21
194.9493312365248
 31
0.0
  0
LINE
  5
310
330
1F
100
AcDbEntity
  8
Chanfro
 62
    30
100
AcDbLine
 10
5036.477869079912
 20
204.9493312365257
 30
0.0
 11
5107.477869079912
 21
204.9493312365257
 31
0.0
  0
LINE
  5
311
330
1F
100
AcDbEntity
  8
Chanfro
 62
    30
100
AcDbLine
 10
5036.477869079912
 20
214.9493312365253
 30
0.0
 11
5107.477869079912
 21
214.9493312365253
 31
0.0
  0
LINE
  5
312
330
1F
100
AcDbEntity
  8
Chanfro
 62
    30
100
AcDbLine
 10
5036.477869079912
 20
224.9493312365252
 30
0.0
 11
5107.477869079912
 21
224.9493312365252
 31
0.0
  0
LINE
  5
313
330
1F
100
AcDbEntity
  8
Chanfro
 62
    30
100
AcDbLine
 10
5036.477869079912
 20
234.9493312365253
 30
0.0
 11
5107.477869079912
 21
234.9493312365253
 31
0.0
  0
LINE
  5
314
330
1F
100
AcDbEntity
  8
Chanfro
 62
    30
100
AcDbLine
 10
5036.477869079912
 20
244.9493312365244
 30
0.0
 11
5107.477869079912
 21
244.9493312365244
 31
0.0
  0
LINE
  5
315
330
1F
100
AcDbEntity
  8
Chanfro
 62
    30
100
AcDbLine
 10
5036.477869079912
 20
254.9493312365253
 30
0.0
 11
5107.477869079912
 21
254.9493312365253
 31
0.0
  0
LINE
  5
316
330
1F
100
AcDbEntity
  8
Chanfro
 62
    30
100
AcDbLine
 10
5036.477869079912
 20
264.9493312365253
 30
0.0
 11
5107.477869079912
 21
264.9493312365253
 31
0.0
  0
LINE
  5
317
330
1F
100
AcDbEntity
  8
Chanfro
 62
    30
100
AcDbLine
 10
5036.477869079912
 20
274.9493312365252
 30
0.0
 11
5107.477869079912
 21
274.9493312365252
 31
0.0
  0
LINE
  5
318
330
1F
100
AcDbEntity
  8
Chanfro
 62
    30
100
AcDbLine
 10
5036.477869079912
 20
284.9493312365244
 30
0.0
 11
5107.477869079912
 21
284.9493312365244
 31
0.0
  0
LINE
  5
319
330
1F
100
AcDbEntity
  8
Chanfro
 62
    30
100
AcDbLine
 10
5036.477869079912
 20
294.9493312365253
 30
0.0
 11
5107.477869079912
 21
294.9493312365253
 31
0.0
  0
LINE
  5
31A
330
1F
100
AcDbEntity
  8
Chanfro
 62
    30
100
AcDbLine
 10
5036.477869079912
 20
304.9493312365253
 30
0.0
 11
5107.477869079912
 21
304.9493312365253
 31
0.0
  0
LINE
  5
31B
330
1F
100
AcDbEntity
  8
Chanfro
 62
    30
100
AcDbLine
 10
5036.477869079912
 20
314.9493312365253
 30
0.0
 11
5107.477869079912
 21
314.9493312365253
 31
0.0
  0
LINE
  5
31C
330
1F
100
AcDbEntity
  8
Chanfro
 62
    30
100
AcDbLine
 10
5036.477869079912
 20
324.9493312365244
 30
0.0
 11
5107.477869079912
 21
324.9493312365244
 31
0.0
  0
LINE
  5
31D
330
1F
100
AcDbEntity
  8
Chanfro
 62
    30
100
AcDbLine
 10
5036.477869079912
 20
334.9493312365244
 30
0.0
 11
5107.477869079912
 21
334.9493312365244
 31
0.0
  0
LINE
  5
31E
330
1F
100
AcDbEntity
  8
Chanfro
 62
    30
100
AcDbLine
 10
5036.477869079912
 20
344.9493312365244
 30
0.0
 11
5107.477869079912
 21
344.9493312365244
 31
0.0
  0
LINE
  5
31F
330
1F
100
AcDbEntity
  8
Chanfro
 62
    30
100
AcDbLine
 10
5036.477869079912
 20
354.9493312365243
 30
0.0
 11
5107.477869079912
 21
354.9493312365243
 31
0.0
  0
LINE
  5
320
330
1F
100
AcDbEntity
  8
Chanfro
 62
    30
100
AcDbLine
 10
5036.477869079912
 20
364.9493312365243
 30
0.0
 11
5107.477869079912
 21
364.9493312365243
 31
0.0
  0
LINE
  5
321
330
1F
100
AcDbEntity
  8
Chanfro
 62
    30
100
AcDbLine
 10
5036.477869079912
 20
374.9493312365244
 30
0.0
 11
5107.477869079912
 21
374.9493312365244
 31
0.0
  0
LINE
  5
322
330
1F
100
AcDbEntity
  8
Chanfro
 62
    30
100
AcDbLine
 10
5036.477869079912
 20
384.9493312365244
 30
0.0
 11
5107.477869079912
 21
384.9493312365244
 31
0.0
  0
LINE
  5
323
330
1F
100
AcDbEntity
  8
Chanfro
 62
    30
100
AcDbLine
 10
5036.477869079912
 20
394.9493312365244
 30
0.0
 11
5107.477869079912
 21
394.9493312365244
 31
0.0
  0
LINE
  5
324
330
1F
100
AcDbEntity
  8
Chanfro
 62
    30
100
AcDbLine
 10
5036.477869079912
 20
404.9493312365243
 30
0.0
 11
5107.477869079912
 21
404.9493312365243
 31
0.0
  0
LINE
  5
325
330
1F
100
AcDbEntity
  8
Chanfro
 62
    30
100
AcDbLine
 10
5036.477869079912
 20
414.9493312365252
 30
0.0
 11
5107.477869079912
 21
414.9493312365252
 31
0.0
  0
LINE
  5
326
330
1F
100
AcDbEntity
  8
Chanfro
 62
    30
100
AcDbLine
 10
5036.477869079912
 20
424.9493312365244
 30
0.0
 11
5107.477869079912
 21
424.9493312365244
 31
0.0
  0
LINE
  5
327
330
1F
100
AcDbEntity
  8
Chanfro
 62
    30
100
AcDbLine
 10
5036.477869079912
 20
434.9493312365243
 30
0.0
 11
5107.477869079912
 21
434.9493312365243
 31
0.0
  0
LINE
  5
328
330
1F
100
AcDbEntity
  8
Chanfro
 62
    30
100
AcDbLine
 10
5036.477869079912
 20
444.9493312365243
 30
0.0
 11
5107.477869079912
 21
444.9493312365243
 31
0.0
  0
LINE
  5
329
330
1F
100
AcDbEntity
  8
Chanfro
 62
    30
100
AcDbLine
 10
5036.477869079912
 20
454.9493312365243
 30
0.0
 11
5107.477869079912
 21
454.9493312365243
 31
0.0
  0
LINE
  5
32A
330
1F
100
AcDbEntity
  8
Chanfro
 62
    30
100
AcDbLine
 10
5036.477869079912
 20
464.9493312365243
 30
0.0
 11
5107.477869079912
 21
464.9493312365243
 31
0.0
  0
LINE
  5
32B
330
1F
100
AcDbEntity
  8
Chanfro
 62
    30
100
AcDbLine
 10
5036.477869079912
 20
474.9493312365244
 30
0.0
 11
5107.477869079912
 21
474.9493312365244
 31
0.0
  0
LINE
  5
32C
330
1F
100
AcDbEntity
  8
Chanfro
 62
    30
100
AcDbLine
 10
5036.477869079912
 20
484.9493312365243
 30
0.0
 11
5107.477869079912
 21
484.9493312365243
 31
0.0
  0
LINE
  5
32D
330
1F
100
AcDbEntity
  8
Chanfro
 62
    30
100
AcDbLine
 10
5036.477869079912
 20
494.9493312365243
 30
0.0
 11
5107.477869079912
 21
494.9493312365243
 31
0.0
  0
LINE
  5
32E
330
1F
100
AcDbEntity
  8
Chanfro
 62
    30
100
AcDbLine
 10
5036.477869079912
 20
504.9493312365252
 30
0.0
 11
5107.477869079912
 21
504.9493312365252
 31
0.0
  0
LINE
  5
32F
330
1F
100
AcDbEntity
  8
Chanfro
 62
    30
100
AcDbLine
 10
5036.477869079912
 20
514.9493312365242
 30
0.0
 11
5107.477869079912
 21
514.9493312365242
 31
0.0
  0
LINE
  5
330
330
1F
100
AcDbEntity
  8
Chanfro
 62
    30
100
AcDbLine
 10
5036.477869079912
 20
524.9493312365242
 30
0.0
 11
5107.477869079912
 21
524.9493312365242
 31
0.0
  0
LINE
  5
331
330
1F
100
AcDbEntity
  8
Chanfro
 62
    30
100
AcDbLine
 10
5036.477869079912
 20
534.9493312365242
 30
0.0
 11
5107.477869079912
 21
534.9493312365242
 31
0.0
  0
LINE
  5
332
330
1F
100
AcDbEntity
  8
Chanfro
 62
    30
100
AcDbLine
 10
5036.477869079912
 20
544.9493312365242
 30
0.0
 11
5107.477869079912
 21
544.9493312365242
 31
0.0
  0
LINE
  5
333
330
1F
100
AcDbEntity
  8
Chanfro
 62
    30
100
AcDbLine
 10
5036.477869079912
 20
554.9493312365242
 30
0.0
 11
5107.477869079912
 21
554.9493312365242
 31
0.0
  0
LINE
  5
334
330
1F
100
AcDbEntity
  8
Chanfro
 62
    30
100
AcDbLine
 10
5036.477869079912
 20
564.9493312365252
 30
0.0
 11
5107.477869079912
 21
564.9493312365252
 31
0.0
  0
LINE
  5
335
330
1F
100
AcDbEntity
  8
Chanfro
 62
    30
100
AcDbLine
 10
5036.477869079912
 20
574.9493312365241
 30
0.0
 11
5107.477869079912
 21
574.9493312365241
 31
0.0
  0
LINE
  5
336
330
1F
100
AcDbEntity
  8
Chanfro
 62
    30
100
AcDbLine
 10
5036.477869079912
 20
584.9493312365241
 30
0.0
 11
5107.477869079912
 21
584.9493312365241
 31
0.0
  0
LINE
  5
337
330
1F
100
AcDbEntity
  8
Chanfro
 62
    30
100
AcDbLine
 10
5036.477869079912
 20
594.9493312365241
 30
0.0
 11
5107.477869079912
 21
594.9493312365241
 31
0.0
  0
LINE
  5
338
330
1F
100
AcDbEntity
  8
Chanfro
 62
    30
100
AcDbLine
 10
5036.477869079912
 20
673.2188898905164
 30
0.0
 11
5107.477869079912
 21
607.8660958917624
 31
0.0
  0
LINE
  5
339
330
1F
100
AcDbEntity
  8
Chanfro
 62
    30
100
AcDbLine
 10
5036.477869079912
 20
663.2188898905163
 30
0.0
 11
5107.477869079912
 21
597.8660958917624
 31
0.0
  0
LINE
  5
33A
330
1F
100
AcDbEntity
  8
Chanfro
 62
    30
100
AcDbLine
 10
5036.477869079912
 20
653.2188898905164
 30
0.0
 11
5107.477869079912
 21
587.8660958917625
 31
0.0
  0
LINE
  5
33B
330
1F
100
AcDbEntity
  8
Chanfro
 62
    30
100
AcDbLine
 10
5036.477869079912
 20
643.2188898905163
 30
0.0
 11
5107.477869079912
 21
577.8660958917624
 31
0.0
  0
LINE
  5
33C
330
1F
100
AcDbEntity
  8
Chanfro
 62
    30
100
AcDbLine
 10
5036.477869079912
 20
633.2188898905164
 30
0.0
 11
5107.477869079912
 21
567.8660958917625
 31
0.0
  0
LINE
  5
33D
330
1F
100
AcDbEntity
  8
Chanfro
 62
    30
100
AcDbLine
 10
5036.477869079912
 20
604.9493312365241
 30
0.0
 11
5107.477869079912
 21
604.9493312365241
 31
0.0
  0
LINE
  5
33E
330
1F
100
AcDbEntity
  8
Chanfro
 62
    30
100
AcDbLine
 10
5036.477869079912
 20
614.9493312365241
 30
0.0
 11
5107.477869079912
 21
614.9493312365241
 31
0.0
  0
MTEXT
  5
33F
330
1F
100
AcDbEntity
  8
Chanfro
 62
    30
100
AcDbMText
 10
5058.069432942193
 20
1554.828725200716
 30
0.0
 40
20.0
 41
113.3036040487877
 71
     7
 72
     5
  1
{\W0.320873; }CH 0+30
 11
-0.0000000000000002
 21
-1.0
 31
0.0
 73
     1
 44
1.0
1001
ACAD
1000
MTEXTBEGIN
1070
    73
1070
     1
1070
    44
1040
1.0
1070
    74
1070
     0
1000
MTEXTEND
  0
MTEXT
  5
340
102
{ACAD_XDICTIONARY
360
4EB
102
}
330
1F
100
AcDbEntity
  8
Chanfro
 62
    30
100
AcDbMText
 10
5058.069432942193
 20
283.7228625556614
 30
0.0
 40
20.0
 41
113.3036040487877
 71
     9
 72
     5
  1
CH 0+30
 11
-0.0000000000000002
 21
-1.0
 31
0.0
 73
     1
 44
1.0
1001
ACAD
1000
MTEXTBEGIN
1070
    73
1070
     1
1070
    44
1040
1.0
1070
    74
1070
     0
1000
MTEXTEND
  0
MTEXT
  5
341
330
1F
100
AcDbEntity
  8
Texto
 62
    30
100
AcDbMText
 10
4806.996698182538
 20
1290.032657756195
 30
0.0
 40
30.0
 41
778.0618204815507
 71
     1
 72
     5
  1
{\W9.51243;  }DT20768-004-056
 11
-0.0000000000000002
 21
-1.0
 31
0.0
 73
     1
 44
1.0
1001
ACAD
1000
MTEXTBEGIN
1070
    73
1070
     1
1070
    44
1040
1.0
1070
    74
1070
     0
1000
MTEXTEND
  0
LWPOLYLINE
  5
342
330
1F
100
AcDbEntity
  8
14327438
 62
    30
100
AcDbPolyline
 90
       16
 70
     1
 43
0.0
 10
3017.597418856159
 20
459.0578700440721
 10
2955.282351530355
 20
427.3392468242056
 42
-1.000001859496833
 10
2928.065056612133
 20
480.8109108841052
 10
2990.380123937937
 20
512.5295341039715
 42
0.366204480463705
 10
2992.882483599636
 20
518.483050481844
 42
-0.2088410614607591
 10
3010.588495403238
 20
682.4229528001755
 10
2939.025658185748
 20
823.0167922087009
 10
2910.507437353802
 20
808.5009015856499
 42
0.4142135623285776
 10
2908.319573258664
 20
801.7768216708075
 10
2919.660112807923
 20
779.4969616458501
 10
2852.820532733049
 20
745.4753429980729
 42
0.7054659468370185
 10
3345.845430435453
 20
239.3624501968144
 42
0.4261413633361526
 10
3348.215806668843
 20
246.1748171527117
 10
3275.985791134201
 20
388.0794089688508
 42
0.3935244433908274
 10
3269.584225016112
 20
390.4172389165009
 42
-0.3461600107868921
 10
3023.883541476536
 20
457.5777269632582
 42
0.366204480945092
  0
LINE
  5
343
330
1F
100
AcDbEntity
  8
Chanfro
 62
    30
100
AcDbLine
 10
2915.097051927608
 20
722.3272265124234
 30
0.0
 11
2979.263048799488
 21
754.9879804142892
 31
0.0
  0
LINE
  5
344
330
1F
100
AcDbEntity
  8
Chanfro
 62
    30
100
AcDbLine
 10
2919.633267747311
 20
713.4152825024413
 30
0.0
 11
2983.79926461919
 21
746.0760364043069
 31
0.0
  0
LINE
  5
345
330
1F
100
AcDbEntity
  8
Chanfro
 62
    30
100
AcDbLine
 10
2910.560836107904
 20
731.2391705224078
 30
0.0
 11
2974.726832979783
 21
763.8999244242739
 31
0.0
  0
MTEXT
  5
346
330
1F
100
AcDbEntity
  8
Chanfro
 62
    30
100
AcDbMText
 10
2951.79397527224
 20
712.3039696152016
 30
0.0
 40
10.0
 41
51.05227675075729
 71
     9
 72
     5
  1
ch 0+10
 11
0.4536215819703176
 21
-0.8911944009983157
 31
0.0
 73
     1
 44
1.0
1001
ACAD
1000
MTEXTBEGIN
1070
    73
1070
     1
1070
    44
1040
1.0
1070
    74
1070
     0
1000
MTEXTEND
  0
MTEXT
  5
347
330
1F
100
AcDbEntity
  8
Texto
 62
    30
100
AcDbMText
 10
2856.880387333713
 20
509.2964676097848
 30
0.0
 40
20.0
 41
314.1131491535963
 71
     1
 72
     5
  1
14327438
 11
0.4536215819703176
 21
-0.8911944009983157
 31
0.0
 73
     1
 44
1.0
1001
ACAD
1000
MTEXTBEGIN
1070
    73
1070
     1
1070
    44
1040
1.0
1070
    74
1070
     0
1000
MTEXTEND
  0
LWPOLYLINE
  5
348
330
1F
100
AcDbEntity
  8
Des.
 62
    30
100
AcDbPolyline
 90
       12
 70
     1
 43
0.0
 10
3388.318149010002
 20
357.2754926016471
 42
0.3877945839770328
 10
3389.743511659388
 20
361.0612524570349
 42
-0.9128709292101454
 10
3442.993760017257
 20
388.165845863158
 42
0.387794582725289
 10
3446.89342220363
 20
387.090545348368
 10
3499.595670509525
 20
413.9162044949642
 42
0.4142135617830842
 10
3500.908388967658
 20
417.9506524435288
 10
3459.628825029446
 20
499.0493429451091
 42
0.4142135615176087
 10
3455.594377080882
 20
500.362061403242
 10
3288.049829671024
 20
415.0812040363875
 42
0.4142135621148723
 10
3286.737111212892
 20
411.046756087823
 10
3328.016675151103
 20
329.9480655862428
 42
0.414213562380735
 10
3332.051123099667
 20
328.6353471281097
  0
MTEXT
  5
349
102
{ACAD_XDICTIONARY
360
4ED
102
}
330
1F
100
AcDbEntity
  8
Texto
 62
    30
100
AcDbMText
 10
3428.933345506049
 20
478.1630675622793
 30
0.0
 40
5.0
 41
136.9918899336044
 71
     1
 72
     5
  1
\pt70;DT-20418-006-007 pos.5
 11
-0.89119440111624
 21
-0.4536215817386404
 31
0.0
 73
     1
 44
1.0
1001
ACAD
1000
MTEXTBEGIN
1070
    73
1070
     1
1070
    44
1040
1.0
1070
    74
1070
     0
1000
MTEXTEND
  0
LWPOLYLINE
  5
34A
330
1F
100
AcDbEntity
  8
13774950
 62
    30
100
AcDbPolyline
 90
       12
 70
     1
 43
0.0
 10
3005.335833187119
 20
559.0158722985753
 42
0.4142135620346517
 10
3006.433909398474
 20
554.9177960872222
 10
3225.538336555937
 20
428.4177960872228
 42
0.4142135619304869
 10
3229.636412767289
 20
429.5158722985754
 10
3260.136412767289
 20
482.3434219294262
 42
0.4142135628881201
 10
3259.038336555935
 20
486.4414981407795
 10
3220.494925248473
 20
508.6945470346296
 42
0.160409822218339
 10
3218.657777373121
 20
509.0774658436305
 42
-0.3292927799694052
 10
3079.727512059794
 20
589.2888919208663
 42
0.1604098221620577
 10
3078.477320705935
 20
590.6884492469292
 10
3039.933909398473
 20
612.941498140779
 42
0.414213562581031
 10
3035.835833187119
 20
611.843421929426
  0
CIRCLE
  5
34B
330
1F
100
AcDbEntity
  8
13774950
 62
    30
100
AcDbCircle
 10
3044.656341262808
 20
587.1209900650914
 30
0.0
 40
9.0
  0
CIRCLE
  5
34C
330
1F
100
AcDbEntity
  8
13774950
 62
    30
100
AcDbCircle
 10
3234.315904691601
 20
477.6209900650914
 30
0.0
 40
9.0
  0
MTEXT
  5
34D
330
1F
100
AcDbEntity
  8
Texto
 62
    30
100
AcDbMText
 10
3101.10719476938
 20
538.2708614345559
 30
0.0
 40
10.0
 41
54.90584120481071
 71
     1
 72
     5
  1
13774950\Ppos.6
 11
0.8660254037843484
 21
-0.5000000000001559
 31
0.0
 73
     1
 44
1.0
1001
ACAD
1000
MTEXTBEGIN
1070
    73
1070
     1
1070
    44
1040
1.0
1070
    74
1070
     0
1000
MTEXTEND
  0
LWPOLYLINE
  5
34E
330
1F
100
AcDbEntity
  8
13774950
 62
    30
100
AcDbPolyline
 90
       12
 70
     1
 43
0.0
 10
3504.916216134692
 20
454.166403806186
 42
0.4142135618568997
 10
3508.950664073041
 20
452.8536853166564
 10
3734.422848448615
 20
567.6199437417988
 42
0.4142135617529132
 10
3735.735566938146
 20
571.6543916801464
 10
3708.064650875168
 20
626.0172503635855
 42
0.4142135630580161
 10
3704.030202936819
 20
627.3299688531162
 10
3664.366617615769
 20
607.1410426863264
 42
0.1604098228607067
 10
3663.044340999405
 20
605.8093806871633
 42
-0.3292927799693125
 10
3520.0763927819
 20
533.0381138584731
 42
0.160409822804559
 10
3518.221603882293
 20
532.7526365947632
 10
3478.558018561245
 20
512.5637104279737
 42
0.4142135627507919
 10
3477.245300071713
 20
508.5292624896251
  0
CIRCLE
  5
34F
330
1F
100
AcDbEntity
  8
13774950
 62
    30
100
AcDbCircle
 10
3502.780754936293
 20
502.4513891066935
 30
0.0
 40
9.0
  0
CIRCLE
  5
350
330
1F
100
AcDbEntity
  8
13774950
 62
    30
100
AcDbCircle
 10
3697.952329553885
 20
601.7945139885362
 30
0.0
 40
9.0
  0
MTEXT
  5
351
330
1F
100
AcDbEntity
  8
Texto
 62
    30
100
AcDbMText
 10
3574.503838034397
 20
523.1596792278668
 30
0.0
 40
10.0
 41
54.90584120481071
 71
     1
 72
     5
  1
13774950\Ppos.6
 11
0.8911944046464942
 21
0.4536215748030301
 31
0.0
 73
     1
 44
1.0
1001
ACAD
1000
MTEXTBEGIN
1070
    73
1070
     1
1070
    44
1040
1.0
1070
    74
1070
     0
1000
MTEXTEND
  0
LWPOLYLINE
  5
352
330
1F
100
AcDbEntity
  8
mp-23452-13
 62
    30
100
AcDbPolyline
 90
       37
 70
     1
 43
0.0
 10
4482.753495441306
 20
894.1985864975023
 10
4476.446419697592
 20
897.2351627871811
 42
0.4142135624090219
 10
4472.441997397566
 20
895.8335201640229
 10
4339.805490585506
 20
620.3428309662244
 42
0.1989123668964941
 10
4339.676968884005
 20
618.0503301241745
 10
4343.528047722183
 20
607.0479920646208
 42
0.1989123679698374
 10
4345.058212046842
 20
605.3360706066456
 10
4575.498360218076
 20
494.3893944351647
 42
0.4142135623703169
 10
4579.502782518101
 20
495.7910370583229
 10
4586.009731710272
 20
509.3061993662836
 10
4567.989515299657
 20
517.9821316225099
 10
4571.026091589337
 20
524.2892073662241
 10
4534.985658768106
 20
541.6410718786777
 10
4544.529184249957
 20
561.4633099303542
 10
4508.488751428729
 20
578.8151744428064
 10
4519.767463361823
 20
602.2414557766047
 10
4501.74724695121
 20
610.9173880328313
 10
4508.687992756189
 20
625.3335611613218
 10
4490.667776345577
 20
634.0094934175481
 10
4498.909911988993
 20
651.1286990076325
 10
4480.889695578376
 20
659.8046312638598
 10
4489.999424447414
 20
678.7258584950047
 10
4471.979208036802
 20
687.4017907512304
 10
4478.05236061616
 20
700.0159422386603
 10
4460.032144205546
 20
708.6918744948869
 10
4471.744652751451
 20
733.019166649216
 10
4462.734544546144
 20
737.3571327773293
 10
4469.675290351125
 20
751.7733059058215
 10
4460.665182145819
 20
756.1112720339348
 10
4468.907317789232
 20
773.2304776240172
 10
4459.897209583926
 20
777.5684437521304
 10
4468.573141840153
 20
795.5886601627439
 10
4459.563033634844
 20
799.9266262908578
 10
4469.974152342316
 20
821.5508859835958
 10
4460.96404413701
 20
825.888852111708
 10
4473.544145908538
 20
852.0181659070988
 10
4464.53403770323
 20
856.356132035213
  0
MTEXT
  5
353
330
1F
100
AcDbEntity
  8
Texto
 62
    30
100
AcDbMText
 10
4448.056049154691
 20
686.6583981473755
 30
0.0
 40
10.0
 41
60.75972006393567
 71
     1
 72
     5
  1
mp-23452-13 pos.1
 11
-0.4337966128114054
 21
-0.9010108205306703
 31
0.0
 73
     1
 44
1.0
1001
ACAD
1000
MTEXTBEGIN
1070
    73
1070
     1
1070
    44
1040
1.0
1070
    74
1070
     0
1000
MTEXTEND
  0
LWPOLYLINE
  5
354
330
1F
100
AcDbEntity
  8
14327438
 62
    30
100
AcDbPolyline
 90
       12
 70
     1
 43
0.0
 10
3511.592632052908
 20
560.1264129748066
 42
0.4142135621474296
 10
3518.623613139667
 20
560.8782806211528
 10
3538.716776148987
 20
585.7833965670984
 10
3415.93541849036
 20
684.8419931741177
 42
-0.539940783935331
 10
3147.830117422515
 20
901.1462870272902
 10
3025.048759763888
 20
1000.204883634309
 10
3004.955596754567
 20
975.2997676883639
 42
0.4142135624877665
 10
3005.707464400917
 20
968.2687866016047
 10
3025.164586233686
 20
952.5710030005742
 10
2978.071235430593
 20
894.1996375022661
 42
0.4999999999999192
 10
3445.042159417045
 20
517.4528310775293
 10
3492.13551022014
 20
575.8241965758372
  0
LINE
  5
355
330
1F
100
AcDbEntity
  8
Chanfro
 62
    30
100
AcDbLine
 10
3044.369378542439
 20
898.530498818979
 30
0.0
 11
3089.578995313408
 21
954.5670096973536
 31
0.0
  0
LINE
  5
356
330
1F
100
AcDbEntity
  8
Chanfro
 62
    30
100
AcDbLine
 10
3052.152227275545
 20
892.2513853785673
 30
0.0
 11
3097.361844046515
 21
948.2878962569417
 31
0.0
  0
LINE
  5
357
330
1F
100
AcDbEntity
  8
Chanfro
 62
    30
100
AcDbLine
 10
3036.586529809332
 20
904.8096122593916
 30
0.0
 11
3081.7961465803
 21
960.8461231377658
 31
0.0
  0
LINE
  5
358
330
1F
100
AcDbEntity
  8
Chanfro
 62
    30
100
AcDbLine
 10
3435.25603726891
 20
583.167608358788
 30
0.0
 11
3480.46565403988
 21
639.2041192371624
 31
0.0
  0
LINE
  5
359
330
1F
100
AcDbEntity
  8
Chanfro
 62
    30
100
AcDbLine
 10
3427.473188535804
 20
589.4467217992002
 30
0.0
 11
3472.682805306771
 21
645.4832326775747
 31
0.0
  0
LINE
  5
35A
330
1F
100
AcDbEntity
  8
Chanfro
 62
    30
100
AcDbLine
 10
3443.038886002019
 20
576.8884949183752
 30
0.0
 11
3488.248502772987
 21
632.9250057967497
 31
0.0
  0
MTEXT
  5
35B
330
1F
100
AcDbEntity
  8
Chanfro
 62
    30
100
AcDbMText
 10
3081.957577759997
 20
904.3834588798441
 30
0.0
 40
10.0
 41
51.05227675075729
 71
     1
 72
     5
  1
ch 0+10
 11
-0.7782848733108266
 21
0.6279113440411397
 31
0.0
 73
     1
 44
1.0
1001
ACAD
1000
MTEXTBEGIN
1070
    73
1070
     1
1070
    44
1040
1.0
1070
    74
1070
     0
1000
MTEXTEND
  0
MTEXT
  5
35C
330
1F
100
AcDbEntity
  8
Chanfro
 62
    30
100
AcDbMText
 10
3433.028448096325
 20
621.1434916055614
 30
0.0
 40
10.0
 41
51.05227675075729
 71
     3
 72
     5
  1
ch 0+10
 11
-0.7782848733106475
 21
0.6279113440413621
 31
0.0
 73
     1
 44
1.0
1001
ACAD
1000
MTEXTBEGIN
1070
    73
1070
     1
1070
    44
1040
1.0
1070
    74
1070
     0
1000
MTEXTEND
  0
MTEXT
  5
35D
330
1F
100
AcDbEntity
  8
Texto
 62
    30
100
AcDbMText
 10
3212.161002220451
 20
600.2378835366997
 30
0.0
 40
20.0
 41
314.1131491535963
 71
     1
 72
     5
  1
14327438
 11
-0.7782848733105921
 21
0.6279113440414307
 31
0.0
 73
     1
 44
1.0
1001
ACAD
1000
MTEXTBEGIN
1070
    73
1070
     1
1070
    44
1040
1.0
1070
    74
1070
     0
1000
MTEXTEND
  0
LWPOLYLINE
  5
35E
330
1F
100
AcDbEntity
  8
1LBR001432
 62
    30
100
AcDbPolyline
 90
       18
 70
     1
 43
0.0
 10
3076.777489387985
 20
1136.048801144993
 10
3001.09147104173
 20
1180.829698226287
 42
0.2657084748283233
 10
2998.113564292782
 20
1180.873936330094
 10
2755.534390684029
 20
1046.912170606833
 42
0.1337811302424138
 10
2754.402737438502
 20
1045.813647602258
 10
2648.300482782328
 20
866.4859048393513
 42
0.1337811291128755
 10
2647.882413189873
 20
864.9651781461331
 10
2647.163865894704
 20
553.0447853966697
 42
0.2657084740435816
 10
2648.636220387917
 20
550.4559520954511
 10
2709.126053110804
 20
514.6661320888576
 42
0.4142135621548059
 10
2713.235613105263
 20
515.7204169896017
 10
2804.610913352697
 20
670.1575341908766
 42
0.2093100586854421
 10
2804.902815320982
 20
672.5460626866929
 42
-0.2093100583811273
 10
2818.668425648649
 20
785.1850856647427
 10
2907.678773378909
 20
935.6251002783231
 42
-0.2093100583808175
 10
2999.779831836084
 20
1001.915646785245
 42
0.2093100585116558
 10
3001.732849509817
 20
1003.321348425177
 10
3077.831774288728
 20
1131.939241150533
 42
0.4142135620433526
  0
MTEXT
  5
35F
330
1F
100
AcDbEntity
  8
Texto
 62
    30
100
AcDbMText
 10
2851.4784406253
 20
967.4808628667944
 30
0.0
 40
10.0
 41
173.8422344879727
 71
     1
 72
     5
  1
{\W6.612716; }1LBR001432 POS.1
 11
-0.5092125156193284
 21
-0.860640815867244
 31
0.0
 73
     1
 44
1.0
1001
ACAD
1000
MTEXTBEGIN
1070
    73
1070
     1
1070
    44
1040
1.0
1070
    74
1070
     0
1000
MTEXTEND
  0
LWPOLYLINE
  5
360
330
1F
100
AcDbEntity
  8
1LBR001431
 62
    30
100
AcDbPolyline
 90
       18
 70
     1
 43
0.0
 10
3531.412661212709
 20
918.677360596907
 10
3369.245044863696
 20
1049.512340534436
 42
0.1337811287264911
 10
3367.800429616055
 20
1050.14517435613
 10
3093.674230572244
 20
1090.706697283735
 42
0.2657084737660606
 10
3090.900257168192
 20
1089.622742871047
 10
3035.680810699306
 20
1021.179227121307
 42
0.4142135618402741
 10
3036.13193129028
 20
1016.960638469589
 10
3152.442195177771
 20
923.122846530304
 42
0.2093100587702197
 10
3154.763735850066
 20
922.4898188521596
 42
-0.2093100583814025
 10
3264.243724716191
 20
892.6372885910351
 10
3400.287920653277
 20
782.8783857547348
 42
-0.2093100583813718
 10
3452.61547662472
 20
682.1864376595753
 42
0.2093100578621684
 10
3453.725090817331
 20
680.0512487972087
 10
3593.38390091819
 20
567.376116554283
 42
0.4142135621390454
 10
3597.602489569908
 20
567.8272371452584
 10
3641.735014347103
 20
622.5287118578967
 42
0.2657084741598716
 10
3642.207888482434
 20
625.4691668681482
 10
3532.336655938993
 20
917.3992269554593
 42
0.1337811300267301
  0
MTEXT
  5
361
330
1F
100
AcDbEntity
  8
Texto
 62
    30
100
AcDbMText
 10
3445.54624971171
 20
851.3250586961266
 30
0.0
 40
10.0
 41
164.1934121355534
 71
     1
 72
     5
  1
{\W5.121049; }1LBR001431 POS.3
 11
-0.7782848737822122
 21
0.6279113434568658
 31
0.0
 73
     1
 44
1.0
1001
ACAD
1000
MTEXTBEGIN
1070
    73
1070
     1
1070
    44
1040
1.0
1070
    74
1070
     0
1000
MTEXTEND
  0
LWPOLYLINE
  5
362
330
1F
100
AcDbEntity
  8
1LBR001431
 62
    30
100
AcDbPolyline
 90
       18
 70
     1
 43
0.0
 10
4049.194688201056
 20
896.9498408871615
 10
4043.588193876435
 20
1105.239771006125
 42
0.1337811291145488
 10
4043.132834612784
 20
1106.749751072418
 10
3896.199329200976
 20
1341.698586208522
 42
0.2657084733163404
 10
3893.575053539082
 20
1343.106798857791
 10
3805.665423777194
 20
1340.740554651659
 42
0.4142135617439768
 10
3802.747231061601
 20
1337.66091972611
 10
3806.768334960525
 20
1188.270694460022
 42
0.209310059103344
 10
3807.79234273052
 20
1186.093153824028
 42
-0.2093100583813304
 10
3856.082842476191
 20
1083.403966664758
 10
3860.786192192927
 20
908.6672547195039
 42
-0.2093100583814201
 10
3818.089738300778
 20
803.5289917027583
 42
0.2093100581953791
 10
3817.18435316772
 20
801.2995180215382
 10
3822.012668116424
 20
621.9201545498582
 42
0.4142135620427251
 10
3825.092303041973
 20
619.0019618342655
 10
3895.351499062826
 20
620.8931131900627
 42
0.2657084744697653
 10
3897.896220617184
 20
622.4404586026886
 10
4048.821217039821
 20
895.4175513742674
 42
0.1337811304142553
  0
MTEXT
  5
363
330
1F
100
AcDbEntity
  8
Texto
 62
    30
100
AcDbMText
 10
3942.237191747773
 20
918.6170314719735
 30
0.0
 40
10.0
 41
164.1934121355534
 71
     1
 72
     5
  1
{\W5.121049; }1LBR001431 POS.3
 11
-0.0269070349927438
 21
0.9996379401902968
 31
0.0
 73
     1
 44
1.0
1001
ACAD
1000
MTEXTBEGIN
1070
    73
1070
     1
1070
    44
1040
1.0
1070
    74
1070
     0
1000
MTEXTEND
  0
LWPOLYLINE
  5
364
330
1F
100
AcDbEntity
  8
1LBR001429
 62
    30
100
AcDbPolyline
 90
       17
 70
     1
 43
0.0
 10
3796.678140425482
 20
819.8369832277492
 42
-0.211723688320185
 10
3747.399193938468
 20
923.3825610335198
 10
3742.695841086313
 20
1098.119384781664
 42
-0.209309857113311
 10
3785.392297891249
 20
1203.257536020188
 42
0.2093100609474573
 10
3786.29768304313
 20
1205.487009721942
 10
3782.276579036988
 20
1354.877234967851
 42
0.4142135623233749
 10
3779.196944109335
 20
1357.795427681223
 10
3691.287314349152
 20
1355.429183411725
 42
0.2657084744022664
 10
3688.742592795912
 20
1353.881837997234
 10
3554.660819239335
 20
1111.36897618508
 42
0.1337811295893694
 10
3554.287348079204
 20
1109.836686671888
 10
3559.893842553964
 20
901.5467565569949
 42
0.1337811301667653
 10
3560.349201818705
 20
900.0367764910004
 10
3725.740352211957
 20
635.5738961187675
 42
0.2657084744162812
 10
3728.364627874868
 20
634.1656834713904
 10
3798.623823894359
 20
636.0568348778318
 42
0.4142135618466175
 10
3801.542016607731
 20
639.1364698054844
  0
MTEXT
  5
365
330
1F
100
AcDbEntity
  8
Texto
 62
    30
100
AcDbMText
 10
3646.51790784327
 20
1093.827621668455
 30
0.0
 40
10.0
 41
161.5428890400871
 71
     1
 72
     5
  1
{\W5.028284; }1LBR001429 POS.1
 11
0.0269070357130644
 21
-0.9996379401709079
 31
0.0
 73
     1
 44
1.0
1001
ACAD
1000
MTEXTBEGIN
1070
    73
1070
     1
1070
    44
1040
1.0
1070
    74
1070
     0
1000
MTEXTEND
  0
LWPOLYLINE
  5
366
330
1F
100
AcDbEntity
  8
1LBR001432
 62
    30
100
AcDbPolyline
 90
       18
 70
     1
 43
0.0
 10
4032.633612337622
 20
652.8914515167827
 10
4120.549300836709
 20
655.0207312651998
 42
0.2657084744677202
 10
4123.098183936343
 20
656.5612118913636
 10
4257.833151465209
 20
898.7117821351843
 42
0.1337811303444902
 10
4258.210751476884
 20
900.2430594094841
 10
4253.165712256462
 20
1108.547344883496
 42
0.1337811292111201
 10
4252.714424720204
 20
1110.058546861797
 10
4088.036721359264
 20
1374.966269925814
 42
0.2657084744195105
 10
4085.416250995034
 20
1376.381551058795
 10
4015.152212705983
 20
1374.679786603268
 42
0.4142135619288572
 10
4012.225729594676
 20
1371.608028702777
 10
4016.570519203717
 20
1192.216302394115
 42
0.2093100583541083
 10
4017.588653805574
 20
1190.036009508532
 42
-0.2093100583805826
 10
4065.60218473042
 20
1087.217030845682
 10
4069.834523588606
 20
912.4682760352817
 42
-0.2093100583805919
 10
4026.854830049079
 20
807.4454810412103
 42
0.2093100581800106
 10
4025.943438774
 20
805.2184558778737
 10
4029.561854437132
 20
655.8179346280919
 42
0.4142135625000757
  0
MTEXT
  5
367
330
1F
100
AcDbEntity
  8
Texto
 62
    30
100
AcDbMText
 10
4134.376149094686
 20
915.2333418106728
 30
0.0
 40
10.0
 41
173.8422344879727
 71
     1
 72
     5
  1
{\W6.612716; }1LBR001432 POS.1
 11
-0.0242124648639207
 21
0.9997068352998359
 31
0.0
 73
     1
 44
1.0
1001
ACAD
1000
MTEXTBEGIN
1070
    73
1070
     1
1070
    44
1040
1.0
1070
    74
1070
     0
1000
MTEXTEND
  0
LWPOLYLINE
  5
368
330
1F
100
AcDbEntity
  8
1LBR001430
 62
    30
100
AcDbPolyline
 90
       17
 70
     1
 43
0.0
 10
4296.850121078729
 20
1385.357947706127
 10
4207.494987315836
 20
1378.009028022654
 42
0.4142135620108352
 10
4204.750983856704
 20
1374.773221320104
 10
4217.000518474335
 20
1225.831764420918
 42
0.2093100564645947
 10
4218.142997722032
 20
1223.713978713393
 42
-0.2093100583809917
 10
4272.020414903759
 20
1123.842734388729
 10
4286.348282728664
 20
949.6309316783849
 42
-0.2093100583816077
 10
4249.512071160567
 20
842.299039668412
 42
0.2093100579169352
 10
4248.730953403173
 20
840.0230497335684
 10
4263.439504237893
 20
661.182542025968
 42
0.4142135628528491
 10
4266.675310940444
 20
658.4385385668355
 10
4336.723448275241
 20
664.1995744869013
 42
0.2657084756966168
 10
4339.179009755237
 20
665.8848351293929
 10
4474.827771545193
 20
946.7660576204096
 42
0.1337811312263637
 10
4475.116213524332
 20
948.3166036804389
 10
4458.037085991374
 20
1155.98083066787
 42
0.1337811286230246
 10
4457.499187352937
 20
1157.463415206565
  0
MTEXT
  5
369
330
1F
100
AcDbEntity
  8
Texto
 62
    30
100
AcDbMText
 10
4377.596338930781
 20
926.0665564717244
 30
0.0
 40
10.0
 41
220.2235524293556
 71
     1
 72
     5
  1
{\W6.1695;  }1LBR001430 POS.3
 11
-0.0819672072366245
 21
0.9966350269470908
 31
0.0
 73
     1
 44
1.0
1001
ACAD
1000
MTEXTBEGIN
1070
    73
1070
     1
1070
    44
1040
1.0
1070
    74
1070
     0
1000
MTEXTEND
  0
LWPOLYLINE
  5
36A
330
1F
100
AcDbEntity
  8
Des.
 62
    30
100
AcDbPolyline
 90
       12
 70
     1
 43
0.0
 10
3196.571664066832
 20
783.5555476251518
 42
0.4142135632495061
 10
3197.43276513623
 20
779.4012119444102
 10
3227.639609324913
 20
759.5668027518646
 42
0.3877945834209099
 10
3231.633868551337
 20
760.2067477433645
 42
-0.9128709291775523
 10
3281.580556620272
 20
727.4107680381157
 42
0.3877945815582593
 10
3282.580966200766
 20
723.4912250760741
 10
3312.787810389449
 20
703.6568158835284
 42
0.41421356231199
 10
3316.942146070191
 20
704.517916952927
 10
3366.889537675554
 20
780.5853743300501
 42
0.4142135625364735
 10
3366.028436606156
 20
784.7397100107913
 10
3250.673391352937
 20
860.4841060716733
 42
0.4142135634738077
 10
3246.519055672196
 20
859.6230050022745
  0
MTEXT
  5
36B
330
1F
100
AcDbEntity
  8
Texto
 62
    30
100
AcDbMText
 10
3357.650026199933
 20
779.2822406283289
 30
0.0
 40
5.0
 41
136.9918899336044
 71
     1
 72
     5
  1
DT-20418-006-007 pos.8
 11
-0.8359061250233866
 21
0.5488724352236925
 31
0.0
 73
     1
 44
1.0
1001
ACAD
1000
MTEXTBEGIN
1070
    73
1070
     1
1070
    44
1040
1.0
1070
    74
1070
     0
1000
MTEXTEND
  0
LWPOLYLINE
  5
36C
330
1F
100
AcDbEntity
  8
Des.
 62
    30
100
AcDbPolyline
 90
       12
 70
     1
 43
0.0
 10
5005.477869079912
 20
1013.360822541644
 42
0.3877945840892001
 10
5008.205141807439
 20
1010.373244955267
 42
-0.9128709291973475
 10
5008.205141807439
 20
950.6216932274158
 42
0.3877945834163046
 10
5005.477869079912
 20
947.6341156410409
 10
5005.477869079912
 20
888.4974690913562
 42
0.4142135620118549
 10
5008.477869079912
 20
885.4974690913561
 10
5099.477869079912
 20
885.4974690913561
 42
0.414213562634685
 10
5102.477869079912
 20
888.4974690913562
 10
5102.477869079912
 20
1076.497469091356
 42
0.4142135618870317
 10
5099.477869079912
 20
1079.497469091356
 10
5008.477869079912
 20
1079.497469091356
 42
0.4142135612636688
 10
5005.477869079912
 20
1076.497469091356
  0
MTEXT
  5
36D
102
{ACAD_XDICTIONARY
360
4EF
102
}
330
1F
100
AcDbEntity
  8
Texto
 62
    30
100
AcDbMText
 10
5094.788269372191
 20
922.3275738579443
 30
0.0
 40
5.0
 41
136.9918899336044
 71
     1
 72
     5
  1
\pt70;DT-20418-006-007 pos.5
 11
0.0000000000000001
 21
1.0
 31
0.0
 73
     1
 44
1.0
1001
ACAD
1000
MTEXTBEGIN
1070
    73
1070
     1
1070
    44
1040
1.0
1070
    74
1070
     0
1000
MTEXTEND
  0
LWPOLYLINE
  5
36E
330
1F
100
AcDbEntity
  8
mp-23452-13
 62
    30
100
AcDbPolyline
 90
       37
 70
     1
 43
0.0
 10
2963.000000706146
 20
1187.309343491147
 10
2963.000000688188
 20
1194.309343491148
 42
0.4142135618132431
 10
2960.000000680491
 20
1197.309343483452
 10
2654.242641367613
 20
1197.30934269899
 42
0.1989123688483291
 10
2652.121321026321
 20
1196.430663037124
 10
2643.878680360345
 20
1188.188022328822
 42
0.1989123686862901
 10
2643.000000709335
 20
1186.066701982991
 10
2643.000001365515
 20
930.3093426701456
 42
0.4142135621380662
 10
2646.000001373212
 20
927.3093426778425
 10
2661.000001373212
 20
927.3093427163271
 10
2661.000001321899
 20
947.309342716327
 10
2668.000001321898
 20
947.3093427342863
 10
2668.000001219272
 20
987.3093427342846
 10
2690.000001219273
 20
987.3093427907283
 10
2690.000001116648
 20
1027.30934279073
 10
2716.000001116648
 20
1027.309342857437
 10
2716.000001065336
 20
1047.309342857437
 10
2732.000001065335
 20
1047.309342898487
 10
2732.000001014022
 20
1067.309342898487
 10
2751.000001014022
 20
1067.309342947234
 10
2751.000000962709
 20
1087.309342947232
 10
2772.000000962711
 20
1087.30934300111
 10
2772.000000911397
 20
1107.309343001113
 10
2786.000000911397
 20
1107.309343037031
 10
2786.000000860085
 20
1127.309343037032
 10
2813.000000860085
 20
1127.309343106303
 10
2813.000000834428
 20
1137.309343106303
 10
2829.000000834429
 20
1137.309343147354
 10
2829.000000808773
 20
1147.309343147354
 10
2848.000000808772
 20
1147.309343196101
 10
2848.000000783116
 20
1157.309343196099
 10
2868.000000783115
 20
1157.309343247412
 10
2868.000000757458
 20
1167.309343247413
 10
2892.000000757459
 20
1167.309343308989
 10
2892.000000731803
 20
1177.309343308989
 10
2921.000000731802
 20
1177.309343383392
 10
2921.000000706147
 20
1187.309343383391
  0
MTEXT
  5
36F
330
1F
100
AcDbEntity
  8
Texto
 62
    30
100
AcDbMText
 10
2760.952410786141
 20
1128.541886793284
 30
0.0
 40
10.0
 41
60.75972006393567
 71
     1
 72
     5
  1
mp-23452-13 pos.1
 11
-1.0
 21
-0.0000000025656844
 31
0.0
 73
     1
 44
1.0
1001
ACAD
1000
MTEXTBEGIN
1070
    73
1070
     1
1070
    44
1040
1.0
1070
    74
1070
     0
1000
MTEXTEND
  0
LWPOLYLINE
  5
370
330
1F
100
AcDbEntity
  8
1LBR001432
 62
    30
100
AcDbPolyline
 90
       18
 70
     1
 43
0.0
 10
2939.007584458508
 20
1529.63696321688
 10
2892.636348674845
 20
1454.914740227924
 42
0.2657084749951444
 10
2892.529153819349
 20
1451.938434652514
 10
3021.331730250437
 20
1206.580927228932
 42
0.1337811308086702
 10
3022.406079302683
 20
1205.426299161705
 10
3199.45023984411
 20
1095.55595290875
 42
0.1337811291458134
 10
3200.961786631791
 20
1095.105821629845
 10
3512.797249317639
 20
1087.792003564125
 42
0.2657084740022009
 10
3515.416636172556
 20
1089.209289039769
 10
3552.477487793456
 20
1148.928836560501
 42
0.4142135619862969
 10
3551.510333596731
 20
1153.059770203124
 10
3399.039838234017
 20
1247.680152302319
 42
0.2093100584392688
 10
3396.658015896193
 20
1248.022493485152
 42
-0.2093100583811308
 10
3284.335244152333
 20
1264.166733105499
 10
3135.810951765985
 20
1356.338174295985
 42
-0.2093100583810093
 10
3071.482665857332
 20
1449.820328513638
 42
0.2093100582648703
 10
3070.1185742672
 20
1451.802632543839
 10
2943.138518101132
 20
1530.604117413605
 42
0.4142135623570541
  0
MTEXT
  5
371
330
1F
100
AcDbEntity
  8
Texto
 62
    30
100
AcDbMText
 10
3102.773977771992
 20
1300.823983668457
 30
0.0
 40
10.0
 41
173.8422344879727
 71
     1
 72
     5
  1
{\W6.612716; }1LBR001432 POS.1
 11
0.8496813065580866
 21
-0.5272965743163357
 31
0.0
 73
     1
 44
1.0
1001
ACAD
1000
MTEXTBEGIN
1070
    73
1070
     1
1070
    44
1040
1.0
1070
    74
1070
     0
1000
MTEXTEND
  0
LWPOLYLINE
  5
372
330
1F
100
AcDbEntity
  8
1LBR001429
 62
    30
100
AcDbPolyline
 90
       17
 70
     1
 43
0.0
 10
3102.392671238348
 20
1455.312158958231
 42
-0.2117236883204013
 10
3215.974302327229
 20
1439.522468359926
 10
3364.498689783404
 20
1347.350968250565
 42
-0.2093098571130535
 10
3428.826880703506
 20
1253.868873053125
 42
0.2093100616316167
 10
3430.190972299752
 20
1251.886568995473
 10
3557.171028481665
 20
1173.085084184022
 42
0.4142135624711264
 10
3561.301962123913
 20
1174.052238382348
 10
3607.673197878624
 20
1248.774461389271
 42
0.2657084749165375
 10
3607.78039273299
 20
1251.750766964708
 10
3478.977816206813
 20
1497.108274338399
 42
0.1337811311839081
 10
3477.903467154145
 20
1498.262902405194
 10
3300.859306570123
 20
1608.133248589566
 42
0.1337811294907293
 10
3299.347759782266
 20
1608.583379867885
 10
2987.512297093583
 20
1615.89719781278
 42
0.2657084740706079
 10
2984.892910239218
 20
1614.479912336123
 10
2947.832058641456
 20
1554.760364801031
 42
0.4142135619579048
 10
2948.799212839781
 20
1550.629431158782
  0
MTEXT
  5
373
330
1F
100
AcDbEntity
  8
Texto
 62
    30
100
AcDbMText
 10
3413.809062644875
 20
1430.037733828776
 30
0.0
 40
10.0
 41
161.5428890400871
 71
     1
 72
     5
  1
{\W5.028284; }1LBR001429 POS.1
 11
-0.8496813067623671
 21
0.5272965739871598
 31
0.0
 73
     1
 44
1.0
1001
ACAD
1000
MTEXTBEGIN
1070
    73
1070
     1
1070
    44
1040
1.0
1070
    74
1070
     0
1000
MTEXTEND
  0
LWPOLYLINE
  5
374
330
1F
100
AcDbEntity
  8
1LBR001430
 62
    30
100
AcDbPolyline
 90
       17
 70
     1
 43
0.0
 10
4114.233445834088
 20
1836.084774427849
 10
4041.1690995997
 20
1784.123751924051
 42
0.4142135618321511
 10
4040.462962949376
 20
1779.940287925035
 10
4127.074107354609
 20
1658.15310326911
 42
0.2093100573556935
 10
4129.138070649677
 20
1656.91603793089
 42
-0.209310058380984
 10
4226.471139700041
 20
1598.578098351508
 10
4327.77727645856
 20
1456.127732767349
 42
-0.2093100583815951
 10
4350.935178397177
 20
1345.038790460153
 42
0.2093100588082421
 10
4351.426245411118
 20
1342.683131672841
 10
4455.424026559805
 20
1196.447943770204
 42
0.4142135626746537
 10
4459.607490558821
 20
1195.741807119878
 10
4516.884796783717
 20
1236.475592489847
 42
0.2657084751921221
 10
4518.134990200655
 20
1239.178720684259
 10
4491.275675408004
 20
1549.941371162185
 42
0.1337811307702353
 10
4490.73161864141
 20
1551.421706966766
 10
4369.972518214563
 20
1721.225615731179
 42
0.1337811281666619
 10
4368.752775178501
 20
1722.225425105804
  0
MTEXT
  5
375
330
1F
100
AcDbEntity
  8
Texto
 62
    30
100
AcDbMText
 10
4418.259673585157
 20
1482.479646355731
 30
0.0
 40
10.0
 41
220.2235524293556
 71
     1
 72
     5
  1
{\W6.1695;  }1LBR001430 POS.3
 11
-0.5795545581157243
 21
0.814933441556602
 31
0.0
 73
     1
 44
1.0
1001
ACAD
1000
MTEXTBEGIN
1070
    73
1070
     1
1070
    44
1040
1.0
1070
    74
1070
     0
1000
MTEXTEND
  0
LWPOLYLINE
  5
376
330
1F
100
AcDbEntity
  8
14327438
 62
    30
100
AcDbPolyline
 90
       16
 70
     1
 43
0.0
 10
2909.217940075452
 20
1579.316135809851
 42
0.3662044810699617
 10
2915.538155763917
 20
1580.643175669422
 42
-0.3461600107872858
 10
3162.797448104086
 20
1641.816694433282
 42
0.3935244437295977
 10
3169.25390327807
 20
1643.998364485035
 10
3244.908951310005
 20
1784.106901091217
 42
0.4261413627833216
 10
3242.70472140362
 20
1790.974826363773
 42
0.7054659468370178
 10
2737.533635837758
 20
1296.984963793363
 10
2803.527242047456
 20
1261.350094080684
 10
2791.64895214323
 20
1239.352225344119
 42
0.414213562111515
 10
2793.672867909697
 20
1232.576993615962
 10
2821.830139892501
 20
1217.372782538553
 10
2896.786373072239
 20
1356.187156642075
 42
-0.2088410614611181
 10
2883.067077011515
 20
1520.50871743601
 42
0.3662044816457282
 10
2880.710044305309
 20
1526.521250842093
 10
2819.18368508188
 20
1559.743920745229
 42
-1.000003100016844
 10
2847.691580852022
 20
1612.538805712986
  0
LINE
  5
377
330
1F
100
AcDbEntity
  8
Chanfro
 62
    30
100
AcDbLine
 10
2800.353968268375
 20
1318.613786533639
 30
0.0
 11
2863.707830229685
 21
1284.404311609468
 31
0.0
  0
LINE
  5
378
330
1F
100
AcDbEntity
  8
Chanfro
 62
    30
100
AcDbLine
 10
2805.105284230064
 20
1327.412934028265
 30
0.0
 11
2868.459146191375
 21
1293.203459104094
 31
0.0
  0
LINE
  5
379
330
1F
100
AcDbEntity
  8
Chanfro
 62
    30
100
AcDbLine
 10
2795.602652306684
 20
1309.814639039013
 30
0.0
 11
2858.956514267994
 21
1275.605164114841
 31
0.0
  0
MTEXT
  5
37A
330
1F
100
AcDbEntity
  8
Chanfro
 62
    30
100
AcDbMText
 10
2837.28349544891
 20
1327.742854613767
 30
0.0
 40
10.0
 41
51.05227675075729
 71
     7
 72
     5
  1
ch 0+10
 11
-0.4751315961689493
 21
-0.8799147494626661
 31
0.0
 73
     1
 44
1.0
1001
ACAD
1000
MTEXTBEGIN
1070
    73
1070
     1
1070
    44
1040
1.0
1070
    74
1070
     0
1000
MTEXTEND
  0
MTEXT
  5
37B
330
1F
100
AcDbEntity
  8
Texto
 62
    30
100
AcDbMText
 10
2821.396070398498
 20
1670.164752125928
 30
0.0
 40
20.0
 41
314.1131491535963
 71
     1
 72
     5
  1
14327438
 11
-0.4751315961689493
 21
-0.8799147494626661
 31
0.0
 73
     1
 44
1.0
1001
ACAD
1000
MTEXTBEGIN
1070
    73
1070
     1
1070
    44
1040
1.0
1070
    74
1070
     0
1000
MTEXTEND
  0
LWPOLYLINE
  5
37C
330
1F
100
AcDbEntity
  8
12665459
 62
    30
100
AcDbPolyline
 90
       12
 70
     1
 43
0.0
 10
2680.000002706146
 20
1547.309343857738
 10
2646.000002706146
 20
1547.309344106081
 42
0.414213561900817
 10
2643.000002684234
 20
1544.309344127994
 10
2643.000000317672
 20
1220.309344127994
 42
0.4142135628878394
 10
2646.000000295759
 20
1217.309344106081
 10
2765.000000295762
 20
1217.309343236881
 42
0.4142135620646214
 10
2768.000000317672
 20
1220.309343214968
 10
2768.000000566015
 20
1254.309343214968
 42
0.4142135619208626
 10
2765.000000587929
 20
1257.309343236883
 10
2686.00000058793
 20
1257.309343813915
 42
-0.4142135609421869
 10
2683.000000609842
 20
1260.309343835827
 10
2683.000002684236
 20
1544.309343835825
 42
0.4142135618053624
  0
CIRCLE
  5
37D
330
1F
100
AcDbEntity
  8
12665459
 62
    30
100
AcDbCircle
 10
2748.000000441843
 20
1237.309343361053
 30
0.0
 40
9.0
  0
CIRCLE
  5
37E
330
1F
100
AcDbEntity
  8
12665459
 62
    30
100
AcDbCircle
 10
2663.000000441843
 20
1237.30934398191
 30
0.0
 40
8.999999999999943
  0
CIRCLE
  5
37F
330
1F
100
AcDbEntity
  8
12665459
 62
    30
100
AcDbCircle
 10
2663.000002340937
 20
1497.30934398191
 30
0.0
 40
6.999999999999886
  0
CIRCLE
  5
380
330
1F
100
AcDbEntity
  8
12665459
 62
    30
100
AcDbCircle
 10
2663.000001026179
 20
1317.30934398191
 30
0.0
 40
7.000000000000056
  0
MTEXT
  5
381
330
1F
100
AcDbEntity
  8
Texto
 62
    30
100
AcDbMText
 10
2656.283937125306
 20
1355.685291921041
 30
0.0
 40
10.0
 41
154.7715889386381
 71
     1
 72
     5
  1
12665459 pos.43
 11
0.000000007304152
 21
1.0
 31
0.0
 73
     1
 44
1.0
1001
ACAD
1000
MTEXTBEGIN
1070
    73
1070
     1
1070
    44
1040
1.0
1070
    74
1070
     0
1000
MTEXTEND
  0
LWPOLYLINE
  5
382
330
1F
100
AcDbEntity
  8
mp-23452-13
 62
    30
100
AcDbPolyline
 90
       37
 70
     1
 43
0.0
 10
4536.608472136699
 20
1257.85434327266
 10
4542.789433809069
 20
1254.568660268363
 42
0.4142135621767446
 10
4546.846567241924
 20
1255.809493983251
 10
4690.363961375193
 20
1525.791568119999
 42
0.1989123687883393
 10
4690.583804363881
 20
1528.077119913086
 10
4687.174555542424
 20
1539.224284282016
 42
0.1989123679429165
 10
4685.713878838848
 20
1540.995865921784
 10
4459.881530933325
 20
1661.044095738635
 42
0.4142135622873623
 10
4455.82439750047
 20
1659.803262023746
 10
4448.783648205549
 20
1646.558344154387
 10
4466.443538698029
 20
1637.170678427827
 10
4463.157855693732
 20
1630.989716755458
 10
4498.477636678687
 20
1612.214385302338
 10
4488.15120437947
 20
1592.78850576061
 10
4523.470985364431
 20
1574.013174307487
 10
4511.2670199199
 20
1551.055316667263
 10
4528.926910412379
 20
1541.667650940702
 10
4521.416777831131
 20
1527.53973854672
 10
4539.076668323611
 20
1518.152072820159
 10
4530.158385883377
 20
1501.375176852303
 10
4547.818276375853
 20
1491.987511125743
 10
4537.961227362965
 20
1473.444626108641
 10
4555.621117855444
 20
1464.056960382079
 10
4549.049751846853
 20
1451.695037037343
 10
4566.709642339332
 20
1442.307371310782
 10
4554.036293608474
 20
1418.466519145936
 10
4562.866238854712
 20
1413.772686282655
 10
4555.356106273463
 20
1399.644773888672
 10
4564.186051519704
 20
1394.950941025391
 10
4555.26776907947
 20
1378.174045057537
 10
4564.097714325709
 20
1373.480212194256
 10
4554.710048599146
 20
1355.820321701777
 10
4563.539993845388
 20
1351.126488838496
 10
4552.274794973514
 20
1329.934620247521
 10
4561.104740219753
 20
1325.240787384241
 10
4547.49262491624
 20
1299.633946170146
 10
4556.322570162479
 20
1294.940113306867
  0
MTEXT
  5
383
330
1F
100
AcDbEntity
  8
Texto
 62
    30
100
AcDbMText
 10
4579.554891926227
 20
1463.845720729291
 30
0.0
 40
10.0
 41
60.75972006393567
 71
     1
 72
     5
  1
mp-23452-13 pos.1
 11
0.4693832863285029
 21
0.8829945246237118
 31
0.0
 73
     1
 44
1.0
1001
ACAD
1000
MTEXTBEGIN
1070
    73
1070
     1
1070
    44
1040
1.0
1070
    74
1070
     0
1000
MTEXTEND
  0
LWPOLYLINE
  5
384
330
1F
100
AcDbEntity
  8
1LBR001430
 62
    30
100
AcDbPolyline
 90
       17
 70
     1
 43
0.0
 10
3625.500554261658
 20
1841.981017857738
 10
3573.588136442229
 20
1768.882129860455
 42
0.4142135623134712
 10
3574.297055249266
 20
1764.699136419744
 10
3696.141815785536
 20
1678.169008652244
 42
0.209310056817759
 10
3698.49780064774
 20
1677.679508434179
 42
-0.2093100583807659
 10
3809.602120103388
 20
1654.595493977684
 10
3952.11983025444
 20
1553.38411965001
 42
-0.2093100583813801
 10
4010.522490619368
 20
1456.089871169284
 42
0.2093100582700768
 10
4011.760928372197
 20
1454.026731070601
 10
4158.065250147206
 20
1350.126230134734
 42
0.4142135631555674
 10
4162.248243587916
 20
1350.835148941772
 10
4202.943926305445
 20
1408.139533478222
 42
0.2657084750216793
 10
4203.235627871241
 20
1411.103449099776
 10
4075.672501854872
 20
1695.747958275921
 42
0.1337811307040735
 10
4074.671881482061
 20
1696.96703609506
 10
3904.787696541133
 20
1817.613177660095
 42
0.1337811281005874
 10
3903.306999225967
 20
1818.156249773602
  0
MTEXT
  5
385
330
1F
100
AcDbEntity
  8
Texto
 62
    30
100
AcDbMText
 10
4028.903318735319
 20
1608.02644240675
 30
0.0
 40
10.0
 41
220.2235524293556
 71
     1
 72
     5
  1
{\W6.1695;  }1LBR001430 POS.3
 11
-0.8153187079580476
 21
0.5790124389455028
 31
0.0
 73
     1
 44
1.0
1001
ACAD
1000
MTEXTBEGIN
1070
    73
1070
     1
1070
    44
1040
1.0
1070
    74
1070
     0
1000
MTEXTEND
  0
LWPOLYLINE
  5
386
330
1F
100
AcDbEntity
  8
1LBR001432
 62
    30
100
AcDbPolyline
 90
       18
 70
     1
 43
0.0
 10
3432.452406073956
 20
1837.847398799621
 10
3381.480548738852
 20
1766.184494334862
 42
0.2657084740289275
 10
3381.186670162737
 20
1763.220793776829
 10
3494.327979615807
 20
1510.259424711004
 42
0.1337811309590841
 10
3495.327704267778
 20
1509.039612233676
 10
3665.123225003298
 20
1388.268717951452
 42
0.1337811298253598
 10
3666.603523015511
 20
1387.724558365816
 10
3977.364307164282
 20
1360.843658856394
 42
0.2657084737652736
 10
3980.067522187424
 20
1362.093664517922
 10
4020.805285794825
 20
1419.368141339755
 42
0.4142135628276704
 10
4020.099439718949
 20
1423.551654375132
 10
3873.87147558989
 20
1527.559592396321
 42
0.209310058190206
 10
3871.515850916523
 20
1528.050823027129
 42
-0.2093100583808582
 10
3760.428517366082
 20
1551.216440864685
 10
3617.985188591564
 20
1652.53247161812
 42
-0.209310058380668
 10
3559.654009659824
 20
1749.869592438246
 42
0.2093100583394702
 10
3558.417087682217
 20
1751.933641651743
 10
3436.635919109333
 20
1838.553244875497
 42
0.4142135631980678
  0
MTEXT
  5
387
330
1F
100
AcDbEntity
  8
Texto
 62
    30
100
AcDbMText
 10
3581.527434219687
 20
1599.202375444674
 30
0.0
 40
10.0
 41
173.8422344879727
 71
     1
 72
     5
  1
{\W6.612716; }1LBR001432 POS.1
 11
0.8148931852090209
 21
-0.579611159916626
 31
0.0
 73
     1
 44
1.0
1001
ACAD
1000
MTEXTBEGIN
1070
    73
1070
     1
1070
    44
1040
1.0
1070
    74
1070
     0
1000
MTEXTEND
  0
LWPOLYLINE
  5
388
330
1F
100
AcDbEntity
  8
mp-23452-13
 62
    30
100
AcDbPolyline
 90
       37
 70
     1
 43
0.0
 10
2962.960289706146
 20
1832.031362857739
 10
2962.855699000584
 20
1839.030581441572
 42
0.4142135627726278
 10
2959.811209305127
 20
1841.985421960832
 10
2654.087981955527
 20
1837.416939397776
 42
0.1989123690050132
 10
2651.980027234728
 20
1836.506662058928
 10
2643.861464338723
 20
1828.141783847132
 42
0.1989123672264823
 10
2643.014578540264
 20
1826.007571490523
 10
2646.835984635017
 20
1570.278762596924
 42
0.4142135625199554
 10
2649.880474330474
 20
1567.323922077664
 10
2664.878799867266
 20
1567.548045018155
 10
2664.579969279944
 20
1587.545812400542
 10
2671.579187863779
 20
1587.650403106105
 10
2670.981526689138
 20
1627.645937870881
 10
2692.979070809764
 20
1627.974651516934
 10
2692.381409635123
 20
1667.970186281707
 10
2718.378507232227
 20
1668.358666045224
 10
2718.079676644907
 20
1688.356433427612
 10
2734.077890550815
 20
1688.595497897469
 10
2733.779059963495
 20
1708.593265279856
 10
2752.776938976764
 20
1708.877154337811
 10
2752.478108389443
 20
1728.874921720201
 10
2773.475764140949
 20
1729.188693836887
 10
2773.176933553628
 20
1749.186461219273
 10
2787.175370721299
 20
1749.395642630398
 10
2786.876540133978
 20
1769.393410012785
 10
2813.873526100201
 20
1769.796831305668
 10
2813.724110806541
 20
1779.795714996862
 10
2829.722324712451
 20
1780.034779466718
 10
2829.572909418791
 20
1790.033663157912
 10
2848.570788432059
 20
1790.317552215867
 10
2848.421373138398
 20
1800.31643590706
 10
2868.419140520786
 20
1800.615266494381
 10
2868.269725227125
 20
1810.614150185577
 10
2892.26704608599
 20
1810.972746890362
 10
2892.117630792331
 20
1820.971630581554
 10
2921.114393496792
 20
1821.404934933168
 10
2920.964978203132
 20
1831.403818624364
  0
MTEXT
  5
389
330
1F
100
AcDbEntity
  8
Texto
 62
    30
100
AcDbMText
 10
2761.813330058044
 20
1770.251566940757
 30
0.0
 40
10.0
 41
60.75972006393567
 71
     1
 72
     5
  1
mp-23452-13 pos.1
 11
-0.9998883691193782
 21
-0.0149415293658384
 31
0.0
 73
     1
 44
1.0
1001
ACAD
1000
MTEXTBEGIN
1070
    73
1070
     1
1070
    44
1040
1.0
1070
    74
1070
     0
1000
MTEXTEND
  0
LWPOLYLINE
  5
38A
330
1F
100
AcDbEntity
  8
1LBR001430
 62
    30
100
AcDbPolyline
 90
       17
 70
     1
 43
0.0
 10
5054.219779031666
 20
1749.343172857739
 10
5054.219779031666
 20
1838.999999426041
 42
0.4142135625053773
 10
5051.219779031666
 20
1841.999999426041
 10
4901.77544597885
 20
1841.999999426041
 42
0.2093100571835487
 10
4899.571140729904
 20
1841.034953570194
 42
-0.2093100583807387
 10
4795.61977903166
 20
1795.524999425947
 10
4620.819779031672
 20
1795.524999425947
 42
-0.2093100583813397
 10
4516.868417333429
 20
1841.034953570194
 42
0.2093100586363127
 10
4514.664112084481
 20
1841.999999426041
 10
4335.219779031666
 20
1841.999999426041
 42
0.4142135633474864
 10
4332.219779031666
 20
1838.999999426041
 10
4332.219779031666
 20
1768.715356160621
 42
0.2657084749138941
 10
4333.698093300797
 20
1766.129921470503
 10
4602.515407878086
 20
1607.914564735922
 42
0.1337811314833627
 10
4604.037093608926
 20
1607.499999426041
 10
4812.402464454407
 20
1607.499999426041
 42
0.1337811288798481
 10
4813.92415018525
 20
1607.914564735922
  0
MTEXT
  5
38B
330
1F
100
AcDbEntity
  8
Texto
 62
    30
100
AcDbMText
 10
4589.855348979962
 20
1706.515496500037
 30
0.0
 40
10.0
 41
220.2235524293556
 71
     1
 72
     5
  1
{\W6.1695;  }1LBR001430 POS.3
 73
     1
 44
1.0
1001
ACAD
1000
MTEXTBEGIN
1070
    73
1070
     1
1070
    44
1040
1.0
1070
    74
1070
     0
1000
MTEXTEND
  0
LWPOLYLINE
  5
38C
330
1F
100
AcDbEntity
  8
Des.
 62
    30
100
AcDbPolyline
 90
       12
 70
     1
 43
0.0
 10
3264.3071903374
 20
1777.213797857738
 42
0.3877945837512481
 10
3266.499011206889
 20
1773.813862911155
 42
-0.9128709291644268
 10
3256.551219520765
 20
1714.89621381977
 42
0.3877945830776634
 10
3253.364619482667
 20
1712.404383857248
 10
3243.519200846985
 20
1654.093058224653
 42
0.4142135624560983
 10
3245.977874604696
 20
1650.635468984569
 10
3335.707863404584
 20
1635.485250835248
 42
0.4142135621903995
 10
3339.165452644667
 20
1637.943924592958
 10
3370.464804425684
 20
1823.320165190528
 42
0.4142135614425235
 10
3368.006130667974
 20
1826.777754430613
 10
3278.276141868085
 20
1841.927972579934
 42
0.4142135617081822
 10
3274.818552628001
 20
1839.469298822223
  0
MTEXT
  5
38D
102
{ACAD_XDICTIONARY
360
4F1
102
}
330
1F
100
AcDbEntity
  8
Texto
 62
    30
100
AcDbMText
 10
3337.215406178499
 20
1672.582100800189
 30
0.0
 40
5.0
 41
136.9918899336044
 71
     1
 72
     5
  1
\pt70;DT-20418-006-007 pos.5
 11
0.1664859137290353
 21
0.9860438329657604
 31
0.0
 73
     1
 44
1.0
1001
ACAD
1000
MTEXTBEGIN
1070
    73
1070
     1
1070
    44
1040
1.0
1070
    74
1070
     0
1000
MTEXTEND
  0
LWPOLYLINE
  5
38E
330
1F
100
AcDbEntity
  8
Stats
 62
   151
100
AcDbPolyline
 90
        5
 70
     1
 43
0.0
 10
2625.00000021
 20
-25.0
 10
2875.00000021
 20
-25.0
 10
2875.00000021
 20
-105.0
 10
2625.00000021
 20
-105.0
 10
2625.00000021
 20
-25.0
  0
TEXT
  5
38F
330
1F
100
AcDbEntity
  8
Stats
 62
    60
100
AcDbText
 10
2627.00000021
 20
-37.0
 30
0.0
 40
10.0
  1
Production Qty: 1
100
AcDbText
  0
TEXT
  5
390
330
1F
100
AcDbEntity
  8
Stats
 62
    60
100
AcDbText
 10
2627.00000021
 20
-49.0
 30
0.0
 40
10.0
  1
Sheet 2 (2500,00 x 1860,00)
100
AcDbText
  0
TEXT
  5
391
330
1F
100
AcDbEntity
  8
Stats
 62
    60
100
AcDbText
 10
2627.00000021
 20
-61.0
 30
0.0
 40
10.0
  1
Parts Nested: 31
100
AcDbText
  0
TEXT
  5
392
330
1F
100
AcDbEntity
  8
Stats
 62
    60
100
AcDbText
 10
2627.00000021
 20
-73.0
 30
0.0
 40
10.0
  1
Util (Nest): 76,44%
100
AcDbText
  0
TEXT
  5
393
330
1F
100
AcDbEntity
  8
Stats
 62
    60
100
AcDbText
 10
2627.00000021
 20
-85.0
 30
0.0
 40
10.0
  1
Util (Sheet): 73,75%
100
AcDbText
  0
TEXT
  5
394
330
1F
100
AcDbEntity
  8
Stats
 62
    60
100
AcDbText
 10
2627.00000021
 20
-97.0
 30
0.0
 40
10.0
  1
Cut Distance: 47464,58mm
100
AcDbText
  0
ENDSEC
  0
SECTION
  2
OBJECTS
  0
DICTIONARY
  5
C
330
0
100
AcDbDictionary
281
     1
  3
ACAD_CIP_PREVIOUS_PRODUCT_INFO
350
447
  3
ACAD_COLOR
350
3EC
  3
ACAD_DETAILVIEWSTYLE
350
444
  3
ACAD_FIELDLIST
350
3ED
  3
ACAD_GROUP
350
D
  3
ACAD_IMAGE_DICT
350
3EE
  3
ACAD_LAST_SAVED_VERSION_INFO
350
4BF
  3
ACAD_LAYOUT
350
1A
  3
ACAD_MATERIAL
350
3EF
  3
ACAD_MLEADERSTYLE
350
3F0
  3
ACAD_MLINESTYLE
350
17
  3
ACAD_PLOTSETTINGS
350
19
  3
ACAD_PLOTSTYLENAME
350
E
  3
ACAD_SCALELIST
350
3DA
  3
ACAD_SECTIONVIEWSTYLE
350
442
  3
ACAD_TABLESTYLE
350
3F2
  3
ACAD_VISUALSTYLE
350
3FA
  3
ACDB_RECOMPOSE_DATA
350
4F4
  3
AcDbVariableDictionary
350
3F7
  3
DWGPROPS
350
4F5
  0
DICTIONARY
  5
4C0
330
10
100
AcDbDictionary
280
     1
281
     1
  3
ADSK_XREC_LAYER_RECONCILED
360
4C1
  0
DICTIONARY
  5
4C2
330
27
100
AcDbDictionary
280
     1
281
     1
  3
ADSK_XREC_LAYER_RECONCILED
360
4C3
  0
DICTIONARY
  5
4C4
330
28
100
AcDbDictionary
280
     1
281
     1
  3
ADSK_XREC_LAYER_RECONCILED
360
4C5
  0
DICTIONARY
  5
4C6
330
29
100
AcDbDictionary
280
     1
281
     1
  3
ADSK_XREC_LAYER_RECONCILED
360
4C7
  0
DICTIONARY
  5
4C8
330
2A
100
AcDbDictionary
280
     1
281
     1
  3
ADSK_XREC_LAYER_RECONCILED
360
4C9
  0
DICTIONARY
  5
4CA
330
2B
100
AcDbDictionary
280
     1
281
     1
  3
ADSK_XREC_LAYER_RECONCILED
360
4CB
  0
DICTIONARY
  5
4CC
330
2C
100
AcDbDictionary
280
     1
281
     1
  3
ADSK_XREC_LAYER_RECONCILED
360
4CD
  0
DICTIONARY
  5
4CE
330
2D
100
AcDbDictionary
280
     1
281
     1
  3
ADSK_XREC_LAYER_RECONCILED
360
4CF
  0
DICTIONARY
  5
4D0
330
2E
100
AcDbDictionary
280
     1
281
     1
  3
ADSK_XREC_LAYER_RECONCILED
360
4D1
  0
DICTIONARY
  5
4D2
330
2F
100
AcDbDictionary
280
     1
281
     1
  3
ADSK_XREC_LAYER_RECONCILED
360
4D3
  0
DICTIONARY
  5
4D4
330
30
100
AcDbDictionary
280
     1
281
     1
  3
ADSK_XREC_LAYER_RECONCILED
360
4D5
  0
DICTIONARY
  5
4D6
330
31
100
AcDbDictionary
280
     1
281
     1
  3
ADSK_XREC_LAYER_RECONCILED
360
4D7
  0
DICTIONARY
  5
4D8
330
32
100
AcDbDictionary
280
     1
281
     1
  3
ADSK_XREC_LAYER_RECONCILED
360
4D9
  0
DICTIONARY
  5
4DA
330
33
100
AcDbDictionary
280
     1
281
     1
  3
ADSK_XREC_LAYER_RECONCILED
360
4DB
  0
DICTIONARY
  5
4DC
330
34
100
AcDbDictionary
280
     1
281
     1
  3
ADSK_XREC_LAYER_RECONCILED
360
4DD
  0
DICTIONARY
  5
4E7
330
2CA
100
AcDbDictionary
280
     1
281
     1
  3
ACAD_MTEXT_2008_RT
360
4E8
  0
DICTIONARY
  5
4E9
330
2CD
100
AcDbDictionary
280
     1
281
     1
  3
ACAD_MTEXT_2008_RT
360
4EA
  0
DICTIONARY
  5
4EB
330
340
100
AcDbDictionary
280
     1
281
     1
  3
ACAD_MTEXT_2008_RT
360
4EC
  0
DICTIONARY
  5
4ED
330
349
100
AcDbDictionary
280
     1
281
     1
  3
ACAD_MTEXT_2008_RT
360
4EE
  0
DICTIONARY
  5
4EF
330
36D
100
AcDbDictionary
280
     1
281
     1
  3
ACAD_MTEXT_2008_RT
360
4F0
  0
DICTIONARY
  5
4F1
330
38D
100
AcDbDictionary
280
     1
281
     1
  3
ACAD_MTEXT_2008_RT
360
4F2
  0
XRECORD
  5
447
102
{ACAD_REACTORS
330
C
102
}
330
C
100
AcDbXrecord
280
     1
300
ACDLT
300
2025
300

  0
DICTIONARY
  5
3EC
102
{ACAD_REACTORS
330
C
102
}
330
C
100
AcDbDictionary
281
     1
  0
DICTIONARY
  5
444
102
{ACAD_REACTORS
330
C
102
}
330
C
100
AcDbDictionary
281
     1
  3
Metric50
350
445
  0
FIELDLIST
  5
3ED
102
{ACAD_REACTORS
330
C
102
}
330
C
100
AcDbIdSet
 90
        0
100
AcDbFieldList
  0
DICTIONARY
  5
D
102
{ACAD_REACTORS
330
C
102
}
330
C
100
AcDbDictionary
281
     1
  0
DICTIONARY
  5
3EE
102
{ACAD_REACTORS
330
C
102
}
330
C
100
AcDbDictionary
281
     1
  0
XRECORD
  5
4BF
102
{ACAD_REACTORS
330
C
102
}
330
C
100
AcDbXrecord
280
     1
300
{C5C0774E-13C1-FB4B-B679-D46CCF34D827}
301
{8BE9BDAB-3CE4-A149-B4F9-C280A2903A5B}
302
{C5C0774E-13C1-FB4B-B679-D46CCF34D827}
303

  0
DICTIONARY
  5
1A
102
{ACAD_REACTORS
330
C
102
}
330
C
100
AcDbDictionary
281
     1
  3
Layout1
350
1E
  3
Model
350
22
  0
DICTIONARY
  5
3EF
102
{ACAD_REACTORS
330
C
102
}
330
C
100
AcDbDictionary
281
     1
  3
ByBlock
350
409
  3
ByLayer
350
401
  3
Global
350
411
  0
DICTIONARY
  5
3F0
102
{ACAD_REACTORS
330
C
102
}
330
C
100
AcDbDictionary
281
     1
  3
Standard
350
3F1
  0
DICTIONARY
  5
17
102
{ACAD_REACTORS
330
C
102
}
330
C
100
AcDbDictionary
281
     1
  3
STANDARD
350
18
  0
DICTIONARY
  5
19
102
{ACAD_REACTORS
330
C
102
}
330
C
100
AcDbDictionary
281
     1
  0
ACDBDICTIONARYWDFLT
  5
E
102
{ACAD_REACTORS
330
C
102
}
330
C
100
AcDbDictionary
281
     1
  3
Normal
350
F
100
AcDbDictionaryWithDefault
340
F
  0
DICTIONARY
  5
3DA
102
{ACAD_REACTORS
330
C
102
}
330
C
100
AcDbDictionary
281
     1
  3
A0
350
431
  3
A1
350
432
  3
A2
350
433
  3
A3
350
434
  3
A4
350
435
  3
A5
350
436
  3
A6
350
437
  3
A7
350
438
  3
A8
350
439
  3
A9
350
43A
  3
B0
350
43B
  3
B1
350
43C
  3
B2
350
43D
  3
B3
350
43E
  3
B4
350
43F
  3
B5
350
440
  3
B6
350
441
  0
DICTIONARY
  5
442
102
{ACAD_REACTORS
330
C
102
}
330
C
100
AcDbDictionary
281
     1
  3
Metric50
350
443
  0
DICTIONARY
  5
3F2
102
{ACAD_REACTORS
330
C
102
}
330
C
100
AcDbDictionary
281
     1
  3
Standard
350
3F3
  0
DICTIONARY
  5
3FA
102
{ACAD_REACTORS
330
C
102
}
330
C
100
AcDbDictionary
281
     1
  3
2dWireframe
350
41E
  3
Basic
350
41D
  3
Brighten
350
424
  3
ColorChange
350
428
  3
Conceptual
350
421
  3
Dim
350
423
  3
EdgeColorOff
350
430
  3
Facepattern
350
427
  3
Flat
350
419
  3
FlatWithEdges
350
41A
  3
Gouraud
350
41B
  3
GouraudWithEdges
350
41C
  3
Hidden
350
420
  3
JitterOff
350
42E
  3
Linepattern
350
426
  3
OverhangOff
350
42F
  3
Realistic
350
422
  3
Shaded
350
42D
  3
Shaded with edges
350
42C
  3
Shades of Gray
350
429
  3
Sketchy
350
42A
  3
Thicken
350
425
  3
Wireframe
350
41F
  3
X-Ray
350
42B
  0
XRECORD
  5
4F4
102
{ACAD_REACTORS
330
C
102
}
330
C
100
AcDbXrecord
280
     1
 90
        1
330
2CA
330
2CD
330
340
330
349
330
36D
330
38D
330
3F3
  0
DICTIONARY
  5
3F7
102
{ACAD_REACTORS
330
C
102
}
330
C
100
AcDbDictionary
281
     1
  3
CANNOSCALE
350
4E2
  3
CMLEADERSTYLE
350
4DF
  3
CTABLESTYLE
350
4DE
  3
CVIEWDETAILSTYLE
350
4E0
  3
CVIEWSECTIONSTYLE
350
4E1
  3
DIMASSOC
350
3F8
  3
HIDETEXT
350
3F9
  3
INDEXCTL
350
4E4
  3
SORTENTS
350
4E3
  3
XCLIPFRAME
350
4E5
  0
XRECORD
  5
4F5
102
{ACAD_REACTORS
330
C
102
}
330
C
100
AcDbXrecord
280
     1
  1
DWGPROPS COOKIE
  2

  3

  4

  6

  7

  8
CristianoRVBIsolante
  9

300
=
301
=
302
=
303
=
304
=
305
=
306
=
307
=
308
=
309
=
 40
0.0002662037037037
 41
2461117.107430555
 42
2461117.607789352
  1

 90
        0
  0
XRECORD
  5
4C1
102
{ACAD_REACTORS
330
4C0
102
}
330
4C0
100
AcDbXrecord
280
     1
290
     1
  0
XRECORD
  5
4C3
102
{ACAD_REACTORS
330
4C2
102
}
330
4C2
100
AcDbXrecord
280
     1
290
     1
  0
XRECORD
  5
4C5
102
{ACAD_REACTORS
330
4C4
102
}
330
4C4
100
AcDbXrecord
280
     1
290
     1
  0
XRECORD
  5
4C7
102
{ACAD_REACTORS
330
4C6
102
}
330
4C6
100
AcDbXrecord
280
     1
290
     1
  0
XRECORD
  5
4C9
102
{ACAD_REACTORS
330
4C8
102
}
330
4C8
100
AcDbXrecord
280
     1
290
     1
  0
XRECORD
  5
4CB
102
{ACAD_REACTORS
330
4CA
102
}
330
4CA
100
AcDbXrecord
280
     1
290
     1
  0
XRECORD
  5
4CD
102
{ACAD_REACTORS
330
4CC
102
}
330
4CC
100
AcDbXrecord
280
     1
290
     1
  0
XRECORD
  5
4CF
102
{ACAD_REACTORS
330
4CE
102
}
330
4CE
100
AcDbXrecord
280
     1
290
     1
  0
XRECORD
  5
4D1
102
{ACAD_REACTORS
330
4D0
102
}
330
4D0
100
AcDbXrecord
280
     1
290
     1
  0
XRECORD
  5
4D3
102
{ACAD_REACTORS
330
4D2
102
}
330
4D2
100
AcDbXrecord
280
     1
290
     1
  0
XRECORD
  5
4D5
102
{ACAD_REACTORS
330
4D4
102
}
330
4D4
100
AcDbXrecord
280
     1
290
     1
  0
XRECORD
  5
4D7
102
{ACAD_REACTORS
330
4D6
102
}
330
4D6
100
AcDbXrecord
280
     1
290
     1
  0
XRECORD
  5
4D9
102
{ACAD_REACTORS
330
4D8
102
}
330
4D8
100
AcDbXrecord
280
     1
290
     1
  0
XRECORD
  5
4DB
102
{ACAD_REACTORS
330
4DA
102
}
330
4DA
100
AcDbXrecord
280
     1
290
     1
  0
XRECORD
  5
4DD
102
{ACAD_REACTORS
330
4DC
102
}
330
4DC
100
AcDbXrecord
280
     1
290
     1
  0
XRECORD
  5
4E8
102
{ACAD_REACTORS
330
4E7
102
}
330
4E7
100
AcDbXrecord
280
     1
 40
1356.0
  1
\pxqc;CH 0+30
  0
XRECORD
  5
4EA
102
{ACAD_REACTORS
330
4E9
102
}
330
4E9
100
AcDbXrecord
280
     1
 40
25283.0
  1
\pxt14;DT-20418-006-007 pos.5
  0
XRECORD
  5
4EC
102
{ACAD_REACTORS
330
4EB
102
}
330
4EB
100
AcDbXrecord
280
     1
 40
1356.0
  1
\pxqc;CH 0+30
  0
XRECORD
  5
4EE
102
{ACAD_REACTORS
330
4ED
102
}
330
4ED
100
AcDbXrecord
280
     1
 40
25283.0
  1
\pxt14;DT-20418-006-007 pos.5
  0
XRECORD
  5
4F0
102
{ACAD_REACTORS
330
4EF
102
}
330
4EF
100
AcDbXrecord
280
     1
 40
25283.0
  1
\pxt14;DT-20418-006-007 pos.5
  0
XRECORD
  5
4F2
102
{ACAD_REACTORS
330
4F1
102
}
330
4F1
100
AcDbXrecord
280
     1
 40
25283.0
  1
\pxt14;DT-20418-006-007 pos.5
  0
ACDBDETAILVIEWSTYLE
  5
445
102
{ACAD_XDICTIONARY
360
530
102
}
102
{ACAD_REACTORS
330
444
102
}
330
444
100
AcDbModelDocViewStyle
 70
     0
  3
Metric50
290
     0
100
AcDbDetailViewStyle
 70
     0
 71
     0
 90
        3
 71
     1
340
11
 40
5.0
340
0
 40
5.0
300

 40
0.0
280
     1
 71
     2
340
16
 90
       25
 71
     3
340
11
 40
5.0
 90
        0
 40
15.0
 90
        1
300
%<\AcVar ViewDetailId>% (%<\AcVar ViewScale \f "%sn">%)
 71
     4
340
16
 90
       25
340
16
 90
       25
280
     0
  0
LAYOUT
  5
1E
102
{ACAD_XDICTIONARY
360
4F6
102
}
102
{ACAD_REACTORS
330
1A
102
}
330
1A
100
AcDbPlotSettings
  1

  2
C:\Program Files\AutoCAD 2002\plotters\DWF ePlot (optimized for plotting).pc3
  4

  6

 40
0.0
 41
0.0
 42
0.0
 43
0.0
 44
0.0
 45
0.0
 46
0.0
 47
0.0
 48
0.0
 49
0.0
140
0.0
141
0.0
142
1.0
143
1.0
 70
   688
 72
     1
 73
     1
 74
     1
  7
acad.stb
 75
    16
147
1.0
148
0.0
149
0.0
100
AcDbLayout
  1
Layout1
 70
     1
 71
     1
 10
0.0
 20
0.0
 11
0.0
 21
0.0
 12
0.0
 22
0.0
 32
0.0
 14
1.000000000000000E+20
 24
1.000000000000000E+20
 34
1.000000000000000E+20
 15
-1.000000000000000E+20
 25
-1.000000000000000E+20
 35
-1.000000000000000E+20
146
0.0
 13
0.0
 23
0.0
 33
0.0
 16
1.0
 26
0.0
 36
0.0
 17
0.0
 27
1.0
 37
0.0
 76
     0
330
3D5
  0
LAYOUT
  5
22
102
{ACAD_XDICTIONARY
360
4F8
102
}
102
{ACAD_REACTORS
330
1A
102
}
330
1A
100
AcDbPlotSettings
  1

  2
C:\Program Files\AutoCAD 2002\plotters\DWF ePlot (optimized for plotting).pc3
  4

  6

 40
0.0
 41
0.0
 42
0.0
 43
0.0
 44
0.0
 45
0.0
 46
0.0
 47
0.0
 48
0.0
 49
0.0
140
0.0
141
0.0
142
1.0
143
1.0
 70
  1712
 72
     1
 73
     1
 74
     0
  7
acad.stb
 75
     0
147
1.0
148
0.0
149
0.0
100
AcDbLayout
  1
Model
 70
     1
 71
     0
 10
0.0
 20
0.0
 11
12.0
 21
9.0
 12
0.0
 22
0.0
 32
0.0
 14
0.0
 24
0.0
 34
0.0
 15
0.0
 25
0.0
 35
0.0
146
0.0
 13
0.0
 23
0.0
 33
0.0
 16
1.0
 26
0.0
 36
0.0
 17
0.0
 27
1.0
 37
0.0
 76
     0
330
1F
331
3D9
  0
MATERIAL
  5
409
102
{ACAD_XDICTIONARY
360
40A
102
}
102
{ACAD_REACTORS
330
3EF
102
}
330
3EF
100
AcDbMaterial
  1
ByBlock
 72
     0
 43
0.0008202099737533
 43
0.0
 43
0.0
 43
0.0
 43
0.0
 43
0.0008202099737533
 43
0.0
 43
0.0
 43
0.0
 43
0.0
 43
1.0
 43
0.0
 43
0.0
 43
0.0
 43
0.0
 43
1.0
 77
     0
 47
0.0008202099737533
 47
0.0
 47
0.0
 47
0.0
 47
0.0
 47
0.0008202099737533
 47
0.0
 47
0.0
 47
0.0
 47
0.0
 47
1.0
 47
0.0
 47
0.0
 47
0.0
 47
0.0
 47
1.0
171
     0
 49
0.0008202099737533
 49
0.0
 49
0.0
 49
0.0
 49
0.0
 49
0.0008202099737533
 49
0.0
 49
0.0
 49
0.0
 49
0.0
 49
1.0
 49
0.0
 49
0.0
 49
0.0
 49
0.0
 49
1.0
175
     0
142
0.0008202099737533
142
0.0
142
0.0
142
0.0
142
0.0
142
0.0008202099737533
142
0.0
142
0.0
142
0.0
142
0.0
142
1.0
142
0.0
142
0.0
142
0.0
142
0.0
142
1.0
179
     0
144
0.0008202099737533
144
0.0
144
0.0
144
0.0
144
0.0
144
0.0008202099737533
144
0.0
144
0.0
144
0.0
144
0.0
144
1.0
144
0.0
144
0.0
144
0.0
144
0.0
144
1.0
147
0.0008202099737533
147
0.0
147
0.0
147
0.0
147
0.0
147
0.0008202099737533
147
0.0
147
0.0
147
0.0
147
0.0
147
1.0
147
0.0
147
0.0
147
0.0
147
0.0
147
1.0
  0
MATERIAL
  5
401
102
{ACAD_XDICTIONARY
360
402
102
}
102
{ACAD_REACTORS
330
3EF
102
}
330
3EF
100
AcDbMaterial
  1
ByLayer
 72
     0
 43
0.0008202099737533
 43
0.0
 43
0.0
 43
0.0
 43
0.0
 43
0.0008202099737533
 43
0.0
 43
0.0
 43
0.0
 43
0.0
 43
1.0
 43
0.0
 43
0.0
 43
0.0
 43
0.0
 43
1.0
 77
     0
 47
0.0008202099737533
 47
0.0
 47
0.0
 47
0.0
 47
0.0
 47
0.0008202099737533
 47
0.0
 47
0.0
 47
0.0
 47
0.0
 47
1.0
 47
0.0
 47
0.0
 47
0.0
 47
0.0
 47
1.0
171
     0
 49
0.0008202099737533
 49
0.0
 49
0.0
 49
0.0
 49
0.0
 49
0.0008202099737533
 49
0.0
 49
0.0
 49
0.0
 49
0.0
 49
1.0
 49
0.0
 49
0.0
 49
0.0
 49
0.0
 49
1.0
175
     0
142
0.0008202099737533
142
0.0
142
0.0
142
0.0
142
0.0
142
0.0008202099737533
142
0.0
142
0.0
142
0.0
142
0.0
142
1.0
142
0.0
142
0.0
142
0.0
142
0.0
142
1.0
179
     0
144
0.0008202099737533
144
0.0
144
0.0
144
0.0
144
0.0
144
0.0008202099737533
144
0.0
144
0.0
144
0.0
144
0.0
144
1.0
144
0.0
144
0.0
144
0.0
144
0.0
144
1.0
147
0.0008202099737533
147
0.0
147
0.0
147
0.0
147
0.0
147
0.0008202099737533
147
0.0
147
0.0
147
0.0
147
0.0
147
1.0
147
0.0
147
0.0
147
0.0
147
0.0
147
1.0
  0
MATERIAL
  5
411
102
{ACAD_XDICTIONARY
360
412
102
}
102
{ACAD_REACTORS
330
3EF
102
}
330
3EF
100
AcDbMaterial
  1
Global
 72
     0
 43
0.0008202099737533
 43
0.0
 43
0.0
 43
0.0
 43
0.0
 43
0.0008202099737533
 43
0.0
 43
0.0
 43
0.0
 43
0.0
 43
1.0
 43
0.0
 43
0.0
 43
0.0
 43
0.0
 43
1.0
 77
     0
 47
0.0008202099737533
 47
0.0
 47
0.0
 47
0.0
 47
0.0
 47
0.0008202099737533
 47
0.0
 47
0.0
 47
0.0
 47
0.0
 47
1.0
 47
0.0
 47
0.0
 47
0.0
 47
0.0
 47
1.0
171
     0
 49
0.0008202099737533
 49
0.0
 49
0.0
 49
0.0
 49
0.0
 49
0.0008202099737533
 49
0.0
 49
0.0
 49
0.0
 49
0.0
 49
1.0
 49
0.0
 49
0.0
 49
0.0
 49
0.0
 49
1.0
175
     0
142
0.0008202099737533
142
0.0
142
0.0
142
0.0
142
0.0
142
0.0008202099737533
142
0.0
142
0.0
142
0.0
142
0.0
142
1.0
142
0.0
142
0.0
142
0.0
142
0.0
142
1.0
179
     0
144
0.0008202099737533
144
0.0
144
0.0
144
0.0
144
0.0
144
0.0008202099737533
144
0.0
144
0.0
144
0.0
144
0.0
144
1.0
144
0.0
144
0.0
144
0.0
144
0.0
144
1.0
147
0.0008202099737533
147
0.0
147
0.0
147
0.0
147
0.0
147
0.0008202099737533
147
0.0
147
0.0
147
0.0
147
0.0
147
1.0
147
0.0
147
0.0
147
0.0
147
0.0
147
1.0
  0
MLEADERSTYLE
  5
3F1
102
{ACAD_REACTORS
330
3F0
102
}
330
3F0
100
AcDbMLeaderStyle
170
     2
171
     1
172
     0
 90
        2
 40
0.0
 41
0.0
173
     1
 91
-1073741824
 92
       -2
290
     1
 42
0.09
291
     1
 43
0.36
  3
Standard
 44
0.18
300

174
     1
178
     1
175
     1
176
     0
 93
-1073741824
 45
0.18
292
     0
297
     0
 46
0.0
 94
-1073741824
 47
1.0
 49
1.0
140
1.0
293
     1
141
0.0
294
     1
177
     0
142
1.0
295
     0
296
     0
143
0.125
1001
ACAD_MLEADERVER
1070
     2
  0
MLINESTYLE
  5
18
102
{ACAD_REACTORS
330
17
102
}
330
17
100
AcDbMlineStyle
  2
STANDARD
 70
     0
  3

 62
   256
 51
90.0
 52
90.0
 71
     2
 49
0.5
 62
     0
  6
BYLAYER
 49
-0.5
 62
     0
  6
BYLAYER
  0
ACDBPLACEHOLDER
  5
F
102
{ACAD_REACTORS
330
E
102
}
330
E
  0
SCALE
  5
431
102
{ACAD_REACTORS
330
3DA
102
}
330
3DA
100
AcDbScale
 70
     0
300
1:1
140
1.0
141
1.0
290
     1
  0
SCALE
  5
432
102
{ACAD_REACTORS
330
3DA
102
}
330
3DA
100
AcDbScale
 70
     0
300
1:2
140
1.0
141
2.0
290
     0
  0
SCALE
  5
433
102
{ACAD_REACTORS
330
3DA
102
}
330
3DA
100
AcDbScale
 70
     0
300
1:4
140
1.0
141
4.0
290
     0
  0
SCALE
  5
434
102
{ACAD_REACTORS
330
3DA
102
}
330
3DA
100
AcDbScale
 70
     0
300
1:5
140
1.0
141
5.0
290
     0
  0
SCALE
  5
435
102
{ACAD_REACTORS
330
3DA
102
}
330
3DA
100
AcDbScale
 70
     0
300
1:8
140
1.0
141
8.0
290
     0
  0
SCALE
  5
436
102
{ACAD_REACTORS
330
3DA
102
}
330
3DA
100
AcDbScale
 70
     0
300
1:10
140
1.0
141
10.0
290
     0
  0
SCALE
  5
437
102
{ACAD_REACTORS
330
3DA
102
}
330
3DA
100
AcDbScale
 70
     0
300
1:16
140
1.0
141
16.0
290
     0
  0
SCALE
  5
438
102
{ACAD_REACTORS
330
3DA
102
}
330
3DA
100
AcDbScale
 70
     0
300
1:20
140
1.0
141
20.0
290
     0
  0
SCALE
  5
439
102
{ACAD_REACTORS
330
3DA
102
}
330
3DA
100
AcDbScale
 70
     0
300
1:30
140
1.0
141
30.0
290
     0
  0
SCALE
  5
43A
102
{ACAD_REACTORS
330
3DA
102
}
330
3DA
100
AcDbScale
 70
     0
300
1:40
140
1.0
141
40.0
290
     0
  0
SCALE
  5
43B
102
{ACAD_REACTORS
330
3DA
102
}
330
3DA
100
AcDbScale
 70
     0
300
1:50
140
1.0
141
50.0
290
     0
  0
SCALE
  5
43C
102
{ACAD_REACTORS
330
3DA
102
}
330
3DA
100
AcDbScale
 70
     0
300
1:100
140
1.0
141
100.0
290
     0
  0
SCALE
  5
43D
102
{ACAD_REACTORS
330
3DA
102
}
330
3DA
100
AcDbScale
 70
     0
300
2:1
140
2.0
141
1.0
290
     0
  0
SCALE
  5
43E
102
{ACAD_REACTORS
330
3DA
102
}
330
3DA
100
AcDbScale
 70
     0
300
4:1
140
4.0
141
1.0
290
     0
  0
SCALE
  5
43F
102
{ACAD_REACTORS
330
3DA
102
}
330
3DA
100
AcDbScale
 70
     0
300
8:1
140
8.0
141
1.0
290
     0
  0
SCALE
  5
440
102
{ACAD_REACTORS
330
3DA
102
}
330
3DA
100
AcDbScale
 70
     0
300
10:1
140
10.0
141
1.0
290
     0
  0
SCALE
  5
441
102
{ACAD_REACTORS
330
3DA
102
}
330
3DA
100
AcDbScale
 70
     0
300
100:1
140
100.0
141
1.0
290
     0
  0
ACDBSECTIONVIEWSTYLE
  5
443
102
{ACAD_XDICTIONARY
360
52E
102
}
102
{ACAD_REACTORS
330
442
102
}
330
442
100
AcDbModelDocViewStyle
 70
     0
  3
Metric50
290
     0
100
AcDbSectionViewStyle
 70
     0
 71
     0
 90
      102
 71
     1
340
11
 40
5.0
340
0
340
0
 40
5.0
300
I, O, Q, S, X, Z
 40
10.0
 90
        0
 40
2.5
 90
        0
 71
     2
340
16
 90
       25
340
16
 90
       50
 40
5.0
 40
2.5
 40
5.0
 71
     3
340
11
 40
5.0
 90
        0
 40
15.0
 90
        1
300
%<\AcVar ViewSectionStartId>%-%<\AcVar ViewSectionEndId>% (%<\AcVar ViewScale \f "%sn">%)
 71
     4
300
ANSI31
 40
1.0
 90
        0
290
     0
290
     0
 90
        6
 40
0.0
 40
1.570796326794896
 40
0.2617993877991494
 40
1.308996938995747
 40
-0.2617993877991494
 40
1.832595714594046
  0
TABLESTYLE
  5
3F3
102
{ACAD_XDICTIONARY
360
3F4
102
}
102
{ACAD_REACTORS
330
3F2
102
}
330
3F2
100
AcDbTableStyle
  3

 70
     0
 71
     0
 40
0.06
 41
0.06
280
     0
281
     0
  7
Standard
140
0.18
170
     1
 62
     0
 63
     7
283
     0
274
    -2
284
     1
 64
     0
275
    -2
285
     1
 65
     0
276
    -2
286
     1
 66
     0
277
    -2
287
     1
 67
     0
278
    -2
288
     1
 68
     0
279
    -2
289
     1
 69
     0
  7
Standard
140
0.18
170
     1
 62
     0
 63
     7
283
     0
274
    -2
284
     1
 64
     0
275
    -2
285
     1
 65
     0
276
    -2
286
     1
 66
     0
277
    -2
287
     1
 67
     0
278
    -2
288
     1
 68
     0
279
    -2
289
     1
 69
     0
  7
Standard
140
0.18
170
     1
 62
     0
 63
     7
283
     0
274
    -2
284
     1
 64
     0
275
    -2
285
     1
 65
     0
276
    -2
286
     1
 66
     0
277
    -2
287
     1
 67
     0
278
    -2
288
     1
 68
     0
279
    -2
289
     1
 69
     0
  0
VISUALSTYLE
  5
41E
102
{ACAD_XDICTIONARY
360
508
102
}
102
{ACAD_REACTORS
330
3FA
102
}
330
3FA
100
AcDbVisualStyle
  2
2dWireframe
 70
     4
 71
     0
 72
     2
 73
     0
 90
        0
 40
-0.6
 41
-30.0
 62
     5
 63
     7
 74
     1
 91
        4
 64
     7
 65
   257
 75
     1
175
     1
 42
1.0
 92
        0
 66
   257
 43
1.0
 76
     1
 77
     6
 78
     2
 67
     7
 79
     5
170
     0
171
     0
290
     0
174
     0
 93
        1
 44
0.0
173
     0
291
     0
 45
0.0
1001
ACAD
1000
AcDbSavedByObjectVersion
1070
     0
  0
VISUALSTYLE
  5
41D
102
{ACAD_XDICTIONARY
360
506
102
}
102
{ACAD_REACTORS
330
3FA
102
}
330
3FA
100
AcDbVisualStyle
  2
Basic
 70
     7
 71
     1
 72
     0
 73
     1
 90
        0
 40
-0.6
 41
-30.0
 62
     5
 63
     7
 74
     0
 91
        4
 64
     7
 65
   257
 75
     1
175
     1
 42
1.0
 92
        8
 66
     7
 43
1.0
 76
     1
 77
     6
 78
     2
 67
     7
 79
     5
170
     0
171
     0
290
     0
174
     0
 93
        1
 44
0.0
173
     0
291
     1
 45
0.0
1001
ACAD
1000
AcDbSavedByObjectVersion
1070
     0
  0
VISUALSTYLE
  5
424
102
{ACAD_XDICTIONARY
360
514
102
}
102
{ACAD_REACTORS
330
3FA
102
}
330
3FA
100
AcDbVisualStyle
  2
Brighten
 70
    12
 71
     2
 72
     2
 73
     0
 90
        0
 40
-0.6
 41
-30.0
 62
     5
 63
     7
 74
     1
 91
        4
 64
     7
 65
   257
 75
     1
175
     1
 42
1.0
 92
        8
 66
     7
 43
1.0
 76
     1
 77
     6
 78
     2
 67
     7
 79
     5
170
     0
171
     0
290
     0
174
     0
 93
        1
 44
50.0
173
     0
291
     1
 45
0.0
1001
ACAD
1000
AcDbSavedByObjectVersion
1070
     0
  0
VISUALSTYLE
  5
428
102
{ACAD_XDICTIONARY
360
51C
102
}
102
{ACAD_REACTORS
330
3FA
102
}
330
3FA
100
AcDbVisualStyle
  2
ColorChange
 70
    16
 71
     2
 72
     2
 73
     3
 90
        0
 40
-0.6
 41
-30.0
 62
     5
 63
     8
 74
     1
 91
        4
 64
     7
 65
   257
 75
     1
175
     1
 42
1.0
 92
        8
 66
     8
 43
1.0
 76
     1
 77
     6
 78
     2
 67
     7
 79
     5
170
     0
171
     0
290
     0
174
     0
 93
        1
 44
0.0
173
     0
291
     1
 45
0.0
1001
ACAD
1000
AcDbSavedByObjectVersion
1070
     0
  0
VISUALSTYLE
  5
421
102
{ACAD_XDICTIONARY
360
50E
102
}
102
{ACAD_REACTORS
330
3FA
102
}
330
3FA
100
AcDbVisualStyle
  2
Conceptual
 70
     9
 71
     3
 72
     2
 73
     0
 90
        0
 40
-0.6
 41
-30.0
 62
     5
 63
     7
 74
     2
 91
        2
 64
     7
 65
   257
 75
     1
175
     1
 42
179.0
 92
        8
 66
     7
 43
1.0
 76
     1
 77
     6
 78
     2
 67
     7
 79
     3
170
     0
171
     0
290
     0
174
     0
 93
        1
 44
0.0
173
     0
291
     0
 45
0.0
1001
ACAD
1000
AcDbSavedByObjectVersion
1070
     0
  0
VISUALSTYLE
  5
423
102
{ACAD_XDICTIONARY
360
512
102
}
102
{ACAD_REACTORS
330
3FA
102
}
330
3FA
100
AcDbVisualStyle
  2
Dim
 70
    11
 71
     2
 72
     2
 73
     0
 90
        0
 40
-0.6
 41
-30.0
 62
     5
 63
     7
 74
     1
 91
        4
 64
     7
 65
   257
 75
     1
175
     1
 42
1.0
 92
        8
 66
     7
 43
1.0
 76
     1
 77
     6
 78
     2
 67
     7
 79
     5
170
     0
171
     0
290
     0
174
     0
 93
        1
 44
-50.0
173
     0
291
     1
 45
0.0
1001
ACAD
1000
AcDbSavedByObjectVersion
1070
     0
  0
VISUALSTYLE
  5
430
102
{ACAD_XDICTIONARY
360
52C
102
}
102
{ACAD_REACTORS
330
3FA
102
}
330
3FA
100
AcDbVisualStyle
  2
EdgeColorOff
 70
    22
 71
     2
 72
     2
 73
     0
 90
        0
 40
-0.6
 41
-30.0
 62
     5
 63
     7
 74
     1
 91
        4
 64
     7
 65
   257
 75
     1
175
     1
 42
1.0
 92
        8
 66
     7
 43
1.0
 76
     1
 77
     6
 78
     2
 67
     7
 79
     5
170
     0
171
     0
290
     0
174
     0
 93
        1
 44
0.0
173
     0
291
     1
 45
0.0
1001
ACAD
1000
AcDbSavedByObjectVersion
1070
     0
  0
VISUALSTYLE
  5
427
102
{ACAD_XDICTIONARY
360
51A
102
}
102
{ACAD_REACTORS
330
3FA
102
}
330
3FA
100
AcDbVisualStyle
  2
Facepattern
 70
    15
 71
     2
 72
     2
 73
     0
 90
        0
 40
-0.6
 41
-30.0
 62
     5
 63
     7
 74
     1
 91
        4
 64
     7
 65
   257
 75
     1
175
     1
 42
1.0
 92
        8
 66
     7
 43
1.0
 76
     1
 77
     6
 78
     2
 67
     7
 79
     5
170
     0
171
     0
290
     0
174
     0
 93
        1
 44
0.0
173
     0
291
     1
 45
0.0
1001
ACAD
1000
AcDbSavedByObjectVersion
1070
     0
  0
VISUALSTYLE
  5
419
102
{ACAD_XDICTIONARY
360
4FE
102
}
102
{ACAD_REACTORS
330
3FA
102
}
330
3FA
100
AcDbVisualStyle
  2
Flat
 70
     0
 71
     2
 72
     1
 73
     1
 90
        2
 40
-0.6
 41
30.0
 62
     5
 63
     7
 74
     0
 91
        0
 64
     7
 65
   257
 75
     1
175
     1
 42
1.0
 92
        8
 66
     7
 43
1.0
 76
     1
 77
     6
 78
     2
 67
     7
 79
     5
170
     0
171
     0
290
     0
174
     0
 93
       13
 44
0.0
173
     0
291
     1
 45
0.0
1001
ACAD
1000
AcDbSavedByObjectVersion
1070
     0
  0
VISUALSTYLE
  5
41A
102
{ACAD_XDICTIONARY
360
500
102
}
102
{ACAD_REACTORS
330
3FA
102
}
330
3FA
100
AcDbVisualStyle
  2
FlatWithEdges
 70
     1
 71
     2
 72
     1
 73
     1
 90
        2
 40
-0.6
 41
30.0
 62
     5
 63
     7
 74
     1
 91
        0
 64
     7
 65
   257
 75
     1
175
     1
 42
1.0
 92
        0
 66
   257
 43
1.0
 76
     1
 77
     6
 78
     2
 67
     7
 79
     5
170
     0
171
     0
290
     0
174
     0
 93
       13
 44
0.0
173
     0
291
     1
 45
0.0
1001
ACAD
1000
AcDbSavedByObjectVersion
1070
     0
  0
VISUALSTYLE
  5
41B
102
{ACAD_XDICTIONARY
360
502
102
}
102
{ACAD_REACTORS
330
3FA
102
}
330
3FA
100
AcDbVisualStyle
  2
Gouraud
 70
     2
 71
     2
 72
     2
 73
     1
 90
        2
 40
-0.6
 41
30.0
 62
     5
 63
     7
 74
     0
 91
        0
 64
     7
 65
   257
 75
     1
175
     1
 42
1.0
 92
        0
 66
     7
 43
1.0
 76
     1
 77
     6
 78
     2
 67
     7
 79
     5
170
     0
171
     0
290
     0
174
     0
 93
       13
 44
0.0
173
     0
291
     1
 45
0.0
1001
ACAD
1000
AcDbSavedByObjectVersion
1070
     0
  0
VISUALSTYLE
  5
41C
102
{ACAD_XDICTIONARY
360
504
102
}
102
{ACAD_REACTORS
330
3FA
102
}
330
3FA
100
AcDbVisualStyle
  2
GouraudWithEdges
 70
     3
 71
     2
 72
     2
 73
     1
 90
        2
 40
-0.6
 41
30.0
 62
     5
 63
     7
 74
     1
 91
        0
 64
     7
 65
   257
 75
     1
175
     1
 42
1.0
 92
        0
 66
   257
 43
1.0
 76
     1
 77
     6
 78
     2
 67
     7
 79
     5
170
     0
171
     0
290
     0
174
     0
 93
       13
 44
0.0
173
     0
291
     1
 45
0.0
1001
ACAD
1000
AcDbSavedByObjectVersion
1070
     0
  0
VISUALSTYLE
  5
420
102
{ACAD_XDICTIONARY
360
50C
102
}
102
{ACAD_REACTORS
330
3FA
102
}
330
3FA
100
AcDbVisualStyle
  2
Hidden
 70
     6
 71
     1
 72
     2
 73
     2
 90
        0
 40
-0.6
 41
-30.0
 62
     5
 63
     7
 74
     2
 91
        2
 64
     7
 65
   257
 75
     2
175
     1
 42
40.0
 92
        0
 66
   257
 43
1.0
 76
     1
 77
     6
 78
     2
 67
     7
 79
     3
170
     0
171
     0
290
     0
174
     0
 93
        1
 44
0.0
173
     0
291
     0
 45
0.0
1001
ACAD
1000
AcDbSavedByObjectVersion
1070
     0
  0
VISUALSTYLE
  5
42E
102
{ACAD_XDICTIONARY
360
528
102
}
102
{ACAD_REACTORS
330
3FA
102
}
330
3FA
100
AcDbVisualStyle
  2
JitterOff
 70
    20
 71
     2
 72
     2
 73
     0
 90
        0
 40
-0.6
 41
-30.0
 62
     5
 63
     7
 74
     1
 91
        4
 64
     7
 65
   257
 75
     1
175
     1
 42
1.0
 92
       10
 66
     7
 43
1.0
 76
     1
 77
     6
 78
     2
 67
     7
 79
     5
170
     0
171
     0
290
     0
174
     0
 93
        1
 44
0.0
173
     0
291
     1
 45
0.0
1001
ACAD
1000
AcDbSavedByObjectVersion
1070
     0
  0
VISUALSTYLE
  5
426
102
{ACAD_XDICTIONARY
360
518
102
}
102
{ACAD_REACTORS
330
3FA
102
}
330
3FA
100
AcDbVisualStyle
  2
Linepattern
 70
    14
 71
     2
 72
     2
 73
     0
 90
        0
 40
-0.6
 41
-30.0
 62
     5
 63
     7
 74
     1
 91
        4
 64
     7
 65
   257
 75
     7
175
     7
 42
1.0
 92
        8
 66
     7
 43
1.0
 76
     1
 77
     6
 78
     2
 67
     7
 79
     5
170
     0
171
     0
290
     0
174
     0
 93
        1
 44
0.0
173
     0
291
     1
 45
0.0
1001
ACAD
1000
AcDbSavedByObjectVersion
1070
     0
  0
VISUALSTYLE
  5
42F
102
{ACAD_XDICTIONARY
360
52A
102
}
102
{ACAD_REACTORS
330
3FA
102
}
330
3FA
100
AcDbVisualStyle
  2
OverhangOff
 70
    21
 71
     2
 72
     2
 73
     0
 90
        0
 40
-0.6
 41
-30.0
 62
     5
 63
     7
 74
     1
 91
        4
 64
     7
 65
   257
 75
     1
175
     1
 42
1.0
 92
        9
 66
     7
 43
1.0
 76
     1
 77
     6
 78
     2
 67
     7
 79
     5
170
     0
171
     0
290
     0
174
     0
 93
        1
 44
0.0
173
     0
291
     1
 45
0.0
1001
ACAD
1000
AcDbSavedByObjectVersion
1070
     0
  0
VISUALSTYLE
  5
422
102
{ACAD_XDICTIONARY
360
510
102
}
102
{ACAD_REACTORS
330
3FA
102
}
330
3FA
100
AcDbVisualStyle
  2
Realistic
 70
     8
 71
     2
 72
     3
 73
     0
 90
        2
 40
-0.6
 41
30.0
 62
     5
 63
     7
 74
     0
 91
        0
 64
     7
 65
   257
 75
     1
175
     1
 42
1.0
 92
        8
 66
   257
 43
1.0
 76
     1
 77
     6
 78
     2
 67
     7
 79
     3
170
     0
171
     0
290
     0
174
     0
 93
       13
 44
0.0
173
     0
291
     0
 45
0.0
1001
ACAD
1000
AcDbSavedByObjectVersion
1070
     0
  0
VISUALSTYLE
  5
42D
102
{ACAD_XDICTIONARY
360
526
102
}
102
{ACAD_REACTORS
330
3FA
102
}
330
3FA
100
AcDbVisualStyle
  2
Shaded
 70
    27
 71
     2
 72
     2
 73
     1
 90
        2
 40
-0.6
 41
30.0
 62
     5
 63
     7
 74
     0
 91
        4
 64
     7
 65
   257
 75
     1
175
     1
 42
1.0
 92
        8
 66
   257
 43
1.0
 76
     1
 77
     6
 78
     2
 67
     8
 79
     3
170
     0
171
     0
290
     0
174
     0
 93
        5
 44
0.0
173
     0
291
     0
 45
0.0
1001
ACAD
1000
AcDbSavedByObjectVersion
1070
     0
  0
VISUALSTYLE
  5
42C
102
{ACAD_XDICTIONARY
360
524
102
}
102
{ACAD_REACTORS
330
3FA
102
}
330
3FA
100
AcDbVisualStyle
  2
Shaded with edges
 70
    26
 71
     2
 72
     2
 73
     1
 90
        2
 40
-0.6
 41
30.0
 62
     5
 63
     7
 74
     1
 91
        2
 64
     7
 65
   257
 75
     2
175
     1
 42
1.0
 92
        8
 66
   257
 43
1.0
 76
     1
 77
     6
 78
     2
 67
     7
 79
     3
170
     0
171
     0
290
     0
174
     0
 93
        5
 44
0.0
173
     0
291
     0
 45
0.0
1001
ACAD
1000
AcDbSavedByObjectVersion
1070
     0
  0
VISUALSTYLE
  5
429
102
{ACAD_XDICTIONARY
360
51E
102
}
102
{ACAD_REACTORS
330
3FA
102
}
330
3FA
100
AcDbVisualStyle
  2
Shades of Gray
 70
    23
 71
     2
 72
     2
 73
     3
 90
        0
 40
-0.6
 41
-30.0
 62
     5
 63
     7
 74
     2
 91
        2
 64
     7
 65
     7
 75
     1
175
     1
 42
40.0
 92
        8
 66
     7
 43
1.0
 76
     1
 77
     6
 78
     2
 67
     7
 79
     3
170
     0
171
     0
290
     0
174
     0
 93
        1
 44
0.0
173
     0
291
     0
 45
0.0
1001
ACAD
1000
AcDbSavedByObjectVersion
1070
     0
  0
VISUALSTYLE
  5
42A
102
{ACAD_XDICTIONARY
360
520
102
}
102
{ACAD_REACTORS
330
3FA
102
}
330
3FA
100
AcDbVisualStyle
  2
Sketchy
 70
    24
 71
     1
 72
     2
 73
     2
 90
        0
 40
-0.6
 41
-30.0
 62
     5
 63
     7
 74
     2
 91
        2
 64
     7
 65
     7
 75
     1
175
     1
 42
40.0
 92
       11
 66
     7
 43
1.0
 76
     1
 77
     6
 78
     2
 67
     7
 79
     6
170
     0
171
     0
290
     0
174
     0
 93
        1
 44
0.0
173
     0
291
     0
 45
0.0
1001
ACAD
1000
AcDbSavedByObjectVersion
1070
     0
  0
VISUALSTYLE
  5
425
102
{ACAD_XDICTIONARY
360
516
102
}
102
{ACAD_REACTORS
330
3FA
102
}
330
3FA
100
AcDbVisualStyle
  2
Thicken
 70
    13
 71
     2
 72
     2
 73
     0
 90
        0
 40
-0.6
 41
-30.0
 62
     5
 63
     7
 74
     1
 91
        4
 64
     7
 65
   257
 75
     1
175
     1
 42
1.0
 92
       12
 66
     7
 43
1.0
 76
     1
 77
     6
 78
     2
 67
     7
 79
     5
170
     0
171
     0
290
     0
174
     0
 93
        1
 44
0.0
173
     0
291
     1
 45
0.0
1001
ACAD
1000
AcDbSavedByObjectVersion
1070
     0
  0
VISUALSTYLE
  5
41F
102
{ACAD_XDICTIONARY
360
50A
102
}
102
{ACAD_REACTORS
330
3FA
102
}
330
3FA
100
AcDbVisualStyle
  2
Wireframe
 70
     5
 71
     0
 72
     2
 73
     0
 90
        0
 40
-0.6
 41
-30.0
 62
     5
 63
     7
 74
     1
 91
        4
 64
     7
 65
   257
 75
     1
175
     1
 42
1.0
 92
        0
 66
   257
 43
1.0
 76
     1
 77
     6
 78
     2
 67
     7
 79
     3
170
     0
171
     0
290
     0
174
     0
 93
        1
 44
0.0
173
     0
291
     0
 45
0.0
1001
ACAD
1000
AcDbSavedByObjectVersion
1070
     0
  0
VISUALSTYLE
  5
42B
102
{ACAD_XDICTIONARY
360
522
102
}
102
{ACAD_REACTORS
330
3FA
102
}
330
3FA
100
AcDbVisualStyle
  2
X-Ray
 70
    25
 71
     2
 72
     2
 73
     1
 90
        1
 40
0.5
 41
-30.0
 62
     5
 63
     7
 74
     1
 91
        0
 64
     7
 65
   257
 75
     1
175
     1
 42
1.0
 92
        8
 66
     7
 43
1.0
 76
     1
 77
     6
 78
     2
 67
     7
 79
     3
170
     0
171
     0
290
     0
174
     0
 93
       13
 44
0.0
173
     0
291
     0
 45
0.0
1001
ACAD
1000
AcDbSavedByObjectVersion
1070
     0
  0
DICTIONARYVAR
  5
4E2
102
{ACAD_REACTORS
330
3F7
102
}
330
3F7
100
DictionaryVariables
280
     0
  1
1:1
  0
DICTIONARYVAR
  5
4DF
102
{ACAD_REACTORS
330
3F7
102
}
330
3F7
100
DictionaryVariables
280
     0
  1
STANDARD
  0
DICTIONARYVAR
  5
4DE
102
{ACAD_REACTORS
330
3F7
102
}
330
3F7
100
DictionaryVariables
280
     0
  1
STANDARD
  0
DICTIONARYVAR
  5
4E0
102
{ACAD_REACTORS
330
3F7
102
}
330
3F7
100
DictionaryVariables
280
     0
  1
Metric50
  0
DICTIONARYVAR
  5
4E1
102
{ACAD_REACTORS
330
3F7
102
}
330
3F7
100
DictionaryVariables
280
     0
  1
Metric50
  0
DICTIONARYVAR
  5
3F8
102
{ACAD_REACTORS
330
3F7
102
}
330
3F7
100
DictionaryVariables
280
     0
  1
1
  0
DICTIONARYVAR
  5
3F9
102
{ACAD_REACTORS
330
3F7
102
}
330
3F7
100
DictionaryVariables
280
     0
  1
0
  0
DICTIONARYVAR
  5
4E4
102
{ACAD_REACTORS
330
3F7
102
}
330
3F7
100
DictionaryVariables
280
     0
  1
0
  0
DICTIONARYVAR
  5
4E3
102
{ACAD_REACTORS
330
3F7
102
}
330
3F7
100
DictionaryVariables
280
     0
  1
127
  0
DICTIONARYVAR
  5
4E5
102
{ACAD_REACTORS
330
3F7
102
}
330
3F7
100
DictionaryVariables
280
     0
  1
2
  0
DICTIONARY
  5
530
330
445
100
AcDbDictionary
280
     1
281
     1
  3
ACAD_XREC_ROUNDTRIP
360
531
  0
DICTIONARY
  5
4F6
330
1E
100
AcDbDictionary
280
     1
281
     1
  3
ACAD_XREC_ROUNDTRIP
360
4F7
  0
DICTIONARY
  5
4F8
330
22
100
AcDbDictionary
280
     1
281
     1
  3
ACAD_XREC_ROUNDTRIP
360
4F9
  0
DICTIONARY
  5
40A
330
409
100
AcDbDictionary
280
     1
281
     1
  3
ACAD_XREC_ROUNDTRIP
360
4FC
  3
BUMPTILE
360
40C
  3
DIFFUSETILE
360
40B
  3
OPACITYTILE
360
40F
  3
REFLECTIONTILE
360
40E
  3
REFRACTIONTILE
360
410
  3
SPECULARTILE
360
40D
  0
DICTIONARY
  5
402
330
401
100
AcDbDictionary
280
     1
281
     1
  3
ACAD_XREC_ROUNDTRIP
360
4FB
  3
BUMPTILE
360
404
  3
DIFFUSETILE
360
403
  3
OPACITYTILE
360
407
  3
REFLECTIONTILE
360
406
  3
REFRACTIONTILE
360
408
  3
SPECULARTILE
360
405
  0
DICTIONARY
  5
412
330
411
100
AcDbDictionary
280
     1
281
     1
  3
ACAD_XREC_ROUNDTRIP
360
4FD
  3
BUMPTILE
360
414
  3
DIFFUSETILE
360
413
  3
OPACITYTILE
360
417
  3
REFLECTIONTILE
360
416
  3
REFRACTIONTILE
360
418
  3
SPECULARTILE
360
415
  0
DICTIONARY
  5
52E
330
443
100
AcDbDictionary
280
     1
281
     1
  3
ACAD_XREC_ROUNDTRIP
360
52F
  0
DICTIONARY
  5
3F4
330
3F3
100
AcDbDictionary
281
     1
  3
ACAD_ROUNDTRIP_2008_TABLESTYLE_CELLSTYLEMAP
350
4F3
  3
ACAD_XREC_ROUNDTRIP
350
4FA
  0
DICTIONARY
  5
508
330
41E
100
AcDbDictionary
280
     1
281
     1
  3
ACAD_XREC_ROUNDTRIP
360
509
  0
DICTIONARY
  5
506
330
41D
100
AcDbDictionary
280
     1
281
     1
  3
ACAD_XREC_ROUNDTRIP
360
507
  0
DICTIONARY
  5
514
330
424
100
AcDbDictionary
280
     1
281
     1
  3
ACAD_XREC_ROUNDTRIP
360
515
  0
DICTIONARY
  5
51C
330
428
100
AcDbDictionary
280
     1
281
     1
  3
ACAD_XREC_ROUNDTRIP
360
51D
  0
DICTIONARY
  5
50E
330
421
100
AcDbDictionary
280
     1
281
     1
  3
ACAD_XREC_ROUNDTRIP
360
50F
  0
DICTIONARY
  5
512
330
423
100
AcDbDictionary
280
     1
281
     1
  3
ACAD_XREC_ROUNDTRIP
360
513
  0
DICTIONARY
  5
52C
330
430
100
AcDbDictionary
280
     1
281
     1
  3
ACAD_XREC_ROUNDTRIP
360
52D
  0
DICTIONARY
  5
51A
330
427
100
AcDbDictionary
280
     1
281
     1
  3
ACAD_XREC_ROUNDTRIP
360
51B
  0
DICTIONARY
  5
4FE
330
419
100
AcDbDictionary
280
     1
281
     1
  3
ACAD_XREC_ROUNDTRIP
360
4FF
  0
DICTIONARY
  5
500
330
41A
100
AcDbDictionary
280
     1
281
     1
  3
ACAD_XREC_ROUNDTRIP
360
501
  0
DICTIONARY
  5
502
330
41B
100
AcDbDictionary
280
     1
281
     1
  3
ACAD_XREC_ROUNDTRIP
360
503
  0
DICTIONARY
  5
504
330
41C
100
AcDbDictionary
280
     1
281
     1
  3
ACAD_XREC_ROUNDTRIP
360
505
  0
DICTIONARY
  5
50C
330
420
100
AcDbDictionary
280
     1
281
     1
  3
ACAD_XREC_ROUNDTRIP
360
50D
  0
DICTIONARY
  5
528
330
42E
100
AcDbDictionary
280
     1
281
     1
  3
ACAD_XREC_ROUNDTRIP
360
529
  0
DICTIONARY
  5
518
330
426
100
AcDbDictionary
280
     1
281
     1
  3
ACAD_XREC_ROUNDTRIP
360
519
  0
DICTIONARY
  5
52A
330
42F
100
AcDbDictionary
280
     1
281
     1
  3
ACAD_XREC_ROUNDTRIP
360
52B
  0
DICTIONARY
  5
510
330
422
100
AcDbDictionary
280
     1
281
     1
  3
ACAD_XREC_ROUNDTRIP
360
511
  0
DICTIONARY
  5
526
330
42D
100
AcDbDictionary
280
     1
281
     1
  3
ACAD_XREC_ROUNDTRIP
360
527
  0
DICTIONARY
  5
524
330
42C
100
AcDbDictionary
280
     1
281
     1
  3
ACAD_XREC_ROUNDTRIP
360
525
  0
DICTIONARY
  5
51E
330
429
100
AcDbDictionary
280
     1
281
     1
  3
ACAD_XREC_ROUNDTRIP
360
51F
  0
DICTIONARY
  5
520
330
42A
100
AcDbDictionary
280
     1
281
     1
  3
ACAD_XREC_ROUNDTRIP
360
521
  0
DICTIONARY
  5
516
330
425
100
AcDbDictionary
280
     1
281
     1
  3
ACAD_XREC_ROUNDTRIP
360
517
  0
DICTIONARY
  5
50A
330
41F
100
AcDbDictionary
280
     1
281
     1
  3
ACAD_XREC_ROUNDTRIP
360
50B
  0
DICTIONARY
  5
522
330
42B
100
AcDbDictionary
280
     1
281
     1
  3
ACAD_XREC_ROUNDTRIP
360
523
  0
XRECORD
  5
531
102
{ACAD_REACTORS
330
530
102
}
330
530
100
AcDbXrecord
280
     1
102
DISPLAYNAME
  1
Metric50
102
FLAGS
 90
        0
  0
XRECORD
  5
4F7
102
{ACAD_REACTORS
330
4F6
102
}
330
4F6
100
AcDbXrecord
280
     1
102
SHADEPLOT
 70
     0
102
SHADEPLOTRESLEVEL
 70
     0
102
SHADEPLOTCUSTOMDPI
 70
     0
  0
XRECORD
  5
4F9
102
{ACAD_REACTORS
330
4F8
102
}
330
4F8
100
AcDbXrecord
280
     1
102
SHADEPLOT
 70
     0
102
SHADEPLOTRESLEVEL
 70
     0
102
SHADEPLOTCUSTOMDPI
 70
     0
  0
XRECORD
  5
4FC
102
{ACAD_REACTORS
330
40A
102
}
330
40A
100
AcDbXrecord
280
     1
102
MATERIAL
148
0.0
149
0.0
149
0.0
 93
        0
 94
      127
282
     0
 72
     0
 77
     0
171
     0
175
     0
179
     0
273
     0
  0
XRECORD
  5
40C
102
{ACAD_REACTORS
330
40A
102
}
330
40A
100
AcDbXrecord
280
     1
270
     1
271
     1
  0
XRECORD
  5
40B
102
{ACAD_REACTORS
330
40A
102
}
330
40A
100
AcDbXrecord
280
     1
270
     1
271
     1
  0
XRECORD
  5
40F
102
{ACAD_REACTORS
330
40A
102
}
330
40A
100
AcDbXrecord
280
     1
270
     1
271
     1
  0
XRECORD
  5
40E
102
{ACAD_REACTORS
330
40A
102
}
330
40A
100
AcDbXrecord
280
     1
270
     1
271
     1
  0
XRECORD
  5
410
102
{ACAD_REACTORS
330
40A
102
}
330
40A
100
AcDbXrecord
280
     1
270
     1
271
     1
  0
XRECORD
  5
40D
102
{ACAD_REACTORS
330
40A
102
}
330
40A
100
AcDbXrecord
280
     1
270
     1
271
     1
  0
XRECORD
  5
4FB
102
{ACAD_REACTORS
330
402
102
}
330
402
100
AcDbXrecord
280
     1
102
MATERIAL
148
0.0
149
0.0
149
0.0
 93
        0
 94
      127
282
     0
 72
     0
 77
     0
171
     0
175
     0
179
     0
273
     0
  0
XRECORD
  5
404
102
{ACAD_REACTORS
330
402
102
}
330
402
100
AcDbXrecord
280
     1
270
     1
271
     1
  0
XRECORD
  5
403
102
{ACAD_REACTORS
330
402
102
}
330
402
100
AcDbXrecord
280
     1
270
     1
271
     1
  0
XRECORD
  5
407
102
{ACAD_REACTORS
330
402
102
}
330
402
100
AcDbXrecord
280
     1
270
     1
271
     1
  0
XRECORD
  5
406
102
{ACAD_REACTORS
330
402
102
}
330
402
100
AcDbXrecord
280
     1
270
     1
271
     1
  0
XRECORD
  5
408
102
{ACAD_REACTORS
330
402
102
}
330
402
100
AcDbXrecord
280
     1
270
     1
271
     1
  0
XRECORD
  5
405
102
{ACAD_REACTORS
330
402
102
}
330
402
100
AcDbXrecord
280
     1
270
     1
271
     1
  0
XRECORD
  5
4FD
102
{ACAD_REACTORS
330
412
102
}
330
412
100
AcDbXrecord
280
     1
102
MATERIAL
148
0.0
149
0.0
149
0.0
 93
        0
 94
      127
282
     0
 72
     0
 77
     0
171
     0
175
     0
179
     0
273
     0
  0
XRECORD
  5
414
102
{ACAD_REACTORS
330
412
102
}
330
412
100
AcDbXrecord
280
     1
270
     1
271
     1
  0
XRECORD
  5
413
102
{ACAD_REACTORS
330
412
102
}
330
412
100
AcDbXrecord
280
     1
270
     1
271
     1
  0
XRECORD
  5
417
102
{ACAD_REACTORS
330
412
102
}
330
412
100
AcDbXrecord
280
     1
270
     1
271
     1
  0
XRECORD
  5
416
102
{ACAD_REACTORS
330
412
102
}
330
412
100
AcDbXrecord
280
     1
270
     1
271
     1
  0
XRECORD
  5
418
102
{ACAD_REACTORS
330
412
102
}
330
412
100
AcDbXrecord
280
     1
270
     1
271
     1
  0
XRECORD
  5
415
102
{ACAD_REACTORS
330
412
102
}
330
412
100
AcDbXrecord
280
     1
270
     1
271
     1
  0
XRECORD
  5
52F
102
{ACAD_REACTORS
330
52E
102
}
330
52E
100
AcDbXrecord
280
     1
102
DISPLAYNAME
  1
Metric50
102
FLAGS
 90
        0
  0
CELLSTYLEMAP
  5
4F3
102
{ACAD_REACTORS
330
3F4
102
}
330
3F4
100
AcDbCellStyleMap
 90
        3
300
CELLSTYLE
  1
TABLEFORMAT_BEGIN
 90
        5
170
     1
 91
        0
 92
    32768
 62
   257
 93
        1
300
CONTENTFORMAT
  1
CONTENTFORMAT_BEGIN
 90
        0
 91
        0
 92
        4
 93
        0
300

 40
0.0
140
1.0
 94
        1
 62
     0
340
11
144
0.18
309
CONTENTFORMAT_END
171
     1
301
MARGIN
  1
CELLMARGIN_BEGIN
 40
0.06
 40
0.06
 40
0.06
 40
0.06
 40
0.18
 40
0.18
309
CELLMARGIN_END
 94
        6
 95
        1
302
GRIDFORMAT
  1
GRIDFORMAT_BEGIN
 90
        0
 91
        1
 62
     0
 92
       -2
340
0
 93
        0
 40
0.045
309
GRIDFORMAT_END
 95
        2
302
GRIDFORMAT
  1
GRIDFORMAT_BEGIN
 90
        0
 91
        1
 62
     0
 92
       -2
340
0
 93
        0
 40
0.045
309
GRIDFORMAT_END
 95
        4
302
GRIDFORMAT
  1
GRIDFORMAT_BEGIN
 90
        0
 91
        1
 62
     0
 92
       -2
340
0
 93
        0
 40
0.045
309
GRIDFORMAT_END
 95
        8
302
GRIDFORMAT
  1
GRIDFORMAT_BEGIN
 90
        0
 91
        1
 62
     0
 92
       -2
340
0
 93
        0
 40
0.045
309
GRIDFORMAT_END
 95
       16
302
GRIDFORMAT
  1
GRIDFORMAT_BEGIN
 90
        0
 91
        1
 62
     0
 92
       -2
340
0
 93
        0
 40
0.045
309
GRIDFORMAT_END
 95
       32
302
GRIDFORMAT
  1
GRIDFORMAT_BEGIN
 90
        0
 91
        1
 62
     0
 92
       -2
340
0
 93
        0
 40
0.045
309
GRIDFORMAT_END
309
TABLEFORMAT_END
  1
CELLSTYLE_BEGIN
 90
        1
 91
        2
300
_TITLE
309
CELLSTYLE_END
300
CELLSTYLE
  1
TABLEFORMAT_BEGIN
 90
        5
170
     1
 91
        0
 92
        0
 62
   257
 93
        1
300
CONTENTFORMAT
  1
CONTENTFORMAT_BEGIN
 90
        0
 91
        0
 92
        4
 93
        0
300

 40
0.0
140
1.0
 94
        1
 62
     0
340
11
144
0.18
309
CONTENTFORMAT_END
171
     1
301
MARGIN
  1
CELLMARGIN_BEGIN
 40
0.06
 40
0.06
 40
0.06
 40
0.06
 40
0.18
 40
0.18
309
CELLMARGIN_END
 94
        6
 95
        1
302
GRIDFORMAT
  1
GRIDFORMAT_BEGIN
 90
        0
 91
        1
 62
     0
 92
       -2
340
0
 93
        0
 40
0.045
309
GRIDFORMAT_END
 95
        2
302
GRIDFORMAT
  1
GRIDFORMAT_BEGIN
 90
        0
 91
        1
 62
     0
 92
       -2
340
0
 93
        0
 40
0.045
309
GRIDFORMAT_END
 95
        4
302
GRIDFORMAT
  1
GRIDFORMAT_BEGIN
 90
        0
 91
        1
 62
     0
 92
       -2
340
0
 93
        0
 40
0.045
309
GRIDFORMAT_END
 95
        8
302
GRIDFORMAT
  1
GRIDFORMAT_BEGIN
 90
        0
 91
        1
 62
     0
 92
       -2
340
0
 93
        0
 40
0.045
309
GRIDFORMAT_END
 95
       16
302
GRIDFORMAT
  1
GRIDFORMAT_BEGIN
 90
        0
 91
        1
 62
     0
 92
       -2
340
0
 93
        0
 40
0.045
309
GRIDFORMAT_END
 95
       32
302
GRIDFORMAT
  1
GRIDFORMAT_BEGIN
 90
        0
 91
        1
 62
     0
 92
       -2
340
0
 93
        0
 40
0.045
309
GRIDFORMAT_END
309
TABLEFORMAT_END
  1
CELLSTYLE_BEGIN
 90
        2
 91
        2
300
_HEADER
309
CELLSTYLE_END
300
CELLSTYLE
  1
TABLEFORMAT_BEGIN
 90
        5
170
     1
 91
        0
 92
        0
 62
   257
 93
        1
300
CONTENTFORMAT
  1
CONTENTFORMAT_BEGIN
 90
        0
 91
        0
 92
        4
 93
        0
300

 40
0.0
140
1.0
 94
        1
 62
     0
340
11
144
0.18
309
CONTENTFORMAT_END
171
     1
301
MARGIN
  1
CELLMARGIN_BEGIN
 40
0.06
 40
0.06
 40
0.06
 40
0.06
 40
0.18
 40
0.18
309
CELLMARGIN_END
 94
        6
 95
        1
302
GRIDFORMAT
  1
GRIDFORMAT_BEGIN
 90
        0
 91
        1
 62
     0
 92
       -2
340
0
 93
        0
 40
0.045
309
GRIDFORMAT_END
 95
        2
302
GRIDFORMAT
  1
GRIDFORMAT_BEGIN
 90
        0
 91
        1
 62
     0
 92
       -2
340
0
 93
        0
 40
0.045
309
GRIDFORMAT_END
 95
        4
302
GRIDFORMAT
  1
GRIDFORMAT_BEGIN
 90
        0
 91
        1
 62
     0
 92
       -2
340
0
 93
        0
 40
0.045
309
GRIDFORMAT_END
 95
        8
302
GRIDFORMAT
  1
GRIDFORMAT_BEGIN
 90
        0
 91
        1
 62
     0
 92
       -2
340
0
 93
        0
 40
0.045
309
GRIDFORMAT_END
 95
       16
302
GRIDFORMAT
  1
GRIDFORMAT_BEGIN
 90
        0
 91
        1
 62
     0
 92
       -2
340
0
 93
        0
 40
0.045
309
GRIDFORMAT_END
 95
       32
302
GRIDFORMAT
  1
GRIDFORMAT_BEGIN
 90
        0
 91
        1
 62
     0
 92
       -2
340
0
 93
        0
 40
0.045
309
GRIDFORMAT_END
309
TABLEFORMAT_END
  1
CELLSTYLE_BEGIN
 90
        3
 91
        2
300
_DATA
309
CELLSTYLE_END
  0
XRECORD
  5
4FA
102
{ACAD_REACTORS
330
3F4
102
}
330
3F4
100
AcDbXrecord
280
     1
102
ACAD_ROUNDTRIP_PRE2007_TABLESTYLE
 90
        4
 91
        0
  1

 92
        4
 93
        0
  2

 94
        4
 95
        0
  3

  0
XRECORD
  5
509
102
{ACAD_REACTORS
330
508
102
}
330
508
100
AcDbXrecord
280
     1
102
RTVSPost2010Prop28
280
     1
102
RTVSPost2010PropOp28
 70
     1
102
RTVSPost2010Prop29
280
     1
102
RTVSPost2010PropOp29
 70
     1
102
RTVSPost2010Prop30
280
     0
102
RTVSPost2010PropOp30
 70
     1
102
RTVSPost2010Prop31
280
     0
102
RTVSPost2010PropOp31
 70
     1
102
RTVSPost2010Prop32
280
     0
102
RTVSPost2010PropOp32
 70
     1
102
RTVSPost2010Prop33
280
     0
102
RTVSPost2010PropOp33
 70
     1
102
RTVSPost2010Prop34
280
     0
102
RTVSPost2010PropOp34
 70
     1
102
RTVSPost2010Prop35
280
     0
102
RTVSPost2010PropOp35
 70
     1
102
RTVSPost2010Prop36
280
     0
102
RTVSPost2010PropOp36
 70
     1
102
RTVSPost2010Prop37
 90
       50
102
RTVSPost2010PropOp37
 70
     1
102
RTVSPost2010Prop38
140
0.0
102
RTVSPost2010PropOp38
 70
     1
102
RTVSPost2010Prop39
140
1.0
102
RTVSPost2010PropOp39
 70
     1
102
RTVSPost2010Prop40
 90
        0
102
RTVSPost2010PropOp40
 70
     1
102
RTVSPost2010Prop41ColorIndex
 90
       18
102
RTVSPost2010Prop41ColorRGB
 90
        0
102
RTVSPost2010PropOp41
 70
     1
102
RTVSPost2010Prop42
 90
       50
102
RTVSPost2010PropOp42
 70
     1
102
RTVSPost2010Prop43
 90
        3
102
RTVSPost2010PropOp43
 70
     1
102
RTVSPost2010Prop44ColorIndex
 90
        5
102
RTVSPost2010Prop44ColorRGB
 90
      255
102
RTVSPost2010PropOp44
 70
     1
102
RTVSPost2010Prop45
280
     0
102
RTVSPost2010PropOp45
 70
     1
102
RTVSPost2010Prop46
 90
       50
102
RTVSPost2010PropOp46
 70
     1
102
RTVSPost2010Prop47
 90
       50
102
RTVSPost2010PropOp47
 70
     1
102
RTVSPost2010Prop48
 90
       50
102
RTVSPost2010PropOp48
 70
     1
102
RTVSPost2010Prop49
280
     0
102
RTVSPost2010PropOp49
 70
     1
102
RTVSPost2010Prop50
 90
       50
102
RTVSPost2010PropOp50
 70
     1
102
RTVSPost2010Prop51ColorIndex
 90
      256
102
RTVSPost2010Prop51ColorRGB
 90
-16777216
102
RTVSPost2010PropOp51
 70
     0
102
RTVSPost2010Prop52
140
1.0
102
RTVSPost2010PropOp52
 70
     0
102
RTVSPost2010Prop53
 90
        2
102
RTVSPost2010PropOp53
 70
     1
102
RTVSPost2010Prop54
  1
strokes_ogs.tif
102
RTVSPost2010PropOp54
 70
     1
102
RTVSPost2010Prop55
280
     0
102
RTVSPost2010PropOp55
 70
     1
102
RTVSPost2010Prop56
140
1.0
102
RTVSPost2010PropOp56
 70
     1
102
RTVSPost2010Prop57
140
1.0
102
RTVSPost2010PropOp57
 70
     1
102
RTVSPropertyOp0
 70
     1
102
RTVSPropertyOp1
 70
     1
102
RTVSPropertyOp2
 70
     1
102
RTVSPropertyOp3
 70
     1
102
RTVSPropertyOp4
 70
     1
102
RTVSPropertyOp5
 70
     1
102
RTVSPropertyOp6
 70
     1
102
RTVSPropertyOp7
 70
     1
102
RTVSPropertyOp8
 70
     1
102
RTVSPropertyOp9
 70
     1
102
RTVSPropertyOp10
 70
     1
102
RTVSPropertyOp11
 70
     1
102
RTVSPropertyOp12
 70
     1
102
RTVSPropertyOp13
 70
     1
102
RTVSPropertyOp14
 70
     1
102
RTVSPropertyOp15
 70
     1
102
RTVSPropertyOp16
 70
     1
102
RTVSPropertyOp17
 70
     1
102
RTVSPropertyOp18
 70
     1
102
RTVSPropertyOp19
 70
     1
102
RTVSPropertyOp20
 70
     1
102
RTVSPropertyOp21
 70
     1
102
RTVSPropertyOp22
 70
     1
102
RTVSPropertyOp23
 70
     1
102
RTVSPropertyOp24
 70
     1
102
RTVSPropertyOp25
 70
     1
102
RTVSPropertyOp26
 70
     1
102
RTVSPropertyOp27
 70
     1
102
RTVSPropertyOp28
 70
     1
102
RTVSPropertyOp29
 70
     1
102
RTVSPropertyOp30
 70
     1
102
RTVSPropertyOp31
 70
     1
102
RTVSPropertyOp32
 70
     1
102
RTVSPropertyOp33
 70
     1
102
RTVSPropertyOp34
 70
     1
102
RTVSPropertyOp35
 70
     1
102
RTVSPropertyOp36
 70
     1
102
RTVSPropertyOp37
 70
     1
102
RTVSPropertyOp38
 70
     1
102
RTVSPropertyOp39
 70
     1
102
RTVSPropertyOp40
 70
     1
102
RTVSPropertyOp41
 70
     1
102
RTVSPropertyOp42
 70
     1
102
RTVSPropertyOp43
 70
     1
102
RTVSPropertyOp44
 70
     1
102
RTVSPropertyOp45
 70
     1
102
RTVSPropertyOp46
 70
     1
102
RTVSPropertyOp47
 70
     1
102
RTVSPropertyOp48
 70
     1
102
RTVSPropertyOp49
 70
     1
102
RTVSPropertyOp50
 70
     1
102
RTVSPropertyOp51
 70
     0
102
RTVSPropertyOp52
 70
     0
102
RTVSPropertyOp53
 70
     1
102
RTVSPropertyOp54
 70
     1
102
RTVSPropertyOp55
 70
     1
102
RTVSPropertyOp56
 70
     1
102
RTVSPropertyOp57
 70
     1
102
RTVSPropertyOp58
 70
     1
102
RTVSPropertyOp59
 70
     1
102
RTVSPropertyOp60
 70
     1
102
RTVSPropertyOp61
 70
     1
102
RTVSPropertyOp62
 70
     1
  0
XRECORD
  5
507
102
{ACAD_REACTORS
330
506
102
}
330
506
100
AcDbXrecord
280
     1
102
RTVSPost2010Prop28
280
     0
102
RTVSPost2010PropOp28
 70
     1
102
RTVSPost2010Prop29
280
     1
102
RTVSPost2010PropOp29
 70
     1
102
RTVSPost2010Prop30
280
     1
102
RTVSPost2010PropOp30
 70
     1
102
RTVSPost2010Prop31
280
     0
102
RTVSPost2010PropOp31
 70
     1
102
RTVSPost2010Prop32
280
     0
102
RTVSPost2010PropOp32
 70
     1
102
RTVSPost2010Prop33
280
     0
102
RTVSPost2010PropOp33
 70
     1
102
RTVSPost2010Prop34
280
     0
102
RTVSPost2010PropOp34
 70
     1
102
RTVSPost2010Prop35
280
     0
102
RTVSPost2010PropOp35
 70
     1
102
RTVSPost2010Prop36
280
     0
102
RTVSPost2010PropOp36
 70
     1
102
RTVSPost2010Prop37
 90
       50
102
RTVSPost2010PropOp37
 70
     1
102
RTVSPost2010Prop38
140
0.0
102
RTVSPost2010PropOp38
 70
     1
102
RTVSPost2010Prop39
140
1.0
102
RTVSPost2010PropOp39
 70
     1
102
RTVSPost2010Prop40
 90
        0
102
RTVSPost2010PropOp40
 70
     1
102
RTVSPost2010Prop41ColorIndex
 90
       18
102
RTVSPost2010Prop41ColorRGB
 90
        0
102
RTVSPost2010PropOp41
 70
     1
102
RTVSPost2010Prop42
 90
       50
102
RTVSPost2010PropOp42
 70
     1
102
RTVSPost2010Prop43
 90
        3
102
RTVSPost2010PropOp43
 70
     1
102
RTVSPost2010Prop44ColorIndex
 90
        5
102
RTVSPost2010Prop44ColorRGB
 90
      255
102
RTVSPost2010PropOp44
 70
     1
102
RTVSPost2010Prop45
280
     0
102
RTVSPost2010PropOp45
 70
     1
102
RTVSPost2010Prop46
 90
       50
102
RTVSPost2010PropOp46
 70
     1
102
RTVSPost2010Prop47
 90
       50
102
RTVSPost2010PropOp47
 70
     1
102
RTVSPost2010Prop48
 90
       50
102
RTVSPost2010PropOp48
 70
     1
102
RTVSPost2010Prop49
280
     0
102
RTVSPost2010PropOp49
 70
     1
102
RTVSPost2010Prop50
 90
       50
102
RTVSPost2010PropOp50
 70
     1
102
RTVSPost2010Prop51ColorIndex
 90
      256
102
RTVSPost2010Prop51ColorRGB
 90
-16777216
102
RTVSPost2010PropOp51
 70
     0
102
RTVSPost2010Prop52
140
1.0
102
RTVSPost2010PropOp52
 70
     0
102
RTVSPost2010Prop53
 90
        2
102
RTVSPost2010PropOp53
 70
     1
102
RTVSPost2010Prop54
  1
strokes_ogs.tif
102
RTVSPost2010PropOp54
 70
     1
102
RTVSPost2010Prop55
280
     0
102
RTVSPost2010PropOp55
 70
     1
102
RTVSPost2010Prop56
140
1.0
102
RTVSPost2010PropOp56
 70
     1
102
RTVSPost2010Prop57
140
1.0
102
RTVSPost2010PropOp57
 70
     1
102
RTVSPropertyOp0
 70
     1
102
RTVSPropertyOp1
 70
     1
102
RTVSPropertyOp2
 70
     1
102
RTVSPropertyOp3
 70
     1
102
RTVSPropertyOp4
 70
     1
102
RTVSPropertyOp5
 70
     1
102
RTVSPropertyOp6
 70
     1
102
RTVSPropertyOp7
 70
     1
102
RTVSPropertyOp8
 70
     1
102
RTVSPropertyOp9
 70
     1
102
RTVSPropertyOp10
 70
     1
102
RTVSPropertyOp11
 70
     1
102
RTVSPropertyOp12
 70
     1
102
RTVSPropertyOp13
 70
     1
102
RTVSPropertyOp14
 70
     1
102
RTVSPropertyOp15
 70
     1
102
RTVSPropertyOp16
 70
     1
102
RTVSPropertyOp17
 70
     1
102
RTVSPropertyOp18
 70
     1
102
RTVSPropertyOp19
 70
     1
102
RTVSPropertyOp20
 70
     1
102
RTVSPropertyOp21
 70
     1
102
RTVSPropertyOp22
 70
     1
102
RTVSPropertyOp23
 70
     1
102
RTVSPropertyOp24
 70
     1
102
RTVSPropertyOp25
 70
     1
102
RTVSPropertyOp26
 70
     1
102
RTVSPropertyOp27
 70
     1
102
RTVSPropertyOp28
 70
     1
102
RTVSPropertyOp29
 70
     1
102
RTVSPropertyOp30
 70
     1
102
RTVSPropertyOp31
 70
     1
102
RTVSPropertyOp32
 70
     1
102
RTVSPropertyOp33
 70
     1
102
RTVSPropertyOp34
 70
     1
102
RTVSPropertyOp35
 70
     1
102
RTVSPropertyOp36
 70
     1
102
RTVSPropertyOp37
 70
     1
102
RTVSPropertyOp38
 70
     1
102
RTVSPropertyOp39
 70
     1
102
RTVSPropertyOp40
 70
     1
102
RTVSPropertyOp41
 70
     1
102
RTVSPropertyOp42
 70
     1
102
RTVSPropertyOp43
 70
     1
102
RTVSPropertyOp44
 70
     1
102
RTVSPropertyOp45
 70
     1
102
RTVSPropertyOp46
 70
     1
102
RTVSPropertyOp47
 70
     1
102
RTVSPropertyOp48
 70
     1
102
RTVSPropertyOp49
 70
     1
102
RTVSPropertyOp50
 70
     1
102
RTVSPropertyOp51
 70
     0
102
RTVSPropertyOp52
 70
     0
102
RTVSPropertyOp53
 70
     1
102
RTVSPropertyOp54
 70
     1
102
RTVSPropertyOp55
 70
     1
102
RTVSPropertyOp56
 70
     1
102
RTVSPropertyOp57
 70
     1
102
RTVSPropertyOp58
 70
     1
102
RTVSPropertyOp59
 70
     1
102
RTVSPropertyOp60
 70
     1
102
RTVSPropertyOp61
 70
     1
102
RTVSPropertyOp62
 70
     1
  0
XRECORD
  5
515
102
{ACAD_REACTORS
330
514
102
}
330
514
100
AcDbXrecord
280
     1
102
RTVSPost2010Prop28
280
     0
102
RTVSPost2010PropOp28
 70
     1
102
RTVSPost2010Prop29
280
     1
102
RTVSPost2010PropOp29
 70
     1
102
RTVSPost2010Prop30
280
     1
102
RTVSPost2010PropOp30
 70
     1
102
RTVSPost2010Prop31
280
     0
102
RTVSPost2010PropOp31
 70
     1
102
RTVSPost2010Prop32
280
     0
102
RTVSPost2010PropOp32
 70
     1
102
RTVSPost2010Prop33
280
     0
102
RTVSPost2010PropOp33
 70
     1
102
RTVSPost2010Prop34
280
     0
102
RTVSPost2010PropOp34
 70
     1
102
RTVSPost2010Prop35
280
     0
102
RTVSPost2010PropOp35
 70
     1
102
RTVSPost2010Prop36
280
     0
102
RTVSPost2010PropOp36
 70
     1
102
RTVSPost2010Prop37
 90
       50
102
RTVSPost2010PropOp37
 70
     1
102
RTVSPost2010Prop38
140
0.0
102
RTVSPost2010PropOp38
 70
     1
102
RTVSPost2010Prop39
140
1.0
102
RTVSPost2010PropOp39
 70
     1
102
RTVSPost2010Prop40
 90
        0
102
RTVSPost2010PropOp40
 70
     1
102
RTVSPost2010Prop41ColorIndex
 90
       18
102
RTVSPost2010Prop41ColorRGB
 90
        0
102
RTVSPost2010PropOp41
 70
     1
102
RTVSPost2010Prop42
 90
       50
102
RTVSPost2010PropOp42
 70
     1
102
RTVSPost2010Prop43
 90
        3
102
RTVSPost2010PropOp43
 70
     1
102
RTVSPost2010Prop44ColorIndex
 90
        5
102
RTVSPost2010Prop44ColorRGB
 90
      255
102
RTVSPost2010PropOp44
 70
     1
102
RTVSPost2010Prop45
280
     0
102
RTVSPost2010PropOp45
 70
     1
102
RTVSPost2010Prop46
 90
       50
102
RTVSPost2010PropOp46
 70
     1
102
RTVSPost2010Prop47
 90
       50
102
RTVSPost2010PropOp47
 70
     1
102
RTVSPost2010Prop48
 90
       50
102
RTVSPost2010PropOp48
 70
     1
102
RTVSPost2010Prop49
280
     0
102
RTVSPost2010PropOp49
 70
     1
102
RTVSPost2010Prop50
 90
       50
102
RTVSPost2010PropOp50
 70
     1
102
RTVSPost2010Prop51ColorIndex
 90
      256
102
RTVSPost2010Prop51ColorRGB
 90
-16777216
102
RTVSPost2010PropOp51
 70
     0
102
RTVSPost2010Prop52
140
1.0
102
RTVSPost2010PropOp52
 70
     0
102
RTVSPost2010Prop53
 90
        2
102
RTVSPost2010PropOp53
 70
     1
102
RTVSPost2010Prop54
  1
strokes_ogs.tif
102
RTVSPost2010PropOp54
 70
     1
102
RTVSPost2010Prop55
280
     0
102
RTVSPost2010PropOp55
 70
     1
102
RTVSPost2010Prop56
140
1.0
102
RTVSPost2010PropOp56
 70
     1
102
RTVSPost2010Prop57
140
1.0
102
RTVSPost2010PropOp57
 70
     1
102
RTVSPropertyOp0
 70
     1
102
RTVSPropertyOp1
 70
     1
102
RTVSPropertyOp2
 70
     1
102
RTVSPropertyOp3
 70
     1
102
RTVSPropertyOp4
 70
     1
102
RTVSPropertyOp5
 70
     1
102
RTVSPropertyOp6
 70
     1
102
RTVSPropertyOp7
 70
     1
102
RTVSPropertyOp8
 70
     1
102
RTVSPropertyOp9
 70
     1
102
RTVSPropertyOp10
 70
     1
102
RTVSPropertyOp11
 70
     1
102
RTVSPropertyOp12
 70
     1
102
RTVSPropertyOp13
 70
     1
102
RTVSPropertyOp14
 70
     1
102
RTVSPropertyOp15
 70
     1
102
RTVSPropertyOp16
 70
     1
102
RTVSPropertyOp17
 70
     1
102
RTVSPropertyOp18
 70
     1
102
RTVSPropertyOp19
 70
     1
102
RTVSPropertyOp20
 70
     1
102
RTVSPropertyOp21
 70
     1
102
RTVSPropertyOp22
 70
     1
102
RTVSPropertyOp23
 70
     1
102
RTVSPropertyOp24
 70
     1
102
RTVSPropertyOp25
 70
     1
102
RTVSPropertyOp26
 70
     1
102
RTVSPropertyOp27
 70
     1
102
RTVSPropertyOp28
 70
     1
102
RTVSPropertyOp29
 70
     1
102
RTVSPropertyOp30
 70
     1
102
RTVSPropertyOp31
 70
     1
102
RTVSPropertyOp32
 70
     1
102
RTVSPropertyOp33
 70
     1
102
RTVSPropertyOp34
 70
     1
102
RTVSPropertyOp35
 70
     1
102
RTVSPropertyOp36
 70
     1
102
RTVSPropertyOp37
 70
     1
102
RTVSPropertyOp38
 70
     1
102
RTVSPropertyOp39
 70
     1
102
RTVSPropertyOp40
 70
     1
102
RTVSPropertyOp41
 70
     1
102
RTVSPropertyOp42
 70
     1
102
RTVSPropertyOp43
 70
     1
102
RTVSPropertyOp44
 70
     1
102
RTVSPropertyOp45
 70
     1
102
RTVSPropertyOp46
 70
     1
102
RTVSPropertyOp47
 70
     1
102
RTVSPropertyOp48
 70
     1
102
RTVSPropertyOp49
 70
     1
102
RTVSPropertyOp50
 70
     1
102
RTVSPropertyOp51
 70
     0
102
RTVSPropertyOp52
 70
     0
102
RTVSPropertyOp53
 70
     1
102
RTVSPropertyOp54
 70
     1
102
RTVSPropertyOp55
 70
     1
102
RTVSPropertyOp56
 70
     1
102
RTVSPropertyOp57
 70
     1
102
RTVSPropertyOp58
 70
     1
102
RTVSPropertyOp59
 70
     1
102
RTVSPropertyOp60
 70
     1
102
RTVSPropertyOp61
 70
     1
102
RTVSPropertyOp62
 70
     1
  0
XRECORD
  5
51D
102
{ACAD_REACTORS
330
51C
102
}
330
51C
100
AcDbXrecord
280
     1
102
RTVSPost2010Prop28
280
     0
102
RTVSPost2010PropOp28
 70
     1
102
RTVSPost2010Prop29
280
     1
102
RTVSPost2010PropOp29
 70
     1
102
RTVSPost2010Prop30
280
     1
102
RTVSPost2010PropOp30
 70
     1
102
RTVSPost2010Prop31
280
     0
102
RTVSPost2010PropOp31
 70
     1
102
RTVSPost2010Prop32
280
     0
102
RTVSPost2010PropOp32
 70
     1
102
RTVSPost2010Prop33
280
     0
102
RTVSPost2010PropOp33
 70
     1
102
RTVSPost2010Prop34
280
     0
102
RTVSPost2010PropOp34
 70
     1
102
RTVSPost2010Prop35
280
     0
102
RTVSPost2010PropOp35
 70
     1
102
RTVSPost2010Prop36
280
     0
102
RTVSPost2010PropOp36
 70
     1
102
RTVSPost2010Prop37
 90
       50
102
RTVSPost2010PropOp37
 70
     1
102
RTVSPost2010Prop38
140
0.0
102
RTVSPost2010PropOp38
 70
     1
102
RTVSPost2010Prop39
140
1.0
102
RTVSPost2010PropOp39
 70
     1
102
RTVSPost2010Prop40
 90
        0
102
RTVSPost2010PropOp40
 70
     1
102
RTVSPost2010Prop41ColorIndex
 90
       18
102
RTVSPost2010Prop41ColorRGB
 90
        0
102
RTVSPost2010PropOp41
 70
     1
102
RTVSPost2010Prop42
 90
       50
102
RTVSPost2010PropOp42
 70
     1
102
RTVSPost2010Prop43
 90
        3
102
RTVSPost2010PropOp43
 70
     1
102
RTVSPost2010Prop44ColorIndex
 90
        5
102
RTVSPost2010Prop44ColorRGB
 90
      255
102
RTVSPost2010PropOp44
 70
     1
102
RTVSPost2010Prop45
280
     0
102
RTVSPost2010PropOp45
 70
     1
102
RTVSPost2010Prop46
 90
       50
102
RTVSPost2010PropOp46
 70
     1
102
RTVSPost2010Prop47
 90
       50
102
RTVSPost2010PropOp47
 70
     1
102
RTVSPost2010Prop48
 90
       50
102
RTVSPost2010PropOp48
 70
     1
102
RTVSPost2010Prop49
280
     0
102
RTVSPost2010PropOp49
 70
     1
102
RTVSPost2010Prop50
 90
       50
102
RTVSPost2010PropOp50
 70
     1
102
RTVSPost2010Prop51ColorIndex
 90
      256
102
RTVSPost2010Prop51ColorRGB
 90
-16777216
102
RTVSPost2010PropOp51
 70
     0
102
RTVSPost2010Prop52
140
1.0
102
RTVSPost2010PropOp52
 70
     0
102
RTVSPost2010Prop53
 90
        2
102
RTVSPost2010PropOp53
 70
     1
102
RTVSPost2010Prop54
  1
strokes_ogs.tif
102
RTVSPost2010PropOp54
 70
     1
102
RTVSPost2010Prop55
280
     0
102
RTVSPost2010PropOp55
 70
     1
102
RTVSPost2010Prop56
140
1.0
102
RTVSPost2010PropOp56
 70
     1
102
RTVSPost2010Prop57
140
1.0
102
RTVSPost2010PropOp57
 70
     1
102
RTVSPropertyOp0
 70
     1
102
RTVSPropertyOp1
 70
     1
102
RTVSPropertyOp2
 70
     1
102
RTVSPropertyOp3
 70
     1
102
RTVSPropertyOp4
 70
     1
102
RTVSPropertyOp5
 70
     1
102
RTVSPropertyOp6
 70
     1
102
RTVSPropertyOp7
 70
     1
102
RTVSPropertyOp8
 70
     1
102
RTVSPropertyOp9
 70
     1
102
RTVSPropertyOp10
 70
     1
102
RTVSPropertyOp11
 70
     1
102
RTVSPropertyOp12
 70
     1
102
RTVSPropertyOp13
 70
     1
102
RTVSPropertyOp14
 70
     1
102
RTVSPropertyOp15
 70
     1
102
RTVSPropertyOp16
 70
     1
102
RTVSPropertyOp17
 70
     1
102
RTVSPropertyOp18
 70
     1
102
RTVSPropertyOp19
 70
     1
102
RTVSPropertyOp20
 70
     1
102
RTVSPropertyOp21
 70
     1
102
RTVSPropertyOp22
 70
     1
102
RTVSPropertyOp23
 70
     1
102
RTVSPropertyOp24
 70
     1
102
RTVSPropertyOp25
 70
     1
102
RTVSPropertyOp26
 70
     1
102
RTVSPropertyOp27
 70
     1
102
RTVSPropertyOp28
 70
     1
102
RTVSPropertyOp29
 70
     1
102
RTVSPropertyOp30
 70
     1
102
RTVSPropertyOp31
 70
     1
102
RTVSPropertyOp32
 70
     1
102
RTVSPropertyOp33
 70
     1
102
RTVSPropertyOp34
 70
     1
102
RTVSPropertyOp35
 70
     1
102
RTVSPropertyOp36
 70
     1
102
RTVSPropertyOp37
 70
     1
102
RTVSPropertyOp38
 70
     1
102
RTVSPropertyOp39
 70
     1
102
RTVSPropertyOp40
 70
     1
102
RTVSPropertyOp41
 70
     1
102
RTVSPropertyOp42
 70
     1
102
RTVSPropertyOp43
 70
     1
102
RTVSPropertyOp44
 70
     1
102
RTVSPropertyOp45
 70
     1
102
RTVSPropertyOp46
 70
     1
102
RTVSPropertyOp47
 70
     1
102
RTVSPropertyOp48
 70
     1
102
RTVSPropertyOp49
 70
     1
102
RTVSPropertyOp50
 70
     1
102
RTVSPropertyOp51
 70
     0
102
RTVSPropertyOp52
 70
     0
102
RTVSPropertyOp53
 70
     1
102
RTVSPropertyOp54
 70
     1
102
RTVSPropertyOp55
 70
     1
102
RTVSPropertyOp56
 70
     1
102
RTVSPropertyOp57
 70
     1
102
RTVSPropertyOp58
 70
     1
102
RTVSPropertyOp59
 70
     1
102
RTVSPropertyOp60
 70
     1
102
RTVSPropertyOp61
 70
     1
102
RTVSPropertyOp62
 70
     1
  0
XRECORD
  5
50F
102
{ACAD_REACTORS
330
50E
102
}
330
50E
100
AcDbXrecord
280
     1
102
RTVSPost2010Prop28
280
     0
102
RTVSPost2010PropOp28
 70
     1
102
RTVSPost2010Prop29
280
     1
102
RTVSPost2010PropOp29
 70
     1
102
RTVSPost2010Prop30
280
     1
102
RTVSPost2010PropOp30
 70
     1
102
RTVSPost2010Prop31
280
     0
102
RTVSPost2010PropOp31
 70
     1
102
RTVSPost2010Prop32
280
     0
102
RTVSPost2010PropOp32
 70
     1
102
RTVSPost2010Prop33
280
     0
102
RTVSPost2010PropOp33
 70
     1
102
RTVSPost2010Prop34
280
     0
102
RTVSPost2010PropOp34
 70
     1
102
RTVSPost2010Prop35
280
     0
102
RTVSPost2010PropOp35
 70
     1
102
RTVSPost2010Prop36
280
     0
102
RTVSPost2010PropOp36
 70
     1
102
RTVSPost2010Prop37
 90
       50
102
RTVSPost2010PropOp37
 70
     1
102
RTVSPost2010Prop38
140
0.0
102
RTVSPost2010PropOp38
 70
     1
102
RTVSPost2010Prop39
140
1.0
102
RTVSPost2010PropOp39
 70
     1
102
RTVSPost2010Prop40
 90
        0
102
RTVSPost2010PropOp40
 70
     1
102
RTVSPost2010Prop41ColorIndex
 90
       18
102
RTVSPost2010Prop41ColorRGB
 90
        0
102
RTVSPost2010PropOp41
 70
     1
102
RTVSPost2010Prop42
 90
       50
102
RTVSPost2010PropOp42
 70
     1
102
RTVSPost2010Prop43
 90
        3
102
RTVSPost2010PropOp43
 70
     1
102
RTVSPost2010Prop44ColorIndex
 90
        5
102
RTVSPost2010Prop44ColorRGB
 90
      255
102
RTVSPost2010PropOp44
 70
     1
102
RTVSPost2010Prop45
280
     0
102
RTVSPost2010PropOp45
 70
     1
102
RTVSPost2010Prop46
 90
       50
102
RTVSPost2010PropOp46
 70
     1
102
RTVSPost2010Prop47
 90
       50
102
RTVSPost2010PropOp47
 70
     1
102
RTVSPost2010Prop48
 90
       50
102
RTVSPost2010PropOp48
 70
     1
102
RTVSPost2010Prop49
280
     0
102
RTVSPost2010PropOp49
 70
     1
102
RTVSPost2010Prop50
 90
       50
102
RTVSPost2010PropOp50
 70
     1
102
RTVSPost2010Prop51ColorIndex
 90
      256
102
RTVSPost2010Prop51ColorRGB
 90
-16777216
102
RTVSPost2010PropOp51
 70
     0
102
RTVSPost2010Prop52
140
1.0
102
RTVSPost2010PropOp52
 70
     0
102
RTVSPost2010Prop53
 90
        2
102
RTVSPost2010PropOp53
 70
     1
102
RTVSPost2010Prop54
  1
strokes_ogs.tif
102
RTVSPost2010PropOp54
 70
     1
102
RTVSPost2010Prop55
280
     0
102
RTVSPost2010PropOp55
 70
     1
102
RTVSPost2010Prop56
140
1.0
102
RTVSPost2010PropOp56
 70
     1
102
RTVSPost2010Prop57
140
1.0
102
RTVSPost2010PropOp57
 70
     1
102
RTVSPropertyOp0
 70
     1
102
RTVSPropertyOp1
 70
     1
102
RTVSPropertyOp2
 70
     1
102
RTVSPropertyOp3
 70
     1
102
RTVSPropertyOp4
 70
     1
102
RTVSPropertyOp5
 70
     1
102
RTVSPropertyOp6
 70
     1
102
RTVSPropertyOp7
 70
     1
102
RTVSPropertyOp8
 70
     1
102
RTVSPropertyOp9
 70
     1
102
RTVSPropertyOp10
 70
     1
102
RTVSPropertyOp11
 70
     1
102
RTVSPropertyOp12
 70
     1
102
RTVSPropertyOp13
 70
     1
102
RTVSPropertyOp14
 70
     1
102
RTVSPropertyOp15
 70
     1
102
RTVSPropertyOp16
 70
     1
102
RTVSPropertyOp17
 70
     1
102
RTVSPropertyOp18
 70
     1
102
RTVSPropertyOp19
 70
     1
102
RTVSPropertyOp20
 70
     1
102
RTVSPropertyOp21
 70
     1
102
RTVSPropertyOp22
 70
     1
102
RTVSPropertyOp23
 70
     1
102
RTVSPropertyOp24
 70
     1
102
RTVSPropertyOp25
 70
     1
102
RTVSPropertyOp26
 70
     1
102
RTVSPropertyOp27
 70
     1
102
RTVSPropertyOp28
 70
     1
102
RTVSPropertyOp29
 70
     1
102
RTVSPropertyOp30
 70
     1
102
RTVSPropertyOp31
 70
     1
102
RTVSPropertyOp32
 70
     1
102
RTVSPropertyOp33
 70
     1
102
RTVSPropertyOp34
 70
     1
102
RTVSPropertyOp35
 70
     1
102
RTVSPropertyOp36
 70
     1
102
RTVSPropertyOp37
 70
     1
102
RTVSPropertyOp38
 70
     1
102
RTVSPropertyOp39
 70
     1
102
RTVSPropertyOp40
 70
     1
102
RTVSPropertyOp41
 70
     1
102
RTVSPropertyOp42
 70
     1
102
RTVSPropertyOp43
 70
     1
102
RTVSPropertyOp44
 70
     1
102
RTVSPropertyOp45
 70
     1
102
RTVSPropertyOp46
 70
     1
102
RTVSPropertyOp47
 70
     1
102
RTVSPropertyOp48
 70
     1
102
RTVSPropertyOp49
 70
     1
102
RTVSPropertyOp50
 70
     1
102
RTVSPropertyOp51
 70
     0
102
RTVSPropertyOp52
 70
     0
102
RTVSPropertyOp53
 70
     1
102
RTVSPropertyOp54
 70
     1
102
RTVSPropertyOp55
 70
     1
102
RTVSPropertyOp56
 70
     1
102
RTVSPropertyOp57
 70
     1
102
RTVSPropertyOp58
 70
     1
102
RTVSPropertyOp59
 70
     1
102
RTVSPropertyOp60
 70
     1
102
RTVSPropertyOp61
 70
     1
102
RTVSPropertyOp62
 70
     1
  0
XRECORD
  5
513
102
{ACAD_REACTORS
330
512
102
}
330
512
100
AcDbXrecord
280
     1
102
RTVSPost2010Prop28
280
     0
102
RTVSPost2010PropOp28
 70
     1
102
RTVSPost2010Prop29
280
     1
102
RTVSPost2010PropOp29
 70
     1
102
RTVSPost2010Prop30
280
     1
102
RTVSPost2010PropOp30
 70
     1
102
RTVSPost2010Prop31
280
     0
102
RTVSPost2010PropOp31
 70
     1
102
RTVSPost2010Prop32
280
     0
102
RTVSPost2010PropOp32
 70
     1
102
RTVSPost2010Prop33
280
     0
102
RTVSPost2010PropOp33
 70
     1
102
RTVSPost2010Prop34
280
     0
102
RTVSPost2010PropOp34
 70
     1
102
RTVSPost2010Prop35
280
     0
102
RTVSPost2010PropOp35
 70
     1
102
RTVSPost2010Prop36
280
     0
102
RTVSPost2010PropOp36
 70
     1
102
RTVSPost2010Prop37
 90
       50
102
RTVSPost2010PropOp37
 70
     1
102
RTVSPost2010Prop38
140
0.0
102
RTVSPost2010PropOp38
 70
     1
102
RTVSPost2010Prop39
140
1.0
102
RTVSPost2010PropOp39
 70
     1
102
RTVSPost2010Prop40
 90
        0
102
RTVSPost2010PropOp40
 70
     1
102
RTVSPost2010Prop41ColorIndex
 90
       18
102
RTVSPost2010Prop41ColorRGB
 90
        0
102
RTVSPost2010PropOp41
 70
     1
102
RTVSPost2010Prop42
 90
       50
102
RTVSPost2010PropOp42
 70
     1
102
RTVSPost2010Prop43
 90
        3
102
RTVSPost2010PropOp43
 70
     1
102
RTVSPost2010Prop44ColorIndex
 90
        5
102
RTVSPost2010Prop44ColorRGB
 90
      255
102
RTVSPost2010PropOp44
 70
     1
102
RTVSPost2010Prop45
280
     0
102
RTVSPost2010PropOp45
 70
     1
102
RTVSPost2010Prop46
 90
       50
102
RTVSPost2010PropOp46
 70
     1
102
RTVSPost2010Prop47
 90
       50
102
RTVSPost2010PropOp47
 70
     1
102
RTVSPost2010Prop48
 90
       50
102
RTVSPost2010PropOp48
 70
     1
102
RTVSPost2010Prop49
280
     0
102
RTVSPost2010PropOp49
 70
     1
102
RTVSPost2010Prop50
 90
       50
102
RTVSPost2010PropOp50
 70
     1
102
RTVSPost2010Prop51ColorIndex
 90
      256
102
RTVSPost2010Prop51ColorRGB
 90
-16777216
102
RTVSPost2010PropOp51
 70
     0
102
RTVSPost2010Prop52
140
1.0
102
RTVSPost2010PropOp52
 70
     0
102
RTVSPost2010Prop53
 90
        2
102
RTVSPost2010PropOp53
 70
     1
102
RTVSPost2010Prop54
  1
strokes_ogs.tif
102
RTVSPost2010PropOp54
 70
     1
102
RTVSPost2010Prop55
280
     0
102
RTVSPost2010PropOp55
 70
     1
102
RTVSPost2010Prop56
140
1.0
102
RTVSPost2010PropOp56
 70
     1
102
RTVSPost2010Prop57
140
1.0
102
RTVSPost2010PropOp57
 70
     1
102
RTVSPropertyOp0
 70
     1
102
RTVSPropertyOp1
 70
     1
102
RTVSPropertyOp2
 70
     1
102
RTVSPropertyOp3
 70
     1
102
RTVSPropertyOp4
 70
     1
102
RTVSPropertyOp5
 70
     1
102
RTVSPropertyOp6
 70
     1
102
RTVSPropertyOp7
 70
     1
102
RTVSPropertyOp8
 70
     1
102
RTVSPropertyOp9
 70
     1
102
RTVSPropertyOp10
 70
     1
102
RTVSPropertyOp11
 70
     1
102
RTVSPropertyOp12
 70
     1
102
RTVSPropertyOp13
 70
     1
102
RTVSPropertyOp14
 70
     1
102
RTVSPropertyOp15
 70
     1
102
RTVSPropertyOp16
 70
     1
102
RTVSPropertyOp17
 70
     1
102
RTVSPropertyOp18
 70
     1
102
RTVSPropertyOp19
 70
     1
102
RTVSPropertyOp20
 70
     1
102
RTVSPropertyOp21
 70
     1
102
RTVSPropertyOp22
 70
     1
102
RTVSPropertyOp23
 70
     1
102
RTVSPropertyOp24
 70
     1
102
RTVSPropertyOp25
 70
     1
102
RTVSPropertyOp26
 70
     1
102
RTVSPropertyOp27
 70
     1
102
RTVSPropertyOp28
 70
     1
102
RTVSPropertyOp29
 70
     1
102
RTVSPropertyOp30
 70
     1
102
RTVSPropertyOp31
 70
     1
102
RTVSPropertyOp32
 70
     1
102
RTVSPropertyOp33
 70
     1
102
RTVSPropertyOp34
 70
     1
102
RTVSPropertyOp35
 70
     1
102
RTVSPropertyOp36
 70
     1
102
RTVSPropertyOp37
 70
     1
102
RTVSPropertyOp38
 70
     1
102
RTVSPropertyOp39
 70
     1
102
RTVSPropertyOp40
 70
     1
102
RTVSPropertyOp41
 70
     1
102
RTVSPropertyOp42
 70
     1
102
RTVSPropertyOp43
 70
     1
102
RTVSPropertyOp44
 70
     1
102
RTVSPropertyOp45
 70
     1
102
RTVSPropertyOp46
 70
     1
102
RTVSPropertyOp47
 70
     1
102
RTVSPropertyOp48
 70
     1
102
RTVSPropertyOp49
 70
     1
102
RTVSPropertyOp50
 70
     1
102
RTVSPropertyOp51
 70
     0
102
RTVSPropertyOp52
 70
     0
102
RTVSPropertyOp53
 70
     1
102
RTVSPropertyOp54
 70
     1
102
RTVSPropertyOp55
 70
     1
102
RTVSPropertyOp56
 70
     1
102
RTVSPropertyOp57
 70
     1
102
RTVSPropertyOp58
 70
     1
102
RTVSPropertyOp59
 70
     1
102
RTVSPropertyOp60
 70
     1
102
RTVSPropertyOp61
 70
     1
102
RTVSPropertyOp62
 70
     1
  0
XRECORD
  5
52D
102
{ACAD_REACTORS
330
52C
102
}
330
52C
100
AcDbXrecord
280
     1
102
RTVSPost2010Prop28
280
     0
102
RTVSPost2010PropOp28
 70
     1
102
RTVSPost2010Prop29
280
     1
102
RTVSPost2010PropOp29
 70
     1
102
RTVSPost2010Prop30
280
     1
102
RTVSPost2010PropOp30
 70
     1
102
RTVSPost2010Prop31
280
     0
102
RTVSPost2010PropOp31
 70
     1
102
RTVSPost2010Prop32
280
     0
102
RTVSPost2010PropOp32
 70
     1
102
RTVSPost2010Prop33
280
     0
102
RTVSPost2010PropOp33
 70
     1
102
RTVSPost2010Prop34
280
     0
102
RTVSPost2010PropOp34
 70
     1
102
RTVSPost2010Prop35
280
     0
102
RTVSPost2010PropOp35
 70
     1
102
RTVSPost2010Prop36
280
     0
102
RTVSPost2010PropOp36
 70
     1
102
RTVSPost2010Prop37
 90
       50
102
RTVSPost2010PropOp37
 70
     0
102
RTVSPost2010Prop38
140
0.0
102
RTVSPost2010PropOp38
 70
     0
102
RTVSPost2010Prop39
140
1.0
102
RTVSPost2010PropOp39
 70
     0
102
RTVSPost2010Prop40
 90
        0
102
RTVSPost2010PropOp40
 70
     0
102
RTVSPost2010Prop41ColorIndex
 90
       18
102
RTVSPost2010Prop41ColorRGB
 90
        0
102
RTVSPost2010PropOp41
 70
     0
102
RTVSPost2010Prop42
 90
       50
102
RTVSPost2010PropOp42
 70
     0
102
RTVSPost2010Prop43
 90
        3
102
RTVSPost2010PropOp43
 70
     0
102
RTVSPost2010Prop44ColorIndex
 90
        5
102
RTVSPost2010Prop44ColorRGB
 90
      255
102
RTVSPost2010PropOp44
 70
     0
102
RTVSPost2010Prop45
280
     0
102
RTVSPost2010PropOp45
 70
     1
102
RTVSPost2010Prop46
 90
       50
102
RTVSPost2010PropOp46
 70
     0
102
RTVSPost2010Prop47
 90
       50
102
RTVSPost2010PropOp47
 70
     0
102
RTVSPost2010Prop48
 90
       50
102
RTVSPost2010PropOp48
 70
     0
102
RTVSPost2010Prop49
280
     0
102
RTVSPost2010PropOp49
 70
     1
102
RTVSPost2010Prop50
 90
       50
102
RTVSPost2010PropOp50
 70
     0
102
RTVSPost2010Prop51ColorIndex
 90
      256
102
RTVSPost2010Prop51ColorRGB
 90
-16777216
102
RTVSPost2010PropOp51
 70
     0
102
RTVSPost2010Prop52
140
1.0
102
RTVSPost2010PropOp52
 70
     0
102
RTVSPost2010Prop53
 90
        2
102
RTVSPost2010PropOp53
 70
     0
102
RTVSPost2010Prop54
  1
strokes_ogs.tif
102
RTVSPost2010PropOp54
 70
     0
102
RTVSPost2010Prop55
280
     0
102
RTVSPost2010PropOp55
 70
     1
102
RTVSPost2010Prop56
140
1.0
102
RTVSPost2010PropOp56
 70
     0
102
RTVSPost2010Prop57
140
1.0
102
RTVSPost2010PropOp57
 70
     0
102
RTVSPropertyOp0
 70
     0
102
RTVSPropertyOp1
 70
     0
102
RTVSPropertyOp2
 70
     0
102
RTVSPropertyOp3
 70
     0
102
RTVSPropertyOp4
 70
     0
102
RTVSPropertyOp5
 70
     0
102
RTVSPropertyOp6
 70
     0
102
RTVSPropertyOp7
 70
     0
102
RTVSPropertyOp8
 70
     0
102
RTVSPropertyOp9
 70
     0
102
RTVSPropertyOp10
 70
     0
102
RTVSPropertyOp11
 70
     0
102
RTVSPropertyOp12
 70
     0
102
RTVSPropertyOp13
 70
     0
102
RTVSPropertyOp14
 70
     2
102
RTVSPropertyOp15
 70
     0
102
RTVSPropertyOp16
 70
     0
102
RTVSPropertyOp17
 70
     0
102
RTVSPropertyOp18
 70
     0
102
RTVSPropertyOp19
 70
     0
102
RTVSPropertyOp20
 70
     0
102
RTVSPropertyOp21
 70
     0
102
RTVSPropertyOp22
 70
     0
102
RTVSPropertyOp23
 70
     0
102
RTVSPropertyOp24
 70
     0
102
RTVSPropertyOp25
 70
     0
102
RTVSPropertyOp26
 70
     0
102
RTVSPropertyOp27
 70
     0
102
RTVSPropertyOp28
 70
     1
102
RTVSPropertyOp29
 70
     1
102
RTVSPropertyOp30
 70
     1
102
RTVSPropertyOp31
 70
     1
102
RTVSPropertyOp32
 70
     1
102
RTVSPropertyOp33
 70
     1
102
RTVSPropertyOp34
 70
     1
102
RTVSPropertyOp35
 70
     1
102
RTVSPropertyOp36
 70
     1
102
RTVSPropertyOp37
 70
     0
102
RTVSPropertyOp38
 70
     0
102
RTVSPropertyOp39
 70
     0
102
RTVSPropertyOp40
 70
     0
102
RTVSPropertyOp41
 70
     0
102
RTVSPropertyOp42
 70
     0
102
RTVSPropertyOp43
 70
     0
102
RTVSPropertyOp44
 70
     0
102
RTVSPropertyOp45
 70
     1
102
RTVSPropertyOp46
 70
     0
102
RTVSPropertyOp47
 70
     0
102
RTVSPropertyOp48
 70
     0
102
RTVSPropertyOp49
 70
     1
102
RTVSPropertyOp50
 70
     0
102
RTVSPropertyOp51
 70
     0
102
RTVSPropertyOp52
 70
     0
102
RTVSPropertyOp53
 70
     0
102
RTVSPropertyOp54
 70
     0
102
RTVSPropertyOp55
 70
     1
102
RTVSPropertyOp56
 70
     0
102
RTVSPropertyOp57
 70
     0
102
RTVSPropertyOp58
 70
     0
102
RTVSPropertyOp59
 70
     0
102
RTVSPropertyOp60
 70
     0
102
RTVSPropertyOp61
 70
     0
102
RTVSPropertyOp62
 70
     0
  0
XRECORD
  5
51B
102
{ACAD_REACTORS
330
51A
102
}
330
51A
100
AcDbXrecord
280
     1
102
RTVSPost2010Prop28
280
     0
102
RTVSPost2010PropOp28
 70
     1
102
RTVSPost2010Prop29
280
     1
102
RTVSPost2010PropOp29
 70
     1
102
RTVSPost2010Prop30
280
     1
102
RTVSPost2010PropOp30
 70
     1
102
RTVSPost2010Prop31
280
     0
102
RTVSPost2010PropOp31
 70
     1
102
RTVSPost2010Prop32
280
     0
102
RTVSPost2010PropOp32
 70
     1
102
RTVSPost2010Prop33
280
     0
102
RTVSPost2010PropOp33
 70
     1
102
RTVSPost2010Prop34
280
     0
102
RTVSPost2010PropOp34
 70
     1
102
RTVSPost2010Prop35
280
     0
102
RTVSPost2010PropOp35
 70
     1
102
RTVSPost2010Prop36
280
     0
102
RTVSPost2010PropOp36
 70
     1
102
RTVSPost2010Prop37
 90
       50
102
RTVSPost2010PropOp37
 70
     1
102
RTVSPost2010Prop38
140
0.0
102
RTVSPost2010PropOp38
 70
     1
102
RTVSPost2010Prop39
140
1.0
102
RTVSPost2010PropOp39
 70
     1
102
RTVSPost2010Prop40
 90
        0
102
RTVSPost2010PropOp40
 70
     1
102
RTVSPost2010Prop41ColorIndex
 90
       18
102
RTVSPost2010Prop41ColorRGB
 90
        0
102
RTVSPost2010PropOp41
 70
     1
102
RTVSPost2010Prop42
 90
       50
102
RTVSPost2010PropOp42
 70
     1
102
RTVSPost2010Prop43
 90
        3
102
RTVSPost2010PropOp43
 70
     1
102
RTVSPost2010Prop44ColorIndex
 90
        5
102
RTVSPost2010Prop44ColorRGB
 90
      255
102
RTVSPost2010PropOp44
 70
     1
102
RTVSPost2010Prop45
280
     0
102
RTVSPost2010PropOp45
 70
     1
102
RTVSPost2010Prop46
 90
       50
102
RTVSPost2010PropOp46
 70
     1
102
RTVSPost2010Prop47
 90
       50
102
RTVSPost2010PropOp47
 70
     1
102
RTVSPost2010Prop48
 90
       50
102
RTVSPost2010PropOp48
 70
     1
102
RTVSPost2010Prop49
280
     0
102
RTVSPost2010PropOp49
 70
     1
102
RTVSPost2010Prop50
 90
       50
102
RTVSPost2010PropOp50
 70
     1
102
RTVSPost2010Prop51ColorIndex
 90
      256
102
RTVSPost2010Prop51ColorRGB
 90
-16777216
102
RTVSPost2010PropOp51
 70
     0
102
RTVSPost2010Prop52
140
1.0
102
RTVSPost2010PropOp52
 70
     0
102
RTVSPost2010Prop53
 90
        2
102
RTVSPost2010PropOp53
 70
     1
102
RTVSPost2010Prop54
  1
strokes_ogs.tif
102
RTVSPost2010PropOp54
 70
     1
102
RTVSPost2010Prop55
280
     0
102
RTVSPost2010PropOp55
 70
     1
102
RTVSPost2010Prop56
140
1.0
102
RTVSPost2010PropOp56
 70
     1
102
RTVSPost2010Prop57
140
1.0
102
RTVSPost2010PropOp57
 70
     1
102
RTVSPropertyOp0
 70
     1
102
RTVSPropertyOp1
 70
     1
102
RTVSPropertyOp2
 70
     1
102
RTVSPropertyOp3
 70
     1
102
RTVSPropertyOp4
 70
     1
102
RTVSPropertyOp5
 70
     1
102
RTVSPropertyOp6
 70
     1
102
RTVSPropertyOp7
 70
     1
102
RTVSPropertyOp8
 70
     1
102
RTVSPropertyOp9
 70
     1
102
RTVSPropertyOp10
 70
     1
102
RTVSPropertyOp11
 70
     1
102
RTVSPropertyOp12
 70
     1
102
RTVSPropertyOp13
 70
     1
102
RTVSPropertyOp14
 70
     1
102
RTVSPropertyOp15
 70
     1
102
RTVSPropertyOp16
 70
     1
102
RTVSPropertyOp17
 70
     1
102
RTVSPropertyOp18
 70
     1
102
RTVSPropertyOp19
 70
     1
102
RTVSPropertyOp20
 70
     1
102
RTVSPropertyOp21
 70
     1
102
RTVSPropertyOp22
 70
     1
102
RTVSPropertyOp23
 70
     1
102
RTVSPropertyOp24
 70
     1
102
RTVSPropertyOp25
 70
     1
102
RTVSPropertyOp26
 70
     1
102
RTVSPropertyOp27
 70
     1
102
RTVSPropertyOp28
 70
     1
102
RTVSPropertyOp29
 70
     1
102
RTVSPropertyOp30
 70
     1
102
RTVSPropertyOp31
 70
     1
102
RTVSPropertyOp32
 70
     1
102
RTVSPropertyOp33
 70
     1
102
RTVSPropertyOp34
 70
     1
102
RTVSPropertyOp35
 70
     1
102
RTVSPropertyOp36
 70
     1
102
RTVSPropertyOp37
 70
     1
102
RTVSPropertyOp38
 70
     1
102
RTVSPropertyOp39
 70
     1
102
RTVSPropertyOp40
 70
     1
102
RTVSPropertyOp41
 70
     1
102
RTVSPropertyOp42
 70
     1
102
RTVSPropertyOp43
 70
     1
102
RTVSPropertyOp44
 70
     1
102
RTVSPropertyOp45
 70
     1
102
RTVSPropertyOp46
 70
     1
102
RTVSPropertyOp47
 70
     1
102
RTVSPropertyOp48
 70
     1
102
RTVSPropertyOp49
 70
     1
102
RTVSPropertyOp50
 70
     1
102
RTVSPropertyOp51
 70
     0
102
RTVSPropertyOp52
 70
     0
102
RTVSPropertyOp53
 70
     1
102
RTVSPropertyOp54
 70
     1
102
RTVSPropertyOp55
 70
     1
102
RTVSPropertyOp56
 70
     1
102
RTVSPropertyOp57
 70
     1
102
RTVSPropertyOp58
 70
     1
102
RTVSPropertyOp59
 70
     1
102
RTVSPropertyOp60
 70
     1
102
RTVSPropertyOp61
 70
     1
102
RTVSPropertyOp62
 70
     1
  0
XRECORD
  5
4FF
102
{ACAD_REACTORS
330
4FE
102
}
330
4FE
100
AcDbXrecord
280
     1
102
RTVSPost2010Prop28
280
     0
102
RTVSPost2010PropOp28
 70
     1
102
RTVSPost2010Prop29
280
     1
102
RTVSPost2010PropOp29
 70
     1
102
RTVSPost2010Prop30
280
     1
102
RTVSPost2010PropOp30
 70
     1
102
RTVSPost2010Prop31
280
     0
102
RTVSPost2010PropOp31
 70
     1
102
RTVSPost2010Prop32
280
     0
102
RTVSPost2010PropOp32
 70
     1
102
RTVSPost2010Prop33
280
     0
102
RTVSPost2010PropOp33
 70
     1
102
RTVSPost2010Prop34
280
     0
102
RTVSPost2010PropOp34
 70
     1
102
RTVSPost2010Prop35
280
     0
102
RTVSPost2010PropOp35
 70
     1
102
RTVSPost2010Prop36
280
     0
102
RTVSPost2010PropOp36
 70
     1
102
RTVSPost2010Prop37
 90
       50
102
RTVSPost2010PropOp37
 70
     1
102
RTVSPost2010Prop38
140
0.0
102
RTVSPost2010PropOp38
 70
     1
102
RTVSPost2010Prop39
140
1.0
102
RTVSPost2010PropOp39
 70
     1
102
RTVSPost2010Prop40
 90
        0
102
RTVSPost2010PropOp40
 70
     1
102
RTVSPost2010Prop41ColorIndex
 90
       18
102
RTVSPost2010Prop41ColorRGB
 90
        0
102
RTVSPost2010PropOp41
 70
     1
102
RTVSPost2010Prop42
 90
       50
102
RTVSPost2010PropOp42
 70
     1
102
RTVSPost2010Prop43
 90
        3
102
RTVSPost2010PropOp43
 70
     1
102
RTVSPost2010Prop44ColorIndex
 90
        5
102
RTVSPost2010Prop44ColorRGB
 90
      255
102
RTVSPost2010PropOp44
 70
     1
102
RTVSPost2010Prop45
280
     0
102
RTVSPost2010PropOp45
 70
     1
102
RTVSPost2010Prop46
 90
       50
102
RTVSPost2010PropOp46
 70
     1
102
RTVSPost2010Prop47
 90
       50
102
RTVSPost2010PropOp47
 70
     1
102
RTVSPost2010Prop48
 90
       50
102
RTVSPost2010PropOp48
 70
     1
102
RTVSPost2010Prop49
280
     0
102
RTVSPost2010PropOp49
 70
     1
102
RTVSPost2010Prop50
 90
       50
102
RTVSPost2010PropOp50
 70
     1
102
RTVSPost2010Prop51ColorIndex
 90
      256
102
RTVSPost2010Prop51ColorRGB
 90
-16777216
102
RTVSPost2010PropOp51
 70
     0
102
RTVSPost2010Prop52
140
1.0
102
RTVSPost2010PropOp52
 70
     0
102
RTVSPost2010Prop53
 90
        2
102
RTVSPost2010PropOp53
 70
     1
102
RTVSPost2010Prop54
  1
strokes_ogs.tif
102
RTVSPost2010PropOp54
 70
     1
102
RTVSPost2010Prop55
280
     0
102
RTVSPost2010PropOp55
 70
     1
102
RTVSPost2010Prop56
140
1.0
102
RTVSPost2010PropOp56
 70
     1
102
RTVSPost2010Prop57
140
1.0
102
RTVSPost2010PropOp57
 70
     1
102
RTVSPropertyOp0
 70
     1
102
RTVSPropertyOp1
 70
     1
102
RTVSPropertyOp2
 70
     1
102
RTVSPropertyOp3
 70
     1
102
RTVSPropertyOp4
 70
     1
102
RTVSPropertyOp5
 70
     1
102
RTVSPropertyOp6
 70
     1
102
RTVSPropertyOp7
 70
     1
102
RTVSPropertyOp8
 70
     1
102
RTVSPropertyOp9
 70
     1
102
RTVSPropertyOp10
 70
     1
102
RTVSPropertyOp11
 70
     1
102
RTVSPropertyOp12
 70
     1
102
RTVSPropertyOp13
 70
     1
102
RTVSPropertyOp14
 70
     1
102
RTVSPropertyOp15
 70
     1
102
RTVSPropertyOp16
 70
     1
102
RTVSPropertyOp17
 70
     1
102
RTVSPropertyOp18
 70
     1
102
RTVSPropertyOp19
 70
     1
102
RTVSPropertyOp20
 70
     1
102
RTVSPropertyOp21
 70
     1
102
RTVSPropertyOp22
 70
     1
102
RTVSPropertyOp23
 70
     1
102
RTVSPropertyOp24
 70
     1
102
RTVSPropertyOp25
 70
     1
102
RTVSPropertyOp26
 70
     1
102
RTVSPropertyOp27
 70
     1
102
RTVSPropertyOp28
 70
     1
102
RTVSPropertyOp29
 70
     1
102
RTVSPropertyOp30
 70
     1
102
RTVSPropertyOp31
 70
     1
102
RTVSPropertyOp32
 70
     1
102
RTVSPropertyOp33
 70
     1
102
RTVSPropertyOp34
 70
     1
102
RTVSPropertyOp35
 70
     1
102
RTVSPropertyOp36
 70
     1
102
RTVSPropertyOp37
 70
     1
102
RTVSPropertyOp38
 70
     1
102
RTVSPropertyOp39
 70
     1
102
RTVSPropertyOp40
 70
     1
102
RTVSPropertyOp41
 70
     1
102
RTVSPropertyOp42
 70
     1
102
RTVSPropertyOp43
 70
     1
102
RTVSPropertyOp44
 70
     1
102
RTVSPropertyOp45
 70
     1
102
RTVSPropertyOp46
 70
     1
102
RTVSPropertyOp47
 70
     1
102
RTVSPropertyOp48
 70
     1
102
RTVSPropertyOp49
 70
     1
102
RTVSPropertyOp50
 70
     1
102
RTVSPropertyOp51
 70
     0
102
RTVSPropertyOp52
 70
     0
102
RTVSPropertyOp53
 70
     1
102
RTVSPropertyOp54
 70
     1
102
RTVSPropertyOp55
 70
     1
102
RTVSPropertyOp56
 70
     1
102
RTVSPropertyOp57
 70
     1
102
RTVSPropertyOp58
 70
     1
102
RTVSPropertyOp59
 70
     1
102
RTVSPropertyOp60
 70
     1
102
RTVSPropertyOp61
 70
     1
102
RTVSPropertyOp62
 70
     1
  0
XRECORD
  5
501
102
{ACAD_REACTORS
330
500
102
}
330
500
100
AcDbXrecord
280
     1
102
RTVSPost2010Prop28
280
     0
102
RTVSPost2010PropOp28
 70
     1
102
RTVSPost2010Prop29
280
     1
102
RTVSPost2010PropOp29
 70
     1
102
RTVSPost2010Prop30
280
     1
102
RTVSPost2010PropOp30
 70
     1
102
RTVSPost2010Prop31
280
     0
102
RTVSPost2010PropOp31
 70
     1
102
RTVSPost2010Prop32
280
     0
102
RTVSPost2010PropOp32
 70
     1
102
RTVSPost2010Prop33
280
     0
102
RTVSPost2010PropOp33
 70
     1
102
RTVSPost2010Prop34
280
     0
102
RTVSPost2010PropOp34
 70
     1
102
RTVSPost2010Prop35
280
     0
102
RTVSPost2010PropOp35
 70
     1
102
RTVSPost2010Prop36
280
     0
102
RTVSPost2010PropOp36
 70
     1
102
RTVSPost2010Prop37
 90
       50
102
RTVSPost2010PropOp37
 70
     1
102
RTVSPost2010Prop38
140
0.0
102
RTVSPost2010PropOp38
 70
     1
102
RTVSPost2010Prop39
140
1.0
102
RTVSPost2010PropOp39
 70
     1
102
RTVSPost2010Prop40
 90
        0
102
RTVSPost2010PropOp40
 70
     1
102
RTVSPost2010Prop41ColorIndex
 90
       18
102
RTVSPost2010Prop41ColorRGB
 90
        0
102
RTVSPost2010PropOp41
 70
     1
102
RTVSPost2010Prop42
 90
       50
102
RTVSPost2010PropOp42
 70
     1
102
RTVSPost2010Prop43
 90
        3
102
RTVSPost2010PropOp43
 70
     1
102
RTVSPost2010Prop44ColorIndex
 90
        5
102
RTVSPost2010Prop44ColorRGB
 90
      255
102
RTVSPost2010PropOp44
 70
     1
102
RTVSPost2010Prop45
280
     0
102
RTVSPost2010PropOp45
 70
     1
102
RTVSPost2010Prop46
 90
       50
102
RTVSPost2010PropOp46
 70
     1
102
RTVSPost2010Prop47
 90
       50
102
RTVSPost2010PropOp47
 70
     1
102
RTVSPost2010Prop48
 90
       50
102
RTVSPost2010PropOp48
 70
     1
102
RTVSPost2010Prop49
280
     0
102
RTVSPost2010PropOp49
 70
     1
102
RTVSPost2010Prop50
 90
       50
102
RTVSPost2010PropOp50
 70
     1
102
RTVSPost2010Prop51ColorIndex
 90
      256
102
RTVSPost2010Prop51ColorRGB
 90
-16777216
102
RTVSPost2010PropOp51
 70
     0
102
RTVSPost2010Prop52
140
1.0
102
RTVSPost2010PropOp52
 70
     0
102
RTVSPost2010Prop53
 90
        2
102
RTVSPost2010PropOp53
 70
     1
102
RTVSPost2010Prop54
  1
strokes_ogs.tif
102
RTVSPost2010PropOp54
 70
     1
102
RTVSPost2010Prop55
280
     0
102
RTVSPost2010PropOp55
 70
     1
102
RTVSPost2010Prop56
140
1.0
102
RTVSPost2010PropOp56
 70
     1
102
RTVSPost2010Prop57
140
1.0
102
RTVSPost2010PropOp57
 70
     1
102
RTVSPropertyOp0
 70
     1
102
RTVSPropertyOp1
 70
     1
102
RTVSPropertyOp2
 70
     1
102
RTVSPropertyOp3
 70
     1
102
RTVSPropertyOp4
 70
     1
102
RTVSPropertyOp5
 70
     1
102
RTVSPropertyOp6
 70
     1
102
RTVSPropertyOp7
 70
     1
102
RTVSPropertyOp8
 70
     1
102
RTVSPropertyOp9
 70
     1
102
RTVSPropertyOp10
 70
     1
102
RTVSPropertyOp11
 70
     1
102
RTVSPropertyOp12
 70
     1
102
RTVSPropertyOp13
 70
     1
102
RTVSPropertyOp14
 70
     1
102
RTVSPropertyOp15
 70
     1
102
RTVSPropertyOp16
 70
     1
102
RTVSPropertyOp17
 70
     1
102
RTVSPropertyOp18
 70
     1
102
RTVSPropertyOp19
 70
     1
102
RTVSPropertyOp20
 70
     1
102
RTVSPropertyOp21
 70
     1
102
RTVSPropertyOp22
 70
     1
102
RTVSPropertyOp23
 70
     1
102
RTVSPropertyOp24
 70
     1
102
RTVSPropertyOp25
 70
     1
102
RTVSPropertyOp26
 70
     1
102
RTVSPropertyOp27
 70
     1
102
RTVSPropertyOp28
 70
     1
102
RTVSPropertyOp29
 70
     1
102
RTVSPropertyOp30
 70
     1
102
RTVSPropertyOp31
 70
     1
102
RTVSPropertyOp32
 70
     1
102
RTVSPropertyOp33
 70
     1
102
RTVSPropertyOp34
 70
     1
102
RTVSPropertyOp35
 70
     1
102
RTVSPropertyOp36
 70
     1
102
RTVSPropertyOp37
 70
     1
102
RTVSPropertyOp38
 70
     1
102
RTVSPropertyOp39
 70
     1
102
RTVSPropertyOp40
 70
     1
102
RTVSPropertyOp41
 70
     1
102
RTVSPropertyOp42
 70
     1
102
RTVSPropertyOp43
 70
     1
102
RTVSPropertyOp44
 70
     1
102
RTVSPropertyOp45
 70
     1
102
RTVSPropertyOp46
 70
     1
102
RTVSPropertyOp47
 70
     1
102
RTVSPropertyOp48
 70
     1
102
RTVSPropertyOp49
 70
     1
102
RTVSPropertyOp50
 70
     1
102
RTVSPropertyOp51
 70
     0
102
RTVSPropertyOp52
 70
     0
102
RTVSPropertyOp53
 70
     1
102
RTVSPropertyOp54
 70
     1
102
RTVSPropertyOp55
 70
     1
102
RTVSPropertyOp56
 70
     1
102
RTVSPropertyOp57
 70
     1
102
RTVSPropertyOp58
 70
     1
102
RTVSPropertyOp59
 70
     1
102
RTVSPropertyOp60
 70
     1
102
RTVSPropertyOp61
 70
     1
102
RTVSPropertyOp62
 70
     1
  0
XRECORD
  5
503
102
{ACAD_REACTORS
330
502
102
}
330
502
100
AcDbXrecord
280
     1
102
RTVSPost2010Prop28
280
     0
102
RTVSPost2010PropOp28
 70
     1
102
RTVSPost2010Prop29
280
     1
102
RTVSPost2010PropOp29
 70
     1
102
RTVSPost2010Prop30
280
     1
102
RTVSPost2010PropOp30
 70
     1
102
RTVSPost2010Prop31
280
     0
102
RTVSPost2010PropOp31
 70
     1
102
RTVSPost2010Prop32
280
     0
102
RTVSPost2010PropOp32
 70
     1
102
RTVSPost2010Prop33
280
     0
102
RTVSPost2010PropOp33
 70
     1
102
RTVSPost2010Prop34
280
     0
102
RTVSPost2010PropOp34
 70
     1
102
RTVSPost2010Prop35
280
     0
102
RTVSPost2010PropOp35
 70
     1
102
RTVSPost2010Prop36
280
     0
102
RTVSPost2010PropOp36
 70
     1
102
RTVSPost2010Prop37
 90
       50
102
RTVSPost2010PropOp37
 70
     1
102
RTVSPost2010Prop38
140
0.0
102
RTVSPost2010PropOp38
 70
     1
102
RTVSPost2010Prop39
140
1.0
102
RTVSPost2010PropOp39
 70
     1
102
RTVSPost2010Prop40
 90
        0
102
RTVSPost2010PropOp40
 70
     1
102
RTVSPost2010Prop41ColorIndex
 90
       18
102
RTVSPost2010Prop41ColorRGB
 90
        0
102
RTVSPost2010PropOp41
 70
     1
102
RTVSPost2010Prop42
 90
       50
102
RTVSPost2010PropOp42
 70
     1
102
RTVSPost2010Prop43
 90
        3
102
RTVSPost2010PropOp43
 70
     1
102
RTVSPost2010Prop44ColorIndex
 90
        5
102
RTVSPost2010Prop44ColorRGB
 90
      255
102
RTVSPost2010PropOp44
 70
     1
102
RTVSPost2010Prop45
280
     0
102
RTVSPost2010PropOp45
 70
     1
102
RTVSPost2010Prop46
 90
       50
102
RTVSPost2010PropOp46
 70
     1
102
RTVSPost2010Prop47
 90
       50
102
RTVSPost2010PropOp47
 70
     1
102
RTVSPost2010Prop48
 90
       50
102
RTVSPost2010PropOp48
 70
     1
102
RTVSPost2010Prop49
280
     0
102
RTVSPost2010PropOp49
 70
     1
102
RTVSPost2010Prop50
 90
       50
102
RTVSPost2010PropOp50
 70
     1
102
RTVSPost2010Prop51ColorIndex
 90
      256
102
RTVSPost2010Prop51ColorRGB
 90
-16777216
102
RTVSPost2010PropOp51
 70
     0
102
RTVSPost2010Prop52
140
1.0
102
RTVSPost2010PropOp52
 70
     0
102
RTVSPost2010Prop53
 90
        2
102
RTVSPost2010PropOp53
 70
     1
102
RTVSPost2010Prop54
  1
strokes_ogs.tif
102
RTVSPost2010PropOp54
 70
     1
102
RTVSPost2010Prop55
280
     0
102
RTVSPost2010PropOp55
 70
     1
102
RTVSPost2010Prop56
140
1.0
102
RTVSPost2010PropOp56
 70
     1
102
RTVSPost2010Prop57
140
1.0
102
RTVSPost2010PropOp57
 70
     1
102
RTVSPropertyOp0
 70
     1
102
RTVSPropertyOp1
 70
     1
102
RTVSPropertyOp2
 70
     1
102
RTVSPropertyOp3
 70
     1
102
RTVSPropertyOp4
 70
     1
102
RTVSPropertyOp5
 70
     1
102
RTVSPropertyOp6
 70
     1
102
RTVSPropertyOp7
 70
     1
102
RTVSPropertyOp8
 70
     1
102
RTVSPropertyOp9
 70
     1
102
RTVSPropertyOp10
 70
     1
102
RTVSPropertyOp11
 70
     1
102
RTVSPropertyOp12
 70
     1
102
RTVSPropertyOp13
 70
     1
102
RTVSPropertyOp14
 70
     1
102
RTVSPropertyOp15
 70
     1
102
RTVSPropertyOp16
 70
     1
102
RTVSPropertyOp17
 70
     1
102
RTVSPropertyOp18
 70
     1
102
RTVSPropertyOp19
 70
     1
102
RTVSPropertyOp20
 70
     1
102
RTVSPropertyOp21
 70
     1
102
RTVSPropertyOp22
 70
     1
102
RTVSPropertyOp23
 70
     1
102
RTVSPropertyOp24
 70
     1
102
RTVSPropertyOp25
 70
     1
102
RTVSPropertyOp26
 70
     1
102
RTVSPropertyOp27
 70
     1
102
RTVSPropertyOp28
 70
     1
102
RTVSPropertyOp29
 70
     1
102
RTVSPropertyOp30
 70
     1
102
RTVSPropertyOp31
 70
     1
102
RTVSPropertyOp32
 70
     1
102
RTVSPropertyOp33
 70
     1
102
RTVSPropertyOp34
 70
     1
102
RTVSPropertyOp35
 70
     1
102
RTVSPropertyOp36
 70
     1
102
RTVSPropertyOp37
 70
     1
102
RTVSPropertyOp38
 70
     1
102
RTVSPropertyOp39
 70
     1
102
RTVSPropertyOp40
 70
     1
102
RTVSPropertyOp41
 70
     1
102
RTVSPropertyOp42
 70
     1
102
RTVSPropertyOp43
 70
     1
102
RTVSPropertyOp44
 70
     1
102
RTVSPropertyOp45
 70
     1
102
RTVSPropertyOp46
 70
     1
102
RTVSPropertyOp47
 70
     1
102
RTVSPropertyOp48
 70
     1
102
RTVSPropertyOp49
 70
     1
102
RTVSPropertyOp50
 70
     1
102
RTVSPropertyOp51
 70
     0
102
RTVSPropertyOp52
 70
     0
102
RTVSPropertyOp53
 70
     1
102
RTVSPropertyOp54
 70
     1
102
RTVSPropertyOp55
 70
     1
102
RTVSPropertyOp56
 70
     1
102
RTVSPropertyOp57
 70
     1
102
RTVSPropertyOp58
 70
     1
102
RTVSPropertyOp59
 70
     1
102
RTVSPropertyOp60
 70
     1
102
RTVSPropertyOp61
 70
     1
102
RTVSPropertyOp62
 70
     1
  0
XRECORD
  5
505
102
{ACAD_REACTORS
330
504
102
}
330
504
100
AcDbXrecord
280
     1
102
RTVSPost2010Prop28
280
     0
102
RTVSPost2010PropOp28
 70
     1
102
RTVSPost2010Prop29
280
     1
102
RTVSPost2010PropOp29
 70
     1
102
RTVSPost2010Prop30
280
     1
102
RTVSPost2010PropOp30
 70
     1
102
RTVSPost2010Prop31
280
     0
102
RTVSPost2010PropOp31
 70
     1
102
RTVSPost2010Prop32
280
     0
102
RTVSPost2010PropOp32
 70
     1
102
RTVSPost2010Prop33
280
     0
102
RTVSPost2010PropOp33
 70
     1
102
RTVSPost2010Prop34
280
     0
102
RTVSPost2010PropOp34
 70
     1
102
RTVSPost2010Prop35
280
     0
102
RTVSPost2010PropOp35
 70
     1
102
RTVSPost2010Prop36
280
     0
102
RTVSPost2010PropOp36
 70
     1
102
RTVSPost2010Prop37
 90
       50
102
RTVSPost2010PropOp37
 70
     1
102
RTVSPost2010Prop38
140
0.0
102
RTVSPost2010PropOp38
 70
     1
102
RTVSPost2010Prop39
140
1.0
102
RTVSPost2010PropOp39
 70
     1
102
RTVSPost2010Prop40
 90
        0
102
RTVSPost2010PropOp40
 70
     1
102
RTVSPost2010Prop41ColorIndex
 90
       18
102
RTVSPost2010Prop41ColorRGB
 90
        0
102
RTVSPost2010PropOp41
 70
     1
102
RTVSPost2010Prop42
 90
       50
102
RTVSPost2010PropOp42
 70
     1
102
RTVSPost2010Prop43
 90
        3
102
RTVSPost2010PropOp43
 70
     1
102
RTVSPost2010Prop44ColorIndex
 90
        5
102
RTVSPost2010Prop44ColorRGB
 90
      255
102
RTVSPost2010PropOp44
 70
     1
102
RTVSPost2010Prop45
280
     0
102
RTVSPost2010PropOp45
 70
     1
102
RTVSPost2010Prop46
 90
       50
102
RTVSPost2010PropOp46
 70
     1
102
RTVSPost2010Prop47
 90
       50
102
RTVSPost2010PropOp47
 70
     1
102
RTVSPost2010Prop48
 90
       50
102
RTVSPost2010PropOp48
 70
     1
102
RTVSPost2010Prop49
280
     0
102
RTVSPost2010PropOp49
 70
     1
102
RTVSPost2010Prop50
 90
       50
102
RTVSPost2010PropOp50
 70
     1
102
RTVSPost2010Prop51ColorIndex
 90
      256
102
RTVSPost2010Prop51ColorRGB
 90
-16777216
102
RTVSPost2010PropOp51
 70
     0
102
RTVSPost2010Prop52
140
1.0
102
RTVSPost2010PropOp52
 70
     0
102
RTVSPost2010Prop53
 90
        2
102
RTVSPost2010PropOp53
 70
     1
102
RTVSPost2010Prop54
  1
strokes_ogs.tif
102
RTVSPost2010PropOp54
 70
     1
102
RTVSPost2010Prop55
280
     0
102
RTVSPost2010PropOp55
 70
     1
102
RTVSPost2010Prop56
140
1.0
102
RTVSPost2010PropOp56
 70
     1
102
RTVSPost2010Prop57
140
1.0
102
RTVSPost2010PropOp57
 70
     1
102
RTVSPropertyOp0
 70
     1
102
RTVSPropertyOp1
 70
     1
102
RTVSPropertyOp2
 70
     1
102
RTVSPropertyOp3
 70
     1
102
RTVSPropertyOp4
 70
     1
102
RTVSPropertyOp5
 70
     1
102
RTVSPropertyOp6
 70
     1
102
RTVSPropertyOp7
 70
     1
102
RTVSPropertyOp8
 70
     1
102
RTVSPropertyOp9
 70
     1
102
RTVSPropertyOp10
 70
     1
102
RTVSPropertyOp11
 70
     1
102
RTVSPropertyOp12
 70
     1
102
RTVSPropertyOp13
 70
     1
102
RTVSPropertyOp14
 70
     1
102
RTVSPropertyOp15
 70
     1
102
RTVSPropertyOp16
 70
     1
102
RTVSPropertyOp17
 70
     1
102
RTVSPropertyOp18
 70
     1
102
RTVSPropertyOp19
 70
     1
102
RTVSPropertyOp20
 70
     1
102
RTVSPropertyOp21
 70
     1
102
RTVSPropertyOp22
 70
     1
102
RTVSPropertyOp23
 70
     1
102
RTVSPropertyOp24
 70
     1
102
RTVSPropertyOp25
 70
     1
102
RTVSPropertyOp26
 70
     1
102
RTVSPropertyOp27
 70
     1
102
RTVSPropertyOp28
 70
     1
102
RTVSPropertyOp29
 70
     1
102
RTVSPropertyOp30
 70
     1
102
RTVSPropertyOp31
 70
     1
102
RTVSPropertyOp32
 70
     1
102
RTVSPropertyOp33
 70
     1
102
RTVSPropertyOp34
 70
     1
102
RTVSPropertyOp35
 70
     1
102
RTVSPropertyOp36
 70
     1
102
RTVSPropertyOp37
 70
     1
102
RTVSPropertyOp38
 70
     1
102
RTVSPropertyOp39
 70
     1
102
RTVSPropertyOp40
 70
     1
102
RTVSPropertyOp41
 70
     1
102
RTVSPropertyOp42
 70
     1
102
RTVSPropertyOp43
 70
     1
102
RTVSPropertyOp44
 70
     1
102
RTVSPropertyOp45
 70
     1
102
RTVSPropertyOp46
 70
     1
102
RTVSPropertyOp47
 70
     1
102
RTVSPropertyOp48
 70
     1
102
RTVSPropertyOp49
 70
     1
102
RTVSPropertyOp50
 70
     1
102
RTVSPropertyOp51
 70
     0
102
RTVSPropertyOp52
 70
     0
102
RTVSPropertyOp53
 70
     1
102
RTVSPropertyOp54
 70
     1
102
RTVSPropertyOp55
 70
     1
102
RTVSPropertyOp56
 70
     1
102
RTVSPropertyOp57
 70
     1
102
RTVSPropertyOp58
 70
     1
102
RTVSPropertyOp59
 70
     1
102
RTVSPropertyOp60
 70
     1
102
RTVSPropertyOp61
 70
     1
102
RTVSPropertyOp62
 70
     1
  0
XRECORD
  5
50D
102
{ACAD_REACTORS
330
50C
102
}
330
50C
100
AcDbXrecord
280
     1
102
RTVSPost2010Prop28
280
     0
102
RTVSPost2010PropOp28
 70
     1
102
RTVSPost2010Prop29
280
     1
102
RTVSPost2010PropOp29
 70
     1
102
RTVSPost2010Prop30
280
     1
102
RTVSPost2010PropOp30
 70
     1
102
RTVSPost2010Prop31
280
     0
102
RTVSPost2010PropOp31
 70
     1
102
RTVSPost2010Prop32
280
     0
102
RTVSPost2010PropOp32
 70
     1
102
RTVSPost2010Prop33
280
     0
102
RTVSPost2010PropOp33
 70
     1
102
RTVSPost2010Prop34
280
     0
102
RTVSPost2010PropOp34
 70
     1
102
RTVSPost2010Prop35
280
     0
102
RTVSPost2010PropOp35
 70
     1
102
RTVSPost2010Prop36
280
     0
102
RTVSPost2010PropOp36
 70
     1
102
RTVSPost2010Prop37
 90
       50
102
RTVSPost2010PropOp37
 70
     1
102
RTVSPost2010Prop38
140
0.0
102
RTVSPost2010PropOp38
 70
     1
102
RTVSPost2010Prop39
140
1.0
102
RTVSPost2010PropOp39
 70
     1
102
RTVSPost2010Prop40
 90
        0
102
RTVSPost2010PropOp40
 70
     1
102
RTVSPost2010Prop41ColorIndex
 90
       18
102
RTVSPost2010Prop41ColorRGB
 90
        0
102
RTVSPost2010PropOp41
 70
     1
102
RTVSPost2010Prop42
 90
       50
102
RTVSPost2010PropOp42
 70
     1
102
RTVSPost2010Prop43
 90
        3
102
RTVSPost2010PropOp43
 70
     1
102
RTVSPost2010Prop44ColorIndex
 90
        5
102
RTVSPost2010Prop44ColorRGB
 90
      255
102
RTVSPost2010PropOp44
 70
     1
102
RTVSPost2010Prop45
280
     0
102
RTVSPost2010PropOp45
 70
     1
102
RTVSPost2010Prop46
 90
       50
102
RTVSPost2010PropOp46
 70
     1
102
RTVSPost2010Prop47
 90
       50
102
RTVSPost2010PropOp47
 70
     1
102
RTVSPost2010Prop48
 90
       50
102
RTVSPost2010PropOp48
 70
     1
102
RTVSPost2010Prop49
280
     0
102
RTVSPost2010PropOp49
 70
     1
102
RTVSPost2010Prop50
 90
       50
102
RTVSPost2010PropOp50
 70
     1
102
RTVSPost2010Prop51ColorIndex
 90
      256
102
RTVSPost2010Prop51ColorRGB
 90
-16777216
102
RTVSPost2010PropOp51
 70
     0
102
RTVSPost2010Prop52
140
1.0
102
RTVSPost2010PropOp52
 70
     0
102
RTVSPost2010Prop53
 90
        2
102
RTVSPost2010PropOp53
 70
     1
102
RTVSPost2010Prop54
  1
strokes_ogs.tif
102
RTVSPost2010PropOp54
 70
     1
102
RTVSPost2010Prop55
280
     0
102
RTVSPost2010PropOp55
 70
     1
102
RTVSPost2010Prop56
140
1.0
102
RTVSPost2010PropOp56
 70
     1
102
RTVSPost2010Prop57
140
1.0
102
RTVSPost2010PropOp57
 70
     1
102
RTVSPropertyOp0
 70
     1
102
RTVSPropertyOp1
 70
     1
102
RTVSPropertyOp2
 70
     1
102
RTVSPropertyOp3
 70
     1
102
RTVSPropertyOp4
 70
     1
102
RTVSPropertyOp5
 70
     1
102
RTVSPropertyOp6
 70
     1
102
RTVSPropertyOp7
 70
     1
102
RTVSPropertyOp8
 70
     1
102
RTVSPropertyOp9
 70
     1
102
RTVSPropertyOp10
 70
     1
102
RTVSPropertyOp11
 70
     1
102
RTVSPropertyOp12
 70
     1
102
RTVSPropertyOp13
 70
     1
102
RTVSPropertyOp14
 70
     1
102
RTVSPropertyOp15
 70
     1
102
RTVSPropertyOp16
 70
     1
102
RTVSPropertyOp17
 70
     1
102
RTVSPropertyOp18
 70
     1
102
RTVSPropertyOp19
 70
     1
102
RTVSPropertyOp20
 70
     1
102
RTVSPropertyOp21
 70
     1
102
RTVSPropertyOp22
 70
     1
102
RTVSPropertyOp23
 70
     1
102
RTVSPropertyOp24
 70
     1
102
RTVSPropertyOp25
 70
     1
102
RTVSPropertyOp26
 70
     1
102
RTVSPropertyOp27
 70
     1
102
RTVSPropertyOp28
 70
     1
102
RTVSPropertyOp29
 70
     1
102
RTVSPropertyOp30
 70
     1
102
RTVSPropertyOp31
 70
     1
102
RTVSPropertyOp32
 70
     1
102
RTVSPropertyOp33
 70
     1
102
RTVSPropertyOp34
 70
     1
102
RTVSPropertyOp35
 70
     1
102
RTVSPropertyOp36
 70
     1
102
RTVSPropertyOp37
 70
     1
102
RTVSPropertyOp38
 70
     1
102
RTVSPropertyOp39
 70
     1
102
RTVSPropertyOp40
 70
     1
102
RTVSPropertyOp41
 70
     1
102
RTVSPropertyOp42
 70
     1
102
RTVSPropertyOp43
 70
     1
102
RTVSPropertyOp44
 70
     1
102
RTVSPropertyOp45
 70
     1
102
RTVSPropertyOp46
 70
     1
102
RTVSPropertyOp47
 70
     1
102
RTVSPropertyOp48
 70
     1
102
RTVSPropertyOp49
 70
     1
102
RTVSPropertyOp50
 70
     1
102
RTVSPropertyOp51
 70
     0
102
RTVSPropertyOp52
 70
     0
102
RTVSPropertyOp53
 70
     1
102
RTVSPropertyOp54
 70
     1
102
RTVSPropertyOp55
 70
     1
102
RTVSPropertyOp56
 70
     1
102
RTVSPropertyOp57
 70
     1
102
RTVSPropertyOp58
 70
     1
102
RTVSPropertyOp59
 70
     1
102
RTVSPropertyOp60
 70
     1
102
RTVSPropertyOp61
 70
     1
102
RTVSPropertyOp62
 70
     1
  0
XRECORD
  5
529
102
{ACAD_REACTORS
330
528
102
}
330
528
100
AcDbXrecord
280
     1
102
RTVSPost2010Prop28
280
     0
102
RTVSPost2010PropOp28
 70
     1
102
RTVSPost2010Prop29
280
     1
102
RTVSPost2010PropOp29
 70
     1
102
RTVSPost2010Prop30
280
     1
102
RTVSPost2010PropOp30
 70
     1
102
RTVSPost2010Prop31
280
     0
102
RTVSPost2010PropOp31
 70
     1
102
RTVSPost2010Prop32
280
     0
102
RTVSPost2010PropOp32
 70
     1
102
RTVSPost2010Prop33
280
     0
102
RTVSPost2010PropOp33
 70
     1
102
RTVSPost2010Prop34
280
     0
102
RTVSPost2010PropOp34
 70
     1
102
RTVSPost2010Prop35
280
     0
102
RTVSPost2010PropOp35
 70
     1
102
RTVSPost2010Prop36
280
     0
102
RTVSPost2010PropOp36
 70
     1
102
RTVSPost2010Prop37
 90
       50
102
RTVSPost2010PropOp37
 70
     0
102
RTVSPost2010Prop38
140
0.0
102
RTVSPost2010PropOp38
 70
     0
102
RTVSPost2010Prop39
140
1.0
102
RTVSPost2010PropOp39
 70
     0
102
RTVSPost2010Prop40
 90
        0
102
RTVSPost2010PropOp40
 70
     0
102
RTVSPost2010Prop41ColorIndex
 90
       18
102
RTVSPost2010Prop41ColorRGB
 90
        0
102
RTVSPost2010PropOp41
 70
     0
102
RTVSPost2010Prop42
 90
       50
102
RTVSPost2010PropOp42
 70
     0
102
RTVSPost2010Prop43
 90
        3
102
RTVSPost2010PropOp43
 70
     0
102
RTVSPost2010Prop44ColorIndex
 90
        5
102
RTVSPost2010Prop44ColorRGB
 90
      255
102
RTVSPost2010PropOp44
 70
     0
102
RTVSPost2010Prop45
280
     0
102
RTVSPost2010PropOp45
 70
     1
102
RTVSPost2010Prop46
 90
       50
102
RTVSPost2010PropOp46
 70
     0
102
RTVSPost2010Prop47
 90
       50
102
RTVSPost2010PropOp47
 70
     0
102
RTVSPost2010Prop48
 90
       50
102
RTVSPost2010PropOp48
 70
     0
102
RTVSPost2010Prop49
280
     0
102
RTVSPost2010PropOp49
 70
     1
102
RTVSPost2010Prop50
 90
       50
102
RTVSPost2010PropOp50
 70
     0
102
RTVSPost2010Prop51ColorIndex
 90
      256
102
RTVSPost2010Prop51ColorRGB
 90
-16777216
102
RTVSPost2010PropOp51
 70
     0
102
RTVSPost2010Prop52
140
1.0
102
RTVSPost2010PropOp52
 70
     0
102
RTVSPost2010Prop53
 90
        2
102
RTVSPost2010PropOp53
 70
     0
102
RTVSPost2010Prop54
  1
strokes_ogs.tif
102
RTVSPost2010PropOp54
 70
     0
102
RTVSPost2010Prop55
280
     0
102
RTVSPost2010PropOp55
 70
     1
102
RTVSPost2010Prop56
140
1.0
102
RTVSPost2010PropOp56
 70
     0
102
RTVSPost2010Prop57
140
1.0
102
RTVSPost2010PropOp57
 70
     0
102
RTVSPropertyOp0
 70
     0
102
RTVSPropertyOp1
 70
     0
102
RTVSPropertyOp2
 70
     0
102
RTVSPropertyOp3
 70
     0
102
RTVSPropertyOp4
 70
     0
102
RTVSPropertyOp5
 70
     0
102
RTVSPropertyOp6
 70
     0
102
RTVSPropertyOp7
 70
     0
102
RTVSPropertyOp8
 70
     0
102
RTVSPropertyOp9
 70
     0
102
RTVSPropertyOp10
 70
     0
102
RTVSPropertyOp11
 70
     0
102
RTVSPropertyOp12
 70
     0
102
RTVSPropertyOp13
 70
     0
102
RTVSPropertyOp14
 70
     2
102
RTVSPropertyOp15
 70
     0
102
RTVSPropertyOp16
 70
     0
102
RTVSPropertyOp17
 70
     0
102
RTVSPropertyOp18
 70
     0
102
RTVSPropertyOp19
 70
     0
102
RTVSPropertyOp20
 70
     0
102
RTVSPropertyOp21
 70
     0
102
RTVSPropertyOp22
 70
     0
102
RTVSPropertyOp23
 70
     0
102
RTVSPropertyOp24
 70
     0
102
RTVSPropertyOp25
 70
     0
102
RTVSPropertyOp26
 70
     0
102
RTVSPropertyOp27
 70
     0
102
RTVSPropertyOp28
 70
     1
102
RTVSPropertyOp29
 70
     1
102
RTVSPropertyOp30
 70
     1
102
RTVSPropertyOp31
 70
     1
102
RTVSPropertyOp32
 70
     1
102
RTVSPropertyOp33
 70
     1
102
RTVSPropertyOp34
 70
     1
102
RTVSPropertyOp35
 70
     1
102
RTVSPropertyOp36
 70
     1
102
RTVSPropertyOp37
 70
     0
102
RTVSPropertyOp38
 70
     0
102
RTVSPropertyOp39
 70
     0
102
RTVSPropertyOp40
 70
     0
102
RTVSPropertyOp41
 70
     0
102
RTVSPropertyOp42
 70
     0
102
RTVSPropertyOp43
 70
     0
102
RTVSPropertyOp44
 70
     0
102
RTVSPropertyOp45
 70
     1
102
RTVSPropertyOp46
 70
     0
102
RTVSPropertyOp47
 70
     0
102
RTVSPropertyOp48
 70
     0
102
RTVSPropertyOp49
 70
     1
102
RTVSPropertyOp50
 70
     0
102
RTVSPropertyOp51
 70
     0
102
RTVSPropertyOp52
 70
     0
102
RTVSPropertyOp53
 70
     0
102
RTVSPropertyOp54
 70
     0
102
RTVSPropertyOp55
 70
     1
102
RTVSPropertyOp56
 70
     0
102
RTVSPropertyOp57
 70
     0
102
RTVSPropertyOp58
 70
     0
102
RTVSPropertyOp59
 70
     0
102
RTVSPropertyOp60
 70
     0
102
RTVSPropertyOp61
 70
     0
102
RTVSPropertyOp62
 70
     0
  0
XRECORD
  5
519
102
{ACAD_REACTORS
330
518
102
}
330
518
100
AcDbXrecord
280
     1
102
RTVSPost2010Prop28
280
     0
102
RTVSPost2010PropOp28
 70
     1
102
RTVSPost2010Prop29
280
     1
102
RTVSPost2010PropOp29
 70
     1
102
RTVSPost2010Prop30
280
     1
102
RTVSPost2010PropOp30
 70
     1
102
RTVSPost2010Prop31
280
     0
102
RTVSPost2010PropOp31
 70
     1
102
RTVSPost2010Prop32
280
     0
102
RTVSPost2010PropOp32
 70
     1
102
RTVSPost2010Prop33
280
     0
102
RTVSPost2010PropOp33
 70
     1
102
RTVSPost2010Prop34
280
     0
102
RTVSPost2010PropOp34
 70
     1
102
RTVSPost2010Prop35
280
     0
102
RTVSPost2010PropOp35
 70
     1
102
RTVSPost2010Prop36
280
     0
102
RTVSPost2010PropOp36
 70
     1
102
RTVSPost2010Prop37
 90
       50
102
RTVSPost2010PropOp37
 70
     1
102
RTVSPost2010Prop38
140
0.0
102
RTVSPost2010PropOp38
 70
     1
102
RTVSPost2010Prop39
140
1.0
102
RTVSPost2010PropOp39
 70
     1
102
RTVSPost2010Prop40
 90
        0
102
RTVSPost2010PropOp40
 70
     1
102
RTVSPost2010Prop41ColorIndex
 90
       18
102
RTVSPost2010Prop41ColorRGB
 90
        0
102
RTVSPost2010PropOp41
 70
     1
102
RTVSPost2010Prop42
 90
       50
102
RTVSPost2010PropOp42
 70
     1
102
RTVSPost2010Prop43
 90
        3
102
RTVSPost2010PropOp43
 70
     1
102
RTVSPost2010Prop44ColorIndex
 90
        5
102
RTVSPost2010Prop44ColorRGB
 90
      255
102
RTVSPost2010PropOp44
 70
     1
102
RTVSPost2010Prop45
280
     0
102
RTVSPost2010PropOp45
 70
     1
102
RTVSPost2010Prop46
 90
       50
102
RTVSPost2010PropOp46
 70
     1
102
RTVSPost2010Prop47
 90
       50
102
RTVSPost2010PropOp47
 70
     1
102
RTVSPost2010Prop48
 90
       50
102
RTVSPost2010PropOp48
 70
     1
102
RTVSPost2010Prop49
280
     0
102
RTVSPost2010PropOp49
 70
     1
102
RTVSPost2010Prop50
 90
       50
102
RTVSPost2010PropOp50
 70
     1
102
RTVSPost2010Prop51ColorIndex
 90
      256
102
RTVSPost2010Prop51ColorRGB
 90
-16777216
102
RTVSPost2010PropOp51
 70
     0
102
RTVSPost2010Prop52
140
1.0
102
RTVSPost2010PropOp52
 70
     0
102
RTVSPost2010Prop53
 90
        2
102
RTVSPost2010PropOp53
 70
     1
102
RTVSPost2010Prop54
  1
strokes_ogs.tif
102
RTVSPost2010PropOp54
 70
     1
102
RTVSPost2010Prop55
280
     0
102
RTVSPost2010PropOp55
 70
     1
102
RTVSPost2010Prop56
140
1.0
102
RTVSPost2010PropOp56
 70
     1
102
RTVSPost2010Prop57
140
1.0
102
RTVSPost2010PropOp57
 70
     1
102
RTVSPropertyOp0
 70
     1
102
RTVSPropertyOp1
 70
     1
102
RTVSPropertyOp2
 70
     1
102
RTVSPropertyOp3
 70
     1
102
RTVSPropertyOp4
 70
     1
102
RTVSPropertyOp5
 70
     1
102
RTVSPropertyOp6
 70
     1
102
RTVSPropertyOp7
 70
     1
102
RTVSPropertyOp8
 70
     1
102
RTVSPropertyOp9
 70
     1
102
RTVSPropertyOp10
 70
     1
102
RTVSPropertyOp11
 70
     1
102
RTVSPropertyOp12
 70
     1
102
RTVSPropertyOp13
 70
     1
102
RTVSPropertyOp14
 70
     1
102
RTVSPropertyOp15
 70
     1
102
RTVSPropertyOp16
 70
     1
102
RTVSPropertyOp17
 70
     1
102
RTVSPropertyOp18
 70
     1
102
RTVSPropertyOp19
 70
     1
102
RTVSPropertyOp20
 70
     1
102
RTVSPropertyOp21
 70
     1
102
RTVSPropertyOp22
 70
     1
102
RTVSPropertyOp23
 70
     1
102
RTVSPropertyOp24
 70
     1
102
RTVSPropertyOp25
 70
     1
102
RTVSPropertyOp26
 70
     1
102
RTVSPropertyOp27
 70
     1
102
RTVSPropertyOp28
 70
     1
102
RTVSPropertyOp29
 70
     1
102
RTVSPropertyOp30
 70
     1
102
RTVSPropertyOp31
 70
     1
102
RTVSPropertyOp32
 70
     1
102
RTVSPropertyOp33
 70
     1
102
RTVSPropertyOp34
 70
     1
102
RTVSPropertyOp35
 70
     1
102
RTVSPropertyOp36
 70
     1
102
RTVSPropertyOp37
 70
     1
102
RTVSPropertyOp38
 70
     1
102
RTVSPropertyOp39
 70
     1
102
RTVSPropertyOp40
 70
     1
102
RTVSPropertyOp41
 70
     1
102
RTVSPropertyOp42
 70
     1
102
RTVSPropertyOp43
 70
     1
102
RTVSPropertyOp44
 70
     1
102
RTVSPropertyOp45
 70
     1
102
RTVSPropertyOp46
 70
     1
102
RTVSPropertyOp47
 70
     1
102
RTVSPropertyOp48
 70
     1
102
RTVSPropertyOp49
 70
     1
102
RTVSPropertyOp50
 70
     1
102
RTVSPropertyOp51
 70
     0
102
RTVSPropertyOp52
 70
     0
102
RTVSPropertyOp53
 70
     1
102
RTVSPropertyOp54
 70
     1
102
RTVSPropertyOp55
 70
     1
102
RTVSPropertyOp56
 70
     1
102
RTVSPropertyOp57
 70
     1
102
RTVSPropertyOp58
 70
     1
102
RTVSPropertyOp59
 70
     1
102
RTVSPropertyOp60
 70
     1
102
RTVSPropertyOp61
 70
     1
102
RTVSPropertyOp62
 70
     1
  0
XRECORD
  5
52B
102
{ACAD_REACTORS
330
52A
102
}
330
52A
100
AcDbXrecord
280
     1
102
RTVSPost2010Prop28
280
     0
102
RTVSPost2010PropOp28
 70
     1
102
RTVSPost2010Prop29
280
     1
102
RTVSPost2010PropOp29
 70
     1
102
RTVSPost2010Prop30
280
     1
102
RTVSPost2010PropOp30
 70
     1
102
RTVSPost2010Prop31
280
     0
102
RTVSPost2010PropOp31
 70
     1
102
RTVSPost2010Prop32
280
     0
102
RTVSPost2010PropOp32
 70
     1
102
RTVSPost2010Prop33
280
     0
102
RTVSPost2010PropOp33
 70
     1
102
RTVSPost2010Prop34
280
     0
102
RTVSPost2010PropOp34
 70
     1
102
RTVSPost2010Prop35
280
     0
102
RTVSPost2010PropOp35
 70
     1
102
RTVSPost2010Prop36
280
     0
102
RTVSPost2010PropOp36
 70
     1
102
RTVSPost2010Prop37
 90
       50
102
RTVSPost2010PropOp37
 70
     0
102
RTVSPost2010Prop38
140
0.0
102
RTVSPost2010PropOp38
 70
     0
102
RTVSPost2010Prop39
140
1.0
102
RTVSPost2010PropOp39
 70
     0
102
RTVSPost2010Prop40
 90
        0
102
RTVSPost2010PropOp40
 70
     0
102
RTVSPost2010Prop41ColorIndex
 90
       18
102
RTVSPost2010Prop41ColorRGB
 90
        0
102
RTVSPost2010PropOp41
 70
     0
102
RTVSPost2010Prop42
 90
       50
102
RTVSPost2010PropOp42
 70
     0
102
RTVSPost2010Prop43
 90
        3
102
RTVSPost2010PropOp43
 70
     0
102
RTVSPost2010Prop44ColorIndex
 90
        5
102
RTVSPost2010Prop44ColorRGB
 90
      255
102
RTVSPost2010PropOp44
 70
     0
102
RTVSPost2010Prop45
280
     0
102
RTVSPost2010PropOp45
 70
     1
102
RTVSPost2010Prop46
 90
       50
102
RTVSPost2010PropOp46
 70
     0
102
RTVSPost2010Prop47
 90
       50
102
RTVSPost2010PropOp47
 70
     0
102
RTVSPost2010Prop48
 90
       50
102
RTVSPost2010PropOp48
 70
     0
102
RTVSPost2010Prop49
280
     0
102
RTVSPost2010PropOp49
 70
     1
102
RTVSPost2010Prop50
 90
       50
102
RTVSPost2010PropOp50
 70
     0
102
RTVSPost2010Prop51ColorIndex
 90
      256
102
RTVSPost2010Prop51ColorRGB
 90
-16777216
102
RTVSPost2010PropOp51
 70
     0
102
RTVSPost2010Prop52
140
1.0
102
RTVSPost2010PropOp52
 70
     0
102
RTVSPost2010Prop53
 90
        2
102
RTVSPost2010PropOp53
 70
     0
102
RTVSPost2010Prop54
  1
strokes_ogs.tif
102
RTVSPost2010PropOp54
 70
     0
102
RTVSPost2010Prop55
280
     0
102
RTVSPost2010PropOp55
 70
     1
102
RTVSPost2010Prop56
140
1.0
102
RTVSPost2010PropOp56
 70
     0
102
RTVSPost2010Prop57
140
1.0
102
RTVSPost2010PropOp57
 70
     0
102
RTVSPropertyOp0
 70
     0
102
RTVSPropertyOp1
 70
     0
102
RTVSPropertyOp2
 70
     0
102
RTVSPropertyOp3
 70
     0
102
RTVSPropertyOp4
 70
     0
102
RTVSPropertyOp5
 70
     0
102
RTVSPropertyOp6
 70
     0
102
RTVSPropertyOp7
 70
     0
102
RTVSPropertyOp8
 70
     0
102
RTVSPropertyOp9
 70
     0
102
RTVSPropertyOp10
 70
     0
102
RTVSPropertyOp11
 70
     0
102
RTVSPropertyOp12
 70
     0
102
RTVSPropertyOp13
 70
     0
102
RTVSPropertyOp14
 70
     2
102
RTVSPropertyOp15
 70
     0
102
RTVSPropertyOp16
 70
     0
102
RTVSPropertyOp17
 70
     0
102
RTVSPropertyOp18
 70
     0
102
RTVSPropertyOp19
 70
     0
102
RTVSPropertyOp20
 70
     0
102
RTVSPropertyOp21
 70
     0
102
RTVSPropertyOp22
 70
     0
102
RTVSPropertyOp23
 70
     0
102
RTVSPropertyOp24
 70
     0
102
RTVSPropertyOp25
 70
     0
102
RTVSPropertyOp26
 70
     0
102
RTVSPropertyOp27
 70
     0
102
RTVSPropertyOp28
 70
     1
102
RTVSPropertyOp29
 70
     1
102
RTVSPropertyOp30
 70
     1
102
RTVSPropertyOp31
 70
     1
102
RTVSPropertyOp32
 70
     1
102
RTVSPropertyOp33
 70
     1
102
RTVSPropertyOp34
 70
     1
102
RTVSPropertyOp35
 70
     1
102
RTVSPropertyOp36
 70
     1
102
RTVSPropertyOp37
 70
     0
102
RTVSPropertyOp38
 70
     0
102
RTVSPropertyOp39
 70
     0
102
RTVSPropertyOp40
 70
     0
102
RTVSPropertyOp41
 70
     0
102
RTVSPropertyOp42
 70
     0
102
RTVSPropertyOp43
 70
     0
102
RTVSPropertyOp44
 70
     0
102
RTVSPropertyOp45
 70
     1
102
RTVSPropertyOp46
 70
     0
102
RTVSPropertyOp47
 70
     0
102
RTVSPropertyOp48
 70
     0
102
RTVSPropertyOp49
 70
     1
102
RTVSPropertyOp50
 70
     0
102
RTVSPropertyOp51
 70
     0
102
RTVSPropertyOp52
 70
     0
102
RTVSPropertyOp53
 70
     0
102
RTVSPropertyOp54
 70
     0
102
RTVSPropertyOp55
 70
     1
102
RTVSPropertyOp56
 70
     0
102
RTVSPropertyOp57
 70
     0
102
RTVSPropertyOp58
 70
     0
102
RTVSPropertyOp59
 70
     0
102
RTVSPropertyOp60
 70
     0
102
RTVSPropertyOp61
 70
     0
102
RTVSPropertyOp62
 70
     0
  0
XRECORD
  5
511
102
{ACAD_REACTORS
330
510
102
}
330
510
100
AcDbXrecord
280
     1
102
RTVSPost2010Prop28
280
     0
102
RTVSPost2010PropOp28
 70
     1
102
RTVSPost2010Prop29
280
     1
102
RTVSPost2010PropOp29
 70
     1
102
RTVSPost2010Prop30
280
     1
102
RTVSPost2010PropOp30
 70
     1
102
RTVSPost2010Prop31
280
     0
102
RTVSPost2010PropOp31
 70
     1
102
RTVSPost2010Prop32
280
     0
102
RTVSPost2010PropOp32
 70
     1
102
RTVSPost2010Prop33
280
     0
102
RTVSPost2010PropOp33
 70
     1
102
RTVSPost2010Prop34
280
     0
102
RTVSPost2010PropOp34
 70
     1
102
RTVSPost2010Prop35
280
     0
102
RTVSPost2010PropOp35
 70
     1
102
RTVSPost2010Prop36
280
     0
102
RTVSPost2010PropOp36
 70
     1
102
RTVSPost2010Prop37
 90
       50
102
RTVSPost2010PropOp37
 70
     1
102
RTVSPost2010Prop38
140
0.0
102
RTVSPost2010PropOp38
 70
     1
102
RTVSPost2010Prop39
140
1.0
102
RTVSPost2010PropOp39
 70
     1
102
RTVSPost2010Prop40
 90
        0
102
RTVSPost2010PropOp40
 70
     1
102
RTVSPost2010Prop41ColorIndex
 90
       18
102
RTVSPost2010Prop41ColorRGB
 90
        0
102
RTVSPost2010PropOp41
 70
     1
102
RTVSPost2010Prop42
 90
       50
102
RTVSPost2010PropOp42
 70
     1
102
RTVSPost2010Prop43
 90
        3
102
RTVSPost2010PropOp43
 70
     1
102
RTVSPost2010Prop44ColorIndex
 90
        5
102
RTVSPost2010Prop44ColorRGB
 90
      255
102
RTVSPost2010PropOp44
 70
     1
102
RTVSPost2010Prop45
280
     0
102
RTVSPost2010PropOp45
 70
     1
102
RTVSPost2010Prop46
 90
       50
102
RTVSPost2010PropOp46
 70
     1
102
RTVSPost2010Prop47
 90
       50
102
RTVSPost2010PropOp47
 70
     1
102
RTVSPost2010Prop48
 90
       50
102
RTVSPost2010PropOp48
 70
     1
102
RTVSPost2010Prop49
280
     0
102
RTVSPost2010PropOp49
 70
     1
102
RTVSPost2010Prop50
 90
       50
102
RTVSPost2010PropOp50
 70
     1
102
RTVSPost2010Prop51ColorIndex
 90
      256
102
RTVSPost2010Prop51ColorRGB
 90
-16777216
102
RTVSPost2010PropOp51
 70
     0
102
RTVSPost2010Prop52
140
1.0
102
RTVSPost2010PropOp52
 70
     0
102
RTVSPost2010Prop53
 90
        2
102
RTVSPost2010PropOp53
 70
     1
102
RTVSPost2010Prop54
  1
strokes_ogs.tif
102
RTVSPost2010PropOp54
 70
     1
102
RTVSPost2010Prop55
280
     0
102
RTVSPost2010PropOp55
 70
     1
102
RTVSPost2010Prop56
140
1.0
102
RTVSPost2010PropOp56
 70
     1
102
RTVSPost2010Prop57
140
1.0
102
RTVSPost2010PropOp57
 70
     1
102
RTVSPropertyOp0
 70
     1
102
RTVSPropertyOp1
 70
     1
102
RTVSPropertyOp2
 70
     1
102
RTVSPropertyOp3
 70
     1
102
RTVSPropertyOp4
 70
     1
102
RTVSPropertyOp5
 70
     1
102
RTVSPropertyOp6
 70
     1
102
RTVSPropertyOp7
 70
     1
102
RTVSPropertyOp8
 70
     1
102
RTVSPropertyOp9
 70
     1
102
RTVSPropertyOp10
 70
     1
102
RTVSPropertyOp11
 70
     1
102
RTVSPropertyOp12
 70
     1
102
RTVSPropertyOp13
 70
     1
102
RTVSPropertyOp14
 70
     1
102
RTVSPropertyOp15
 70
     1
102
RTVSPropertyOp16
 70
     1
102
RTVSPropertyOp17
 70
     1
102
RTVSPropertyOp18
 70
     1
102
RTVSPropertyOp19
 70
     1
102
RTVSPropertyOp20
 70
     1
102
RTVSPropertyOp21
 70
     1
102
RTVSPropertyOp22
 70
     1
102
RTVSPropertyOp23
 70
     1
102
RTVSPropertyOp24
 70
     1
102
RTVSPropertyOp25
 70
     1
102
RTVSPropertyOp26
 70
     1
102
RTVSPropertyOp27
 70
     1
102
RTVSPropertyOp28
 70
     1
102
RTVSPropertyOp29
 70
     1
102
RTVSPropertyOp30
 70
     1
102
RTVSPropertyOp31
 70
     1
102
RTVSPropertyOp32
 70
     1
102
RTVSPropertyOp33
 70
     1
102
RTVSPropertyOp34
 70
     1
102
RTVSPropertyOp35
 70
     1
102
RTVSPropertyOp36
 70
     1
102
RTVSPropertyOp37
 70
     1
102
RTVSPropertyOp38
 70
     1
102
RTVSPropertyOp39
 70
     1
102
RTVSPropertyOp40
 70
     1
102
RTVSPropertyOp41
 70
     1
102
RTVSPropertyOp42
 70
     1
102
RTVSPropertyOp43
 70
     1
102
RTVSPropertyOp44
 70
     1
102
RTVSPropertyOp45
 70
     1
102
RTVSPropertyOp46
 70
     1
102
RTVSPropertyOp47
 70
     1
102
RTVSPropertyOp48
 70
     1
102
RTVSPropertyOp49
 70
     1
102
RTVSPropertyOp50
 70
     1
102
RTVSPropertyOp51
 70
     0
102
RTVSPropertyOp52
 70
     0
102
RTVSPropertyOp53
 70
     1
102
RTVSPropertyOp54
 70
     1
102
RTVSPropertyOp55
 70
     1
102
RTVSPropertyOp56
 70
     1
102
RTVSPropertyOp57
 70
     1
102
RTVSPropertyOp58
 70
     1
102
RTVSPropertyOp59
 70
     1
102
RTVSPropertyOp60
 70
     1
102
RTVSPropertyOp61
 70
     1
102
RTVSPropertyOp62
 70
     1
  0
XRECORD
  5
527
102
{ACAD_REACTORS
330
526
102
}
330
526
100
AcDbXrecord
280
     1
102
RTVSPost2010Prop28
280
     0
102
RTVSPost2010PropOp28
 70
     1
102
RTVSPost2010Prop29
280
     1
102
RTVSPost2010PropOp29
 70
     1
102
RTVSPost2010Prop30
280
     1
102
RTVSPost2010PropOp30
 70
     1
102
RTVSPost2010Prop31
280
     0
102
RTVSPost2010PropOp31
 70
     1
102
RTVSPost2010Prop32
280
     0
102
RTVSPost2010PropOp32
 70
     1
102
RTVSPost2010Prop33
280
     0
102
RTVSPost2010PropOp33
 70
     1
102
RTVSPost2010Prop34
280
     0
102
RTVSPost2010PropOp34
 70
     1
102
RTVSPost2010Prop35
280
     0
102
RTVSPost2010PropOp35
 70
     1
102
RTVSPost2010Prop36
280
     0
102
RTVSPost2010PropOp36
 70
     1
102
RTVSPost2010Prop37
 90
       50
102
RTVSPost2010PropOp37
 70
     1
102
RTVSPost2010Prop38
140
0.0
102
RTVSPost2010PropOp38
 70
     1
102
RTVSPost2010Prop39
140
1.0
102
RTVSPost2010PropOp39
 70
     1
102
RTVSPost2010Prop40
 90
        0
102
RTVSPost2010PropOp40
 70
     1
102
RTVSPost2010Prop41ColorIndex
 90
       18
102
RTVSPost2010Prop41ColorRGB
 90
        0
102
RTVSPost2010PropOp41
 70
     1
102
RTVSPost2010Prop42
 90
       50
102
RTVSPost2010PropOp42
 70
     1
102
RTVSPost2010Prop43
 90
        3
102
RTVSPost2010PropOp43
 70
     1
102
RTVSPost2010Prop44ColorIndex
 90
        5
102
RTVSPost2010Prop44ColorRGB
 90
      255
102
RTVSPost2010PropOp44
 70
     1
102
RTVSPost2010Prop45
280
     0
102
RTVSPost2010PropOp45
 70
     1
102
RTVSPost2010Prop46
 90
       50
102
RTVSPost2010PropOp46
 70
     1
102
RTVSPost2010Prop47
 90
       50
102
RTVSPost2010PropOp47
 70
     1
102
RTVSPost2010Prop48
 90
       50
102
RTVSPost2010PropOp48
 70
     1
102
RTVSPost2010Prop49
280
     0
102
RTVSPost2010PropOp49
 70
     1
102
RTVSPost2010Prop50
 90
       50
102
RTVSPost2010PropOp50
 70
     1
102
RTVSPost2010Prop51ColorIndex
 90
      256
102
RTVSPost2010Prop51ColorRGB
 90
-16777216
102
RTVSPost2010PropOp51
 70
     0
102
RTVSPost2010Prop52
140
1.0
102
RTVSPost2010PropOp52
 70
     0
102
RTVSPost2010Prop53
 90
        2
102
RTVSPost2010PropOp53
 70
     1
102
RTVSPost2010Prop54
  1
strokes_ogs.tif
102
RTVSPost2010PropOp54
 70
     1
102
RTVSPost2010Prop55
280
     0
102
RTVSPost2010PropOp55
 70
     1
102
RTVSPost2010Prop56
140
1.0
102
RTVSPost2010PropOp56
 70
     1
102
RTVSPost2010Prop57
140
1.0
102
RTVSPost2010PropOp57
 70
     1
102
RTVSPropertyOp0
 70
     1
102
RTVSPropertyOp1
 70
     1
102
RTVSPropertyOp2
 70
     1
102
RTVSPropertyOp3
 70
     1
102
RTVSPropertyOp4
 70
     1
102
RTVSPropertyOp5
 70
     1
102
RTVSPropertyOp6
 70
     1
102
RTVSPropertyOp7
 70
     1
102
RTVSPropertyOp8
 70
     1
102
RTVSPropertyOp9
 70
     1
102
RTVSPropertyOp10
 70
     1
102
RTVSPropertyOp11
 70
     1
102
RTVSPropertyOp12
 70
     1
102
RTVSPropertyOp13
 70
     1
102
RTVSPropertyOp14
 70
     1
102
RTVSPropertyOp15
 70
     1
102
RTVSPropertyOp16
 70
     1
102
RTVSPropertyOp17
 70
     1
102
RTVSPropertyOp18
 70
     1
102
RTVSPropertyOp19
 70
     1
102
RTVSPropertyOp20
 70
     1
102
RTVSPropertyOp21
 70
     1
102
RTVSPropertyOp22
 70
     1
102
RTVSPropertyOp23
 70
     1
102
RTVSPropertyOp24
 70
     1
102
RTVSPropertyOp25
 70
     1
102
RTVSPropertyOp26
 70
     1
102
RTVSPropertyOp27
 70
     1
102
RTVSPropertyOp28
 70
     1
102
RTVSPropertyOp29
 70
     1
102
RTVSPropertyOp30
 70
     1
102
RTVSPropertyOp31
 70
     1
102
RTVSPropertyOp32
 70
     1
102
RTVSPropertyOp33
 70
     1
102
RTVSPropertyOp34
 70
     1
102
RTVSPropertyOp35
 70
     1
102
RTVSPropertyOp36
 70
     1
102
RTVSPropertyOp37
 70
     1
102
RTVSPropertyOp38
 70
     1
102
RTVSPropertyOp39
 70
     1
102
RTVSPropertyOp40
 70
     1
102
RTVSPropertyOp41
 70
     1
102
RTVSPropertyOp42
 70
     1
102
RTVSPropertyOp43
 70
     1
102
RTVSPropertyOp44
 70
     1
102
RTVSPropertyOp45
 70
     1
102
RTVSPropertyOp46
 70
     1
102
RTVSPropertyOp47
 70
     1
102
RTVSPropertyOp48
 70
     1
102
RTVSPropertyOp49
 70
     1
102
RTVSPropertyOp50
 70
     1
102
RTVSPropertyOp51
 70
     0
102
RTVSPropertyOp52
 70
     0
102
RTVSPropertyOp53
 70
     1
102
RTVSPropertyOp54
 70
     1
102
RTVSPropertyOp55
 70
     1
102
RTVSPropertyOp56
 70
     1
102
RTVSPropertyOp57
 70
     1
102
RTVSPropertyOp58
 70
     1
102
RTVSPropertyOp59
 70
     1
102
RTVSPropertyOp60
 70
     1
102
RTVSPropertyOp61
 70
     1
102
RTVSPropertyOp62
 70
     1
  0
XRECORD
  5
525
102
{ACAD_REACTORS
330
524
102
}
330
524
100
AcDbXrecord
280
     1
102
RTVSPost2010Prop28
280
     0
102
RTVSPost2010PropOp28
 70
     1
102
RTVSPost2010Prop29
280
     1
102
RTVSPost2010PropOp29
 70
     1
102
RTVSPost2010Prop30
280
     1
102
RTVSPost2010PropOp30
 70
     1
102
RTVSPost2010Prop31
280
     0
102
RTVSPost2010PropOp31
 70
     1
102
RTVSPost2010Prop32
280
     0
102
RTVSPost2010PropOp32
 70
     1
102
RTVSPost2010Prop33
280
     0
102
RTVSPost2010PropOp33
 70
     1
102
RTVSPost2010Prop34
280
     0
102
RTVSPost2010PropOp34
 70
     1
102
RTVSPost2010Prop35
280
     0
102
RTVSPost2010PropOp35
 70
     1
102
RTVSPost2010Prop36
280
     0
102
RTVSPost2010PropOp36
 70
     1
102
RTVSPost2010Prop37
 90
       50
102
RTVSPost2010PropOp37
 70
     1
102
RTVSPost2010Prop38
140
0.0
102
RTVSPost2010PropOp38
 70
     1
102
RTVSPost2010Prop39
140
1.0
102
RTVSPost2010PropOp39
 70
     1
102
RTVSPost2010Prop40
 90
        0
102
RTVSPost2010PropOp40
 70
     1
102
RTVSPost2010Prop41ColorIndex
 90
       18
102
RTVSPost2010Prop41ColorRGB
 90
        0
102
RTVSPost2010PropOp41
 70
     1
102
RTVSPost2010Prop42
 90
       50
102
RTVSPost2010PropOp42
 70
     1
102
RTVSPost2010Prop43
 90
        3
102
RTVSPost2010PropOp43
 70
     1
102
RTVSPost2010Prop44ColorIndex
 90
        5
102
RTVSPost2010Prop44ColorRGB
 90
      255
102
RTVSPost2010PropOp44
 70
     1
102
RTVSPost2010Prop45
280
     0
102
RTVSPost2010PropOp45
 70
     1
102
RTVSPost2010Prop46
 90
       50
102
RTVSPost2010PropOp46
 70
     1
102
RTVSPost2010Prop47
 90
       50
102
RTVSPost2010PropOp47
 70
     1
102
RTVSPost2010Prop48
 90
       50
102
RTVSPost2010PropOp48
 70
     1
102
RTVSPost2010Prop49
280
     0
102
RTVSPost2010PropOp49
 70
     1
102
RTVSPost2010Prop50
 90
       50
102
RTVSPost2010PropOp50
 70
     1
102
RTVSPost2010Prop51ColorIndex
 90
      256
102
RTVSPost2010Prop51ColorRGB
 90
-16777216
102
RTVSPost2010PropOp51
 70
     0
102
RTVSPost2010Prop52
140
1.0
102
RTVSPost2010PropOp52
 70
     0
102
RTVSPost2010Prop53
 90
        2
102
RTVSPost2010PropOp53
 70
     1
102
RTVSPost2010Prop54
  1
strokes_ogs.tif
102
RTVSPost2010PropOp54
 70
     1
102
RTVSPost2010Prop55
280
     0
102
RTVSPost2010PropOp55
 70
     1
102
RTVSPost2010Prop56
140
1.0
102
RTVSPost2010PropOp56
 70
     1
102
RTVSPost2010Prop57
140
1.0
102
RTVSPost2010PropOp57
 70
     1
102
RTVSPropertyOp0
 70
     1
102
RTVSPropertyOp1
 70
     1
102
RTVSPropertyOp2
 70
     1
102
RTVSPropertyOp3
 70
     1
102
RTVSPropertyOp4
 70
     1
102
RTVSPropertyOp5
 70
     1
102
RTVSPropertyOp6
 70
     1
102
RTVSPropertyOp7
 70
     1
102
RTVSPropertyOp8
 70
     1
102
RTVSPropertyOp9
 70
     1
102
RTVSPropertyOp10
 70
     1
102
RTVSPropertyOp11
 70
     1
102
RTVSPropertyOp12
 70
     1
102
RTVSPropertyOp13
 70
     1
102
RTVSPropertyOp14
 70
     1
102
RTVSPropertyOp15
 70
     1
102
RTVSPropertyOp16
 70
     1
102
RTVSPropertyOp17
 70
     1
102
RTVSPropertyOp18
 70
     1
102
RTVSPropertyOp19
 70
     1
102
RTVSPropertyOp20
 70
     1
102
RTVSPropertyOp21
 70
     1
102
RTVSPropertyOp22
 70
     1
102
RTVSPropertyOp23
 70
     1
102
RTVSPropertyOp24
 70
     1
102
RTVSPropertyOp25
 70
     1
102
RTVSPropertyOp26
 70
     1
102
RTVSPropertyOp27
 70
     1
102
RTVSPropertyOp28
 70
     1
102
RTVSPropertyOp29
 70
     1
102
RTVSPropertyOp30
 70
     1
102
RTVSPropertyOp31
 70
     1
102
RTVSPropertyOp32
 70
     1
102
RTVSPropertyOp33
 70
     1
102
RTVSPropertyOp34
 70
     1
102
RTVSPropertyOp35
 70
     1
102
RTVSPropertyOp36
 70
     1
102
RTVSPropertyOp37
 70
     1
102
RTVSPropertyOp38
 70
     1
102
RTVSPropertyOp39
 70
     1
102
RTVSPropertyOp40
 70
     1
102
RTVSPropertyOp41
 70
     1
102
RTVSPropertyOp42
 70
     1
102
RTVSPropertyOp43
 70
     1
102
RTVSPropertyOp44
 70
     1
102
RTVSPropertyOp45
 70
     1
102
RTVSPropertyOp46
 70
     1
102
RTVSPropertyOp47
 70
     1
102
RTVSPropertyOp48
 70
     1
102
RTVSPropertyOp49
 70
     1
102
RTVSPropertyOp50
 70
     1
102
RTVSPropertyOp51
 70
     0
102
RTVSPropertyOp52
 70
     0
102
RTVSPropertyOp53
 70
     1
102
RTVSPropertyOp54
 70
     1
102
RTVSPropertyOp55
 70
     1
102
RTVSPropertyOp56
 70
     1
102
RTVSPropertyOp57
 70
     1
102
RTVSPropertyOp58
 70
     1
102
RTVSPropertyOp59
 70
     1
102
RTVSPropertyOp60
 70
     1
102
RTVSPropertyOp61
 70
     1
102
RTVSPropertyOp62
 70
     1
  0
XRECORD
  5
51F
102
{ACAD_REACTORS
330
51E
102
}
330
51E
100
AcDbXrecord
280
     1
102
RTVSPost2010Prop28
280
     0
102
RTVSPost2010PropOp28
 70
     1
102
RTVSPost2010Prop29
280
     1
102
RTVSPost2010PropOp29
 70
     1
102
RTVSPost2010Prop30
280
     1
102
RTVSPost2010PropOp30
 70
     1
102
RTVSPost2010Prop31
280
     0
102
RTVSPost2010PropOp31
 70
     1
102
RTVSPost2010Prop32
280
     0
102
RTVSPost2010PropOp32
 70
     1
102
RTVSPost2010Prop33
280
     0
102
RTVSPost2010PropOp33
 70
     1
102
RTVSPost2010Prop34
280
     0
102
RTVSPost2010PropOp34
 70
     1
102
RTVSPost2010Prop35
280
     0
102
RTVSPost2010PropOp35
 70
     1
102
RTVSPost2010Prop36
280
     0
102
RTVSPost2010PropOp36
 70
     1
102
RTVSPost2010Prop37
 90
       50
102
RTVSPost2010PropOp37
 70
     1
102
RTVSPost2010Prop38
140
0.0
102
RTVSPost2010PropOp38
 70
     1
102
RTVSPost2010Prop39
140
1.0
102
RTVSPost2010PropOp39
 70
     1
102
RTVSPost2010Prop40
 90
        0
102
RTVSPost2010PropOp40
 70
     1
102
RTVSPost2010Prop41ColorIndex
 90
       18
102
RTVSPost2010Prop41ColorRGB
 90
        0
102
RTVSPost2010PropOp41
 70
     1
102
RTVSPost2010Prop42
 90
       50
102
RTVSPost2010PropOp42
 70
     1
102
RTVSPost2010Prop43
 90
        3
102
RTVSPost2010PropOp43
 70
     1
102
RTVSPost2010Prop44ColorIndex
 90
        5
102
RTVSPost2010Prop44ColorRGB
 90
      255
102
RTVSPost2010PropOp44
 70
     1
102
RTVSPost2010Prop45
280
     0
102
RTVSPost2010PropOp45
 70
     1
102
RTVSPost2010Prop46
 90
       50
102
RTVSPost2010PropOp46
 70
     1
102
RTVSPost2010Prop47
 90
       50
102
RTVSPost2010PropOp47
 70
     1
102
RTVSPost2010Prop48
 90
       50
102
RTVSPost2010PropOp48
 70
     1
102
RTVSPost2010Prop49
280
     0
102
RTVSPost2010PropOp49
 70
     1
102
RTVSPost2010Prop50
 90
       50
102
RTVSPost2010PropOp50
 70
     1
102
RTVSPost2010Prop51ColorIndex
 90
      256
102
RTVSPost2010Prop51ColorRGB
 90
-16777216
102
RTVSPost2010PropOp51
 70
     0
102
RTVSPost2010Prop52
140
1.0
102
RTVSPost2010PropOp52
 70
     0
102
RTVSPost2010Prop53
 90
        2
102
RTVSPost2010PropOp53
 70
     1
102
RTVSPost2010Prop54
  1
strokes_ogs.tif
102
RTVSPost2010PropOp54
 70
     1
102
RTVSPost2010Prop55
280
     0
102
RTVSPost2010PropOp55
 70
     1
102
RTVSPost2010Prop56
140
1.0
102
RTVSPost2010PropOp56
 70
     1
102
RTVSPost2010Prop57
140
1.0
102
RTVSPost2010PropOp57
 70
     1
102
RTVSPropertyOp0
 70
     1
102
RTVSPropertyOp1
 70
     1
102
RTVSPropertyOp2
 70
     1
102
RTVSPropertyOp3
 70
     1
102
RTVSPropertyOp4
 70
     1
102
RTVSPropertyOp5
 70
     1
102
RTVSPropertyOp6
 70
     1
102
RTVSPropertyOp7
 70
     1
102
RTVSPropertyOp8
 70
     1
102
RTVSPropertyOp9
 70
     1
102
RTVSPropertyOp10
 70
     1
102
RTVSPropertyOp11
 70
     1
102
RTVSPropertyOp12
 70
     1
102
RTVSPropertyOp13
 70
     1
102
RTVSPropertyOp14
 70
     1
102
RTVSPropertyOp15
 70
     1
102
RTVSPropertyOp16
 70
     1
102
RTVSPropertyOp17
 70
     1
102
RTVSPropertyOp18
 70
     1
102
RTVSPropertyOp19
 70
     1
102
RTVSPropertyOp20
 70
     1
102
RTVSPropertyOp21
 70
     1
102
RTVSPropertyOp22
 70
     1
102
RTVSPropertyOp23
 70
     1
102
RTVSPropertyOp24
 70
     1
102
RTVSPropertyOp25
 70
     1
102
RTVSPropertyOp26
 70
     1
102
RTVSPropertyOp27
 70
     1
102
RTVSPropertyOp28
 70
     1
102
RTVSPropertyOp29
 70
     1
102
RTVSPropertyOp30
 70
     1
102
RTVSPropertyOp31
 70
     1
102
RTVSPropertyOp32
 70
     1
102
RTVSPropertyOp33
 70
     1
102
RTVSPropertyOp34
 70
     1
102
RTVSPropertyOp35
 70
     1
102
RTVSPropertyOp36
 70
     1
102
RTVSPropertyOp37
 70
     1
102
RTVSPropertyOp38
 70
     1
102
RTVSPropertyOp39
 70
     1
102
RTVSPropertyOp40
 70
     1
102
RTVSPropertyOp41
 70
     1
102
RTVSPropertyOp42
 70
     1
102
RTVSPropertyOp43
 70
     1
102
RTVSPropertyOp44
 70
     1
102
RTVSPropertyOp45
 70
     1
102
RTVSPropertyOp46
 70
     1
102
RTVSPropertyOp47
 70
     1
102
RTVSPropertyOp48
 70
     1
102
RTVSPropertyOp49
 70
     1
102
RTVSPropertyOp50
 70
     1
102
RTVSPropertyOp51
 70
     0
102
RTVSPropertyOp52
 70
     0
102
RTVSPropertyOp53
 70
     1
102
RTVSPropertyOp54
 70
     1
102
RTVSPropertyOp55
 70
     1
102
RTVSPropertyOp56
 70
     1
102
RTVSPropertyOp57
 70
     1
102
RTVSPropertyOp58
 70
     1
102
RTVSPropertyOp59
 70
     1
102
RTVSPropertyOp60
 70
     1
102
RTVSPropertyOp61
 70
     1
102
RTVSPropertyOp62
 70
     1
  0
XRECORD
  5
521
102
{ACAD_REACTORS
330
520
102
}
330
520
100
AcDbXrecord
280
     1
102
RTVSPost2010Prop28
280
     0
102
RTVSPost2010PropOp28
 70
     1
102
RTVSPost2010Prop29
280
     1
102
RTVSPost2010PropOp29
 70
     1
102
RTVSPost2010Prop30
280
     1
102
RTVSPost2010PropOp30
 70
     1
102
RTVSPost2010Prop31
280
     0
102
RTVSPost2010PropOp31
 70
     1
102
RTVSPost2010Prop32
280
     0
102
RTVSPost2010PropOp32
 70
     1
102
RTVSPost2010Prop33
280
     0
102
RTVSPost2010PropOp33
 70
     1
102
RTVSPost2010Prop34
280
     0
102
RTVSPost2010PropOp34
 70
     1
102
RTVSPost2010Prop35
280
     0
102
RTVSPost2010PropOp35
 70
     1
102
RTVSPost2010Prop36
280
     0
102
RTVSPost2010PropOp36
 70
     1
102
RTVSPost2010Prop37
 90
       50
102
RTVSPost2010PropOp37
 70
     1
102
RTVSPost2010Prop38
140
0.0
102
RTVSPost2010PropOp38
 70
     1
102
RTVSPost2010Prop39
140
1.0
102
RTVSPost2010PropOp39
 70
     1
102
RTVSPost2010Prop40
 90
        0
102
RTVSPost2010PropOp40
 70
     1
102
RTVSPost2010Prop41ColorIndex
 90
       18
102
RTVSPost2010Prop41ColorRGB
 90
        0
102
RTVSPost2010PropOp41
 70
     1
102
RTVSPost2010Prop42
 90
       50
102
RTVSPost2010PropOp42
 70
     1
102
RTVSPost2010Prop43
 90
        3
102
RTVSPost2010PropOp43
 70
     1
102
RTVSPost2010Prop44ColorIndex
 90
        5
102
RTVSPost2010Prop44ColorRGB
 90
      255
102
RTVSPost2010PropOp44
 70
     1
102
RTVSPost2010Prop45
280
     0
102
RTVSPost2010PropOp45
 70
     1
102
RTVSPost2010Prop46
 90
       50
102
RTVSPost2010PropOp46
 70
     1
102
RTVSPost2010Prop47
 90
       50
102
RTVSPost2010PropOp47
 70
     1
102
RTVSPost2010Prop48
 90
       50
102
RTVSPost2010PropOp48
 70
     1
102
RTVSPost2010Prop49
280
     0
102
RTVSPost2010PropOp49
 70
     1
102
RTVSPost2010Prop50
 90
       50
102
RTVSPost2010PropOp50
 70
     1
102
RTVSPost2010Prop51ColorIndex
 90
      256
102
RTVSPost2010Prop51ColorRGB
 90
-16777216
102
RTVSPost2010PropOp51
 70
     0
102
RTVSPost2010Prop52
140
1.0
102
RTVSPost2010PropOp52
 70
     0
102
RTVSPost2010Prop53
 90
        2
102
RTVSPost2010PropOp53
 70
     1
102
RTVSPost2010Prop54
  1
strokes_ogs.tif
102
RTVSPost2010PropOp54
 70
     1
102
RTVSPost2010Prop55
280
     0
102
RTVSPost2010PropOp55
 70
     1
102
RTVSPost2010Prop56
140
1.0
102
RTVSPost2010PropOp56
 70
     1
102
RTVSPost2010Prop57
140
1.0
102
RTVSPost2010PropOp57
 70
     1
102
RTVSPropertyOp0
 70
     1
102
RTVSPropertyOp1
 70
     1
102
RTVSPropertyOp2
 70
     1
102
RTVSPropertyOp3
 70
     1
102
RTVSPropertyOp4
 70
     1
102
RTVSPropertyOp5
 70
     1
102
RTVSPropertyOp6
 70
     1
102
RTVSPropertyOp7
 70
     1
102
RTVSPropertyOp8
 70
     1
102
RTVSPropertyOp9
 70
     1
102
RTVSPropertyOp10
 70
     1
102
RTVSPropertyOp11
 70
     1
102
RTVSPropertyOp12
 70
     1
102
RTVSPropertyOp13
 70
     1
102
RTVSPropertyOp14
 70
     1
102
RTVSPropertyOp15
 70
     1
102
RTVSPropertyOp16
 70
     1
102
RTVSPropertyOp17
 70
     1
102
RTVSPropertyOp18
 70
     1
102
RTVSPropertyOp19
 70
     1
102
RTVSPropertyOp20
 70
     1
102
RTVSPropertyOp21
 70
     1
102
RTVSPropertyOp22
 70
     1
102
RTVSPropertyOp23
 70
     1
102
RTVSPropertyOp24
 70
     1
102
RTVSPropertyOp25
 70
     1
102
RTVSPropertyOp26
 70
     1
102
RTVSPropertyOp27
 70
     1
102
RTVSPropertyOp28
 70
     1
102
RTVSPropertyOp29
 70
     1
102
RTVSPropertyOp30
 70
     1
102
RTVSPropertyOp31
 70
     1
102
RTVSPropertyOp32
 70
     1
102
RTVSPropertyOp33
 70
     1
102
RTVSPropertyOp34
 70
     1
102
RTVSPropertyOp35
 70
     1
102
RTVSPropertyOp36
 70
     1
102
RTVSPropertyOp37
 70
     1
102
RTVSPropertyOp38
 70
     1
102
RTVSPropertyOp39
 70
     1
102
RTVSPropertyOp40
 70
     1
102
RTVSPropertyOp41
 70
     1
102
RTVSPropertyOp42
 70
     1
102
RTVSPropertyOp43
 70
     1
102
RTVSPropertyOp44
 70
     1
102
RTVSPropertyOp45
 70
     1
102
RTVSPropertyOp46
 70
     1
102
RTVSPropertyOp47
 70
     1
102
RTVSPropertyOp48
 70
     1
102
RTVSPropertyOp49
 70
     1
102
RTVSPropertyOp50
 70
     1
102
RTVSPropertyOp51
 70
     0
102
RTVSPropertyOp52
 70
     0
102
RTVSPropertyOp53
 70
     1
102
RTVSPropertyOp54
 70
     1
102
RTVSPropertyOp55
 70
     1
102
RTVSPropertyOp56
 70
     1
102
RTVSPropertyOp57
 70
     1
102
RTVSPropertyOp58
 70
     1
102
RTVSPropertyOp59
 70
     1
102
RTVSPropertyOp60
 70
     1
102
RTVSPropertyOp61
 70
     1
102
RTVSPropertyOp62
 70
     1
  0
XRECORD
  5
517
102
{ACAD_REACTORS
330
516
102
}
330
516
100
AcDbXrecord
280
     1
102
RTVSPost2010Prop28
280
     0
102
RTVSPost2010PropOp28
 70
     1
102
RTVSPost2010Prop29
280
     1
102
RTVSPost2010PropOp29
 70
     1
102
RTVSPost2010Prop30
280
     1
102
RTVSPost2010PropOp30
 70
     1
102
RTVSPost2010Prop31
280
     0
102
RTVSPost2010PropOp31
 70
     1
102
RTVSPost2010Prop32
280
     0
102
RTVSPost2010PropOp32
 70
     1
102
RTVSPost2010Prop33
280
     0
102
RTVSPost2010PropOp33
 70
     1
102
RTVSPost2010Prop34
280
     0
102
RTVSPost2010PropOp34
 70
     1
102
RTVSPost2010Prop35
280
     0
102
RTVSPost2010PropOp35
 70
     1
102
RTVSPost2010Prop36
280
     0
102
RTVSPost2010PropOp36
 70
     1
102
RTVSPost2010Prop37
 90
       50
102
RTVSPost2010PropOp37
 70
     1
102
RTVSPost2010Prop38
140
0.0
102
RTVSPost2010PropOp38
 70
     1
102
RTVSPost2010Prop39
140
1.0
102
RTVSPost2010PropOp39
 70
     1
102
RTVSPost2010Prop40
 90
        0
102
RTVSPost2010PropOp40
 70
     1
102
RTVSPost2010Prop41ColorIndex
 90
       18
102
RTVSPost2010Prop41ColorRGB
 90
        0
102
RTVSPost2010PropOp41
 70
     1
102
RTVSPost2010Prop42
 90
       50
102
RTVSPost2010PropOp42
 70
     1
102
RTVSPost2010Prop43
 90
        3
102
RTVSPost2010PropOp43
 70
     1
102
RTVSPost2010Prop44ColorIndex
 90
        5
102
RTVSPost2010Prop44ColorRGB
 90
      255
102
RTVSPost2010PropOp44
 70
     1
102
RTVSPost2010Prop45
280
     0
102
RTVSPost2010PropOp45
 70
     1
102
RTVSPost2010Prop46
 90
       50
102
RTVSPost2010PropOp46
 70
     1
102
RTVSPost2010Prop47
 90
       50
102
RTVSPost2010PropOp47
 70
     1
102
RTVSPost2010Prop48
 90
       50
102
RTVSPost2010PropOp48
 70
     1
102
RTVSPost2010Prop49
280
     0
102
RTVSPost2010PropOp49
 70
     1
102
RTVSPost2010Prop50
 90
       50
102
RTVSPost2010PropOp50
 70
     1
102
RTVSPost2010Prop51ColorIndex
 90
      256
102
RTVSPost2010Prop51ColorRGB
 90
-16777216
102
RTVSPost2010PropOp51
 70
     0
102
RTVSPost2010Prop52
140
1.0
102
RTVSPost2010PropOp52
 70
     0
102
RTVSPost2010Prop53
 90
        2
102
RTVSPost2010PropOp53
 70
     1
102
RTVSPost2010Prop54
  1
strokes_ogs.tif
102
RTVSPost2010PropOp54
 70
     1
102
RTVSPost2010Prop55
280
     0
102
RTVSPost2010PropOp55
 70
     1
102
RTVSPost2010Prop56
140
1.0
102
RTVSPost2010PropOp56
 70
     1
102
RTVSPost2010Prop57
140
1.0
102
RTVSPost2010PropOp57
 70
     1
102
RTVSPropertyOp0
 70
     1
102
RTVSPropertyOp1
 70
     1
102
RTVSPropertyOp2
 70
     1
102
RTVSPropertyOp3
 70
     1
102
RTVSPropertyOp4
 70
     1
102
RTVSPropertyOp5
 70
     1
102
RTVSPropertyOp6
 70
     1
102
RTVSPropertyOp7
 70
     1
102
RTVSPropertyOp8
 70
     1
102
RTVSPropertyOp9
 70
     1
102
RTVSPropertyOp10
 70
     1
102
RTVSPropertyOp11
 70
     1
102
RTVSPropertyOp12
 70
     1
102
RTVSPropertyOp13
 70
     1
102
RTVSPropertyOp14
 70
     1
102
RTVSPropertyOp15
 70
     1
102
RTVSPropertyOp16
 70
     1
102
RTVSPropertyOp17
 70
     1
102
RTVSPropertyOp18
 70
     1
102
RTVSPropertyOp19
 70
     1
102
RTVSPropertyOp20
 70
     1
102
RTVSPropertyOp21
 70
     1
102
RTVSPropertyOp22
 70
     1
102
RTVSPropertyOp23
 70
     1
102
RTVSPropertyOp24
 70
     1
102
RTVSPropertyOp25
 70
     1
102
RTVSPropertyOp26
 70
     1
102
RTVSPropertyOp27
 70
     1
102
RTVSPropertyOp28
 70
     1
102
RTVSPropertyOp29
 70
     1
102
RTVSPropertyOp30
 70
     1
102
RTVSPropertyOp31
 70
     1
102
RTVSPropertyOp32
 70
     1
102
RTVSPropertyOp33
 70
     1
102
RTVSPropertyOp34
 70
     1
102
RTVSPropertyOp35
 70
     1
102
RTVSPropertyOp36
 70
     1
102
RTVSPropertyOp37
 70
     1
102
RTVSPropertyOp38
 70
     1
102
RTVSPropertyOp39
 70
     1
102
RTVSPropertyOp40
 70
     1
102
RTVSPropertyOp41
 70
     1
102
RTVSPropertyOp42
 70
     1
102
RTVSPropertyOp43
 70
     1
102
RTVSPropertyOp44
 70
     1
102
RTVSPropertyOp45
 70
     1
102
RTVSPropertyOp46
 70
     1
102
RTVSPropertyOp47
 70
     1
102
RTVSPropertyOp48
 70
     1
102
RTVSPropertyOp49
 70
     1
102
RTVSPropertyOp50
 70
     1
102
RTVSPropertyOp51
 70
     0
102
RTVSPropertyOp52
 70
     0
102
RTVSPropertyOp53
 70
     1
102
RTVSPropertyOp54
 70
     1
102
RTVSPropertyOp55
 70
     1
102
RTVSPropertyOp56
 70
     1
102
RTVSPropertyOp57
 70
     1
102
RTVSPropertyOp58
 70
     1
102
RTVSPropertyOp59
 70
     1
102
RTVSPropertyOp60
 70
     1
102
RTVSPropertyOp61
 70
     1
102
RTVSPropertyOp62
 70
     1
  0
XRECORD
  5
50B
102
{ACAD_REACTORS
330
50A
102
}
330
50A
100
AcDbXrecord
280
     1
102
RTVSPost2010Prop28
280
     0
102
RTVSPost2010PropOp28
 70
     1
102
RTVSPost2010Prop29
280
     1
102
RTVSPost2010PropOp29
 70
     1
102
RTVSPost2010Prop30
280
     1
102
RTVSPost2010PropOp30
 70
     1
102
RTVSPost2010Prop31
280
     0
102
RTVSPost2010PropOp31
 70
     1
102
RTVSPost2010Prop32
280
     0
102
RTVSPost2010PropOp32
 70
     1
102
RTVSPost2010Prop33
280
     0
102
RTVSPost2010PropOp33
 70
     1
102
RTVSPost2010Prop34
280
     0
102
RTVSPost2010PropOp34
 70
     1
102
RTVSPost2010Prop35
280
     0
102
RTVSPost2010PropOp35
 70
     1
102
RTVSPost2010Prop36
280
     0
102
RTVSPost2010PropOp36
 70
     1
102
RTVSPost2010Prop37
 90
       50
102
RTVSPost2010PropOp37
 70
     1
102
RTVSPost2010Prop38
140
0.0
102
RTVSPost2010PropOp38
 70
     1
102
RTVSPost2010Prop39
140
1.0
102
RTVSPost2010PropOp39
 70
     1
102
RTVSPost2010Prop40
 90
        0
102
RTVSPost2010PropOp40
 70
     1
102
RTVSPost2010Prop41ColorIndex
 90
       18
102
RTVSPost2010Prop41ColorRGB
 90
        0
102
RTVSPost2010PropOp41
 70
     1
102
RTVSPost2010Prop42
 90
       50
102
RTVSPost2010PropOp42
 70
     1
102
RTVSPost2010Prop43
 90
        3
102
RTVSPost2010PropOp43
 70
     1
102
RTVSPost2010Prop44ColorIndex
 90
        5
102
RTVSPost2010Prop44ColorRGB
 90
      255
102
RTVSPost2010PropOp44
 70
     1
102
RTVSPost2010Prop45
280
     0
102
RTVSPost2010PropOp45
 70
     1
102
RTVSPost2010Prop46
 90
       50
102
RTVSPost2010PropOp46
 70
     1
102
RTVSPost2010Prop47
 90
       50
102
RTVSPost2010PropOp47
 70
     1
102
RTVSPost2010Prop48
 90
       50
102
RTVSPost2010PropOp48
 70
     1
102
RTVSPost2010Prop49
280
     0
102
RTVSPost2010PropOp49
 70
     1
102
RTVSPost2010Prop50
 90
       50
102
RTVSPost2010PropOp50
 70
     1
102
RTVSPost2010Prop51ColorIndex
 90
      256
102
RTVSPost2010Prop51ColorRGB
 90
-16777216
102
RTVSPost2010PropOp51
 70
     0
102
RTVSPost2010Prop52
140
1.0
102
RTVSPost2010PropOp52
 70
     0
102
RTVSPost2010Prop53
 90
        2
102
RTVSPost2010PropOp53
 70
     1
102
RTVSPost2010Prop54
  1
strokes_ogs.tif
102
RTVSPost2010PropOp54
 70
     1
102
RTVSPost2010Prop55
280
     0
102
RTVSPost2010PropOp55
 70
     1
102
RTVSPost2010Prop56
140
1.0
102
RTVSPost2010PropOp56
 70
     1
102
RTVSPost2010Prop57
140
1.0
102
RTVSPost2010PropOp57
 70
     1
102
RTVSPropertyOp0
 70
     1
102
RTVSPropertyOp1
 70
     1
102
RTVSPropertyOp2
 70
     1
102
RTVSPropertyOp3
 70
     1
102
RTVSPropertyOp4
 70
     1
102
RTVSPropertyOp5
 70
     1
102
RTVSPropertyOp6
 70
     1
102
RTVSPropertyOp7
 70
     1
102
RTVSPropertyOp8
 70
     1
102
RTVSPropertyOp9
 70
     1
102
RTVSPropertyOp10
 70
     1
102
RTVSPropertyOp11
 70
     1
102
RTVSPropertyOp12
 70
     1
102
RTVSPropertyOp13
 70
     1
102
RTVSPropertyOp14
 70
     1
102
RTVSPropertyOp15
 70
     1
102
RTVSPropertyOp16
 70
     1
102
RTVSPropertyOp17
 70
     1
102
RTVSPropertyOp18
 70
     1
102
RTVSPropertyOp19
 70
     1
102
RTVSPropertyOp20
 70
     1
102
RTVSPropertyOp21
 70
     1
102
RTVSPropertyOp22
 70
     1
102
RTVSPropertyOp23
 70
     1
102
RTVSPropertyOp24
 70
     1
102
RTVSPropertyOp25
 70
     1
102
RTVSPropertyOp26
 70
     1
102
RTVSPropertyOp27
 70
     1
102
RTVSPropertyOp28
 70
     1
102
RTVSPropertyOp29
 70
     1
102
RTVSPropertyOp30
 70
     1
102
RTVSPropertyOp31
 70
     1
102
RTVSPropertyOp32
 70
     1
102
RTVSPropertyOp33
 70
     1
102
RTVSPropertyOp34
 70
     1
102
RTVSPropertyOp35
 70
     1
102
RTVSPropertyOp36
 70
     1
102
RTVSPropertyOp37
 70
     1
102
RTVSPropertyOp38
 70
     1
102
RTVSPropertyOp39
 70
     1
102
RTVSPropertyOp40
 70
     1
102
RTVSPropertyOp41
 70
     1
102
RTVSPropertyOp42
 70
     1
102
RTVSPropertyOp43
 70
     1
102
RTVSPropertyOp44
 70
     1
102
RTVSPropertyOp45
 70
     1
102
RTVSPropertyOp46
 70
     1
102
RTVSPropertyOp47
 70
     1
102
RTVSPropertyOp48
 70
     1
102
RTVSPropertyOp49
 70
     1
102
RTVSPropertyOp50
 70
     1
102
RTVSPropertyOp51
 70
     0
102
RTVSPropertyOp52
 70
     0
102
RTVSPropertyOp53
 70
     1
102
RTVSPropertyOp54
 70
     1
102
RTVSPropertyOp55
 70
     1
102
RTVSPropertyOp56
 70
     1
102
RTVSPropertyOp57
 70
     1
102
RTVSPropertyOp58
 70
     1
102
RTVSPropertyOp59
 70
     1
102
RTVSPropertyOp60
 70
     1
102
RTVSPropertyOp61
 70
     1
102
RTVSPropertyOp62
 70
     1
  0
XRECORD
  5
523
102
{ACAD_REACTORS
330
522
102
}
330
522
100
AcDbXrecord
280
     1
102
RTVSPost2010Prop28
280
     0
102
RTVSPost2010PropOp28
 70
     1
102
RTVSPost2010Prop29
280
     1
102
RTVSPost2010PropOp29
 70
     1
102
RTVSPost2010Prop30
280
     1
102
RTVSPost2010PropOp30
 70
     1
102
RTVSPost2010Prop31
280
     0
102
RTVSPost2010PropOp31
 70
     1
102
RTVSPost2010Prop32
280
     0
102
RTVSPost2010PropOp32
 70
     1
102
RTVSPost2010Prop33
280
     0
102
RTVSPost2010PropOp33
 70
     1
102
RTVSPost2010Prop34
280
     0
102
RTVSPost2010PropOp34
 70
     1
102
RTVSPost2010Prop35
280
     0
102
RTVSPost2010PropOp35
 70
     1
102
RTVSPost2010Prop36
280
     0
102
RTVSPost2010PropOp36
 70
     1
102
RTVSPost2010Prop37
 90
       50
102
RTVSPost2010PropOp37
 70
     1
102
RTVSPost2010Prop38
140
0.0
102
RTVSPost2010PropOp38
 70
     1
102
RTVSPost2010Prop39
140
1.0
102
RTVSPost2010PropOp39
 70
     1
102
RTVSPost2010Prop40
 90
        0
102
RTVSPost2010PropOp40
 70
     1
102
RTVSPost2010Prop41ColorIndex
 90
       18
102
RTVSPost2010Prop41ColorRGB
 90
        0
102
RTVSPost2010PropOp41
 70
     1
102
RTVSPost2010Prop42
 90
       50
102
RTVSPost2010PropOp42
 70
     1
102
RTVSPost2010Prop43
 90
        3
102
RTVSPost2010PropOp43
 70
     1
102
RTVSPost2010Prop44ColorIndex
 90
        5
102
RTVSPost2010Prop44ColorRGB
 90
      255
102
RTVSPost2010PropOp44
 70
     1
102
RTVSPost2010Prop45
280
     0
102
RTVSPost2010PropOp45
 70
     1
102
RTVSPost2010Prop46
 90
       50
102
RTVSPost2010PropOp46
 70
     1
102
RTVSPost2010Prop47
 90
       50
102
RTVSPost2010PropOp47
 70
     1
102
RTVSPost2010Prop48
 90
       50
102
RTVSPost2010PropOp48
 70
     1
102
RTVSPost2010Prop49
280
     0
102
RTVSPost2010PropOp49
 70
     1
102
RTVSPost2010Prop50
 90
       50
102
RTVSPost2010PropOp50
 70
     1
102
RTVSPost2010Prop51ColorIndex
 90
      256
102
RTVSPost2010Prop51ColorRGB
 90
-16777216
102
RTVSPost2010PropOp51
 70
     0
102
RTVSPost2010Prop52
140
1.0
102
RTVSPost2010PropOp52
 70
     0
102
RTVSPost2010Prop53
 90
        2
102
RTVSPost2010PropOp53
 70
     1
102
RTVSPost2010Prop54
  1
strokes_ogs.tif
102
RTVSPost2010PropOp54
 70
     1
102
RTVSPost2010Prop55
280
     0
102
RTVSPost2010PropOp55
 70
     1
102
RTVSPost2010Prop56
140
1.0
102
RTVSPost2010PropOp56
 70
     1
102
RTVSPost2010Prop57
140
1.0
102
RTVSPost2010PropOp57
 70
     1
102
RTVSPropertyOp0
 70
     1
102
RTVSPropertyOp1
 70
     1
102
RTVSPropertyOp2
 70
     1
102
RTVSPropertyOp3
 70
     1
102
RTVSPropertyOp4
 70
     1
102
RTVSPropertyOp5
 70
     1
102
RTVSPropertyOp6
 70
     1
102
RTVSPropertyOp7
 70
     1
102
RTVSPropertyOp8
 70
     1
102
RTVSPropertyOp9
 70
     1
102
RTVSPropertyOp10
 70
     1
102
RTVSPropertyOp11
 70
     1
102
RTVSPropertyOp12
 70
     1
102
RTVSPropertyOp13
 70
     1
102
RTVSPropertyOp14
 70
     1
102
RTVSPropertyOp15
 70
     1
102
RTVSPropertyOp16
 70
     1
102
RTVSPropertyOp17
 70
     1
102
RTVSPropertyOp18
 70
     1
102
RTVSPropertyOp19
 70
     1
102
RTVSPropertyOp20
 70
     1
102
RTVSPropertyOp21
 70
     1
102
RTVSPropertyOp22
 70
     1
102
RTVSPropertyOp23
 70
     1
102
RTVSPropertyOp24
 70
     1
102
RTVSPropertyOp25
 70
     1
102
RTVSPropertyOp26
 70
     1
102
RTVSPropertyOp27
 70
     1
102
RTVSPropertyOp28
 70
     1
102
RTVSPropertyOp29
 70
     1
102
RTVSPropertyOp30
 70
     1
102
RTVSPropertyOp31
 70
     1
102
RTVSPropertyOp32
 70
     1
102
RTVSPropertyOp33
 70
     1
102
RTVSPropertyOp34
 70
     1
102
RTVSPropertyOp35
 70
     1
102
RTVSPropertyOp36
 70
     1
102
RTVSPropertyOp37
 70
     1
102
RTVSPropertyOp38
 70
     1
102
RTVSPropertyOp39
 70
     1
102
RTVSPropertyOp40
 70
     1
102
RTVSPropertyOp41
 70
     1
102
RTVSPropertyOp42
 70
     1
102
RTVSPropertyOp43
 70
     1
102
RTVSPropertyOp44
 70
     1
102
RTVSPropertyOp45
 70
     1
102
RTVSPropertyOp46
 70
     1
102
RTVSPropertyOp47
 70
     1
102
RTVSPropertyOp48
 70
     1
102
RTVSPropertyOp49
 70
     1
102
RTVSPropertyOp50
 70
     1
102
RTVSPropertyOp51
 70
     0
102
RTVSPropertyOp52
 70
     0
102
RTVSPropertyOp53
 70
     1
102
RTVSPropertyOp54
 70
     1
102
RTVSPropertyOp55
 70
     1
102
RTVSPropertyOp56
 70
     1
102
RTVSPropertyOp57
 70
     1
102
RTVSPropertyOp58
 70
     1
102
RTVSPropertyOp59
 70
     1
102
RTVSPropertyOp60
 70
     1
102
RTVSPropertyOp61
 70
     1
102
RTVSPropertyOp62
 70
     1
  0
ENDSEC
  0
EOF
