  0
SECTION
  2
HEADER
  9
$ACADVER
  1
AC1015
  9
$ACADMAINTVER
 70
    20
  9
$DWGCODEPAGE
  3
ANSI_1252
  9
$INSBASE
 10
0.0
 20
0.0
 30
0.0
  9
$EXTMIN
 10
0.0
 20
-105.0
 30
0.0
  9
$EXTMAX
 10
7750.00000052
 20
3922.767207593068
 30
0.0
  9
$LIMMIN
 10
0.0
 20
0.0
  9
$LIMMAX
 10
12.0
 20
9.0
  9
$ORTHOMODE
 70
     1
  9
$REGENMODE
 70
     1
  9
$FILLMODE
 70
     1
  9
$QTEXTMODE
 70
     0
  9
$MIRRTEXT
 70
     1
  9
$LTSCALE
 40
1.0
  9
$ATTMODE
 70
     1
  9
$TEXTSIZE
 40
0.2
  9
$TRACEWID
 40
0.05
  9
$TEXTSTYLE
  7
Standard
  9
$CLAYER
  8
0
  9
$CELTYPE
  6
ByLayer
  9
$CECOLOR
 62
   256
  9
$CELTSCALE
 40
1.0
  9
$DISPSILH
 70
     0
  9
$DIMSCALE
 40
1.0
  9
$DIMASZ
 40
0.18
  9
$DIMEXO
 40
0.0625
  9
$DIMDLI
 40
0.38
  9
$DIMRND
 40
0.0
  9
$DIMDLE
 40
0.0
  9
$DIMEXE
 40
0.18
  9
$DIMTP
 40
0.0
  9
$DIMTM
 40
0.0
  9
$DIMTXT
 40
0.18
  9
$DIMCEN
 40
0.09
  9
$DIMTSZ
 40
0.0
  9
$DIMTOL
 70
     0
  9
$DIMLIM
 70
     0
  9
$DIMTIH
 70
     1
  9
$DIMTOH
 70
     1
  9
$DIMSE1
 70
     0
  9
$DIMSE2
 70
     0
  9
$DIMTAD
 70
     0
  9
$DIMZIN
 70
     0
  9
$DIMBLK
  1

  9
$DIMASO
 70
     1
  9
$DIMSHO
 70
     1
  9
$DIMPOST
  1

  9
$DIMAPOST
  1

  9
$DIMALT
 70
     0
  9
$DIMALTD
 70
     2
  9
$DIMALTF
 40
0.0393700787401575
  9
$DIMLFAC
 40
1.0
  9
$DIMTOFL
 70
     0
  9
$DIMTVP
 40
0.0
  9
$DIMTIX
 70
     0
  9
$DIMSOXD
 70
     0
  9
$DIMSAH
 70
     0
  9
$DIMBLK1
  1

  9
$DIMBLK2
  1

  9
$DIMSTYLE
  2
Standard
  9
$DIMCLRD
 70
     0
  9
$DIMCLRE
 70
     0
  9
$DIMCLRT
 70
     0
  9
$DIMTFAC
 40
1.0
  9
$DIMGAP
 40
0.09
  9
$DIMJUST
 70
     0
  9
$DIMSD1
 70
     0
  9
$DIMSD2
 70
     0
  9
$DIMTOLJ
 70
     1
  9
$DIMTZIN
 70
     0
  9
$DIMALTZ
 70
     0
  9
$DIMALTTZ
 70
     0
  9
$DIMUPT
 70
     0
  9
$DIMDEC
 70
     4
  9
$DIMTDEC
 70
     4
  9
$DIMALTU
 70
     2
  9
$DIMALTTD
 70
     0
  9
$DIMTXSTY
  7
Standard
  9
$DIMAUNIT
 70
     0
  9
$DIMADEC
 70
     0
  9
$DIMALTRND
 40
0.0
  9
$DIMAZIN
 70
     0
  9
$DIMDSEP
 70
    46
  9
$DIMATFIT
 70
     0
  9
$DIMFRAC
 70
     0
  9
$DIMLDRBLK
  1

  9
$DIMLUNIT
 70
     2
  9
$DIMLWD
 70
    -2
  9
$DIMLWE
 70
    -2
  9
$DIMTMOVE
 70
     0
  9
$LUNITS
 70
     2
  9
$LUPREC
 70
     4
  9
$SKETCHINC
 40
0.1
  9
$FILLETRAD
 40
0.0
  9
$AUNITS
 70
     0
  9
$AUPREC
 70
     0
  9
$MENU
  1
.
  9
$ELEVATION
 40
0.0
  9
$PELEVATION
 40
0.0
  9
$THICKNESS
 40
0.0
  9
$LIMCHECK
 70
     0
  9
$CHAMFERA
 40
0.5
  9
$CHAMFERB
 40
0.5
  9
$CHAMFERC
 40
0.0
  9
$CHAMFERD
 40
0.0
  9
$SKPOLY
 70
     0
  9
$TDCREATE
 40
2461109.809467593
  9
$TDUCREATE
 40
2461109.934471436
  9
$TDUPDATE
 40
2461110.311550926
  9
$TDUUPDATE
 40
2461110.436550926
  9
$TDINDWG
 40
0.0020370370
  9
$TDUSRTIMER
 40
0.0020370486
  9
$USRTIMER
 70
     1
  9
$ANGBASE
 50
0.0
  9
$ANGDIR
 70
     1
  9
$PDMODE
 70
     0
  9
$PDSIZE
 40
0.0
  9
$PLINEWID
 40
0.0
  9
$SPLFRAME
 70
     0
  9
$SPLINETYPE
 70
     6
  9
$SPLINESEGS
 70
     8
  9
$HANDSEED
  5
BF1
  9
$SURFTAB1
 70
     6
  9
$SURFTAB2
 70
     6
  9
$SURFTYPE
 70
     6
  9
$SURFU
 70
     6
  9
$SURFV
 70
     6
  9
$UCSBASE
  2

  9
$UCSNAME
  2

  9
$UCSORG
 10
0.0
 20
0.0
 30
0.0
  9
$UCSXDIR
 10
1.0
 20
0.0
 30
0.0
  9
$UCSYDIR
 10
0.0
 20
1.0
 30
0.0
  9
$UCSORTHOREF
  2

  9
$UCSORTHOVIEW
 70
     0
  9
$UCSORGTOP
 10
0.0
 20
0.0
 30
0.0
  9
$UCSORGBOTTOM
 10
0.0
 20
0.0
 30
0.0
  9
$UCSORGLEFT
 10
0.0
 20
0.0
 30
0.0
  9
$UCSORGRIGHT
 10
0.0
 20
0.0
 30
0.0
  9
$UCSORGFRONT
 10
0.0
 20
0.0
 30
0.0
  9
$UCSORGBACK
 10
0.0
 20
0.0
 30
0.0
  9
$PUCSBASE
  2

  9
$PUCSNAME
  2

  9
$PUCSORG
 10
0.0
 20
0.0
 30
0.0
  9
$PUCSXDIR
 10
1.0
 20
0.0
 30
0.0
  9
$PUCSYDIR
 10
0.0
 20
1.0
 30
0.0
  9
$PUCSORTHOREF
  2

  9
$PUCSORTHOVIEW
 70
     0
  9
$PUCSORGTOP
 10
0.0
 20
0.0
 30
0.0
  9
$PUCSORGBOTTOM
 10
0.0
 20
0.0
 30
0.0
  9
$PUCSORGLEFT
 10
0.0
 20
0.0
 30
0.0
  9
$PUCSORGRIGHT
 10
0.0
 20
0.0
 30
0.0
  9
$PUCSORGFRONT
 10
0.0
 20
0.0
 30
0.0
  9
$PUCSORGBACK
 10
0.0
 20
0.0
 30
0.0
  9
$USERI1
 70
     0
  9
$USERI2
 70
     0
  9
$USERI3
 70
     0
  9
$USERI4
 70
     0
  9
$USERI5
 70
     0
  9
$USERR1
 40
0.0
  9
$USERR2
 40
0.0
  9
$USERR3
 40
0.0
  9
$USERR4
 40
0.0
  9
$USERR5
 40
0.0
  9
$WORLDVIEW
 70
     1
  9
$SHADEDGE
 70
     3
  9
$SHADEDIF
 70
    70
  9
$TILEMODE
 70
     1
  9
$MAXACTVP
 70
    48
  9
$PINSBASE
 10
0.0
 20
0.0
 30
0.0
  9
$PLIMCHECK
 70
     0
  9
$PEXTMIN
 10
1.000000000000000E+20
 20
1.000000000000000E+20
 30
1.000000000000000E+20
  9
$PEXTMAX
 10
-1.000000000000000E+20
 20
-1.000000000000000E+20
 30
-1.000000000000000E+20
  9
$PLIMMIN
 10
0.0
 20
0.0
  9
$PLIMMAX
 10
0.0
 20
0.0
  9
$UNITMODE
 70
     0
  9
$VISRETAIN
 70
     1
  9
$PLINEGEN
 70
     1
  9
$PSLTSCALE
 70
     1
  9
$TREEDEPTH
 70
  3020
  9
$CMLSTYLE
  2
STANDARD
  9
$CMLJUST
 70
     0
  9
$CMLSCALE
 40
1.0
  9
$PROXYGRAPHICS
 70
     1
  9
$MEASUREMENT
 70
     1
  9
$CELWEIGHT
370
    -1
  9
$ENDCAPS
280
     0
  9
$JOINSTYLE
280
     0
  9
$LWDISPLAY
290
     1
  9
$INSUNITS
 70
     4
  9
$HYPERLINKBASE
  1

  9
$STYLESHEET
  1

  9
$XEDIT
290
     1
  9
$CEPSNTYPE
380
     0
  9
$PSTYLEMODE
290
     0
  9
$FINGERPRINTGUID
  2

  9
$VERSIONGUID
  2
{0F4A3BA3-4A4C-A341-B0E1-EAE6314BBC80}
  9
$EXTNAMES
290
     1
  9
$PSVPSCALE
 40
0.0
  9
$OLESTARTUP
290
     0
  0
ENDSEC
  0
SECTION
  2
CLASSES
  0
CLASS
  1
RASTERVARIABLES
  2
AcDbRasterVariables
  3
ISM
 90
    32768
280
     0
281
     0
  0
CLASS
  1
IMAGEDEF
  2
AcDbRasterImageDef
  3
ISM
 90
    32768
280
     0
281
     0
  0
CLASS
  1
IMAGEDEF_REACTOR
  2
AcDbRasterImageDefReactor
  3
ISM
 90
    32769
280
     0
281
     0
  0
CLASS
  1
IMAGE
  2
AcDbRasterImage
  3
ISM
 90
    34943
280
     0
281
     1
  0
CLASS
  1
ACAD_EVALUATION_GRAPH
  2
AcDbEvalGraph
  3
ObjectDBX Classes
 90
    33921
280
     0
281
     0
  0
CLASS
  1
BLOCKPOINTPARAMETER
  2
AcDbBlockPointParameter
  3
ObjectDBX Classes
 90
    33921
280
     0
281
     0
  0
CLASS
  1
BLOCKBASEPOINTPARAMETER
  2
AcDbBlockBasepointParameter
  3
ObjectDBX Classes
 90
    33921
280
     0
281
     0
  0
CLASS
  1
BLOCKLOOKUPPARAMETER
  2
AcDbBlockLookupParameter
  3
ObjectDBX Classes
 90
    33921
280
     0
281
     0
  0
CLASS
  1
BLOCKVISIBILITYPARAMETER
  2
AcDbBlockVisibilityParameter
  3
ObjectDBX Classes
 90
    33921
280
     0
281
     0
  0
CLASS
  1
BLOCKPROPERTIESTABLE
  2
AcDbBlockPropertiesTable
  3
ObjectDBX Classes
 90
    33921
280
     0
281
     0
  0
CLASS
  1
BLOCKPOLARPARAMETER
  2
AcDbBlockPolarParameter
  3
ObjectDBX Classes
 90
    33921
280
     0
281
     0
  0
CLASS
  1
BLOCKROTATIONPARAMETER
  2
AcDbBlockRotationParameter
  3
ObjectDBX Classes
 90
    33921
280
     0
281
     0
  0
CLASS
  1
BLOCKLINEARPARAMETER
  2
AcDbBlockLinearParameter
  3
ObjectDBX Classes
 90
    33921
280
     0
281
     0
  0
CLASS
  1
BLOCKXYPARAMETER
  2
AcDbBlockXYParameter
  3
ObjectDBX Classes
 90
    33921
280
     0
281
     0
  0
CLASS
  1
BLOCKFLIPPARAMETER
  2
AcDbBlockFlipParameter
  3
ObjectDBX Classes
 90
    33921
280
     0
281
     0
  0
CLASS
  1
BLOCKALIGNMENTPARAMETER
  2
AcDbBlockAlignmentParameter
  3
ObjectDBX Classes
 90
    33921
280
     0
281
     0
  0
CLASS
  1
BLOCKROTATEACTION
  2
AcDbBlockRotateAction
  3
ObjectDBX Classes
 90
    33921
280
     0
281
     0
  0
CLASS
  1
BLOCKSCALEACTION
  2
AcDbBlockScaleAction
  3
ObjectDBX Classes
 90
    33921
280
     0
281
     0
  0
CLASS
  1
BLOCKARRAYACTION
  2
AcDbBlockArrayAction
  3
ObjectDBX Classes
 90
    33921
280
     0
281
     0
  0
CLASS
  1
BLOCKFLIPACTION
  2
AcDbBlockFlipAction
  3
ObjectDBX Classes
 90
    33921
280
     0
281
     0
  0
CLASS
  1
BLOCKLOOKUPACTION
  2
AcDbBlockLookupAction
  3
ObjectDBX Classes
 90
    33921
280
     0
281
     0
  0
CLASS
  1
BLOCKMOVEACTION
  2
AcDbBlockMoveAction
  3
ObjectDBX Classes
 90
    33921
280
     0
281
     0
  0
CLASS
  1
BLOCKPOLARSTRETCHACTION
  2
AcDbBlockPolarStretchAction
  3
ObjectDBX Classes
 90
    33921
280
     0
281
     0
  0
CLASS
  1
BLOCKSTRETCHACTION
  2
AcDbBlockStretchAction
  3
ObjectDBX Classes
 90
    33921
280
     0
281
     0
  0
CLASS
  1
BLOCKALIGNMENTGRIP
  2
AcDbBlockAlignmentGrip
  3
ObjectDBX Classes
 90
    33921
280
     0
281
     0
  0
CLASS
  1
BLOCKFLIPGRIP
  2
AcDbBlockFlipGrip
  3
ObjectDBX Classes
 90
    33921
280
     0
281
     0
  0
CLASS
  1
ACDB_BLOCKREPRESENTATION_DATA
  2
AcDbBlockRepresentationData
  3
ObjectDBX Classes
 90
    33921
280
     0
281
     0
  0
CLASS
  1
ACDB_DYNAMICBLOCKPURGEPREVENTER_VERSION
  2
AcDbDynamicBlockPurgePreventer
  3
ObjectDBX Classes
 90
    33921
280
     0
281
     0
  0
CLASS
  1
BLOCKLINEARGRIP
  2
AcDbBlockLinearGrip
  3
ObjectDBX Classes
 90
    33921
280
     0
281
     0
  0
CLASS
  1
BLOCKLOOKUPGRIP
  2
AcDbBlockLookupGrip
  3
ObjectDBX Classes
 90
    33921
280
     0
281
     0
  0
CLASS
  1
BLOCKPOLARGRIP
  2
AcDbBlockPolarGrip
  3
ObjectDBX Classes
 90
    33921
280
     0
281
     0
  0
CLASS
  1
BLOCKPROPERTIESTABLEGRIP
  2
AcDbBlockPropertiesTableGrip
  3
ObjectDBX Classes
 90
    33921
280
     0
281
     0
  0
CLASS
  1
BLOCKROTATIONGRIP
  2
AcDbBlockRotationGrip
  3
ObjectDBX Classes
 90
    33921
280
     0
281
     0
  0
CLASS
  1
BLOCKVISIBILITYGRIP
  2
AcDbBlockVisibilityGrip
  3
ObjectDBX Classes
 90
    33921
280
     0
281
     0
  0
CLASS
  1
BLOCKXYGRIP
  2
AcDbBlockXYGrip
  3
ObjectDBX Classes
 90
    33921
280
     0
281
     0
  0
CLASS
  1
BLOCKGRIPLOCATIONCOMPONENT
  2
AcDbBlockGripExpr
  3
ObjectDBX Classes
 90
    33921
280
     0
281
     0
  0
CLASS
  1
ACDB_DYNAMICBLOCKPROXYNODE
  2
AcDbDynamicBlockProxyNode
  3
ObjectDBX Classes
 90
    33921
280
     0
281
     0
  0
CLASS
  1
BLOCKLINEARCONSTRAINTPARAMETER
  2
AcDbBlockLinearConstraintParameter
  3
ObjectDBX Classes
 90
    33921
280
     0
281
     0
  0
CLASS
  1
BLOCKHORIZONTALCONSTRAINTPARAMETER
  2
AcDbBlockHorizontalConstraintParameter
  3
ObjectDBX Classes
 90
    33921
280
     0
281
     0
  0
CLASS
  1
BLOCKVERTICALCONSTRAINTPARAMETER
  2
AcDbBlockVerticalConstraintParameter
  3
ObjectDBX Classes
 90
    33921
280
     0
281
     0
  0
CLASS
  1
BLOCKALIGNEDCONSTRAINTPARAMETER
  2
AcDbBlockAlignedConstraintParameter
  3
ObjectDBX Classes
 90
    33921
280
     0
281
     0
  0
CLASS
  1
BLOCKANGULARCONSTRAINTPARAMETER
  2
AcDbBlockAngularConstraintParameter
  3
ObjectDBX Classes
 90
    33921
280
     0
281
     0
  0
CLASS
  1
BLOCKDIAMETRICCONSTRAINTPARAMETER
  2
AcDbBlockDiametricConstraintParameter
  3
ObjectDBX Classes
 90
    33921
280
     0
281
     0
  0
CLASS
  1
BLOCKRADIALCONSTRAINTPARAMETER
  2
AcDbBlockRadialConstraintParameter
  3
ObjectDBX Classes
 90
    33921
280
     0
281
     0
  0
CLASS
  1
FIELDLIST
  2
AcDbFieldList
  3
ObjectDBX Classes
 90
     1152
280
     0
281
     0
  0
CLASS
  1
ACDBDICTIONARYWDFLT
  2
AcDbDictionaryWithDefault
  3
ObjectDBX Classes
 90
        0
280
     0
281
     0
  0
CLASS
  1
CELLSTYLEMAP
  2
AcDbCellStyleMap
  3
ObjectDBX Classes
 90
     1152
280
     0
281
     0
  0
CLASS
  1
MLEADERSTYLE
  2
AcDbMLeaderStyle
  3
ACDB_MLEADERSTYLE_CLASS
 90
     4095
280
     0
281
     0
  0
CLASS
  1
TABLESTYLE
  2
AcDbTableStyle
  3
ObjectDBX Classes
 90
     4095
280
     0
281
     0
  0
CLASS
  1
DICTIONARYVAR
  2
AcDbDictionaryVar
  3
ObjectDBX Classes
 90
        0
280
     0
281
     0
  0
CLASS
  1
MATERIAL
  2
AcDbMaterial
  3
ObjectDBX Classes
 90
     1153
280
     0
281
     0
  0
CLASS
  1
VISUALSTYLE
  2
AcDbVisualStyle
  3
ObjectDBX Classes
 90
     4095
280
     0
281
     0
  0
CLASS
  1
SCALE
  2
AcDbScale
  3
ObjectDBX Classes
 90
     1153
280
     0
281
     0
  0
CLASS
  1
ACDBSECTIONVIEWSTYLE
  2
AcDbSectionViewStyle
  3
ObjectDBX Classes
 90
     1025
280
     0
281
     0
  0
CLASS
  1
ACDBDETAILVIEWSTYLE
  2
AcDbDetailViewStyle
  3
ObjectDBX Classes
 90
     1025
280
     0
281
     0
  0
CLASS
  1
ACDBPLACEHOLDER
  2
AcDbPlaceHolder
  3
ObjectDBX Classes
 90
        0
280
     0
281
     0
  0
CLASS
  1
LAYOUT
  2
AcDbLayout
  3
ObjectDBX Classes
 90
        0
280
     0
281
     0
  0
ENDSEC
  0
SECTION
  2
TABLES
  0
TABLE
  2
VPORT
  5
8
330
0
100
AcDbSymbolTable
 70
     1
  0
VPORT
  5
296
330
8
100
AcDbSymbolTableRecord
100
AcDbViewportTableRecord
  2
*Active
 70
     0
 10
0.0
 20
0.0
 11
1.0
 21
1.0
 12
3727.613663355509
 22
917.6030627248829
 13
0.0
 23
0.0
 14
1.0
 24
1.0
 15
0.0
 25
0.0
 16
0.0
 26
0.0
 36
1.0
 17
0.0
 27
0.0
 37
0.0
 40
6807.155334540708
 41
2.351715686274509
 42
50.0
 43
0.0
 44
0.0
 50
0.0
 51
0.0
 71
     0
 72
 20000
 73
     1
 74
     1
 75
     0
 76
     0
 77
     0
 78
     0
281
     0
 65
     1
110
0.0
120
0.0
130
0.0
111
1.0
121
0.0
131
0.0
112
0.0
122
1.0
132
0.0
 79
     0
146
0.0
1001
ACAD_NAV_VCDISPLAY
1070
     3
  0
ENDTAB
  0
TABLE
  2
LTYPE
  5
5
330
0
100
AcDbSymbolTable
 70
     1
  0
LTYPE
  5
14
330
5
100
AcDbSymbolTableRecord
100
AcDbLinetypeTableRecord
  2
ByBlock
 70
     0
  3

 72
    65
 73
     0
 40
0.0
  0
LTYPE
  5
15
330
5
100
AcDbSymbolTableRecord
100
AcDbLinetypeTableRecord
  2
ByLayer
 70
     0
  3

 72
    65
 73
     0
 40
0.0
  0
LTYPE
  5
16
330
5
100
AcDbSymbolTableRecord
100
AcDbLinetypeTableRecord
  2
Continuous
 70
     0
  3
Solid line
 72
    65
 73
     0
 40
0.0
  0
ENDTAB
  0
TABLE
  2
LAYER
  5
2
102
{ACAD_XDICTIONARY
360
30F
102
}
330
0
100
AcDbSymbolTable
 70
    22
  0
LAYER
  5
10
102
{ACAD_XDICTIONARY
360
B80
102
}
330
2
100
AcDbSymbolTableRecord
100
AcDbLayerTableRecord
  2
0
 70
     0
 62
     7
  6
Continuous
370
    -3
390
F
  0
LAYER
  5
27
102
{ACAD_XDICTIONARY
360
B82
102
}
330
2
100
AcDbSymbolTableRecord
100
AcDbLayerTableRecord
  2
sheet
 70
     0
 62
    24
  6
Continuous
370
    -3
390
F
  0
LAYER
  5
28
102
{ACAD_XDICTIONARY
360
B84
102
}
330
2
100
AcDbSymbolTableRecord
100
AcDbLayerTableRecord
  2
12658287
 70
     0
 62
     7
  6
Continuous
370
    -3
390
F
  0
LAYER
  5
29
102
{ACAD_XDICTIONARY
360
B86
102
}
330
2
100
AcDbSymbolTableRecord
100
AcDbLayerTableRecord
  2
Texto
 70
     0
 62
     7
  6
Continuous
370
    -3
390
F
  0
LAYER
  5
2A
102
{ACAD_XDICTIONARY
360
B88
102
}
330
2
100
AcDbSymbolTableRecord
100
AcDbLayerTableRecord
  2
12513975
 70
     0
 62
     7
  6
Continuous
370
    -3
390
F
  0
LAYER
  5
2B
102
{ACAD_XDICTIONARY
360
B8A
102
}
330
2
100
AcDbSymbolTableRecord
100
AcDbLayerTableRecord
  2
13719067v0
 70
     0
 62
     7
  6
Continuous
370
    -3
390
F
  0
LAYER
  5
2C
102
{ACAD_XDICTIONARY
360
B8C
102
}
330
2
100
AcDbSymbolTableRecord
100
AcDbLayerTableRecord
  2
13700018v0
 70
     0
 62
     7
  6
Continuous
370
    -3
390
F
  0
LAYER
  5
2D
102
{ACAD_XDICTIONARY
360
B8E
102
}
330
2
100
AcDbSymbolTableRecord
100
AcDbLayerTableRecord
  2
12884380v0
 70
     0
 62
     7
  6
Continuous
370
    -3
390
F
  0
LAYER
  5
2E
102
{ACAD_XDICTIONARY
360
B90
102
}
330
2
100
AcDbSymbolTableRecord
100
AcDbLayerTableRecord
  2
13986655
 70
     0
 62
     7
  6
Continuous
370
    -3
390
F
  0
LAYER
  5
2F
102
{ACAD_XDICTIONARY
360
B92
102
}
330
2
100
AcDbSymbolTableRecord
100
AcDbLayerTableRecord
  2
10246727
 70
     0
 62
     7
  6
Continuous
370
    -3
390
F
  0
LAYER
  5
30
102
{ACAD_XDICTIONARY
360
B94
102
}
330
2
100
AcDbSymbolTableRecord
100
AcDbLayerTableRecord
  2
Stats
 70
     0
 62
     7
  6
Continuous
370
    -3
390
F
  0
LAYER
  5
31
102
{ACAD_XDICTIONARY
360
B96
102
}
330
2
100
AcDbSymbolTableRecord
100
AcDbLayerTableRecord
  2
13742027v0
 70
     0
 62
     7
  6
Continuous
370
    -3
390
F
  0
LAYER
  5
32
102
{ACAD_XDICTIONARY
360
B98
102
}
330
2
100
AcDbSymbolTableRecord
100
AcDbLayerTableRecord
  2
13742026v0
 70
     0
 62
     7
  6
Continuous
370
    -3
390
F
  0
LAYER
  5
33
102
{ACAD_XDICTIONARY
360
B9A
102
}
330
2
100
AcDbSymbolTableRecord
100
AcDbLayerTableRecord
  2
13700074v0
 70
     0
 62
     7
  6
Continuous
370
    -3
390
F
  0
LAYER
  5
34
102
{ACAD_XDICTIONARY
360
B9C
102
}
330
2
100
AcDbSymbolTableRecord
100
AcDbLayerTableRecord
  2
MN-21013-14
 70
     0
 62
     7
  6
Continuous
370
    -3
390
F
  0
LAYER
  5
35
102
{ACAD_XDICTIONARY
360
B9E
102
}
330
2
100
AcDbSymbolTableRecord
100
AcDbLayerTableRecord
  2
Des.7342512
 70
     0
 62
     7
  6
Continuous
370
    -3
390
F
  0
LAYER
  5
36
102
{ACAD_XDICTIONARY
360
BA0
102
}
330
2
100
AcDbSymbolTableRecord
100
AcDbLayerTableRecord
  2
PRT_AXIS
 70
     0
 62
     7
  6
Continuous
370
    -3
390
F
  0
LAYER
  5
37
102
{ACAD_XDICTIONARY
360
BA2
102
}
330
2
100
AcDbSymbolTableRecord
100
AcDbLayerTableRecord
  2
1LBR1002162
 70
     0
 62
     7
  6
Continuous
370
    -3
390
F
  0
LAYER
  5
38
102
{ACAD_XDICTIONARY
360
BA4
102
}
330
2
100
AcDbSymbolTableRecord
100
AcDbLayerTableRecord
  2
13893546
 70
     0
 62
     7
  6
Continuous
370
    -3
390
F
  0
LAYER
  5
39
102
{ACAD_XDICTIONARY
360
BA6
102
}
330
2
100
AcDbSymbolTableRecord
100
AcDbLayerTableRecord
  2
7465117
 70
     0
 62
     7
  6
Continuous
370
    -3
390
F
  0
LAYER
  5
3A
330
2
100
AcDbSymbolTableRecord
100
AcDbLayerTableRecord
  2
DEFPOINTS
 70
     0
 62
     7
  6
Continuous
290
     0
370
    -3
390
F
  0
LAYER
  5
305
102
{ACAD_XDICTIONARY
360
BA8
102
}
330
2
100
AcDbSymbolTableRecord
100
AcDbLayerTableRecord
  2
Rebaixo
 70
     0
 62
     6
  6
Continuous
370
    -3
390
F
1001
AcAecLayerStandard
1000

1000

1001
AcCmTransparency
1071
        0
  0
ENDTAB
  0
TABLE
  2
STYLE
  5
3
330
0
100
AcDbSymbolTable
 70
     1
  0
STYLE
  5
11
330
3
100
AcDbSymbolTableRecord
100
AcDbTextStyleTableRecord
  2
Standard
 70
     0
 40
0.0
 41
1.0
 50
0.0
 71
     0
 42
0.2
  3
txt.shx
  4

  0
ENDTAB
  0
TABLE
  2
VIEW
  5
6
330
0
100
AcDbSymbolTable
 70
     0
  0
ENDTAB
  0
TABLE
  2
UCS
  5
7
330
0
100
AcDbSymbolTable
 70
     0
  0
ENDTAB
  0
TABLE
  2
APPID
  5
9
330
0
100
AcDbSymbolTable
 70
     9
  0
APPID
  5
12
330
0
100
AcDbSymbolTableRecord
100
AcDbRegAppTableRecord
  2
ACAD
 70
     0
  0
APPID
  5
2B9
330
0
100
AcDbSymbolTableRecord
100
AcDbRegAppTableRecord
  2
ACAD_MLEADERVER
 70
     0
  0
APPID
  5
308
330
9
100
AcDbSymbolTableRecord
100
AcDbRegAppTableRecord
  2
ACAD_PSEXT
 70
     0
  0
APPID
  5
309
330
9
100
AcDbSymbolTableRecord
100
AcDbRegAppTableRecord
  2
AcadAnnotative
 70
     0
  0
APPID
  5
30A
330
9
100
AcDbSymbolTableRecord
100
AcDbRegAppTableRecord
  2
ACAD_DSTYLE_DIMJAG
 70
     0
  0
APPID
  5
30B
330
9
100
AcDbSymbolTableRecord
100
AcDbRegAppTableRecord
  2
ACAD_DSTYLE_DIMTALN
 70
     0
  0
APPID
  5
30C
330
9
100
AcDbSymbolTableRecord
100
AcDbRegAppTableRecord
  2
ACAD_NAV_VCDISPLAY
 70
     0
  0
APPID
  5
30D
330
9
100
AcDbSymbolTableRecord
100
AcDbRegAppTableRecord
  2
AcAecLayerStandard
 70
     0
  0
APPID
  5
30E
330
9
100
AcDbSymbolTableRecord
100
AcDbRegAppTableRecord
  2
AcCmTransparency
 70
     0
  0
ENDTAB
  0
TABLE
  2
DIMSTYLE
  5
A
330
0
100
AcDbSymbolTable
 70
     3
100
AcDbDimStyleTable
 71
     0
  0
DIMSTYLE
105
295
330
A
100
AcDbSymbolTableRecord
100
AcDbDimStyleTableRecord
  2
Standard
 70
     0
143
1.0
274
     0
289
     0
340
11
  0
DIMSTYLE
105
306
330
A
100
AcDbSymbolTableRecord
100
AcDbDimStyleTableRecord
  2
Annotative
 70
     0
 40
0.0
 41
2.5
 42
0.625
 43
3.75
 44
1.25
 73
     0
 74
     0
 77
     1
 78
     8
140
2.5
141
2.5
143
0.03937007874016
147
0.625
171
     3
172
     1
271
     2
272
     2
274
     3
278
    44
283
     0
284
     8
340
11
1001
AcadAnnotative
1000
AnnotativeData
1002
{
1070
     1
1070
     1
1002
}
1001
ACAD_DSTYLE_DIMJAG
1070
   388
1040
1.5
1001
ACAD_DSTYLE_DIMTALN
1070
   392
1070
     0
  0
DIMSTYLE
105
307
330
A
100
AcDbSymbolTableRecord
100
AcDbDimStyleTableRecord
  2
ISO-25
 70
     0
 41
2.5
 42
0.625
 43
3.75
 44
1.25
 73
     0
 74
     0
 77
     1
 78
     8
140
2.5
141
2.5
143
0.03937007874016
147
0.625
171
     3
172
     1
271
     2
272
     2
274
     3
278
    44
283
     0
284
     8
340
11
  0
ENDTAB
  0
TABLE
  2
BLOCK_RECORD
  5
1
330
0
100
AcDbSymbolTable
 70
     1
  0
BLOCK_RECORD
  5
1F
330
1
100
AcDbSymbolTableRecord
100
AcDbBlockTableRecord
  2
*Model_Space
340
22
  0
BLOCK_RECORD
  5
292
330
1
100
AcDbSymbolTableRecord
100
AcDbBlockTableRecord
  2
*Paper_Space
340
1E
  0
ENDTAB
  0
ENDSEC
  0
SECTION
  2
BLOCKS
  0
BLOCK
  5
20
330
1F
100
AcDbEntity
  8
0
100
AcDbBlockBegin
  2
*Model_Space
 70
     0
 10
0.0
 20
0.0
 30
0.0
  3
*Model_Space
  1

  0
ENDBLK
  5
21
330
1F
100
AcDbEntity
  8
0
100
AcDbBlockEnd
  0
BLOCK
  5
293
330
292
100
AcDbEntity
 67
     1
  8
0
100
AcDbBlockBegin
  2
*Paper_Space
 70
     0
 10
0.0
 20
0.0
 30
0.0
  3
*Paper_Space
  1

  0
ENDBLK
  5
294
330
292
100
AcDbEntity
 67
     1
  8
0
100
AcDbBlockEnd
  0
ENDSEC
  0
SECTION
  2
ENTITIES
  0
LWPOLYLINE
  5
18B
330
1F
100
AcDbEntity
  8
sheet
 62
     7
100
AcDbPolyline
 90
        4
 70
     1
 43
0.0
 10
5250.00000052
 20
0.0000001
 10
7750.00000052
 20
0.0000001
 10
7750.00000052
 20
1600.0000001
 10
5250.00000052
 20
1600.0000001
  0
LWPOLYLINE
  5
18C
330
1F
100
AcDbEntity
  8
0
 62
     4
100
AcDbPolyline
 90
       44
 70
     1
 43
0.0
 10
7602.000000519999
 20
1010.259314884756
 10
7607.000000519999
 20
1005.259314884756
 10
7672.000000519999
 20
1005.259314884756
 10
7672.000000519999
 20
970.259314884756
 10
7652.000000519999
 20
970.259314884756
 42
0.4142135620891589
 10
7642.000000519999
 20
960.2593148847549
 10
7642.000000519999
 20
950.259314884755
 42
0.4142135610949407
 10
7652.000000519999
 20
940.2593148847559
 10
7672.000000519999
 20
940.2593148847559
 10
7672.000000519999
 20
830.2593148847559
 10
7652.000000519999
 20
830.2593148847559
 42
0.4142135611487272
 10
7642.000000519999
 20
820.2593148847558
 10
7642.000000519999
 20
810.2593148847558
 42
0.4142135619937998
 10
7652.000000519999
 20
800.259314884755
 10
7672.000000519999
 20
800.259314884755
 10
7672.000000519999
 20
690.2593148847558
 10
7652.000000519999
 20
690.2593148847558
 42
0.4142135614404218
 10
7642.000000519999
 20
680.2593148847559
 10
7642.000000519999
 20
670.2593148847559
 42
0.4142135616635226
 10
7652.000000519999
 20
660.2593148847549
 10
7672.000000519999
 20
660.2593148847549
 10
7672.000000519999
 20
625.259314884755
 10
7607.000000519999
 20
625.259314884755
 10
7602.000000519999
 20
620.2593148847549
 10
7602.000000519999
 20
600.2593148847559
 10
7607.000000519999
 20
595.2593148847559
 10
7722.000000519999
 20
595.2593148847559
 10
7732.000000519999
 20
605.2593148847559
 10
7732.000000519999
 20
631.655989323514
 42
0.3316792659515621
 10
7729.85714337727
 20
634.53093386602
 42
-0.7453559924460038
 10
7729.85714337727
 20
715.9876959035788
 42
0.331679266179467
 10
7732.000000519999
 20
718.8626404460851
 10
7732.000000519999
 20
771.6559893234839
 42
0.3316792703426232
 10
7729.85714337727
 20
774.5309338660186
 42
-0.745355992387772
 10
7729.85714337727
 20
855.9876959035788
 42
0.3316792681868131
 10
7732.000000519999
 20
858.862640446085
 10
7732.000000519999
 20
911.6559893234848
 42
0.3316792688669675
 10
7729.85714337727
 20
914.5309338660185
 42
-0.7453559924518795
 10
7729.85714337727
 20
995.9876959035796
 42
0.3316792701938879
 10
7732.000000519999
 20
998.8626404460841
 10
7732.000000519999
 20
1025.259314884756
 10
7722.000000519999
 20
1035.259314884755
 10
7607.000000519999
 20
1035.259314884755
 10
7602.000000519999
 20
1030.259314884756
  0
CIRCLE
  5
18D
330
1F
100
AcDbEntity
  8
PRT_AXIS
 62
     4
100
AcDbCircle
 10
7657.000000519999
 20
955.2593148847559
 30
0.0
 40
7.0
  0
CIRCLE
  5
18E
330
1F
100
AcDbEntity
  8
PRT_AXIS
 62
     4
100
AcDbCircle
 10
7657.000000519999
 20
675.259314884755
 30
0.0
 40
7.0
  0
CIRCLE
  5
18F
330
1F
100
AcDbEntity
  8
PRT_AXIS
 62
     4
100
AcDbCircle
 10
7657.000000519999
 20
815.2593148847559
 30
0.0
 40
7.0
  0
MTEXT
  5
190
330
1F
100
AcDbEntity
  8
Texto
 62
     4
100
AcDbMText
 10
7681.117574549602
 20
740.955898798045
 30
0.0
 40
10.0
 41
148.6724313893501
 71
     1
 72
     5
  1
{\W3.020543; }1LBR1002163 pos.6
 11
0.0000000000000001
 21
1.0
 31
0.0
 73
     1
 44
1.0
1001
ACAD
1000
MTEXTBEGIN
1070
    73
1070
     1
1070
    44
1040
1.0
1070
    74
1070
     0
1000
MTEXTEND
  0
LWPOLYLINE
  5
191
330
1F
100
AcDbEntity
  8
13719067v0
 62
     4
100
AcDbPolyline
 90
       12
 70
     1
 43
0.0
 10
7309.075801999914
 20
598.2593148847558
 10
7309.075801999914
 20
642.2593148847559
 42
0.4142135599216665
 10
7306.075801999916
 20
645.2593148847559
 10
7172.075801999915
 20
645.2593148847559
 42
-0.4142135621143578
 10
7169.075801999916
 20
648.2593148847558
 10
7169.075801999916
 20
742.2593148847559
 42
0.414213561333273
 10
7166.075801999916
 20
745.2593148847559
 10
7122.075801999915
 20
745.2593148847559
 42
0.4142135626808585
 10
7119.075801999916
 20
742.2593148847559
 10
7119.075801999916
 20
598.2593148847558
 42
0.4142135634655947
 10
7122.075801999915
 20
595.2593148847559
 10
7306.075801999916
 20
595.2593148847559
 42
0.4142135608446233
  0
CIRCLE
  5
192
330
1F
100
AcDbEntity
  8
13719067v0
 62
     4
100
AcDbCircle
 10
7144.075801999917
 20
720.2593148847559
 30
0.0
 40
9.0
  0
MTEXT
  5
193
330
1F
100
AcDbEntity
  8
Texto
 62
     4
100
AcDbMText
 10
7290.24436543832
 20
614.5224409237057
 30
0.0
 40
10.0
 41
120.1259672672422
 71
     1
 72
     5
  1
{\W1.839601; }13719067 pos.29
 11
-1.0
 21
0.0000000000000001
 31
0.0
 73
     1
 44
1.0
1001
ACAD
1000
MTEXTBEGIN
1070
    73
1070
     1
1070
    44
1040
1.0
1070
    74
1070
     0
1000
MTEXTEND
  0
LWPOLYLINE
  5
194
330
1F
100
AcDbEntity
  8
13700074v0
 62
     4
100
AcDbPolyline
 90
       10
 70
     1
 43
0.0
 10
6759.075801999917
 20
672.2593148847558
 42
0.4142135644993677
 10
6756.075801999917
 20
675.2593148847668
 10
6619.740885987845
 20
675.2593148847668
 42
-0.1095178022135853
 10
6618.473031202649
 20
675.5403915237261
 10
6483.343656785144
 20
738.5522536564173
 42
0.5486187911937877
 10
6479.075801999918
 20
735.8333302953764
 10
6479.075801999918
 20
598.2593148847668
 42
0.4142135609011525
 10
6482.075801999916
 20
595.2593148847667
 10
6756.075801999917
 20
595.2593148847667
 42
0.4142135628438636
 10
6759.075801999917
 20
598.2593148847668
  0
CIRCLE
  5
195
330
1F
100
AcDbEntity
  8
13700074v0
 62
     4
100
AcDbCircle
 10
6509.075801999917
 20
655.2593148847559
 30
0.0
 40
6.5
  0
CIRCLE
  5
196
330
1F
100
AcDbEntity
  8
13700074v0
 62
     4
100
AcDbCircle
 10
6509.075801999917
 20
615.2593148847558
 30
0.0
 40
6.5
  0
MTEXT
  5
197
330
1F
100
AcDbEntity
  8
Texto
 62
     4
100
AcDbMText
 10
6708.966891752438
 20
618.4822820065169
 30
0.0
 40
10.0
 41
129.8382706679495
 71
     1
 72
     5
  1
{\W3.097794; }13700074 pos.10
 11
-1.0
 21
0.0000000000000001
 31
0.0
 73
     1
 44
1.0
1001
ACAD
1000
MTEXTBEGIN
1070
    73
1070
     1
1070
    44
1040
1.0
1070
    74
1070
     0
1000
MTEXTEND
  0
LWPOLYLINE
  5
198
330
1F
100
AcDbEntity
  8
13719067v0
 62
     4
100
AcDbPolyline
 90
       12
 70
     1
 43
0.0
 10
6155.000000519999
 20
730.2593148847559
 10
6121.000000519999
 20
730.2593148847559
 42
0.4142135701673267
 10
6118.000000519999
 20
727.2593148847558
 10
6118.000000519999
 20
638.2593148847631
 42
-0.4142135649387473
 10
6115.00000052
 20
635.2593148847557
 10
5901.000000519999
 20
635.2593148847557
 42
0.414213559301456
 10
5898.000000519999
 20
632.259314884763
 10
5898.000000519999
 20
598.259314884763
 42
0.4142135566082056
 10
5901.000000519999
 20
595.2593148847557
 10
6155.000000519999
 20
595.2593148847557
 42
0.4142135619223497
 10
6158.000000519999
 20
598.259314884763
 10
6158.000000519999
 20
727.2593148847558
 42
0.4142135665392207
  0
CIRCLE
  5
199
330
1F
100
AcDbEntity
  8
13719067v0
 62
     4
100
AcDbCircle
 10
5973.000000519999
 20
615.259314884763
 30
0.0
 40
9.0
  0
CIRCLE
  5
19A
330
1F
100
AcDbEntity
  8
13719067v0
 62
     4
100
AcDbCircle
 10
5918.000000519999
 20
615.259314884763
 30
0.0
 40
8.999999999999943
  0
MTEXT
  5
19B
330
1F
100
AcDbEntity
  8
Texto
 62
     4
100
AcDbMText
 10
6128.844121002913
 20
613.4476915843336
 30
0.0
 40
10.0
 41
120.1259672672422
 71
     1
 72
     5
  1
{\W2.090919; }13719067 pos.11
 11
-1.0
 21
0.0000000000000001
 31
0.0
 73
     1
 44
1.0
1001
ACAD
1000
MTEXTBEGIN
1070
    73
1070
     1
1070
    44
1040
1.0
1070
    74
1070
     0
1000
MTEXTEND
  0
LWPOLYLINE
  5
19C
330
1F
100
AcDbEntity
  8
1LBR1002162
 62
     4
100
AcDbPolyline
 90
       26
 70
     1
 43
0.0
 10
5875.00000052
 20
625.2593148847558
 10
5818.000000519999
 20
625.2593148847558
 10
5818.000000519999
 20
675.2593148847668
 10
5808.000000519999
 20
685.2593148847668
 10
5781.603326081328
 20
685.2593148847668
 42
0.3316792674451712
 10
5778.728381538823
 20
683.116457742039
 42
-0.7453559926455031
 10
5697.271619501234
 20
683.116457742039
 42
0.3316792736218427
 10
5694.396674958728
 20
685.2593148847668
 10
5641.603326081328
 20
685.2593148847668
 42
0.3316792792666368
 10
5638.728381538824
 20
683.116457742039
 42
-0.74535599258521
 10
5557.271619501235
 20
683.116457742039
 42
0.3316792755769937
 10
5554.396674958727
 20
685.2593148847668
 10
5501.603326081329
 20
685.2593148847668
 42
0.3316792774576671
 10
5498.728381538824
 20
683.116457742039
 42
-0.7453559926455031
 10
5417.271619501235
 20
683.116457742039
 42
0.3316792775330501
 10
5414.396674958727
 20
685.2593148847668
 10
5388.000000519998
 20
685.2593148847668
 10
5378.000000519998
 20
675.2593148847668
 10
5378.000000519998
 20
625.2593148847558
 10
5321.000000519997
 20
625.2593148847558
 42
0.4142135586496346
 10
5318.000000519999
 20
622.2593148847668
 10
5318.000000519999
 20
598.2593148847557
 42
0.4142135691691383
 10
5321.000000519997
 20
595.2593148847667
 10
5875.00000052
 20
595.2593148847667
 42
0.4142135726624537
 10
5878.000000519997
 20
598.2593148847557
 10
5878.000000519997
 20
622.2593148847668
 42
0.4142135488962541
  0
LWPOLYLINE
  5
19D
330
1F
100
AcDbEntity
  8
1LBR1002162
 62
     4
100
AcDbPolyline
 90
        4
 70
     1
 43
0.0
 10
5513.000000519998
 20
665.2593148847557
 10
5513.000000519998
 20
615.2593148847557
 10
5543.000000519997
 20
615.2593148847557
 10
5543.000000519997
 20
665.2593148847557
  0
LWPOLYLINE
  5
19E
330
1F
100
AcDbEntity
  8
1LBR1002162
 62
     4
100
AcDbPolyline
 90
        4
 70
     1
 43
0.0
 10
5683.000000519999
 20
615.2593148847557
 10
5683.000000519999
 20
665.2593148847557
 10
5653.000000519997
 20
665.2593148847557
 10
5653.000000519997
 20
615.2593148847557
  0
MTEXT
  5
19F
330
1F
100
AcDbEntity
  8
Texto
 62
     4
100
AcDbMText
 10
5645.122612266481
 20
609.3207625675573
 30
0.0
 40
10.0
 41
95.46397375511153
 71
     1
 72
     5
  1
{\W1.080859; }1LBR1002162 \P{\W8.086132; }pos.5
 11
-1.0
 21
0.0000000000000001
 31
0.0
 73
     1
 44
1.0
1001
ACAD
1000
MTEXTBEGIN
1070
    73
1070
     1
1070
    44
1040
1.0
1070
    74
1070
     0
1000
MTEXTEND
  0
LWPOLYLINE
  5
1A0
330
1F
100
AcDbEntity
  8
13700074v0
 62
     4
100
AcDbPolyline
 90
       10
 70
     1
 43
0.0
 10
6458.000000519999
 20
673.4731222464563
 42
0.4142135682292771
 10
6455.000000519999
 20
676.4731222464672
 10
6318.665084507928
 20
676.4731222464672
 42
-0.1095178032959871
 10
6317.397229722701
 20
676.7541988854266
 10
6182.267855305226
 20
739.7660610181176
 42
0.5486187940814006
 10
6178.000000519999
 20
737.0471376570767
 10
6178.000000519999
 20
599.4731222464672
 42
0.4142135603341522
 10
6181.000000519999
 20
596.4731222464672
 10
6455.000000519999
 20
596.4731222464672
 42
0.4142135600986682
 10
6458.000000519999
 20
599.4731222464672
  0
CIRCLE
  5
1A1
330
1F
100
AcDbEntity
  8
13700074v0
 62
     4
100
AcDbCircle
 10
6208.000000519999
 20
656.4731222464563
 30
0.0
 40
6.499999999999886
  0
CIRCLE
  5
1A2
330
1F
100
AcDbEntity
  8
13700074v0
 62
     4
100
AcDbCircle
 10
6208.000000519999
 20
616.4731222464563
 30
0.0
 40
6.499999999999886
  0
MTEXT
  5
1A3
330
1F
100
AcDbEntity
  8
Texto
 62
     4
100
AcDbMText
 10
6407.070514195686
 20
628.0415478524685
 30
0.0
 40
10.0
 41
129.8382706679495
 71
     1
 72
     5
  1
{\W4.091643; }13700074 pos.9
 11
-1.0
 21
0.0000000000000001
 31
0.0
 73
     1
 44
1.0
1001
ACAD
1000
MTEXTBEGIN
1070
    73
1070
     1
1070
    44
1040
1.0
1070
    74
1070
     0
1000
MTEXTEND
  0
LWPOLYLINE
  5
1A4
330
1F
100
AcDbEntity
  8
1LBR1002162
 62
     4
100
AcDbPolyline
 90
       26
 70
     1
 43
0.0
 10
5298.000000519999
 20
605.0000000999999
 10
5298.000000519999
 20
662.0000000999998
 10
5348.000000519999
 20
662.0000000999998
 10
5358.000000519999
 20
672.0000000999998
 10
5358.000000519999
 20
698.3966745386707
 42
0.3316792517817282
 10
5355.85714337728
 20
701.2716190811765
 42
-0.7453559924512195
 10
5355.85714337728
 20
782.7283811187657
 42
0.3316792558066968
 10
5358.000000519999
 20
785.6033256612718
 10
5358.000000519999
 20
838.3966745386707
 42
0.3316792632785267
 10
5355.85714337728
 20
841.2716190811766
 42
-0.7453559923909267
 10
5355.85714337728
 20
922.7283811187657
 42
0.3316792577182625
 10
5358.000000519999
 20
925.6033256612719
 10
5358.000000519999
 20
978.396674538672
 42
0.3316792618830761
 10
5355.85714337728
 20
981.2716190811766
 42
-0.745355992451236
 10
5355.85714337728
 20
1062.728381118766
 42
0.3316792600220517
 10
5358.000000519999
 20
1065.603325661272
 10
5358.000000519999
 20
1092.000000100001
 10
5348.000000519999
 20
1102.000000100001
 10
5298.000000519999
 20
1102.000000100001
 10
5298.000000519999
 20
1159.000000100001
 42
0.4142135652533367
 10
5295.000000519999
 20
1162.0000001
 10
5271.000000519999
 20
1162.0000001
 42
0.4142135585875447
 10
5268.000000519999
 20
1159.000000100001
 10
5268.000000519999
 20
605.0000000999999
 42
0.4142135653852749
 10
5271.000000519999
 20
602.0000001000007
 10
5295.000000519999
 20
602.0000001000007
 42
0.414213558807856
  0
LWPOLYLINE
  5
1A5
330
1F
100
AcDbEntity
  8
1LBR1002162
 62
     4
100
AcDbPolyline
 90
        4
 70
     1
 43
0.0
 10
5338.000000519999
 20
967.0000001000007
 10
5288.000000519999
 20
967.0000001000007
 10
5288.000000519999
 20
937.0000001000008
 10
5338.000000519999
 20
937.0000001000008
  0
LWPOLYLINE
  5
1A6
330
1F
100
AcDbEntity
  8
1LBR1002162
 62
     4
100
AcDbPolyline
 90
        4
 70
     1
 43
0.0
 10
5288.000000519999
 20
797.0000000999998
 10
5338.000000519999
 20
797.0000000999998
 10
5338.000000519999
 20
827.0000001000006
 10
5288.000000519999
 20
827.0000001000006
  0
MTEXT
  5
1A7
330
1F
100
AcDbEntity
  8
Texto
 62
     4
100
AcDbMText
 10
5282.06144820279
 20
834.8773883535177
 30
0.0
 40
10.0
 41
95.46397375511153
 71
     1
 72
     5
  1
{\W1.080859; }1LBR1002162 \P{\W8.086132; }pos.5
 11
0.0000000000000001
 21
1.0
 31
0.0
 73
     1
 44
1.0
1001
ACAD
1000
MTEXTBEGIN
1070
    73
1070
     1
1070
    44
1040
1.0
1070
    74
1070
     0
1000
MTEXTEND
  0
LWPOLYLINE
  5
1A8
330
1F
100
AcDbEntity
  8
13742026v0
 62
     4
100
AcDbPolyline
 90
       16
 70
     1
 43
0.0
 10
7356.251757373899
 20
605.2593148847559
 10
7576.251757373897
 20
605.2593148847559
 42
0.4142135670058381
 10
7579.251757373898
 20
608.2593148847559
 10
7579.251757373898
 20
702.2593148847558
 42
-0.414213559268502
 10
7582.251757373898
 20
705.2593148847559
 10
7634.251757373897
 20
705.2593148847559
 42
0.4142135619182874
 10
7637.251757373897
 20
708.2593148847559
 10
7637.251757373897
 20
742.2593148847559
 42
0.4142135585915294
 10
7634.251757373897
 20
745.2593148847559
 10
7542.251757373898
 20
745.2593148847559
 42
0.4142135628867072
 10
7539.251757373898
 20
742.2593148847559
 10
7539.251757373898
 20
648.2593148847558
 42
-0.414213563873219
 10
7536.251757373898
 20
645.2593148847559
 10
7356.251757373899
 20
645.2593148847559
 42
0.414213559314298
 10
7353.251757373898
 20
642.2593148847449
 10
7353.251757373898
 20
608.2593148847559
 42
0.4142135635680975
  0
CIRCLE
  5
1A9
330
1F
100
AcDbEntity
  8
13742026v0
 62
     4
100
AcDbCircle
 10
7617.251757373899
 20
725.2593148847559
 30
0.0
 40
9.0
  0
CIRCLE
  5
1AA
330
1F
100
AcDbEntity
  8
13742026v0
 62
     4
100
AcDbCircle
 10
7559.251757373897
 20
725.2593148847559
 30
0.0
 40
9.0
  0
MTEXT
  5
1AB
330
1F
100
AcDbEntity
  8
Texto
 62
     4
100
AcDbMText
 10
7558.227332203454
 20
622.2091650658663
 30
0.0
 40
10.0
 41
151.8187803918045
 71
     1
 72
     5
  1
{\W5.924985; }13742026 pos.27
 11
-1.0
 21
0.0000000000000001
 31
0.0
 73
     1
 44
1.0
1001
ACAD
1000
MTEXTBEGIN
1070
    73
1070
     1
1070
    44
1040
1.0
1070
    74
1070
     0
1000
MTEXTEND
  0
LWPOLYLINE
  5
1AC
330
1F
100
AcDbEntity
  8
13719067v0
 62
     4
100
AcDbPolyline
 90
       12
 70
     1
 43
0.0
 10
6782.075801999916
 20
605.2997130743131
 10
6816.075801999915
 20
605.2997130743131
 42
0.4142135632443511
 10
6819.075801999915
 20
608.299713074313
 10
6819.075801999915
 20
697.2997130743057
 42
-0.4142135652532812
 10
6822.075801999917
 20
700.2997130743131
 10
7036.075801999917
 20
700.2997130743131
 42
0.4142135589168407
 10
7039.075801999917
 20
703.2997130743057
 10
7039.075801999917
 20
737.2997130743057
 42
0.4142135630422316
 10
7036.075801999917
 20
740.2997130743131
 10
6782.075801999916
 20
740.2997130743131
 42
0.4142135643137863
 10
6779.075801999915
 20
737.2997130743057
 10
6779.075801999915
 20
608.299713074313
 42
0.4142135669644709
  0
CIRCLE
  5
1AD
330
1F
100
AcDbEntity
  8
13719067v0
 62
     4
100
AcDbCircle
 10
6964.075801999915
 20
720.2997130743057
 30
0.0
 40
9.0
  0
CIRCLE
  5
1AE
330
1F
100
AcDbEntity
  8
13719067v0
 62
     4
100
AcDbCircle
 10
7019.075801999915
 20
720.2997130743057
 30
0.0
 40
8.999999999999943
  0
MTEXT
  5
1AF
330
1F
100
AcDbEntity
  8
Texto
 62
     4
100
AcDbMText
 10
6808.231681516971
 20
722.1113363747349
 30
0.0
 40
10.0
 41
120.1259672672422
 71
     1
 72
     5
  1
{\W2.090919; }13719067 pos.11
 73
     1
 44
1.0
1001
ACAD
1000
MTEXTBEGIN
1070
    73
1070
     1
1070
    44
1040
1.0
1070
    74
1070
     0
1000
MTEXTEND
  0
LWPOLYLINE
  5
1B0
330
1F
100
AcDbEntity
  8
13719067v0
 62
     4
100
AcDbPolyline
 90
       12
 70
     1
 43
0.0
 10
7096.075801999916
 20
745.2593148847559
 10
7062.075801999917
 20
745.2593148847559
 42
0.4142135680217188
 10
7059.075801999917
 20
742.2593148847559
 10
7059.075801999917
 20
653.2593148847559
 42
-0.4142135660907618
 10
7056.075801999918
 20
650.2593148847449
 10
6842.075801999917
 20
650.2593148847449
 42
0.4142135636959732
 10
6839.075801999917
 20
647.2593148847558
 10
6839.075801999917
 20
613.2593148847559
 42
0.4142135577769245
 10
6842.075801999917
 20
610.2593148847449
 10
7096.075801999916
 20
610.2593148847449
 42
0.414213563919681
 10
7099.075801999916
 20
613.2593148847559
 10
7099.075801999916
 20
742.2593148847559
 42
0.4142135643926695
  0
CIRCLE
  5
1B1
330
1F
100
AcDbEntity
  8
13719067v0
 62
     4
100
AcDbCircle
 10
6914.075801999917
 20
630.2593148847559
 30
0.0
 40
9.0
  0
CIRCLE
  5
1B2
330
1F
100
AcDbEntity
  8
13719067v0
 62
     4
100
AcDbCircle
 10
6859.075801999917
 20
630.2593148847559
 30
0.0
 40
8.999999999999943
  0
MTEXT
  5
1B3
330
1F
100
AcDbEntity
  8
Texto
 62
     4
100
AcDbMText
 10
7069.919922482831
 20
628.4476915833952
 30
0.0
 40
10.0
 41
120.1259672672422
 71
     1
 72
     5
  1
{\W2.090919; }13719067 pos.11
 11
-1.0
 21
0.0000000000000001
 31
0.0
 73
     1
 44
1.0
1001
ACAD
1000
MTEXTBEGIN
1070
    73
1070
     1
1070
    44
1040
1.0
1070
    74
1070
     0
1000
MTEXTEND
  0
LWPOLYLINE
  5
1B4
330
1F
100
AcDbEntity
  8
13893546
 62
     4
100
AcDbPolyline
 90
       12
 70
     1
 43
0.0
 10
5885.506098519999
 20
722.2593148847558
 10
5841.000000732299
 20
722.2593148847558
 42
0.4142135600990344
 10
5838.000000732299
 20
719.2593148847556
 10
5838.000000732299
 20
658.2593148847557
 42
0.4142135623015707
 10
5841.000000732299
 20
655.2593148847558
 10
6094.000000732298
 20
655.2593148847558
 42
0.4142135608687311
 10
6097.000000732299
 20
658.2593148847557
 10
6097.000000732299
 20
719.2593148847556
 42
0.4142135586656842
 10
6094.000000732298
 20
722.2593148847558
 10
6049.493902944599
 20
722.2593148847558
 42
0.1604098331264648
 10
6047.711426809562
 20
721.6723583632632
 42
-0.329292779969817
 10
5887.288574655063
 20
721.6723583632632
 42
0.1604098259882358
  0
CIRCLE
  5
1B5
330
1F
100
AcDbEntity
  8
13893546
 62
     4
100
AcDbCircle
 10
5858.000000732299
 20
702.2593148847557
 30
0.0
 40
8.0
  0
CIRCLE
  5
1B6
330
1F
100
AcDbEntity
  8
13893546
 62
     4
100
AcDbCircle
 10
6077.000000732299
 20
702.2593148847557
 30
0.0
 40
8.0
  0
MTEXT
  5
1B7
330
1F
100
AcDbEntity
  8
Texto
 62
     4
100
AcDbMText
 10
5882.081030969612
 20
677.1518083776758
 30
0.0
 40
10.0
 41
175.71700701812
 71
     1
 72
     5
  1
{\W5.00225;  }13893546 pos.7
 73
     1
 44
1.0
1001
ACAD
1000
MTEXTBEGIN
1070
    73
1070
     1
1070
    44
1040
1.0
1070
    74
1070
     0
1000
MTEXTEND
  0
LWPOLYLINE
  5
1B8
330
1F
100
AcDbEntity
  8
13742026v0
 62
     4
100
AcDbPolyline
 90
       16
 70
     1
 43
0.0
 10
7296.251757373898
 20
665.2593148847558
 10
7516.251757373898
 20
665.2593148847558
 42
0.4142135658692962
 10
7519.251757373898
 20
668.2593148847632
 10
7519.251757373898
 20
762.2593148847559
 42
-0.4142135637190821
 10
7522.251757373898
 20
765.259314884763
 10
7574.251757373898
 20
765.259314884763
 42
0.4142135645073371
 10
7577.251757373898
 20
768.2593148847558
 10
7577.251757373898
 20
802.2593148847558
 42
0.4142135616641784
 10
7574.251757373898
 20
805.259314884763
 10
7482.251757373898
 20
805.259314884763
 42
0.4142135640181103
 10
7479.251757373898
 20
802.2593148847558
 10
7479.251757373898
 20
708.2593148847632
 42
-0.4142135594328947
 10
7476.251757373898
 20
705.2593148847559
 10
7296.251757373898
 20
705.2593148847559
 42
0.4142135619229381
 10
7293.251757373898
 20
702.2593148847631
 10
7293.251757373898
 20
668.2593148847632
 42
0.4142135670643097
  0
CIRCLE
  5
1B9
330
1F
100
AcDbEntity
  8
13742026v0
 62
     4
100
AcDbCircle
 10
7557.251757373897
 20
785.2593148847558
 30
0.0
 40
9.0
  0
CIRCLE
  5
1BA
330
1F
100
AcDbEntity
  8
13742026v0
 62
     4
100
AcDbCircle
 10
7499.251757373897
 20
785.2593148847558
 30
0.0
 40
9.0
  0
MTEXT
  5
1BB
330
1F
100
AcDbEntity
  8
Texto
 62
     4
100
AcDbMText
 10
7498.227332203454
 20
682.2091650658737
 30
0.0
 40
10.0
 41
151.8187803918045
 71
     1
 72
     5
  1
{\W5.924985; }13742026 pos.27
 11
-1.0
 21
0.0000000000000001
 31
0.0
 73
     1
 44
1.0
1001
ACAD
1000
MTEXTBEGIN
1070
    73
1070
     1
1070
    44
1040
1.0
1070
    74
1070
     0
1000
MTEXTEND
  0
LWPOLYLINE
  5
1BC
330
1F
100
AcDbEntity
  8
MN-21013-14
 62
     4
100
AcDbPolyline
 90
       18
 70
     1
 43
0.0
 10
6685.917134328358
 20
775.4342485484526
 10
6685.917134328358
 20
755.4342485484526
 10
6658.917134328359
 20
755.4342485484526
 10
6658.917134328359
 20
735.4342485484526
 10
6620.91713432836
 20
735.4342485484526
 10
6620.91713432836
 20
698.4342485484526
 42
0.4142135526402926
 10
6623.91713432836
 20
695.4342485484525
 10
6742.91713432836
 20
695.4342485484525
 42
0.4142135483658597
 10
6745.91713432836
 20
698.4342485484526
 10
6745.91713432836
 20
755.4342485484526
 10
6757.917134328358
 20
755.4342485484526
 42
0.4142135670119539
 10
6760.917134328358
 20
758.4342485484526
 10
6760.917134328358
 20
832.4342485484526
 42
0.4142135623729619
 10
6757.917134328358
 20
835.4342485484526
 10
6730.917134328358
 20
835.4342485484526
 10
6730.917134328358
 20
795.4342485484525
 10
6700.917134328358
 20
795.4342485484525
 10
6700.917134328358
 20
775.4342485484526
  0
MTEXT
  5
1BD
330
1F
100
AcDbEntity
  8
Texto
 62
     4
100
AcDbMText
 10
6738.52873886853
 20
709.1356063322023
 30
0.0
 40
10.0
 41
127.8872646239033
 71
     1
 72
     5
  1
mn-21013-14
 11
-1.0
 21
0.0000000000000001
 31
0.0
 73
     1
 44
1.0
1001
ACAD
1000
MTEXTBEGIN
1070
    73
1070
     1
1070
    44
1040
1.0
1070
    74
1070
     0
1000
MTEXTEND
  0
LWPOLYLINE
  5
1BE
330
1F
100
AcDbEntity
  8
MN-21013-14
 62
     4
100
AcDbPolyline
 90
       18
 70
     1
 43
0.0
 10
6399.075801999916
 20
776.4731222464563
 10
6399.075801999916
 20
756.4731222464563
 10
6372.075801999916
 20
756.4731222464563
 10
6372.075801999916
 20
736.4731222464563
 10
6334.075801999919
 20
736.4731222464563
 10
6334.075801999919
 20
699.4731222464563
 42
0.4142135609955525
 10
6337.075801999919
 20
696.4731222464563
 10
6456.075801999947
 20
696.4731222464563
 42
0.4142135532526113
 10
6459.075801999947
 20
699.4731222464563
 10
6459.075801999947
 20
756.4731222464563
 10
6471.075801999916
 20
756.4731222464563
 42
0.4142135586561832
 10
6474.075801999916
 20
759.4731222464563
 10
6474.075801999946
 20
833.4731222464563
 42
0.4142135627924292
 10
6471.075801999948
 20
836.4731222464563
 10
6444.075801999918
 20
836.4731222464563
 10
6444.075801999918
 20
796.4731222464563
 10
6414.075801999918
 20
796.4731222464563
 10
6414.075801999918
 20
776.4731222464563
  0
MTEXT
  5
1BF
330
1F
100
AcDbEntity
  8
Texto
 62
     4
100
AcDbMText
 10
6451.687406540088
 20
710.174480030206
 30
0.0
 40
10.0
 41
127.8872646239033
 71
     1
 72
     5
  1
mn-21013-14
 11
-1.0
 21
0.0000000000000001
 31
0.0
 73
     1
 44
1.0
1001
ACAD
1000
MTEXTBEGIN
1070
    73
1070
     1
1070
    44
1040
1.0
1070
    74
1070
     0
1000
MTEXTEND
  0
LWPOLYLINE
  5
1C0
330
1F
100
AcDbEntity
  8
13719067v0
 62
     4
100
AcDbPolyline
 90
       10
 70
     1
 43
0.0
 10
5698.000000519999
 20
782.2593148847559
 42
0.4142135640372011
 10
5695.000000519997
 20
785.2593148847558
 10
5538.708204452502
 20
785.2593148847558
 42
-0.1164338100630433
 10
5537.366563666001
 20
785.5760333122126
 10
5382.341641306498
 20
863.0884944920838
 42
0.5575365183262041
 10
5378.00000052
 20
860.4052129186133
 10
5378.00000052
 20
708.2593148847556
 42
0.4142135680320524
 10
5381.000000519998
 20
705.2593148847556
 10
5695.000000519997
 20
705.2593148847556
 42
0.4142135655977058
 10
5698.000000519999
 20
708.2593148847556
  0
CIRCLE
  5
1C1
330
1F
100
AcDbEntity
  8
13719067v0
 62
     4
100
AcDbCircle
 10
5408.000000519999
 20
765.2593148847558
 30
0.0
 40
6.5
  0
CIRCLE
  5
1C2
330
1F
100
AcDbEntity
  8
13719067v0
 62
     4
100
AcDbCircle
 10
5408.000000519999
 20
725.2593148847559
 30
0.0
 40
6.5
  0
CIRCLE
  5
1C3
330
1F
100
AcDbEntity
  8
13719067v0
 62
     4
100
AcDbCircle
 10
5673.000000519999
 20
745.2593148847559
 30
0.0
 40
9.000000000000227
  0
MTEXT
  5
1C4
330
1F
100
AcDbEntity
  8
Texto
 62
     4
100
AcDbMText
 10
5589.162593968593
 20
735.6054658464529
 30
0.0
 40
10.0
 41
120.1259672672422
 71
     1
 72
     5
  1
{\W1.842237; }13719067 pos.27
 11
-1.0
 21
0.0000000000000001
 31
0.0
 73
     1
 44
1.0
1001
ACAD
1000
MTEXTBEGIN
1070
    73
1070
     1
1070
    44
1040
1.0
1070
    74
1070
     0
1000
MTEXTEND
  0
LWPOLYLINE
  5
1C5
330
1F
100
AcDbEntity
  8
MN-21013-14
 62
     4
100
AcDbPolyline
 90
       18
 70
     1
 43
0.0
 10
6359.075801999916
 20
776.4731222464563
 10
6359.075801999916
 20
796.4731222464563
 10
6386.075801999917
 20
796.4731222464563
 10
6386.075801999917
 20
816.4731222464563
 10
6424.075801999915
 20
816.4731222464563
 10
6424.075801999915
 20
853.4731222464563
 42
0.4142135613996916
 10
6421.075801999915
 20
856.4731222464564
 10
6302.075801999915
 20
856.4731222464564
 42
0.4142135528514803
 10
6299.075801999915
 20
853.4731222464563
 10
6299.075801999915
 20
796.4731222464563
 10
6287.075801999916
 20
796.4731222464563
 42
0.4142135582512449
 10
6284.075801999916
 20
793.4731222464563
 10
6284.075801999916
 20
719.4731222464563
 42
0.4142135668593264
 10
6287.075801999916
 20
716.4731222464563
 10
6314.075801999917
 20
716.4731222464563
 10
6314.075801999917
 20
756.4731222464563
 10
6344.075801999915
 20
756.4731222464563
 10
6344.075801999915
 20
776.4731222464563
  0
MTEXT
  5
1C6
330
1F
100
AcDbEntity
  8
Texto
 62
     4
100
AcDbMText
 10
6306.464197459743
 20
842.7717644627064
 30
0.0
 40
10.0
 41
127.8872646239033
 71
     1
 72
     5
  1
mn-21013-14
 73
     1
 44
1.0
1001
ACAD
1000
MTEXTBEGIN
1070
    73
1070
     1
1070
    44
1040
1.0
1070
    74
1070
     0
1000
MTEXTEND
  0
LWPOLYLINE
  5
1C7
330
1F
100
AcDbEntity
  8
13893546
 62
     4
100
AcDbPolyline
 90
       12
 70
     1
 43
0.0
 10
5941.569703999916
 20
718.3421800304887
 10
5986.075801787616
 20
718.3421800304887
 42
0.4142135624672399
 10
5989.075801787616
 20
721.342180030496
 10
5989.075801787616
 20
782.342180030496
 42
0.4142135590807672
 10
5986.075801787616
 20
785.3421800304886
 10
5733.075801787617
 20
785.3421800304886
 42
0.4142135607643083
 10
5730.075801787616
 20
782.342180030496
 10
5730.075801787616
 20
721.342180030496
 42
0.4142135604327258
 10
5733.075801787617
 20
718.3421800304887
 10
5777.581899575319
 20
718.3421800304887
 42
0.1604098332199294
 10
5779.36437571038
 20
718.9291365519885
 42
-0.3292927799702984
 10
5939.787227864882
 20
718.9291365519885
 42
0.1604098291328636
  0
CIRCLE
  5
1C8
330
1F
100
AcDbEntity
  8
13893546
 62
     4
100
AcDbCircle
 10
5969.075801787619
 20
738.342180030496
 30
0.0
 40
8.0
  0
CIRCLE
  5
1C9
330
1F
100
AcDbEntity
  8
13893546
 62
     4
100
AcDbCircle
 10
5750.075801787616
 20
738.342180030496
 30
0.0
 40
8.0
  0
MTEXT
  5
1CA
330
1F
100
AcDbEntity
  8
Texto
 62
     4
100
AcDbMText
 10
5944.994771550304
 20
763.4496865375687
 30
0.0
 40
10.0
 41
175.71700701812
 71
     1
 72
     5
  1
{\W9.994827; }13893546 pos.5
 11
-1.0
 21
0.0000000000000001
 31
0.0
 73
     1
 44
1.0
1001
ACAD
1000
MTEXTBEGIN
1070
    73
1070
     1
1070
    44
1040
1.0
1070
    74
1070
     0
1000
MTEXTEND
  0
LWPOLYLINE
  5
1CB
330
1F
100
AcDbEntity
  8
13893546
 62
     4
100
AcDbPolyline
 90
       12
 70
     1
 43
0.0
 10
7247.757855373897
 20
792.2593148847559
 10
7203.251757586198
 20
792.2593148847559
 42
0.4142135595467744
 10
7200.251757586197
 20
789.2593148847558
 10
7200.251757586197
 20
728.2593148847559
 42
0.4142135617491773
 10
7203.251757586198
 20
725.2593148847559
 10
7456.251757586198
 20
725.2593148847559
 42
0.4142135618392821
 10
7459.251757586198
 20
728.2593148847559
 10
7459.251757586198
 20
789.2593148847558
 42
0.414213559637001
 10
7456.251757586198
 20
792.2593148847559
 10
7411.745659798497
 20
792.2593148847559
 42
0.1604098360297435
 10
7409.963183663433
 20
791.6723583632633
 42
-0.3292927799698217
 10
7249.540331508931
 20
791.6723583632633
 42
0.1604098332980216
  0
CIRCLE
  5
1CC
330
1F
100
AcDbEntity
  8
13893546
 62
     4
100
AcDbCircle
 10
7220.251757586194
 20
772.2593148847558
 30
0.0
 40
8.0
  0
CIRCLE
  5
1CD
330
1F
100
AcDbEntity
  8
13893546
 62
     4
100
AcDbCircle
 10
7439.251757586197
 20
772.2593148847558
 30
0.0
 40
8.0
  0
MTEXT
  5
1CE
330
1F
100
AcDbEntity
  8
Texto
 62
     4
100
AcDbMText
 10
7244.332787823509
 20
747.1518083776759
 30
0.0
 40
10.0
 41
175.71700701812
 71
     1
 72
     5
  1
{\W9.994827; }13893546 pos.5
 73
     1
 44
1.0
1001
ACAD
1000
MTEXTBEGIN
1070
    73
1070
     1
1070
    44
1040
1.0
1070
    74
1070
     0
1000
MTEXTEND
  0
LWPOLYLINE
  5
1CF
330
1F
100
AcDbEntity
  8
MN-21013-14
 62
     4
100
AcDbPolyline
 90
       18
 70
     1
 43
0.0
 10
6594.755941999917
 20
826.1374073204907
 10
6581.302486100023
 20
811.3386058707238
 10
6561.324104142838
 20
829.5007713355801
 10
6547.870648242945
 20
814.7019698858132
 10
6519.752925488386
 20
840.2635360956109
 10
6494.864032073585
 20
812.8857534135422
 42
0.4142135564651124
 10
6495.065833906065
 20
808.6479148110933
 10
6583.118702532178
 20
728.5998522067269
 42
0.4142135610388028
 10
6587.356541134626
 20
728.8016540392081
 10
6625.698890449323
 20
770.9782381710433
 10
6634.578171319184
 20
762.9061646311073
 42
0.4142135664383956
 10
6638.816009921633
 20
763.1079664635881
 10
6688.593796751238
 20
817.8635318277255
 42
0.4142135585485077
 10
6688.391994918759
 20
822.1013704301746
 10
6668.413612961574
 20
840.2635358950307
 10
6641.506701161785
 20
810.6659329954974
 10
6619.308498987137
 20
830.8461168453368
 10
6605.855043087243
 20
816.0473153955701
  0
MTEXT
  5
1D0
330
1F
100
AcDbEntity
  8
Texto
 62
     4
100
AcDbMText
 10
6589.088083513143
 20
741.6899901179276
 30
0.0
 40
10.0
 41
127.8872646239033
 71
     1
 72
     5
  1
mn-21013-14
 11
-0.7399400724881878
 21
0.6726727949948441
 31
0.0
 73
     1
 44
1.0
1001
ACAD
1000
MTEXTBEGIN
1070
    73
1070
     1
1070
    44
1040
1.0
1070
    74
1070
     0
1000
MTEXTEND
  0
LWPOLYLINE
  5
1D1
330
1F
100
AcDbEntity
  8
MN-21013-14
 62
     4
100
AcDbPolyline
 90
       18
 70
     1
 43
0.0
 10
5989.075801999916
 20
807.2593148847559
 10
6009.075801999916
 20
807.2593148847211
 10
6009.07580199987
 20
780.2593148847217
 10
6029.075801999869
 20
780.2593148846868
 10
6029.075801999802
 20
742.259314884686
 10
6066.075801999802
 20
742.2593148846214
 42
0.4142135530416569
 10
6069.075801999808
 20
745.259314884616
 10
6069.075802000016
 20
864.259314884616
 42
0.4142135612095151
 10
6066.07580200002
 20
867.2593148846214
 10
6009.07580200002
 20
867.259314884721
 10
6009.075802000041
 20
879.2593148847211
 42
0.4142135666112777
 10
6006.075802000047
 20
882.2593148847261
 10
5932.075802000047
 20
882.2593148848552
 42
0.4142135619724301
 10
5929.075802000041
 20
879.2593148848608
 10
5929.075801999994
 20
852.2593148848613
 10
5969.075801999994
 20
852.2593148847915
 10
5969.075801999942
 20
822.2593148847908
 10
5989.075801999941
 20
822.2593148847559
  0
MTEXT
  5
1D2
330
1F
100
AcDbEntity
  8
Texto
 62
     4
100
AcDbMText
 10
6055.374444216258
 20
859.8709194248113
 30
0.0
 40
10.0
 41
127.8872646239033
 71
     1
 72
     5
  1
mn-21013-14
 11
-0.0000000000018192
 21
-1.0
 31
0.0
 73
     1
 44
1.0
1001
ACAD
1000
MTEXTBEGIN
1070
    73
1070
     1
1070
    44
1040
1.0
1070
    74
1070
     0
1000
MTEXTEND
  0
LWPOLYLINE
  5
1D3
330
1F
100
AcDbEntity
  8
MN-21013-14
 62
     4
100
AcDbPolyline
 90
       18
 70
     1
 43
0.0
 10
6895.917134328358
 20
840.2997130743131
 10
6895.917134328358
 20
820.2997130743131
 10
6868.917134328357
 20
820.2997130743131
 10
6868.917134328357
 20
800.299713074313
 10
6830.917134328358
 20
800.299713074313
 10
6830.917134328358
 20
763.2997130743131
 42
0.4142135560637038
 10
6833.917134328358
 20
760.2997130743131
 10
6952.917134328359
 20
760.2997130743131
 42
0.4142135620684729
 10
6955.917134328358
 20
763.2997130743131
 10
6955.917134328358
 20
820.2997130743131
 10
6967.917134328359
 20
820.2997130743131
 42
0.4142135668393143
 10
6970.917134328359
 20
823.2997130743131
 10
6970.917134328359
 20
897.2997130743131
 42
0.4142135589489623
 10
6967.917134328359
 20
900.299713074313
 10
6940.917134328357
 20
900.299713074313
 10
6940.917134328357
 20
860.2997130743132
 10
6910.917134328357
 20
860.2997130743132
 10
6910.917134328357
 20
840.2997130743131
  0
MTEXT
  5
1D4
330
1F
100
AcDbEntity
  8
Texto
 62
     4
100
AcDbMText
 10
6948.528738868532
 20
774.0010708580626
 30
0.0
 40
10.0
 41
127.8872646239033
 71
     1
 72
     5
  1
mn-21013-14
 11
-1.0
 21
0.0000000000000001
 31
0.0
 73
     1
 44
1.0
1001
ACAD
1000
MTEXTBEGIN
1070
    73
1070
     1
1070
    44
1040
1.0
1070
    74
1070
     0
1000
MTEXTEND
  0
LWPOLYLINE
  5
1D5
330
1F
100
AcDbEntity
  8
MN-21013-14
 62
     4
100
AcDbPolyline
 90
       18
 70
     1
 43
0.0
 10
6204.075801999916
 20
844.0124607842211
 10
6204.075801999916
 20
824.012460784221
 10
6177.075801999917
 20
824.012460784221
 10
6177.075801999917
 20
804.012460784221
 10
6139.075801999917
 20
804.012460784221
 10
6139.075801999917
 20
767.012460784221
 42
0.4142135576879187
 10
6142.075801999917
 20
764.012460784221
 10
6261.075801999917
 20
764.012460784221
 42
0.4142135565632531
 10
6264.075801999917
 20
767.012460784221
 10
6264.075801999917
 20
824.012460784221
 10
6276.075801999915
 20
824.012460784221
 42
0.4142135619627182
 10
6279.075801999915
 20
827.0124607842211
 10
6279.075801999915
 20
901.0124607842211
 42
0.4142135705702892
 10
6276.075801999915
 20
904.012460784221
 10
6249.075801999915
 20
904.012460784221
 10
6249.075801999915
 20
864.012460784221
 10
6219.075801999917
 20
864.012460784221
 10
6219.075801999917
 20
844.0124607842211
  0
MTEXT
  5
1D6
330
1F
100
AcDbEntity
  8
Texto
 62
     4
100
AcDbMText
 10
6256.687406540089
 20
777.7138185679707
 30
0.0
 40
10.0
 41
127.8872646239033
 71
     1
 72
     5
  1
mn-21013-14
 11
-1.0
 21
0.0000000000000001
 31
0.0
 73
     1
 44
1.0
1001
ACAD
1000
MTEXTBEGIN
1070
    73
1070
     1
1070
    44
1040
1.0
1070
    74
1070
     0
1000
MTEXTEND
  0
LWPOLYLINE
  5
1D7
330
1F
100
AcDbEntity
  8
0
 62
     4
100
AcDbPolyline
 90
       25
 70
     1
 43
0.0
 10
7011.251757373898
 20
795.2593148847559
 10
7011.251757373898
 20
768.2593148847558
 42
0.4142135680000529
 10
7014.251757373897
 20
765.2593148847558
 10
7177.251757373896
 20
765.2593148847558
 42
0.4142135584192117
 10
7180.251757373898
 20
768.2593148847558
 10
7180.251757373898
 20
912.259314884756
 42
0.4142135645127091
 10
7177.251757373896
 20
915.2593148847559
 10
7149.251757373896
 20
915.2593148847559
 10
7149.251757373896
 20
895.2593148847558
 10
7137.251757373897
 20
895.2593148847558
 10
7137.251757373897
 20
875.2593148847559
 10
7121.251757373896
 20
875.2593148847559
 10
7121.251757373896
 20
855.2593148847559
 10
7112.251757373897
 20
855.2593148847559
 10
7112.251757373897
 20
845.2593148847558
 10
7102.251757373896
 20
845.2593148847558
 10
7102.251757373896
 20
835.2593148847558
 10
7090.251757373898
 20
835.2593148847558
 10
7090.251757373898
 20
825.2593148847559
 10
7076.251757373897
 20
825.2593148847559
 10
7076.251757373897
 20
815.2593148847559
 10
7060.251757373896
 20
815.2593148847559
 10
7060.251757373896
 20
805.2593148847559
 10
7039.251757373898
 20
805.2593148847559
 10
7039.251757373898
 20
795.2593148847559
  0
MTEXT
  5
1D8
330
1F
100
AcDbEntity
  8
Texto
 62
     4
100
AcDbMText
 10
7063.388156757959
 20
800.7321059213431
 30
0.0
 40
10.0
 41
108.6825888813764
 71
     1
 72
     5
  1
9431295 pos.3
 73
     1
 44
1.0
1001
ACAD
1000
MTEXTBEGIN
1070
    73
1070
     1
1070
    44
1040
1.0
1070
    74
1070
     0
1000
MTEXTEND
  0
LWPOLYLINE
  5
1D9
330
1F
100
AcDbEntity
  8
MN-21013-14
 62
     4
100
AcDbPolyline
 90
       18
 70
     1
 43
0.0
 10
6855.917134328358
 20
840.2997130743131
 10
6855.917134328358
 20
860.2997130743132
 10
6882.917134328358
 20
860.2997130743132
 10
6882.917134328358
 20
880.2997130743131
 10
6920.917134328359
 20
880.2997130743131
 10
6920.917134328359
 20
917.2997130743132
 42
0.4142135554712529
 10
6917.917134328359
 20
920.2997130743131
 10
6798.917134328357
 20
920.2997130743131
 42
0.4142135600450805
 10
6795.917134328359
 20
917.2997130743132
 10
6795.917134328359
 20
860.2997130743132
 10
6783.917134328358
 20
860.2997130743132
 42
0.4142135654445344
 10
6780.917134328358
 20
857.299713074313
 10
6780.917134328358
 20
783.2997130743131
 42
0.414213566165505
 10
6783.917134328358
 20
780.2997130743131
 10
6810.917134328358
 20
780.2997130743131
 10
6810.917134328358
 20
820.2997130743131
 10
6840.917134328357
 20
820.2997130743131
 10
6840.917134328357
 20
840.2997130743131
  0
MTEXT
  5
1DA
330
1F
100
AcDbEntity
  8
Texto
 62
     4
100
AcDbMText
 10
6803.305529788186
 20
906.5983552896355
 30
0.0
 40
10.0
 41
127.8872646239033
 71
     1
 72
     5
  1
mn-21013-14
 73
     1
 44
1.0
1001
ACAD
1000
MTEXTBEGIN
1070
    73
1070
     1
1070
    44
1040
1.0
1070
    74
1070
     0
1000
MTEXTEND
  0
LWPOLYLINE
  5
1DB
330
1F
100
AcDbEntity
  8
0
 62
     4
100
AcDbPolyline
 90
       25
 70
     1
 43
0.0
 10
7332.565091373897
 20
991.7783546702706
 10
7312.190747007285
 20
1009.49518541481
 42
0.4142135616532066
 10
7307.958394217156
 20
1009.199906123469
 10
7201.001230833452
 20
886.1992345768825
 42
0.4142135637656461
 10
7201.296510124793
 20
881.9668817867544
 10
7309.959680080054
 20
787.4771178158785
 42
0.4142135688211491
 10
7314.192032870188
 20
787.7723971072149
 10
7332.565042531192
 20
808.901346820739
 10
7317.472935592957
 20
822.0249251500328
 10
7325.347082590529
 20
831.0801893129717
 10
7310.254975652302
 20
844.2037676422561
 10
7320.753838315734
 20
856.2774531928411
 10
7305.661731377497
 20
869.4010315221351
 10
7311.567341625679
 20
876.1924796443393
 10
7304.021288156566
 20
882.754268808979
 10
7310.583077321211
 20
890.3003222780947
 10
7303.037023852095
 20
896.8621114427394
 10
7310.91117084967
 20
905.9173756056782
 10
7303.365117380554
 20
912.4791647703226
 10
7312.551622211056
 20
923.0436396270848
 10
7305.005568741933
 20
929.6054287917339
 10
7315.504431405365
 20
941.6791143423193
 10
7307.958377936254
 20
948.240903506959
 10
7321.738135182011
 20
964.087615792102
 10
7314.192081712893
 20
970.6494049567465
  0
MTEXT
  5
1DC
330
1F
100
AcDbEntity
  8
Texto
 62
     4
100
AcDbMText
 10
7302.484082696446
 20
948.8448188339122
 30
0.0
 40
10.0
 41
108.6825888813764
 71
     1
 72
     5
  1
9431295 pos.3
 11
-0.6561789164644313
 21
-0.7546053469115926
 31
0.0
 73
     1
 44
1.0
1001
ACAD
1000
MTEXTBEGIN
1070
    73
1070
     1
1070
    44
1040
1.0
1070
    74
1070
     0
1000
MTEXTEND
  0
LWPOLYLINE
  5
1DD
330
1F
100
AcDbEntity
  8
MN-21013-14
 62
     4
100
AcDbPolyline
 90
       18
 70
     1
 43
0.0
 10
6164.075801999917
 20
848.0305950413104
 10
6164.075801999917
 20
868.0305950413105
 10
6191.075801999918
 20
868.0305950413105
 10
6191.075801999918
 20
888.0305950413104
 10
6229.075801999918
 20
888.0305950413104
 10
6229.075801999918
 20
925.0305950413105
 42
0.4142135572879753
 10
6226.075801999918
 20
928.0305950413104
 10
6107.075801999918
 20
928.0305950413104
 42
0.4142135569642399
 10
6104.075801999918
 20
925.0305950413105
 10
6104.075801999918
 20
868.0305950413105
 10
6092.075801999918
 20
868.0305950413105
 42
0.4142135623636939
 10
6089.075801999918
 20
865.0305950413104
 10
6089.075801999918
 20
791.0305950413104
 42
0.4142135709717867
 10
6092.075801999918
 20
788.0305950413104
 10
6119.075801999919
 20
788.0305950413104
 10
6119.075801999919
 20
828.0305950413104
 10
6149.075801999918
 20
828.0305950413104
 10
6149.075801999918
 20
848.0305950413104
  0
MTEXT
  5
1DE
330
1F
100
AcDbEntity
  8
Texto
 62
     4
100
AcDbMText
 10
6111.464197459774
 20
914.3292372575608
 30
0.0
 40
10.0
 41
127.8872646239033
 71
     1
 72
     5
  1
mn-21013-14
 73
     1
 44
1.0
1001
ACAD
1000
MTEXTBEGIN
1070
    73
1070
     1
1070
    44
1040
1.0
1070
    74
1070
     0
1000
MTEXTEND
  0
LWPOLYLINE
  5
1DF
330
1F
100
AcDbEntity
  8
MN-21013-14
 62
     4
100
AcDbPolyline
 90
       18
 70
     1
 43
0.0
 10
5834.075801999916
 20
885.3421800304886
 10
5834.075801999916
 20
865.3421800304887
 10
5807.075801999917
 20
865.3421800304887
 10
5807.075801999917
 20
845.3421800304885
 10
5769.075801999917
 20
845.3421800304885
 10
5769.075801999917
 20
808.3421800304886
 42
0.4142135550702105
 10
5772.075801999917
 20
805.3421800304885
 10
5891.075801999918
 20
805.3421800304885
 42
0.4142135610747687
 10
5894.075801999917
 20
808.3421800304886
 10
5894.075801999917
 20
865.3421800304887
 10
5906.075801999917
 20
865.3421800304887
 42
0.4142135658455214
 10
5909.075801999916
 20
868.3421800304886
 10
5909.075801999915
 20
942.3421800304888
 42
0.414213566566181
 10
5906.075801999915
 20
945.3421800304887
 10
5879.075801999916
 20
945.3421800304887
 10
5879.075801999917
 20
905.3421800304887
 10
5849.075801999917
 20
905.3421800304887
 10
5849.075801999917
 20
885.3421800304886
  0
MTEXT
  5
1E0
330
1F
100
AcDbEntity
  8
Texto
 62
     4
100
AcDbMText
 10
5886.68740654009
 20
819.0435378151661
 30
0.0
 40
10.0
 41
127.8872646239033
 71
     1
 72
     5
  1
mn-21013-14
 11
-1.0
 21
0.0000000000000001
 31
0.0
 73
     1
 44
1.0
1001
ACAD
1000
MTEXTBEGIN
1070
    73
1070
     1
1070
    44
1040
1.0
1070
    74
1070
     0
1000
MTEXTEND
  0
LWPOLYLINE
  5
1E1
330
1F
100
AcDbEntity
  8
MN-21013-14
 62
     4
100
AcDbPolyline
 90
       18
 70
     1
 43
0.0
 10
5594.855972501175
 20
890.5961868520567
 10
5594.855972501175
 20
870.5961868520567
 10
5567.855972501176
 20
870.5961868520567
 10
5567.855972501176
 20
850.5961868520566
 10
5529.855972501178
 20
850.5961868520566
 10
5529.855972501178
 20
813.5961868520567
 42
0.4142135692443698
 10
5532.855972501178
 20
810.5961868520566
 10
5651.855972501207
 20
810.5961868520566
 42
0.4142135615013398
 10
5654.855972501207
 20
813.5961868520567
 10
5654.855972501207
 20
870.5961868520567
 10
5666.855972501175
 20
870.5961868520567
 42
0.414213566905522
 10
5669.855972501175
 20
873.5961868520567
 10
5669.855972501207
 20
947.5961868520567
 42
0.4142135541065745
 10
5666.855972501206
 20
950.5961868520566
 10
5639.855972501178
 20
950.5961868520566
 10
5639.855972501178
 20
910.5961868520566
 10
5609.855972501178
 20
910.5961868520566
 10
5609.855972501178
 20
890.5961868520567
  0
MTEXT
  5
1E2
330
1F
100
AcDbEntity
  8
Texto
 62
     4
100
AcDbMText
 10
5647.467577041349
 20
824.2975446358064
 30
0.0
 40
10.0
 41
127.8872646239033
 71
     1
 72
     5
  1
mn-21013-14
 11
-1.0
 21
0.0000000000000001
 31
0.0
 73
     1
 44
1.0
1001
ACAD
1000
MTEXTBEGIN
1070
    73
1070
     1
1070
    44
1040
1.0
1070
    74
1070
     0
1000
MTEXTEND
  0
LWPOLYLINE
  5
1E3
330
1F
100
AcDbEntity
  8
MN-21013-14
 62
     4
100
AcDbPolyline
 90
       18
 70
     1
 43
0.0
 10
5764.855972501176
 20
871.203926648568
 10
5764.855972501176
 20
891.2039266485608
 10
5791.855972501175
 20
891.2039266485608
 10
5791.855972501175
 20
911.203926648568
 10
5829.855972501175
 20
911.203926648568
 10
5829.855972501175
 20
948.2039266485681
 42
0.4142135624565956
 10
5826.855972501175
 20
951.2039266485681
 10
5707.855972501175
 20
951.2039266485681
 42
0.4142135670299015
 10
5704.855972501175
 20
948.2039266485681
 10
5704.855972501175
 20
891.2039266485608
 10
5692.855972501176
 20
891.2039266485608
 42
0.4142135630218531
 10
5689.855972501176
 20
888.203926648568
 10
5689.855972501176
 20
814.203926648568
 42
0.4142135605730661
 10
5692.855972501176
 20
811.2039266485608
 10
5719.855972501175
 20
811.2039266485608
 10
5719.855972501175
 20
851.2039266485608
 10
5749.855972501176
 20
851.2039266485608
 10
5749.855972501176
 20
871.203926648568
  0
MTEXT
  5
1E4
330
1F
100
AcDbEntity
  8
Texto
 62
     4
100
AcDbMText
 10
5712.244367961003
 20
937.5025688648186
 30
0.0
 40
10.0
 41
127.8872646239033
 71
     1
 72
     5
  1
mn-21013-14
 73
     1
 44
1.0
1001
ACAD
1000
MTEXTBEGIN
1070
    73
1070
     1
1070
    44
1040
1.0
1070
    74
1070
     0
1000
MTEXTEND
  0
LWPOLYLINE
  5
1E5
330
1F
100
AcDbEntity
  8
0
 62
     4
100
AcDbPolyline
 90
       25
 70
     1
 43
0.0
 10
7159.917134328359
 20
935.3152663095027
 10
7159.917134328359
 20
962.3152663095027
 42
0.41421356844597
 10
7156.917134328359
 20
965.3152663095138
 10
6993.917134328357
 20
965.3152663095138
 42
0.4142135677281739
 10
6990.917134328357
 20
962.3152663095027
 10
6990.917134328357
 20
818.3152663095137
 42
0.4142135612004802
 10
6993.917134328357
 20
815.3152663095028
 10
7021.917134328358
 20
815.3152663095028
 10
7021.917134328358
 20
835.3152663095137
 10
7033.917134328358
 20
835.3152663095137
 10
7033.917134328358
 20
855.3152663095028
 10
7049.917134328357
 20
855.3152663095028
 10
7049.917134328357
 20
875.3152663095137
 10
7058.917134328358
 20
875.3152663095137
 10
7058.917134328358
 20
885.3152663095137
 10
7068.917134328358
 20
885.3152663095137
 10
7068.917134328358
 20
895.3152663095028
 10
7080.917134328358
 20
895.3152663095028
 10
7080.917134328358
 20
905.3152663095026
 10
7094.917134328358
 20
905.3152663095026
 10
7094.917134328358
 20
915.3152663095138
 10
7110.917134328357
 20
915.3152663095138
 10
7110.917134328357
 20
925.3152663095137
 10
7131.917134328358
 20
925.3152663095137
 10
7131.917134328358
 20
935.3152663095027
  0
MTEXT
  5
1E6
330
1F
100
AcDbEntity
  8
Texto
 62
     4
100
AcDbMText
 10
7107.780734944295
 20
929.8424752729262
 30
0.0
 40
10.0
 41
108.6825888813764
 71
     1
 72
     5
  1
9431295 pos.3
 11
-1.0
 21
0.0000000000000001
 31
0.0
 73
     1
 44
1.0
1001
ACAD
1000
MTEXTBEGIN
1070
    73
1070
     1
1070
    44
1040
1.0
1070
    74
1070
     0
1000
MTEXTEND
  0
LWPOLYLINE
  5
1E7
330
1F
100
AcDbEntity
  8
MN-21013-14
 62
     4
100
AcDbPolyline
 90
       18
 70
     1
 43
0.0
 10
7418.970592618271
 20
896.0557019013771
 10
7418.970592618271
 20
916.0557019013698
 10
7445.970592618272
 20
916.0557019013698
 10
7445.970592618272
 20
936.0557019013771
 10
7483.970592618272
 20
936.0557019013771
 10
7483.970592618272
 20
973.0557019013772
 42
0.4142135620555533
 10
7480.970592618271
 20
976.0557019013772
 10
7361.970592618272
 20
976.0557019013772
 42
0.4142135680602003
 10
7358.970592618272
 20
973.0557019013772
 10
7358.970592618272
 20
916.0557019013698
 10
7346.970592618271
 20
916.0557019013698
 42
0.4142135636970055
 10
7343.970592618271
 20
913.0557019013773
 10
7343.970592618271
 20
839.0557019013771
 42
0.4142135608365651
 10
7346.970592618271
 20
836.0557019013697
 10
7373.970592618272
 20
836.0557019013697
 10
7373.970592618272
 20
876.0557019013697
 10
7403.970592618271
 20
876.0557019013697
 10
7403.970592618271
 20
896.0557019013771
  0
MTEXT
  5
1E8
330
1F
100
AcDbEntity
  8
Texto
 62
     4
100
AcDbMText
 10
7366.358988078101
 20
962.3543441176273
 30
0.0
 40
10.0
 41
127.8872646239033
 71
     1
 72
     5
  1
mn-21013-14
 73
     1
 44
1.0
1001
ACAD
1000
MTEXTBEGIN
1070
    73
1070
     1
1070
    44
1040
1.0
1070
    74
1070
     0
1000
MTEXTEND
  0
LWPOLYLINE
  5
1E9
330
1F
100
AcDbEntity
  8
0
 62
     4
100
AcDbPolyline
 90
       25
 70
     1
 43
0.0
 10
7433.484133503867
 20
866.4774680286912
 10
7433.484133503867
 20
839.4774680286912
 42
0.4142135675218034
 10
7436.484133503867
 20
836.4774680286913
 10
7599.484133503867
 20
836.4774680286913
 42
0.4142135605691259
 10
7602.484133503867
 20
839.4774680286912
 10
7602.484133503867
 20
983.4774680286912
 42
0.414213570610813
 10
7599.484133503867
 20
986.4774680286913
 10
7571.484133503867
 20
986.4774680286913
 10
7571.484133503867
 20
966.4774680286912
 10
7559.484133503868
 20
966.4774680286912
 10
7559.484133503868
 20
946.4774680286913
 10
7543.484133503866
 20
946.4774680286913
 10
7543.484133503866
 20
926.4774680286913
 10
7534.484133503868
 20
926.4774680286913
 10
7534.484133503868
 20
916.4774680286912
 10
7524.484133503867
 20
916.4774680286912
 10
7524.484133503867
 20
906.4774680286912
 10
7512.484133503867
 20
906.4774680286912
 10
7512.484133503867
 20
896.4774680286913
 10
7498.484133503868
 20
896.4774680286913
 10
7498.484133503868
 20
886.4774680286913
 10
7482.484133503866
 20
886.4774680286913
 10
7482.484133503866
 20
876.4774680286913
 10
7461.484133503866
 20
876.4774680286913
 10
7461.484133503866
 20
866.4774680286912
  0
MTEXT
  5
1EA
330
1F
100
AcDbEntity
  8
Texto
 62
     4
100
AcDbMText
 10
7485.620532887931
 20
871.9502590652783
 30
0.0
 40
10.0
 41
108.6825888813764
 71
     1
 72
     5
  1
9431295 pos.3
 73
     1
 44
1.0
1001
ACAD
1000
MTEXTBEGIN
1070
    73
1070
     1
1070
    44
1040
1.0
1070
    74
1070
     0
1000
MTEXTEND
  0
LWPOLYLINE
  5
1EB
330
1F
100
AcDbEntity
  8
MN-21013-14
 62
     4
100
AcDbPolyline
 90
       18
 70
     1
 43
0.0
 10
5465.183922848186
 20
937.1844429948136
 10
5455.183922848186
 20
919.8639349191248
 10
5431.801236946006
 20
933.3639349191248
 10
5421.801236946006
 20
916.0434268434359
 10
5388.892271602198
 20
935.0434268434351
 10
5370.392271602199
 20
903.000486903411
 42
0.4142135682502406
 10
5371.490347813551
 20
898.9024106920572
 10
5474.547370863926
 20
839.4024106920433
 42
0.4142135605075205
 10
5478.645447075278
 20
840.5004869033968
 10
5507.145447075279
 20
889.8639349191098
 10
5517.537751920665
 20
883.8639349191247
 42
0.414213565911698
 10
5521.635828132018
 20
884.962011130478
 10
5558.635828132044
 20
949.0478910105116
 42
0.4142135620134776
 10
5557.53775192069
 20
953.1459672218652
 10
5534.155066018488
 20
966.6459672218788
 10
5514.155066018488
 20
932.0049510705011
 10
5488.174303904955
 20
947.004951070501
 10
5478.174303904954
 20
929.6844429948125
  0
MTEXT
  5
1EC
330
1F
100
AcDbEntity
  8
Texto
 62
     4
100
AcDbMText
 10
5477.597587806173
 20
853.4623323298426
 30
0.0
 40
10.0
 41
127.8872646239033
 71
     1
 72
     5
  1
mn-21013-14
 11
-0.8660254037843488
 21
0.5000000000001558
 31
0.0
 73
     1
 44
1.0
1001
ACAD
1000
MTEXTBEGIN
1070
    73
1070
     1
1070
    44
1040
1.0
1070
    74
1070
     0
1000
MTEXTEND
  0
LWPOLYLINE
  5
1ED
330
1F
100
AcDbEntity
  8
MN-21013-14
 62
     4
100
AcDbPolyline
 90
       18
 70
     1
 43
0.0
 10
6698.375812535238
 20
939.1570361380667
 10
6688.375812535238
 20
921.836528062378
 10
6664.993126633058
 20
935.336528062378
 10
6654.993126633057
 20
918.0160199866893
 10
6622.084161289251
 20
937.016019986688
 10
6603.584161289251
 20
904.973080046664
 42
0.414213569649808
 10
6604.682237500606
 20
900.8750038353104
 10
6707.739260550951
 20
841.3750038353109
 42
0.4142135611008965
 10
6711.837336762306
 20
842.473080046664
 10
6740.337336762306
 20
891.836528062377
 10
6750.729641607719
 20
885.8365280623779
 42
0.4142135665004852
 10
6754.827717819072
 20
886.9346042737312
 10
6791.827717819071
 20
951.0204841537793
 42
0.4142135586102417
 10
6790.729641607718
 20
955.118560365133
 10
6767.346955705538
 20
968.6185603651329
 10
6747.346955705538
 20
933.9775442137552
 10
6721.366193592006
 20
948.9775442137544
 10
6711.366193592005
 20
931.6570361380657
  0
MTEXT
  5
1EE
330
1F
100
AcDbEntity
  8
Texto
 62
     4
100
AcDbMText
 10
6710.789477492764
 20
855.4349254722918
 30
0.0
 40
10.0
 41
127.8872646239033
 71
     1
 72
     5
  1
mn-21013-14
 11
-0.8660254037843488
 21
0.5000000000001558
 31
0.0
 73
     1
 44
1.0
1001
ACAD
1000
MTEXTBEGIN
1070
    73
1070
     1
1070
    44
1040
1.0
1070
    74
1070
     0
1000
MTEXTEND
  0
LWPOLYLINE
  5
1EF
330
1F
100
AcDbEntity
  8
MN-21013-14
 62
     4
100
AcDbPolyline
 90
       18
 70
     1
 43
0.0
 10
6592.53121893446
 20
928.743721697876
 10
6587.354838032414
 20
948.0622382236504
 10
6613.434835342217
 20
955.0503524414184
 10
6608.258454440164
 20
974.3688689672067
 10
6644.963635839149
 20
984.2039926811024
 10
6635.387331170356
 20
1019.943248253798
 42
0.4142135668806279
 10
6631.71309655618
 20
1022.064568597357
 10
6516.767923227781
 20
991.2651022301576
 42
0.414213562606193
 10
6514.646602884223
 20
987.5908676159827
 10
6529.399288455067
 20
932.5330955174989
 10
6517.8081785396
 20
929.427266976269
 42
0.414213572249772
 10
6515.686858196038
 20
925.7530323621013
 10
6534.839467533626
 20
854.2745212167103
 42
0.4142135559450109
 10
6538.513702147802
 20
852.1532008731433
 10
6564.593699457606
 20
859.1413150909115
 10
6554.240937653505
 20
897.7783481424742
 10
6583.218712442176
 20
905.5429194955497
 10
6578.042331540125
 20
924.8614360213384
  0
MTEXT
  5
1F0
330
1F
100
AcDbEntity
  8
Texto
 62
     4
100
AcDbMText
 10
6524.552960076597
 20
979.1664072140521
 30
0.0
 40
10.0
 41
127.8872646239033
 71
     1
 72
     5
  1
mn-21013-14
 11
0.9659258262890933
 21
0.2588190451024272
 31
0.0
 73
     1
 44
1.0
1001
ACAD
1000
MTEXTBEGIN
1070
    73
1070
     1
1070
    44
1040
1.0
1070
    74
1070
     0
1000
MTEXTEND
  0
LWPOLYLINE
  5
1F1
330
1F
100
AcDbEntity
  8
MN-21013-14
 62
     4
100
AcDbPolyline
 90
       18
 70
     1
 43
0.0
 10
6406.905424696084
 20
956.4731222464564
 10
6406.905424696084
 20
936.4731222464563
 10
6379.905424696087
 20
936.4731222464563
 10
6379.905424696087
 20
916.4731222464563
 10
6341.905424696085
 20
916.4731222464563
 10
6341.905424696085
 20
879.4731222464562
 42
0.414213561290152
 10
6344.905424696085
 20
876.4731222464563
 10
6463.905424696085
 20
876.4731222464563
 42
0.414213569459975
 10
6466.905424696085
 20
879.4731222464562
 10
6466.905424696085
 20
936.4731222464563
 10
6478.905424696084
 20
936.4731222464563
 42
0.4142135748594292
 10
6481.905424696084
 20
939.4731222464564
 10
6481.905424696084
 20
1013.473122246456
 42
0.4142135537239793
 10
6478.905424696084
 20
1016.473122246456
 10
6451.905424696086
 20
1016.473122246456
 10
6451.905424696086
 20
976.4731222464563
 10
6421.905424696085
 20
976.4731222464563
 10
6421.905424696085
 20
956.4731222464564
  0
MTEXT
  5
1F2
330
1F
100
AcDbEntity
  8
Texto
 62
     4
100
AcDbMText
 10
6459.517029236256
 20
890.174480030206
 30
0.0
 40
10.0
 41
127.8872646239033
 71
     1
 72
     5
  1
mn-21013-14
 11
-1.0
 21
0.0000000000000001
 31
0.0
 73
     1
 44
1.0
1001
ACAD
1000
MTEXTBEGIN
1070
    73
1070
     1
1070
    44
1040
1.0
1070
    74
1070
     0
1000
MTEXTEND
  0
LWPOLYLINE
  5
1F3
330
1F
100
AcDbEntity
  8
MN-21013-14
 62
     4
100
AcDbPolyline
 90
       18
 70
     1
 43
0.0
 10
6014.016349257379
 20
977.2593148847555
 10
5994.016349257379
 20
977.2593148847555
 10
5994.016349257379
 20
1004.259314884754
 10
5974.016349257379
 20
1004.259314884754
 10
5974.016349257379
 20
1042.259314884755
 10
5937.01634925738
 20
1042.259314884755
 42
0.4142135608888211
 10
5934.01634925738
 20
1039.259314884755
 10
5934.01634925738
 20
920.2593148847549
 42
0.4142135698596189
 10
5937.01634925738
 20
917.259314884755
 10
5994.016349257379
 20
917.259314884755
 10
5994.016349257379
 20
905.2593148847556
 42
0.4142135752604161
 10
5997.016349257379
 20
902.2593148847555
 10
6071.016349257379
 20
902.2593148847555
 42
0.4142135541244336
 10
6074.016349257379
 20
905.2593148847556
 10
6074.016349257379
 20
932.2593148847555
 10
6034.016349257379
 20
932.2593148847555
 10
6034.016349257379
 20
962.2593148847554
 10
6014.016349257379
 20
962.2593148847554
  0
MTEXT
  5
1F4
330
1F
100
AcDbEntity
  8
Texto
 62
     4
100
AcDbMText
 10
5947.717707041129
 20
924.6477103445837
 30
0.0
 40
10.0
 41
127.8872646239033
 71
     1
 72
     5
  1
mn-21013-14
 11
0.0000000000000001
 21
1.0
 31
0.0
 73
     1
 44
1.0
1001
ACAD
1000
MTEXTBEGIN
1070
    73
1070
     1
1070
    44
1040
1.0
1070
    74
1070
     0
1000
MTEXTEND
  0
LWPOLYLINE
  5
1F5
330
1F
100
AcDbEntity
  8
MN-21013-14
 62
     4
100
AcDbPolyline
 90
       18
 70
     1
 43
0.0
 10
6202.379798257378
 20
960.3471177842211
 10
6219.700306333086
 20
970.3471177841906
 10
6233.200306333045
 20
946.9644318819872
 10
6250.520814408753
 20
956.9644318819571
 10
6269.520814408694
 20
924.0554665381171
 10
6301.56375434875
 20
942.5554665380611
 42
0.4142135686547929
 10
6302.661830560111
 20
946.6535427494124
 10
6243.161830560289
 20
1049.710565799864
 42
0.4142135601066049
 10
6239.063754348938
 20
1050.808642011225
 10
6189.700306333175
 20
1022.308642011311
 10
6183.700306333195
 20
1032.700946856733
 42
0.4142135655062118
 10
6179.602230121845
 20
1033.799023068094
 10
6115.51635024173
 20
996.7990230682055
 42
0.4142135662274178
 10
6114.41827403037
 20
992.700946856854
 10
6127.91827403033
 20
969.3182609546504
 10
6162.559290181742
 20
989.3182609545903
 10
6177.559290181696
 20
963.3374988410324
 10
6194.879798257403
 20
973.3374988410021
  0
MTEXT
  5
1F6
330
1F
100
AcDbEntity
  8
Texto
 62
     4
100
AcDbMText
 10
6233.490304382314
 20
1039.059424957478
 30
0.0
 40
10.0
 41
127.8872646239033
 71
     1
 72
     5
  1
mn-21013-14
 11
0.4999999999989809
 21
-0.866025403785027
 31
0.0
 73
     1
 44
1.0
1001
ACAD
1000
MTEXTBEGIN
1070
    73
1070
     1
1070
    44
1040
1.0
1070
    74
1070
     0
1000
MTEXTEND
  0
LWPOLYLINE
  5
1F7
330
1F
100
AcDbEntity
  8
0
 62
     4
100
AcDbPolyline
 90
       25
 70
     1
 43
0.0
 10
7357.181278028334
 20
1067.745248458053
 10
7357.181278028334
 20
1094.745248458053
 42
0.4142135649644646
 10
7354.181278028336
 20
1097.745248458052
 10
7191.181278028337
 20
1097.745248458052
 42
0.4142135687704379
 10
7188.181278028334
 20
1094.745248458053
 10
7188.181278028334
 20
950.7452484580525
 42
0.4142135674065031
 10
7191.181278028337
 20
947.7452484580524
 10
7219.181278028337
 20
947.7452484580524
 10
7219.181278028337
 20
967.7452484580525
 10
7231.181278028336
 20
967.7452484580525
 10
7231.181278028336
 20
987.7452484580524
 10
7247.181278028335
 20
987.7452484580524
 10
7247.181278028335
 20
1007.745248458052
 10
7256.181278028333
 20
1007.745248458052
 10
7256.181278028333
 20
1017.745248458052
 10
7266.181278028337
 20
1017.745248458052
 10
7266.181278028337
 20
1027.745248458053
 10
7278.181278028333
 20
1027.745248458053
 10
7278.181278028333
 20
1037.745248458053
 10
7292.181278028336
 20
1037.745248458053
 10
7292.181278028336
 20
1047.745248458053
 10
7308.181278028335
 20
1047.745248458053
 10
7308.181278028335
 20
1057.745248458053
 10
7329.181278028333
 20
1057.745248458053
 10
7329.181278028333
 20
1067.745248458053
  0
MTEXT
  5
1F8
330
1F
100
AcDbEntity
  8
Texto
 62
     4
100
AcDbMText
 10
7305.044878644273
 20
1062.272457421465
 30
0.0
 40
10.0
 41
108.6825888813764
 71
     1
 72
     5
  1
9431295 pos.3
 11
-1.0
 21
0.0000000000000001
 31
0.0
 73
     1
 44
1.0
1001
ACAD
1000
MTEXTBEGIN
1070
    73
1070
     1
1070
    44
1040
1.0
1070
    74
1070
     0
1000
MTEXTEND
  0
LWPOLYLINE
  5
1F9
330
1F
100
AcDbEntity
  8
MN-21013-14
 62
     4
100
AcDbPolyline
 90
       18
 70
     1
 43
0.0
 10
5532.084528781502
 20
986.5735186265366
 10
5549.405036857202
 20
996.573518626503
 10
5562.90503685716
 20
973.1908327242996
 10
5580.225544932873
 20
983.1908327242731
 10
5599.225544932814
 20
950.2818673804327
 10
5631.268484872872
 20
968.7818673803768
 42
0.4142135752356424
 10
5632.366561084232
 20
972.8799435917281
 10
5572.866561084397
 20
1075.936966642204
 42
0.4142135674929328
 10
5568.768484873046
 20
1077.035042853565
 10
5519.405036857276
 20
1048.535042853647
 10
5513.40503685731
 20
1058.927347699045
 42
0.4142135638266809
 10
5509.306960645965
 20
1060.02542391041
 10
5445.221080765839
 20
1023.025423910547
 42
0.4142135561076305
 10
5444.12300455447
 20
1018.927347699191
 10
5457.623004554444
 20
995.5446617969645
 10
5492.264020705857
 20
1015.544661796904
 10
5507.26402070581
 20
989.5638996833445
 10
5524.584528781524
 20
999.563899683318
  0
MTEXT
  5
1FA
330
1F
100
AcDbEntity
  8
Texto
 62
     4
100
AcDbMText
 10
5563.195034907241
 20
1065.285825800257
 30
0.0
 40
10.0
 41
127.8872646239033
 71
     1
 72
     5
  1
mn-21013-14
 11
0.4999999999982994
 21
-0.8660254037854205
 31
0.0
 73
     1
 44
1.0
1001
ACAD
1000
MTEXTBEGIN
1070
    73
1070
     1
1070
    44
1040
1.0
1070
    74
1070
     0
1000
MTEXTEND
  0
LWPOLYLINE
  5
1FB
330
1F
100
AcDbEntity
  8
MN-21013-14
 62
     4
100
AcDbPolyline
 90
       18
 70
     1
 43
0.0
 10
6014.016349257379
 20
1017.259314884755
 10
6034.016349257379
 20
1017.259314884755
 10
6034.016349257379
 20
990.2593148847556
 10
6054.01634925738
 20
990.2593148847556
 10
6054.01634925738
 20
952.2593148847555
 10
6091.01634925738
 20
952.2593148847555
 42
0.4142135659374685
 10
6094.01634925738
 20
955.2593148847556
 10
6094.01634925738
 20
1074.259314884756
 42
0.4142135648120702
 10
6091.01634925738
 20
1077.259314884756
 10
6034.016349257379
 20
1077.259314884756
 10
6034.016349257379
 20
1089.259314884756
 42
0.4142135702115354
 10
6031.016349257379
 20
1092.259314884756
 10
5957.016349257379
 20
1092.259314884756
 42
0.4142135623217717
 10
5954.016349257379
 20
1089.259314884756
 10
5954.016349257379
 20
1062.259314884755
 10
5994.016349257379
 20
1062.259314884755
 10
5994.016349257379
 20
1032.259314884756
 10
6014.016349257379
 20
1032.259314884756
  0
MTEXT
  5
1FC
330
1F
100
AcDbEntity
  8
Texto
 62
     4
100
AcDbMText
 10
6080.314991473629
 20
1069.870919424928
 30
0.0
 40
10.0
 41
127.8872646239033
 71
     1
 72
     5
  1
mn-21013-14
 11
-0.0000000000000002
 21
-1.0
 31
0.0
 73
     1
 44
1.0
1001
ACAD
1000
MTEXTBEGIN
1070
    73
1070
     1
1070
    44
1040
1.0
1070
    74
1070
     0
1000
MTEXTEND
  0
LWPOLYLINE
  5
1FD
330
1F
100
AcDbEntity
  8
MN-21013-14
 62
     4
100
AcDbPolyline
 90
       18
 70
     1
 43
0.0
 10
5697.816689354261
 20
1055.589992501652
 10
5683.674553730529
 20
1069.732128125383
 10
5702.766436822566
 20
1088.82401121742
 10
5688.624301198835
 20
1102.966146841151
 10
5715.494358883924
 20
1129.83620452624
 10
5689.331407980022
 20
1155.999155430142
 42
0.4142135602958332
 10
5685.088767292903
 20
1155.999155430142
 10
5600.943060331704
 20
1071.853448468943
 42
0.4142135684651943
 10
5600.943060331704
 20
1067.610807781824
 10
5641.248146859337
 20
1027.30572125419
 10
5632.762865485098
 20
1018.820439879952
 42
0.4142135738656656
 10
5632.762865485098
 20
1014.577799192833
 10
5685.088767292903
 20
962.2518973850281
 42
0.4142135613404917
 10
5689.331407980022
 20
962.2518973850281
 10
5708.423291072058
 20
981.3437804770643
 10
5680.139019824596
 20
1009.628051724526
 10
5701.352223260194
 20
1030.841255160123
 10
5687.210087636461
 20
1044.983390783854
  0
MTEXT
  5
1FE
330
1F
100
AcDbEntity
  8
Texto
 62
     4
100
AcDbMText
 10
5613.734447520887
 20
1065.268189656108
 30
0.0
 40
10.0
 41
127.8872646239033
 71
     1
 72
     5
  1
mn-21013-14
 11
0.7071067811860928
 21
0.7071067811870023
 31
0.0
 73
     1
 44
1.0
1001
ACAD
1000
MTEXTBEGIN
1070
    73
1070
     1
1070
    44
1040
1.0
1070
    74
1070
     0
1000
MTEXTEND
  0
LWPOLYLINE
  5
1FF
330
1F
100
AcDbEntity
  8
MN-21013-14
 62
     4
100
AcDbPolyline
 90
       18
 70
     1
 43
0.0
 10
5839.016349257379
 20
1052.0000001
 10
5839.016349257379
 20
1032.0000001
 10
5812.01634925738
 20
1032.0000001
 10
5812.01634925738
 20
1012.0000001
 10
5774.016349257379
 20
1012.0000001
 10
5774.016349257379
 20
975.0000000999998
 42
0.4142135655366481
 10
5777.01634925738
 20
972.0000000999998
 10
5896.016349257379
 20
972.0000000999998
 42
0.4142135652129683
 10
5899.016349257379
 20
975.0000000999998
 10
5899.016349257379
 20
1032.0000001
 10
5911.01634925738
 20
1032.0000001
 42
0.4142135706125112
 10
5914.016349257379
 20
1035.0000001
 10
5914.016349257379
 20
1109.000000099999
 42
0.4142135627220814
 10
5911.01634925738
 20
1112.0000001
 10
5884.016349257379
 20
1112.0000001
 10
5884.016349257379
 20
1072.0000001
 10
5854.01634925738
 20
1072.0000001
 10
5854.01634925738
 20
1052.0000001
  0
MTEXT
  5
200
330
1F
100
AcDbEntity
  8
Texto
 62
     4
100
AcDbMText
 10
5891.627953797523
 20
985.7013578837497
 30
0.0
 40
10.0
 41
127.8872646239033
 71
     1
 72
     5
  1
mn-21013-14
 11
-1.0
 21
0.0000000000000001
 31
0.0
 73
     1
 44
1.0
1001
ACAD
1000
MTEXTBEGIN
1070
    73
1070
     1
1070
    44
1040
1.0
1070
    74
1070
     0
1000
MTEXTEND
  0
LWPOLYLINE
  5
201
330
1F
100
AcDbEntity
  8
Des.7342512
 62
     4
100
AcDbPolyline
 90
       23
 70
     1
 43
0.0
 10
6674.899458237283
 20
977.5632267143393
 10
6701.899458237282
 20
977.5632267143393
 42
0.4142135597019322
 10
6704.899458237282
 20
980.5632267143394
 10
6704.899458237282
 20
1128.563226714341
 42
0.4142135638634294
 10
6701.899458237282
 20
1131.563226714341
 10
6567.899458237282
 20
1131.563226714341
 42
0.4142135681942917
 10
6564.899458237282
 20
1128.563226714341
 10
6564.899458237282
 20
1103.56322671434
 10
6584.899458237282
 20
1103.56322671434
 10
6584.899458237282
 20
1090.56322671434
 10
6604.899458237283
 20
1090.56322671434
 10
6604.899458237283
 20
1074.563226714341
 10
6624.899458237283
 20
1074.563226714341
 10
6624.899458237283
 20
1064.563226714341
 10
6634.899458237282
 20
1064.563226714341
 10
6634.899458237282
 20
1053.563226714341
 10
6644.899458237282
 20
1053.563226714341
 10
6644.899458237282
 20
1040.56322671434
 10
6654.899458237283
 20
1040.56322671434
 10
6654.899458237283
 20
1024.56322671434
 10
6664.899458237282
 20
1024.56322671434
 10
6664.899458237282
 20
1004.56322671434
 10
6674.899458237283
 20
1004.56322671434
  0
MTEXT
  5
202
330
1F
100
AcDbEntity
  8
Texto
 62
     4
100
AcDbMText
 10
6668.331959649283
 20
1025.044545186875
 30
0.0
 40
10.0
 41
113.0421700082152
 71
     1
 72
     5
  1
7342512 pos.7
 11
0.0000000000000001
 21
1.0
 31
0.0
 73
     1
 44
1.0
1001
ACAD
1000
MTEXTBEGIN
1070
    73
1070
     1
1070
    44
1040
1.0
1070
    74
1070
     0
1000
MTEXTEND
  0
LWPOLYLINE
  5
203
330
1F
100
AcDbEntity
  8
0
 62
     4
100
AcDbPolyline
 90
       25
 70
     1
 43
0.0
 10
7539.559193807227
 20
982.8368002369437
 10
7558.651076899261
 20
1001.92868332898
 42
0.4142135705565127
 10
7558.651076899261
 20
1006.171324016099
 10
7443.392671565854
 20
1121.429729349507
 42
0.4142135636043581
 10
7439.150030878734
 20
1121.429729349507
 10
7337.326654387872
 20
1019.606352858644
 42
0.4142135675757385
 10
7337.326654387872
 20
1015.363712171525
 10
7357.125644261095
 20
995.564722298301
 10
7371.267779884826
 20
1009.706857922032
 10
7379.753061259066
 20
1001.221576547793
 10
7393.895196882795
 20
1015.363712171525
 10
7405.208905381781
 20
1004.050003672539
 10
7419.351041005511
 20
1018.19213929627
 10
7425.715002036191
 20
1011.828178265592
 10
7432.786069848055
 20
1018.899246077457
 10
7439.857137659922
 20
1011.828178265592
 10
7446.928205471786
 20
1018.899246077457
 10
7455.413486846025
 20
1010.413964703218
 10
7462.484554657891
 20
1017.485032515083
 10
7472.384049594502
 20
1007.585537578473
 10
7479.455117406368
 20
1014.656605390338
 10
7490.768825905354
 20
1003.342896891352
 10
7497.839893717217
 20
1010.413964703218
 10
7512.689136122138
 20
995.5647222983008
 10
7519.760203934002
 20
1002.635790110166
  0
MTEXT
  5
204
330
1F
100
AcDbEntity
  8
Texto
 62
     4
100
AcDbMText
 10
7498.823344602115
 20
1015.832954134077
 30
0.0
 40
10.0
 41
108.6825888813764
 71
     1
 72
     5
  1
9431295 pos.3
 11
-0.7071067811866043
 21
0.7071067811864907
 31
0.0
 73
     1
 44
1.0
1001
ACAD
1000
MTEXTBEGIN
1070
    73
1070
     1
1070
    44
1040
1.0
1070
    74
1070
     0
1000
MTEXTEND
  0
LWPOLYLINE
  5
205
330
1F
100
AcDbEntity
  8
7465117
 62
     4
100
AcDbPolyline
 90
       27
 70
     1
 43
0.0
 10
5536.000000519999
 20
1132.0000001
 10
5566.000000519998
 20
1132.0000001
 10
5566.000000519998
 20
1159.0000001
 42
0.4142135633913733
 10
5563.000000519998
 20
1162.0000001
 10
5381.00000052
 20
1162.0000001
 42
0.4142135632940098
 10
5378.00000052
 20
1159.0000001
 10
5378.00000052
 20
985.0000000999997
 42
0.4142135546798347
 10
5381.00000052
 20
982.0000000999998
 10
5403.000000519999
 20
982.0000000999998
 10
5403.000000519999
 20
1007.000000100011
 10
5413.00000052
 20
1007.000000100011
 10
5413.00000052
 20
1027.0000001
 10
5423.000000519999
 20
1027.0000001
 10
5423.000000519999
 20
1042.0000001
 10
5438.000000519998
 20
1042.0000001
 10
5438.000000519998
 20
1062.0000001
 10
5457.000000519999
 20
1062.0000001
 10
5457.000000519999
 20
1082.0000001
 10
5469.000000519999
 20
1082.0000001
 10
5469.000000519999
 20
1092.0000001
 10
5481.000000519999
 20
1092.0000001
 10
5481.000000519999
 20
1102.0000001
 10
5496.000000519999
 20
1102.0000001
 10
5496.000000519999
 20
1112.000000100011
 10
5514.000000519999
 20
1112.000000100011
 10
5514.000000519999
 20
1122.0000001
 10
5536.000000519999
 20
1122.0000001
  0
MTEXT
  5
206
330
1F
100
AcDbEntity
  8
Texto
 62
     4
100
AcDbMText
 10
5468.765147042258
 20
1111.828538788831
 30
0.0
 40
10.0
 41
75.53356872635595
 71
     1
 72
     5
  1
7465117 pos.2
 11
-1.0
 21
0.0000000000000001
 31
0.0
 73
     1
 44
1.0
1001
ACAD
1000
MTEXTBEGIN
1070
    73
1070
     1
1070
    44
1040
1.0
1070
    74
1070
     0
1000
MTEXTEND
  0
LWPOLYLINE
  5
207
330
1F
100
AcDbEntity
  8
0
 62
     4
100
AcDbPolyline
 90
       25
 70
     1
 43
0.0
 10
7138.181278028334
 20
985.3152663095027
 10
7165.181278028334
 20
985.3152663095027
 42
0.4142135645196352
 10
7168.181278028334
 20
988.3152663095026
 10
7168.181278028334
 20
1151.315266309503
 42
0.4142135562859798
 10
7165.181278028334
 20
1154.315266309503
 10
7021.181278028334
 20
1154.315266309502
 42
0.4142135471377035
 10
7018.181278028333
 20
1151.315266309502
 10
7018.181278028333
 20
1123.315266309502
 10
7038.181278028334
 20
1123.315266309502
 10
7038.181278028334
 20
1111.315266309502
 10
7058.181278028334
 20
1111.315266309502
 10
7058.181278028334
 20
1095.315266309502
 10
7078.181278028333
 20
1095.315266309502
 10
7078.181278028333
 20
1086.315266309503
 10
7088.181278028334
 20
1086.315266309503
 10
7088.181278028334
 20
1076.315266309503
 10
7098.181278028333
 20
1076.315266309503
 10
7098.181278028333
 20
1064.315266309503
 10
7108.181278028334
 20
1064.315266309503
 10
7108.181278028334
 20
1050.315266309503
 10
7118.181278028334
 20
1050.315266309503
 10
7118.181278028334
 20
1034.315266309503
 10
7128.181278028333
 20
1034.315266309503
 10
7128.181278028333
 20
1013.315266309502
 10
7138.181278028334
 20
1013.315266309502
  0
MTEXT
  5
208
330
1F
100
AcDbEntity
  8
Texto
 62
     4
100
AcDbMText
 10
7132.708486991747
 20
1037.451665693567
 30
0.0
 40
10.0
 41
108.6825888813764
 71
     1
 72
     5
  1
9431295 pos.3
 11
0.0000000000000001
 21
1.0
 31
0.0
 73
     1
 44
1.0
1001
ACAD
1000
MTEXTBEGIN
1070
    73
1070
     1
1070
    44
1040
1.0
1070
    74
1070
     0
1000
MTEXTEND
  0
LWPOLYLINE
  5
209
330
1F
100
AcDbEntity
  8
0
 62
     4
100
AcDbPolyline
 90
       25
 70
     1
 43
0.0
 10
6988.181278028334
 20
1154.315266309502
 10
6961.181278028333
 20
1154.315266309502
 42
0.4142135619815761
 10
6958.181278028334
 20
1151.315266309502
 10
6958.181278028334
 20
988.3152663095021
 42
0.4142135588239502
 10
6961.181278028333
 20
985.3152663095022
 10
7105.181278028334
 20
985.3152663095022
 42
0.4142135496762954
 10
7108.181278028334
 20
988.3152663095021
 10
7108.181278028334
 20
1016.315266309502
 10
7088.181278028334
 20
1016.315266309502
 10
7088.181278028334
 20
1028.315266309502
 10
7068.181278028333
 20
1028.315266309502
 10
7068.181278028333
 20
1044.315266309502
 10
7048.181278028334
 20
1044.315266309502
 10
7048.181278028334
 20
1053.315266309502
 10
7038.181278028334
 20
1053.315266309502
 10
7038.181278028334
 20
1063.315266309502
 10
7028.181278028333
 20
1063.315266309502
 10
7028.181278028333
 20
1075.315266309502
 10
7018.181278028333
 20
1075.315266309502
 10
7018.181278028333
 20
1089.315266309502
 10
7008.181278028335
 20
1089.315266309502
 10
7008.181278028335
 20
1105.315266309502
 10
6998.181278028333
 20
1105.315266309502
 10
6998.181278028333
 20
1126.315266309503
 10
6988.181278028334
 20
1126.315266309503
  0
MTEXT
  5
20A
330
1F
100
AcDbEntity
  8
Texto
 62
     4
100
AcDbMText
 10
6993.654069064922
 20
1102.178866925438
 30
0.0
 40
10.0
 41
108.6825888813764
 71
     1
 72
     5
  1
9431295 pos.3
 11
-0.0000000000000002
 21
-1.0
 31
0.0
 73
     1
 44
1.0
1001
ACAD
1000
MTEXTBEGIN
1070
    73
1070
     1
1070
    44
1040
1.0
1070
    74
1070
     0
1000
MTEXTEND
  0
LWPOLYLINE
  5
20B
330
1F
100
AcDbEntity
  8
0
 62
     4
100
AcDbPolyline
 90
       25
 70
     1
 43
0.0
 10
6908.181278028334
 20
985.6640169118835
 10
6935.181278028334
 20
985.6640169118835
 42
0.4142135519185229
 10
6938.181278028334
 20
988.6640169118836
 10
6938.181278028334
 20
1151.664016911883
 42
0.4142135589779094
 10
6935.181278028334
 20
1154.664016911883
 10
6791.181278028334
 20
1154.664016911883
 42
0.4142135597399477
 10
6788.181278028334
 20
1151.664016911883
 10
6788.181278028334
 20
1123.664016911884
 10
6808.181278028334
 20
1123.664016911884
 10
6808.181278028334
 20
1111.664016911883
 10
6828.181278028333
 20
1111.664016911883
 10
6828.181278028333
 20
1095.664016911883
 10
6848.181278028333
 20
1095.664016911883
 10
6848.181278028333
 20
1086.664016911883
 10
6858.181278028334
 20
1086.664016911883
 10
6858.181278028334
 20
1076.664016911883
 10
6868.181278028334
 20
1076.664016911883
 10
6868.181278028334
 20
1064.664016911883
 10
6878.181278028333
 20
1064.664016911883
 10
6878.181278028333
 20
1050.664016911883
 10
6888.181278028334
 20
1050.664016911883
 10
6888.181278028334
 20
1034.664016911883
 10
6898.181278028333
 20
1034.664016911883
 10
6898.181278028333
 20
1013.664016911883
 10
6908.181278028334
 20
1013.664016911883
  0
MTEXT
  5
20C
330
1F
100
AcDbEntity
  8
Texto
 62
     4
100
AcDbMText
 10
6902.708486991747
 20
1037.800416295947
 30
0.0
 40
10.0
 41
108.6825888813764
 71
     1
 72
     5
  1
9431295 pos.3
 11
0.0000000000000001
 21
1.0
 31
0.0
 73
     1
 44
1.0
1001
ACAD
1000
MTEXTBEGIN
1070
    73
1070
     1
1070
    44
1040
1.0
1070
    74
1070
     0
1000
MTEXTEND
  0
LWPOLYLINE
  5
20D
330
1F
100
AcDbEntity
  8
0
 62
     4
100
AcDbPolyline
 90
       25
 70
     1
 43
0.0
 10
6754.899458237282
 20
1157.661566138067
 10
6727.899458237283
 20
1157.661566138067
 42
0.4142135549536117
 10
6724.899458237283
 20
1154.661566138067
 10
6724.899458237283
 20
991.6615661380665
 42
0.4142135620131092
 10
6727.899458237283
 20
988.6615661380664
 10
6871.899458237283
 20
988.6615661380664
 42
0.4142135567042374
 10
6874.899458237283
 20
991.6615661380665
 10
6874.899458237283
 20
1019.661566138066
 10
6854.899458237283
 20
1019.661566138066
 10
6854.899458237283
 20
1031.661566138067
 10
6834.899458237282
 20
1031.661566138067
 10
6834.899458237282
 20
1047.661566138067
 10
6814.899458237282
 20
1047.661566138067
 10
6814.899458237282
 20
1056.661566138067
 10
6804.899458237283
 20
1056.661566138067
 10
6804.899458237283
 20
1066.661566138066
 10
6794.899458237281
 20
1066.661566138066
 10
6794.899458237281
 20
1078.661566138066
 10
6784.899458237283
 20
1078.661566138066
 10
6784.899458237283
 20
1092.661566138066
 10
6774.899458237283
 20
1092.661566138066
 10
6774.899458237283
 20
1108.661566138066
 10
6764.899458237282
 20
1108.661566138066
 10
6764.899458237282
 20
1129.661566138067
 10
6754.899458237282
 20
1129.661566138067
  0
MTEXT
  5
20E
330
1F
100
AcDbEntity
  8
Texto
 62
     4
100
AcDbMText
 10
6760.372249273874
 20
1105.525166754002
 30
0.0
 40
10.0
 41
108.6825888813764
 71
     1
 72
     5
  1
9431295 pos.3
 11
-0.0000000000000002
 21
-1.0
 31
0.0
 73
     1
 44
1.0
1001
ACAD
1000
MTEXTBEGIN
1070
    73
1070
     1
1070
    44
1040
1.0
1070
    74
1070
     0
1000
MTEXTEND
  0
LWPOLYLINE
  5
20F
330
1F
100
AcDbEntity
  8
MN-21013-14
 62
     4
100
AcDbPolyline
 90
       18
 70
     1
 43
0.0
 10
5799.016349257379
 20
1052.0000001
 10
5799.016349257379
 20
1072.0000001
 10
5826.016349257379
 20
1072.0000001
 10
5826.016349257379
 20
1092.0000001
 10
5864.016349257379
 20
1092.0000001
 10
5864.016349257379
 20
1129.0000001
 42
0.4142135598953831
 10
5861.016349257379
 20
1132.0000001
 10
5742.016349257379
 20
1132.0000001
 42
0.4142135688658258
 10
5739.016349257379
 20
1129.0000001
 10
5739.016349257379
 20
1072.0000001
 10
5727.016349257379
 20
1072.0000001
 42
0.4142135742654244
 10
5724.016349257379
 20
1069.0000001
 10
5724.016349257379
 20
995.0000000999999
 42
0.4142135617415966
 10
5727.016349257379
 20
992.0000000999998
 10
5754.01634925738
 20
992.0000000999998
 10
5754.01634925738
 20
1032.0000001
 10
5784.016349257379
 20
1032.0000001
 10
5784.016349257379
 20
1052.0000001
  0
MTEXT
  5
210
330
1F
100
AcDbEntity
  8
Texto
 62
     4
100
AcDbMText
 10
5746.404744717207
 20
1118.298642315322
 30
0.0
 40
10.0
 41
127.8872646239033
 71
     1
 72
     5
  1
mn-21013-14
 73
     1
 44
1.0
1001
ACAD
1000
MTEXTBEGIN
1070
    73
1070
     1
1070
    44
1040
1.0
1070
    74
1070
     0
1000
MTEXTEND
  0
LWPOLYLINE
  5
211
330
1F
100
AcDbEntity
  8
MN-21013-14
 62
     4
100
AcDbPolyline
 90
       18
 70
     1
 43
0.0
 10
6356.224522090054
 20
1078.237505956051
 10
6336.906005564272
 20
1073.061125054001
 10
6329.917891346505
 20
1099.141122363806
 10
6310.599374820724
 20
1093.964741461755
 10
6300.764251106826
 20
1130.66992286074
 10
6265.024995534133
 20
1121.093618191946
 42
0.4142135649428306
 10
6262.903675190572
 20
1117.419383577772
 10
6293.703141557774
 20
1002.474210249373
 42
0.4142135638178623
 10
6297.377376171948
 20
1000.352889905813
 10
6352.435148270423
 20
1015.105575476657
 10
6355.540976811654
 20
1003.514465561188
 42
0.4142135692179576
 10
6359.21521142583
 20
1001.393145217628
 10
6430.69372257122
 20
1020.545754555215
 42
0.4142135699391666
 10
6432.815042914779
 20
1024.21998916939
 10
6425.826928697012
 20
1050.299986479195
 10
6387.189895645448
 20
1039.947224675095
 10
6379.425324292373
 20
1068.924999463766
 10
6360.106807766591
 20
1063.748618561715
  0
MTEXT
  5
212
330
1F
100
AcDbEntity
  8
Texto
 62
     4
100
AcDbMText
 10
6305.801836574774
 20
1010.259247098428
 30
0.0
 40
10.0
 41
127.8872646239033
 71
     1
 72
     5
  1
mn-21013-14
 11
-0.2588190451024557
 21
0.9659258262890858
 31
0.0
 73
     1
 44
1.0
1001
ACAD
1000
MTEXTBEGIN
1070
    73
1070
     1
1070
    44
1040
1.0
1070
    74
1070
     0
1000
MTEXTEND
  0
LWPOLYLINE
  5
213
330
1F
100
AcDbEntity
  8
MN-21013-14
 62
     4
100
AcDbPolyline
 90
       18
 70
     1
 43
0.0
 10
6448.621345985753
 20
1061.0037571
 10
6467.939862511542
 20
1066.180138002017
 10
6474.927976729266
 20
1040.100140692199
 10
6494.246493255058
 20
1045.276521594215
 10
6504.081616968888
 20
1008.571340195214
 10
6539.820872541601
 20
1018.147644863944
 42
0.4142135645424825
 10
6541.942192885166
 20
1021.821879478115
 10
6511.142726518167
 20
1136.767052806568
 42
0.4142135642188338
 10
6507.468491903996
 20
1138.888373150134
 10
6452.410719805495
 20
1124.135687579387
 10
6449.304891264283
 20
1135.726797494861
 42
0.4142135696181206
 10
6445.630656650114
 20
1137.848117838427
 10
6374.152145504687
 20
1118.695508500965
 42
0.4142135703393317
 10
6372.030825161122
 20
1115.021273886794
 10
6379.018939378845
 20
1088.941276576977
 10
6417.655972430425
 20
1099.294038381011
 10
6425.42054378345
 20
1070.316263592325
 10
6444.739060309242
 20
1075.492644494342
  0
MTEXT
  5
214
330
1F
100
AcDbEntity
  8
Texto
 62
     4
100
AcDbMText
 10
6499.044031501158
 20
1128.982015957506
 30
0.0
 40
10.0
 41
127.8872646239033
 71
     1
 72
     5
  1
mn-21013-14
 11
0.2588190451006156
 21
-0.9659258262895788
 31
0.0
 73
     1
 44
1.0
1001
ACAD
1000
MTEXTBEGIN
1070
    73
1070
     1
1070
    44
1040
1.0
1070
    74
1070
     0
1000
MTEXTEND
  0
LWPOLYLINE
  5
215
330
1F
100
AcDbEntity
  8
0
 62
     4
100
AcDbPolyline
 90
       25
 70
     1
 43
0.0
 10
7469.993701339706
 20
1165.539378704463
 10
7450.901818247635
 20
1146.447495612459
 42
0.4142135609322002
 10
7450.901818247629
 20
1142.20485492534
 10
7566.160223580834
 20
1026.946449591731
 42
0.4142135526989061
 10
7570.402864267954
 20
1026.946449591724
 10
7672.226240758994
 20
1128.769826082409
 42
0.4142135639703621
 10
7672.226240759002
 20
1133.012466769529
 10
7652.427250885811
 20
1152.811456642786
 10
7638.285115262057
 20
1138.66932101908
 10
7629.799833887834
 20
1147.154602393334
 10
7615.657698264079
 20
1133.012466769627
 10
7604.343989765114
 20
1144.326175268632
 10
7590.201854141357
 20
1130.184039644926
 10
7583.837893110689
 20
1136.548000675616
 10
7576.766825298811
 20
1129.476932863762
 10
7569.695757486958
 20
1136.54800067564
 10
7562.624689675079
 20
1129.476932863787
 10
7554.139408300855
 20
1137.962214238041
 10
7547.068340488978
 20
1130.891146426187
 10
7537.168845552385
 20
1140.790641362816
 10
7530.097777740507
 20
1133.719573550963
 10
7518.78406924154
 20
1145.033282049968
 10
7511.713001429662
 20
1137.962214238115
 10
7496.863759024771
 20
1152.811456643058
 10
7489.792691212894
 20
1145.740388831205
  0
MTEXT
  5
216
330
1F
100
AcDbEntity
  8
Texto
 62
     4
100
AcDbMText
 10
7510.729550544758
 20
1132.543224807258
 30
0.0
 40
10.0
 41
108.6825888813764
 71
     1
 72
     5
  1
9431295 pos.3
 11
0.7071067811855243
 21
-0.7071067811875709
 31
0.0
 73
     1
 44
1.0
1001
ACAD
1000
MTEXTBEGIN
1070
    73
1070
     1
1070
    44
1040
1.0
1070
    74
1070
     0
1000
MTEXTEND
  0
LWPOLYLINE
  5
217
330
1F
100
AcDbEntity
  8
Des.7342512
 62
     4
100
AcDbPolyline
 90
       23
 70
     1
 43
0.0
 10
6212.751793090053
 20
1093.042196719086
 10
6239.751793090054
 20
1093.042196719039
 42
0.4142135563288456
 10
6242.751793090058
 20
1096.042196719034
 10
6242.751793090318
 20
1244.042196719034
 42
0.4142135634262253
 10
6239.751793090324
 20
1247.042196719039
 10
6105.751793090323
 20
1247.042196719272
 42
0.4142135723475868
 10
6102.751793090319
 20
1244.042196719278
 10
6102.751793090273
 20
1219.042196719278
 10
6122.751793090273
 20
1219.042196719243
 10
6122.751793090252
 20
1206.042196719242
 10
6142.751793090251
 20
1206.042196719208
 10
6142.751793090223
 20
1190.042196719208
 10
6162.751793090234
 20
1190.042196719174
 10
6162.751793090218
 20
1180.042196719174
 10
6172.751793090206
 20
1180.042196719156
 10
6172.751793090186
 20
1169.042196719156
 10
6182.751793090186
 20
1169.042196719138
 10
6182.751793090164
 20
1156.042196719138
 10
6192.751793090175
 20
1156.042196719121
 10
6192.751793090146
 20
1140.04219671912
 10
6202.751793090136
 20
1140.042196719103
 10
6202.751793090101
 20
1120.042196719104
 10
6212.751793090101
 20
1120.042196719087
  0
MTEXT
  5
218
330
1F
100
AcDbEntity
  8
Texto
 62
     4
100
AcDbMText
 10
6206.184294502137
 20
1140.523515191633
 30
0.0
 40
10.0
 41
113.0421700082152
 71
     1
 72
     5
  1
7342512 pos.7
 11
0.0000000000009096
 21
1.0
 31
0.0
 73
     1
 44
1.0
1001
ACAD
1000
MTEXTBEGIN
1070
    73
1070
     1
1070
    44
1040
1.0
1070
    74
1070
     0
1000
MTEXTEND
  0
LWPOLYLINE
  5
219
330
1F
100
AcDbEntity
  8
MN-21013-14
 62
     4
100
AcDbPolyline
 90
       18
 70
     1
 43
0.0
 10
6121.608675205854
 20
1168.433995264486
 10
6101.608675205861
 20
1168.433995264522
 10
6101.608675205907
 20
1195.43399526452
 10
6081.6086752059
 20
1195.433995264555
 10
6081.608675205965
 20
1233.433995264556
 10
6044.608675205966
 20
1233.433995264621
 42
0.414213567281835
 10
6041.608675205961
 20
1230.433995264626
 10
6041.608675205754
 20
1111.433995264626
 42
0.4142135754510811
 10
6044.608675205748
 20
1108.433995264621
 10
6101.608675205755
 20
1108.433995264522
 10
6101.608675205735
 20
1096.433995264522
 42
0.4142135715747154
 10
6104.608675205722
 20
1093.433995264516
 10
6178.608675205722
 20
1093.433995264387
 42
0.4142135556812196
 10
6181.608675205734
 20
1096.433995264382
 10
6181.60867520578
 20
1123.433995264381
 10
6141.60867520578
 20
1123.43399526445
 10
6141.608675205834
 20
1153.433995264452
 10
6121.608675205827
 20
1153.433995264486
  0
MTEXT
  5
21A
330
1F
100
AcDbEntity
  8
Texto
 62
     4
100
AcDbMText
 10
6055.310032989511
 20
1115.822390724431
 30
0.0
 40
10.0
 41
127.8872646239033
 71
     1
 72
     5
  1
mn-21013-14
 11
0.0000000000018191
 21
1.0
 31
0.0
 73
     1
 44
1.0
1001
ACAD
1000
MTEXTBEGIN
1070
    73
1070
     1
1070
    44
1040
1.0
1070
    74
1070
     0
1000
MTEXTEND
  0
LWPOLYLINE
  5
21B
330
1F
100
AcDbEntity
  8
MN-21013-14
 62
     4
100
AcDbPolyline
 90
       18
 70
     1
 43
0.0
 10
7344.792272405618
 20
1197.745248458053
 10
7344.792272405618
 20
1177.74524845806
 10
7317.792272405618
 20
1177.74524845806
 10
7317.792272405618
 20
1157.745248458053
 10
7279.792272405619
 20
1157.745248458053
 10
7279.792272405619
 20
1120.745248458053
 42
0.4142135719284968
 10
7282.792272405619
 20
1117.745248458053
 10
7401.792272405619
 20
1117.745248458053
 42
0.4142135708025769
 10
7404.792272405619
 20
1120.745248458053
 10
7404.792272405619
 20
1177.74524845806
 10
7416.792272405619
 20
1177.74524845806
 42
0.4142135667236922
 10
7419.792272405619
 20
1180.745248458053
 10
7419.792272405619
 20
1254.745248458053
 42
0.4142135643823026
 10
7416.792272405619
 20
1257.74524845806
 10
7389.792272405618
 20
1257.74524845806
 10
7389.792272405618
 20
1217.74524845806
 10
7359.792272405619
 20
1217.74524845806
 10
7359.792272405619
 20
1197.745248458053
  0
MTEXT
  5
21C
330
1F
100
AcDbEntity
  8
Texto
 62
     4
100
AcDbMText
 10
7397.403876945793
 20
1131.446606241802
 30
0.0
 40
10.0
 41
127.8872646239033
 71
     1
 72
     5
  1
mn-21013-14
 11
-1.0
 21
0.0000000000000001
 31
0.0
 73
     1
 44
1.0
1001
ACAD
1000
MTEXTBEGIN
1070
    73
1070
     1
1070
    44
1040
1.0
1070
    74
1070
     0
1000
MTEXTEND
  0
LWPOLYLINE
  5
21D
330
1F
100
AcDbEntity
  8
0
 62
     4
100
AcDbPolyline
 90
       25
 70
     1
 43
0.0
 10
7369.792272405618
 20
1237.745248458053
 10
7369.792272405618
 20
1264.745248458053
 42
0.4142135583941715
 10
7366.79227240562
 20
1267.745248458053
 10
7203.792272405618
 20
1267.745248458053
 42
0.4142135552369786
 10
7200.792272405618
 20
1264.745248458053
 10
7200.792272405618
 20
1120.745248458053
 42
0.4142135665088084
 10
7203.792272405618
 20
1117.745248458053
 10
7231.792272405619
 20
1117.745248458053
 10
7231.792272405619
 20
1137.745248458053
 10
7243.792272405619
 20
1137.745248458053
 10
7243.792272405619
 20
1157.745248458053
 10
7259.792272405618
 20
1157.745248458053
 10
7259.792272405618
 20
1177.745248458053
 10
7268.792272405619
 20
1177.745248458053
 10
7268.792272405619
 20
1187.745248458053
 10
7278.792272405619
 20
1187.745248458053
 10
7278.792272405619
 20
1197.745248458053
 10
7290.792272405619
 20
1197.745248458053
 10
7290.792272405619
 20
1207.745248458053
 10
7304.792272405619
 20
1207.745248458053
 10
7304.792272405619
 20
1217.745248458053
 10
7320.792272405618
 20
1217.745248458053
 10
7320.792272405618
 20
1227.745248458053
 10
7341.792272405619
 20
1227.745248458053
 10
7341.792272405619
 20
1237.745248458053
  0
MTEXT
  5
21E
330
1F
100
AcDbEntity
  8
Texto
 62
     4
100
AcDbMText
 10
7317.655873021554
 20
1232.272457421465
 30
0.0
 40
10.0
 41
108.6825888813764
 71
     1
 72
     5
  1
9431295 pos.3
 11
-1.0
 21
0.0000000000000001
 31
0.0
 73
     1
 44
1.0
1001
ACAD
1000
MTEXTBEGIN
1070
    73
1070
     1
1070
    44
1040
1.0
1070
    74
1070
     0
1000
MTEXTEND
  0
LWPOLYLINE
  5
21F
330
1F
100
AcDbEntity
  8
12884380v0
 62
     4
100
AcDbPolyline
 90
       16
 70
     1
 43
0.0
 10
5609.560717519999
 20
1135.6624051
 10
5706.810784901755
 20
1191.809757681339
 42
0.1896439010734896
 10
5708.178980181731
 20
1193.528370514312
 10
5756.962724142698
 20
1352.626870296065
 42
-0.1896439032582593
 10
5758.330919422675
 20
1354.345483129038
 10
5893.274726611586
 20
1432.255326534715
 42
0.4142135587076036
 10
5894.372802822945
 20
1436.353402746067
 10
5857.372802823058
 20
1500.43928262618
 42
0.4142135564309283
 10
5853.274726611707
 20
1501.53735883754
 10
5691.072753946053
 20
1407.890006256314
 42
0.1896439103640761
 10
5689.704558666075
 20
1406.17139342334
 10
5640.920814705109
 20
1247.072893641589
 42
-0.1896439076120399
 10
5639.552619425133
 20
1245.354280808615
 10
5569.560717520121
 20
1204.944437402825
 42
0.4142135658992242
 10
5568.46264130876
 20
1200.846361191473
 10
5605.462641308648
 20
1136.76048131136
 42
0.4142135604122782
  0
CIRCLE
  5
220
330
1F
100
AcDbEntity
  8
12884380v0
 62
     4
100
AcDbCircle
 10
5602.943403422292
 20
1201.123929327078
 30
0.0
 40
6.5
  0
CIRCLE
  5
221
330
1F
100
AcDbEntity
  8
12884380v0
 62
     4
100
AcDbCircle
 10
5622.943403422232
 20
1166.482913175665
 30
0.0
 40
6.5
  0
MTEXT
  5
222
330
1F
100
AcDbEntity
  8
Texto
 62
     4
100
AcDbMText
 10
5837.429929365927
 20
1441.733773916833
 30
0.0
 40
10.0
 41
121.8336568559971
 71
     1
 72
     5
  1
12884380 pos.10
 11
-0.8660254037852652
 21
-0.4999999999985684
 31
0.0
 73
     1
 44
1.0
1001
ACAD
1000
MTEXTBEGIN
1070
    73
1070
     1
1070
    44
1040
1.0
1070
    74
1070
     0
1000
MTEXTEND
  0
LWPOLYLINE
  5
223
330
1F
100
AcDbEntity
  8
MN-21013-14
 62
     4
100
AcDbPolyline
 90
       18
 70
     1
 43
0.0
 10
6342.751793090055
 20
1223.784862092752
 10
6322.751793090063
 20
1223.784862092752
 10
6322.751793090063
 20
1250.784862092753
 10
6302.751793090055
 20
1250.784862092753
 10
6302.751793090055
 20
1288.784862092753
 10
6265.751793090055
 20
1288.784862092753
 42
0.4142135715278761
 10
6262.751793090055
 20
1285.784862092753
 10
6262.751793090055
 20
1166.784862092753
 42
0.4142135712040853
 10
6265.751793090055
 20
1163.784862092753
 10
6322.751793090063
 20
1163.784862092753
 10
6322.751793090063
 20
1151.784862092752
 42
0.4142135673992664
 10
6325.751793090055
 20
1148.784862092752
 10
6399.751793090055
 20
1148.784862092752
 42
0.4142135646455131
 10
6402.751793090063
 20
1151.784862092752
 10
6402.751793090063
 20
1178.784862092753
 10
6362.751793090062
 20
1178.784862092753
 10
6362.751793090062
 20
1208.784862092753
 10
6342.751793090055
 20
1208.784862092753
  0
MTEXT
  5
224
330
1F
100
AcDbEntity
  8
Texto
 62
     4
100
AcDbMText
 10
6276.453150873805
 20
1171.173257552609
 30
0.0
 40
10.0
 41
127.8872646239033
 71
     1
 72
     5
  1
mn-21013-14
 11
0.0000000000000001
 21
1.0
 31
0.0
 73
     1
 44
1.0
1001
ACAD
1000
MTEXTBEGIN
1070
    73
1070
     1
1070
    44
1040
1.0
1070
    74
1070
     0
1000
MTEXTEND
  0
LWPOLYLINE
  5
225
330
1F
100
AcDbEntity
  8
0
 62
     4
100
AcDbPolyline
 90
       25
 70
     1
 43
0.0
 10
6674.003490478709
 20
1151.56322671434
 10
6701.003490478711
 20
1151.56322671434
 42
0.4142135591135659
 10
6704.003490478711
 20
1154.563226714341
 10
6704.003490478711
 20
1317.563226714341
 42
0.4142135663042026
 10
6701.003490478711
 20
1320.563226714341
 10
6557.003490478717
 20
1320.563226714341
 42
0.4142135581885225
 10
6554.00349047871
 20
1317.563226714341
 10
6554.00349047871
 20
1289.563226714341
 10
6574.003490478716
 20
1289.563226714341
 10
6574.003490478716
 20
1277.563226714341
 10
6594.003490478709
 20
1277.563226714341
 10
6594.003490478709
 20
1261.563226714341
 10
6614.003490478717
 20
1261.563226714341
 10
6614.003490478717
 20
1252.563226714341
 10
6624.00349047871
 20
1252.563226714341
 10
6624.00349047871
 20
1242.563226714341
 10
6634.00349047871
 20
1242.563226714341
 10
6634.00349047871
 20
1230.563226714341
 10
6644.003490478709
 20
1230.563226714341
 10
6644.003490478709
 20
1216.563226714341
 10
6654.003490478718
 20
1216.563226714341
 10
6654.003490478718
 20
1200.563226714341
 10
6664.00349047871
 20
1200.563226714341
 10
6664.00349047871
 20
1179.56322671434
 10
6674.003490478709
 20
1179.56322671434
  0
MTEXT
  5
226
330
1F
100
AcDbEntity
  8
Texto
 62
     4
100
AcDbMText
 10
6668.530699442119
 20
1203.699626098404
 30
0.0
 40
10.0
 41
108.6825888813764
 71
     1
 72
     5
  1
9431295 pos.3
 11
0.0000000000000001
 21
1.0
 31
0.0
 73
     1
 44
1.0
1001
ACAD
1000
MTEXTBEGIN
1070
    73
1070
     1
1070
    44
1040
1.0
1070
    74
1070
     0
1000
MTEXTEND
  0
LWPOLYLINE
  5
227
330
1F
100
AcDbEntity
  8
13719067v0
 62
     4
100
AcDbPolyline
 90
       12
 70
     1
 43
0.0
 10
5831.608675205854
 20
1299.0000001
 10
5831.608675205854
 20
1255.0000001
 42
0.4142135580756196
 10
5834.608675205854
 20
1252.0000001
 10
5968.608675205853
 20
1252.0000001
 42
-0.4142135638364135
 10
5971.608675205853
 20
1249.0000001
 10
5971.608675205853
 20
1155.0000001
 42
0.4142135662346539
 10
5974.608675205853
 20
1152.0000001
 10
6018.608675205854
 20
1152.0000001
 42
0.4142135642688893
 10
6021.608675205854
 20
1155.0000001
 10
6021.608675205854
 20
1299.0000001
 42
0.4142135650536369
 10
6018.608675205854
 20
1302.0000001
 10
5834.608675205854
 20
1302.0000001
 42
0.4142135634032941
  0
CIRCLE
  5
228
330
1F
100
AcDbEntity
  8
13719067v0
 62
     4
100
AcDbCircle
 10
5996.608675205854
 20
1177.0000001
 30
0.0
 40
9.0
  0
MTEXT
  5
229
330
1F
100
AcDbEntity
  8
Texto
 62
     4
100
AcDbMText
 10
5850.440111767448
 20
1282.73687406105
 30
0.0
 40
10.0
 41
120.1259672672422
 71
     1
 72
     5
  1
{\W1.839601; }13719067 pos.29
 73
     1
 44
1.0
1001
ACAD
1000
MTEXTBEGIN
1070
    73
1070
     1
1070
    44
1040
1.0
1070
    74
1070
     0
1000
MTEXTEND
  0
LWPOLYLINE
  5
22A
330
1F
100
AcDbEntity
  8
13719067v0
 62
     4
100
AcDbPolyline
 90
       12
 70
     1
 43
0.0
 10
5951.608675205854
 20
1155.0000001
 10
5951.608675205854
 20
1199.0000001
 42
0.4142135563535084
 10
5948.608675205854
 20
1202.0000001
 10
5814.608675205853
 20
1202.0000001
 42
-0.4142135655585249
 10
5811.608675205853
 20
1205.0000001
 10
5811.608675205853
 20
1299.0000001
 42
0.4142135645125648
 10
5808.608675205853
 20
1302.0000001
 10
5764.608675205853
 20
1302.0000001
 42
0.4142135659915336
 10
5761.608675205853
 20
1299.0000001
 10
5761.608675205853
 20
1155.0000001
 42
0.4142135667752154
 10
5764.608675205853
 20
1152.0000001
 10
5948.608675205854
 20
1152.0000001
 42
0.4142135683036872
  0
CIRCLE
  5
22B
330
1F
100
AcDbEntity
  8
13719067v0
 62
     4
100
AcDbCircle
 10
5786.608675205854
 20
1277.0000001
 30
0.0
 40
9.0
  0
MTEXT
  5
22C
330
1F
100
AcDbEntity
  8
Texto
 62
     4
100
AcDbMText
 10
5932.777238644257
 20
1171.26312613895
 30
0.0
 40
10.0
 41
120.1259672672422
 71
     1
 72
     5
  1
{\W1.839601; }13719067 pos.29
 11
-1.0
 21
0.0000000000000001
 31
0.0
 73
     1
 44
1.0
1001
ACAD
1000
MTEXTBEGIN
1070
    73
1070
     1
1070
    44
1040
1.0
1070
    74
1070
     0
1000
MTEXTEND
  0
LWPOLYLINE
  5
22D
330
1F
100
AcDbEntity
  8
Des.7342512
 62
     4
100
AcDbPolyline
 90
       23
 70
     1
 43
0.0
 10
6436.980920264886
 20
1158.0000001
 10
6463.980920264886
 20
1158.0000001
 42
0.41421355862455
 10
6466.980920264886
 20
1161.0000001
 10
6466.980920264886
 20
1309.0000001
 42
0.414213565720953
 10
6463.980920264886
 20
1312.000000099999
 10
6329.980920264887
 20
1312.000000099999
 42
0.4142135700518156
 10
6326.980920264887
 20
1309.0000001
 10
6326.980920264887
 20
1284.0000001
 10
6346.980920264886
 20
1284.0000001
 10
6346.980920264886
 20
1271.000000099999
 10
6366.980920264887
 20
1271.000000099999
 10
6366.980920264887
 20
1255.0000001
 10
6386.980920264886
 20
1255.0000001
 10
6386.980920264886
 20
1245.0000001
 10
6396.980920264887
 20
1245.0000001
 10
6396.980920264887
 20
1234.0000001
 10
6406.980920264887
 20
1234.0000001
 10
6406.980920264887
 20
1221.0000001
 10
6416.980920264887
 20
1221.0000001
 10
6416.980920264887
 20
1205.000000099999
 10
6426.980920264887
 20
1205.000000099999
 10
6426.980920264887
 20
1185.0000001
 10
6436.980920264886
 20
1185.0000001
  0
MTEXT
  5
22E
330
1F
100
AcDbEntity
  8
Texto
 62
     4
100
AcDbMText
 10
6430.413421676887
 20
1213.481318572535
 30
0.0
 40
10.0
 41
113.0421700082152
 71
     1
 72
     5
  1
7342512 pos.7
 11
0.0000000000000001
 21
1.0
 31
0.0
 73
     1
 44
1.0
1001
ACAD
1000
MTEXTBEGIN
1070
    73
1070
     1
1070
    44
1040
1.0
1070
    74
1070
     0
1000
MTEXTEND
  0
LWPOLYLINE
  5
22F
330
1F
100
AcDbEntity
  8
0
 62
     4
100
AcDbPolyline
 90
       25
 70
     1
 43
0.0
 10
6516.980920264886
 20
1328.0402551
 10
6489.980920264887
 20
1328.0402551
 42
0.4142135658310143
 10
6486.980920264875
 20
1325.040255099999
 10
6486.980920264875
 20
1162.040255099999
 42
0.4142135703991149
 10
6489.980920264887
 20
1159.040255099999
 10
6633.980920264875
 20
1159.040255099999
 42
0.4142135506258573
 10
6636.980920264886
 20
1162.040255099999
 10
6636.980920264886
 20
1190.040255099999
 10
6616.980920264876
 20
1190.040255099999
 10
6616.980920264876
 20
1202.040255099999
 10
6596.980920264886
 20
1202.040255099999
 10
6596.980920264886
 20
1218.040255099999
 10
6576.980920264876
 20
1218.040255099999
 10
6576.980920264876
 20
1227.040255099999
 10
6566.980920264876
 20
1227.040255099999
 10
6566.980920264876
 20
1237.040255099999
 10
6556.980920264887
 20
1237.040255099999
 10
6556.980920264887
 20
1249.040255099999
 10
6546.980920264886
 20
1249.040255099999
 10
6546.980920264886
 20
1263.040255099999
 10
6536.980920264875
 20
1263.040255099999
 10
6536.980920264875
 20
1279.040255099999
 10
6526.980920264875
 20
1279.040255099999
 10
6526.980920264875
 20
1300.0402551
 10
6516.980920264886
 20
1300.0402551
  0
MTEXT
  5
230
330
1F
100
AcDbEntity
  8
Texto
 62
     4
100
AcDbMText
 10
6522.453711301462
 20
1275.903855715935
 30
0.0
 40
10.0
 41
108.6825888813764
 71
     1
 72
     5
  1
9431295 pos.3
 11
-0.0000000000000002
 21
-1.0
 31
0.0
 73
     1
 44
1.0
1001
ACAD
1000
MTEXTBEGIN
1070
    73
1070
     1
1070
    44
1040
1.0
1070
    74
1070
     0
1000
MTEXTEND
  0
LWPOLYLINE
  5
231
330
1F
100
AcDbEntity
  8
7465117
 62
     4
100
AcDbPolyline
 90
       27
 70
     1
 43
0.0
 10
7574.000000519998
 20
1202.811456704462
 10
7544.00000052
 20
1202.811456704462
 10
7544.00000052
 20
1175.811456704463
 42
0.4142135615661266
 10
7547.000000519999
 20
1172.811456704462
 10
7729.000000519997
 20
1172.811456704462
 42
0.4142135614691405
 10
7732.000000519999
 20
1175.811456704463
 10
7732.000000519999
 20
1349.811456704463
 42
0.414213559650953
 10
7729.000000519997
 20
1352.811456704462
 10
7707.000000519999
 20
1352.811456704462
 10
7707.000000519999
 20
1327.811456704462
 10
7697.000000519998
 20
1327.811456704462
 10
7697.000000519998
 20
1307.811456704462
 10
7687.00000052
 20
1307.811456704462
 10
7687.00000052
 20
1292.811456704463
 10
7672.000000519999
 20
1292.811456704463
 10
7672.000000519999
 20
1272.811456704463
 10
7653.000000519999
 20
1272.811456704463
 10
7653.000000519999
 20
1252.811456704463
 10
7641.000000519999
 20
1252.811456704463
 10
7641.000000519999
 20
1242.811456704463
 10
7629.000000519998
 20
1242.811456704463
 10
7629.000000519998
 20
1232.811456704463
 10
7614.000000519999
 20
1232.811456704463
 10
7614.000000519999
 20
1222.811456704452
 10
7596.000000519999
 20
1222.811456704452
 10
7596.000000519999
 20
1212.811456704462
 10
7574.000000519998
 20
1212.811456704462
  0
MTEXT
  5
232
330
1F
100
AcDbEntity
  8
Texto
 62
     4
100
AcDbMText
 10
7641.23485399774
 20
1222.982918015632
 30
0.0
 40
10.0
 41
75.53356872635595
 71
     1
 72
     5
  1
7465117 pos.2
 73
     1
 44
1.0
1001
ACAD
1000
MTEXTBEGIN
1070
    73
1070
     1
1070
    44
1040
1.0
1070
    74
1070
     0
1000
MTEXTEND
  0
LWPOLYLINE
  5
233
330
1F
100
AcDbEntity
  8
7465117
 62
     4
100
AcDbPolyline
 90
       27
 70
     1
 43
0.0
 10
7645.727070819273
 20
1324.332921677186
 10
7675.727070819274
 20
1324.332921677186
 10
7675.727070819274
 20
1351.332921677186
 42
0.4142135620150962
 10
7672.727070819274
 20
1354.332921677186
 10
7490.727070819274
 20
1354.332921677186
 42
0.4142135642523512
 10
7487.727070819274
 20
1351.332921677186
 10
7487.727070819274
 20
1177.332921677185
 42
0.4142135644873027
 10
7490.727070819274
 20
1174.332921677186
 10
7512.727070819273
 20
1174.332921677186
 10
7512.727070819273
 20
1199.332921677197
 10
7522.727070819273
 20
1199.332921677197
 10
7522.727070819273
 20
1219.332921677185
 10
7532.727070819274
 20
1219.332921677185
 10
7532.727070819274
 20
1234.332921677186
 10
7547.727070819274
 20
1234.332921677186
 10
7547.727070819274
 20
1254.332921677186
 10
7566.727070819273
 20
1254.332921677186
 10
7566.727070819273
 20
1274.332921677186
 10
7578.727070819273
 20
1274.332921677186
 10
7578.727070819273
 20
1284.332921677186
 10
7590.727070819274
 20
1284.332921677186
 10
7590.727070819274
 20
1294.332921677186
 10
7605.727070819273
 20
1294.332921677186
 10
7605.727070819273
 20
1304.332921677197
 10
7623.727070819274
 20
1304.332921677197
 10
7623.727070819274
 20
1314.332921677186
 10
7645.727070819273
 20
1314.332921677186
  0
MTEXT
  5
234
330
1F
100
AcDbEntity
  8
Texto
 62
     4
100
AcDbMText
 10
7578.492217341562
 20
1304.161460366016
 30
0.0
 40
10.0
 41
75.53356872635595
 71
     1
 72
     5
  1
7465117 pos.2
 11
-1.0
 21
0.0000000000000001
 31
0.0
 73
     1
 44
1.0
1001
ACAD
1000
MTEXTBEGIN
1070
    73
1070
     1
1070
    44
1040
1.0
1070
    74
1070
     0
1000
MTEXTEND
  0
LWPOLYLINE
  5
235
330
1F
100
AcDbEntity
  8
10246727
 62
     4
100
AcDbPolyline
 90
       25
 70
     1
 43
0.0
 10
6991.373862117332
 20
1354.315266309503
 10
6964.373862117333
 20
1354.31526630955
 42
0.4142135570202696
 10
6961.373862117326
 20
1351.315266309554
 10
6961.373862117023
 20
1177.315266309555
 42
0.4142135606078072
 10
6964.373862117018
 20
1174.31526630955
 10
7118.373862117017
 20
1174.315266309281
 42
0.4142135669180421
 10
7121.373862117022
 20
1177.315266309276
 10
7121.373862117064
 20
1200.315266309276
 10
7101.373862117063
 20
1200.315266309311
 10
7101.373862117084
 20
1212.31526630931
 10
7081.373862117084
 20
1212.315266309345
 10
7081.373862117111
 20
1227.315266309346
 10
7061.373862117111
 20
1227.315266309381
 10
7061.373862117142
 20
1245.315266309381
 10
7041.373862117142
 20
1245.315266309415
 10
7041.373862117161
 20
1256.315266309415
 10
7031.373862117162
 20
1256.315266309433
 10
7031.373862117185
 20
1269.315266309432
 10
7021.373862117184
 20
1269.315266309449
 10
7021.37386211721
 20
1284.315266309449
 10
7011.37386211721
 20
1284.315266309467
 10
7011.37386211724
 20
1301.315266309467
 10
7001.373862117239
 20
1301.315266309484
 10
7001.37386211728
 20
1324.315266309484
 10
6991.373862117281
 20
1324.315266309502
  0
MTEXT
  5
236
330
1F
100
AcDbEntity
  8
Texto
 62
     4
100
AcDbMText
 10
7019.601492870228
 20
1254.639922666859
 30
0.0
 40
10.0
 41
86.39145176365673
 71
     1
 72
     5
  1
10246727 pos.3
 11
-0.0000000000018192
 21
-1.0
 31
0.0
 73
     1
 44
1.0
1001
ACAD
1000
MTEXTBEGIN
1070
    73
1070
     1
1070
    44
1040
1.0
1070
    74
1070
     0
1000
MTEXTEND
  0
LWPOLYLINE
  5
237
330
1F
100
AcDbEntity
  8
10246727
 62
     4
100
AcDbPolyline
 90
       25
 70
     1
 43
0.0
 10
6911.373862117333
 20
1174.664016911883
 10
6938.373862117332
 20
1174.664016911883
 42
0.4142135590327626
 10
6941.373862117332
 20
1177.664016911884
 10
6941.373862117332
 20
1351.664016911884
 42
0.414213559020753
 10
6938.373862117332
 20
1354.664016911884
 10
6784.373862117333
 20
1354.664016911884
 42
0.4142135719535147
 10
6781.373862117333
 20
1351.664016911884
 10
6781.373862117333
 20
1328.664016911883
 10
6801.373862117333
 20
1328.664016911883
 10
6801.373862117333
 20
1316.664016911884
 10
6821.373862117332
 20
1316.664016911884
 10
6821.373862117332
 20
1301.664016911884
 10
6841.373862117333
 20
1301.664016911884
 10
6841.373862117333
 20
1283.664016911884
 10
6861.373862117332
 20
1283.664016911884
 10
6861.373862117332
 20
1272.664016911885
 10
6871.373862117332
 20
1272.664016911885
 10
6871.373862117332
 20
1259.664016911884
 10
6881.373862117333
 20
1259.664016911884
 10
6881.373862117333
 20
1244.664016911884
 10
6891.373862117332
 20
1244.664016911884
 10
6891.373862117332
 20
1227.664016911884
 10
6901.373862117333
 20
1227.664016911884
 10
6901.373862117333
 20
1204.664016911884
 10
6911.373862117333
 20
1204.664016911884
  0
MTEXT
  5
238
330
1F
100
AcDbEntity
  8
Texto
 62
     4
100
AcDbMText
 10
6883.146231364261
 20
1274.339360554477
 30
0.0
 40
10.0
 41
86.39145176365673
 71
     1
 72
     5
  1
10246727 pos.3
 11
0.0000000000000001
 21
1.0
 31
0.0
 73
     1
 44
1.0
1001
ACAD
1000
MTEXTBEGIN
1070
    73
1070
     1
1070
    44
1040
1.0
1070
    74
1070
     0
1000
MTEXTEND
  0
LWPOLYLINE
  5
239
330
1F
100
AcDbEntity
  8
10246727
 62
     4
100
AcDbPolyline
 90
       25
 70
     1
 43
0.0
 10
7150.792272405621
 20
1175.208945652624
 10
7177.792272405621
 20
1175.208945652624
 42
0.4142135604342353
 10
7180.792272405621
 20
1178.208945652625
 10
7180.792272405621
 20
1352.208945652625
 42
0.4142135670451078
 10
7177.792272405621
 20
1355.208945652625
 10
7023.792272405621
 20
1355.208945652625
 42
0.4142135672404343
 10
7020.792272405621
 20
1352.208945652625
 10
7020.792272405621
 20
1329.208945652624
 10
7040.792272405622
 20
1329.208945652624
 10
7040.792272405622
 20
1317.208945652625
 10
7060.792272405622
 20
1317.208945652625
 10
7060.792272405622
 20
1302.208945652625
 10
7080.792272405621
 20
1302.208945652625
 10
7080.792272405621
 20
1284.208945652625
 10
7100.792272405621
 20
1284.208945652625
 10
7100.792272405621
 20
1273.208945652625
 10
7110.792272405622
 20
1273.208945652625
 10
7110.792272405622
 20
1260.208945652625
 10
7120.792272405622
 20
1260.208945652625
 10
7120.792272405622
 20
1245.208945652625
 10
7130.792272405621
 20
1245.208945652625
 10
7130.792272405621
 20
1228.208945652625
 10
7140.792272405622
 20
1228.208945652625
 10
7140.792272405622
 20
1205.208945652625
 10
7150.792272405621
 20
1205.208945652625
  0
MTEXT
  5
23A
330
1F
100
AcDbEntity
  8
Texto
 62
     4
100
AcDbMText
 10
7122.564641652552
 20
1274.884289295218
 30
0.0
 40
10.0
 41
86.39145176365673
 71
     1
 72
     5
  1
10246727 pos.3
 11
0.0000000000000001
 21
1.0
 31
0.0
 73
     1
 44
1.0
1001
ACAD
1000
MTEXTBEGIN
1070
    73
1070
     1
1070
    44
1040
1.0
1070
    74
1070
     0
1000
MTEXTEND
  0
LWPOLYLINE
  5
23B
330
1F
100
AcDbEntity
  8
0
 62
     4
100
AcDbPolyline
 90
       25
 70
     1
 43
0.0
 10
6754.00349047871
 20
1346.661566138067
 10
6727.003490478709
 20
1346.661566138114
 42
0.4142135626256502
 10
6724.003490478704
 20
1343.661566138119
 10
6724.003490478421
 20
1180.661566138119
 42
0.414213561515891
 10
6727.003490478415
 20
1177.661566138114
 10
6871.003490478415
 20
1177.661566137862
 42
0.4142135622771966
 10
6874.003490478421
 20
1180.661566137857
 10
6874.003490478469
 20
1208.661566137859
 10
6854.003490478469
 20
1208.661566137893
 10
6854.00349047849
 20
1220.661566137892
 10
6834.00349047849
 20
1220.661566137927
 10
6834.003490478519
 20
1236.661566137927
 10
6814.003490478518
 20
1236.661566137962
 10
6814.003490478532
 20
1245.661566137962
 10
6804.003490478533
 20
1245.661566137979
 10
6804.003490478551
 20
1255.661566137979
 10
6794.003490478551
 20
1255.661566137997
 10
6794.003490478572
 20
1267.661566137997
 10
6784.003490478571
 20
1267.661566138014
 10
6784.003490478596
 20
1281.661566138014
 10
6774.003490478595
 20
1281.661566138032
 10
6774.003490478624
 20
1297.661566138032
 10
6764.003490478625
 20
1297.661566138049
 10
6764.003490478661
 20
1318.661566138049
 10
6754.003490478661
 20
1318.661566138066
  0
MTEXT
  5
23C
330
1F
100
AcDbEntity
  8
Texto
 62
     4
100
AcDbMText
 10
6759.476281515206
 20
1294.525166753993
 30
0.0
 40
10.0
 41
108.6825888813764
 71
     1
 72
     5
  1
9431295 pos.3
 11
-0.0000000000018192
 21
-1.0
 31
0.0
 73
     1
 44
1.0
1001
ACAD
1000
MTEXTBEGIN
1070
    73
1070
     1
1070
    44
1040
1.0
1070
    74
1070
     0
1000
MTEXTEND
  0
LWPOLYLINE
  5
23D
330
1F
100
AcDbEntity
  8
12884380v0
 62
     4
100
AcDbPolyline
 90
       16
 70
     1
 43
0.0
 10
5548.000000519999
 20
1185.0000001
 10
5548.00000052014
 20
1265.819686911825
 42
-0.1896439122826948
 10
5548.804265251855
 20
1267.863885198107
 10
5662.195735787727
 20
1389.6610966505
 42
0.1896439161910299
 10
5663.00000052036
 20
1391.705294936781
 10
5663.000000520687
 20
1579.000000099799
 42
0.4142135673789767
 10
5660.000000520692
 20
1582.000000099804
 10
5586.000000520692
 20
1582.000000099933
 42
0.414213558896973
 10
5583.000000520687
 20
1579.000000099938
 10
5583.000000520415
 20
1423.180313288114
 42
-0.1896439086627378
 10
5582.195735787782
 20
1421.136115001833
 10
5468.804265251911
 20
1299.338903549439
 42
0.1896439061225101
 10
5468.000000520195
 20
1297.294705263158
 10
5468.00000052
 20
1185.000000100139
 42
0.4142135560858803
 10
5471.000000519993
 20
1182.000000100134
 10
5545.000000519994
 20
1182.000000100005
 42
0.4142135657086106
  0
CIRCLE
  5
23E
330
1F
100
AcDbEntity
  8
12884380v0
 62
     4
100
AcDbCircle
 10
5488.000000520045
 20
1212.000000100105
 30
0.0
 40
6.5
  0
CIRCLE
  5
23F
330
1F
100
AcDbEntity
  8
12884380v0
 62
     4
100
AcDbCircle
 10
5528.000000520046
 20
1212.000000100035
 30
0.0
 40
6.5
  0
MTEXT
  5
240
330
1F
100
AcDbEntity
  8
Texto
 62
     4
100
AcDbMText
 10
5628.659928848088
 20
1560.654856180543
 30
0.0
 40
10.0
 41
121.8336568559971
 71
     1
 72
     5
  1
12884380 pos.2
 11
-0.0000000000018192
 21
-1.0
 31
0.0
 73
     1
 44
1.0
1001
ACAD
1000
MTEXTBEGIN
1070
    73
1070
     1
1070
    44
1040
1.0
1070
    74
1070
     0
1000
MTEXTEND
  0
LWPOLYLINE
  5
241
330
1F
100
AcDbEntity
  8
12884380v0
 62
     4
100
AcDbPolyline
 90
       16
 70
     1
 43
0.0
 10
5483.000000519999
 20
1579.0000001
 10
5483.000000519999
 20
1498.180313288175
 42
-0.1896439083862101
 10
5482.195735787359
 20
1496.136115001892
 10
5368.8042652517
 20
1374.338903549301
 42
0.1896439086865964
 10
5368.000000519999
 20
1372.294705263017
 10
5368.000000519999
 20
1185.0000001
 42
0.4142135674754524
 10
5371.000000519999
 20
1182.0000001
 10
5445.000000519999
 20
1182.0000001
 42
0.4142135554895114
 10
5448.000000519999
 20
1185.0000001
 10
5448.000000519999
 20
1340.819686911825
 42
-0.1896439091623125
 10
5448.804265251701
 20
1342.863885198107
 10
5562.195735787359
 20
1464.661096650699
 42
0.1896439113975168
 10
5563.000000519998
 20
1466.705294936982
 10
5563.000000519998
 20
1579.0000001
 42
0.4142135559899597
 10
5560.000000519999
 20
1582.0000001
 10
5486.000000519999
 20
1582.0000001
 42
0.4142135691163386
  0
CIRCLE
  5
242
330
1F
100
AcDbEntity
  8
12884380v0
 62
     4
100
AcDbCircle
 10
5543.000000519999
 20
1552.0000001
 30
0.0
 40
6.5
  0
CIRCLE
  5
243
330
1F
100
AcDbEntity
  8
12884380v0
 62
     4
100
AcDbCircle
 10
5503.00000052
 20
1552.0000001
 30
0.0
 40
6.5
  0
MTEXT
  5
244
330
1F
100
AcDbEntity
  8
Texto
 62
     4
100
AcDbMText
 10
5402.340072191641
 20
1203.345144019316
 30
0.0
 40
10.0
 41
121.8336568559971
 71
     1
 72
     5
  1
12884380 pos.2
 11
0.0000000000000001
 21
1.0
 31
0.0
 73
     1
 44
1.0
1001
ACAD
1000
MTEXTBEGIN
1070
    73
1070
     1
1070
    44
1040
1.0
1070
    74
1070
     0
1000
MTEXTEND
  0
LWPOLYLINE
  5
245
330
1F
100
AcDbEntity
  8
13700018v0
 62
     4
100
AcDbPolyline
 90
       10
 70
     1
 43
0.0
 10
5345.000000519998
 20
1182.0000001
 42
0.414213563257515
 10
5348.000000519999
 20
1185.0000001
 10
5348.000000519999
 20
1381.33491611207
 42
-0.1095178111712277
 10
5348.281077158958
 20
1382.602770897297
 10
5439.27139878119
 20
1577.732145314773
 42
0.5486187898023162
 10
5436.552475420148
 20
1582.000000099999
 10
5271.000000519988
 20
1582.000000099999
 42
0.4142135655666052
 10
5268.000000519999
 20
1579.0000001
 10
5268.000000519999
 20
1185.0000001
 42
0.4142135640326725
 10
5271.000000519988
 20
1182.0000001
  0
CIRCLE
  5
246
330
1F
100
AcDbEntity
  8
13700018v0
 62
     4
100
AcDbCircle
 10
5328.000000519999
 20
1552.0000001
 30
0.0
 40
6.5
  0
CIRCLE
  5
247
330
1F
100
AcDbEntity
  8
13700018v0
 62
     4
100
AcDbCircle
 10
5288.000000519999
 20
1552.0000001
 30
0.0
 40
6.5
  0
CIRCLE
  5
248
330
1F
100
AcDbEntity
  8
13700018v0
 62
     4
100
AcDbCircle
 10
5308.000000519999
 20
1207.000000099999
 30
0.0
 40
9.000000000000227
  0
MTEXT
  5
249
330
1F
100
AcDbEntity
  8
Texto
 62
     4
100
AcDbMText
 10
5302.249089951948
 20
1317.710494929138
 30
0.0
 40
10.0
 41
161.5998066677093
 71
     1
 72
     5
  1
{\W7.189395; }13700018 pos.10
 11
0.0000000000000001
 21
1.0
 31
0.0
 73
     1
 44
1.0
1001
ACAD
1000
MTEXTBEGIN
1070
    73
1070
     1
1070
    44
1040
1.0
1070
    74
1070
     0
1000
MTEXTEND
  0
LWPOLYLINE
  5
24A
330
1F
100
AcDbEntity
  8
13719067v0
 62
     4
100
AcDbPolyline
 90
       10
 70
     1
 43
0.0
 10
6044.608675205854
 20
1261.56828041698
 10
6081.223810881848
 20
1261.56828041698
 42
0.0638822887090803
 10
6081.981076573288
 20
1261.665428599781
 10
6309.365940897293
 20
1320.98321929245
 42
0.3413001591235409
 10
6311.608675205853
 20
1323.886071109662
 10
6311.608675205853
 20
1358.568280416979
 42
0.4142135667776795
 10
6308.608675205853
 20
1361.568280416979
 10
6044.608675205854
 20
1361.568280416979
 42
0.4142135643493597
 10
6041.608675205854
 20
1358.568280416979
 10
6041.608675205854
 20
1264.568280416979
 42
0.4142135572663647
  0
CIRCLE
  5
24B
330
1F
100
AcDbEntity
  8
13719067v0
 62
     4
100
AcDbCircle
 10
6061.608675205853
 20
1281.568280416979
 30
0.0
 40
8.999999999999971
  0
CIRCLE
  5
24C
330
1F
100
AcDbEntity
  8
13719067v0
 62
     4
100
AcDbCircle
 10
6061.608675205853
 20
1331.568280416979
 30
0.0
 40
8.999999999999971
  0
CIRCLE
  5
24D
330
1F
100
AcDbEntity
  8
13719067v0
 62
     4
100
AcDbCircle
 10
6291.608675205854
 20
1341.568280416979
 30
0.0
 40
9.000000000000056
  0
MTEXT
  5
24E
330
1F
100
AcDbEntity
  8
Texto
 62
     4
100
AcDbMText
 10
6097.868167050917
 20
1335.107496300219
 30
0.0
 40
10.0
 41
120.1259672672422
 71
     1
 72
     5
  1
{\W1.846631; }13719067 pos.30
 73
     1
 44
1.0
1001
ACAD
1000
MTEXTBEGIN
1070
    73
1070
     1
1070
    44
1040
1.0
1070
    74
1070
     0
1000
MTEXTEND
  0
LWPOLYLINE
  5
24F
330
1F
100
AcDbEntity
  8
13893546
 62
     4
100
AcDbPolyline
 90
       12
 70
     1
 43
0.0
 10
7248.29837040562
 20
1354.745248458053
 10
7203.792272617919
 20
1354.745248458053
 42
0.4142135622027864
 10
7200.79227261792
 20
1351.745248458053
 10
7200.79227261792
 20
1290.745248458053
 42
0.4142135644051008
 10
7203.792272617919
 20
1287.745248458053
 10
7456.792272617919
 20
1287.745248458053
 42
0.4142135658058633
 10
7459.792272617919
 20
1290.745248458053
 10
7459.792272617919
 20
1351.745248458053
 42
0.4142135569810888
 10
7456.792272617919
 20
1354.745248458053
 10
7412.28617483022
 20
1354.745248458053
 42
0.1604098251196929
 10
7410.503698695186
 20
1354.15829193656
 42
-0.3292927799681205
 10
7250.080846540685
 20
1354.15829193656
 42
0.1604098273335145
  0
CIRCLE
  5
250
330
1F
100
AcDbEntity
  8
13893546
 62
     4
100
AcDbCircle
 10
7220.792272617922
 20
1334.745248458053
 30
0.0
 40
8.0
  0
CIRCLE
  5
251
330
1F
100
AcDbEntity
  8
13893546
 62
     4
100
AcDbCircle
 10
7439.79227261792
 20
1334.745248458053
 30
0.0
 40
8.0
  0
MTEXT
  5
252
330
1F
100
AcDbEntity
  8
Texto
 62
     4
100
AcDbMText
 10
7244.873302855234
 20
1309.637741950973
 30
0.0
 40
10.0
 41
175.71700701812
 71
     1
 72
     5
  1
{\W5.00269;  }13893546 pos.6
 73
     1
 44
1.0
1001
ACAD
1000
MTEXTBEGIN
1070
    73
1070
     1
1070
    44
1040
1.0
1070
    74
1070
     0
1000
MTEXTEND
  0
LWPOLYLINE
  5
253
330
1F
100
AcDbEntity
  8
7465117
 62
     4
100
AcDbPolyline
 90
       27
 70
     1
 43
0.0
 10
5831.89844446565
 20
1352.0000001
 10
5801.898444465649
 20
1352.0000001
 10
5801.898444465649
 20
1325.0000001
 42
0.4142135635000361
 10
5804.898444465649
 20
1322.0000001
 10
5986.89844446565
 20
1322.0000001
 42
0.4142135657377354
 10
5989.89844446565
 20
1325.0000001
 10
5989.89844446565
 20
1499.0000001
 42
0.4142135696237129
 10
5986.89844446565
 20
1502.0000001
 10
5964.898444465649
 20
1502.0000001
 10
5964.898444465649
 20
1477.0000001
 10
5954.89844446565
 20
1477.0000001
 10
5954.89844446565
 20
1457.0000001
 10
5944.89844446565
 20
1457.0000001
 10
5944.89844446565
 20
1442.0000001
 10
5929.898444465649
 20
1442.0000001
 10
5929.898444465649
 20
1422.0000001
 10
5910.89844446565
 20
1422.0000001
 10
5910.89844446565
 20
1402.0000001
 10
5898.89844446565
 20
1402.0000001
 10
5898.89844446565
 20
1392.0000001
 10
5886.89844446565
 20
1392.0000001
 10
5886.89844446565
 20
1382.0000001
 10
5871.898444465649
 20
1382.0000001
 10
5871.898444465649
 20
1372.000000099989
 10
5853.89844446565
 20
1372.000000099989
 10
5853.89844446565
 20
1362.0000001
 10
5831.89844446565
 20
1362.0000001
  0
MTEXT
  5
254
330
1F
100
AcDbEntity
  8
Texto
 62
     4
100
AcDbMText
 10
5899.133297943362
 20
1372.171461411169
 30
0.0
 40
10.0
 41
75.53356872635595
 71
     1
 72
     5
  1
7465117 pos.2
 73
     1
 44
1.0
1001
ACAD
1000
MTEXTBEGIN
1070
    73
1070
     1
1070
    44
1040
1.0
1070
    74
1070
     0
1000
MTEXTEND
  0
LWPOLYLINE
  5
255
330
1F
100
AcDbEntity
  8
0
 62
     4
100
AcDbPolyline
 90
       25
 70
     1
 43
0.0
 10
6582.000000519999
 20
1452.0000001
 10
6582.000000519999
 20
1479.0000001
 42
0.4142135656613272
 10
6579.000000519998
 20
1482.0000001
 10
6416.000000519999
 20
1482.0000001
 42
0.414213564551568
 10
6413.000000519999
 20
1479.0000001
 10
6413.000000519999
 20
1335.0000001
 42
0.4142135592421632
 10
6416.000000519999
 20
1332.0000001
 10
6444.00000052
 20
1332.0000001
 10
6444.00000052
 20
1352.0000001
 10
6456.000000519999
 20
1352.0000001
 10
6456.000000519999
 20
1372.0000001
 10
6472.000000519999
 20
1372.0000001
 10
6472.000000519999
 20
1392.0000001
 10
6481.000000519999
 20
1392.0000001
 10
6481.000000519999
 20
1402.0000001
 10
6491.000000519999
 20
1402.0000001
 10
6491.000000519999
 20
1412.0000001
 10
6503.00000052
 20
1412.0000001
 10
6503.00000052
 20
1422.0000001
 10
6517.000000519999
 20
1422.0000001
 10
6517.000000519999
 20
1432.0000001
 10
6533.000000519999
 20
1432.0000001
 10
6533.000000519999
 20
1442.0000001
 10
6554.000000519998
 20
1442.0000001
 10
6554.000000519998
 20
1452.0000001
  0
MTEXT
  5
256
330
1F
100
AcDbEntity
  8
Texto
 62
     4
100
AcDbMText
 10
6529.863601135936
 20
1446.527209063409
 30
0.0
 40
10.0
 41
108.6825888813764
 71
     1
 72
     5
  1
9431295 pos.3
 11
-1.0
 21
0.0000000000000001
 31
0.0
 73
     1
 44
1.0
1001
ACAD
1000
MTEXTBEGIN
1070
    73
1070
     1
1070
    44
1040
1.0
1070
    74
1070
     0
1000
MTEXTEND
  0
LWPOLYLINE
  5
257
330
1F
100
AcDbEntity
  8
MN-21013-14
 62
     4
100
AcDbPolyline
 90
       18
 70
     1
 43
0.0
 10
6627.12209894713
 20
1370.06775671434
 10
6637.122098947156
 20
1387.388264790005
 10
6660.504784849313
 20
1373.888264789964
 10
6670.504784849346
 20
1391.208772865641
 10
6703.413750193121
 20
1372.208772865585
 10
6721.913750193177
 20
1404.251712805577
 42
0.4142135756408923
 10
6720.815673981832
 20
1408.349789016932
 10
6617.758650931586
 20
1467.849789017112
 42
0.4142135670918142
 10
6613.660574720231
 20
1466.751712805766
 10
6585.160574720141
 20
1417.388264790096
 10
6574.768269874738
 20
1423.388264790113
 42
0.4142135763930614
 10
6570.670193663388
 20
1422.290188578773
 10
6533.670193663276
 20
1358.20430869879
 42
0.4142135606031029
 10
6534.76826987462
 20
1354.106232487428
 10
6558.150955776774
 20
1340.606232487387
 10
6578.150955776836
 20
1375.24724863873
 10
6604.131717890341
 20
1360.247248638685
 10
6614.131717890376
 20
1377.567756714363
  0
MTEXT
  5
258
330
1F
100
AcDbEntity
  8
Texto
 62
     4
100
AcDbMText
 10
6614.708433989751
 20
1453.789867380136
 30
0.0
 40
10.0
 41
127.8872646239033
 71
     1
 72
     5
  1
mn-21013-14
 11
0.8660254037836594
 21
-0.5000000000013496
 31
0.0
 73
     1
 44
1.0
1001
ACAD
1000
MTEXTBEGIN
1070
    73
1070
     1
1070
    44
1040
1.0
1070
    74
1070
     0
1000
MTEXTEND
  0
LWPOLYLINE
  5
259
330
1F
100
AcDbEntity
  8
13719067v0
 62
     4
100
AcDbPolyline
 90
       12
 70
     1
 43
0.0
 10
6203.000000519999
 20
1519.0000001
 10
6203.000000519999
 20
1475.0000001
 42
0.4142135612499944
 10
6206.000000519999
 20
1472.0000001
 10
6340.000000519997
 20
1472.0000001
 42
-0.4142135639731356
 10
6343.00000052
 20
1469.0000001
 10
6343.00000052
 20
1375.0000001
 42
0.4142135627865465
 10
6346.00000052
 20
1372.0000001
 10
6390.000000519997
 20
1372.0000001
 42
0.4142135610946255
 10
6393.000000519997
 20
1375.0000001
 10
6393.000000519997
 20
1519.0000001
 42
0.4142135685013891
 10
6390.000000519997
 20
1522.0000001
 10
6206.000000519999
 20
1522.0000001
 42
0.4142135665780906
  0
CIRCLE
  5
25A
330
1F
100
AcDbEntity
  8
13719067v0
 62
     4
100
AcDbCircle
 10
6368.000000519997
 20
1397.0000001
 30
0.0
 40
9.0
  0
MTEXT
  5
25B
330
1F
100
AcDbEntity
  8
Texto
 62
     4
100
AcDbMText
 10
6221.831437081594
 20
1502.73687406105
 30
0.0
 40
10.0
 41
120.1259672672422
 71
     1
 72
     5
  1
{\W1.839601; }13719067 pos.29
 73
     1
 44
1.0
1001
ACAD
1000
MTEXTBEGIN
1070
    73
1070
     1
1070
    44
1040
1.0
1070
    74
1070
     0
1000
MTEXTEND
  0
LWPOLYLINE
  5
25C
330
1F
100
AcDbEntity
  8
13719067v0
 62
     4
100
AcDbPolyline
 90
       10
 70
     1
 43
0.0
 10
7427.33718460767
 20
1385.3051941
 10
7462.704689790178
 20
1375.828499647978
 42
0.0638823000229971
 10
7463.461296078809
 20
1375.726342803571
 10
7698.450782981265
 20
1374.171395336513
 42
0.3413001664012481
 10
7701.368411306813
 20
1376.394872524474
 10
7710.34482760184
 20
1409.895314207173
 42
0.414213558927321
 10
7708.223507258286
 20
1413.569548821341
 10
7453.21908911809
 20
1481.897776728851
 42
0.4142135600495608
 10
7449.544854503914
 20
1479.776456385308
 10
7425.215864264117
 20
1388.979428714168
 42
0.414213564366017
  0
CIRCLE
  5
25D
330
1F
100
AcDbEntity
  8
13719067v0
 62
     4
100
AcDbCircle
 10
7448.93430455666
 20
1400.223786858991
 30
0.0
 40
8.999999999999971
  0
CIRCLE
  5
25E
330
1F
100
AcDbEntity
  8
13719067v0
 62
     4
100
AcDbCircle
 10
7461.875256811869
 20
1448.520078173421
 30
0.0
 40
8.999999999999971
  0
CIRCLE
  5
25F
330
1F
100
AcDbEntity
  8
13719067v0
 62
     4
100
AcDbCircle
 10
7686.626387309299
 20
1398.65095606235
 30
0.0
 40
9.000000000000056
  0
MTEXT
  5
260
330
1F
100
AcDbEntity
  8
Texto
 62
     4
100
AcDbMText
 10
7497.815252908441
 20
1442.554051144561
 30
0.0
 40
10.0
 41
120.1259672672422
 71
     1
 72
     5
  1
{\W1.846631; }13719067 pos.30
 11
0.9659258262885776
 21
-0.2588190451043523
 31
0.0
 73
     1
 44
1.0
1001
ACAD
1000
MTEXTBEGIN
1070
    73
1070
     1
1070
    44
1040
1.0
1070
    74
1070
     0
1000
MTEXTEND
  0
LWPOLYLINE
  5
261
330
1F
100
AcDbEntity
  8
13719067v0
 62
     4
100
AcDbPolyline
 90
       10
 70
     1
 43
0.0
 10
7064.790490194432
 20
1385.3051941
 10
7100.157995376939
 20
1375.828499647978
 42
0.063882314546616
 10
7100.914601665569
 20
1375.726342803571
 10
7335.904088568269
 20
1374.171395337413
 42
0.3413001638111871
 10
7338.821716893814
 20
1376.394872525374
 10
7347.7981331886
 20
1409.895314207173
 42
0.4142135619630734
 10
7345.676812845046
 20
1413.569548821351
 10
7090.672394704853
 20
1481.897776728862
 42
0.4142135595350701
 10
7086.998160090677
 20
1479.776456385308
 10
7062.669169850881
 20
1388.979428714179
 42
0.4142135620814144
  0
CIRCLE
  5
262
330
1F
100
AcDbEntity
  8
13719067v0
 62
     4
100
AcDbCircle
 10
7086.387610143424
 20
1400.223786859001
 30
0.0
 40
8.999999999999971
  0
CIRCLE
  5
263
330
1F
100
AcDbEntity
  8
13719067v0
 62
     4
100
AcDbCircle
 10
7099.328562398634
 20
1448.520078173432
 30
0.0
 40
8.999999999999971
  0
CIRCLE
  5
264
330
1F
100
AcDbEntity
  8
13719067v0
 62
     4
100
AcDbCircle
 10
7324.079692896058
 20
1398.65095606235
 30
0.0
 40
9.000000000000056
  0
MTEXT
  5
265
330
1F
100
AcDbEntity
  8
Texto
 62
     4
100
AcDbMText
 10
7135.268558495202
 20
1442.554051144561
 30
0.0
 40
10.0
 41
120.1259672672422
 71
     1
 72
     5
  1
{\W1.846631; }13719067 pos.30
 11
0.9659258262886384
 21
-0.258819045104125
 31
0.0
 73
     1
 44
1.0
1001
ACAD
1000
MTEXTBEGIN
1070
    73
1070
     1
1070
    44
1040
1.0
1070
    74
1070
     0
1000
MTEXTEND
  0
LWPOLYLINE
  5
266
330
1F
100
AcDbEntity
  8
13719067v0
 62
     4
100
AcDbPolyline
 90
       10
 70
     1
 43
0.0
 10
6743.020358007401
 20
1385.3051941
 10
6778.387863189905
 20
1375.828499647978
 42
0.0638822850161028
 10
6779.144469478538
 20
1375.726342803574
 10
7014.13395638124
 20
1374.171395337427
 42
0.3413001713605265
 10
7017.051584706782
 20
1376.394872525373
 10
7026.028001001569
 20
1409.895314207173
 42
0.4142135628672263
 10
7023.906680658015
 20
1413.569548821351
 10
6768.902262517819
 20
1481.897776728862
 42
0.4142135604397878
 10
6765.228027903642
 20
1479.776456385308
 10
6740.899037663847
 20
1388.979428714179
 42
0.414213561176195
  0
CIRCLE
  5
267
330
1F
100
AcDbEntity
  8
13719067v0
 62
     4
100
AcDbCircle
 10
6764.617477956391
 20
1400.223786859001
 30
0.0
 40
8.999999999999971
  0
CIRCLE
  5
268
330
1F
100
AcDbEntity
  8
13719067v0
 62
     4
100
AcDbCircle
 10
6777.5584302116
 20
1448.520078173432
 30
0.0
 40
8.999999999999971
  0
CIRCLE
  5
269
330
1F
100
AcDbEntity
  8
13719067v0
 62
     4
100
AcDbCircle
 10
7002.309560709027
 20
1398.65095606235
 30
0.0
 40
9.000000000000056
  0
MTEXT
  5
26A
330
1F
100
AcDbEntity
  8
Texto
 62
     4
100
AcDbMText
 10
6813.498426308168
 20
1442.554051144561
 30
0.0
 40
10.0
 41
120.1259672672422
 71
     1
 72
     5
  1
{\W1.846631; }13719067 pos.30
 11
0.9659258262885776
 21
-0.2588190451043523
 31
0.0
 73
     1
 44
1.0
1001
ACAD
1000
MTEXTBEGIN
1070
    73
1070
     1
1070
    44
1040
1.0
1070
    74
1070
     0
1000
MTEXTEND
  0
LWPOLYLINE
  5
26B
330
1F
100
AcDbEntity
  8
13893546
 62
     4
100
AcDbPolyline
 90
       12
 70
     1
 43
0.0
 10
6063.744409205217
 20
1448.568280416979
 10
6019.238311417517
 20
1448.568280416979
 42
0.4142135627691206
 10
6016.238311417517
 20
1445.568280416968
 10
6016.238311417517
 20
1384.568280416968
 42
0.4142135625836723
 10
6019.238311417517
 20
1381.568280416979
 10
6272.238311417517
 20
1381.568280416979
 42
0.4142135604457565
 10
6275.238311417517
 20
1384.568280416968
 10
6275.238311417517
 20
1445.568280416968
 42
0.4142135671088402
 10
6272.238311417517
 20
1448.568280416979
 10
6227.732213629817
 20
1448.568280416979
 42
0.1604098210065271
 10
6225.949737494781
 20
1447.981323895479
 42
-0.3292927799656825
 10
6065.52688534028
 20
1447.981323895479
 42
0.1604098159810141
  0
CIRCLE
  5
26C
330
1F
100
AcDbEntity
  8
13893546
 62
     4
100
AcDbCircle
 10
6036.238311417518
 20
1428.568280416968
 30
0.0
 40
8.0
  0
CIRCLE
  5
26D
330
1F
100
AcDbEntity
  8
13893546
 62
     4
100
AcDbCircle
 10
6255.238311417517
 20
1428.568280416968
 30
0.0
 40
8.0
  0
MTEXT
  5
26E
330
1F
100
AcDbEntity
  8
Texto
 62
     4
100
AcDbMText
 10
6060.319341654832
 20
1403.460773908968
 30
0.0
 40
10.0
 41
175.71700701812
 71
     1
 72
     5
  1
{\W5.00269;  }13893546 pos.6
 73
     1
 44
1.0
1001
ACAD
1000
MTEXTBEGIN
1070
    73
1070
     1
1070
    44
1040
1.0
1070
    74
1070
     0
1000
MTEXTEND
  0
LWPOLYLINE
  5
26F
330
1F
100
AcDbEntity
  8
13719067v0
 62
     4
100
AcDbPolyline
 90
       10
 70
     1
 43
0.0
 10
7071.991831107673
 20
1505.0000001
 42
0.4142135623006828
 10
7074.991831107674
 20
1502.0000001
 10
7231.283627175169
 20
1502.0000001
 42
-0.1164338227671012
 10
7232.625267961672
 20
1501.683281673471
 10
7387.650190321173
 20
1424.1708204936
 42
0.5575365147319769
 10
7391.991831107671
 20
1426.854102066132
 10
7391.991831107671
 20
1579.0000001
 42
0.4142135633025561
 10
7388.991831107674
 20
1582.0000001
 10
7074.991831107674
 20
1582.0000001
 42
0.4142135608689088
 10
7071.991831107673
 20
1579.0000001
  0
CIRCLE
  5
270
330
1F
100
AcDbEntity
  8
13719067v0
 62
     4
100
AcDbCircle
 10
7361.991831107672
 20
1522.0000001
 30
0.0
 40
6.5
  0
CIRCLE
  5
271
330
1F
100
AcDbEntity
  8
13719067v0
 62
     4
100
AcDbCircle
 10
7361.991831107672
 20
1562.0000001
 30
0.0
 40
6.5
  0
CIRCLE
  5
272
330
1F
100
AcDbEntity
  8
13719067v0
 62
     4
100
AcDbCircle
 10
7096.991831107674
 20
1542.0000001
 30
0.0
 40
9.000000000000227
  0
MTEXT
  5
273
330
1F
100
AcDbEntity
  8
Texto
 62
     4
100
AcDbMText
 10
7180.82923765908
 20
1551.653849138292
 30
0.0
 40
10.0
 41
120.1259672672422
 71
     1
 72
     5
  1
{\W1.842237; }13719067 pos.27
 73
     1
 44
1.0
1001
ACAD
1000
MTEXTBEGIN
1070
    73
1070
     1
1070
    44
1040
1.0
1070
    74
1070
     0
1000
MTEXTEND
  0
LWPOLYLINE
  5
274
330
1F
100
AcDbEntity
  8
13719067v0
 62
     4
100
AcDbPolyline
 90
       10
 70
     1
 43
0.0
 10
6731.991831107674
 20
1505.0000001
 42
0.4142135649800924
 10
6734.991831107674
 20
1502.0000001
 10
6891.283627175169
 20
1502.0000001
 42
-0.1164338222391564
 10
6892.625267961669
 20
1501.683281673471
 10
7047.650190321173
 20
1424.170820493599
 42
0.5575365134026861
 10
7051.991831107672
 20
1426.854102066132
 10
7051.991831107672
 20
1579.0000001
 42
0.4142135620671743
 10
7048.991831107674
 20
1582.0000001
 10
6734.991831107674
 20
1582.0000001
 42
0.4142135618408361
 10
6731.991831107674
 20
1579.0000001
  0
CIRCLE
  5
275
330
1F
100
AcDbEntity
  8
13719067v0
 62
     4
100
AcDbCircle
 10
7021.991831107674
 20
1522.0000001
 30
0.0
 40
6.5
  0
CIRCLE
  5
276
330
1F
100
AcDbEntity
  8
13719067v0
 62
     4
100
AcDbCircle
 10
7021.991831107674
 20
1562.0000001
 30
0.0
 40
6.5
  0
CIRCLE
  5
277
330
1F
100
AcDbEntity
  8
13719067v0
 62
     4
100
AcDbCircle
 10
6756.991831107672
 20
1542.0000001
 30
0.0
 40
9.000000000000227
  0
MTEXT
  5
278
330
1F
100
AcDbEntity
  8
Texto
 62
     4
100
AcDbMText
 10
6840.829237659079
 20
1551.653849138292
 30
0.0
 40
10.0
 41
120.1259672672422
 71
     1
 72
     5
  1
{\W1.842237; }13719067 pos.27
 73
     1
 44
1.0
1001
ACAD
1000
MTEXTBEGIN
1070
    73
1070
     1
1070
    44
1040
1.0
1070
    74
1070
     0
1000
MTEXTEND
  0
LWPOLYLINE
  5
279
330
1F
100
AcDbEntity
  8
13719067v0
 62
     4
100
AcDbPolyline
 90
       10
 70
     1
 43
0.0
 10
7411.991831107672
 20
1505.0000001
 42
0.4142135606931391
 10
7414.991831107674
 20
1502.0000001
 10
7611.083504194478
 20
1502.0000001
 42
-0.1480687297105563
 10
7612.747604783155
 20
1501.496150982907
 10
7727.327730518995
 20
1425.109400491579
 42
0.5990215356489302
 10
7731.991831107672
 20
1427.605551375417
 10
7731.991831107672
 20
1579.0000001
 42
0.4142135650681549
 10
7728.991831107674
 20
1582.0000001
 10
7414.991831107674
 20
1582.0000001
 42
0.414213562634907
 10
7411.991831107672
 20
1579.0000001
  0
CIRCLE
  5
27A
330
1F
100
AcDbEntity
  8
13719067v0
 62
     4
100
AcDbCircle
 10
7701.991831107672
 20
1522.0000001
 30
0.0
 40
6.5
  0
CIRCLE
  5
27B
330
1F
100
AcDbEntity
  8
13719067v0
 62
     4
100
AcDbCircle
 10
7701.991831107672
 20
1562.0000001
 30
0.0
 40
6.5
  0
CIRCLE
  5
27C
330
1F
100
AcDbEntity
  8
13719067v0
 62
     4
100
AcDbCircle
 10
7436.991831107672
 20
1542.0000001
 30
0.0
 40
9.0
  0
MTEXT
  5
27D
330
1F
100
AcDbEntity
  8
Texto
 62
     4
100
AcDbMText
 10
7512.050065444515
 20
1551.653849138288
 30
0.0
 40
10.0
 41
120.1259672672422
 71
     1
 72
     5
  1
{\W2.83345; }13719067 pos.5
 73
     1
 44
1.0
1001
ACAD
1000
MTEXTBEGIN
1070
    73
1070
     1
1070
    44
1040
1.0
1070
    74
1070
     0
1000
MTEXTEND
  0
LWPOLYLINE
  5
27E
330
1F
100
AcDbEntity
  8
13719067v0
 62
     4
100
AcDbPolyline
 90
       12
 70
     1
 43
0.0
 10
6146.000000519999
 20
1447.0000001
 10
6180.000000519997
 20
1447.0000001
 42
0.4142135610977999
 10
6183.000000519997
 20
1450.0000001
 10
6183.000000519997
 20
1539.0000001
 42
-0.4142135664063612
 10
6186.000000519999
 20
1542.000000100011
 10
6400.000000519999
 20
1542.000000100011
 42
0.4142135632255489
 10
6403.000000519999
 20
1545.0000001
 10
6403.000000519999
 20
1579.0000001
 42
0.4142135642106176
 10
6400.000000519999
 20
1582.000000100011
 10
6146.000000519999
 20
1582.000000100011
 42
0.4142135661030821
 10
6143.000000519997
 20
1579.0000001
 10
6143.000000519997
 20
1450.0000001
 42
0.4142135648183746
  0
CIRCLE
  5
27F
330
1F
100
AcDbEntity
  8
13719067v0
 62
     4
100
AcDbCircle
 10
6328.000000519997
 20
1562.0000001
 30
0.0
 40
9.0
  0
CIRCLE
  5
280
330
1F
100
AcDbEntity
  8
13719067v0
 62
     4
100
AcDbCircle
 10
6383.000000519997
 20
1562.0000001
 30
0.0
 40
8.999999999999943
  0
MTEXT
  5
281
330
1F
100
AcDbEntity
  8
Texto
 62
     4
100
AcDbMText
 10
6172.155880037055
 20
1563.811623401361
 30
0.0
 40
10.0
 41
120.1259672672422
 71
     1
 72
     5
  1
{\W2.090919; }13719067 pos.11
 73
     1
 44
1.0
1001
ACAD
1000
MTEXTBEGIN
1070
    73
1070
     1
1070
    44
1040
1.0
1070
    74
1070
     0
1000
MTEXTEND
  0
LWPOLYLINE
  5
282
330
1F
100
AcDbEntity
  8
13700074v0
 62
     4
100
AcDbPolyline
 90
       10
 70
     1
 43
0.0
 10
6431.991831107673
 20
1505.0000001
 42
0.4142135614070062
 10
6434.991831107673
 20
1502.0000001
 10
6591.326747119743
 20
1502.0000001
 42
-0.1095178245202565
 10
6592.594601904938
 20
1501.718923461041
 10
6707.723976322445
 20
1448.03321449214
 42
0.5486187869030102
 10
6711.99183110767
 20
1450.752137853181
 10
6711.99183110767
 20
1579.0000001
 42
0.4142135605247395
 10
6708.991831107671
 20
1582.0000001
 10
6434.991831107673
 20
1582.0000001
 42
0.4142135624665074
 10
6431.991831107673
 20
1579.0000001
  0
CIRCLE
  5
283
330
1F
100
AcDbEntity
  8
13700074v0
 62
     4
100
AcDbCircle
 10
6681.991831107672
 20
1522.0000001
 30
0.0
 40
6.5
  0
CIRCLE
  5
284
330
1F
100
AcDbEntity
  8
13700074v0
 62
     4
100
AcDbCircle
 10
6681.991831107672
 20
1562.0000001
 30
0.0
 40
6.5
  0
MTEXT
  5
285
330
1F
100
AcDbEntity
  8
Texto
 62
     4
100
AcDbMText
 10
6482.100741355153
 20
1558.203528772461
 30
0.0
 40
10.0
 41
129.8382706679495
 71
     1
 72
     5
  1
{\W4.091643; }13700074 pos.8
 73
     1
 44
1.0
1001
ACAD
1000
MTEXTBEGIN
1070
    73
1070
     1
1070
    44
1040
1.0
1070
    74
1070
     0
1000
MTEXTEND
  0
LWPOLYLINE
  5
286
330
1F
100
AcDbEntity
  8
0
 62
     4
100
AcDbPolyline
 90
       44
 70
     1
 43
0.0
 10
5708.000000519999
 20
1452.0000001
 10
5713.000000519999
 20
1457.0000001
 10
5713.000000519999
 20
1522.0000001
 10
5748.000000519999
 20
1522.0000001
 10
5748.000000519999
 20
1502.0000001
 42
0.4142135629296197
 10
5758.00000052
 20
1492.0000001
 10
5768.00000052
 20
1492.0000001
 42
0.4142135619352916
 10
5778.000000519999
 20
1502.0000001
 10
5778.000000519999
 20
1522.0000001
 10
5888.000000519999
 20
1522.0000001
 10
5888.000000519999
 20
1502.0000001
 42
0.4142135619891879
 10
5898.000000519999
 20
1492.0000001
 10
5908.000000519999
 20
1492.0000001
 42
0.414213562834174
 10
5918.00000052
 20
1502.0000001
 10
5918.00000052
 20
1522.0000001
 10
6028.000000519999
 20
1522.0000001
 10
6028.000000519999
 20
1502.0000001
 42
0.4142135622808593
 10
6038.000000519999
 20
1492.0000001
 10
6048.000000519999
 20
1492.0000001
 42
0.4142135625041166
 10
6058.000000519999
 20
1502.0000001
 10
6058.000000519999
 20
1522.0000001
 10
6093.00000052
 20
1522.0000001
 10
6093.00000052
 20
1457.0000001
 10
6098.000000519999
 20
1452.0000001
 10
6118.000000519999
 20
1452.0000001
 10
6123.000000519999
 20
1457.0000001
 10
6123.000000519999
 20
1572.0000001
 10
6113.000000519999
 20
1582.0000001
 10
6086.603326081242
 20
1582.0000001
 42
0.3316792661548335
 10
6083.728381538737
 20
1579.857142957268
 42
-0.7453559925183726
 10
6002.271619501176
 20
1579.857142957268
 42
0.3316792672391507
 10
5999.396674958671
 20
1582.0000001
 10
5946.60332608127
 20
1582.0000001
 42
0.3316792697608568
 10
5943.728381538736
 20
1579.857142957268
 42
-0.7453559924598963
 10
5862.271619501175
 20
1579.857142957268
 42
0.3316792692461474
 10
5859.39667495867
 20
1582.0000001
 10
5806.603326081271
 20
1582.0000001
 42
0.3316792682252332
 10
5803.728381538736
 20
1579.857142957268
 42
-0.7453559925242353
 10
5722.271619501175
 20
1579.857142957268
 42
0.331679271254283
 10
5719.39667495867
 20
1582.0000001
 10
5693.000000519999
 20
1582.0000001
 10
5683.000000519999
 20
1572.0000001
 10
5683.000000519999
 20
1457.0000001
 10
5688.000000519998
 20
1452.0000001
  0
CIRCLE
  5
287
330
1F
100
AcDbEntity
  8
PRT_AXIS
 62
     4
100
AcDbCircle
 10
5763.000000519999
 20
1507.0000001
 30
0.0
 40
7.0
  0
CIRCLE
  5
288
330
1F
100
AcDbEntity
  8
PRT_AXIS
 62
     4
100
AcDbCircle
 10
6043.00000052
 20
1507.0000001
 30
0.0
 40
7.0
  0
CIRCLE
  5
289
330
1F
100
AcDbEntity
  8
PRT_AXIS
 62
     4
100
AcDbCircle
 10
5903.000000519999
 20
1507.0000001
 30
0.0
 40
7.0
  0
MTEXT
  5
28A
330
1F
100
AcDbEntity
  8
Texto
 62
     4
100
AcDbMText
 10
5977.30341660671
 20
1531.117574129598
 30
0.0
 40
10.0
 41
148.6724313893501
 71
     1
 72
     5
  1
{\W3.020543; }1LBR1002163 pos.6
 11
-1.0
 21
0.0000000000000001
 31
0.0
 73
     1
 44
1.0
1001
ACAD
1000
MTEXTBEGIN
1070
    73
1070
     1
1070
    44
1040
1.0
1070
    74
1070
     0
1000
MTEXTEND
  0
LWPOLYLINE
  5
28B
330
1F
100
AcDbEntity
  8
Stats
 62
   151
100
AcDbPolyline
 90
        5
 70
     1
 43
0.0
 10
5250.000000419999
 20
-25.0
 10
5500.000000419999
 20
-25.0
 10
5500.000000419999
 20
-105.0
 10
5250.000000419999
 20
-105.0
 10
5250.000000419999
 20
-25.0
  0
TEXT
  5
28C
330
1F
100
AcDbEntity
  8
Stats
 62
    60
100
AcDbText
 10
5252.000000419999
 20
-37.0
 30
0.0
 40
10.0
  1
Production Qty: 1
100
AcDbText
  0
TEXT
  5
28D
330
1F
100
AcDbEntity
  8
Stats
 62
    60
100
AcDbText
 10
5252.000000419999
 20
-49.0
 30
0.0
 40
10.0
  1
Sheet 3 (2500,00 x 1600,00)
100
AcDbText
  0
TEXT
  5
28E
330
1F
100
AcDbEntity
  8
Stats
 62
    60
100
AcDbText
 10
5252.000000419999
 20
-61.0
 30
0.0
 40
10.0
  1
Parts Nested: 90
100
AcDbText
  0
TEXT
  5
28F
330
1F
100
AcDbEntity
  8
Stats
 62
    60
100
AcDbText
 10
5252.000000419999
 20
-73.0
 30
0.0
 40
10.0
  1
Util (Nest): 59,40%
100
AcDbText
  0
TEXT
  5
290
330
1F
100
AcDbEntity
  8
Stats
 62
    60
100
AcDbText
 10
5252.000000419999
 20
-85.0
 30
0.0
 40
10.0
  1
Util (Sheet): 36,11%
100
AcDbText
  0
TEXT
  5
291
330
1F
100
AcDbEntity
  8
Stats
 62
    60
100
AcDbText
 10
5252.000000419999
 20
-97.0
 30
0.0
 40
10.0
  1
Cut Distance: 67068,09mm
100
AcDbText
  0
ENDSEC
  0
SECTION
  2
OBJECTS
  0
DICTIONARY
  5
C
330
0
100
AcDbDictionary
281
     1
  3
ACAD_CIP_PREVIOUS_PRODUCT_INFO
350
304
  3
ACAD_COLOR
350
2A9
  3
ACAD_DETAILVIEWSTYLE
350
301
  3
ACAD_FIELDLIST
350
2AA
  3
ACAD_GROUP
350
D
  3
ACAD_IMAGE_DICT
350
2AB
  3
ACAD_LAST_SAVED_VERSION_INFO
350
B7F
  3
ACAD_LAYOUT
350
1A
  3
ACAD_MATERIAL
350
2AC
  3
ACAD_MLEADERSTYLE
350
2AD
  3
ACAD_MLINESTYLE
350
17
  3
ACAD_PLOTSETTINGS
350
19
  3
ACAD_PLOTSTYLENAME
350
E
  3
ACAD_SCALELIST
350
297
  3
ACAD_SECTIONVIEWSTYLE
350
2FF
  3
ACAD_TABLESTYLE
350
2AF
  3
ACAD_VISUALSTYLE
350
2B7
  3
ACDB_RECOMPOSE_DATA
350
BB3
  3
AcDbVariableDictionary
350
2B4
  3
DWGPROPS
350
BB4
  0
DICTIONARY
  5
30F
330
2
100
AcDbDictionary
280
     1
281
     1
  3
ACAD_LAYERSTATES
360
310
  0
DICTIONARY
  5
B80
330
10
100
AcDbDictionary
280
     1
281
     1
  3
ADSK_XREC_LAYER_RECONCILED
360
B81
  0
DICTIONARY
  5
B82
330
27
100
AcDbDictionary
280
     1
281
     1
  3
ADSK_XREC_LAYER_RECONCILED
360
B83
  0
DICTIONARY
  5
B84
330
28
100
AcDbDictionary
280
     1
281
     1
  3
ADSK_XREC_LAYER_RECONCILED
360
B85
  0
DICTIONARY
  5
B86
330
29
100
AcDbDictionary
280
     1
281
     1
  3
ADSK_XREC_LAYER_RECONCILED
360
B87
  0
DICTIONARY
  5
B88
330
2A
100
AcDbDictionary
280
     1
281
     1
  3
ADSK_XREC_LAYER_RECONCILED
360
B89
  0
DICTIONARY
  5
B8A
330
2B
100
AcDbDictionary
280
     1
281
     1
  3
ADSK_XREC_LAYER_RECONCILED
360
B8B
  0
DICTIONARY
  5
B8C
330
2C
100
AcDbDictionary
280
     1
281
     1
  3
ADSK_XREC_LAYER_RECONCILED
360
B8D
  0
DICTIONARY
  5
B8E
330
2D
100
AcDbDictionary
280
     1
281
     1
  3
ADSK_XREC_LAYER_RECONCILED
360
B8F
  0
DICTIONARY
  5
B90
330
2E
100
AcDbDictionary
280
     1
281
     1
  3
ADSK_XREC_LAYER_RECONCILED
360
B91
  0
DICTIONARY
  5
B92
330
2F
100
AcDbDictionary
280
     1
281
     1
  3
ADSK_XREC_LAYER_RECONCILED
360
B93
  0
DICTIONARY
  5
B94
330
30
100
AcDbDictionary
280
     1
281
     1
  3
ADSK_XREC_LAYER_RECONCILED
360
B95
  0
DICTIONARY
  5
B96
330
31
100
AcDbDictionary
280
     1
281
     1
  3
ADSK_XREC_LAYER_RECONCILED
360
B97
  0
DICTIONARY
  5
B98
330
32
100
AcDbDictionary
280
     1
281
     1
  3
ADSK_XREC_LAYER_RECONCILED
360
B99
  0
DICTIONARY
  5
B9A
330
33
100
AcDbDictionary
280
     1
281
     1
  3
ADSK_XREC_LAYER_RECONCILED
360
B9B
  0
DICTIONARY
  5
B9C
330
34
100
AcDbDictionary
280
     1
281
     1
  3
ADSK_XREC_LAYER_RECONCILED
360
B9D
  0
DICTIONARY
  5
B9E
330
35
100
AcDbDictionary
280
     1
281
     1
  3
ADSK_XREC_LAYER_RECONCILED
360
B9F
  0
DICTIONARY
  5
BA0
330
36
100
AcDbDictionary
280
     1
281
     1
  3
ADSK_XREC_LAYER_RECONCILED
360
BA1
  0
DICTIONARY
  5
BA2
330
37
100
AcDbDictionary
280
     1
281
     1
  3
ADSK_XREC_LAYER_RECONCILED
360
BA3
  0
DICTIONARY
  5
BA4
330
38
100
AcDbDictionary
280
     1
281
     1
  3
ADSK_XREC_LAYER_RECONCILED
360
BA5
  0
DICTIONARY
  5
BA6
330
39
100
AcDbDictionary
280
     1
281
     1
  3
ADSK_XREC_LAYER_RECONCILED
360
BA7
  0
DICTIONARY
  5
BA8
330
305
100
AcDbDictionary
280
     1
281
     1
  3
ADSK_XREC_LAYER_RECONCILED
360
BA9
  0
XRECORD
  5
304
102
{ACAD_REACTORS
330
C
102
}
330
C
100
AcDbXrecord
280
     1
300
ACDLT
300
2025
300

  0
DICTIONARY
  5
2A9
102
{ACAD_REACTORS
330
C
102
}
330
C
100
AcDbDictionary
281
     1
  0
DICTIONARY
  5
301
102
{ACAD_REACTORS
330
C
102
}
330
C
100
AcDbDictionary
281
     1
  3
Metric50
350
302
  0
FIELDLIST
  5
2AA
102
{ACAD_REACTORS
330
C
102
}
330
C
100
AcDbIdSet
 90
        0
100
AcDbFieldList
  0
DICTIONARY
  5
D
102
{ACAD_REACTORS
330
C
102
}
330
C
100
AcDbDictionary
281
     1
  0
DICTIONARY
  5
2AB
102
{ACAD_REACTORS
330
C
102
}
330
C
100
AcDbDictionary
281
     1
  0
XRECORD
  5
B7F
102
{ACAD_REACTORS
330
C
102
}
330
C
100
AcDbXrecord
280
     1
300
{0F4A3BA3-4A4C-A341-B0E1-EAE6314BBC80}
301
{8BE9BDAB-3CE4-A149-B4F9-C280A2903A5B}
302
{0F4A3BA3-4A4C-A341-B0E1-EAE6314BBC80}
303

  0
DICTIONARY
  5
1A
102
{ACAD_REACTORS
330
C
102
}
330
C
100
AcDbDictionary
281
     1
  3
Layout1
350
1E
  3
Model
350
22
  0
DICTIONARY
  5
2AC
102
{ACAD_REACTORS
330
C
102
}
330
C
100
AcDbDictionary
281
     1
  3
ByBlock
350
2C6
  3
ByLayer
350
2BE
  3
Global
350
2CE
  0
DICTIONARY
  5
2AD
102
{ACAD_REACTORS
330
C
102
}
330
C
100
AcDbDictionary
281
     1
  3
Standard
350
2AE
  0
DICTIONARY
  5
17
102
{ACAD_REACTORS
330
C
102
}
330
C
100
AcDbDictionary
281
     1
  3
STANDARD
350
18
  0
DICTIONARY
  5
19
102
{ACAD_REACTORS
330
C
102
}
330
C
100
AcDbDictionary
281
     1
  0
ACDBDICTIONARYWDFLT
  5
E
102
{ACAD_REACTORS
330
C
102
}
330
C
100
AcDbDictionary
281
     1
  3
Normal
350
F
100
AcDbDictionaryWithDefault
340
F
  0
DICTIONARY
  5
297
102
{ACAD_REACTORS
330
C
102
}
330
C
100
AcDbDictionary
281
     1
  3
A0
350
2EE
  3
A1
350
2EF
  3
A2
350
2F0
  3
A3
350
2F1
  3
A4
350
2F2
  3
A5
350
2F3
  3
A6
350
2F4
  3
A7
350
2F5
  3
A8
350
2F6
  3
A9
350
2F7
  3
B0
350
2F8
  3
B1
350
2F9
  3
B2
350
2FA
  3
B3
350
2FB
  3
B4
350
2FC
  3
B5
350
2FD
  3
B6
350
2FE
  0
DICTIONARY
  5
2FF
102
{ACAD_REACTORS
330
C
102
}
330
C
100
AcDbDictionary
281
     1
  3
Metric50
350
300
  0
DICTIONARY
  5
2AF
102
{ACAD_REACTORS
330
C
102
}
330
C
100
AcDbDictionary
281
     1
  3
Standard
350
2B0
  0
DICTIONARY
  5
2B7
102
{ACAD_REACTORS
330
C
102
}
330
C
100
AcDbDictionary
281
     1
  3
2dWireframe
350
2DB
  3
Basic
350
2DA
  3
Brighten
350
2E1
  3
ColorChange
350
2E5
  3
Conceptual
350
2DE
  3
Dim
350
2E0
  3
EdgeColorOff
350
2ED
  3
Facepattern
350
2E4
  3
Flat
350
2D6
  3
FlatWithEdges
350
2D7
  3
Gouraud
350
2D8
  3
GouraudWithEdges
350
2D9
  3
Hidden
350
2DD
  3
JitterOff
350
2EB
  3
Linepattern
350
2E3
  3
OverhangOff
350
2EC
  3
Realistic
350
2DF
  3
Shaded
350
2EA
  3
Shaded with edges
350
2E9
  3
Shades of Gray
350
2E6
  3
Sketchy
350
2E7
  3
Thicken
350
2E2
  3
Wireframe
350
2DC
  3
X-Ray
350
2E8
  0
XRECORD
  5
BB3
102
{ACAD_REACTORS
330
C
102
}
330
C
100
AcDbXrecord
280
     1
 90
        1
330
2B0
  0
DICTIONARY
  5
2B4
102
{ACAD_REACTORS
330
C
102
}
330
C
100
AcDbDictionary
281
     1
  3
CANNOSCALE
350
BAE
  3
CMLEADERSTYLE
350
BAB
  3
CTABLESTYLE
350
BAA
  3
CVIEWDETAILSTYLE
350
BAC
  3
CVIEWSECTIONSTYLE
350
BAD
  3
DIMASSOC
350
2B5
  3
HIDETEXT
350
2B6
  3
INDEXCTL
350
BB0
  3
SORTENTS
350
BAF
  3
XCLIPFRAME
350
BB1
  0
XRECORD
  5
BB4
102
{ACAD_REACTORS
330
C
102
}
330
C
100
AcDbXrecord
280
     1
  1
DWGPROPS COOKIE
  2

  3

  4

  6

  7

  8
CristianoRVBIsolante
  9

300
=
301
=
302
=
303
=
304
=
305
=
306
=
307
=
308
=
309
=
 40
0.002037037037037
 41
2461109.809467593
 42
2461110.311550926
  1

 90
        0
  0
DICTIONARY
  5
310
102
{ACAD_REACTORS
330
30F
102
}
330
30F
100
AcDbDictionary
281
     1
  0
XRECORD
  5
B81
102
{ACAD_REACTORS
330
B80
102
}
330
B80
100
AcDbXrecord
280
     1
290
     1
  0
XRECORD
  5
B83
102
{ACAD_REACTORS
330
B82
102
}
330
B82
100
AcDbXrecord
280
     1
290
     1
  0
XRECORD
  5
B85
102
{ACAD_REACTORS
330
B84
102
}
330
B84
100
AcDbXrecord
280
     1
290
     1
  0
XRECORD
  5
B87
102
{ACAD_REACTORS
330
B86
102
}
330
B86
100
AcDbXrecord
280
     1
290
     1
  0
XRECORD
  5
B89
102
{ACAD_REACTORS
330
B88
102
}
330
B88
100
AcDbXrecord
280
     1
290
     1
  0
XRECORD
  5
B8B
102
{ACAD_REACTORS
330
B8A
102
}
330
B8A
100
AcDbXrecord
280
     1
290
     1
  0
XRECORD
  5
B8D
102
{ACAD_REACTORS
330
B8C
102
}
330
B8C
100
AcDbXrecord
280
     1
290
     1
  0
XRECORD
  5
B8F
102
{ACAD_REACTORS
330
B8E
102
}
330
B8E
100
AcDbXrecord
280
     1
290
     1
  0
XRECORD
  5
B91
102
{ACAD_REACTORS
330
B90
102
}
330
B90
100
AcDbXrecord
280
     1
290
     1
  0
XRECORD
  5
B93
102
{ACAD_REACTORS
330
B92
102
}
330
B92
100
AcDbXrecord
280
     1
290
     1
  0
XRECORD
  5
B95
102
{ACAD_REACTORS
330
B94
102
}
330
B94
100
AcDbXrecord
280
     1
290
     1
  0
XRECORD
  5
B97
102
{ACAD_REACTORS
330
B96
102
}
330
B96
100
AcDbXrecord
280
     1
290
     1
  0
XRECORD
  5
B99
102
{ACAD_REACTORS
330
B98
102
}
330
B98
100
AcDbXrecord
280
     1
290
     1
  0
XRECORD
  5
B9B
102
{ACAD_REACTORS
330
B9A
102
}
330
B9A
100
AcDbXrecord
280
     1
290
     1
  0
XRECORD
  5
B9D
102
{ACAD_REACTORS
330
B9C
102
}
330
B9C
100
AcDbXrecord
280
     1
290
     1
  0
XRECORD
  5
B9F
102
{ACAD_REACTORS
330
B9E
102
}
330
B9E
100
AcDbXrecord
280
     1
290
     1
  0
XRECORD
  5
BA1
102
{ACAD_REACTORS
330
BA0
102
}
330
BA0
100
AcDbXrecord
280
     1
290
     1
  0
XRECORD
  5
BA3
102
{ACAD_REACTORS
330
BA2
102
}
330
BA2
100
AcDbXrecord
280
     1
290
     1
  0
XRECORD
  5
BA5
102
{ACAD_REACTORS
330
BA4
102
}
330
BA4
100
AcDbXrecord
280
     1
290
     1
  0
XRECORD
  5
BA7
102
{ACAD_REACTORS
330
BA6
102
}
330
BA6
100
AcDbXrecord
280
     1
290
     1
  0
XRECORD
  5
BA9
102
{ACAD_REACTORS
330
BA8
102
}
330
BA8
100
AcDbXrecord
280
     1
290
     1
  0
ACDBDETAILVIEWSTYLE
  5
302
102
{ACAD_XDICTIONARY
360
BEF
102
}
102
{ACAD_REACTORS
330
301
102
}
330
301
100
AcDbModelDocViewStyle
 70
     0
  3
Metric50
290
     0
100
AcDbDetailViewStyle
 70
     0
 71
     0
 90
        3
 71
     1
340
11
 40
5.0
340
0
 40
5.0
300

 40
0.0
280
     1
 71
     2
340
16
 90
       25
 71
     3
340
11
 40
5.0
 90
        0
 40
15.0
 90
        1
300
%<\AcVar ViewDetailId>% (%<\AcVar ViewScale \f "%sn">%)
 71
     4
340
16
 90
       25
340
16
 90
       25
280
     0
  0
LAYOUT
  5
1E
102
{ACAD_XDICTIONARY
360
BB5
102
}
102
{ACAD_REACTORS
330
1A
102
}
330
1A
100
AcDbPlotSettings
  1

  2
C:\Program Files\AutoCAD 2002\plotters\DWF ePlot (optimized for plotting).pc3
  4

  6

 40
0.0
 41
0.0
 42
0.0
 43
0.0
 44
0.0
 45
0.0
 46
0.0
 47
0.0
 48
0.0
 49
0.0
140
0.0
141
0.0
142
1.0
143
1.0
 70
   688
 72
     1
 73
     1
 74
     1
  7
acad.stb
 75
    16
147
1.0
148
0.0
149
0.0
100
AcDbLayout
  1
Layout1
 70
     1
 71
     1
 10
0.0
 20
0.0
 11
0.0
 21
0.0
 12
0.0
 22
0.0
 32
0.0
 14
1.000000000000000E+20
 24
1.000000000000000E+20
 34
1.000000000000000E+20
 15
-1.000000000000000E+20
 25
-1.000000000000000E+20
 35
-1.000000000000000E+20
146
0.0
 13
0.0
 23
0.0
 33
0.0
 16
1.0
 26
0.0
 36
0.0
 17
0.0
 27
1.0
 37
0.0
 76
     0
330
292
  0
LAYOUT
  5
22
102
{ACAD_XDICTIONARY
360
BB7
102
}
102
{ACAD_REACTORS
330
1A
102
}
330
1A
100
AcDbPlotSettings
  1

  2
C:\Program Files\AutoCAD 2002\plotters\DWF ePlot (optimized for plotting).pc3
  4

  6

 40
0.0
 41
0.0
 42
0.0
 43
0.0
 44
0.0
 45
0.0
 46
0.0
 47
0.0
 48
0.0
 49
0.0
140
0.0
141
0.0
142
1.0
143
1.0
 70
  1712
 72
     1
 73
     1
 74
     0
  7
acad.stb
 75
     0
147
1.0
148
0.0
149
0.0
100
AcDbLayout
  1
Model
 70
     1
 71
     0
 10
0.0
 20
0.0
 11
12.0
 21
9.0
 12
0.0
 22
0.0
 32
0.0
 14
0.0
 24
0.0
 34
0.0
 15
0.0
 25
0.0
 35
0.0
146
0.0
 13
0.0
 23
0.0
 33
0.0
 16
1.0
 26
0.0
 36
0.0
 17
0.0
 27
1.0
 37
0.0
 76
     0
330
1F
331
296
  0
MATERIAL
  5
2C6
102
{ACAD_XDICTIONARY
360
2C7
102
}
102
{ACAD_REACTORS
330
2AC
102
}
330
2AC
100
AcDbMaterial
  1
ByBlock
 72
     0
 43
0.0008202099737533
 43
0.0
 43
0.0
 43
0.0
 43
0.0
 43
0.0008202099737533
 43
0.0
 43
0.0
 43
0.0
 43
0.0
 43
1.0
 43
0.0
 43
0.0
 43
0.0
 43
0.0
 43
1.0
 77
     0
 47
0.0008202099737533
 47
0.0
 47
0.0
 47
0.0
 47
0.0
 47
0.0008202099737533
 47
0.0
 47
0.0
 47
0.0
 47
0.0
 47
1.0
 47
0.0
 47
0.0
 47
0.0
 47
0.0
 47
1.0
171
     0
 49
0.0008202099737533
 49
0.0
 49
0.0
 49
0.0
 49
0.0
 49
0.0008202099737533
 49
0.0
 49
0.0
 49
0.0
 49
0.0
 49
1.0
 49
0.0
 49
0.0
 49
0.0
 49
0.0
 49
1.0
175
     0
142
0.0008202099737533
142
0.0
142
0.0
142
0.0
142
0.0
142
0.0008202099737533
142
0.0
142
0.0
142
0.0
142
0.0
142
1.0
142
0.0
142
0.0
142
0.0
142
0.0
142
1.0
179
     0
144
0.0008202099737533
144
0.0
144
0.0
144
0.0
144
0.0
144
0.0008202099737533
144
0.0
144
0.0
144
0.0
144
0.0
144
1.0
144
0.0
144
0.0
144
0.0
144
0.0
144
1.0
147
0.0008202099737533
147
0.0
147
0.0
147
0.0
147
0.0
147
0.0008202099737533
147
0.0
147
0.0
147
0.0
147
0.0
147
1.0
147
0.0
147
0.0
147
0.0
147
0.0
147
1.0
  0
MATERIAL
  5
2BE
102
{ACAD_XDICTIONARY
360
2BF
102
}
102
{ACAD_REACTORS
330
2AC
102
}
330
2AC
100
AcDbMaterial
  1
ByLayer
 72
     0
 43
0.0008202099737533
 43
0.0
 43
0.0
 43
0.0
 43
0.0
 43
0.0008202099737533
 43
0.0
 43
0.0
 43
0.0
 43
0.0
 43
1.0
 43
0.0
 43
0.0
 43
0.0
 43
0.0
 43
1.0
 77
     0
 47
0.0008202099737533
 47
0.0
 47
0.0
 47
0.0
 47
0.0
 47
0.0008202099737533
 47
0.0
 47
0.0
 47
0.0
 47
0.0
 47
1.0
 47
0.0
 47
0.0
 47
0.0
 47
0.0
 47
1.0
171
     0
 49
0.0008202099737533
 49
0.0
 49
0.0
 49
0.0
 49
0.0
 49
0.0008202099737533
 49
0.0
 49
0.0
 49
0.0
 49
0.0
 49
1.0
 49
0.0
 49
0.0
 49
0.0
 49
0.0
 49
1.0
175
     0
142
0.0008202099737533
142
0.0
142
0.0
142
0.0
142
0.0
142
0.0008202099737533
142
0.0
142
0.0
142
0.0
142
0.0
142
1.0
142
0.0
142
0.0
142
0.0
142
0.0
142
1.0
179
     0
144
0.0008202099737533
144
0.0
144
0.0
144
0.0
144
0.0
144
0.0008202099737533
144
0.0
144
0.0
144
0.0
144
0.0
144
1.0
144
0.0
144
0.0
144
0.0
144
0.0
144
1.0
147
0.0008202099737533
147
0.0
147
0.0
147
0.0
147
0.0
147
0.0008202099737533
147
0.0
147
0.0
147
0.0
147
0.0
147
1.0
147
0.0
147
0.0
147
0.0
147
0.0
147
1.0
  0
MATERIAL
  5
2CE
102
{ACAD_XDICTIONARY
360
2CF
102
}
102
{ACAD_REACTORS
330
2AC
102
}
330
2AC
100
AcDbMaterial
  1
Global
 72
     0
 43
0.0008202099737533
 43
0.0
 43
0.0
 43
0.0
 43
0.0
 43
0.0008202099737533
 43
0.0
 43
0.0
 43
0.0
 43
0.0
 43
1.0
 43
0.0
 43
0.0
 43
0.0
 43
0.0
 43
1.0
 77
     0
 47
0.0008202099737533
 47
0.0
 47
0.0
 47
0.0
 47
0.0
 47
0.0008202099737533
 47
0.0
 47
0.0
 47
0.0
 47
0.0
 47
1.0
 47
0.0
 47
0.0
 47
0.0
 47
0.0
 47
1.0
171
     0
 49
0.0008202099737533
 49
0.0
 49
0.0
 49
0.0
 49
0.0
 49
0.0008202099737533
 49
0.0
 49
0.0
 49
0.0
 49
0.0
 49
1.0
 49
0.0
 49
0.0
 49
0.0
 49
0.0
 49
1.0
175
     0
142
0.0008202099737533
142
0.0
142
0.0
142
0.0
142
0.0
142
0.0008202099737533
142
0.0
142
0.0
142
0.0
142
0.0
142
1.0
142
0.0
142
0.0
142
0.0
142
0.0
142
1.0
179
     0
144
0.0008202099737533
144
0.0
144
0.0
144
0.0
144
0.0
144
0.0008202099737533
144
0.0
144
0.0
144
0.0
144
0.0
144
1.0
144
0.0
144
0.0
144
0.0
144
0.0
144
1.0
147
0.0008202099737533
147
0.0
147
0.0
147
0.0
147
0.0
147
0.0008202099737533
147
0.0
147
0.0
147
0.0
147
0.0
147
1.0
147
0.0
147
0.0
147
0.0
147
0.0
147
1.0
  0
MLEADERSTYLE
  5
2AE
102
{ACAD_REACTORS
330
2AD
102
}
330
2AD
100
AcDbMLeaderStyle
170
     2
171
     1
172
     0
 90
        2
 40
0.0
 41
0.0
173
     1
 91
-1073741824
 92
       -2
290
     1
 42
0.09
291
     1
 43
0.36
  3
Standard
 44
0.18
300

174
     1
178
     1
175
     1
176
     0
 93
-1073741824
 45
0.18
292
     0
297
     0
 46
0.0
 94
-1073741824
 47
1.0
 49
1.0
140
1.0
293
     1
141
0.0
294
     1
177
     0
142
1.0
295
     0
296
     0
143
0.125
1001
ACAD_MLEADERVER
1070
     2
  0
MLINESTYLE
  5
18
102
{ACAD_REACTORS
330
17
102
}
330
17
100
AcDbMlineStyle
  2
STANDARD
 70
     0
  3

 62
   256
 51
90.0
 52
90.0
 71
     2
 49
0.5
 62
     0
  6
BYLAYER
 49
-0.5
 62
     0
  6
BYLAYER
  0
ACDBPLACEHOLDER
  5
F
102
{ACAD_REACTORS
330
E
102
}
330
E
  0
SCALE
  5
2EE
102
{ACAD_REACTORS
330
297
102
}
330
297
100
AcDbScale
 70
     0
300
1:1
140
1.0
141
1.0
290
     1
  0
SCALE
  5
2EF
102
{ACAD_REACTORS
330
297
102
}
330
297
100
AcDbScale
 70
     0
300
1:2
140
1.0
141
2.0
290
     0
  0
SCALE
  5
2F0
102
{ACAD_REACTORS
330
297
102
}
330
297
100
AcDbScale
 70
     0
300
1:4
140
1.0
141
4.0
290
     0
  0
SCALE
  5
2F1
102
{ACAD_REACTORS
330
297
102
}
330
297
100
AcDbScale
 70
     0
300
1:5
140
1.0
141
5.0
290
     0
  0
SCALE
  5
2F2
102
{ACAD_REACTORS
330
297
102
}
330
297
100
AcDbScale
 70
     0
300
1:8
140
1.0
141
8.0
290
     0
  0
SCALE
  5
2F3
102
{ACAD_REACTORS
330
297
102
}
330
297
100
AcDbScale
 70
     0
300
1:10
140
1.0
141
10.0
290
     0
  0
SCALE
  5
2F4
102
{ACAD_REACTORS
330
297
102
}
330
297
100
AcDbScale
 70
     0
300
1:16
140
1.0
141
16.0
290
     0
  0
SCALE
  5
2F5
102
{ACAD_REACTORS
330
297
102
}
330
297
100
AcDbScale
 70
     0
300
1:20
140
1.0
141
20.0
290
     0
  0
SCALE
  5
2F6
102
{ACAD_REACTORS
330
297
102
}
330
297
100
AcDbScale
 70
     0
300
1:30
140
1.0
141
30.0
290
     0
  0
SCALE
  5
2F7
102
{ACAD_REACTORS
330
297
102
}
330
297
100
AcDbScale
 70
     0
300
1:40
140
1.0
141
40.0
290
     0
  0
SCALE
  5
2F8
102
{ACAD_REACTORS
330
297
102
}
330
297
100
AcDbScale
 70
     0
300
1:50
140
1.0
141
50.0
290
     0
  0
SCALE
  5
2F9
102
{ACAD_REACTORS
330
297
102
}
330
297
100
AcDbScale
 70
     0
300
1:100
140
1.0
141
100.0
290
     0
  0
SCALE
  5
2FA
102
{ACAD_REACTORS
330
297
102
}
330
297
100
AcDbScale
 70
     0
300
2:1
140
2.0
141
1.0
290
     0
  0
SCALE
  5
2FB
102
{ACAD_REACTORS
330
297
102
}
330
297
100
AcDbScale
 70
     0
300
4:1
140
4.0
141
1.0
290
     0
  0
SCALE
  5
2FC
102
{ACAD_REACTORS
330
297
102
}
330
297
100
AcDbScale
 70
     0
300
8:1
140
8.0
141
1.0
290
     0
  0
SCALE
  5
2FD
102
{ACAD_REACTORS
330
297
102
}
330
297
100
AcDbScale
 70
     0
300
10:1
140
10.0
141
1.0
290
     0
  0
SCALE
  5
2FE
102
{ACAD_REACTORS
330
297
102
}
330
297
100
AcDbScale
 70
     0
300
100:1
140
100.0
141
1.0
290
     0
  0
ACDBSECTIONVIEWSTYLE
  5
300
102
{ACAD_XDICTIONARY
360
BED
102
}
102
{ACAD_REACTORS
330
2FF
102
}
330
2FF
100
AcDbModelDocViewStyle
 70
     0
  3
Metric50
290
     0
100
AcDbSectionViewStyle
 70
     0
 71
     0
 90
      102
 71
     1
340
11
 40
5.0
340
0
340
0
 40
5.0
300
I, O, Q, S, X, Z
 40
10.0
 90
        0
 40
2.5
 90
        0
 71
     2
340
16
 90
       25
340
16
 90
       50
 40
5.0
 40
2.5
 40
5.0
 71
     3
340
11
 40
5.0
 90
        0
 40
15.0
 90
        1
300
%<\AcVar ViewSectionStartId>%-%<\AcVar ViewSectionEndId>% (%<\AcVar ViewScale \f "%sn">%)
 71
     4
300
ANSI31
 40
1.0
 90
        0
290
     0
290
     0
 90
        6
 40
0.0
 40
1.570796326794896
 40
0.2617993877991494
 40
1.308996938995747
 40
-0.2617993877991494
 40
1.832595714594046
  0
TABLESTYLE
  5
2B0
102
{ACAD_XDICTIONARY
360
2B1
102
}
102
{ACAD_REACTORS
330
2AF
102
}
330
2AF
100
AcDbTableStyle
  3

 70
     0
 71
     0
 40
0.06
 41
0.06
280
     0
281
     0
  7
Standard
140
0.18
170
     1
 62
     0
 63
     7
283
     0
274
    -2
284
     1
 64
     0
275
    -2
285
     1
 65
     0
276
    -2
286
     1
 66
     0
277
    -2
287
     1
 67
     0
278
    -2
288
     1
 68
     0
279
    -2
289
     1
 69
     0
  7
Standard
140
0.18
170
     1
 62
     0
 63
     7
283
     0
274
    -2
284
     1
 64
     0
275
    -2
285
     1
 65
     0
276
    -2
286
     1
 66
     0
277
    -2
287
     1
 67
     0
278
    -2
288
     1
 68
     0
279
    -2
289
     1
 69
     0
  7
Standard
140
0.18
170
     1
 62
     0
 63
     7
283
     0
274
    -2
284
     1
 64
     0
275
    -2
285
     1
 65
     0
276
    -2
286
     1
 66
     0
277
    -2
287
     1
 67
     0
278
    -2
288
     1
 68
     0
279
    -2
289
     1
 69
     0
  0
VISUALSTYLE
  5
2DB
102
{ACAD_XDICTIONARY
360
BC7
102
}
102
{ACAD_REACTORS
330
2B7
102
}
330
2B7
100
AcDbVisualStyle
  2
2dWireframe
 70
     4
 71
     0
 72
     2
 73
     0
 90
        0
 40
-0.6
 41
-30.0
 62
     5
 63
     7
 74
     1
 91
        4
 64
     7
 65
   257
 75
     1
175
     1
 42
1.0
 92
        0
 66
   257
 43
1.0
 76
     1
 77
     6
 78
     2
 67
     7
 79
     5
170
     0
171
     0
290
     0
174
     0
 93
        1
 44
0.0
173
     0
291
     0
 45
0.0
1001
ACAD
1000
AcDbSavedByObjectVersion
1070
     0
  0
VISUALSTYLE
  5
2DA
102
{ACAD_XDICTIONARY
360
BC5
102
}
102
{ACAD_REACTORS
330
2B7
102
}
330
2B7
100
AcDbVisualStyle
  2
Basic
 70
     7
 71
     1
 72
     0
 73
     1
 90
        0
 40
-0.6
 41
-30.0
 62
     5
 63
     7
 74
     0
 91
        4
 64
     7
 65
   257
 75
     1
175
     1
 42
1.0
 92
        8
 66
     7
 43
1.0
 76
     1
 77
     6
 78
     2
 67
     7
 79
     5
170
     0
171
     0
290
     0
174
     0
 93
        1
 44
0.0
173
     0
291
     1
 45
0.0
1001
ACAD
1000
AcDbSavedByObjectVersion
1070
     0
  0
VISUALSTYLE
  5
2E1
102
{ACAD_XDICTIONARY
360
BD3
102
}
102
{ACAD_REACTORS
330
2B7
102
}
330
2B7
100
AcDbVisualStyle
  2
Brighten
 70
    12
 71
     2
 72
     2
 73
     0
 90
        0
 40
-0.6
 41
-30.0
 62
     5
 63
     7
 74
     1
 91
        4
 64
     7
 65
   257
 75
     1
175
     1
 42
1.0
 92
        8
 66
     7
 43
1.0
 76
     1
 77
     6
 78
     2
 67
     7
 79
     5
170
     0
171
     0
290
     0
174
     0
 93
        1
 44
50.0
173
     0
291
     1
 45
0.0
1001
ACAD
1000
AcDbSavedByObjectVersion
1070
     0
  0
VISUALSTYLE
  5
2E5
102
{ACAD_XDICTIONARY
360
BDB
102
}
102
{ACAD_REACTORS
330
2B7
102
}
330
2B7
100
AcDbVisualStyle
  2
ColorChange
 70
    16
 71
     2
 72
     2
 73
     3
 90
        0
 40
-0.6
 41
-30.0
 62
     5
 63
     8
 74
     1
 91
        4
 64
     7
 65
   257
 75
     1
175
     1
 42
1.0
 92
        8
 66
     8
 43
1.0
 76
     1
 77
     6
 78
     2
 67
     7
 79
     5
170
     0
171
     0
290
     0
174
     0
 93
        1
 44
0.0
173
     0
291
     1
 45
0.0
1001
ACAD
1000
AcDbSavedByObjectVersion
1070
     0
  0
VISUALSTYLE
  5
2DE
102
{ACAD_XDICTIONARY
360
BCD
102
}
102
{ACAD_REACTORS
330
2B7
102
}
330
2B7
100
AcDbVisualStyle
  2
Conceptual
 70
     9
 71
     3
 72
     2
 73
     0
 90
        0
 40
-0.6
 41
-30.0
 62
     5
 63
     7
 74
     2
 91
        2
 64
     7
 65
   257
 75
     1
175
     1
 42
179.0
 92
        8
 66
     7
 43
1.0
 76
     1
 77
     6
 78
     2
 67
     7
 79
     3
170
     0
171
     0
290
     0
174
     0
 93
        1
 44
0.0
173
     0
291
     0
 45
0.0
1001
ACAD
1000
AcDbSavedByObjectVersion
1070
     0
  0
VISUALSTYLE
  5
2E0
102
{ACAD_XDICTIONARY
360
BD1
102
}
102
{ACAD_REACTORS
330
2B7
102
}
330
2B7
100
AcDbVisualStyle
  2
Dim
 70
    11
 71
     2
 72
     2
 73
     0
 90
        0
 40
-0.6
 41
-30.0
 62
     5
 63
     7
 74
     1
 91
        4
 64
     7
 65
   257
 75
     1
175
     1
 42
1.0
 92
        8
 66
     7
 43
1.0
 76
     1
 77
     6
 78
     2
 67
     7
 79
     5
170
     0
171
     0
290
     0
174
     0
 93
        1
 44
-50.0
173
     0
291
     1
 45
0.0
1001
ACAD
1000
AcDbSavedByObjectVersion
1070
     0
  0
VISUALSTYLE
  5
2ED
102
{ACAD_XDICTIONARY
360
BEB
102
}
102
{ACAD_REACTORS
330
2B7
102
}
330
2B7
100
AcDbVisualStyle
  2
EdgeColorOff
 70
    22
 71
     2
 72
     2
 73
     0
 90
        0
 40
-0.6
 41
-30.0
 62
     5
 63
     7
 74
     1
 91
        4
 64
     7
 65
   257
 75
     1
175
     1
 42
1.0
 92
        8
 66
     7
 43
1.0
 76
     1
 77
     6
 78
     2
 67
     7
 79
     5
170
     0
171
     0
290
     0
174
     0
 93
        1
 44
0.0
173
     0
291
     1
 45
0.0
1001
ACAD
1000
AcDbSavedByObjectVersion
1070
     0
  0
VISUALSTYLE
  5
2E4
102
{ACAD_XDICTIONARY
360
BD9
102
}
102
{ACAD_REACTORS
330
2B7
102
}
330
2B7
100
AcDbVisualStyle
  2
Facepattern
 70
    15
 71
     2
 72
     2
 73
     0
 90
        0
 40
-0.6
 41
-30.0
 62
     5
 63
     7
 74
     1
 91
        4
 64
     7
 65
   257
 75
     1
175
     1
 42
1.0
 92
        8
 66
     7
 43
1.0
 76
     1
 77
     6
 78
     2
 67
     7
 79
     5
170
     0
171
     0
290
     0
174
     0
 93
        1
 44
0.0
173
     0
291
     1
 45
0.0
1001
ACAD
1000
AcDbSavedByObjectVersion
1070
     0
  0
VISUALSTYLE
  5
2D6
102
{ACAD_XDICTIONARY
360
BBD
102
}
102
{ACAD_REACTORS
330
2B7
102
}
330
2B7
100
AcDbVisualStyle
  2
Flat
 70
     0
 71
     2
 72
     1
 73
     1
 90
        2
 40
-0.6
 41
30.0
 62
     5
 63
     7
 74
     0
 91
        0
 64
     7
 65
   257
 75
     1
175
     1
 42
1.0
 92
        8
 66
     7
 43
1.0
 76
     1
 77
     6
 78
     2
 67
     7
 79
     5
170
     0
171
     0
290
     0
174
     0
 93
       13
 44
0.0
173
     0
291
     1
 45
0.0
1001
ACAD
1000
AcDbSavedByObjectVersion
1070
     0
  0
VISUALSTYLE
  5
2D7
102
{ACAD_XDICTIONARY
360
BBF
102
}
102
{ACAD_REACTORS
330
2B7
102
}
330
2B7
100
AcDbVisualStyle
  2
FlatWithEdges
 70
     1
 71
     2
 72
     1
 73
     1
 90
        2
 40
-0.6
 41
30.0
 62
     5
 63
     7
 74
     1
 91
        0
 64
     7
 65
   257
 75
     1
175
     1
 42
1.0
 92
        0
 66
   257
 43
1.0
 76
     1
 77
     6
 78
     2
 67
     7
 79
     5
170
     0
171
     0
290
     0
174
     0
 93
       13
 44
0.0
173
     0
291
     1
 45
0.0
1001
ACAD
1000
AcDbSavedByObjectVersion
1070
     0
  0
VISUALSTYLE
  5
2D8
102
{ACAD_XDICTIONARY
360
BC1
102
}
102
{ACAD_REACTORS
330
2B7
102
}
330
2B7
100
AcDbVisualStyle
  2
Gouraud
 70
     2
 71
     2
 72
     2
 73
     1
 90
        2
 40
-0.6
 41
30.0
 62
     5
 63
     7
 74
     0
 91
        0
 64
     7
 65
   257
 75
     1
175
     1
 42
1.0
 92
        0
 66
     7
 43
1.0
 76
     1
 77
     6
 78
     2
 67
     7
 79
     5
170
     0
171
     0
290
     0
174
     0
 93
       13
 44
0.0
173
     0
291
     1
 45
0.0
1001
ACAD
1000
AcDbSavedByObjectVersion
1070
     0
  0
VISUALSTYLE
  5
2D9
102
{ACAD_XDICTIONARY
360
BC3
102
}
102
{ACAD_REACTORS
330
2B7
102
}
330
2B7
100
AcDbVisualStyle
  2
GouraudWithEdges
 70
     3
 71
     2
 72
     2
 73
     1
 90
        2
 40
-0.6
 41
30.0
 62
     5
 63
     7
 74
     1
 91
        0
 64
     7
 65
   257
 75
     1
175
     1
 42
1.0
 92
        0
 66
   257
 43
1.0
 76
     1
 77
     6
 78
     2
 67
     7
 79
     5
170
     0
171
     0
290
     0
174
     0
 93
       13
 44
0.0
173
     0
291
     1
 45
0.0
1001
ACAD
1000
AcDbSavedByObjectVersion
1070
     0
  0
VISUALSTYLE
  5
2DD
102
{ACAD_XDICTIONARY
360
BCB
102
}
102
{ACAD_REACTORS
330
2B7
102
}
330
2B7
100
AcDbVisualStyle
  2
Hidden
 70
     6
 71
     1
 72
     2
 73
     2
 90
        0
 40
-0.6
 41
-30.0
 62
     5
 63
     7
 74
     2
 91
        2
 64
     7
 65
   257
 75
     2
175
     1
 42
40.0
 92
        0
 66
   257
 43
1.0
 76
     1
 77
     6
 78
     2
 67
     7
 79
     3
170
     0
171
     0
290
     0
174
     0
 93
        1
 44
0.0
173
     0
291
     0
 45
0.0
1001
ACAD
1000
AcDbSavedByObjectVersion
1070
     0
  0
VISUALSTYLE
  5
2EB
102
{ACAD_XDICTIONARY
360
BE7
102
}
102
{ACAD_REACTORS
330
2B7
102
}
330
2B7
100
AcDbVisualStyle
  2
JitterOff
 70
    20
 71
     2
 72
     2
 73
     0
 90
        0
 40
-0.6
 41
-30.0
 62
     5
 63
     7
 74
     1
 91
        4
 64
     7
 65
   257
 75
     1
175
     1
 42
1.0
 92
       10
 66
     7
 43
1.0
 76
     1
 77
     6
 78
     2
 67
     7
 79
     5
170
     0
171
     0
290
     0
174
     0
 93
        1
 44
0.0
173
     0
291
     1
 45
0.0
1001
ACAD
1000
AcDbSavedByObjectVersion
1070
     0
  0
VISUALSTYLE
  5
2E3
102
{ACAD_XDICTIONARY
360
BD7
102
}
102
{ACAD_REACTORS
330
2B7
102
}
330
2B7
100
AcDbVisualStyle
  2
Linepattern
 70
    14
 71
     2
 72
     2
 73
     0
 90
        0
 40
-0.6
 41
-30.0
 62
     5
 63
     7
 74
     1
 91
        4
 64
     7
 65
   257
 75
     7
175
     7
 42
1.0
 92
        8
 66
     7
 43
1.0
 76
     1
 77
     6
 78
     2
 67
     7
 79
     5
170
     0
171
     0
290
     0
174
     0
 93
        1
 44
0.0
173
     0
291
     1
 45
0.0
1001
ACAD
1000
AcDbSavedByObjectVersion
1070
     0
  0
VISUALSTYLE
  5
2EC
102
{ACAD_XDICTIONARY
360
BE9
102
}
102
{ACAD_REACTORS
330
2B7
102
}
330
2B7
100
AcDbVisualStyle
  2
OverhangOff
 70
    21
 71
     2
 72
     2
 73
     0
 90
        0
 40
-0.6
 41
-30.0
 62
     5
 63
     7
 74
     1
 91
        4
 64
     7
 65
   257
 75
     1
175
     1
 42
1.0
 92
        9
 66
     7
 43
1.0
 76
     1
 77
     6
 78
     2
 67
     7
 79
     5
170
     0
171
     0
290
     0
174
     0
 93
        1
 44
0.0
173
     0
291
     1
 45
0.0
1001
ACAD
1000
AcDbSavedByObjectVersion
1070
     0
  0
VISUALSTYLE
  5
2DF
102
{ACAD_XDICTIONARY
360
BCF
102
}
102
{ACAD_REACTORS
330
2B7
102
}
330
2B7
100
AcDbVisualStyle
  2
Realistic
 70
     8
 71
     2
 72
     3
 73
     0
 90
        2
 40
-0.6
 41
30.0
 62
     5
 63
     7
 74
     0
 91
        0
 64
     7
 65
   257
 75
     1
175
     1
 42
1.0
 92
        8
 66
   257
 43
1.0
 76
     1
 77
     6
 78
     2
 67
     7
 79
     3
170
     0
171
     0
290
     0
174
     0
 93
       13
 44
0.0
173
     0
291
     0
 45
0.0
1001
ACAD
1000
AcDbSavedByObjectVersion
1070
     0
  0
VISUALSTYLE
  5
2EA
102
{ACAD_XDICTIONARY
360
BE5
102
}
102
{ACAD_REACTORS
330
2B7
102
}
330
2B7
100
AcDbVisualStyle
  2
Shaded
 70
    27
 71
     2
 72
     2
 73
     1
 90
        2
 40
-0.6
 41
30.0
 62
     5
 63
     7
 74
     0
 91
        4
 64
     7
 65
   257
 75
     1
175
     1
 42
1.0
 92
        8
 66
   257
 43
1.0
 76
     1
 77
     6
 78
     2
 67
     8
 79
     3
170
     0
171
     0
290
     0
174
     0
 93
        5
 44
0.0
173
     0
291
     0
 45
0.0
1001
ACAD
1000
AcDbSavedByObjectVersion
1070
     0
  0
VISUALSTYLE
  5
2E9
102
{ACAD_XDICTIONARY
360
BE3
102
}
102
{ACAD_REACTORS
330
2B7
102
}
330
2B7
100
AcDbVisualStyle
  2
Shaded with edges
 70
    26
 71
     2
 72
     2
 73
     1
 90
        2
 40
-0.6
 41
30.0
 62
     5
 63
     7
 74
     1
 91
        2
 64
     7
 65
   257
 75
     2
175
     1
 42
1.0
 92
        8
 66
   257
 43
1.0
 76
     1
 77
     6
 78
     2
 67
     7
 79
     3
170
     0
171
     0
290
     0
174
     0
 93
        5
 44
0.0
173
     0
291
     0
 45
0.0
1001
ACAD
1000
AcDbSavedByObjectVersion
1070
     0
  0
VISUALSTYLE
  5
2E6
102
{ACAD_XDICTIONARY
360
BDD
102
}
102
{ACAD_REACTORS
330
2B7
102
}
330
2B7
100
AcDbVisualStyle
  2
Shades of Gray
 70
    23
 71
     2
 72
     2
 73
     3
 90
        0
 40
-0.6
 41
-30.0
 62
     5
 63
     7
 74
     2
 91
        2
 64
     7
 65
     7
 75
     1
175
     1
 42
40.0
 92
        8
 66
     7
 43
1.0
 76
     1
 77
     6
 78
     2
 67
     7
 79
     3
170
     0
171
     0
290
     0
174
     0
 93
        1
 44
0.0
173
     0
291
     0
 45
0.0
1001
ACAD
1000
AcDbSavedByObjectVersion
1070
     0
  0
VISUALSTYLE
  5
2E7
102
{ACAD_XDICTIONARY
360
BDF
102
}
102
{ACAD_REACTORS
330
2B7
102
}
330
2B7
100
AcDbVisualStyle
  2
Sketchy
 70
    24
 71
     1
 72
     2
 73
     2
 90
        0
 40
-0.6
 41
-30.0
 62
     5
 63
     7
 74
     2
 91
        2
 64
     7
 65
     7
 75
     1
175
     1
 42
40.0
 92
       11
 66
     7
 43
1.0
 76
     1
 77
     6
 78
     2
 67
     7
 79
     6
170
     0
171
     0
290
     0
174
     0
 93
        1
 44
0.0
173
     0
291
     0
 45
0.0
1001
ACAD
1000
AcDbSavedByObjectVersion
1070
     0
  0
VISUALSTYLE
  5
2E2
102
{ACAD_XDICTIONARY
360
BD5
102
}
102
{ACAD_REACTORS
330
2B7
102
}
330
2B7
100
AcDbVisualStyle
  2
Thicken
 70
    13
 71
     2
 72
     2
 73
     0
 90
        0
 40
-0.6
 41
-30.0
 62
     5
 63
     7
 74
     1
 91
        4
 64
     7
 65
   257
 75
     1
175
     1
 42
1.0
 92
       12
 66
     7
 43
1.0
 76
     1
 77
     6
 78
     2
 67
     7
 79
     5
170
     0
171
     0
290
     0
174
     0
 93
        1
 44
0.0
173
     0
291
     1
 45
0.0
1001
ACAD
1000
AcDbSavedByObjectVersion
1070
     0
  0
VISUALSTYLE
  5
2DC
102
{ACAD_XDICTIONARY
360
BC9
102
}
102
{ACAD_REACTORS
330
2B7
102
}
330
2B7
100
AcDbVisualStyle
  2
Wireframe
 70
     5
 71
     0
 72
     2
 73
     0
 90
        0
 40
-0.6
 41
-30.0
 62
     5
 63
     7
 74
     1
 91
        4
 64
     7
 65
   257
 75
     1
175
     1
 42
1.0
 92
        0
 66
   257
 43
1.0
 76
     1
 77
     6
 78
     2
 67
     7
 79
     3
170
     0
171
     0
290
     0
174
     0
 93
        1
 44
0.0
173
     0
291
     0
 45
0.0
1001
ACAD
1000
AcDbSavedByObjectVersion
1070
     0
  0
VISUALSTYLE
  5
2E8
102
{ACAD_XDICTIONARY
360
BE1
102
}
102
{ACAD_REACTORS
330
2B7
102
}
330
2B7
100
AcDbVisualStyle
  2
X-Ray
 70
    25
 71
     2
 72
     2
 73
     1
 90
        1
 40
0.5
 41
-30.0
 62
     5
 63
     7
 74
     1
 91
        0
 64
     7
 65
   257
 75
     1
175
     1
 42
1.0
 92
        8
 66
     7
 43
1.0
 76
     1
 77
     6
 78
     2
 67
     7
 79
     3
170
     0
171
     0
290
     0
174
     0
 93
       13
 44
0.0
173
     0
291
     0
 45
0.0
1001
ACAD
1000
AcDbSavedByObjectVersion
1070
     0
  0
DICTIONARYVAR
  5
BAE
102
{ACAD_REACTORS
330
2B4
102
}
330
2B4
100
DictionaryVariables
280
     0
  1
1:1
  0
DICTIONARYVAR
  5
BAB
102
{ACAD_REACTORS
330
2B4
102
}
330
2B4
100
DictionaryVariables
280
     0
  1
STANDARD
  0
DICTIONARYVAR
  5
BAA
102
{ACAD_REACTORS
330
2B4
102
}
330
2B4
100
DictionaryVariables
280
     0
  1
STANDARD
  0
DICTIONARYVAR
  5
BAC
102
{ACAD_REACTORS
330
2B4
102
}
330
2B4
100
DictionaryVariables
280
     0
  1
Metric50
  0
DICTIONARYVAR
  5
BAD
102
{ACAD_REACTORS
330
2B4
102
}
330
2B4
100
DictionaryVariables
280
     0
  1
Metric50
  0
DICTIONARYVAR
  5
2B5
102
{ACAD_REACTORS
330
2B4
102
}
330
2B4
100
DictionaryVariables
280
     0
  1
1
  0
DICTIONARYVAR
  5
2B6
102
{ACAD_REACTORS
330
2B4
102
}
330
2B4
100
DictionaryVariables
280
     0
  1
0
  0
DICTIONARYVAR
  5
BB0
102
{ACAD_REACTORS
330
2B4
102
}
330
2B4
100
DictionaryVariables
280
     0
  1
0
  0
DICTIONARYVAR
  5
BAF
102
{ACAD_REACTORS
330
2B4
102
}
330
2B4
100
DictionaryVariables
280
     0
  1
127
  0
DICTIONARYVAR
  5
BB1
102
{ACAD_REACTORS
330
2B4
102
}
330
2B4
100
DictionaryVariables
280
     0
  1
2
  0
DICTIONARY
  5
BEF
330
302
100
AcDbDictionary
280
     1
281
     1
  3
ACAD_XREC_ROUNDTRIP
360
BF0
  0
DICTIONARY
  5
BB5
330
1E
100
AcDbDictionary
280
     1
281
     1
  3
ACAD_XREC_ROUNDTRIP
360
BB6
  0
DICTIONARY
  5
BB7
330
22
100
AcDbDictionary
280
     1
281
     1
  3
ACAD_XREC_ROUNDTRIP
360
BB8
  0
DICTIONARY
  5
2C7
330
2C6
100
AcDbDictionary
280
     1
281
     1
  3
ACAD_XREC_ROUNDTRIP
360
BBB
  3
BUMPTILE
360
2C9
  3
DIFFUSETILE
360
2C8
  3
OPACITYTILE
360
2CC
  3
REFLECTIONTILE
360
2CB
  3
REFRACTIONTILE
360
2CD
  3
SPECULARTILE
360
2CA
  0
DICTIONARY
  5
2BF
330
2BE
100
AcDbDictionary
280
     1
281
     1
  3
ACAD_XREC_ROUNDTRIP
360
BBA
  3
BUMPTILE
360
2C1
  3
DIFFUSETILE
360
2C0
  3
OPACITYTILE
360
2C4
  3
REFLECTIONTILE
360
2C3
  3
REFRACTIONTILE
360
2C5
  3
SPECULARTILE
360
2C2
  0
DICTIONARY
  5
2CF
330
2CE
100
AcDbDictionary
280
     1
281
     1
  3
ACAD_XREC_ROUNDTRIP
360
BBC
  3
BUMPTILE
360
2D1
  3
DIFFUSETILE
360
2D0
  3
OPACITYTILE
360
2D4
  3
REFLECTIONTILE
360
2D3
  3
REFRACTIONTILE
360
2D5
  3
SPECULARTILE
360
2D2
  0
DICTIONARY
  5
BED
330
300
100
AcDbDictionary
280
     1
281
     1
  3
ACAD_XREC_ROUNDTRIP
360
BEE
  0
DICTIONARY
  5
2B1
330
2B0
100
AcDbDictionary
281
     1
  3
ACAD_ROUNDTRIP_2008_TABLESTYLE_CELLSTYLEMAP
350
BB2
  3
ACAD_XREC_ROUNDTRIP
350
BB9
  0
DICTIONARY
  5
BC7
330
2DB
100
AcDbDictionary
280
     1
281
     1
  3
ACAD_XREC_ROUNDTRIP
360
BC8
  0
DICTIONARY
  5
BC5
330
2DA
100
AcDbDictionary
280
     1
281
     1
  3
ACAD_XREC_ROUNDTRIP
360
BC6
  0
DICTIONARY
  5
BD3
330
2E1
100
AcDbDictionary
280
     1
281
     1
  3
ACAD_XREC_ROUNDTRIP
360
BD4
  0
DICTIONARY
  5
BDB
330
2E5
100
AcDbDictionary
280
     1
281
     1
  3
ACAD_XREC_ROUNDTRIP
360
BDC
  0
DICTIONARY
  5
BCD
330
2DE
100
AcDbDictionary
280
     1
281
     1
  3
ACAD_XREC_ROUNDTRIP
360
BCE
  0
DICTIONARY
  5
BD1
330
2E0
100
AcDbDictionary
280
     1
281
     1
  3
ACAD_XREC_ROUNDTRIP
360
BD2
  0
DICTIONARY
  5
BEB
330
2ED
100
AcDbDictionary
280
     1
281
     1
  3
ACAD_XREC_ROUNDTRIP
360
BEC
  0
DICTIONARY
  5
BD9
330
2E4
100
AcDbDictionary
280
     1
281
     1
  3
ACAD_XREC_ROUNDTRIP
360
BDA
  0
DICTIONARY
  5
BBD
330
2D6
100
AcDbDictionary
280
     1
281
     1
  3
ACAD_XREC_ROUNDTRIP
360
BBE
  0
DICTIONARY
  5
BBF
330
2D7
100
AcDbDictionary
280
     1
281
     1
  3
ACAD_XREC_ROUNDTRIP
360
BC0
  0
DICTIONARY
  5
BC1
330
2D8
100
AcDbDictionary
280
     1
281
     1
  3
ACAD_XREC_ROUNDTRIP
360
BC2
  0
DICTIONARY
  5
BC3
330
2D9
100
AcDbDictionary
280
     1
281
     1
  3
ACAD_XREC_ROUNDTRIP
360
BC4
  0
DICTIONARY
  5
BCB
330
2DD
100
AcDbDictionary
280
     1
281
     1
  3
ACAD_XREC_ROUNDTRIP
360
BCC
  0
DICTIONARY
  5
BE7
330
2EB
100
AcDbDictionary
280
     1
281
     1
  3
ACAD_XREC_ROUNDTRIP
360
BE8
  0
DICTIONARY
  5
BD7
330
2E3
100
AcDbDictionary
280
     1
281
     1
  3
ACAD_XREC_ROUNDTRIP
360
BD8
  0
DICTIONARY
  5
BE9
330
2EC
100
AcDbDictionary
280
     1
281
     1
  3
ACAD_XREC_ROUNDTRIP
360
BEA
  0
DICTIONARY
  5
BCF
330
2DF
100
AcDbDictionary
280
     1
281
     1
  3
ACAD_XREC_ROUNDTRIP
360
BD0
  0
DICTIONARY
  5
BE5
330
2EA
100
AcDbDictionary
280
     1
281
     1
  3
ACAD_XREC_ROUNDTRIP
360
BE6
  0
DICTIONARY
  5
BE3
330
2E9
100
AcDbDictionary
280
     1
281
     1
  3
ACAD_XREC_ROUNDTRIP
360
BE4
  0
DICTIONARY
  5
BDD
330
2E6
100
AcDbDictionary
280
     1
281
     1
  3
ACAD_XREC_ROUNDTRIP
360
BDE
  0
DICTIONARY
  5
BDF
330
2E7
100
AcDbDictionary
280
     1
281
     1
  3
ACAD_XREC_ROUNDTRIP
360
BE0
  0
DICTIONARY
  5
BD5
330
2E2
100
AcDbDictionary
280
     1
281
     1
  3
ACAD_XREC_ROUNDTRIP
360
BD6
  0
DICTIONARY
  5
BC9
330
2DC
100
AcDbDictionary
280
     1
281
     1
  3
ACAD_XREC_ROUNDTRIP
360
BCA
  0
DICTIONARY
  5
BE1
330
2E8
100
AcDbDictionary
280
     1
281
     1
  3
ACAD_XREC_ROUNDTRIP
360
BE2
  0
XRECORD
  5
BF0
102
{ACAD_REACTORS
330
BEF
102
}
330
BEF
100
AcDbXrecord
280
     1
102
DISPLAYNAME
  1
Metric50
102
FLAGS
 90
        0
  0
XRECORD
  5
BB6
102
{ACAD_REACTORS
330
BB5
102
}
330
BB5
100
AcDbXrecord
280
     1
102
SHADEPLOT
 70
     0
102
SHADEPLOTRESLEVEL
 70
     0
102
SHADEPLOTCUSTOMDPI
 70
     0
  0
XRECORD
  5
BB8
102
{ACAD_REACTORS
330
BB7
102
}
330
BB7
100
AcDbXrecord
280
     1
102
SHADEPLOT
 70
     0
102
SHADEPLOTRESLEVEL
 70
     0
102
SHADEPLOTCUSTOMDPI
 70
     0
  0
XRECORD
  5
BBB
102
{ACAD_REACTORS
330
2C7
102
}
330
2C7
100
AcDbXrecord
280
     1
102
MATERIAL
148
0.0
149
0.0
149
0.0
 93
        0
 94
      127
282
     0
 72
     0
 77
     0
171
     0
175
     0
179
     0
273
     0
  0
XRECORD
  5
2C9
102
{ACAD_REACTORS
330
2C7
102
}
330
2C7
100
AcDbXrecord
280
     1
270
     1
271
     1
  0
XRECORD
  5
2C8
102
{ACAD_REACTORS
330
2C7
102
}
330
2C7
100
AcDbXrecord
280
     1
270
     1
271
     1
  0
XRECORD
  5
2CC
102
{ACAD_REACTORS
330
2C7
102
}
330
2C7
100
AcDbXrecord
280
     1
270
     1
271
     1
  0
XRECORD
  5
2CB
102
{ACAD_REACTORS
330
2C7
102
}
330
2C7
100
AcDbXrecord
280
     1
270
     1
271
     1
  0
XRECORD
  5
2CD
102
{ACAD_REACTORS
330
2C7
102
}
330
2C7
100
AcDbXrecord
280
     1
270
     1
271
     1
  0
XRECORD
  5
2CA
102
{ACAD_REACTORS
330
2C7
102
}
330
2C7
100
AcDbXrecord
280
     1
270
     1
271
     1
  0
XRECORD
  5
BBA
102
{ACAD_REACTORS
330
2BF
102
}
330
2BF
100
AcDbXrecord
280
     1
102
MATERIAL
148
0.0
149
0.0
149
0.0
 93
        0
 94
      127
282
     0
 72
     0
 77
     0
171
     0
175
     0
179
     0
273
     0
  0
XRECORD
  5
2C1
102
{ACAD_REACTORS
330
2BF
102
}
330
2BF
100
AcDbXrecord
280
     1
270
     1
271
     1
  0
XRECORD
  5
2C0
102
{ACAD_REACTORS
330
2BF
102
}
330
2BF
100
AcDbXrecord
280
     1
270
     1
271
     1
  0
XRECORD
  5
2C4
102
{ACAD_REACTORS
330
2BF
102
}
330
2BF
100
AcDbXrecord
280
     1
270
     1
271
     1
  0
XRECORD
  5
2C3
102
{ACAD_REACTORS
330
2BF
102
}
330
2BF
100
AcDbXrecord
280
     1
270
     1
271
     1
  0
XRECORD
  5
2C5
102
{ACAD_REACTORS
330
2BF
102
}
330
2BF
100
AcDbXrecord
280
     1
270
     1
271
     1
  0
XRECORD
  5
2C2
102
{ACAD_REACTORS
330
2BF
102
}
330
2BF
100
AcDbXrecord
280
     1
270
     1
271
     1
  0
XRECORD
  5
BBC
102
{ACAD_REACTORS
330
2CF
102
}
330
2CF
100
AcDbXrecord
280
     1
102
MATERIAL
148
0.0
149
0.0
149
0.0
 93
        0
 94
      127
282
     0
 72
     0
 77
     0
171
     0
175
     0
179
     0
273
     0
  0
XRECORD
  5
2D1
102
{ACAD_REACTORS
330
2CF
102
}
330
2CF
100
AcDbXrecord
280
     1
270
     1
271
     1
  0
XRECORD
  5
2D0
102
{ACAD_REACTORS
330
2CF
102
}
330
2CF
100
AcDbXrecord
280
     1
270
     1
271
     1
  0
XRECORD
  5
2D4
102
{ACAD_REACTORS
330
2CF
102
}
330
2CF
100
AcDbXrecord
280
     1
270
     1
271
     1
  0
XRECORD
  5
2D3
102
{ACAD_REACTORS
330
2CF
102
}
330
2CF
100
AcDbXrecord
280
     1
270
     1
271
     1
  0
XRECORD
  5
2D5
102
{ACAD_REACTORS
330
2CF
102
}
330
2CF
100
AcDbXrecord
280
     1
270
     1
271
     1
  0
XRECORD
  5
2D2
102
{ACAD_REACTORS
330
2CF
102
}
330
2CF
100
AcDbXrecord
280
     1
270
     1
271
     1
  0
XRECORD
  5
BEE
102
{ACAD_REACTORS
330
BED
102
}
330
BED
100
AcDbXrecord
280
     1
102
DISPLAYNAME
  1
Metric50
102
FLAGS
 90
        0
  0
CELLSTYLEMAP
  5
BB2
102
{ACAD_REACTORS
330
2B1
102
}
330
2B1
100
AcDbCellStyleMap
 90
        3
300
CELLSTYLE
  1
TABLEFORMAT_BEGIN
 90
        5
170
     1
 91
        0
 92
    32768
 62
   257
 93
        1
300
CONTENTFORMAT
  1
CONTENTFORMAT_BEGIN
 90
        0
 91
        0
 92
        4
 93
        0
300

 40
0.0
140
1.0
 94
        1
 62
     0
340
11
144
0.18
309
CONTENTFORMAT_END
171
     1
301
MARGIN
  1
CELLMARGIN_BEGIN
 40
0.06
 40
0.06
 40
0.06
 40
0.06
 40
0.18
 40
0.18
309
CELLMARGIN_END
 94
        6
 95
        1
302
GRIDFORMAT
  1
GRIDFORMAT_BEGIN
 90
        0
 91
        1
 62
     0
 92
       -2
340
0
 93
        0
 40
0.045
309
GRIDFORMAT_END
 95
        2
302
GRIDFORMAT
  1
GRIDFORMAT_BEGIN
 90
        0
 91
        1
 62
     0
 92
       -2
340
0
 93
        0
 40
0.045
309
GRIDFORMAT_END
 95
        4
302
GRIDFORMAT
  1
GRIDFORMAT_BEGIN
 90
        0
 91
        1
 62
     0
 92
       -2
340
0
 93
        0
 40
0.045
309
GRIDFORMAT_END
 95
        8
302
GRIDFORMAT
  1
GRIDFORMAT_BEGIN
 90
        0
 91
        1
 62
     0
 92
       -2
340
0
 93
        0
 40
0.045
309
GRIDFORMAT_END
 95
       16
302
GRIDFORMAT
  1
GRIDFORMAT_BEGIN
 90
        0
 91
        1
 62
     0
 92
       -2
340
0
 93
        0
 40
0.045
309
GRIDFORMAT_END
 95
       32
302
GRIDFORMAT
  1
GRIDFORMAT_BEGIN
 90
        0
 91
        1
 62
     0
 92
       -2
340
0
 93
        0
 40
0.045
309
GRIDFORMAT_END
309
TABLEFORMAT_END
  1
CELLSTYLE_BEGIN
 90
        1
 91
        2
300
_TITLE
309
CELLSTYLE_END
300
CELLSTYLE
  1
TABLEFORMAT_BEGIN
 90
        5
170
     1
 91
        0
 92
        0
 62
   257
 93
        1
300
CONTENTFORMAT
  1
CONTENTFORMAT_BEGIN
 90
        0
 91
        0
 92
        4
 93
        0
300

 40
0.0
140
1.0
 94
        1
 62
     0
340
11
144
0.18
309
CONTENTFORMAT_END
171
     1
301
MARGIN
  1
CELLMARGIN_BEGIN
 40
0.06
 40
0.06
 40
0.06
 40
0.06
 40
0.18
 40
0.18
309
CELLMARGIN_END
 94
        6
 95
        1
302
GRIDFORMAT
  1
GRIDFORMAT_BEGIN
 90
        0
 91
        1
 62
     0
 92
       -2
340
0
 93
        0
 40
0.045
309
GRIDFORMAT_END
 95
        2
302
GRIDFORMAT
  1
GRIDFORMAT_BEGIN
 90
        0
 91
        1
 62
     0
 92
       -2
340
0
 93
        0
 40
0.045
309
GRIDFORMAT_END
 95
        4
302
GRIDFORMAT
  1
GRIDFORMAT_BEGIN
 90
        0
 91
        1
 62
     0
 92
       -2
340
0
 93
        0
 40
0.045
309
GRIDFORMAT_END
 95
        8
302
GRIDFORMAT
  1
GRIDFORMAT_BEGIN
 90
        0
 91
        1
 62
     0
 92
       -2
340
0
 93
        0
 40
0.045
309
GRIDFORMAT_END
 95
       16
302
GRIDFORMAT
  1
GRIDFORMAT_BEGIN
 90
        0
 91
        1
 62
     0
 92
       -2
340
0
 93
        0
 40
0.045
309
GRIDFORMAT_END
 95
       32
302
GRIDFORMAT
  1
GRIDFORMAT_BEGIN
 90
        0
 91
        1
 62
     0
 92
       -2
340
0
 93
        0
 40
0.045
309
GRIDFORMAT_END
309
TABLEFORMAT_END
  1
CELLSTYLE_BEGIN
 90
        2
 91
        2
300
_HEADER
309
CELLSTYLE_END
300
CELLSTYLE
  1
TABLEFORMAT_BEGIN
 90
        5
170
     1
 91
        0
 92
        0
 62
   257
 93
        1
300
CONTENTFORMAT
  1
CONTENTFORMAT_BEGIN
 90
        0
 91
        0
 92
        4
 93
        0
300

 40
0.0
140
1.0
 94
        1
 62
     0
340
11
144
0.18
309
CONTENTFORMAT_END
171
     1
301
MARGIN
  1
CELLMARGIN_BEGIN
 40
0.06
 40
0.06
 40
0.06
 40
0.06
 40
0.18
 40
0.18
309
CELLMARGIN_END
 94
        6
 95
        1
302
GRIDFORMAT
  1
GRIDFORMAT_BEGIN
 90
        0
 91
        1
 62
     0
 92
       -2
340
0
 93
        0
 40
0.045
309
GRIDFORMAT_END
 95
        2
302
GRIDFORMAT
  1
GRIDFORMAT_BEGIN
 90
        0
 91
        1
 62
     0
 92
       -2
340
0
 93
        0
 40
0.045
309
GRIDFORMAT_END
 95
        4
302
GRIDFORMAT
  1
GRIDFORMAT_BEGIN
 90
        0
 91
        1
 62
     0
 92
       -2
340
0
 93
        0
 40
0.045
309
GRIDFORMAT_END
 95
        8
302
GRIDFORMAT
  1
GRIDFORMAT_BEGIN
 90
        0
 91
        1
 62
     0
 92
       -2
340
0
 93
        0
 40
0.045
309
GRIDFORMAT_END
 95
       16
302
GRIDFORMAT
  1
GRIDFORMAT_BEGIN
 90
        0
 91
        1
 62
     0
 92
       -2
340
0
 93
        0
 40
0.045
309
GRIDFORMAT_END
 95
       32
302
GRIDFORMAT
  1
GRIDFORMAT_BEGIN
 90
        0
 91
        1
 62
     0
 92
       -2
340
0
 93
        0
 40
0.045
309
GRIDFORMAT_END
309
TABLEFORMAT_END
  1
CELLSTYLE_BEGIN
 90
        3
 91
        2
300
_DATA
309
CELLSTYLE_END
  0
XRECORD
  5
BB9
102
{ACAD_REACTORS
330
2B1
102
}
330
2B1
100
AcDbXrecord
280
     1
102
ACAD_ROUNDTRIP_PRE2007_TABLESTYLE
 90
        4
 91
        0
  1

 92
        4
 93
        0
  2

 94
        4
 95
        0
  3

  0
XRECORD
  5
BC8
102
{ACAD_REACTORS
330
BC7
102
}
330
BC7
100
AcDbXrecord
280
     1
102
RTVSPost2010Prop28
280
     1
102
RTVSPost2010PropOp28
 70
     1
102
RTVSPost2010Prop29
280
     1
102
RTVSPost2010PropOp29
 70
     1
102
RTVSPost2010Prop30
280
     0
102
RTVSPost2010PropOp30
 70
     1
102
RTVSPost2010Prop31
280
     0
102
RTVSPost2010PropOp31
 70
     1
102
RTVSPost2010Prop32
280
     0
102
RTVSPost2010PropOp32
 70
     1
102
RTVSPost2010Prop33
280
     0
102
RTVSPost2010PropOp33
 70
     1
102
RTVSPost2010Prop34
280
     0
102
RTVSPost2010PropOp34
 70
     1
102
RTVSPost2010Prop35
280
     0
102
RTVSPost2010PropOp35
 70
     1
102
RTVSPost2010Prop36
280
     0
102
RTVSPost2010PropOp36
 70
     1
102
RTVSPost2010Prop37
 90
       50
102
RTVSPost2010PropOp37
 70
     1
102
RTVSPost2010Prop38
140
0.0
102
RTVSPost2010PropOp38
 70
     1
102
RTVSPost2010Prop39
140
1.0
102
RTVSPost2010PropOp39
 70
     1
102
RTVSPost2010Prop40
 90
        0
102
RTVSPost2010PropOp40
 70
     1
102
RTVSPost2010Prop41ColorIndex
 90
       18
102
RTVSPost2010Prop41ColorRGB
 90
        0
102
RTVSPost2010PropOp41
 70
     1
102
RTVSPost2010Prop42
 90
       50
102
RTVSPost2010PropOp42
 70
     1
102
RTVSPost2010Prop43
 90
        3
102
RTVSPost2010PropOp43
 70
     1
102
RTVSPost2010Prop44ColorIndex
 90
        5
102
RTVSPost2010Prop44ColorRGB
 90
      255
102
RTVSPost2010PropOp44
 70
     1
102
RTVSPost2010Prop45
280
     0
102
RTVSPost2010PropOp45
 70
     1
102
RTVSPost2010Prop46
 90
       50
102
RTVSPost2010PropOp46
 70
     1
102
RTVSPost2010Prop47
 90
       50
102
RTVSPost2010PropOp47
 70
     1
102
RTVSPost2010Prop48
 90
       50
102
RTVSPost2010PropOp48
 70
     1
102
RTVSPost2010Prop49
280
     0
102
RTVSPost2010PropOp49
 70
     1
102
RTVSPost2010Prop50
 90
       50
102
RTVSPost2010PropOp50
 70
     1
102
RTVSPost2010Prop51ColorIndex
 90
      256
102
RTVSPost2010Prop51ColorRGB
 90
-16777216
102
RTVSPost2010PropOp51
 70
     0
102
RTVSPost2010Prop52
140
1.0
102
RTVSPost2010PropOp52
 70
     0
102
RTVSPost2010Prop53
 90
        2
102
RTVSPost2010PropOp53
 70
     1
102
RTVSPost2010Prop54
  1
strokes_ogs.tif
102
RTVSPost2010PropOp54
 70
     1
102
RTVSPost2010Prop55
280
     0
102
RTVSPost2010PropOp55
 70
     1
102
RTVSPost2010Prop56
140
1.0
102
RTVSPost2010PropOp56
 70
     1
102
RTVSPost2010Prop57
140
1.0
102
RTVSPost2010PropOp57
 70
     1
102
RTVSPropertyOp0
 70
     1
102
RTVSPropertyOp1
 70
     1
102
RTVSPropertyOp2
 70
     1
102
RTVSPropertyOp3
 70
     1
102
RTVSPropertyOp4
 70
     1
102
RTVSPropertyOp5
 70
     1
102
RTVSPropertyOp6
 70
     1
102
RTVSPropertyOp7
 70
     1
102
RTVSPropertyOp8
 70
     1
102
RTVSPropertyOp9
 70
     1
102
RTVSPropertyOp10
 70
     1
102
RTVSPropertyOp11
 70
     1
102
RTVSPropertyOp12
 70
     1
102
RTVSPropertyOp13
 70
     1
102
RTVSPropertyOp14
 70
     1
102
RTVSPropertyOp15
 70
     1
102
RTVSPropertyOp16
 70
     1
102
RTVSPropertyOp17
 70
     1
102
RTVSPropertyOp18
 70
     1
102
RTVSPropertyOp19
 70
     1
102
RTVSPropertyOp20
 70
     1
102
RTVSPropertyOp21
 70
     1
102
RTVSPropertyOp22
 70
     1
102
RTVSPropertyOp23
 70
     1
102
RTVSPropertyOp24
 70
     1
102
RTVSPropertyOp25
 70
     1
102
RTVSPropertyOp26
 70
     1
102
RTVSPropertyOp27
 70
     1
102
RTVSPropertyOp28
 70
     1
102
RTVSPropertyOp29
 70
     1
102
RTVSPropertyOp30
 70
     1
102
RTVSPropertyOp31
 70
     1
102
RTVSPropertyOp32
 70
     1
102
RTVSPropertyOp33
 70
     1
102
RTVSPropertyOp34
 70
     1
102
RTVSPropertyOp35
 70
     1
102
RTVSPropertyOp36
 70
     1
102
RTVSPropertyOp37
 70
     1
102
RTVSPropertyOp38
 70
     1
102
RTVSPropertyOp39
 70
     1
102
RTVSPropertyOp40
 70
     1
102
RTVSPropertyOp41
 70
     1
102
RTVSPropertyOp42
 70
     1
102
RTVSPropertyOp43
 70
     1
102
RTVSPropertyOp44
 70
     1
102
RTVSPropertyOp45
 70
     1
102
RTVSPropertyOp46
 70
     1
102
RTVSPropertyOp47
 70
     1
102
RTVSPropertyOp48
 70
     1
102
RTVSPropertyOp49
 70
     1
102
RTVSPropertyOp50
 70
     1
102
RTVSPropertyOp51
 70
     0
102
RTVSPropertyOp52
 70
     0
102
RTVSPropertyOp53
 70
     1
102
RTVSPropertyOp54
 70
     1
102
RTVSPropertyOp55
 70
     1
102
RTVSPropertyOp56
 70
     1
102
RTVSPropertyOp57
 70
     1
102
RTVSPropertyOp58
 70
     1
102
RTVSPropertyOp59
 70
     1
102
RTVSPropertyOp60
 70
     1
102
RTVSPropertyOp61
 70
     1
102
RTVSPropertyOp62
 70
     1
  0
XRECORD
  5
BC6
102
{ACAD_REACTORS
330
BC5
102
}
330
BC5
100
AcDbXrecord
280
     1
102
RTVSPost2010Prop28
280
     0
102
RTVSPost2010PropOp28
 70
     1
102
RTVSPost2010Prop29
280
     1
102
RTVSPost2010PropOp29
 70
     1
102
RTVSPost2010Prop30
280
     1
102
RTVSPost2010PropOp30
 70
     1
102
RTVSPost2010Prop31
280
     0
102
RTVSPost2010PropOp31
 70
     1
102
RTVSPost2010Prop32
280
     0
102
RTVSPost2010PropOp32
 70
     1
102
RTVSPost2010Prop33
280
     0
102
RTVSPost2010PropOp33
 70
     1
102
RTVSPost2010Prop34
280
     0
102
RTVSPost2010PropOp34
 70
     1
102
RTVSPost2010Prop35
280
     0
102
RTVSPost2010PropOp35
 70
     1
102
RTVSPost2010Prop36
280
     0
102
RTVSPost2010PropOp36
 70
     1
102
RTVSPost2010Prop37
 90
       50
102
RTVSPost2010PropOp37
 70
     1
102
RTVSPost2010Prop38
140
0.0
102
RTVSPost2010PropOp38
 70
     1
102
RTVSPost2010Prop39
140
1.0
102
RTVSPost2010PropOp39
 70
     1
102
RTVSPost2010Prop40
 90
        0
102
RTVSPost2010PropOp40
 70
     1
102
RTVSPost2010Prop41ColorIndex
 90
       18
102
RTVSPost2010Prop41ColorRGB
 90
        0
102
RTVSPost2010PropOp41
 70
     1
102
RTVSPost2010Prop42
 90
       50
102
RTVSPost2010PropOp42
 70
     1
102
RTVSPost2010Prop43
 90
        3
102
RTVSPost2010PropOp43
 70
     1
102
RTVSPost2010Prop44ColorIndex
 90
        5
102
RTVSPost2010Prop44ColorRGB
 90
      255
102
RTVSPost2010PropOp44
 70
     1
102
RTVSPost2010Prop45
280
     0
102
RTVSPost2010PropOp45
 70
     1
102
RTVSPost2010Prop46
 90
       50
102
RTVSPost2010PropOp46
 70
     1
102
RTVSPost2010Prop47
 90
       50
102
RTVSPost2010PropOp47
 70
     1
102
RTVSPost2010Prop48
 90
       50
102
RTVSPost2010PropOp48
 70
     1
102
RTVSPost2010Prop49
280
     0
102
RTVSPost2010PropOp49
 70
     1
102
RTVSPost2010Prop50
 90
       50
102
RTVSPost2010PropOp50
 70
     1
102
RTVSPost2010Prop51ColorIndex
 90
      256
102
RTVSPost2010Prop51ColorRGB
 90
-16777216
102
RTVSPost2010PropOp51
 70
     0
102
RTVSPost2010Prop52
140
1.0
102
RTVSPost2010PropOp52
 70
     0
102
RTVSPost2010Prop53
 90
        2
102
RTVSPost2010PropOp53
 70
     1
102
RTVSPost2010Prop54
  1
strokes_ogs.tif
102
RTVSPost2010PropOp54
 70
     1
102
RTVSPost2010Prop55
280
     0
102
RTVSPost2010PropOp55
 70
     1
102
RTVSPost2010Prop56
140
1.0
102
RTVSPost2010PropOp56
 70
     1
102
RTVSPost2010Prop57
140
1.0
102
RTVSPost2010PropOp57
 70
     1
102
RTVSPropertyOp0
 70
     1
102
RTVSPropertyOp1
 70
     1
102
RTVSPropertyOp2
 70
     1
102
RTVSPropertyOp3
 70
     1
102
RTVSPropertyOp4
 70
     1
102
RTVSPropertyOp5
 70
     1
102
RTVSPropertyOp6
 70
     1
102
RTVSPropertyOp7
 70
     1
102
RTVSPropertyOp8
 70
     1
102
RTVSPropertyOp9
 70
     1
102
RTVSPropertyOp10
 70
     1
102
RTVSPropertyOp11
 70
     1
102
RTVSPropertyOp12
 70
     1
102
RTVSPropertyOp13
 70
     1
102
RTVSPropertyOp14
 70
     1
102
RTVSPropertyOp15
 70
     1
102
RTVSPropertyOp16
 70
     1
102
RTVSPropertyOp17
 70
     1
102
RTVSPropertyOp18
 70
     1
102
RTVSPropertyOp19
 70
     1
102
RTVSPropertyOp20
 70
     1
102
RTVSPropertyOp21
 70
     1
102
RTVSPropertyOp22
 70
     1
102
RTVSPropertyOp23
 70
     1
102
RTVSPropertyOp24
 70
     1
102
RTVSPropertyOp25
 70
     1
102
RTVSPropertyOp26
 70
     1
102
RTVSPropertyOp27
 70
     1
102
RTVSPropertyOp28
 70
     1
102
RTVSPropertyOp29
 70
     1
102
RTVSPropertyOp30
 70
     1
102
RTVSPropertyOp31
 70
     1
102
RTVSPropertyOp32
 70
     1
102
RTVSPropertyOp33
 70
     1
102
RTVSPropertyOp34
 70
     1
102
RTVSPropertyOp35
 70
     1
102
RTVSPropertyOp36
 70
     1
102
RTVSPropertyOp37
 70
     1
102
RTVSPropertyOp38
 70
     1
102
RTVSPropertyOp39
 70
     1
102
RTVSPropertyOp40
 70
     1
102
RTVSPropertyOp41
 70
     1
102
RTVSPropertyOp42
 70
     1
102
RTVSPropertyOp43
 70
     1
102
RTVSPropertyOp44
 70
     1
102
RTVSPropertyOp45
 70
     1
102
RTVSPropertyOp46
 70
     1
102
RTVSPropertyOp47
 70
     1
102
RTVSPropertyOp48
 70
     1
102
RTVSPropertyOp49
 70
     1
102
RTVSPropertyOp50
 70
     1
102
RTVSPropertyOp51
 70
     0
102
RTVSPropertyOp52
 70
     0
102
RTVSPropertyOp53
 70
     1
102
RTVSPropertyOp54
 70
     1
102
RTVSPropertyOp55
 70
     1
102
RTVSPropertyOp56
 70
     1
102
RTVSPropertyOp57
 70
     1
102
RTVSPropertyOp58
 70
     1
102
RTVSPropertyOp59
 70
     1
102
RTVSPropertyOp60
 70
     1
102
RTVSPropertyOp61
 70
     1
102
RTVSPropertyOp62
 70
     1
  0
XRECORD
  5
BD4
102
{ACAD_REACTORS
330
BD3
102
}
330
BD3
100
AcDbXrecord
280
     1
102
RTVSPost2010Prop28
280
     0
102
RTVSPost2010PropOp28
 70
     1
102
RTVSPost2010Prop29
280
     1
102
RTVSPost2010PropOp29
 70
     1
102
RTVSPost2010Prop30
280
     1
102
RTVSPost2010PropOp30
 70
     1
102
RTVSPost2010Prop31
280
     0
102
RTVSPost2010PropOp31
 70
     1
102
RTVSPost2010Prop32
280
     0
102
RTVSPost2010PropOp32
 70
     1
102
RTVSPost2010Prop33
280
     0
102
RTVSPost2010PropOp33
 70
     1
102
RTVSPost2010Prop34
280
     0
102
RTVSPost2010PropOp34
 70
     1
102
RTVSPost2010Prop35
280
     0
102
RTVSPost2010PropOp35
 70
     1
102
RTVSPost2010Prop36
280
     0
102
RTVSPost2010PropOp36
 70
     1
102
RTVSPost2010Prop37
 90
       50
102
RTVSPost2010PropOp37
 70
     1
102
RTVSPost2010Prop38
140
0.0
102
RTVSPost2010PropOp38
 70
     1
102
RTVSPost2010Prop39
140
1.0
102
RTVSPost2010PropOp39
 70
     1
102
RTVSPost2010Prop40
 90
        0
102
RTVSPost2010PropOp40
 70
     1
102
RTVSPost2010Prop41ColorIndex
 90
       18
102
RTVSPost2010Prop41ColorRGB
 90
        0
102
RTVSPost2010PropOp41
 70
     1
102
RTVSPost2010Prop42
 90
       50
102
RTVSPost2010PropOp42
 70
     1
102
RTVSPost2010Prop43
 90
        3
102
RTVSPost2010PropOp43
 70
     1
102
RTVSPost2010Prop44ColorIndex
 90
        5
102
RTVSPost2010Prop44ColorRGB
 90
      255
102
RTVSPost2010PropOp44
 70
     1
102
RTVSPost2010Prop45
280
     0
102
RTVSPost2010PropOp45
 70
     1
102
RTVSPost2010Prop46
 90
       50
102
RTVSPost2010PropOp46
 70
     1
102
RTVSPost2010Prop47
 90
       50
102
RTVSPost2010PropOp47
 70
     1
102
RTVSPost2010Prop48
 90
       50
102
RTVSPost2010PropOp48
 70
     1
102
RTVSPost2010Prop49
280
     0
102
RTVSPost2010PropOp49
 70
     1
102
RTVSPost2010Prop50
 90
       50
102
RTVSPost2010PropOp50
 70
     1
102
RTVSPost2010Prop51ColorIndex
 90
      256
102
RTVSPost2010Prop51ColorRGB
 90
-16777216
102
RTVSPost2010PropOp51
 70
     0
102
RTVSPost2010Prop52
140
1.0
102
RTVSPost2010PropOp52
 70
     0
102
RTVSPost2010Prop53
 90
        2
102
RTVSPost2010PropOp53
 70
     1
102
RTVSPost2010Prop54
  1
strokes_ogs.tif
102
RTVSPost2010PropOp54
 70
     1
102
RTVSPost2010Prop55
280
     0
102
RTVSPost2010PropOp55
 70
     1
102
RTVSPost2010Prop56
140
1.0
102
RTVSPost2010PropOp56
 70
     1
102
RTVSPost2010Prop57
140
1.0
102
RTVSPost2010PropOp57
 70
     1
102
RTVSPropertyOp0
 70
     1
102
RTVSPropertyOp1
 70
     1
102
RTVSPropertyOp2
 70
     1
102
RTVSPropertyOp3
 70
     1
102
RTVSPropertyOp4
 70
     1
102
RTVSPropertyOp5
 70
     1
102
RTVSPropertyOp6
 70
     1
102
RTVSPropertyOp7
 70
     1
102
RTVSPropertyOp8
 70
     1
102
RTVSPropertyOp9
 70
     1
102
RTVSPropertyOp10
 70
     1
102
RTVSPropertyOp11
 70
     1
102
RTVSPropertyOp12
 70
     1
102
RTVSPropertyOp13
 70
     1
102
RTVSPropertyOp14
 70
     1
102
RTVSPropertyOp15
 70
     1
102
RTVSPropertyOp16
 70
     1
102
RTVSPropertyOp17
 70
     1
102
RTVSPropertyOp18
 70
     1
102
RTVSPropertyOp19
 70
     1
102
RTVSPropertyOp20
 70
     1
102
RTVSPropertyOp21
 70
     1
102
RTVSPropertyOp22
 70
     1
102
RTVSPropertyOp23
 70
     1
102
RTVSPropertyOp24
 70
     1
102
RTVSPropertyOp25
 70
     1
102
RTVSPropertyOp26
 70
     1
102
RTVSPropertyOp27
 70
     1
102
RTVSPropertyOp28
 70
     1
102
RTVSPropertyOp29
 70
     1
102
RTVSPropertyOp30
 70
     1
102
RTVSPropertyOp31
 70
     1
102
RTVSPropertyOp32
 70
     1
102
RTVSPropertyOp33
 70
     1
102
RTVSPropertyOp34
 70
     1
102
RTVSPropertyOp35
 70
     1
102
RTVSPropertyOp36
 70
     1
102
RTVSPropertyOp37
 70
     1
102
RTVSPropertyOp38
 70
     1
102
RTVSPropertyOp39
 70
     1
102
RTVSPropertyOp40
 70
     1
102
RTVSPropertyOp41
 70
     1
102
RTVSPropertyOp42
 70
     1
102
RTVSPropertyOp43
 70
     1
102
RTVSPropertyOp44
 70
     1
102
RTVSPropertyOp45
 70
     1
102
RTVSPropertyOp46
 70
     1
102
RTVSPropertyOp47
 70
     1
102
RTVSPropertyOp48
 70
     1
102
RTVSPropertyOp49
 70
     1
102
RTVSPropertyOp50
 70
     1
102
RTVSPropertyOp51
 70
     0
102
RTVSPropertyOp52
 70
     0
102
RTVSPropertyOp53
 70
     1
102
RTVSPropertyOp54
 70
     1
102
RTVSPropertyOp55
 70
     1
102
RTVSPropertyOp56
 70
     1
102
RTVSPropertyOp57
 70
     1
102
RTVSPropertyOp58
 70
     1
102
RTVSPropertyOp59
 70
     1
102
RTVSPropertyOp60
 70
     1
102
RTVSPropertyOp61
 70
     1
102
RTVSPropertyOp62
 70
     1
  0
XRECORD
  5
BDC
102
{ACAD_REACTORS
330
BDB
102
}
330
BDB
100
AcDbXrecord
280
     1
102
RTVSPost2010Prop28
280
     0
102
RTVSPost2010PropOp28
 70
     1
102
RTVSPost2010Prop29
280
     1
102
RTVSPost2010PropOp29
 70
     1
102
RTVSPost2010Prop30
280
     1
102
RTVSPost2010PropOp30
 70
     1
102
RTVSPost2010Prop31
280
     0
102
RTVSPost2010PropOp31
 70
     1
102
RTVSPost2010Prop32
280
     0
102
RTVSPost2010PropOp32
 70
     1
102
RTVSPost2010Prop33
280
     0
102
RTVSPost2010PropOp33
 70
     1
102
RTVSPost2010Prop34
280
     0
102
RTVSPost2010PropOp34
 70
     1
102
RTVSPost2010Prop35
280
     0
102
RTVSPost2010PropOp35
 70
     1
102
RTVSPost2010Prop36
280
     0
102
RTVSPost2010PropOp36
 70
     1
102
RTVSPost2010Prop37
 90
       50
102
RTVSPost2010PropOp37
 70
     1
102
RTVSPost2010Prop38
140
0.0
102
RTVSPost2010PropOp38
 70
     1
102
RTVSPost2010Prop39
140
1.0
102
RTVSPost2010PropOp39
 70
     1
102
RTVSPost2010Prop40
 90
        0
102
RTVSPost2010PropOp40
 70
     1
102
RTVSPost2010Prop41ColorIndex
 90
       18
102
RTVSPost2010Prop41ColorRGB
 90
        0
102
RTVSPost2010PropOp41
 70
     1
102
RTVSPost2010Prop42
 90
       50
102
RTVSPost2010PropOp42
 70
     1
102
RTVSPost2010Prop43
 90
        3
102
RTVSPost2010PropOp43
 70
     1
102
RTVSPost2010Prop44ColorIndex
 90
        5
102
RTVSPost2010Prop44ColorRGB
 90
      255
102
RTVSPost2010PropOp44
 70
     1
102
RTVSPost2010Prop45
280
     0
102
RTVSPost2010PropOp45
 70
     1
102
RTVSPost2010Prop46
 90
       50
102
RTVSPost2010PropOp46
 70
     1
102
RTVSPost2010Prop47
 90
       50
102
RTVSPost2010PropOp47
 70
     1
102
RTVSPost2010Prop48
 90
       50
102
RTVSPost2010PropOp48
 70
     1
102
RTVSPost2010Prop49
280
     0
102
RTVSPost2010PropOp49
 70
     1
102
RTVSPost2010Prop50
 90
       50
102
RTVSPost2010PropOp50
 70
     1
102
RTVSPost2010Prop51ColorIndex
 90
      256
102
RTVSPost2010Prop51ColorRGB
 90
-16777216
102
RTVSPost2010PropOp51
 70
     0
102
RTVSPost2010Prop52
140
1.0
102
RTVSPost2010PropOp52
 70
     0
102
RTVSPost2010Prop53
 90
        2
102
RTVSPost2010PropOp53
 70
     1
102
RTVSPost2010Prop54
  1
strokes_ogs.tif
102
RTVSPost2010PropOp54
 70
     1
102
RTVSPost2010Prop55
280
     0
102
RTVSPost2010PropOp55
 70
     1
102
RTVSPost2010Prop56
140
1.0
102
RTVSPost2010PropOp56
 70
     1
102
RTVSPost2010Prop57
140
1.0
102
RTVSPost2010PropOp57
 70
     1
102
RTVSPropertyOp0
 70
     1
102
RTVSPropertyOp1
 70
     1
102
RTVSPropertyOp2
 70
     1
102
RTVSPropertyOp3
 70
     1
102
RTVSPropertyOp4
 70
     1
102
RTVSPropertyOp5
 70
     1
102
RTVSPropertyOp6
 70
     1
102
RTVSPropertyOp7
 70
     1
102
RTVSPropertyOp8
 70
     1
102
RTVSPropertyOp9
 70
     1
102
RTVSPropertyOp10
 70
     1
102
RTVSPropertyOp11
 70
     1
102
RTVSPropertyOp12
 70
     1
102
RTVSPropertyOp13
 70
     1
102
RTVSPropertyOp14
 70
     1
102
RTVSPropertyOp15
 70
     1
102
RTVSPropertyOp16
 70
     1
102
RTVSPropertyOp17
 70
     1
102
RTVSPropertyOp18
 70
     1
102
RTVSPropertyOp19
 70
     1
102
RTVSPropertyOp20
 70
     1
102
RTVSPropertyOp21
 70
     1
102
RTVSPropertyOp22
 70
     1
102
RTVSPropertyOp23
 70
     1
102
RTVSPropertyOp24
 70
     1
102
RTVSPropertyOp25
 70
     1
102
RTVSPropertyOp26
 70
     1
102
RTVSPropertyOp27
 70
     1
102
RTVSPropertyOp28
 70
     1
102
RTVSPropertyOp29
 70
     1
102
RTVSPropertyOp30
 70
     1
102
RTVSPropertyOp31
 70
     1
102
RTVSPropertyOp32
 70
     1
102
RTVSPropertyOp33
 70
     1
102
RTVSPropertyOp34
 70
     1
102
RTVSPropertyOp35
 70
     1
102
RTVSPropertyOp36
 70
     1
102
RTVSPropertyOp37
 70
     1
102
RTVSPropertyOp38
 70
     1
102
RTVSPropertyOp39
 70
     1
102
RTVSPropertyOp40
 70
     1
102
RTVSPropertyOp41
 70
     1
102
RTVSPropertyOp42
 70
     1
102
RTVSPropertyOp43
 70
     1
102
RTVSPropertyOp44
 70
     1
102
RTVSPropertyOp45
 70
     1
102
RTVSPropertyOp46
 70
     1
102
RTVSPropertyOp47
 70
     1
102
RTVSPropertyOp48
 70
     1
102
RTVSPropertyOp49
 70
     1
102
RTVSPropertyOp50
 70
     1
102
RTVSPropertyOp51
 70
     0
102
RTVSPropertyOp52
 70
     0
102
RTVSPropertyOp53
 70
     1
102
RTVSPropertyOp54
 70
     1
102
RTVSPropertyOp55
 70
     1
102
RTVSPropertyOp56
 70
     1
102
RTVSPropertyOp57
 70
     1
102
RTVSPropertyOp58
 70
     1
102
RTVSPropertyOp59
 70
     1
102
RTVSPropertyOp60
 70
     1
102
RTVSPropertyOp61
 70
     1
102
RTVSPropertyOp62
 70
     1
  0
XRECORD
  5
BCE
102
{ACAD_REACTORS
330
BCD
102
}
330
BCD
100
AcDbXrecord
280
     1
102
RTVSPost2010Prop28
280
     0
102
RTVSPost2010PropOp28
 70
     1
102
RTVSPost2010Prop29
280
     1
102
RTVSPost2010PropOp29
 70
     1
102
RTVSPost2010Prop30
280
     1
102
RTVSPost2010PropOp30
 70
     1
102
RTVSPost2010Prop31
280
     0
102
RTVSPost2010PropOp31
 70
     1
102
RTVSPost2010Prop32
280
     0
102
RTVSPost2010PropOp32
 70
     1
102
RTVSPost2010Prop33
280
     0
102
RTVSPost2010PropOp33
 70
     1
102
RTVSPost2010Prop34
280
     0
102
RTVSPost2010PropOp34
 70
     1
102
RTVSPost2010Prop35
280
     0
102
RTVSPost2010PropOp35
 70
     1
102
RTVSPost2010Prop36
280
     0
102
RTVSPost2010PropOp36
 70
     1
102
RTVSPost2010Prop37
 90
       50
102
RTVSPost2010PropOp37
 70
     1
102
RTVSPost2010Prop38
140
0.0
102
RTVSPost2010PropOp38
 70
     1
102
RTVSPost2010Prop39
140
1.0
102
RTVSPost2010PropOp39
 70
     1
102
RTVSPost2010Prop40
 90
        0
102
RTVSPost2010PropOp40
 70
     1
102
RTVSPost2010Prop41ColorIndex
 90
       18
102
RTVSPost2010Prop41ColorRGB
 90
        0
102
RTVSPost2010PropOp41
 70
     1
102
RTVSPost2010Prop42
 90
       50
102
RTVSPost2010PropOp42
 70
     1
102
RTVSPost2010Prop43
 90
        3
102
RTVSPost2010PropOp43
 70
     1
102
RTVSPost2010Prop44ColorIndex
 90
        5
102
RTVSPost2010Prop44ColorRGB
 90
      255
102
RTVSPost2010PropOp44
 70
     1
102
RTVSPost2010Prop45
280
     0
102
RTVSPost2010PropOp45
 70
     1
102
RTVSPost2010Prop46
 90
       50
102
RTVSPost2010PropOp46
 70
     1
102
RTVSPost2010Prop47
 90
       50
102
RTVSPost2010PropOp47
 70
     1
102
RTVSPost2010Prop48
 90
       50
102
RTVSPost2010PropOp48
 70
     1
102
RTVSPost2010Prop49
280
     0
102
RTVSPost2010PropOp49
 70
     1
102
RTVSPost2010Prop50
 90
       50
102
RTVSPost2010PropOp50
 70
     1
102
RTVSPost2010Prop51ColorIndex
 90
      256
102
RTVSPost2010Prop51ColorRGB
 90
-16777216
102
RTVSPost2010PropOp51
 70
     0
102
RTVSPost2010Prop52
140
1.0
102
RTVSPost2010PropOp52
 70
     0
102
RTVSPost2010Prop53
 90
        2
102
RTVSPost2010PropOp53
 70
     1
102
RTVSPost2010Prop54
  1
strokes_ogs.tif
102
RTVSPost2010PropOp54
 70
     1
102
RTVSPost2010Prop55
280
     0
102
RTVSPost2010PropOp55
 70
     1
102
RTVSPost2010Prop56
140
1.0
102
RTVSPost2010PropOp56
 70
     1
102
RTVSPost2010Prop57
140
1.0
102
RTVSPost2010PropOp57
 70
     1
102
RTVSPropertyOp0
 70
     1
102
RTVSPropertyOp1
 70
     1
102
RTVSPropertyOp2
 70
     1
102
RTVSPropertyOp3
 70
     1
102
RTVSPropertyOp4
 70
     1
102
RTVSPropertyOp5
 70
     1
102
RTVSPropertyOp6
 70
     1
102
RTVSPropertyOp7
 70
     1
102
RTVSPropertyOp8
 70
     1
102
RTVSPropertyOp9
 70
     1
102
RTVSPropertyOp10
 70
     1
102
RTVSPropertyOp11
 70
     1
102
RTVSPropertyOp12
 70
     1
102
RTVSPropertyOp13
 70
     1
102
RTVSPropertyOp14
 70
     1
102
RTVSPropertyOp15
 70
     1
102
RTVSPropertyOp16
 70
     1
102
RTVSPropertyOp17
 70
     1
102
RTVSPropertyOp18
 70
     1
102
RTVSPropertyOp19
 70
     1
102
RTVSPropertyOp20
 70
     1
102
RTVSPropertyOp21
 70
     1
102
RTVSPropertyOp22
 70
     1
102
RTVSPropertyOp23
 70
     1
102
RTVSPropertyOp24
 70
     1
102
RTVSPropertyOp25
 70
     1
102
RTVSPropertyOp26
 70
     1
102
RTVSPropertyOp27
 70
     1
102
RTVSPropertyOp28
 70
     1
102
RTVSPropertyOp29
 70
     1
102
RTVSPropertyOp30
 70
     1
102
RTVSPropertyOp31
 70
     1
102
RTVSPropertyOp32
 70
     1
102
RTVSPropertyOp33
 70
     1
102
RTVSPropertyOp34
 70
     1
102
RTVSPropertyOp35
 70
     1
102
RTVSPropertyOp36
 70
     1
102
RTVSPropertyOp37
 70
     1
102
RTVSPropertyOp38
 70
     1
102
RTVSPropertyOp39
 70
     1
102
RTVSPropertyOp40
 70
     1
102
RTVSPropertyOp41
 70
     1
102
RTVSPropertyOp42
 70
     1
102
RTVSPropertyOp43
 70
     1
102
RTVSPropertyOp44
 70
     1
102
RTVSPropertyOp45
 70
     1
102
RTVSPropertyOp46
 70
     1
102
RTVSPropertyOp47
 70
     1
102
RTVSPropertyOp48
 70
     1
102
RTVSPropertyOp49
 70
     1
102
RTVSPropertyOp50
 70
     1
102
RTVSPropertyOp51
 70
     0
102
RTVSPropertyOp52
 70
     0
102
RTVSPropertyOp53
 70
     1
102
RTVSPropertyOp54
 70
     1
102
RTVSPropertyOp55
 70
     1
102
RTVSPropertyOp56
 70
     1
102
RTVSPropertyOp57
 70
     1
102
RTVSPropertyOp58
 70
     1
102
RTVSPropertyOp59
 70
     1
102
RTVSPropertyOp60
 70
     1
102
RTVSPropertyOp61
 70
     1
102
RTVSPropertyOp62
 70
     1
  0
XRECORD
  5
BD2
102
{ACAD_REACTORS
330
BD1
102
}
330
BD1
100
AcDbXrecord
280
     1
102
RTVSPost2010Prop28
280
     0
102
RTVSPost2010PropOp28
 70
     1
102
RTVSPost2010Prop29
280
     1
102
RTVSPost2010PropOp29
 70
     1
102
RTVSPost2010Prop30
280
     1
102
RTVSPost2010PropOp30
 70
     1
102
RTVSPost2010Prop31
280
     0
102
RTVSPost2010PropOp31
 70
     1
102
RTVSPost2010Prop32
280
     0
102
RTVSPost2010PropOp32
 70
     1
102
RTVSPost2010Prop33
280
     0
102
RTVSPost2010PropOp33
 70
     1
102
RTVSPost2010Prop34
280
     0
102
RTVSPost2010PropOp34
 70
     1
102
RTVSPost2010Prop35
280
     0
102
RTVSPost2010PropOp35
 70
     1
102
RTVSPost2010Prop36
280
     0
102
RTVSPost2010PropOp36
 70
     1
102
RTVSPost2010Prop37
 90
       50
102
RTVSPost2010PropOp37
 70
     1
102
RTVSPost2010Prop38
140
0.0
102
RTVSPost2010PropOp38
 70
     1
102
RTVSPost2010Prop39
140
1.0
102
RTVSPost2010PropOp39
 70
     1
102
RTVSPost2010Prop40
 90
        0
102
RTVSPost2010PropOp40
 70
     1
102
RTVSPost2010Prop41ColorIndex
 90
       18
102
RTVSPost2010Prop41ColorRGB
 90
        0
102
RTVSPost2010PropOp41
 70
     1
102
RTVSPost2010Prop42
 90
       50
102
RTVSPost2010PropOp42
 70
     1
102
RTVSPost2010Prop43
 90
        3
102
RTVSPost2010PropOp43
 70
     1
102
RTVSPost2010Prop44ColorIndex
 90
        5
102
RTVSPost2010Prop44ColorRGB
 90
      255
102
RTVSPost2010PropOp44
 70
     1
102
RTVSPost2010Prop45
280
     0
102
RTVSPost2010PropOp45
 70
     1
102
RTVSPost2010Prop46
 90
       50
102
RTVSPost2010PropOp46
 70
     1
102
RTVSPost2010Prop47
 90
       50
102
RTVSPost2010PropOp47
 70
     1
102
RTVSPost2010Prop48
 90
       50
102
RTVSPost2010PropOp48
 70
     1
102
RTVSPost2010Prop49
280
     0
102
RTVSPost2010PropOp49
 70
     1
102
RTVSPost2010Prop50
 90
       50
102
RTVSPost2010PropOp50
 70
     1
102
RTVSPost2010Prop51ColorIndex
 90
      256
102
RTVSPost2010Prop51ColorRGB
 90
-16777216
102
RTVSPost2010PropOp51
 70
     0
102
RTVSPost2010Prop52
140
1.0
102
RTVSPost2010PropOp52
 70
     0
102
RTVSPost2010Prop53
 90
        2
102
RTVSPost2010PropOp53
 70
     1
102
RTVSPost2010Prop54
  1
strokes_ogs.tif
102
RTVSPost2010PropOp54
 70
     1
102
RTVSPost2010Prop55
280
     0
102
RTVSPost2010PropOp55
 70
     1
102
RTVSPost2010Prop56
140
1.0
102
RTVSPost2010PropOp56
 70
     1
102
RTVSPost2010Prop57
140
1.0
102
RTVSPost2010PropOp57
 70
     1
102
RTVSPropertyOp0
 70
     1
102
RTVSPropertyOp1
 70
     1
102
RTVSPropertyOp2
 70
     1
102
RTVSPropertyOp3
 70
     1
102
RTVSPropertyOp4
 70
     1
102
RTVSPropertyOp5
 70
     1
102
RTVSPropertyOp6
 70
     1
102
RTVSPropertyOp7
 70
     1
102
RTVSPropertyOp8
 70
     1
102
RTVSPropertyOp9
 70
     1
102
RTVSPropertyOp10
 70
     1
102
RTVSPropertyOp11
 70
     1
102
RTVSPropertyOp12
 70
     1
102
RTVSPropertyOp13
 70
     1
102
RTVSPropertyOp14
 70
     1
102
RTVSPropertyOp15
 70
     1
102
RTVSPropertyOp16
 70
     1
102
RTVSPropertyOp17
 70
     1
102
RTVSPropertyOp18
 70
     1
102
RTVSPropertyOp19
 70
     1
102
RTVSPropertyOp20
 70
     1
102
RTVSPropertyOp21
 70
     1
102
RTVSPropertyOp22
 70
     1
102
RTVSPropertyOp23
 70
     1
102
RTVSPropertyOp24
 70
     1
102
RTVSPropertyOp25
 70
     1
102
RTVSPropertyOp26
 70
     1
102
RTVSPropertyOp27
 70
     1
102
RTVSPropertyOp28
 70
     1
102
RTVSPropertyOp29
 70
     1
102
RTVSPropertyOp30
 70
     1
102
RTVSPropertyOp31
 70
     1
102
RTVSPropertyOp32
 70
     1
102
RTVSPropertyOp33
 70
     1
102
RTVSPropertyOp34
 70
     1
102
RTVSPropertyOp35
 70
     1
102
RTVSPropertyOp36
 70
     1
102
RTVSPropertyOp37
 70
     1
102
RTVSPropertyOp38
 70
     1
102
RTVSPropertyOp39
 70
     1
102
RTVSPropertyOp40
 70
     1
102
RTVSPropertyOp41
 70
     1
102
RTVSPropertyOp42
 70
     1
102
RTVSPropertyOp43
 70
     1
102
RTVSPropertyOp44
 70
     1
102
RTVSPropertyOp45
 70
     1
102
RTVSPropertyOp46
 70
     1
102
RTVSPropertyOp47
 70
     1
102
RTVSPropertyOp48
 70
     1
102
RTVSPropertyOp49
 70
     1
102
RTVSPropertyOp50
 70
     1
102
RTVSPropertyOp51
 70
     0
102
RTVSPropertyOp52
 70
     0
102
RTVSPropertyOp53
 70
     1
102
RTVSPropertyOp54
 70
     1
102
RTVSPropertyOp55
 70
     1
102
RTVSPropertyOp56
 70
     1
102
RTVSPropertyOp57
 70
     1
102
RTVSPropertyOp58
 70
     1
102
RTVSPropertyOp59
 70
     1
102
RTVSPropertyOp60
 70
     1
102
RTVSPropertyOp61
 70
     1
102
RTVSPropertyOp62
 70
     1
  0
XRECORD
  5
BEC
102
{ACAD_REACTORS
330
BEB
102
}
330
BEB
100
AcDbXrecord
280
     1
102
RTVSPost2010Prop28
280
     0
102
RTVSPost2010PropOp28
 70
     1
102
RTVSPost2010Prop29
280
     1
102
RTVSPost2010PropOp29
 70
     1
102
RTVSPost2010Prop30
280
     1
102
RTVSPost2010PropOp30
 70
     1
102
RTVSPost2010Prop31
280
     0
102
RTVSPost2010PropOp31
 70
     1
102
RTVSPost2010Prop32
280
     0
102
RTVSPost2010PropOp32
 70
     1
102
RTVSPost2010Prop33
280
     0
102
RTVSPost2010PropOp33
 70
     1
102
RTVSPost2010Prop34
280
     0
102
RTVSPost2010PropOp34
 70
     1
102
RTVSPost2010Prop35
280
     0
102
RTVSPost2010PropOp35
 70
     1
102
RTVSPost2010Prop36
280
     0
102
RTVSPost2010PropOp36
 70
     1
102
RTVSPost2010Prop37
 90
       50
102
RTVSPost2010PropOp37
 70
     0
102
RTVSPost2010Prop38
140
0.0
102
RTVSPost2010PropOp38
 70
     0
102
RTVSPost2010Prop39
140
1.0
102
RTVSPost2010PropOp39
 70
     0
102
RTVSPost2010Prop40
 90
        0
102
RTVSPost2010PropOp40
 70
     0
102
RTVSPost2010Prop41ColorIndex
 90
       18
102
RTVSPost2010Prop41ColorRGB
 90
        0
102
RTVSPost2010PropOp41
 70
     0
102
RTVSPost2010Prop42
 90
       50
102
RTVSPost2010PropOp42
 70
     0
102
RTVSPost2010Prop43
 90
        3
102
RTVSPost2010PropOp43
 70
     0
102
RTVSPost2010Prop44ColorIndex
 90
        5
102
RTVSPost2010Prop44ColorRGB
 90
      255
102
RTVSPost2010PropOp44
 70
     0
102
RTVSPost2010Prop45
280
     0
102
RTVSPost2010PropOp45
 70
     1
102
RTVSPost2010Prop46
 90
       50
102
RTVSPost2010PropOp46
 70
     0
102
RTVSPost2010Prop47
 90
       50
102
RTVSPost2010PropOp47
 70
     0
102
RTVSPost2010Prop48
 90
       50
102
RTVSPost2010PropOp48
 70
     0
102
RTVSPost2010Prop49
280
     0
102
RTVSPost2010PropOp49
 70
     1
102
RTVSPost2010Prop50
 90
       50
102
RTVSPost2010PropOp50
 70
     0
102
RTVSPost2010Prop51ColorIndex
 90
      256
102
RTVSPost2010Prop51ColorRGB
 90
-16777216
102
RTVSPost2010PropOp51
 70
     0
102
RTVSPost2010Prop52
140
1.0
102
RTVSPost2010PropOp52
 70
     0
102
RTVSPost2010Prop53
 90
        2
102
RTVSPost2010PropOp53
 70
     0
102
RTVSPost2010Prop54
  1
strokes_ogs.tif
102
RTVSPost2010PropOp54
 70
     0
102
RTVSPost2010Prop55
280
     0
102
RTVSPost2010PropOp55
 70
     1
102
RTVSPost2010Prop56
140
1.0
102
RTVSPost2010PropOp56
 70
     0
102
RTVSPost2010Prop57
140
1.0
102
RTVSPost2010PropOp57
 70
     0
102
RTVSPropertyOp0
 70
     0
102
RTVSPropertyOp1
 70
     0
102
RTVSPropertyOp2
 70
     0
102
RTVSPropertyOp3
 70
     0
102
RTVSPropertyOp4
 70
     0
102
RTVSPropertyOp5
 70
     0
102
RTVSPropertyOp6
 70
     0
102
RTVSPropertyOp7
 70
     0
102
RTVSPropertyOp8
 70
     0
102
RTVSPropertyOp9
 70
     0
102
RTVSPropertyOp10
 70
     0
102
RTVSPropertyOp11
 70
     0
102
RTVSPropertyOp12
 70
     0
102
RTVSPropertyOp13
 70
     0
102
RTVSPropertyOp14
 70
     2
102
RTVSPropertyOp15
 70
     0
102
RTVSPropertyOp16
 70
     0
102
RTVSPropertyOp17
 70
     0
102
RTVSPropertyOp18
 70
     0
102
RTVSPropertyOp19
 70
     0
102
RTVSPropertyOp20
 70
     0
102
RTVSPropertyOp21
 70
     0
102
RTVSPropertyOp22
 70
     0
102
RTVSPropertyOp23
 70
     0
102
RTVSPropertyOp24
 70
     0
102
RTVSPropertyOp25
 70
     0
102
RTVSPropertyOp26
 70
     0
102
RTVSPropertyOp27
 70
     0
102
RTVSPropertyOp28
 70
     1
102
RTVSPropertyOp29
 70
     1
102
RTVSPropertyOp30
 70
     1
102
RTVSPropertyOp31
 70
     1
102
RTVSPropertyOp32
 70
     1
102
RTVSPropertyOp33
 70
     1
102
RTVSPropertyOp34
 70
     1
102
RTVSPropertyOp35
 70
     1
102
RTVSPropertyOp36
 70
     1
102
RTVSPropertyOp37
 70
     0
102
RTVSPropertyOp38
 70
     0
102
RTVSPropertyOp39
 70
     0
102
RTVSPropertyOp40
 70
     0
102
RTVSPropertyOp41
 70
     0
102
RTVSPropertyOp42
 70
     0
102
RTVSPropertyOp43
 70
     0
102
RTVSPropertyOp44
 70
     0
102
RTVSPropertyOp45
 70
     1
102
RTVSPropertyOp46
 70
     0
102
RTVSPropertyOp47
 70
     0
102
RTVSPropertyOp48
 70
     0
102
RTVSPropertyOp49
 70
     1
102
RTVSPropertyOp50
 70
     0
102
RTVSPropertyOp51
 70
     0
102
RTVSPropertyOp52
 70
     0
102
RTVSPropertyOp53
 70
     0
102
RTVSPropertyOp54
 70
     0
102
RTVSPropertyOp55
 70
     1
102
RTVSPropertyOp56
 70
     0
102
RTVSPropertyOp57
 70
     0
102
RTVSPropertyOp58
 70
     0
102
RTVSPropertyOp59
 70
     0
102
RTVSPropertyOp60
 70
     0
102
RTVSPropertyOp61
 70
     0
102
RTVSPropertyOp62
 70
     0
  0
XRECORD
  5
BDA
102
{ACAD_REACTORS
330
BD9
102
}
330
BD9
100
AcDbXrecord
280
     1
102
RTVSPost2010Prop28
280
     0
102
RTVSPost2010PropOp28
 70
     1
102
RTVSPost2010Prop29
280
     1
102
RTVSPost2010PropOp29
 70
     1
102
RTVSPost2010Prop30
280
     1
102
RTVSPost2010PropOp30
 70
     1
102
RTVSPost2010Prop31
280
     0
102
RTVSPost2010PropOp31
 70
     1
102
RTVSPost2010Prop32
280
     0
102
RTVSPost2010PropOp32
 70
     1
102
RTVSPost2010Prop33
280
     0
102
RTVSPost2010PropOp33
 70
     1
102
RTVSPost2010Prop34
280
     0
102
RTVSPost2010PropOp34
 70
     1
102
RTVSPost2010Prop35
280
     0
102
RTVSPost2010PropOp35
 70
     1
102
RTVSPost2010Prop36
280
     0
102
RTVSPost2010PropOp36
 70
     1
102
RTVSPost2010Prop37
 90
       50
102
RTVSPost2010PropOp37
 70
     1
102
RTVSPost2010Prop38
140
0.0
102
RTVSPost2010PropOp38
 70
     1
102
RTVSPost2010Prop39
140
1.0
102
RTVSPost2010PropOp39
 70
     1
102
RTVSPost2010Prop40
 90
        0
102
RTVSPost2010PropOp40
 70
     1
102
RTVSPost2010Prop41ColorIndex
 90
       18
102
RTVSPost2010Prop41ColorRGB
 90
        0
102
RTVSPost2010PropOp41
 70
     1
102
RTVSPost2010Prop42
 90
       50
102
RTVSPost2010PropOp42
 70
     1
102
RTVSPost2010Prop43
 90
        3
102
RTVSPost2010PropOp43
 70
     1
102
RTVSPost2010Prop44ColorIndex
 90
        5
102
RTVSPost2010Prop44ColorRGB
 90
      255
102
RTVSPost2010PropOp44
 70
     1
102
RTVSPost2010Prop45
280
     0
102
RTVSPost2010PropOp45
 70
     1
102
RTVSPost2010Prop46
 90
       50
102
RTVSPost2010PropOp46
 70
     1
102
RTVSPost2010Prop47
 90
       50
102
RTVSPost2010PropOp47
 70
     1
102
RTVSPost2010Prop48
 90
       50
102
RTVSPost2010PropOp48
 70
     1
102
RTVSPost2010Prop49
280
     0
102
RTVSPost2010PropOp49
 70
     1
102
RTVSPost2010Prop50
 90
       50
102
RTVSPost2010PropOp50
 70
     1
102
RTVSPost2010Prop51ColorIndex
 90
      256
102
RTVSPost2010Prop51ColorRGB
 90
-16777216
102
RTVSPost2010PropOp51
 70
     0
102
RTVSPost2010Prop52
140
1.0
102
RTVSPost2010PropOp52
 70
     0
102
RTVSPost2010Prop53
 90
        2
102
RTVSPost2010PropOp53
 70
     1
102
RTVSPost2010Prop54
  1
strokes_ogs.tif
102
RTVSPost2010PropOp54
 70
     1
102
RTVSPost2010Prop55
280
     0
102
RTVSPost2010PropOp55
 70
     1
102
RTVSPost2010Prop56
140
1.0
102
RTVSPost2010PropOp56
 70
     1
102
RTVSPost2010Prop57
140
1.0
102
RTVSPost2010PropOp57
 70
     1
102
RTVSPropertyOp0
 70
     1
102
RTVSPropertyOp1
 70
     1
102
RTVSPropertyOp2
 70
     1
102
RTVSPropertyOp3
 70
     1
102
RTVSPropertyOp4
 70
     1
102
RTVSPropertyOp5
 70
     1
102
RTVSPropertyOp6
 70
     1
102
RTVSPropertyOp7
 70
     1
102
RTVSPropertyOp8
 70
     1
102
RTVSPropertyOp9
 70
     1
102
RTVSPropertyOp10
 70
     1
102
RTVSPropertyOp11
 70
     1
102
RTVSPropertyOp12
 70
     1
102
RTVSPropertyOp13
 70
     1
102
RTVSPropertyOp14
 70
     1
102
RTVSPropertyOp15
 70
     1
102
RTVSPropertyOp16
 70
     1
102
RTVSPropertyOp17
 70
     1
102
RTVSPropertyOp18
 70
     1
102
RTVSPropertyOp19
 70
     1
102
RTVSPropertyOp20
 70
     1
102
RTVSPropertyOp21
 70
     1
102
RTVSPropertyOp22
 70
     1
102
RTVSPropertyOp23
 70
     1
102
RTVSPropertyOp24
 70
     1
102
RTVSPropertyOp25
 70
     1
102
RTVSPropertyOp26
 70
     1
102
RTVSPropertyOp27
 70
     1
102
RTVSPropertyOp28
 70
     1
102
RTVSPropertyOp29
 70
     1
102
RTVSPropertyOp30
 70
     1
102
RTVSPropertyOp31
 70
     1
102
RTVSPropertyOp32
 70
     1
102
RTVSPropertyOp33
 70
     1
102
RTVSPropertyOp34
 70
     1
102
RTVSPropertyOp35
 70
     1
102
RTVSPropertyOp36
 70
     1
102
RTVSPropertyOp37
 70
     1
102
RTVSPropertyOp38
 70
     1
102
RTVSPropertyOp39
 70
     1
102
RTVSPropertyOp40
 70
     1
102
RTVSPropertyOp41
 70
     1
102
RTVSPropertyOp42
 70
     1
102
RTVSPropertyOp43
 70
     1
102
RTVSPropertyOp44
 70
     1
102
RTVSPropertyOp45
 70
     1
102
RTVSPropertyOp46
 70
     1
102
RTVSPropertyOp47
 70
     1
102
RTVSPropertyOp48
 70
     1
102
RTVSPropertyOp49
 70
     1
102
RTVSPropertyOp50
 70
     1
102
RTVSPropertyOp51
 70
     0
102
RTVSPropertyOp52
 70
     0
102
RTVSPropertyOp53
 70
     1
102
RTVSPropertyOp54
 70
     1
102
RTVSPropertyOp55
 70
     1
102
RTVSPropertyOp56
 70
     1
102
RTVSPropertyOp57
 70
     1
102
RTVSPropertyOp58
 70
     1
102
RTVSPropertyOp59
 70
     1
102
RTVSPropertyOp60
 70
     1
102
RTVSPropertyOp61
 70
     1
102
RTVSPropertyOp62
 70
     1
  0
XRECORD
  5
BBE
102
{ACAD_REACTORS
330
BBD
102
}
330
BBD
100
AcDbXrecord
280
     1
102
RTVSPost2010Prop28
280
     0
102
RTVSPost2010PropOp28
 70
     1
102
RTVSPost2010Prop29
280
     1
102
RTVSPost2010PropOp29
 70
     1
102
RTVSPost2010Prop30
280
     1
102
RTVSPost2010PropOp30
 70
     1
102
RTVSPost2010Prop31
280
     0
102
RTVSPost2010PropOp31
 70
     1
102
RTVSPost2010Prop32
280
     0
102
RTVSPost2010PropOp32
 70
     1
102
RTVSPost2010Prop33
280
     0
102
RTVSPost2010PropOp33
 70
     1
102
RTVSPost2010Prop34
280
     0
102
RTVSPost2010PropOp34
 70
     1
102
RTVSPost2010Prop35
280
     0
102
RTVSPost2010PropOp35
 70
     1
102
RTVSPost2010Prop36
280
     0
102
RTVSPost2010PropOp36
 70
     1
102
RTVSPost2010Prop37
 90
       50
102
RTVSPost2010PropOp37
 70
     1
102
RTVSPost2010Prop38
140
0.0
102
RTVSPost2010PropOp38
 70
     1
102
RTVSPost2010Prop39
140
1.0
102
RTVSPost2010PropOp39
 70
     1
102
RTVSPost2010Prop40
 90
        0
102
RTVSPost2010PropOp40
 70
     1
102
RTVSPost2010Prop41ColorIndex
 90
       18
102
RTVSPost2010Prop41ColorRGB
 90
        0
102
RTVSPost2010PropOp41
 70
     1
102
RTVSPost2010Prop42
 90
       50
102
RTVSPost2010PropOp42
 70
     1
102
RTVSPost2010Prop43
 90
        3
102
RTVSPost2010PropOp43
 70
     1
102
RTVSPost2010Prop44ColorIndex
 90
        5
102
RTVSPost2010Prop44ColorRGB
 90
      255
102
RTVSPost2010PropOp44
 70
     1
102
RTVSPost2010Prop45
280
     0
102
RTVSPost2010PropOp45
 70
     1
102
RTVSPost2010Prop46
 90
       50
102
RTVSPost2010PropOp46
 70
     1
102
RTVSPost2010Prop47
 90
       50
102
RTVSPost2010PropOp47
 70
     1
102
RTVSPost2010Prop48
 90
       50
102
RTVSPost2010PropOp48
 70
     1
102
RTVSPost2010Prop49
280
     0
102
RTVSPost2010PropOp49
 70
     1
102
RTVSPost2010Prop50
 90
       50
102
RTVSPost2010PropOp50
 70
     1
102
RTVSPost2010Prop51ColorIndex
 90
      256
102
RTVSPost2010Prop51ColorRGB
 90
-16777216
102
RTVSPost2010PropOp51
 70
     0
102
RTVSPost2010Prop52
140
1.0
102
RTVSPost2010PropOp52
 70
     0
102
RTVSPost2010Prop53
 90
        2
102
RTVSPost2010PropOp53
 70
     1
102
RTVSPost2010Prop54
  1
strokes_ogs.tif
102
RTVSPost2010PropOp54
 70
     1
102
RTVSPost2010Prop55
280
     0
102
RTVSPost2010PropOp55
 70
     1
102
RTVSPost2010Prop56
140
1.0
102
RTVSPost2010PropOp56
 70
     1
102
RTVSPost2010Prop57
140
1.0
102
RTVSPost2010PropOp57
 70
     1
102
RTVSPropertyOp0
 70
     1
102
RTVSPropertyOp1
 70
     1
102
RTVSPropertyOp2
 70
     1
102
RTVSPropertyOp3
 70
     1
102
RTVSPropertyOp4
 70
     1
102
RTVSPropertyOp5
 70
     1
102
RTVSPropertyOp6
 70
     1
102
RTVSPropertyOp7
 70
     1
102
RTVSPropertyOp8
 70
     1
102
RTVSPropertyOp9
 70
     1
102
RTVSPropertyOp10
 70
     1
102
RTVSPropertyOp11
 70
     1
102
RTVSPropertyOp12
 70
     1
102
RTVSPropertyOp13
 70
     1
102
RTVSPropertyOp14
 70
     1
102
RTVSPropertyOp15
 70
     1
102
RTVSPropertyOp16
 70
     1
102
RTVSPropertyOp17
 70
     1
102
RTVSPropertyOp18
 70
     1
102
RTVSPropertyOp19
 70
     1
102
RTVSPropertyOp20
 70
     1
102
RTVSPropertyOp21
 70
     1
102
RTVSPropertyOp22
 70
     1
102
RTVSPropertyOp23
 70
     1
102
RTVSPropertyOp24
 70
     1
102
RTVSPropertyOp25
 70
     1
102
RTVSPropertyOp26
 70
     1
102
RTVSPropertyOp27
 70
     1
102
RTVSPropertyOp28
 70
     1
102
RTVSPropertyOp29
 70
     1
102
RTVSPropertyOp30
 70
     1
102
RTVSPropertyOp31
 70
     1
102
RTVSPropertyOp32
 70
     1
102
RTVSPropertyOp33
 70
     1
102
RTVSPropertyOp34
 70
     1
102
RTVSPropertyOp35
 70
     1
102
RTVSPropertyOp36
 70
     1
102
RTVSPropertyOp37
 70
     1
102
RTVSPropertyOp38
 70
     1
102
RTVSPropertyOp39
 70
     1
102
RTVSPropertyOp40
 70
     1
102
RTVSPropertyOp41
 70
     1
102
RTVSPropertyOp42
 70
     1
102
RTVSPropertyOp43
 70
     1
102
RTVSPropertyOp44
 70
     1
102
RTVSPropertyOp45
 70
     1
102
RTVSPropertyOp46
 70
     1
102
RTVSPropertyOp47
 70
     1
102
RTVSPropertyOp48
 70
     1
102
RTVSPropertyOp49
 70
     1
102
RTVSPropertyOp50
 70
     1
102
RTVSPropertyOp51
 70
     0
102
RTVSPropertyOp52
 70
     0
102
RTVSPropertyOp53
 70
     1
102
RTVSPropertyOp54
 70
     1
102
RTVSPropertyOp55
 70
     1
102
RTVSPropertyOp56
 70
     1
102
RTVSPropertyOp57
 70
     1
102
RTVSPropertyOp58
 70
     1
102
RTVSPropertyOp59
 70
     1
102
RTVSPropertyOp60
 70
     1
102
RTVSPropertyOp61
 70
     1
102
RTVSPropertyOp62
 70
     1
  0
XRECORD
  5
BC0
102
{ACAD_REACTORS
330
BBF
102
}
330
BBF
100
AcDbXrecord
280
     1
102
RTVSPost2010Prop28
280
     0
102
RTVSPost2010PropOp28
 70
     1
102
RTVSPost2010Prop29
280
     1
102
RTVSPost2010PropOp29
 70
     1
102
RTVSPost2010Prop30
280
     1
102
RTVSPost2010PropOp30
 70
     1
102
RTVSPost2010Prop31
280
     0
102
RTVSPost2010PropOp31
 70
     1
102
RTVSPost2010Prop32
280
     0
102
RTVSPost2010PropOp32
 70
     1
102
RTVSPost2010Prop33
280
     0
102
RTVSPost2010PropOp33
 70
     1
102
RTVSPost2010Prop34
280
     0
102
RTVSPost2010PropOp34
 70
     1
102
RTVSPost2010Prop35
280
     0
102
RTVSPost2010PropOp35
 70
     1
102
RTVSPost2010Prop36
280
     0
102
RTVSPost2010PropOp36
 70
     1
102
RTVSPost2010Prop37
 90
       50
102
RTVSPost2010PropOp37
 70
     1
102
RTVSPost2010Prop38
140
0.0
102
RTVSPost2010PropOp38
 70
     1
102
RTVSPost2010Prop39
140
1.0
102
RTVSPost2010PropOp39
 70
     1
102
RTVSPost2010Prop40
 90
        0
102
RTVSPost2010PropOp40
 70
     1
102
RTVSPost2010Prop41ColorIndex
 90
       18
102
RTVSPost2010Prop41ColorRGB
 90
        0
102
RTVSPost2010PropOp41
 70
     1
102
RTVSPost2010Prop42
 90
       50
102
RTVSPost2010PropOp42
 70
     1
102
RTVSPost2010Prop43
 90
        3
102
RTVSPost2010PropOp43
 70
     1
102
RTVSPost2010Prop44ColorIndex
 90
        5
102
RTVSPost2010Prop44ColorRGB
 90
      255
102
RTVSPost2010PropOp44
 70
     1
102
RTVSPost2010Prop45
280
     0
102
RTVSPost2010PropOp45
 70
     1
102
RTVSPost2010Prop46
 90
       50
102
RTVSPost2010PropOp46
 70
     1
102
RTVSPost2010Prop47
 90
       50
102
RTVSPost2010PropOp47
 70
     1
102
RTVSPost2010Prop48
 90
       50
102
RTVSPost2010PropOp48
 70
     1
102
RTVSPost2010Prop49
280
     0
102
RTVSPost2010PropOp49
 70
     1
102
RTVSPost2010Prop50
 90
       50
102
RTVSPost2010PropOp50
 70
     1
102
RTVSPost2010Prop51ColorIndex
 90
      256
102
RTVSPost2010Prop51ColorRGB
 90
-16777216
102
RTVSPost2010PropOp51
 70
     0
102
RTVSPost2010Prop52
140
1.0
102
RTVSPost2010PropOp52
 70
     0
102
RTVSPost2010Prop53
 90
        2
102
RTVSPost2010PropOp53
 70
     1
102
RTVSPost2010Prop54
  1
strokes_ogs.tif
102
RTVSPost2010PropOp54
 70
     1
102
RTVSPost2010Prop55
280
     0
102
RTVSPost2010PropOp55
 70
     1
102
RTVSPost2010Prop56
140
1.0
102
RTVSPost2010PropOp56
 70
     1
102
RTVSPost2010Prop57
140
1.0
102
RTVSPost2010PropOp57
 70
     1
102
RTVSPropertyOp0
 70
     1
102
RTVSPropertyOp1
 70
     1
102
RTVSPropertyOp2
 70
     1
102
RTVSPropertyOp3
 70
     1
102
RTVSPropertyOp4
 70
     1
102
RTVSPropertyOp5
 70
     1
102
RTVSPropertyOp6
 70
     1
102
RTVSPropertyOp7
 70
     1
102
RTVSPropertyOp8
 70
     1
102
RTVSPropertyOp9
 70
     1
102
RTVSPropertyOp10
 70
     1
102
RTVSPropertyOp11
 70
     1
102
RTVSPropertyOp12
 70
     1
102
RTVSPropertyOp13
 70
     1
102
RTVSPropertyOp14
 70
     1
102
RTVSPropertyOp15
 70
     1
102
RTVSPropertyOp16
 70
     1
102
RTVSPropertyOp17
 70
     1
102
RTVSPropertyOp18
 70
     1
102
RTVSPropertyOp19
 70
     1
102
RTVSPropertyOp20
 70
     1
102
RTVSPropertyOp21
 70
     1
102
RTVSPropertyOp22
 70
     1
102
RTVSPropertyOp23
 70
     1
102
RTVSPropertyOp24
 70
     1
102
RTVSPropertyOp25
 70
     1
102
RTVSPropertyOp26
 70
     1
102
RTVSPropertyOp27
 70
     1
102
RTVSPropertyOp28
 70
     1
102
RTVSPropertyOp29
 70
     1
102
RTVSPropertyOp30
 70
     1
102
RTVSPropertyOp31
 70
     1
102
RTVSPropertyOp32
 70
     1
102
RTVSPropertyOp33
 70
     1
102
RTVSPropertyOp34
 70
     1
102
RTVSPropertyOp35
 70
     1
102
RTVSPropertyOp36
 70
     1
102
RTVSPropertyOp37
 70
     1
102
RTVSPropertyOp38
 70
     1
102
RTVSPropertyOp39
 70
     1
102
RTVSPropertyOp40
 70
     1
102
RTVSPropertyOp41
 70
     1
102
RTVSPropertyOp42
 70
     1
102
RTVSPropertyOp43
 70
     1
102
RTVSPropertyOp44
 70
     1
102
RTVSPropertyOp45
 70
     1
102
RTVSPropertyOp46
 70
     1
102
RTVSPropertyOp47
 70
     1
102
RTVSPropertyOp48
 70
     1
102
RTVSPropertyOp49
 70
     1
102
RTVSPropertyOp50
 70
     1
102
RTVSPropertyOp51
 70
     0
102
RTVSPropertyOp52
 70
     0
102
RTVSPropertyOp53
 70
     1
102
RTVSPropertyOp54
 70
     1
102
RTVSPropertyOp55
 70
     1
102
RTVSPropertyOp56
 70
     1
102
RTVSPropertyOp57
 70
     1
102
RTVSPropertyOp58
 70
     1
102
RTVSPropertyOp59
 70
     1
102
RTVSPropertyOp60
 70
     1
102
RTVSPropertyOp61
 70
     1
102
RTVSPropertyOp62
 70
     1
  0
XRECORD
  5
BC2
102
{ACAD_REACTORS
330
BC1
102
}
330
BC1
100
AcDbXrecord
280
     1
102
RTVSPost2010Prop28
280
     0
102
RTVSPost2010PropOp28
 70
     1
102
RTVSPost2010Prop29
280
     1
102
RTVSPost2010PropOp29
 70
     1
102
RTVSPost2010Prop30
280
     1
102
RTVSPost2010PropOp30
 70
     1
102
RTVSPost2010Prop31
280
     0
102
RTVSPost2010PropOp31
 70
     1
102
RTVSPost2010Prop32
280
     0
102
RTVSPost2010PropOp32
 70
     1
102
RTVSPost2010Prop33
280
     0
102
RTVSPost2010PropOp33
 70
     1
102
RTVSPost2010Prop34
280
     0
102
RTVSPost2010PropOp34
 70
     1
102
RTVSPost2010Prop35
280
     0
102
RTVSPost2010PropOp35
 70
     1
102
RTVSPost2010Prop36
280
     0
102
RTVSPost2010PropOp36
 70
     1
102
RTVSPost2010Prop37
 90
       50
102
RTVSPost2010PropOp37
 70
     1
102
RTVSPost2010Prop38
140
0.0
102
RTVSPost2010PropOp38
 70
     1
102
RTVSPost2010Prop39
140
1.0
102
RTVSPost2010PropOp39
 70
     1
102
RTVSPost2010Prop40
 90
        0
102
RTVSPost2010PropOp40
 70
     1
102
RTVSPost2010Prop41ColorIndex
 90
       18
102
RTVSPost2010Prop41ColorRGB
 90
        0
102
RTVSPost2010PropOp41
 70
     1
102
RTVSPost2010Prop42
 90
       50
102
RTVSPost2010PropOp42
 70
     1
102
RTVSPost2010Prop43
 90
        3
102
RTVSPost2010PropOp43
 70
     1
102
RTVSPost2010Prop44ColorIndex
 90
        5
102
RTVSPost2010Prop44ColorRGB
 90
      255
102
RTVSPost2010PropOp44
 70
     1
102
RTVSPost2010Prop45
280
     0
102
RTVSPost2010PropOp45
 70
     1
102
RTVSPost2010Prop46
 90
       50
102
RTVSPost2010PropOp46
 70
     1
102
RTVSPost2010Prop47
 90
       50
102
RTVSPost2010PropOp47
 70
     1
102
RTVSPost2010Prop48
 90
       50
102
RTVSPost2010PropOp48
 70
     1
102
RTVSPost2010Prop49
280
     0
102
RTVSPost2010PropOp49
 70
     1
102
RTVSPost2010Prop50
 90
       50
102
RTVSPost2010PropOp50
 70
     1
102
RTVSPost2010Prop51ColorIndex
 90
      256
102
RTVSPost2010Prop51ColorRGB
 90
-16777216
102
RTVSPost2010PropOp51
 70
     0
102
RTVSPost2010Prop52
140
1.0
102
RTVSPost2010PropOp52
 70
     0
102
RTVSPost2010Prop53
 90
        2
102
RTVSPost2010PropOp53
 70
     1
102
RTVSPost2010Prop54
  1
strokes_ogs.tif
102
RTVSPost2010PropOp54
 70
     1
102
RTVSPost2010Prop55
280
     0
102
RTVSPost2010PropOp55
 70
     1
102
RTVSPost2010Prop56
140
1.0
102
RTVSPost2010PropOp56
 70
     1
102
RTVSPost2010Prop57
140
1.0
102
RTVSPost2010PropOp57
 70
     1
102
RTVSPropertyOp0
 70
     1
102
RTVSPropertyOp1
 70
     1
102
RTVSPropertyOp2
 70
     1
102
RTVSPropertyOp3
 70
     1
102
RTVSPropertyOp4
 70
     1
102
RTVSPropertyOp5
 70
     1
102
RTVSPropertyOp6
 70
     1
102
RTVSPropertyOp7
 70
     1
102
RTVSPropertyOp8
 70
     1
102
RTVSPropertyOp9
 70
     1
102
RTVSPropertyOp10
 70
     1
102
RTVSPropertyOp11
 70
     1
102
RTVSPropertyOp12
 70
     1
102
RTVSPropertyOp13
 70
     1
102
RTVSPropertyOp14
 70
     1
102
RTVSPropertyOp15
 70
     1
102
RTVSPropertyOp16
 70
     1
102
RTVSPropertyOp17
 70
     1
102
RTVSPropertyOp18
 70
     1
102
RTVSPropertyOp19
 70
     1
102
RTVSPropertyOp20
 70
     1
102
RTVSPropertyOp21
 70
     1
102
RTVSPropertyOp22
 70
     1
102
RTVSPropertyOp23
 70
     1
102
RTVSPropertyOp24
 70
     1
102
RTVSPropertyOp25
 70
     1
102
RTVSPropertyOp26
 70
     1
102
RTVSPropertyOp27
 70
     1
102
RTVSPropertyOp28
 70
     1
102
RTVSPropertyOp29
 70
     1
102
RTVSPropertyOp30
 70
     1
102
RTVSPropertyOp31
 70
     1
102
RTVSPropertyOp32
 70
     1
102
RTVSPropertyOp33
 70
     1
102
RTVSPropertyOp34
 70
     1
102
RTVSPropertyOp35
 70
     1
102
RTVSPropertyOp36
 70
     1
102
RTVSPropertyOp37
 70
     1
102
RTVSPropertyOp38
 70
     1
102
RTVSPropertyOp39
 70
     1
102
RTVSPropertyOp40
 70
     1
102
RTVSPropertyOp41
 70
     1
102
RTVSPropertyOp42
 70
     1
102
RTVSPropertyOp43
 70
     1
102
RTVSPropertyOp44
 70
     1
102
RTVSPropertyOp45
 70
     1
102
RTVSPropertyOp46
 70
     1
102
RTVSPropertyOp47
 70
     1
102
RTVSPropertyOp48
 70
     1
102
RTVSPropertyOp49
 70
     1
102
RTVSPropertyOp50
 70
     1
102
RTVSPropertyOp51
 70
     0
102
RTVSPropertyOp52
 70
     0
102
RTVSPropertyOp53
 70
     1
102
RTVSPropertyOp54
 70
     1
102
RTVSPropertyOp55
 70
     1
102
RTVSPropertyOp56
 70
     1
102
RTVSPropertyOp57
 70
     1
102
RTVSPropertyOp58
 70
     1
102
RTVSPropertyOp59
 70
     1
102
RTVSPropertyOp60
 70
     1
102
RTVSPropertyOp61
 70
     1
102
RTVSPropertyOp62
 70
     1
  0
XRECORD
  5
BC4
102
{ACAD_REACTORS
330
BC3
102
}
330
BC3
100
AcDbXrecord
280
     1
102
RTVSPost2010Prop28
280
     0
102
RTVSPost2010PropOp28
 70
     1
102
RTVSPost2010Prop29
280
     1
102
RTVSPost2010PropOp29
 70
     1
102
RTVSPost2010Prop30
280
     1
102
RTVSPost2010PropOp30
 70
     1
102
RTVSPost2010Prop31
280
     0
102
RTVSPost2010PropOp31
 70
     1
102
RTVSPost2010Prop32
280
     0
102
RTVSPost2010PropOp32
 70
     1
102
RTVSPost2010Prop33
280
     0
102
RTVSPost2010PropOp33
 70
     1
102
RTVSPost2010Prop34
280
     0
102
RTVSPost2010PropOp34
 70
     1
102
RTVSPost2010Prop35
280
     0
102
RTVSPost2010PropOp35
 70
     1
102
RTVSPost2010Prop36
280
     0
102
RTVSPost2010PropOp36
 70
     1
102
RTVSPost2010Prop37
 90
       50
102
RTVSPost2010PropOp37
 70
     1
102
RTVSPost2010Prop38
140
0.0
102
RTVSPost2010PropOp38
 70
     1
102
RTVSPost2010Prop39
140
1.0
102
RTVSPost2010PropOp39
 70
     1
102
RTVSPost2010Prop40
 90
        0
102
RTVSPost2010PropOp40
 70
     1
102
RTVSPost2010Prop41ColorIndex
 90
       18
102
RTVSPost2010Prop41ColorRGB
 90
        0
102
RTVSPost2010PropOp41
 70
     1
102
RTVSPost2010Prop42
 90
       50
102
RTVSPost2010PropOp42
 70
     1
102
RTVSPost2010Prop43
 90
        3
102
RTVSPost2010PropOp43
 70
     1
102
RTVSPost2010Prop44ColorIndex
 90
        5
102
RTVSPost2010Prop44ColorRGB
 90
      255
102
RTVSPost2010PropOp44
 70
     1
102
RTVSPost2010Prop45
280
     0
102
RTVSPost2010PropOp45
 70
     1
102
RTVSPost2010Prop46
 90
       50
102
RTVSPost2010PropOp46
 70
     1
102
RTVSPost2010Prop47
 90
       50
102
RTVSPost2010PropOp47
 70
     1
102
RTVSPost2010Prop48
 90
       50
102
RTVSPost2010PropOp48
 70
     1
102
RTVSPost2010Prop49
280
     0
102
RTVSPost2010PropOp49
 70
     1
102
RTVSPost2010Prop50
 90
       50
102
RTVSPost2010PropOp50
 70
     1
102
RTVSPost2010Prop51ColorIndex
 90
      256
102
RTVSPost2010Prop51ColorRGB
 90
-16777216
102
RTVSPost2010PropOp51
 70
     0
102
RTVSPost2010Prop52
140
1.0
102
RTVSPost2010PropOp52
 70
     0
102
RTVSPost2010Prop53
 90
        2
102
RTVSPost2010PropOp53
 70
     1
102
RTVSPost2010Prop54
  1
strokes_ogs.tif
102
RTVSPost2010PropOp54
 70
     1
102
RTVSPost2010Prop55
280
     0
102
RTVSPost2010PropOp55
 70
     1
102
RTVSPost2010Prop56
140
1.0
102
RTVSPost2010PropOp56
 70
     1
102
RTVSPost2010Prop57
140
1.0
102
RTVSPost2010PropOp57
 70
     1
102
RTVSPropertyOp0
 70
     1
102
RTVSPropertyOp1
 70
     1
102
RTVSPropertyOp2
 70
     1
102
RTVSPropertyOp3
 70
     1
102
RTVSPropertyOp4
 70
     1
102
RTVSPropertyOp5
 70
     1
102
RTVSPropertyOp6
 70
     1
102
RTVSPropertyOp7
 70
     1
102
RTVSPropertyOp8
 70
     1
102
RTVSPropertyOp9
 70
     1
102
RTVSPropertyOp10
 70
     1
102
RTVSPropertyOp11
 70
     1
102
RTVSPropertyOp12
 70
     1
102
RTVSPropertyOp13
 70
     1
102
RTVSPropertyOp14
 70
     1
102
RTVSPropertyOp15
 70
     1
102
RTVSPropertyOp16
 70
     1
102
RTVSPropertyOp17
 70
     1
102
RTVSPropertyOp18
 70
     1
102
RTVSPropertyOp19
 70
     1
102
RTVSPropertyOp20
 70
     1
102
RTVSPropertyOp21
 70
     1
102
RTVSPropertyOp22
 70
     1
102
RTVSPropertyOp23
 70
     1
102
RTVSPropertyOp24
 70
     1
102
RTVSPropertyOp25
 70
     1
102
RTVSPropertyOp26
 70
     1
102
RTVSPropertyOp27
 70
     1
102
RTVSPropertyOp28
 70
     1
102
RTVSPropertyOp29
 70
     1
102
RTVSPropertyOp30
 70
     1
102
RTVSPropertyOp31
 70
     1
102
RTVSPropertyOp32
 70
     1
102
RTVSPropertyOp33
 70
     1
102
RTVSPropertyOp34
 70
     1
102
RTVSPropertyOp35
 70
     1
102
RTVSPropertyOp36
 70
     1
102
RTVSPropertyOp37
 70
     1
102
RTVSPropertyOp38
 70
     1
102
RTVSPropertyOp39
 70
     1
102
RTVSPropertyOp40
 70
     1
102
RTVSPropertyOp41
 70
     1
102
RTVSPropertyOp42
 70
     1
102
RTVSPropertyOp43
 70
     1
102
RTVSPropertyOp44
 70
     1
102
RTVSPropertyOp45
 70
     1
102
RTVSPropertyOp46
 70
     1
102
RTVSPropertyOp47
 70
     1
102
RTVSPropertyOp48
 70
     1
102
RTVSPropertyOp49
 70
     1
102
RTVSPropertyOp50
 70
     1
102
RTVSPropertyOp51
 70
     0
102
RTVSPropertyOp52
 70
     0
102
RTVSPropertyOp53
 70
     1
102
RTVSPropertyOp54
 70
     1
102
RTVSPropertyOp55
 70
     1
102
RTVSPropertyOp56
 70
     1
102
RTVSPropertyOp57
 70
     1
102
RTVSPropertyOp58
 70
     1
102
RTVSPropertyOp59
 70
     1
102
RTVSPropertyOp60
 70
     1
102
RTVSPropertyOp61
 70
     1
102
RTVSPropertyOp62
 70
     1
  0
XRECORD
  5
BCC
102
{ACAD_REACTORS
330
BCB
102
}
330
BCB
100
AcDbXrecord
280
     1
102
RTVSPost2010Prop28
280
     0
102
RTVSPost2010PropOp28
 70
     1
102
RTVSPost2010Prop29
280
     1
102
RTVSPost2010PropOp29
 70
     1
102
RTVSPost2010Prop30
280
     1
102
RTVSPost2010PropOp30
 70
     1
102
RTVSPost2010Prop31
280
     0
102
RTVSPost2010PropOp31
 70
     1
102
RTVSPost2010Prop32
280
     0
102
RTVSPost2010PropOp32
 70
     1
102
RTVSPost2010Prop33
280
     0
102
RTVSPost2010PropOp33
 70
     1
102
RTVSPost2010Prop34
280
     0
102
RTVSPost2010PropOp34
 70
     1
102
RTVSPost2010Prop35
280
     0
102
RTVSPost2010PropOp35
 70
     1
102
RTVSPost2010Prop36
280
     0
102
RTVSPost2010PropOp36
 70
     1
102
RTVSPost2010Prop37
 90
       50
102
RTVSPost2010PropOp37
 70
     1
102
RTVSPost2010Prop38
140
0.0
102
RTVSPost2010PropOp38
 70
     1
102
RTVSPost2010Prop39
140
1.0
102
RTVSPost2010PropOp39
 70
     1
102
RTVSPost2010Prop40
 90
        0
102
RTVSPost2010PropOp40
 70
     1
102
RTVSPost2010Prop41ColorIndex
 90
       18
102
RTVSPost2010Prop41ColorRGB
 90
        0
102
RTVSPost2010PropOp41
 70
     1
102
RTVSPost2010Prop42
 90
       50
102
RTVSPost2010PropOp42
 70
     1
102
RTVSPost2010Prop43
 90
        3
102
RTVSPost2010PropOp43
 70
     1
102
RTVSPost2010Prop44ColorIndex
 90
        5
102
RTVSPost2010Prop44ColorRGB
 90
      255
102
RTVSPost2010PropOp44
 70
     1
102
RTVSPost2010Prop45
280
     0
102
RTVSPost2010PropOp45
 70
     1
102
RTVSPost2010Prop46
 90
       50
102
RTVSPost2010PropOp46
 70
     1
102
RTVSPost2010Prop47
 90
       50
102
RTVSPost2010PropOp47
 70
     1
102
RTVSPost2010Prop48
 90
       50
102
RTVSPost2010PropOp48
 70
     1
102
RTVSPost2010Prop49
280
     0
102
RTVSPost2010PropOp49
 70
     1
102
RTVSPost2010Prop50
 90
       50
102
RTVSPost2010PropOp50
 70
     1
102
RTVSPost2010Prop51ColorIndex
 90
      256
102
RTVSPost2010Prop51ColorRGB
 90
-16777216
102
RTVSPost2010PropOp51
 70
     0
102
RTVSPost2010Prop52
140
1.0
102
RTVSPost2010PropOp52
 70
     0
102
RTVSPost2010Prop53
 90
        2
102
RTVSPost2010PropOp53
 70
     1
102
RTVSPost2010Prop54
  1
strokes_ogs.tif
102
RTVSPost2010PropOp54
 70
     1
102
RTVSPost2010Prop55
280
     0
102
RTVSPost2010PropOp55
 70
     1
102
RTVSPost2010Prop56
140
1.0
102
RTVSPost2010PropOp56
 70
     1
102
RTVSPost2010Prop57
140
1.0
102
RTVSPost2010PropOp57
 70
     1
102
RTVSPropertyOp0
 70
     1
102
RTVSPropertyOp1
 70
     1
102
RTVSPropertyOp2
 70
     1
102
RTVSPropertyOp3
 70
     1
102
RTVSPropertyOp4
 70
     1
102
RTVSPropertyOp5
 70
     1
102
RTVSPropertyOp6
 70
     1
102
RTVSPropertyOp7
 70
     1
102
RTVSPropertyOp8
 70
     1
102
RTVSPropertyOp9
 70
     1
102
RTVSPropertyOp10
 70
     1
102
RTVSPropertyOp11
 70
     1
102
RTVSPropertyOp12
 70
     1
102
RTVSPropertyOp13
 70
     1
102
RTVSPropertyOp14
 70
     1
102
RTVSPropertyOp15
 70
     1
102
RTVSPropertyOp16
 70
     1
102
RTVSPropertyOp17
 70
     1
102
RTVSPropertyOp18
 70
     1
102
RTVSPropertyOp19
 70
     1
102
RTVSPropertyOp20
 70
     1
102
RTVSPropertyOp21
 70
     1
102
RTVSPropertyOp22
 70
     1
102
RTVSPropertyOp23
 70
     1
102
RTVSPropertyOp24
 70
     1
102
RTVSPropertyOp25
 70
     1
102
RTVSPropertyOp26
 70
     1
102
RTVSPropertyOp27
 70
     1
102
RTVSPropertyOp28
 70
     1
102
RTVSPropertyOp29
 70
     1
102
RTVSPropertyOp30
 70
     1
102
RTVSPropertyOp31
 70
     1
102
RTVSPropertyOp32
 70
     1
102
RTVSPropertyOp33
 70
     1
102
RTVSPropertyOp34
 70
     1
102
RTVSPropertyOp35
 70
     1
102
RTVSPropertyOp36
 70
     1
102
RTVSPropertyOp37
 70
     1
102
RTVSPropertyOp38
 70
     1
102
RTVSPropertyOp39
 70
     1
102
RTVSPropertyOp40
 70
     1
102
RTVSPropertyOp41
 70
     1
102
RTVSPropertyOp42
 70
     1
102
RTVSPropertyOp43
 70
     1
102
RTVSPropertyOp44
 70
     1
102
RTVSPropertyOp45
 70
     1
102
RTVSPropertyOp46
 70
     1
102
RTVSPropertyOp47
 70
     1
102
RTVSPropertyOp48
 70
     1
102
RTVSPropertyOp49
 70
     1
102
RTVSPropertyOp50
 70
     1
102
RTVSPropertyOp51
 70
     0
102
RTVSPropertyOp52
 70
     0
102
RTVSPropertyOp53
 70
     1
102
RTVSPropertyOp54
 70
     1
102
RTVSPropertyOp55
 70
     1
102
RTVSPropertyOp56
 70
     1
102
RTVSPropertyOp57
 70
     1
102
RTVSPropertyOp58
 70
     1
102
RTVSPropertyOp59
 70
     1
102
RTVSPropertyOp60
 70
     1
102
RTVSPropertyOp61
 70
     1
102
RTVSPropertyOp62
 70
     1
  0
XRECORD
  5
BE8
102
{ACAD_REACTORS
330
BE7
102
}
330
BE7
100
AcDbXrecord
280
     1
102
RTVSPost2010Prop28
280
     0
102
RTVSPost2010PropOp28
 70
     1
102
RTVSPost2010Prop29
280
     1
102
RTVSPost2010PropOp29
 70
     1
102
RTVSPost2010Prop30
280
     1
102
RTVSPost2010PropOp30
 70
     1
102
RTVSPost2010Prop31
280
     0
102
RTVSPost2010PropOp31
 70
     1
102
RTVSPost2010Prop32
280
     0
102
RTVSPost2010PropOp32
 70
     1
102
RTVSPost2010Prop33
280
     0
102
RTVSPost2010PropOp33
 70
     1
102
RTVSPost2010Prop34
280
     0
102
RTVSPost2010PropOp34
 70
     1
102
RTVSPost2010Prop35
280
     0
102
RTVSPost2010PropOp35
 70
     1
102
RTVSPost2010Prop36
280
     0
102
RTVSPost2010PropOp36
 70
     1
102
RTVSPost2010Prop37
 90
       50
102
RTVSPost2010PropOp37
 70
     0
102
RTVSPost2010Prop38
140
0.0
102
RTVSPost2010PropOp38
 70
     0
102
RTVSPost2010Prop39
140
1.0
102
RTVSPost2010PropOp39
 70
     0
102
RTVSPost2010Prop40
 90
        0
102
RTVSPost2010PropOp40
 70
     0
102
RTVSPost2010Prop41ColorIndex
 90
       18
102
RTVSPost2010Prop41ColorRGB
 90
        0
102
RTVSPost2010PropOp41
 70
     0
102
RTVSPost2010Prop42
 90
       50
102
RTVSPost2010PropOp42
 70
     0
102
RTVSPost2010Prop43
 90
        3
102
RTVSPost2010PropOp43
 70
     0
102
RTVSPost2010Prop44ColorIndex
 90
        5
102
RTVSPost2010Prop44ColorRGB
 90
      255
102
RTVSPost2010PropOp44
 70
     0
102
RTVSPost2010Prop45
280
     0
102
RTVSPost2010PropOp45
 70
     1
102
RTVSPost2010Prop46
 90
       50
102
RTVSPost2010PropOp46
 70
     0
102
RTVSPost2010Prop47
 90
       50
102
RTVSPost2010PropOp47
 70
     0
102
RTVSPost2010Prop48
 90
       50
102
RTVSPost2010PropOp48
 70
     0
102
RTVSPost2010Prop49
280
     0
102
RTVSPost2010PropOp49
 70
     1
102
RTVSPost2010Prop50
 90
       50
102
RTVSPost2010PropOp50
 70
     0
102
RTVSPost2010Prop51ColorIndex
 90
      256
102
RTVSPost2010Prop51ColorRGB
 90
-16777216
102
RTVSPost2010PropOp51
 70
     0
102
RTVSPost2010Prop52
140
1.0
102
RTVSPost2010PropOp52
 70
     0
102
RTVSPost2010Prop53
 90
        2
102
RTVSPost2010PropOp53
 70
     0
102
RTVSPost2010Prop54
  1
strokes_ogs.tif
102
RTVSPost2010PropOp54
 70
     0
102
RTVSPost2010Prop55
280
     0
102
RTVSPost2010PropOp55
 70
     1
102
RTVSPost2010Prop56
140
1.0
102
RTVSPost2010PropOp56
 70
     0
102
RTVSPost2010Prop57
140
1.0
102
RTVSPost2010PropOp57
 70
     0
102
RTVSPropertyOp0
 70
     0
102
RTVSPropertyOp1
 70
     0
102
RTVSPropertyOp2
 70
     0
102
RTVSPropertyOp3
 70
     0
102
RTVSPropertyOp4
 70
     0
102
RTVSPropertyOp5
 70
     0
102
RTVSPropertyOp6
 70
     0
102
RTVSPropertyOp7
 70
     0
102
RTVSPropertyOp8
 70
     0
102
RTVSPropertyOp9
 70
     0
102
RTVSPropertyOp10
 70
     0
102
RTVSPropertyOp11
 70
     0
102
RTVSPropertyOp12
 70
     0
102
RTVSPropertyOp13
 70
     0
102
RTVSPropertyOp14
 70
     2
102
RTVSPropertyOp15
 70
     0
102
RTVSPropertyOp16
 70
     0
102
RTVSPropertyOp17
 70
     0
102
RTVSPropertyOp18
 70
     0
102
RTVSPropertyOp19
 70
     0
102
RTVSPropertyOp20
 70
     0
102
RTVSPropertyOp21
 70
     0
102
RTVSPropertyOp22
 70
     0
102
RTVSPropertyOp23
 70
     0
102
RTVSPropertyOp24
 70
     0
102
RTVSPropertyOp25
 70
     0
102
RTVSPropertyOp26
 70
     0
102
RTVSPropertyOp27
 70
     0
102
RTVSPropertyOp28
 70
     1
102
RTVSPropertyOp29
 70
     1
102
RTVSPropertyOp30
 70
     1
102
RTVSPropertyOp31
 70
     1
102
RTVSPropertyOp32
 70
     1
102
RTVSPropertyOp33
 70
     1
102
RTVSPropertyOp34
 70
     1
102
RTVSPropertyOp35
 70
     1
102
RTVSPropertyOp36
 70
     1
102
RTVSPropertyOp37
 70
     0
102
RTVSPropertyOp38
 70
     0
102
RTVSPropertyOp39
 70
     0
102
RTVSPropertyOp40
 70
     0
102
RTVSPropertyOp41
 70
     0
102
RTVSPropertyOp42
 70
     0
102
RTVSPropertyOp43
 70
     0
102
RTVSPropertyOp44
 70
     0
102
RTVSPropertyOp45
 70
     1
102
RTVSPropertyOp46
 70
     0
102
RTVSPropertyOp47
 70
     0
102
RTVSPropertyOp48
 70
     0
102
RTVSPropertyOp49
 70
     1
102
RTVSPropertyOp50
 70
     0
102
RTVSPropertyOp51
 70
     0
102
RTVSPropertyOp52
 70
     0
102
RTVSPropertyOp53
 70
     0
102
RTVSPropertyOp54
 70
     0
102
RTVSPropertyOp55
 70
     1
102
RTVSPropertyOp56
 70
     0
102
RTVSPropertyOp57
 70
     0
102
RTVSPropertyOp58
 70
     0
102
RTVSPropertyOp59
 70
     0
102
RTVSPropertyOp60
 70
     0
102
RTVSPropertyOp61
 70
     0
102
RTVSPropertyOp62
 70
     0
  0
XRECORD
  5
BD8
102
{ACAD_REACTORS
330
BD7
102
}
330
BD7
100
AcDbXrecord
280
     1
102
RTVSPost2010Prop28
280
     0
102
RTVSPost2010PropOp28
 70
     1
102
RTVSPost2010Prop29
280
     1
102
RTVSPost2010PropOp29
 70
     1
102
RTVSPost2010Prop30
280
     1
102
RTVSPost2010PropOp30
 70
     1
102
RTVSPost2010Prop31
280
     0
102
RTVSPost2010PropOp31
 70
     1
102
RTVSPost2010Prop32
280
     0
102
RTVSPost2010PropOp32
 70
     1
102
RTVSPost2010Prop33
280
     0
102
RTVSPost2010PropOp33
 70
     1
102
RTVSPost2010Prop34
280
     0
102
RTVSPost2010PropOp34
 70
     1
102
RTVSPost2010Prop35
280
     0
102
RTVSPost2010PropOp35
 70
     1
102
RTVSPost2010Prop36
280
     0
102
RTVSPost2010PropOp36
 70
     1
102
RTVSPost2010Prop37
 90
       50
102
RTVSPost2010PropOp37
 70
     1
102
RTVSPost2010Prop38
140
0.0
102
RTVSPost2010PropOp38
 70
     1
102
RTVSPost2010Prop39
140
1.0
102
RTVSPost2010PropOp39
 70
     1
102
RTVSPost2010Prop40
 90
        0
102
RTVSPost2010PropOp40
 70
     1
102
RTVSPost2010Prop41ColorIndex
 90
       18
102
RTVSPost2010Prop41ColorRGB
 90
        0
102
RTVSPost2010PropOp41
 70
     1
102
RTVSPost2010Prop42
 90
       50
102
RTVSPost2010PropOp42
 70
     1
102
RTVSPost2010Prop43
 90
        3
102
RTVSPost2010PropOp43
 70
     1
102
RTVSPost2010Prop44ColorIndex
 90
        5
102
RTVSPost2010Prop44ColorRGB
 90
      255
102
RTVSPost2010PropOp44
 70
     1
102
RTVSPost2010Prop45
280
     0
102
RTVSPost2010PropOp45
 70
     1
102
RTVSPost2010Prop46
 90
       50
102
RTVSPost2010PropOp46
 70
     1
102
RTVSPost2010Prop47
 90
       50
102
RTVSPost2010PropOp47
 70
     1
102
RTVSPost2010Prop48
 90
       50
102
RTVSPost2010PropOp48
 70
     1
102
RTVSPost2010Prop49
280
     0
102
RTVSPost2010PropOp49
 70
     1
102
RTVSPost2010Prop50
 90
       50
102
RTVSPost2010PropOp50
 70
     1
102
RTVSPost2010Prop51ColorIndex
 90
      256
102
RTVSPost2010Prop51ColorRGB
 90
-16777216
102
RTVSPost2010PropOp51
 70
     0
102
RTVSPost2010Prop52
140
1.0
102
RTVSPost2010PropOp52
 70
     0
102
RTVSPost2010Prop53
 90
        2
102
RTVSPost2010PropOp53
 70
     1
102
RTVSPost2010Prop54
  1
strokes_ogs.tif
102
RTVSPost2010PropOp54
 70
     1
102
RTVSPost2010Prop55
280
     0
102
RTVSPost2010PropOp55
 70
     1
102
RTVSPost2010Prop56
140
1.0
102
RTVSPost2010PropOp56
 70
     1
102
RTVSPost2010Prop57
140
1.0
102
RTVSPost2010PropOp57
 70
     1
102
RTVSPropertyOp0
 70
     1
102
RTVSPropertyOp1
 70
     1
102
RTVSPropertyOp2
 70
     1
102
RTVSPropertyOp3
 70
     1
102
RTVSPropertyOp4
 70
     1
102
RTVSPropertyOp5
 70
     1
102
RTVSPropertyOp6
 70
     1
102
RTVSPropertyOp7
 70
     1
102
RTVSPropertyOp8
 70
     1
102
RTVSPropertyOp9
 70
     1
102
RTVSPropertyOp10
 70
     1
102
RTVSPropertyOp11
 70
     1
102
RTVSPropertyOp12
 70
     1
102
RTVSPropertyOp13
 70
     1
102
RTVSPropertyOp14
 70
     1
102
RTVSPropertyOp15
 70
     1
102
RTVSPropertyOp16
 70
     1
102
RTVSPropertyOp17
 70
     1
102
RTVSPropertyOp18
 70
     1
102
RTVSPropertyOp19
 70
     1
102
RTVSPropertyOp20
 70
     1
102
RTVSPropertyOp21
 70
     1
102
RTVSPropertyOp22
 70
     1
102
RTVSPropertyOp23
 70
     1
102
RTVSPropertyOp24
 70
     1
102
RTVSPropertyOp25
 70
     1
102
RTVSPropertyOp26
 70
     1
102
RTVSPropertyOp27
 70
     1
102
RTVSPropertyOp28
 70
     1
102
RTVSPropertyOp29
 70
     1
102
RTVSPropertyOp30
 70
     1
102
RTVSPropertyOp31
 70
     1
102
RTVSPropertyOp32
 70
     1
102
RTVSPropertyOp33
 70
     1
102
RTVSPropertyOp34
 70
     1
102
RTVSPropertyOp35
 70
     1
102
RTVSPropertyOp36
 70
     1
102
RTVSPropertyOp37
 70
     1
102
RTVSPropertyOp38
 70
     1
102
RTVSPropertyOp39
 70
     1
102
RTVSPropertyOp40
 70
     1
102
RTVSPropertyOp41
 70
     1
102
RTVSPropertyOp42
 70
     1
102
RTVSPropertyOp43
 70
     1
102
RTVSPropertyOp44
 70
     1
102
RTVSPropertyOp45
 70
     1
102
RTVSPropertyOp46
 70
     1
102
RTVSPropertyOp47
 70
     1
102
RTVSPropertyOp48
 70
     1
102
RTVSPropertyOp49
 70
     1
102
RTVSPropertyOp50
 70
     1
102
RTVSPropertyOp51
 70
     0
102
RTVSPropertyOp52
 70
     0
102
RTVSPropertyOp53
 70
     1
102
RTVSPropertyOp54
 70
     1
102
RTVSPropertyOp55
 70
     1
102
RTVSPropertyOp56
 70
     1
102
RTVSPropertyOp57
 70
     1
102
RTVSPropertyOp58
 70
     1
102
RTVSPropertyOp59
 70
     1
102
RTVSPropertyOp60
 70
     1
102
RTVSPropertyOp61
 70
     1
102
RTVSPropertyOp62
 70
     1
  0
XRECORD
  5
BEA
102
{ACAD_REACTORS
330
BE9
102
}
330
BE9
100
AcDbXrecord
280
     1
102
RTVSPost2010Prop28
280
     0
102
RTVSPost2010PropOp28
 70
     1
102
RTVSPost2010Prop29
280
     1
102
RTVSPost2010PropOp29
 70
     1
102
RTVSPost2010Prop30
280
     1
102
RTVSPost2010PropOp30
 70
     1
102
RTVSPost2010Prop31
280
     0
102
RTVSPost2010PropOp31
 70
     1
102
RTVSPost2010Prop32
280
     0
102
RTVSPost2010PropOp32
 70
     1
102
RTVSPost2010Prop33
280
     0
102
RTVSPost2010PropOp33
 70
     1
102
RTVSPost2010Prop34
280
     0
102
RTVSPost2010PropOp34
 70
     1
102
RTVSPost2010Prop35
280
     0
102
RTVSPost2010PropOp35
 70
     1
102
RTVSPost2010Prop36
280
     0
102
RTVSPost2010PropOp36
 70
     1
102
RTVSPost2010Prop37
 90
       50
102
RTVSPost2010PropOp37
 70
     0
102
RTVSPost2010Prop38
140
0.0
102
RTVSPost2010PropOp38
 70
     0
102
RTVSPost2010Prop39
140
1.0
102
RTVSPost2010PropOp39
 70
     0
102
RTVSPost2010Prop40
 90
        0
102
RTVSPost2010PropOp40
 70
     0
102
RTVSPost2010Prop41ColorIndex
 90
       18
102
RTVSPost2010Prop41ColorRGB
 90
        0
102
RTVSPost2010PropOp41
 70
     0
102
RTVSPost2010Prop42
 90
       50
102
RTVSPost2010PropOp42
 70
     0
102
RTVSPost2010Prop43
 90
        3
102
RTVSPost2010PropOp43
 70
     0
102
RTVSPost2010Prop44ColorIndex
 90
        5
102
RTVSPost2010Prop44ColorRGB
 90
      255
102
RTVSPost2010PropOp44
 70
     0
102
RTVSPost2010Prop45
280
     0
102
RTVSPost2010PropOp45
 70
     1
102
RTVSPost2010Prop46
 90
       50
102
RTVSPost2010PropOp46
 70
     0
102
RTVSPost2010Prop47
 90
       50
102
RTVSPost2010PropOp47
 70
     0
102
RTVSPost2010Prop48
 90
       50
102
RTVSPost2010PropOp48
 70
     0
102
RTVSPost2010Prop49
280
     0
102
RTVSPost2010PropOp49
 70
     1
102
RTVSPost2010Prop50
 90
       50
102
RTVSPost2010PropOp50
 70
     0
102
RTVSPost2010Prop51ColorIndex
 90
      256
102
RTVSPost2010Prop51ColorRGB
 90
-16777216
102
RTVSPost2010PropOp51
 70
     0
102
RTVSPost2010Prop52
140
1.0
102
RTVSPost2010PropOp52
 70
     0
102
RTVSPost2010Prop53
 90
        2
102
RTVSPost2010PropOp53
 70
     0
102
RTVSPost2010Prop54
  1
strokes_ogs.tif
102
RTVSPost2010PropOp54
 70
     0
102
RTVSPost2010Prop55
280
     0
102
RTVSPost2010PropOp55
 70
     1
102
RTVSPost2010Prop56
140
1.0
102
RTVSPost2010PropOp56
 70
     0
102
RTVSPost2010Prop57
140
1.0
102
RTVSPost2010PropOp57
 70
     0
102
RTVSPropertyOp0
 70
     0
102
RTVSPropertyOp1
 70
     0
102
RTVSPropertyOp2
 70
     0
102
RTVSPropertyOp3
 70
     0
102
RTVSPropertyOp4
 70
     0
102
RTVSPropertyOp5
 70
     0
102
RTVSPropertyOp6
 70
     0
102
RTVSPropertyOp7
 70
     0
102
RTVSPropertyOp8
 70
     0
102
RTVSPropertyOp9
 70
     0
102
RTVSPropertyOp10
 70
     0
102
RTVSPropertyOp11
 70
     0
102
RTVSPropertyOp12
 70
     0
102
RTVSPropertyOp13
 70
     0
102
RTVSPropertyOp14
 70
     2
102
RTVSPropertyOp15
 70
     0
102
RTVSPropertyOp16
 70
     0
102
RTVSPropertyOp17
 70
     0
102
RTVSPropertyOp18
 70
     0
102
RTVSPropertyOp19
 70
     0
102
RTVSPropertyOp20
 70
     0
102
RTVSPropertyOp21
 70
     0
102
RTVSPropertyOp22
 70
     0
102
RTVSPropertyOp23
 70
     0
102
RTVSPropertyOp24
 70
     0
102
RTVSPropertyOp25
 70
     0
102
RTVSPropertyOp26
 70
     0
102
RTVSPropertyOp27
 70
     0
102
RTVSPropertyOp28
 70
     1
102
RTVSPropertyOp29
 70
     1
102
RTVSPropertyOp30
 70
     1
102
RTVSPropertyOp31
 70
     1
102
RTVSPropertyOp32
 70
     1
102
RTVSPropertyOp33
 70
     1
102
RTVSPropertyOp34
 70
     1
102
RTVSPropertyOp35
 70
     1
102
RTVSPropertyOp36
 70
     1
102
RTVSPropertyOp37
 70
     0
102
RTVSPropertyOp38
 70
     0
102
RTVSPropertyOp39
 70
     0
102
RTVSPropertyOp40
 70
     0
102
RTVSPropertyOp41
 70
     0
102
RTVSPropertyOp42
 70
     0
102
RTVSPropertyOp43
 70
     0
102
RTVSPropertyOp44
 70
     0
102
RTVSPropertyOp45
 70
     1
102
RTVSPropertyOp46
 70
     0
102
RTVSPropertyOp47
 70
     0
102
RTVSPropertyOp48
 70
     0
102
RTVSPropertyOp49
 70
     1
102
RTVSPropertyOp50
 70
     0
102
RTVSPropertyOp51
 70
     0
102
RTVSPropertyOp52
 70
     0
102
RTVSPropertyOp53
 70
     0
102
RTVSPropertyOp54
 70
     0
102
RTVSPropertyOp55
 70
     1
102
RTVSPropertyOp56
 70
     0
102
RTVSPropertyOp57
 70
     0
102
RTVSPropertyOp58
 70
     0
102
RTVSPropertyOp59
 70
     0
102
RTVSPropertyOp60
 70
     0
102
RTVSPropertyOp61
 70
     0
102
RTVSPropertyOp62
 70
     0
  0
XRECORD
  5
BD0
102
{ACAD_REACTORS
330
BCF
102
}
330
BCF
100
AcDbXrecord
280
     1
102
RTVSPost2010Prop28
280
     0
102
RTVSPost2010PropOp28
 70
     1
102
RTVSPost2010Prop29
280
     1
102
RTVSPost2010PropOp29
 70
     1
102
RTVSPost2010Prop30
280
     1
102
RTVSPost2010PropOp30
 70
     1
102
RTVSPost2010Prop31
280
     0
102
RTVSPost2010PropOp31
 70
     1
102
RTVSPost2010Prop32
280
     0
102
RTVSPost2010PropOp32
 70
     1
102
RTVSPost2010Prop33
280
     0
102
RTVSPost2010PropOp33
 70
     1
102
RTVSPost2010Prop34
280
     0
102
RTVSPost2010PropOp34
 70
     1
102
RTVSPost2010Prop35
280
     0
102
RTVSPost2010PropOp35
 70
     1
102
RTVSPost2010Prop36
280
     0
102
RTVSPost2010PropOp36
 70
     1
102
RTVSPost2010Prop37
 90
       50
102
RTVSPost2010PropOp37
 70
     1
102
RTVSPost2010Prop38
140
0.0
102
RTVSPost2010PropOp38
 70
     1
102
RTVSPost2010Prop39
140
1.0
102
RTVSPost2010PropOp39
 70
     1
102
RTVSPost2010Prop40
 90
        0
102
RTVSPost2010PropOp40
 70
     1
102
RTVSPost2010Prop41ColorIndex
 90
       18
102
RTVSPost2010Prop41ColorRGB
 90
        0
102
RTVSPost2010PropOp41
 70
     1
102
RTVSPost2010Prop42
 90
       50
102
RTVSPost2010PropOp42
 70
     1
102
RTVSPost2010Prop43
 90
        3
102
RTVSPost2010PropOp43
 70
     1
102
RTVSPost2010Prop44ColorIndex
 90
        5
102
RTVSPost2010Prop44ColorRGB
 90
      255
102
RTVSPost2010PropOp44
 70
     1
102
RTVSPost2010Prop45
280
     0
102
RTVSPost2010PropOp45
 70
     1
102
RTVSPost2010Prop46
 90
       50
102
RTVSPost2010PropOp46
 70
     1
102
RTVSPost2010Prop47
 90
       50
102
RTVSPost2010PropOp47
 70
     1
102
RTVSPost2010Prop48
 90
       50
102
RTVSPost2010PropOp48
 70
     1
102
RTVSPost2010Prop49
280
     0
102
RTVSPost2010PropOp49
 70
     1
102
RTVSPost2010Prop50
 90
       50
102
RTVSPost2010PropOp50
 70
     1
102
RTVSPost2010Prop51ColorIndex
 90
      256
102
RTVSPost2010Prop51ColorRGB
 90
-16777216
102
RTVSPost2010PropOp51
 70
     0
102
RTVSPost2010Prop52
140
1.0
102
RTVSPost2010PropOp52
 70
     0
102
RTVSPost2010Prop53
 90
        2
102
RTVSPost2010PropOp53
 70
     1
102
RTVSPost2010Prop54
  1
strokes_ogs.tif
102
RTVSPost2010PropOp54
 70
     1
102
RTVSPost2010Prop55
280
     0
102
RTVSPost2010PropOp55
 70
     1
102
RTVSPost2010Prop56
140
1.0
102
RTVSPost2010PropOp56
 70
     1
102
RTVSPost2010Prop57
140
1.0
102
RTVSPost2010PropOp57
 70
     1
102
RTVSPropertyOp0
 70
     1
102
RTVSPropertyOp1
 70
     1
102
RTVSPropertyOp2
 70
     1
102
RTVSPropertyOp3
 70
     1
102
RTVSPropertyOp4
 70
     1
102
RTVSPropertyOp5
 70
     1
102
RTVSPropertyOp6
 70
     1
102
RTVSPropertyOp7
 70
     1
102
RTVSPropertyOp8
 70
     1
102
RTVSPropertyOp9
 70
     1
102
RTVSPropertyOp10
 70
     1
102
RTVSPropertyOp11
 70
     1
102
RTVSPropertyOp12
 70
     1
102
RTVSPropertyOp13
 70
     1
102
RTVSPropertyOp14
 70
     1
102
RTVSPropertyOp15
 70
     1
102
RTVSPropertyOp16
 70
     1
102
RTVSPropertyOp17
 70
     1
102
RTVSPropertyOp18
 70
     1
102
RTVSPropertyOp19
 70
     1
102
RTVSPropertyOp20
 70
     1
102
RTVSPropertyOp21
 70
     1
102
RTVSPropertyOp22
 70
     1
102
RTVSPropertyOp23
 70
     1
102
RTVSPropertyOp24
 70
     1
102
RTVSPropertyOp25
 70
     1
102
RTVSPropertyOp26
 70
     1
102
RTVSPropertyOp27
 70
     1
102
RTVSPropertyOp28
 70
     1
102
RTVSPropertyOp29
 70
     1
102
RTVSPropertyOp30
 70
     1
102
RTVSPropertyOp31
 70
     1
102
RTVSPropertyOp32
 70
     1
102
RTVSPropertyOp33
 70
     1
102
RTVSPropertyOp34
 70
     1
102
RTVSPropertyOp35
 70
     1
102
RTVSPropertyOp36
 70
     1
102
RTVSPropertyOp37
 70
     1
102
RTVSPropertyOp38
 70
     1
102
RTVSPropertyOp39
 70
     1
102
RTVSPropertyOp40
 70
     1
102
RTVSPropertyOp41
 70
     1
102
RTVSPropertyOp42
 70
     1
102
RTVSPropertyOp43
 70
     1
102
RTVSPropertyOp44
 70
     1
102
RTVSPropertyOp45
 70
     1
102
RTVSPropertyOp46
 70
     1
102
RTVSPropertyOp47
 70
     1
102
RTVSPropertyOp48
 70
     1
102
RTVSPropertyOp49
 70
     1
102
RTVSPropertyOp50
 70
     1
102
RTVSPropertyOp51
 70
     0
102
RTVSPropertyOp52
 70
     0
102
RTVSPropertyOp53
 70
     1
102
RTVSPropertyOp54
 70
     1
102
RTVSPropertyOp55
 70
     1
102
RTVSPropertyOp56
 70
     1
102
RTVSPropertyOp57
 70
     1
102
RTVSPropertyOp58
 70
     1
102
RTVSPropertyOp59
 70
     1
102
RTVSPropertyOp60
 70
     1
102
RTVSPropertyOp61
 70
     1
102
RTVSPropertyOp62
 70
     1
  0
XRECORD
  5
BE6
102
{ACAD_REACTORS
330
BE5
102
}
330
BE5
100
AcDbXrecord
280
     1
102
RTVSPost2010Prop28
280
     0
102
RTVSPost2010PropOp28
 70
     1
102
RTVSPost2010Prop29
280
     1
102
RTVSPost2010PropOp29
 70
     1
102
RTVSPost2010Prop30
280
     1
102
RTVSPost2010PropOp30
 70
     1
102
RTVSPost2010Prop31
280
     0
102
RTVSPost2010PropOp31
 70
     1
102
RTVSPost2010Prop32
280
     0
102
RTVSPost2010PropOp32
 70
     1
102
RTVSPost2010Prop33
280
     0
102
RTVSPost2010PropOp33
 70
     1
102
RTVSPost2010Prop34
280
     0
102
RTVSPost2010PropOp34
 70
     1
102
RTVSPost2010Prop35
280
     0
102
RTVSPost2010PropOp35
 70
     1
102
RTVSPost2010Prop36
280
     0
102
RTVSPost2010PropOp36
 70
     1
102
RTVSPost2010Prop37
 90
       50
102
RTVSPost2010PropOp37
 70
     1
102
RTVSPost2010Prop38
140
0.0
102
RTVSPost2010PropOp38
 70
     1
102
RTVSPost2010Prop39
140
1.0
102
RTVSPost2010PropOp39
 70
     1
102
RTVSPost2010Prop40
 90
        0
102
RTVSPost2010PropOp40
 70
     1
102
RTVSPost2010Prop41ColorIndex
 90
       18
102
RTVSPost2010Prop41ColorRGB
 90
        0
102
RTVSPost2010PropOp41
 70
     1
102
RTVSPost2010Prop42
 90
       50
102
RTVSPost2010PropOp42
 70
     1
102
RTVSPost2010Prop43
 90
        3
102
RTVSPost2010PropOp43
 70
     1
102
RTVSPost2010Prop44ColorIndex
 90
        5
102
RTVSPost2010Prop44ColorRGB
 90
      255
102
RTVSPost2010PropOp44
 70
     1
102
RTVSPost2010Prop45
280
     0
102
RTVSPost2010PropOp45
 70
     1
102
RTVSPost2010Prop46
 90
       50
102
RTVSPost2010PropOp46
 70
     1
102
RTVSPost2010Prop47
 90
       50
102
RTVSPost2010PropOp47
 70
     1
102
RTVSPost2010Prop48
 90
       50
102
RTVSPost2010PropOp48
 70
     1
102
RTVSPost2010Prop49
280
     0
102
RTVSPost2010PropOp49
 70
     1
102
RTVSPost2010Prop50
 90
       50
102
RTVSPost2010PropOp50
 70
     1
102
RTVSPost2010Prop51ColorIndex
 90
      256
102
RTVSPost2010Prop51ColorRGB
 90
-16777216
102
RTVSPost2010PropOp51
 70
     0
102
RTVSPost2010Prop52
140
1.0
102
RTVSPost2010PropOp52
 70
     0
102
RTVSPost2010Prop53
 90
        2
102
RTVSPost2010PropOp53
 70
     1
102
RTVSPost2010Prop54
  1
strokes_ogs.tif
102
RTVSPost2010PropOp54
 70
     1
102
RTVSPost2010Prop55
280
     0
102
RTVSPost2010PropOp55
 70
     1
102
RTVSPost2010Prop56
140
1.0
102
RTVSPost2010PropOp56
 70
     1
102
RTVSPost2010Prop57
140
1.0
102
RTVSPost2010PropOp57
 70
     1
102
RTVSPropertyOp0
 70
     1
102
RTVSPropertyOp1
 70
     1
102
RTVSPropertyOp2
 70
     1
102
RTVSPropertyOp3
 70
     1
102
RTVSPropertyOp4
 70
     1
102
RTVSPropertyOp5
 70
     1
102
RTVSPropertyOp6
 70
     1
102
RTVSPropertyOp7
 70
     1
102
RTVSPropertyOp8
 70
     1
102
RTVSPropertyOp9
 70
     1
102
RTVSPropertyOp10
 70
     1
102
RTVSPropertyOp11
 70
     1
102
RTVSPropertyOp12
 70
     1
102
RTVSPropertyOp13
 70
     1
102
RTVSPropertyOp14
 70
     1
102
RTVSPropertyOp15
 70
     1
102
RTVSPropertyOp16
 70
     1
102
RTVSPropertyOp17
 70
     1
102
RTVSPropertyOp18
 70
     1
102
RTVSPropertyOp19
 70
     1
102
RTVSPropertyOp20
 70
     1
102
RTVSPropertyOp21
 70
     1
102
RTVSPropertyOp22
 70
     1
102
RTVSPropertyOp23
 70
     1
102
RTVSPropertyOp24
 70
     1
102
RTVSPropertyOp25
 70
     1
102
RTVSPropertyOp26
 70
     1
102
RTVSPropertyOp27
 70
     1
102
RTVSPropertyOp28
 70
     1
102
RTVSPropertyOp29
 70
     1
102
RTVSPropertyOp30
 70
     1
102
RTVSPropertyOp31
 70
     1
102
RTVSPropertyOp32
 70
     1
102
RTVSPropertyOp33
 70
     1
102
RTVSPropertyOp34
 70
     1
102
RTVSPropertyOp35
 70
     1
102
RTVSPropertyOp36
 70
     1
102
RTVSPropertyOp37
 70
     1
102
RTVSPropertyOp38
 70
     1
102
RTVSPropertyOp39
 70
     1
102
RTVSPropertyOp40
 70
     1
102
RTVSPropertyOp41
 70
     1
102
RTVSPropertyOp42
 70
     1
102
RTVSPropertyOp43
 70
     1
102
RTVSPropertyOp44
 70
     1
102
RTVSPropertyOp45
 70
     1
102
RTVSPropertyOp46
 70
     1
102
RTVSPropertyOp47
 70
     1
102
RTVSPropertyOp48
 70
     1
102
RTVSPropertyOp49
 70
     1
102
RTVSPropertyOp50
 70
     1
102
RTVSPropertyOp51
 70
     0
102
RTVSPropertyOp52
 70
     0
102
RTVSPropertyOp53
 70
     1
102
RTVSPropertyOp54
 70
     1
102
RTVSPropertyOp55
 70
     1
102
RTVSPropertyOp56
 70
     1
102
RTVSPropertyOp57
 70
     1
102
RTVSPropertyOp58
 70
     1
102
RTVSPropertyOp59
 70
     1
102
RTVSPropertyOp60
 70
     1
102
RTVSPropertyOp61
 70
     1
102
RTVSPropertyOp62
 70
     1
  0
XRECORD
  5
BE4
102
{ACAD_REACTORS
330
BE3
102
}
330
BE3
100
AcDbXrecord
280
     1
102
RTVSPost2010Prop28
280
     0
102
RTVSPost2010PropOp28
 70
     1
102
RTVSPost2010Prop29
280
     1
102
RTVSPost2010PropOp29
 70
     1
102
RTVSPost2010Prop30
280
     1
102
RTVSPost2010PropOp30
 70
     1
102
RTVSPost2010Prop31
280
     0
102
RTVSPost2010PropOp31
 70
     1
102
RTVSPost2010Prop32
280
     0
102
RTVSPost2010PropOp32
 70
     1
102
RTVSPost2010Prop33
280
     0
102
RTVSPost2010PropOp33
 70
     1
102
RTVSPost2010Prop34
280
     0
102
RTVSPost2010PropOp34
 70
     1
102
RTVSPost2010Prop35
280
     0
102
RTVSPost2010PropOp35
 70
     1
102
RTVSPost2010Prop36
280
     0
102
RTVSPost2010PropOp36
 70
     1
102
RTVSPost2010Prop37
 90
       50
102
RTVSPost2010PropOp37
 70
     1
102
RTVSPost2010Prop38
140
0.0
102
RTVSPost2010PropOp38
 70
     1
102
RTVSPost2010Prop39
140
1.0
102
RTVSPost2010PropOp39
 70
     1
102
RTVSPost2010Prop40
 90
        0
102
RTVSPost2010PropOp40
 70
     1
102
RTVSPost2010Prop41ColorIndex
 90
       18
102
RTVSPost2010Prop41ColorRGB
 90
        0
102
RTVSPost2010PropOp41
 70
     1
102
RTVSPost2010Prop42
 90
       50
102
RTVSPost2010PropOp42
 70
     1
102
RTVSPost2010Prop43
 90
        3
102
RTVSPost2010PropOp43
 70
     1
102
RTVSPost2010Prop44ColorIndex
 90
        5
102
RTVSPost2010Prop44ColorRGB
 90
      255
102
RTVSPost2010PropOp44
 70
     1
102
RTVSPost2010Prop45
280
     0
102
RTVSPost2010PropOp45
 70
     1
102
RTVSPost2010Prop46
 90
       50
102
RTVSPost2010PropOp46
 70
     1
102
RTVSPost2010Prop47
 90
       50
102
RTVSPost2010PropOp47
 70
     1
102
RTVSPost2010Prop48
 90
       50
102
RTVSPost2010PropOp48
 70
     1
102
RTVSPost2010Prop49
280
     0
102
RTVSPost2010PropOp49
 70
     1
102
RTVSPost2010Prop50
 90
       50
102
RTVSPost2010PropOp50
 70
     1
102
RTVSPost2010Prop51ColorIndex
 90
      256
102
RTVSPost2010Prop51ColorRGB
 90
-16777216
102
RTVSPost2010PropOp51
 70
     0
102
RTVSPost2010Prop52
140
1.0
102
RTVSPost2010PropOp52
 70
     0
102
RTVSPost2010Prop53
 90
        2
102
RTVSPost2010PropOp53
 70
     1
102
RTVSPost2010Prop54
  1
strokes_ogs.tif
102
RTVSPost2010PropOp54
 70
     1
102
RTVSPost2010Prop55
280
     0
102
RTVSPost2010PropOp55
 70
     1
102
RTVSPost2010Prop56
140
1.0
102
RTVSPost2010PropOp56
 70
     1
102
RTVSPost2010Prop57
140
1.0
102
RTVSPost2010PropOp57
 70
     1
102
RTVSPropertyOp0
 70
     1
102
RTVSPropertyOp1
 70
     1
102
RTVSPropertyOp2
 70
     1
102
RTVSPropertyOp3
 70
     1
102
RTVSPropertyOp4
 70
     1
102
RTVSPropertyOp5
 70
     1
102
RTVSPropertyOp6
 70
     1
102
RTVSPropertyOp7
 70
     1
102
RTVSPropertyOp8
 70
     1
102
RTVSPropertyOp9
 70
     1
102
RTVSPropertyOp10
 70
     1
102
RTVSPropertyOp11
 70
     1
102
RTVSPropertyOp12
 70
     1
102
RTVSPropertyOp13
 70
     1
102
RTVSPropertyOp14
 70
     1
102
RTVSPropertyOp15
 70
     1
102
RTVSPropertyOp16
 70
     1
102
RTVSPropertyOp17
 70
     1
102
RTVSPropertyOp18
 70
     1
102
RTVSPropertyOp19
 70
     1
102
RTVSPropertyOp20
 70
     1
102
RTVSPropertyOp21
 70
     1
102
RTVSPropertyOp22
 70
     1
102
RTVSPropertyOp23
 70
     1
102
RTVSPropertyOp24
 70
     1
102
RTVSPropertyOp25
 70
     1
102
RTVSPropertyOp26
 70
     1
102
RTVSPropertyOp27
 70
     1
102
RTVSPropertyOp28
 70
     1
102
RTVSPropertyOp29
 70
     1
102
RTVSPropertyOp30
 70
     1
102
RTVSPropertyOp31
 70
     1
102
RTVSPropertyOp32
 70
     1
102
RTVSPropertyOp33
 70
     1
102
RTVSPropertyOp34
 70
     1
102
RTVSPropertyOp35
 70
     1
102
RTVSPropertyOp36
 70
     1
102
RTVSPropertyOp37
 70
     1
102
RTVSPropertyOp38
 70
     1
102
RTVSPropertyOp39
 70
     1
102
RTVSPropertyOp40
 70
     1
102
RTVSPropertyOp41
 70
     1
102
RTVSPropertyOp42
 70
     1
102
RTVSPropertyOp43
 70
     1
102
RTVSPropertyOp44
 70
     1
102
RTVSPropertyOp45
 70
     1
102
RTVSPropertyOp46
 70
     1
102
RTVSPropertyOp47
 70
     1
102
RTVSPropertyOp48
 70
     1
102
RTVSPropertyOp49
 70
     1
102
RTVSPropertyOp50
 70
     1
102
RTVSPropertyOp51
 70
     0
102
RTVSPropertyOp52
 70
     0
102
RTVSPropertyOp53
 70
     1
102
RTVSPropertyOp54
 70
     1
102
RTVSPropertyOp55
 70
     1
102
RTVSPropertyOp56
 70
     1
102
RTVSPropertyOp57
 70
     1
102
RTVSPropertyOp58
 70
     1
102
RTVSPropertyOp59
 70
     1
102
RTVSPropertyOp60
 70
     1
102
RTVSPropertyOp61
 70
     1
102
RTVSPropertyOp62
 70
     1
  0
XRECORD
  5
BDE
102
{ACAD_REACTORS
330
BDD
102
}
330
BDD
100
AcDbXrecord
280
     1
102
RTVSPost2010Prop28
280
     0
102
RTVSPost2010PropOp28
 70
     1
102
RTVSPost2010Prop29
280
     1
102
RTVSPost2010PropOp29
 70
     1
102
RTVSPost2010Prop30
280
     1
102
RTVSPost2010PropOp30
 70
     1
102
RTVSPost2010Prop31
280
     0
102
RTVSPost2010PropOp31
 70
     1
102
RTVSPost2010Prop32
280
     0
102
RTVSPost2010PropOp32
 70
     1
102
RTVSPost2010Prop33
280
     0
102
RTVSPost2010PropOp33
 70
     1
102
RTVSPost2010Prop34
280
     0
102
RTVSPost2010PropOp34
 70
     1
102
RTVSPost2010Prop35
280
     0
102
RTVSPost2010PropOp35
 70
     1
102
RTVSPost2010Prop36
280
     0
102
RTVSPost2010PropOp36
 70
     1
102
RTVSPost2010Prop37
 90
       50
102
RTVSPost2010PropOp37
 70
     1
102
RTVSPost2010Prop38
140
0.0
102
RTVSPost2010PropOp38
 70
     1
102
RTVSPost2010Prop39
140
1.0
102
RTVSPost2010PropOp39
 70
     1
102
RTVSPost2010Prop40
 90
        0
102
RTVSPost2010PropOp40
 70
     1
102
RTVSPost2010Prop41ColorIndex
 90
       18
102
RTVSPost2010Prop41ColorRGB
 90
        0
102
RTVSPost2010PropOp41
 70
     1
102
RTVSPost2010Prop42
 90
       50
102
RTVSPost2010PropOp42
 70
     1
102
RTVSPost2010Prop43
 90
        3
102
RTVSPost2010PropOp43
 70
     1
102
RTVSPost2010Prop44ColorIndex
 90
        5
102
RTVSPost2010Prop44ColorRGB
 90
      255
102
RTVSPost2010PropOp44
 70
     1
102
RTVSPost2010Prop45
280
     0
102
RTVSPost2010PropOp45
 70
     1
102
RTVSPost2010Prop46
 90
       50
102
RTVSPost2010PropOp46
 70
     1
102
RTVSPost2010Prop47
 90
       50
102
RTVSPost2010PropOp47
 70
     1
102
RTVSPost2010Prop48
 90
       50
102
RTVSPost2010PropOp48
 70
     1
102
RTVSPost2010Prop49
280
     0
102
RTVSPost2010PropOp49
 70
     1
102
RTVSPost2010Prop50
 90
       50
102
RTVSPost2010PropOp50
 70
     1
102
RTVSPost2010Prop51ColorIndex
 90
      256
102
RTVSPost2010Prop51ColorRGB
 90
-16777216
102
RTVSPost2010PropOp51
 70
     0
102
RTVSPost2010Prop52
140
1.0
102
RTVSPost2010PropOp52
 70
     0
102
RTVSPost2010Prop53
 90
        2
102
RTVSPost2010PropOp53
 70
     1
102
RTVSPost2010Prop54
  1
strokes_ogs.tif
102
RTVSPost2010PropOp54
 70
     1
102
RTVSPost2010Prop55
280
     0
102
RTVSPost2010PropOp55
 70
     1
102
RTVSPost2010Prop56
140
1.0
102
RTVSPost2010PropOp56
 70
     1
102
RTVSPost2010Prop57
140
1.0
102
RTVSPost2010PropOp57
 70
     1
102
RTVSPropertyOp0
 70
     1
102
RTVSPropertyOp1
 70
     1
102
RTVSPropertyOp2
 70
     1
102
RTVSPropertyOp3
 70
     1
102
RTVSPropertyOp4
 70
     1
102
RTVSPropertyOp5
 70
     1
102
RTVSPropertyOp6
 70
     1
102
RTVSPropertyOp7
 70
     1
102
RTVSPropertyOp8
 70
     1
102
RTVSPropertyOp9
 70
     1
102
RTVSPropertyOp10
 70
     1
102
RTVSPropertyOp11
 70
     1
102
RTVSPropertyOp12
 70
     1
102
RTVSPropertyOp13
 70
     1
102
RTVSPropertyOp14
 70
     1
102
RTVSPropertyOp15
 70
     1
102
RTVSPropertyOp16
 70
     1
102
RTVSPropertyOp17
 70
     1
102
RTVSPropertyOp18
 70
     1
102
RTVSPropertyOp19
 70
     1
102
RTVSPropertyOp20
 70
     1
102
RTVSPropertyOp21
 70
     1
102
RTVSPropertyOp22
 70
     1
102
RTVSPropertyOp23
 70
     1
102
RTVSPropertyOp24
 70
     1
102
RTVSPropertyOp25
 70
     1
102
RTVSPropertyOp26
 70
     1
102
RTVSPropertyOp27
 70
     1
102
RTVSPropertyOp28
 70
     1
102
RTVSPropertyOp29
 70
     1
102
RTVSPropertyOp30
 70
     1
102
RTVSPropertyOp31
 70
     1
102
RTVSPropertyOp32
 70
     1
102
RTVSPropertyOp33
 70
     1
102
RTVSPropertyOp34
 70
     1
102
RTVSPropertyOp35
 70
     1
102
RTVSPropertyOp36
 70
     1
102
RTVSPropertyOp37
 70
     1
102
RTVSPropertyOp38
 70
     1
102
RTVSPropertyOp39
 70
     1
102
RTVSPropertyOp40
 70
     1
102
RTVSPropertyOp41
 70
     1
102
RTVSPropertyOp42
 70
     1
102
RTVSPropertyOp43
 70
     1
102
RTVSPropertyOp44
 70
     1
102
RTVSPropertyOp45
 70
     1
102
RTVSPropertyOp46
 70
     1
102
RTVSPropertyOp47
 70
     1
102
RTVSPropertyOp48
 70
     1
102
RTVSPropertyOp49
 70
     1
102
RTVSPropertyOp50
 70
     1
102
RTVSPropertyOp51
 70
     0
102
RTVSPropertyOp52
 70
     0
102
RTVSPropertyOp53
 70
     1
102
RTVSPropertyOp54
 70
     1
102
RTVSPropertyOp55
 70
     1
102
RTVSPropertyOp56
 70
     1
102
RTVSPropertyOp57
 70
     1
102
RTVSPropertyOp58
 70
     1
102
RTVSPropertyOp59
 70
     1
102
RTVSPropertyOp60
 70
     1
102
RTVSPropertyOp61
 70
     1
102
RTVSPropertyOp62
 70
     1
  0
XRECORD
  5
BE0
102
{ACAD_REACTORS
330
BDF
102
}
330
BDF
100
AcDbXrecord
280
     1
102
RTVSPost2010Prop28
280
     0
102
RTVSPost2010PropOp28
 70
     1
102
RTVSPost2010Prop29
280
     1
102
RTVSPost2010PropOp29
 70
     1
102
RTVSPost2010Prop30
280
     1
102
RTVSPost2010PropOp30
 70
     1
102
RTVSPost2010Prop31
280
     0
102
RTVSPost2010PropOp31
 70
     1
102
RTVSPost2010Prop32
280
     0
102
RTVSPost2010PropOp32
 70
     1
102
RTVSPost2010Prop33
280
     0
102
RTVSPost2010PropOp33
 70
     1
102
RTVSPost2010Prop34
280
     0
102
RTVSPost2010PropOp34
 70
     1
102
RTVSPost2010Prop35
280
     0
102
RTVSPost2010PropOp35
 70
     1
102
RTVSPost2010Prop36
280
     0
102
RTVSPost2010PropOp36
 70
     1
102
RTVSPost2010Prop37
 90
       50
102
RTVSPost2010PropOp37
 70
     1
102
RTVSPost2010Prop38
140
0.0
102
RTVSPost2010PropOp38
 70
     1
102
RTVSPost2010Prop39
140
1.0
102
RTVSPost2010PropOp39
 70
     1
102
RTVSPost2010Prop40
 90
        0
102
RTVSPost2010PropOp40
 70
     1
102
RTVSPost2010Prop41ColorIndex
 90
       18
102
RTVSPost2010Prop41ColorRGB
 90
        0
102
RTVSPost2010PropOp41
 70
     1
102
RTVSPost2010Prop42
 90
       50
102
RTVSPost2010PropOp42
 70
     1
102
RTVSPost2010Prop43
 90
        3
102
RTVSPost2010PropOp43
 70
     1
102
RTVSPost2010Prop44ColorIndex
 90
        5
102
RTVSPost2010Prop44ColorRGB
 90
      255
102
RTVSPost2010PropOp44
 70
     1
102
RTVSPost2010Prop45
280
     0
102
RTVSPost2010PropOp45
 70
     1
102
RTVSPost2010Prop46
 90
       50
102
RTVSPost2010PropOp46
 70
     1
102
RTVSPost2010Prop47
 90
       50
102
RTVSPost2010PropOp47
 70
     1
102
RTVSPost2010Prop48
 90
       50
102
RTVSPost2010PropOp48
 70
     1
102
RTVSPost2010Prop49
280
     0
102
RTVSPost2010PropOp49
 70
     1
102
RTVSPost2010Prop50
 90
       50
102
RTVSPost2010PropOp50
 70
     1
102
RTVSPost2010Prop51ColorIndex
 90
      256
102
RTVSPost2010Prop51ColorRGB
 90
-16777216
102
RTVSPost2010PropOp51
 70
     0
102
RTVSPost2010Prop52
140
1.0
102
RTVSPost2010PropOp52
 70
     0
102
RTVSPost2010Prop53
 90
        2
102
RTVSPost2010PropOp53
 70
     1
102
RTVSPost2010Prop54
  1
strokes_ogs.tif
102
RTVSPost2010PropOp54
 70
     1
102
RTVSPost2010Prop55
280
     0
102
RTVSPost2010PropOp55
 70
     1
102
RTVSPost2010Prop56
140
1.0
102
RTVSPost2010PropOp56
 70
     1
102
RTVSPost2010Prop57
140
1.0
102
RTVSPost2010PropOp57
 70
     1
102
RTVSPropertyOp0
 70
     1
102
RTVSPropertyOp1
 70
     1
102
RTVSPropertyOp2
 70
     1
102
RTVSPropertyOp3
 70
     1
102
RTVSPropertyOp4
 70
     1
102
RTVSPropertyOp5
 70
     1
102
RTVSPropertyOp6
 70
     1
102
RTVSPropertyOp7
 70
     1
102
RTVSPropertyOp8
 70
     1
102
RTVSPropertyOp9
 70
     1
102
RTVSPropertyOp10
 70
     1
102
RTVSPropertyOp11
 70
     1
102
RTVSPropertyOp12
 70
     1
102
RTVSPropertyOp13
 70
     1
102
RTVSPropertyOp14
 70
     1
102
RTVSPropertyOp15
 70
     1
102
RTVSPropertyOp16
 70
     1
102
RTVSPropertyOp17
 70
     1
102
RTVSPropertyOp18
 70
     1
102
RTVSPropertyOp19
 70
     1
102
RTVSPropertyOp20
 70
     1
102
RTVSPropertyOp21
 70
     1
102
RTVSPropertyOp22
 70
     1
102
RTVSPropertyOp23
 70
     1
102
RTVSPropertyOp24
 70
     1
102
RTVSPropertyOp25
 70
     1
102
RTVSPropertyOp26
 70
     1
102
RTVSPropertyOp27
 70
     1
102
RTVSPropertyOp28
 70
     1
102
RTVSPropertyOp29
 70
     1
102
RTVSPropertyOp30
 70
     1
102
RTVSPropertyOp31
 70
     1
102
RTVSPropertyOp32
 70
     1
102
RTVSPropertyOp33
 70
     1
102
RTVSPropertyOp34
 70
     1
102
RTVSPropertyOp35
 70
     1
102
RTVSPropertyOp36
 70
     1
102
RTVSPropertyOp37
 70
     1
102
RTVSPropertyOp38
 70
     1
102
RTVSPropertyOp39
 70
     1
102
RTVSPropertyOp40
 70
     1
102
RTVSPropertyOp41
 70
     1
102
RTVSPropertyOp42
 70
     1
102
RTVSPropertyOp43
 70
     1
102
RTVSPropertyOp44
 70
     1
102
RTVSPropertyOp45
 70
     1
102
RTVSPropertyOp46
 70
     1
102
RTVSPropertyOp47
 70
     1
102
RTVSPropertyOp48
 70
     1
102
RTVSPropertyOp49
 70
     1
102
RTVSPropertyOp50
 70
     1
102
RTVSPropertyOp51
 70
     0
102
RTVSPropertyOp52
 70
     0
102
RTVSPropertyOp53
 70
     1
102
RTVSPropertyOp54
 70
     1
102
RTVSPropertyOp55
 70
     1
102
RTVSPropertyOp56
 70
     1
102
RTVSPropertyOp57
 70
     1
102
RTVSPropertyOp58
 70
     1
102
RTVSPropertyOp59
 70
     1
102
RTVSPropertyOp60
 70
     1
102
RTVSPropertyOp61
 70
     1
102
RTVSPropertyOp62
 70
     1
  0
XRECORD
  5
BD6
102
{ACAD_REACTORS
330
BD5
102
}
330
BD5
100
AcDbXrecord
280
     1
102
RTVSPost2010Prop28
280
     0
102
RTVSPost2010PropOp28
 70
     1
102
RTVSPost2010Prop29
280
     1
102
RTVSPost2010PropOp29
 70
     1
102
RTVSPost2010Prop30
280
     1
102
RTVSPost2010PropOp30
 70
     1
102
RTVSPost2010Prop31
280
     0
102
RTVSPost2010PropOp31
 70
     1
102
RTVSPost2010Prop32
280
     0
102
RTVSPost2010PropOp32
 70
     1
102
RTVSPost2010Prop33
280
     0
102
RTVSPost2010PropOp33
 70
     1
102
RTVSPost2010Prop34
280
     0
102
RTVSPost2010PropOp34
 70
     1
102
RTVSPost2010Prop35
280
     0
102
RTVSPost2010PropOp35
 70
     1
102
RTVSPost2010Prop36
280
     0
102
RTVSPost2010PropOp36
 70
     1
102
RTVSPost2010Prop37
 90
       50
102
RTVSPost2010PropOp37
 70
     1
102
RTVSPost2010Prop38
140
0.0
102
RTVSPost2010PropOp38
 70
     1
102
RTVSPost2010Prop39
140
1.0
102
RTVSPost2010PropOp39
 70
     1
102
RTVSPost2010Prop40
 90
        0
102
RTVSPost2010PropOp40
 70
     1
102
RTVSPost2010Prop41ColorIndex
 90
       18
102
RTVSPost2010Prop41ColorRGB
 90
        0
102
RTVSPost2010PropOp41
 70
     1
102
RTVSPost2010Prop42
 90
       50
102
RTVSPost2010PropOp42
 70
     1
102
RTVSPost2010Prop43
 90
        3
102
RTVSPost2010PropOp43
 70
     1
102
RTVSPost2010Prop44ColorIndex
 90
        5
102
RTVSPost2010Prop44ColorRGB
 90
      255
102
RTVSPost2010PropOp44
 70
     1
102
RTVSPost2010Prop45
280
     0
102
RTVSPost2010PropOp45
 70
     1
102
RTVSPost2010Prop46
 90
       50
102
RTVSPost2010PropOp46
 70
     1
102
RTVSPost2010Prop47
 90
       50
102
RTVSPost2010PropOp47
 70
     1
102
RTVSPost2010Prop48
 90
       50
102
RTVSPost2010PropOp48
 70
     1
102
RTVSPost2010Prop49
280
     0
102
RTVSPost2010PropOp49
 70
     1
102
RTVSPost2010Prop50
 90
       50
102
RTVSPost2010PropOp50
 70
     1
102
RTVSPost2010Prop51ColorIndex
 90
      256
102
RTVSPost2010Prop51ColorRGB
 90
-16777216
102
RTVSPost2010PropOp51
 70
     0
102
RTVSPost2010Prop52
140
1.0
102
RTVSPost2010PropOp52
 70
     0
102
RTVSPost2010Prop53
 90
        2
102
RTVSPost2010PropOp53
 70
     1
102
RTVSPost2010Prop54
  1
strokes_ogs.tif
102
RTVSPost2010PropOp54
 70
     1
102
RTVSPost2010Prop55
280
     0
102
RTVSPost2010PropOp55
 70
     1
102
RTVSPost2010Prop56
140
1.0
102
RTVSPost2010PropOp56
 70
     1
102
RTVSPost2010Prop57
140
1.0
102
RTVSPost2010PropOp57
 70
     1
102
RTVSPropertyOp0
 70
     1
102
RTVSPropertyOp1
 70
     1
102
RTVSPropertyOp2
 70
     1
102
RTVSPropertyOp3
 70
     1
102
RTVSPropertyOp4
 70
     1
102
RTVSPropertyOp5
 70
     1
102
RTVSPropertyOp6
 70
     1
102
RTVSPropertyOp7
 70
     1
102
RTVSPropertyOp8
 70
     1
102
RTVSPropertyOp9
 70
     1
102
RTVSPropertyOp10
 70
     1
102
RTVSPropertyOp11
 70
     1
102
RTVSPropertyOp12
 70
     1
102
RTVSPropertyOp13
 70
     1
102
RTVSPropertyOp14
 70
     1
102
RTVSPropertyOp15
 70
     1
102
RTVSPropertyOp16
 70
     1
102
RTVSPropertyOp17
 70
     1
102
RTVSPropertyOp18
 70
     1
102
RTVSPropertyOp19
 70
     1
102
RTVSPropertyOp20
 70
     1
102
RTVSPropertyOp21
 70
     1
102
RTVSPropertyOp22
 70
     1
102
RTVSPropertyOp23
 70
     1
102
RTVSPropertyOp24
 70
     1
102
RTVSPropertyOp25
 70
     1
102
RTVSPropertyOp26
 70
     1
102
RTVSPropertyOp27
 70
     1
102
RTVSPropertyOp28
 70
     1
102
RTVSPropertyOp29
 70
     1
102
RTVSPropertyOp30
 70
     1
102
RTVSPropertyOp31
 70
     1
102
RTVSPropertyOp32
 70
     1
102
RTVSPropertyOp33
 70
     1
102
RTVSPropertyOp34
 70
     1
102
RTVSPropertyOp35
 70
     1
102
RTVSPropertyOp36
 70
     1
102
RTVSPropertyOp37
 70
     1
102
RTVSPropertyOp38
 70
     1
102
RTVSPropertyOp39
 70
     1
102
RTVSPropertyOp40
 70
     1
102
RTVSPropertyOp41
 70
     1
102
RTVSPropertyOp42
 70
     1
102
RTVSPropertyOp43
 70
     1
102
RTVSPropertyOp44
 70
     1
102
RTVSPropertyOp45
 70
     1
102
RTVSPropertyOp46
 70
     1
102
RTVSPropertyOp47
 70
     1
102
RTVSPropertyOp48
 70
     1
102
RTVSPropertyOp49
 70
     1
102
RTVSPropertyOp50
 70
     1
102
RTVSPropertyOp51
 70
     0
102
RTVSPropertyOp52
 70
     0
102
RTVSPropertyOp53
 70
     1
102
RTVSPropertyOp54
 70
     1
102
RTVSPropertyOp55
 70
     1
102
RTVSPropertyOp56
 70
     1
102
RTVSPropertyOp57
 70
     1
102
RTVSPropertyOp58
 70
     1
102
RTVSPropertyOp59
 70
     1
102
RTVSPropertyOp60
 70
     1
102
RTVSPropertyOp61
 70
     1
102
RTVSPropertyOp62
 70
     1
  0
XRECORD
  5
BCA
102
{ACAD_REACTORS
330
BC9
102
}
330
BC9
100
AcDbXrecord
280
     1
102
RTVSPost2010Prop28
280
     0
102
RTVSPost2010PropOp28
 70
     1
102
RTVSPost2010Prop29
280
     1
102
RTVSPost2010PropOp29
 70
     1
102
RTVSPost2010Prop30
280
     1
102
RTVSPost2010PropOp30
 70
     1
102
RTVSPost2010Prop31
280
     0
102
RTVSPost2010PropOp31
 70
     1
102
RTVSPost2010Prop32
280
     0
102
RTVSPost2010PropOp32
 70
     1
102
RTVSPost2010Prop33
280
     0
102
RTVSPost2010PropOp33
 70
     1
102
RTVSPost2010Prop34
280
     0
102
RTVSPost2010PropOp34
 70
     1
102
RTVSPost2010Prop35
280
     0
102
RTVSPost2010PropOp35
 70
     1
102
RTVSPost2010Prop36
280
     0
102
RTVSPost2010PropOp36
 70
     1
102
RTVSPost2010Prop37
 90
       50
102
RTVSPost2010PropOp37
 70
     1
102
RTVSPost2010Prop38
140
0.0
102
RTVSPost2010PropOp38
 70
     1
102
RTVSPost2010Prop39
140
1.0
102
RTVSPost2010PropOp39
 70
     1
102
RTVSPost2010Prop40
 90
        0
102
RTVSPost2010PropOp40
 70
     1
102
RTVSPost2010Prop41ColorIndex
 90
       18
102
RTVSPost2010Prop41ColorRGB
 90
        0
102
RTVSPost2010PropOp41
 70
     1
102
RTVSPost2010Prop42
 90
       50
102
RTVSPost2010PropOp42
 70
     1
102
RTVSPost2010Prop43
 90
        3
102
RTVSPost2010PropOp43
 70
     1
102
RTVSPost2010Prop44ColorIndex
 90
        5
102
RTVSPost2010Prop44ColorRGB
 90
      255
102
RTVSPost2010PropOp44
 70
     1
102
RTVSPost2010Prop45
280
     0
102
RTVSPost2010PropOp45
 70
     1
102
RTVSPost2010Prop46
 90
       50
102
RTVSPost2010PropOp46
 70
     1
102
RTVSPost2010Prop47
 90
       50
102
RTVSPost2010PropOp47
 70
     1
102
RTVSPost2010Prop48
 90
       50
102
RTVSPost2010PropOp48
 70
     1
102
RTVSPost2010Prop49
280
     0
102
RTVSPost2010PropOp49
 70
     1
102
RTVSPost2010Prop50
 90
       50
102
RTVSPost2010PropOp50
 70
     1
102
RTVSPost2010Prop51ColorIndex
 90
      256
102
RTVSPost2010Prop51ColorRGB
 90
-16777216
102
RTVSPost2010PropOp51
 70
     0
102
RTVSPost2010Prop52
140
1.0
102
RTVSPost2010PropOp52
 70
     0
102
RTVSPost2010Prop53
 90
        2
102
RTVSPost2010PropOp53
 70
     1
102
RTVSPost2010Prop54
  1
strokes_ogs.tif
102
RTVSPost2010PropOp54
 70
     1
102
RTVSPost2010Prop55
280
     0
102
RTVSPost2010PropOp55
 70
     1
102
RTVSPost2010Prop56
140
1.0
102
RTVSPost2010PropOp56
 70
     1
102
RTVSPost2010Prop57
140
1.0
102
RTVSPost2010PropOp57
 70
     1
102
RTVSPropertyOp0
 70
     1
102
RTVSPropertyOp1
 70
     1
102
RTVSPropertyOp2
 70
     1
102
RTVSPropertyOp3
 70
     1
102
RTVSPropertyOp4
 70
     1
102
RTVSPropertyOp5
 70
     1
102
RTVSPropertyOp6
 70
     1
102
RTVSPropertyOp7
 70
     1
102
RTVSPropertyOp8
 70
     1
102
RTVSPropertyOp9
 70
     1
102
RTVSPropertyOp10
 70
     1
102
RTVSPropertyOp11
 70
     1
102
RTVSPropertyOp12
 70
     1
102
RTVSPropertyOp13
 70
     1
102
RTVSPropertyOp14
 70
     1
102
RTVSPropertyOp15
 70
     1
102
RTVSPropertyOp16
 70
     1
102
RTVSPropertyOp17
 70
     1
102
RTVSPropertyOp18
 70
     1
102
RTVSPropertyOp19
 70
     1
102
RTVSPropertyOp20
 70
     1
102
RTVSPropertyOp21
 70
     1
102
RTVSPropertyOp22
 70
     1
102
RTVSPropertyOp23
 70
     1
102
RTVSPropertyOp24
 70
     1
102
RTVSPropertyOp25
 70
     1
102
RTVSPropertyOp26
 70
     1
102
RTVSPropertyOp27
 70
     1
102
RTVSPropertyOp28
 70
     1
102
RTVSPropertyOp29
 70
     1
102
RTVSPropertyOp30
 70
     1
102
RTVSPropertyOp31
 70
     1
102
RTVSPropertyOp32
 70
     1
102
RTVSPropertyOp33
 70
     1
102
RTVSPropertyOp34
 70
     1
102
RTVSPropertyOp35
 70
     1
102
RTVSPropertyOp36
 70
     1
102
RTVSPropertyOp37
 70
     1
102
RTVSPropertyOp38
 70
     1
102
RTVSPropertyOp39
 70
     1
102
RTVSPropertyOp40
 70
     1
102
RTVSPropertyOp41
 70
     1
102
RTVSPropertyOp42
 70
     1
102
RTVSPropertyOp43
 70
     1
102
RTVSPropertyOp44
 70
     1
102
RTVSPropertyOp45
 70
     1
102
RTVSPropertyOp46
 70
     1
102
RTVSPropertyOp47
 70
     1
102
RTVSPropertyOp48
 70
     1
102
RTVSPropertyOp49
 70
     1
102
RTVSPropertyOp50
 70
     1
102
RTVSPropertyOp51
 70
     0
102
RTVSPropertyOp52
 70
     0
102
RTVSPropertyOp53
 70
     1
102
RTVSPropertyOp54
 70
     1
102
RTVSPropertyOp55
 70
     1
102
RTVSPropertyOp56
 70
     1
102
RTVSPropertyOp57
 70
     1
102
RTVSPropertyOp58
 70
     1
102
RTVSPropertyOp59
 70
     1
102
RTVSPropertyOp60
 70
     1
102
RTVSPropertyOp61
 70
     1
102
RTVSPropertyOp62
 70
     1
  0
XRECORD
  5
BE2
102
{ACAD_REACTORS
330
BE1
102
}
330
BE1
100
AcDbXrecord
280
     1
102
RTVSPost2010Prop28
280
     0
102
RTVSPost2010PropOp28
 70
     1
102
RTVSPost2010Prop29
280
     1
102
RTVSPost2010PropOp29
 70
     1
102
RTVSPost2010Prop30
280
     1
102
RTVSPost2010PropOp30
 70
     1
102
RTVSPost2010Prop31
280
     0
102
RTVSPost2010PropOp31
 70
     1
102
RTVSPost2010Prop32
280
     0
102
RTVSPost2010PropOp32
 70
     1
102
RTVSPost2010Prop33
280
     0
102
RTVSPost2010PropOp33
 70
     1
102
RTVSPost2010Prop34
280
     0
102
RTVSPost2010PropOp34
 70
     1
102
RTVSPost2010Prop35
280
     0
102
RTVSPost2010PropOp35
 70
     1
102
RTVSPost2010Prop36
280
     0
102
RTVSPost2010PropOp36
 70
     1
102
RTVSPost2010Prop37
 90
       50
102
RTVSPost2010PropOp37
 70
     1
102
RTVSPost2010Prop38
140
0.0
102
RTVSPost2010PropOp38
 70
     1
102
RTVSPost2010Prop39
140
1.0
102
RTVSPost2010PropOp39
 70
     1
102
RTVSPost2010Prop40
 90
        0
102
RTVSPost2010PropOp40
 70
     1
102
RTVSPost2010Prop41ColorIndex
 90
       18
102
RTVSPost2010Prop41ColorRGB
 90
        0
102
RTVSPost2010PropOp41
 70
     1
102
RTVSPost2010Prop42
 90
       50
102
RTVSPost2010PropOp42
 70
     1
102
RTVSPost2010Prop43
 90
        3
102
RTVSPost2010PropOp43
 70
     1
102
RTVSPost2010Prop44ColorIndex
 90
        5
102
RTVSPost2010Prop44ColorRGB
 90
      255
102
RTVSPost2010PropOp44
 70
     1
102
RTVSPost2010Prop45
280
     0
102
RTVSPost2010PropOp45
 70
     1
102
RTVSPost2010Prop46
 90
       50
102
RTVSPost2010PropOp46
 70
     1
102
RTVSPost2010Prop47
 90
       50
102
RTVSPost2010PropOp47
 70
     1
102
RTVSPost2010Prop48
 90
       50
102
RTVSPost2010PropOp48
 70
     1
102
RTVSPost2010Prop49
280
     0
102
RTVSPost2010PropOp49
 70
     1
102
RTVSPost2010Prop50
 90
       50
102
RTVSPost2010PropOp50
 70
     1
102
RTVSPost2010Prop51ColorIndex
 90
      256
102
RTVSPost2010Prop51ColorRGB
 90
-16777216
102
RTVSPost2010PropOp51
 70
     0
102
RTVSPost2010Prop52
140
1.0
102
RTVSPost2010PropOp52
 70
     0
102
RTVSPost2010Prop53
 90
        2
102
RTVSPost2010PropOp53
 70
     1
102
RTVSPost2010Prop54
  1
strokes_ogs.tif
102
RTVSPost2010PropOp54
 70
     1
102
RTVSPost2010Prop55
280
     0
102
RTVSPost2010PropOp55
 70
     1
102
RTVSPost2010Prop56
140
1.0
102
RTVSPost2010PropOp56
 70
     1
102
RTVSPost2010Prop57
140
1.0
102
RTVSPost2010PropOp57
 70
     1
102
RTVSPropertyOp0
 70
     1
102
RTVSPropertyOp1
 70
     1
102
RTVSPropertyOp2
 70
     1
102
RTVSPropertyOp3
 70
     1
102
RTVSPropertyOp4
 70
     1
102
RTVSPropertyOp5
 70
     1
102
RTVSPropertyOp6
 70
     1
102
RTVSPropertyOp7
 70
     1
102
RTVSPropertyOp8
 70
     1
102
RTVSPropertyOp9
 70
     1
102
RTVSPropertyOp10
 70
     1
102
RTVSPropertyOp11
 70
     1
102
RTVSPropertyOp12
 70
     1
102
RTVSPropertyOp13
 70
     1
102
RTVSPropertyOp14
 70
     1
102
RTVSPropertyOp15
 70
     1
102
RTVSPropertyOp16
 70
     1
102
RTVSPropertyOp17
 70
     1
102
RTVSPropertyOp18
 70
     1
102
RTVSPropertyOp19
 70
     1
102
RTVSPropertyOp20
 70
     1
102
RTVSPropertyOp21
 70
     1
102
RTVSPropertyOp22
 70
     1
102
RTVSPropertyOp23
 70
     1
102
RTVSPropertyOp24
 70
     1
102
RTVSPropertyOp25
 70
     1
102
RTVSPropertyOp26
 70
     1
102
RTVSPropertyOp27
 70
     1
102
RTVSPropertyOp28
 70
     1
102
RTVSPropertyOp29
 70
     1
102
RTVSPropertyOp30
 70
     1
102
RTVSPropertyOp31
 70
     1
102
RTVSPropertyOp32
 70
     1
102
RTVSPropertyOp33
 70
     1
102
RTVSPropertyOp34
 70
     1
102
RTVSPropertyOp35
 70
     1
102
RTVSPropertyOp36
 70
     1
102
RTVSPropertyOp37
 70
     1
102
RTVSPropertyOp38
 70
     1
102
RTVSPropertyOp39
 70
     1
102
RTVSPropertyOp40
 70
     1
102
RTVSPropertyOp41
 70
     1
102
RTVSPropertyOp42
 70
     1
102
RTVSPropertyOp43
 70
     1
102
RTVSPropertyOp44
 70
     1
102
RTVSPropertyOp45
 70
     1
102
RTVSPropertyOp46
 70
     1
102
RTVSPropertyOp47
 70
     1
102
RTVSPropertyOp48
 70
     1
102
RTVSPropertyOp49
 70
     1
102
RTVSPropertyOp50
 70
     1
102
RTVSPropertyOp51
 70
     0
102
RTVSPropertyOp52
 70
     0
102
RTVSPropertyOp53
 70
     1
102
RTVSPropertyOp54
 70
     1
102
RTVSPropertyOp55
 70
     1
102
RTVSPropertyOp56
 70
     1
102
RTVSPropertyOp57
 70
     1
102
RTVSPropertyOp58
 70
     1
102
RTVSPropertyOp59
 70
     1
102
RTVSPropertyOp60
 70
     1
102
RTVSPropertyOp61
 70
     1
102
RTVSPropertyOp62
 70
     1
  0
ENDSEC
  0
EOF
