  0
SECTION
  2
HEADER
  9
$ACADVER
  1
AC1015
  9
$ACADMAINTVER
 70
    20
  9
$DWGCODEPAGE
  3
ANSI_1252
  9
$INSBASE
 10
0.0
 20
0.0
 30
0.0
  9
$EXTMIN
 10
0.0
 20
-105.0
 30
0.0
  9
$EXTMAX
 10
19237.53543387964
 20
10070.22624130294
 30
0.0
  9
$LIMMIN
 10
0.0
 20
0.0
  9
$LIMMAX
 10
12.0
 20
9.0
  9
$ORTHOMODE
 70
     0
  9
$REGENMODE
 70
     1
  9
$FILLMODE
 70
     1
  9
$QTEXTMODE
 70
     0
  9
$MIRRTEXT
 70
     1
  9
$LTSCALE
 40
1.0
  9
$ATTMODE
 70
     1
  9
$TEXTSIZE
 40
0.2
  9
$TRACEWID
 40
0.05
  9
$TEXTSTYLE
  7
Standard
  9
$CLAYER
  8
0
  9
$CELTYPE
  6
ByLayer
  9
$CECOLOR
 62
   256
  9
$CELTSCALE
 40
1.0
  9
$DISPSILH
 70
     0
  9
$DIMSCALE
 40
1.0
  9
$DIMASZ
 40
0.18
  9
$DIMEXO
 40
0.0625
  9
$DIMDLI
 40
0.38
  9
$DIMRND
 40
0.0
  9
$DIMDLE
 40
0.0
  9
$DIMEXE
 40
0.18
  9
$DIMTP
 40
0.0
  9
$DIMTM
 40
0.0
  9
$DIMTXT
 40
0.18
  9
$DIMCEN
 40
0.09
  9
$DIMTSZ
 40
0.0
  9
$DIMTOL
 70
     0
  9
$DIMLIM
 70
     0
  9
$DIMTIH
 70
     1
  9
$DIMTOH
 70
     1
  9
$DIMSE1
 70
     0
  9
$DIMSE2
 70
     0
  9
$DIMTAD
 70
     0
  9
$DIMZIN
 70
     0
  9
$DIMBLK
  1

  9
$DIMASO
 70
     1
  9
$DIMSHO
 70
     1
  9
$DIMPOST
  1

  9
$DIMAPOST
  1

  9
$DIMALT
 70
     0
  9
$DIMALTD
 70
     2
  9
$DIMALTF
 40
0.0393700787401575
  9
$DIMLFAC
 40
1.0
  9
$DIMTOFL
 70
     0
  9
$DIMTVP
 40
0.0
  9
$DIMTIX
 70
     0
  9
$DIMSOXD
 70
     0
  9
$DIMSAH
 70
     0
  9
$DIMBLK1
  1

  9
$DIMBLK2
  1

  9
$DIMSTYLE
  2
Standard
  9
$DIMCLRD
 70
     0
  9
$DIMCLRE
 70
     0
  9
$DIMCLRT
 70
     0
  9
$DIMTFAC
 40
1.0
  9
$DIMGAP
 40
0.09
  9
$DIMJUST
 70
     0
  9
$DIMSD1
 70
     0
  9
$DIMSD2
 70
     0
  9
$DIMTOLJ
 70
     1
  9
$DIMTZIN
 70
     0
  9
$DIMALTZ
 70
     0
  9
$DIMALTTZ
 70
     0
  9
$DIMUPT
 70
     0
  9
$DIMDEC
 70
     4
  9
$DIMTDEC
 70
     4
  9
$DIMALTU
 70
     2
  9
$DIMALTTD
 70
     0
  9
$DIMTXSTY
  7
Standard
  9
$DIMAUNIT
 70
     0
  9
$DIMADEC
 70
     0
  9
$DIMALTRND
 40
0.0
  9
$DIMAZIN
 70
     0
  9
$DIMDSEP
 70
    46
  9
$DIMATFIT
 70
     0
  9
$DIMFRAC
 70
     0
  9
$DIMLDRBLK
  1

  9
$DIMLUNIT
 70
     2
  9
$DIMLWD
 70
    -2
  9
$DIMLWE
 70
    -2
  9
$DIMTMOVE
 70
     0
  9
$LUNITS
 70
     2
  9
$LUPREC
 70
     4
  9
$SKETCHINC
 40
0.1
  9
$FILLETRAD
 40
0.0
  9
$AUNITS
 70
     0
  9
$AUPREC
 70
     0
  9
$MENU
  1
.
  9
$ELEVATION
 40
0.0
  9
$PELEVATION
 40
0.0
  9
$THICKNESS
 40
0.0
  9
$LIMCHECK
 70
     0
  9
$CHAMFERA
 40
0.5
  9
$CHAMFERB
 40
0.5
  9
$CHAMFERC
 40
0.0
  9
$CHAMFERD
 40
0.0
  9
$SKPOLY
 70
     0
  9
$TDCREATE
 40
2461117.458657407
  9
$TDUCREATE
 40
2461117.583667709
  9
$TDUPDATE
 40
2461117.972118056
  9
$TDUUPDATE
 40
2461118.097118056
  9
$TDINDWG
 40
0.0132638889
  9
$TDUSRTIMER
 40
0.0132639005
  9
$USRTIMER
 70
     1
  9
$ANGBASE
 50
0.0
  9
$ANGDIR
 70
     1
  9
$PDMODE
 70
     0
  9
$PDSIZE
 40
0.0
  9
$PLINEWID
 40
0.0
  9
$SPLFRAME
 70
     0
  9
$SPLINETYPE
 70
     6
  9
$SPLINESEGS
 70
     8
  9
$HANDSEED
  5
1CF2
  9
$SURFTAB1
 70
     6
  9
$SURFTAB2
 70
     6
  9
$SURFTYPE
 70
     6
  9
$SURFU
 70
     6
  9
$SURFV
 70
     6
  9
$UCSBASE
  2

  9
$UCSNAME
  2

  9
$UCSORG
 10
0.0
 20
0.0
 30
0.0
  9
$UCSXDIR
 10
1.0
 20
0.0
 30
0.0
  9
$UCSYDIR
 10
0.0
 20
1.0
 30
0.0
  9
$UCSORTHOREF
  2

  9
$UCSORTHOVIEW
 70
     0
  9
$UCSORGTOP
 10
0.0
 20
0.0
 30
0.0
  9
$UCSORGBOTTOM
 10
0.0
 20
0.0
 30
0.0
  9
$UCSORGLEFT
 10
0.0
 20
0.0
 30
0.0
  9
$UCSORGRIGHT
 10
0.0
 20
0.0
 30
0.0
  9
$UCSORGFRONT
 10
0.0
 20
0.0
 30
0.0
  9
$UCSORGBACK
 10
0.0
 20
0.0
 30
0.0
  9
$PUCSBASE
  2

  9
$PUCSNAME
  2

  9
$PUCSORG
 10
0.0
 20
0.0
 30
0.0
  9
$PUCSXDIR
 10
1.0
 20
0.0
 30
0.0
  9
$PUCSYDIR
 10
0.0
 20
1.0
 30
0.0
  9
$PUCSORTHOREF
  2

  9
$PUCSORTHOVIEW
 70
     0
  9
$PUCSORGTOP
 10
0.0
 20
0.0
 30
0.0
  9
$PUCSORGBOTTOM
 10
0.0
 20
0.0
 30
0.0
  9
$PUCSORGLEFT
 10
0.0
 20
0.0
 30
0.0
  9
$PUCSORGRIGHT
 10
0.0
 20
0.0
 30
0.0
  9
$PUCSORGFRONT
 10
0.0
 20
0.0
 30
0.0
  9
$PUCSORGBACK
 10
0.0
 20
0.0
 30
0.0
  9
$USERI1
 70
     0
  9
$USERI2
 70
     0
  9
$USERI3
 70
     0
  9
$USERI4
 70
     0
  9
$USERI5
 70
     0
  9
$USERR1
 40
0.0
  9
$USERR2
 40
0.0
  9
$USERR3
 40
0.0
  9
$USERR4
 40
0.0
  9
$USERR5
 40
0.0
  9
$WORLDVIEW
 70
     1
  9
$SHADEDGE
 70
     3
  9
$SHADEDIF
 70
    70
  9
$TILEMODE
 70
     1
  9
$MAXACTVP
 70
    48
  9
$PINSBASE
 10
0.0
 20
0.0
 30
0.0
  9
$PLIMCHECK
 70
     0
  9
$PEXTMIN
 10
1.000000000000000E+20
 20
1.000000000000000E+20
 30
1.000000000000000E+20
  9
$PEXTMAX
 10
-1.000000000000000E+20
 20
-1.000000000000000E+20
 30
-1.000000000000000E+20
  9
$PLIMMIN
 10
0.0
 20
0.0
  9
$PLIMMAX
 10
0.0
 20
0.0
  9
$UNITMODE
 70
     0
  9
$VISRETAIN
 70
     1
  9
$PLINEGEN
 70
     1
  9
$PSLTSCALE
 70
     1
  9
$TREEDEPTH
 70
  3020
  9
$CMLSTYLE
  2
STANDARD
  9
$CMLJUST
 70
     0
  9
$CMLSCALE
 40
1.0
  9
$PROXYGRAPHICS
 70
     1
  9
$MEASUREMENT
 70
     1
  9
$CELWEIGHT
370
    -1
  9
$ENDCAPS
280
     0
  9
$JOINSTYLE
280
     0
  9
$LWDISPLAY
290
     1
  9
$INSUNITS
 70
     4
  9
$HYPERLINKBASE
  1

  9
$STYLESHEET
  1

  9
$XEDIT
290
     1
  9
$CEPSNTYPE
380
     0
  9
$PSTYLEMODE
290
     0
  9
$FINGERPRINTGUID
  2

  9
$VERSIONGUID
  2
{19E7E307-F1EC-C649-B9C7-77A080C26666}
  9
$EXTNAMES
290
     1
  9
$PSVPSCALE
 40
0.0
  9
$OLESTARTUP
290
     0
  0
ENDSEC
  0
SECTION
  2
CLASSES
  0
CLASS
  1
RASTERVARIABLES
  2
AcDbRasterVariables
  3
ISM
 90
    32768
280
     0
281
     0
  0
CLASS
  1
IMAGEDEF
  2
AcDbRasterImageDef
  3
ISM
 90
    32768
280
     0
281
     0
  0
CLASS
  1
IMAGEDEF_REACTOR
  2
AcDbRasterImageDefReactor
  3
ISM
 90
    32769
280
     0
281
     0
  0
CLASS
  1
IMAGE
  2
AcDbRasterImage
  3
ISM
 90
    34943
280
     0
281
     1
  0
CLASS
  1
ACAD_EVALUATION_GRAPH
  2
AcDbEvalGraph
  3
ObjectDBX Classes
 90
    33921
280
     0
281
     0
  0
CLASS
  1
BLOCKPOINTPARAMETER
  2
AcDbBlockPointParameter
  3
ObjectDBX Classes
 90
    33921
280
     0
281
     0
  0
CLASS
  1
BLOCKBASEPOINTPARAMETER
  2
AcDbBlockBasepointParameter
  3
ObjectDBX Classes
 90
    33921
280
     0
281
     0
  0
CLASS
  1
BLOCKLOOKUPPARAMETER
  2
AcDbBlockLookupParameter
  3
ObjectDBX Classes
 90
    33921
280
     0
281
     0
  0
CLASS
  1
BLOCKVISIBILITYPARAMETER
  2
AcDbBlockVisibilityParameter
  3
ObjectDBX Classes
 90
    33921
280
     0
281
     0
  0
CLASS
  1
BLOCKPROPERTIESTABLE
  2
AcDbBlockPropertiesTable
  3
ObjectDBX Classes
 90
    33921
280
     0
281
     0
  0
CLASS
  1
BLOCKPOLARPARAMETER
  2
AcDbBlockPolarParameter
  3
ObjectDBX Classes
 90
    33921
280
     0
281
     0
  0
CLASS
  1
BLOCKROTATIONPARAMETER
  2
AcDbBlockRotationParameter
  3
ObjectDBX Classes
 90
    33921
280
     0
281
     0
  0
CLASS
  1
BLOCKLINEARPARAMETER
  2
AcDbBlockLinearParameter
  3
ObjectDBX Classes
 90
    33921
280
     0
281
     0
  0
CLASS
  1
BLOCKXYPARAMETER
  2
AcDbBlockXYParameter
  3
ObjectDBX Classes
 90
    33921
280
     0
281
     0
  0
CLASS
  1
BLOCKFLIPPARAMETER
  2
AcDbBlockFlipParameter
  3
ObjectDBX Classes
 90
    33921
280
     0
281
     0
  0
CLASS
  1
BLOCKALIGNMENTPARAMETER
  2
AcDbBlockAlignmentParameter
  3
ObjectDBX Classes
 90
    33921
280
     0
281
     0
  0
CLASS
  1
BLOCKROTATEACTION
  2
AcDbBlockRotateAction
  3
ObjectDBX Classes
 90
    33921
280
     0
281
     0
  0
CLASS
  1
BLOCKSCALEACTION
  2
AcDbBlockScaleAction
  3
ObjectDBX Classes
 90
    33921
280
     0
281
     0
  0
CLASS
  1
BLOCKARRAYACTION
  2
AcDbBlockArrayAction
  3
ObjectDBX Classes
 90
    33921
280
     0
281
     0
  0
CLASS
  1
BLOCKFLIPACTION
  2
AcDbBlockFlipAction
  3
ObjectDBX Classes
 90
    33921
280
     0
281
     0
  0
CLASS
  1
BLOCKLOOKUPACTION
  2
AcDbBlockLookupAction
  3
ObjectDBX Classes
 90
    33921
280
     0
281
     0
  0
CLASS
  1
BLOCKMOVEACTION
  2
AcDbBlockMoveAction
  3
ObjectDBX Classes
 90
    33921
280
     0
281
     0
  0
CLASS
  1
BLOCKPOLARSTRETCHACTION
  2
AcDbBlockPolarStretchAction
  3
ObjectDBX Classes
 90
    33921
280
     0
281
     0
  0
CLASS
  1
BLOCKSTRETCHACTION
  2
AcDbBlockStretchAction
  3
ObjectDBX Classes
 90
    33921
280
     0
281
     0
  0
CLASS
  1
BLOCKALIGNMENTGRIP
  2
AcDbBlockAlignmentGrip
  3
ObjectDBX Classes
 90
    33921
280
     0
281
     0
  0
CLASS
  1
BLOCKFLIPGRIP
  2
AcDbBlockFlipGrip
  3
ObjectDBX Classes
 90
    33921
280
     0
281
     0
  0
CLASS
  1
ACDB_BLOCKREPRESENTATION_DATA
  2
AcDbBlockRepresentationData
  3
ObjectDBX Classes
 90
    33921
280
     0
281
     0
  0
CLASS
  1
ACDB_DYNAMICBLOCKPURGEPREVENTER_VERSION
  2
AcDbDynamicBlockPurgePreventer
  3
ObjectDBX Classes
 90
    33921
280
     0
281
     0
  0
CLASS
  1
BLOCKLINEARGRIP
  2
AcDbBlockLinearGrip
  3
ObjectDBX Classes
 90
    33921
280
     0
281
     0
  0
CLASS
  1
BLOCKLOOKUPGRIP
  2
AcDbBlockLookupGrip
  3
ObjectDBX Classes
 90
    33921
280
     0
281
     0
  0
CLASS
  1
BLOCKPOLARGRIP
  2
AcDbBlockPolarGrip
  3
ObjectDBX Classes
 90
    33921
280
     0
281
     0
  0
CLASS
  1
BLOCKPROPERTIESTABLEGRIP
  2
AcDbBlockPropertiesTableGrip
  3
ObjectDBX Classes
 90
    33921
280
     0
281
     0
  0
CLASS
  1
BLOCKROTATIONGRIP
  2
AcDbBlockRotationGrip
  3
ObjectDBX Classes
 90
    33921
280
     0
281
     0
  0
CLASS
  1
BLOCKVISIBILITYGRIP
  2
AcDbBlockVisibilityGrip
  3
ObjectDBX Classes
 90
    33921
280
     0
281
     0
  0
CLASS
  1
BLOCKXYGRIP
  2
AcDbBlockXYGrip
  3
ObjectDBX Classes
 90
    33921
280
     0
281
     0
  0
CLASS
  1
BLOCKGRIPLOCATIONCOMPONENT
  2
AcDbBlockGripExpr
  3
ObjectDBX Classes
 90
    33921
280
     0
281
     0
  0
CLASS
  1
ACDB_DYNAMICBLOCKPROXYNODE
  2
AcDbDynamicBlockProxyNode
  3
ObjectDBX Classes
 90
    33921
280
     0
281
     0
  0
CLASS
  1
BLOCKLINEARCONSTRAINTPARAMETER
  2
AcDbBlockLinearConstraintParameter
  3
ObjectDBX Classes
 90
    33921
280
     0
281
     0
  0
CLASS
  1
BLOCKHORIZONTALCONSTRAINTPARAMETER
  2
AcDbBlockHorizontalConstraintParameter
  3
ObjectDBX Classes
 90
    33921
280
     0
281
     0
  0
CLASS
  1
BLOCKVERTICALCONSTRAINTPARAMETER
  2
AcDbBlockVerticalConstraintParameter
  3
ObjectDBX Classes
 90
    33921
280
     0
281
     0
  0
CLASS
  1
BLOCKALIGNEDCONSTRAINTPARAMETER
  2
AcDbBlockAlignedConstraintParameter
  3
ObjectDBX Classes
 90
    33921
280
     0
281
     0
  0
CLASS
  1
BLOCKANGULARCONSTRAINTPARAMETER
  2
AcDbBlockAngularConstraintParameter
  3
ObjectDBX Classes
 90
    33921
280
     0
281
     0
  0
CLASS
  1
BLOCKDIAMETRICCONSTRAINTPARAMETER
  2
AcDbBlockDiametricConstraintParameter
  3
ObjectDBX Classes
 90
    33921
280
     0
281
     0
  0
CLASS
  1
BLOCKRADIALCONSTRAINTPARAMETER
  2
AcDbBlockRadialConstraintParameter
  3
ObjectDBX Classes
 90
    33921
280
     0
281
     0
  0
CLASS
  1
FIELDLIST
  2
AcDbFieldList
  3
ObjectDBX Classes
 90
     1152
280
     0
281
     0
  0
CLASS
  1
ACDBDICTIONARYWDFLT
  2
AcDbDictionaryWithDefault
  3
ObjectDBX Classes
 90
        0
280
     0
281
     0
  0
CLASS
  1
CELLSTYLEMAP
  2
AcDbCellStyleMap
  3
ObjectDBX Classes
 90
     1152
280
     0
281
     0
  0
CLASS
  1
MLEADERSTYLE
  2
AcDbMLeaderStyle
  3
ACDB_MLEADERSTYLE_CLASS
 90
     4095
280
     0
281
     0
  0
CLASS
  1
TABLESTYLE
  2
AcDbTableStyle
  3
ObjectDBX Classes
 90
     4095
280
     0
281
     0
  0
CLASS
  1
DICTIONARYVAR
  2
AcDbDictionaryVar
  3
ObjectDBX Classes
 90
        0
280
     0
281
     0
  0
CLASS
  1
MATERIAL
  2
AcDbMaterial
  3
ObjectDBX Classes
 90
     1153
280
     0
281
     0
  0
CLASS
  1
VISUALSTYLE
  2
AcDbVisualStyle
  3
ObjectDBX Classes
 90
     4095
280
     0
281
     0
  0
CLASS
  1
SCALE
  2
AcDbScale
  3
ObjectDBX Classes
 90
     1153
280
     0
281
     0
  0
CLASS
  1
ACDBSECTIONVIEWSTYLE
  2
AcDbSectionViewStyle
  3
ObjectDBX Classes
 90
     1025
280
     0
281
     0
  0
CLASS
  1
ACDBDETAILVIEWSTYLE
  2
AcDbDetailViewStyle
  3
ObjectDBX Classes
 90
     1025
280
     0
281
     0
  0
CLASS
  1
ACDBPLACEHOLDER
  2
AcDbPlaceHolder
  3
ObjectDBX Classes
 90
        0
280
     0
281
     0
  0
CLASS
  1
LAYOUT
  2
AcDbLayout
  3
ObjectDBX Classes
 90
        0
280
     0
281
     0
  0
ENDSEC
  0
SECTION
  2
TABLES
  0
TABLE
  2
VPORT
  5
8
330
0
100
AcDbSymbolTable
 70
     1
  0
VPORT
  5
3B1
330
8
100
AcDbSymbolTableRecord
100
AcDbViewportTableRecord
  2
*Active
 70
     0
 10
0.0
 20
0.0
 11
1.0
 21
1.0
 12
8103.697983315848
 22
-248.1163458766787
 13
0.0
 23
0.0
 14
1.0
 24
1.0
 15
0.0
 25
0.0
 16
0.0
 26
0.0
 36
1.0
 17
0.0
 27
0.0
 37
0.0
 40
14431.30861348758
 41
2.351715686274509
 42
50.0
 43
0.0
 44
0.0
 50
0.0
 51
0.0
 71
     0
 72
 20000
 73
     1
 74
     1
 75
     0
 76
     0
 77
     0
 78
     0
281
     0
 65
     1
110
0.0
120
0.0
130
0.0
111
1.0
121
0.0
131
0.0
112
0.0
122
1.0
132
0.0
 79
     0
146
0.0
1001
ACAD_NAV_VCDISPLAY
1070
     3
  0
ENDTAB
  0
TABLE
  2
LTYPE
  5
5
330
0
100
AcDbSymbolTable
 70
     2
  0
LTYPE
  5
14
330
5
100
AcDbSymbolTableRecord
100
AcDbLinetypeTableRecord
  2
ByBlock
 70
     0
  3

 72
    65
 73
     0
 40
0.0
  0
LTYPE
  5
15
330
5
100
AcDbSymbolTableRecord
100
AcDbLinetypeTableRecord
  2
ByLayer
 70
     0
  3

 72
    65
 73
     0
 40
0.0
  0
LTYPE
  5
16
330
5
100
AcDbSymbolTableRecord
100
AcDbLinetypeTableRecord
  2
Continuous
 70
     0
  3
Solid line
 72
    65
 73
     0
 40
0.0
  0
ENDTAB
  0
TABLE
  2
LAYER
  5
2
102
{ACAD_XDICTIONARY
360
42A
102
}
330
0
100
AcDbSymbolTable
 70
    33
  0
LAYER
  5
10
102
{ACAD_XDICTIONARY
360
1A04
102
}
330
2
100
AcDbSymbolTableRecord
100
AcDbLayerTableRecord
  2
0
 70
     0
 62
     7
  6
Continuous
370
    -3
390
F
  0
LAYER
  5
27
102
{ACAD_XDICTIONARY
360
1A06
102
}
330
2
100
AcDbSymbolTableRecord
100
AcDbLayerTableRecord
  2
sheet
 70
     0
 62
    24
  6
Continuous
370
    -3
390
F
  0
LAYER
  5
28
102
{ACAD_XDICTIONARY
360
1A08
102
}
330
2
100
AcDbSymbolTableRecord
100
AcDbLayerTableRecord
  2
DT20768-004-056
 70
     0
 62
     7
  6
Continuous
370
    -3
390
F
  0
LAYER
  5
29
102
{ACAD_XDICTIONARY
360
1A0A
102
}
330
2
100
AcDbSymbolTableRecord
100
AcDbLayerTableRecord
  2
Texto
 70
     0
 62
     7
  6
Continuous
370
    -3
390
F
  0
LAYER
  5
2A
102
{ACAD_XDICTIONARY
360
1A0C
102
}
330
2
100
AcDbSymbolTableRecord
100
AcDbLayerTableRecord
  2
5905257
 70
     0
 62
     7
  6
Continuous
370
    -3
390
F
  0
LAYER
  5
2B
102
{ACAD_XDICTIONARY
360
1A0E
102
}
330
2
100
AcDbSymbolTableRecord
100
AcDbLayerTableRecord
  2
13714981
 70
     0
 62
     7
  6
Continuous
370
    -3
390
F
  0
LAYER
  5
2C
102
{ACAD_XDICTIONARY
360
1A10
102
}
330
2
100
AcDbSymbolTableRecord
100
AcDbLayerTableRecord
  2
13697360
 70
     0
 62
     7
  6
Continuous
370
    -3
390
F
  0
LAYER
  5
2D
102
{ACAD_XDICTIONARY
360
1A12
102
}
330
2
100
AcDbSymbolTableRecord
100
AcDbLayerTableRecord
  2
Chanfro
 70
     0
 62
     7
  6
Continuous
370
    -3
390
F
  0
LAYER
  5
2E
102
{ACAD_XDICTIONARY
360
1A14
102
}
330
2
100
AcDbSymbolTableRecord
100
AcDbLayerTableRecord
  2
12227886
 70
     0
 62
     7
  6
Continuous
370
    -3
390
F
  0
LAYER
  5
2F
102
{ACAD_XDICTIONARY
360
1A16
102
}
330
2
100
AcDbSymbolTableRecord
100
AcDbLayerTableRecord
  2
14359034
 70
     0
 62
     7
  6
Continuous
370
    -3
390
F
  0
LAYER
  5
30
102
{ACAD_XDICTIONARY
360
1A18
102
}
330
2
100
AcDbSymbolTableRecord
100
AcDbLayerTableRecord
  2
14152471v0
 70
     0
 62
     7
  6
Continuous
370
    -3
390
F
  0
LAYER
  5
31
102
{ACAD_XDICTIONARY
360
1A1A
102
}
330
2
100
AcDbSymbolTableRecord
100
AcDbLayerTableRecord
  2
13118542
 70
     0
 62
     7
  6
Continuous
370
    -3
390
F
  0
LAYER
  5
32
102
{ACAD_XDICTIONARY
360
1A1C
102
}
330
2
100
AcDbSymbolTableRecord
100
AcDbLayerTableRecord
  2
13698080
 70
     0
 62
     7
  6
Continuous
370
    -3
390
F
  0
LAYER
  5
33
102
{ACAD_XDICTIONARY
360
1A1E
102
}
330
2
100
AcDbSymbolTableRecord
100
AcDbLayerTableRecord
  2
7440164
 70
     0
 62
     7
  6
Continuous
370
    -3
390
F
  0
LAYER
  5
34
102
{ACAD_XDICTIONARY
360
1A20
102
}
330
2
100
AcDbSymbolTableRecord
100
AcDbLayerTableRecord
  2
7440160
 70
     0
 62
     7
  6
Continuous
370
    -3
390
F
  0
LAYER
  5
35
102
{ACAD_XDICTIONARY
360
1A22
102
}
330
2
100
AcDbSymbolTableRecord
100
AcDbLayerTableRecord
  2
Stats
 70
     0
 62
     7
  6
Continuous
370
    -3
390
F
  0
LAYER
  5
36
102
{ACAD_XDICTIONARY
360
1A24
102
}
330
2
100
AcDbSymbolTableRecord
100
AcDbLayerTableRecord
  2
13660947v0
 70
     0
 62
     7
  6
Continuous
370
    -3
390
F
  0
LAYER
  5
37
102
{ACAD_XDICTIONARY
360
1A26
102
}
330
2
100
AcDbSymbolTableRecord
100
AcDbLayerTableRecord
  2
13528310
 70
     0
 62
     7
  6
Continuous
370
    -3
390
F
  0
LAYER
  5
38
102
{ACAD_XDICTIONARY
360
1A28
102
}
330
2
100
AcDbSymbolTableRecord
100
AcDbLayerTableRecord
  2
14372975
 70
     0
 62
     7
  6
Continuous
370
    -3
390
F
  0
LAYER
  5
39
102
{ACAD_XDICTIONARY
360
1A2A
102
}
330
2
100
AcDbSymbolTableRecord
100
AcDbLayerTableRecord
  2
13714983
 70
     0
 62
     7
  6
Continuous
370
    -3
390
F
  0
LAYER
  5
3A
102
{ACAD_XDICTIONARY
360
1A2C
102
}
330
2
100
AcDbSymbolTableRecord
100
AcDbLayerTableRecord
  2
13461301
 70
     0
 62
     7
  6
Continuous
370
    -3
390
F
  0
LAYER
  5
3B
102
{ACAD_XDICTIONARY
360
1A2E
102
}
330
2
100
AcDbSymbolTableRecord
100
AcDbLayerTableRecord
  2
Des.7342322
 70
     0
 62
     7
  6
Continuous
370
    -3
390
F
  0
LAYER
  5
3C
102
{ACAD_XDICTIONARY
360
1A30
102
}
330
2
100
AcDbSymbolTableRecord
100
AcDbLayerTableRecord
  2
DT-20768-004-057
 70
     0
 62
     7
  6
Continuous
370
    -3
390
F
  0
LAYER
  5
3D
102
{ACAD_XDICTIONARY
360
1A32
102
}
330
2
100
AcDbSymbolTableRecord
100
AcDbLayerTableRecord
  2
14337270
 70
     0
 62
     7
  6
Continuous
370
    -3
390
F
  0
LAYER
  5
3E
102
{ACAD_XDICTIONARY
360
1A34
102
}
330
2
100
AcDbSymbolTableRecord
100
AcDbLayerTableRecord
  2
13857331
 70
     0
 62
     7
  6
Continuous
370
    -3
390
F
  0
LAYER
  5
3F
102
{ACAD_XDICTIONARY
360
1A36
102
}
330
2
100
AcDbSymbolTableRecord
100
AcDbLayerTableRecord
  2
13418734
 70
     0
 62
     7
  6
Continuous
370
    -3
390
F
  0
LAYER
  5
40
102
{ACAD_XDICTIONARY
360
1A38
102
}
330
2
100
AcDbSymbolTableRecord
100
AcDbLayerTableRecord
  2
14297404v0
 70
     0
 62
     7
  6
Continuous
370
    -3
390
F
  0
LAYER
  5
41
102
{ACAD_XDICTIONARY
360
1A3A
102
}
330
2
100
AcDbSymbolTableRecord
100
AcDbLayerTableRecord
  2
13774950
 70
     0
 62
     7
  6
Continuous
370
    -3
390
F
  0
LAYER
  5
42
102
{ACAD_XDICTIONARY
360
1A3C
102
}
330
2
100
AcDbSymbolTableRecord
100
AcDbLayerTableRecord
  2
EM-26239-25
 70
     0
 62
     7
  6
Continuous
370
    -3
390
F
  0
LAYER
  5
43
102
{ACAD_XDICTIONARY
360
1A3E
102
}
330
2
100
AcDbSymbolTableRecord
100
AcDbLayerTableRecord
  2
13404043
 70
     0
 62
     7
  6
Continuous
370
    -3
390
F
  0
LAYER
  5
44
102
{ACAD_XDICTIONARY
360
1A40
102
}
330
2
100
AcDbSymbolTableRecord
100
AcDbLayerTableRecord
  2
13920263
 70
     0
 62
     7
  6
Continuous
370
    -3
390
F
  0
LAYER
  5
45
330
2
100
AcDbSymbolTableRecord
100
AcDbLayerTableRecord
  2
DEFPOINTS
 70
     0
 62
     7
  6
Continuous
290
     0
370
    -3
390
F
  0
LAYER
  5
420
102
{ACAD_XDICTIONARY
360
1A42
102
}
330
2
100
AcDbSymbolTableRecord
100
AcDbLayerTableRecord
  2
Rebaixo
 70
     0
 62
     6
  6
Continuous
370
    -3
390
F
1001
AcAecLayerStandard
1000

1000

1001
AcCmTransparency
1071
        0
  0
ENDTAB
  0
TABLE
  2
STYLE
  5
3
330
0
100
AcDbSymbolTable
 70
     1
  0
STYLE
  5
11
330
3
100
AcDbSymbolTableRecord
100
AcDbTextStyleTableRecord
  2
Standard
 70
     0
 40
0.0
 41
1.0
 50
0.0
 71
     0
 42
0.2
  3
txt.shx
  4

  0
ENDTAB
  0
TABLE
  2
VIEW
  5
6
330
0
100
AcDbSymbolTable
 70
     0
  0
ENDTAB
  0
TABLE
  2
UCS
  5
7
330
0
100
AcDbSymbolTable
 70
     0
  0
ENDTAB
  0
TABLE
  2
APPID
  5
9
330
0
100
AcDbSymbolTable
 70
    10
  0
APPID
  5
12
330
0
100
AcDbSymbolTableRecord
100
AcDbRegAppTableRecord
  2
ACAD
 70
     0
  0
APPID
  5
3D4
330
0
100
AcDbSymbolTableRecord
100
AcDbRegAppTableRecord
  2
ACAD_MLEADERVER
 70
     0
  0
APPID
  5
423
330
9
100
AcDbSymbolTableRecord
100
AcDbRegAppTableRecord
  2
ACAD_PSEXT
 70
     0
  0
APPID
  5
424
330
9
100
AcDbSymbolTableRecord
100
AcDbRegAppTableRecord
  2
AcadAnnotative
 70
     0
  0
APPID
  5
425
330
9
100
AcDbSymbolTableRecord
100
AcDbRegAppTableRecord
  2
ACAD_DSTYLE_DIMJAG
 70
     0
  0
APPID
  5
426
330
9
100
AcDbSymbolTableRecord
100
AcDbRegAppTableRecord
  2
ACAD_DSTYLE_DIMTALN
 70
     0
  0
APPID
  5
427
330
9
100
AcDbSymbolTableRecord
100
AcDbRegAppTableRecord
  2
ACAD_NAV_VCDISPLAY
 70
     0
  0
APPID
  5
428
330
9
100
AcDbSymbolTableRecord
100
AcDbRegAppTableRecord
  2
AcAecLayerStandard
 70
     0
  0
APPID
  5
429
330
9
100
AcDbSymbolTableRecord
100
AcDbRegAppTableRecord
  2
AcCmTransparency
 70
     0
  0
APPID
  5
1998
330
9
100
AcDbSymbolTableRecord
100
AcDbRegAppTableRecord
  2
ACAD_EXEMPT_FROM_CAD_STANDARDS
 70
     0
  0
ENDTAB
  0
TABLE
  2
DIMSTYLE
  5
A
330
0
100
AcDbSymbolTable
 70
     4
100
AcDbDimStyleTable
 71
     0
  0
DIMSTYLE
105
3B0
330
A
100
AcDbSymbolTableRecord
100
AcDbDimStyleTableRecord
  2
Standard
 70
     0
143
1.0
274
     0
289
     0
340
11
  0
DIMSTYLE
105
421
330
A
100
AcDbSymbolTableRecord
100
AcDbDimStyleTableRecord
  2
Annotative
 70
     0
 40
0.0
 41
2.5
 42
0.625
 43
3.75
 44
1.25
 73
     0
 74
     0
 77
     1
 78
     8
140
2.5
141
2.5
143
0.03937007874016
147
0.625
171
     3
172
     1
271
     2
272
     2
274
     3
278
    44
283
     0
284
     8
340
11
1001
AcadAnnotative
1000
AnnotativeData
1002
{
1070
     1
1070
     1
1002
}
1001
ACAD_DSTYLE_DIMJAG
1070
   388
1040
1.5
1001
ACAD_DSTYLE_DIMTALN
1070
   392
1070
     0
  0
DIMSTYLE
105
422
330
A
100
AcDbSymbolTableRecord
100
AcDbDimStyleTableRecord
  2
ISO-25
 70
     0
 41
2.5
 42
0.625
 43
3.75
 44
1.25
 73
     0
 74
     0
 77
     1
 78
     8
140
2.5
141
2.5
143
0.03937007874016
147
0.625
171
     3
172
     1
271
     2
272
     2
274
     3
278
    44
283
     0
284
     8
340
11
  0
ENDTAB
  0
TABLE
  2
BLOCK_RECORD
  5
1
330
0
100
AcDbSymbolTable
 70
     2
  0
BLOCK_RECORD
  5
1F
330
1
100
AcDbSymbolTableRecord
100
AcDbBlockTableRecord
  2
*Model_Space
340
22
  0
BLOCK_RECORD
  5
3AD
330
1
100
AcDbSymbolTableRecord
100
AcDbBlockTableRecord
  2
*Paper_Space
340
1E
  0
ENDTAB
  0
ENDSEC
  0
SECTION
  2
BLOCKS
  0
BLOCK
  5
20
330
1F
100
AcDbEntity
  8
0
100
AcDbBlockBegin
  2
*Model_Space
 70
     0
 10
0.0
 20
0.0
 30
0.0
  3
*Model_Space
  1

  0
ENDBLK
  5
21
330
1F
100
AcDbEntity
  8
0
100
AcDbBlockEnd
  0
BLOCK
  5
3AE
330
3AD
100
AcDbEntity
 67
     1
  8
0
100
AcDbBlockBegin
  2
*Paper_Space
 70
     0
 10
0.0
 20
0.0
 30
0.0
  3
*Paper_Space
  1

  0
ENDBLK
  5
3AF
330
3AD
100
AcDbEntity
 67
     1
  8
0
100
AcDbBlockEnd
  0
ENDSEC
  0
SECTION
  2
ENTITIES
  0
LWPOLYLINE
  5
316
330
1F
100
AcDbEntity
  8
sheet
 62
     7
100
AcDbPolyline
 90
        4
 70
     1
 43
0.0
 10
15750.00000136
 20
0.0000001
 10
18250.00000136
 20
0.0000001
 10
18250.00000136
 20
1860.0000001
 10
15750.00000136
 20
1860.0000001
  0
LWPOLYLINE
  5
317
330
1F
100
AcDbEntity
  8
0
 62
     2
100
AcDbPolyline
 90
       12
 70
     1
 43
0.0
 10
18105.98841749744
 20
238.7869056704456
 10
18105.98841749751
 20
283.2930034581458
 42
0.4142135693780393
 10
18102.98841749752
 20
286.2930034581511
 10
18041.98841749752
 20
286.2930034582575
 42
0.4142135601895608
 10
18038.98841749751
 20
283.2930034582627
 10
18038.98841749707
 20
30.29300345826267
 42
0.414213578423381
 10
18041.98841749706
 20
27.29300345825745
 10
18102.98841749706
 20
27.29300345815098
 42
0.4142135611203403
 10
18105.98841749707
 20
30.29300345814575
 10
18105.98841749715
 20
74.79910124584677
 42
0.1604098275811008
 10
18105.40146097566
 20
76.5815773809108
 42
-0.3292927799737381
 10
18105.40146097594
 20
237.0044295354118
 42
0.160409817290292
  0
CIRCLE
  5
318
330
1F
100
AcDbEntity
  8
13774950
 62
     2
100
AcDbCircle
 10
18085.98841749748
 20
266.2930034581807
 30
0.0
 40
9.0
  0
CIRCLE
  5
319
330
1F
100
AcDbEntity
  8
13774950
 62
     2
100
AcDbCircle
 10
18085.9884174971
 20
47.29300345818155
 30
0.0
 40
9.0
  0
MTEXT
  5
31A
330
1F
100
AcDbEntity
  8
Texto
 62
     2
100
AcDbMText
 10
18076.47601122453
 20
186.6585740386676
 30
0.0
 40
10.0
 41
54.90584120481071
 71
     1
 72
     5
  1
13774950\Ppos.7
 11
-0.0000000000036382
 21
-1.0
 31
0.0
 73
     1
 44
1.0
1001
ACAD
1000
MTEXTBEGIN
1070
    73
1070
     1
1070
    44
1040
1.0
1070
    74
1070
     0
1000
MTEXTEND
  0
LWPOLYLINE
  5
31B
330
1F
100
AcDbEntity
  8
EM-26239-25
 62
    32
100
AcDbPolyline
 90
        4
 70
     1
 43
0.0
 10
17211.12391365283
 20
27.29300367044585
 42
0.1030483413408321
 10
17213.12036921513
 20
27.70888268745535
 42
4.800568148195153
 10
16786.67746104916
 20
27.70888268745528
 42
0.103048304156852
 10
16788.67391661146
 20
27.29300367044577
  0
CIRCLE
  5
31C
330
1F
100
AcDbEntity
  8
0
 62
    32
100
AcDbCircle
 10
17439.89891513215
 20
517.2930036704458
 30
0.0
 40
40.0
  0
LWPOLYLINE
  5
31D
330
1F
100
AcDbEntity
  8
EM-26239-25
 62
    32
100
AcDbPolyline
 90
        6
 70
     1
 43
0.0
 10
16737.6089991998
 20
492.2930036704458
 42
-0.3812381508005033
 10
16742.57661124376
 20
487.8611854886259
 42
17.54299719777081
 10
16742.57661124376
 20
546.7248218522456
 42
-0.3812381517557412
 10
16737.6089991998
 20
542.2930036704257
 10
16679.89891513215
 20
542.2930036704457
 42
1.00001687122043
 10
16679.89891513215
 20
492.2930036704458
  0
MTEXT
  5
31E
330
1F
100
AcDbEntity
  8
Texto
 62
    32
100
AcDbMText
 10
17336.03084284497
 20
483.9670854372855
 30
0.0
 40
10.0
 41
97.44640894477925
 71
     1
 72
     5
  1
EM-26239 25 pos.1
 11
0.0000000000000001
 21
1.0
 31
0.0
 73
     1
 44
1.0
1001
ACAD
1000
MTEXTBEGIN
1070
    73
1070
     1
1070
    44
1040
1.0
1070
    74
1070
     0
1000
MTEXTEND
  0
LWPOLYLINE
  5
31F
330
1F
100
AcDbEntity
  8
14337270
 62
     3
100
AcDbPolyline
 90
       10
 70
     1
 43
0.0
 10
15916.72073036026
 20
313.0681304846423
 10
15843.00000105111
 20
364.6879408691731
 10
15771.00000105111
 20
364.6879408691731
 42
0.4142135561936886
 10
15768.00000105111
 20
361.6879408691731
 10
15768.00000105111
 20
67.68794086917307
 42
0.414213553985128
 10
15771.00000105111
 20
64.68794086917307
 10
15843.00000105111
 20
64.68794086917307
 10
15916.72073036026
 20
116.307751253693
 42
0.2446984354654007
 10
15918.00000105111
 20
118.7652073865521
 10
15918.00000105111
 20
310.6106743517832
 42
0.2446984561127452
  0
CIRCLE
  5
320
330
1F
100
AcDbEntity
  8
14337270
 62
     3
100
AcDbCircle
 10
15803.00000105111
 20
214.6879408691731
 30
0.0
 40
13.0
  0
MTEXT
  5
321
330
1F
100
AcDbEntity
  8
Texto
 62
     3
100
AcDbMText
 10
15781.97055282688
 20
255.1194752402426
 30
0.0
 40
10.0
 41
128.4592637975611
 71
     1
 72
     5
  1
14337270 pos.1
 11
-0.0000000000000002
 21
-1.0
 31
0.0
 73
     1
 44
1.0
1001
ACAD
1000
MTEXTBEGIN
1070
    73
1070
     1
1070
    44
1040
1.0
1070
    74
1070
     0
1000
MTEXTEND
  0
LWPOLYLINE
  5
322
330
1F
100
AcDbEntity
  8
13404043
 62
     2
100
AcDbPolyline
 90
       12
 70
     1
 43
0.0
 10
18110.37219773468
 20
155.2147474873334
 42
0.1604097972590612
 10
18109.78524121317
 20
153.4322713522695
 10
18109.78524121317
 20
108.9261735645703
 42
0.4142135682221957
 10
18112.78524121318
 20
105.9261735645703
 10
18173.78524121318
 20
105.9261735645703
 42
0.414213575665353
 10
18176.78524121318
 20
108.9261735645703
 10
18176.78524121318
 20
361.9261735645704
 42
0.4142135699604677
 10
18173.78524121318
 20
364.9261735645704
 10
18112.78524121318
 20
364.9261735645704
 42
0.414213555108803
 10
18109.78524121317
 20
361.9261735645704
 10
18109.78524121317
 20
317.4200757768694
 42
0.1604097833001949
 10
18110.37219773468
 20
315.6375996418064
 42
-0.329292779973998
  0
CIRCLE
  5
323
330
1F
100
AcDbEntity
  8
13404043
 62
     2
100
AcDbCircle
 10
18129.78524121318
 20
344.9261735645686
 30
0.0
 40
8.0
  0
CIRCLE
  5
324
330
1F
100
AcDbEntity
  8
13404043
 62
     2
100
AcDbCircle
 10
18129.78524121318
 20
125.9261735645703
 30
0.0
 40
8.0
  0
MTEXT
  5
325
330
1F
100
AcDbEntity
  8
Texto
 62
     2
100
AcDbMText
 10
18158.12908789982
 20
200.4053705804397
 30
0.0
 40
10.0
 41
128.0196514489871
 71
     1
 72
     5
  1
13404043 pos.5
 11
0.0000000000000001
 21
1.0
 31
0.0
 73
     1
 44
1.0
1001
ACAD
1000
MTEXTBEGIN
1070
    73
1070
     1
1070
    44
1040
1.0
1070
    74
1070
     0
1000
MTEXTEND
  0
LWPOLYLINE
  5
326
330
1F
100
AcDbEntity
  8
13857331
 62
     2
100
AcDbPolyline
 90
       12
 70
     1
 43
0.0
 10
17668.95627045588
 20
143.131773567048
 42
0.1604097939967621
 10
17670.73874659092
 20
142.5448170450861
 10
17715.24484437862
 20
142.5448170450861
 42
0.4142135577386178
 10
17718.24484437862
 20
145.5448170450861
 10
17718.24484437862
 20
206.5448170450861
 42
0.4142135732663563
 10
17715.24484437862
 20
209.5448170450862
 10
17462.24484437862
 20
209.5448170450861
 42
0.414213577505713
 10
17459.24484437862
 20
206.5448170450861
 10
17459.24484437862
 20
145.5448170450861
 42
0.4142135619767617
 10
17462.24484437862
 20
142.5448170450861
 10
17506.75094216635
 20
142.5448170450861
 42
0.1604097843616057
 10
17508.53341830138
 20
143.131773567048
 42
-0.3292927799775309
  0
CIRCLE
  5
327
330
1F
100
AcDbEntity
  8
13857331
 62
     2
100
AcDbCircle
 10
17479.24484437862
 20
162.5448170450861
 30
0.0
 40
8.0
  0
CIRCLE
  5
328
330
1F
100
AcDbEntity
  8
13857331
 62
     2
100
AcDbCircle
 10
17698.24484437862
 20
162.5448170450861
 30
0.0
 40
8.0
  0
MTEXT
  5
329
330
1F
100
AcDbEntity
  8
Texto
 62
     2
100
AcDbMText
 10
17623.76564736275
 20
190.8886637321946
 30
0.0
 40
10.0
 41
128.0196514489871
 71
     1
 72
     5
  1
13857331 pos.6
 11
-1.0
 21
0.0000000000000001
 31
0.0
 73
     1
 44
1.0
1001
ACAD
1000
MTEXTBEGIN
1070
    73
1070
     1
1070
    44
1040
1.0
1070
    74
1070
     0
1000
MTEXTEND
  0
LWPOLYLINE
  5
32A
330
1F
100
AcDbEntity
  8
0
 62
     2
100
AcDbPolyline
 90
       12
 70
     1
 43
0.0
 10
16428.49390336025
 20
217.8938950996841
 10
16473.00000114795
 20
217.8938950996841
 42
0.414213560418846
 10
16476.00000114795
 20
220.8938950996842
 10
16476.00000114795
 20
281.8938950996842
 42
0.4142135691499753
 10
16473.00000114795
 20
284.8938950996842
 10
16220.00000114796
 20
284.8938950996842
 42
0.4142135873830524
 10
16217.00000114796
 20
281.8938950996842
 10
16217.00000114796
 20
220.8938950996842
 42
0.4142135521606086
 10
16220.00000114796
 20
217.8938950996841
 10
16264.50609893566
 20
217.8938950996841
 42
0.1604098244870518
 10
16266.28857507072
 20
218.4808516221116
 42
-0.3292927799817719
 10
16426.71142722522
 20
218.4808516221116
 42
0.1604098601636411
  0
CIRCLE
  5
32B
330
1F
100
AcDbEntity
  8
13774950
 62
     2
100
AcDbCircle
 10
16456.00000114795
 20
237.8938950996841
 30
0.0
 40
9.0
  0
CIRCLE
  5
32C
330
1F
100
AcDbEntity
  8
13774950
 62
     2
100
AcDbCircle
 10
16237.00000114796
 20
237.8938950996841
 30
0.0
 40
9.0
  0
MTEXT
  5
32D
330
1F
100
AcDbEntity
  8
Texto
 62
     2
100
AcDbMText
 10
16376.36557172842
 20
247.4063013734292
 30
0.0
 40
10.0
 41
54.90584120481071
 71
     1
 72
     5
  1
13774950\Ppos.7
 11
-1.0
 21
0.0000000000000001
 31
0.0
 73
     1
 44
1.0
1001
ACAD
1000
MTEXTBEGIN
1070
    73
1070
     1
1070
    44
1040
1.0
1070
    74
1070
     0
1000
MTEXTEND
  0
LWPOLYLINE
  5
32E
330
1F
100
AcDbEntity
  8
13857331
 62
     2
100
AcDbPolyline
 90
       12
 70
     1
 43
0.0
 10
16147.71142736025
 20
218.8249217902573
 42
0.1604098326082038
 10
16149.49390349529
 20
218.2379652683028
 10
16194.00000128299
 20
218.2379652683028
 42
0.4142135296873901
 10
16197.00000128299
 20
221.2379652683027
 10
16197.00000128299
 20
282.2379652683028
 42
0.4142135775996858
 10
16194.00000128299
 20
285.2379652683028
 10
15941.00000128299
 20
285.2379652683028
 42
0.4142135651303613
 10
15938.00000128299
 20
282.2379652683028
 10
15938.00000128299
 20
221.2379652683027
 42
0.4142135437104715
 10
15941.00000128299
 20
218.2379652683027
 10
15985.50609907069
 20
218.2379652683028
 42
0.1604098168655774
 10
15987.28857520575
 20
218.8249217902573
 42
-0.3292927799798082
  0
CIRCLE
  5
32F
330
1F
100
AcDbEntity
  8
13857331
 62
     2
100
AcDbCircle
 10
15958.00000128299
 20
238.2379652683027
 30
0.0
 40
8.0
  0
CIRCLE
  5
330
330
1F
100
AcDbEntity
  8
13857331
 62
     2
100
AcDbCircle
 10
16177.00000128299
 20
238.2379652683027
 30
0.0
 40
8.0
  0
MTEXT
  5
331
330
1F
100
AcDbEntity
  8
Texto
 62
     2
100
AcDbMText
 10
16102.52080426712
 20
266.5818119554185
 30
0.0
 40
10.0
 41
128.0196514489871
 71
     1
 72
     5
  1
13857331 pos.5
 11
-1.0
 21
0.0000000000000001
 31
0.0
 73
     1
 44
1.0
1001
ACAD
1000
MTEXTBEGIN
1070
    73
1070
     1
1070
    44
1040
1.0
1070
    74
1070
     0
1000
MTEXTEND
  0
LWPOLYLINE
  5
332
330
1F
100
AcDbEntity
  8
13857331
 62
     2
100
AcDbPolyline
 90
       12
 70
     1
 43
0.0
 10
17716.76409410612
 20
230.131773567048
 42
0.160409772358208
 10
17718.54657024116
 20
229.5448170451007
 10
17763.05266802886
 20
229.5448170451007
 42
0.4142135569872434
 10
17766.05266802886
 20
232.5448170451007
 10
17766.05266802886
 20
293.5448170451008
 42
0.4142135533585326
 10
17763.05266802886
 20
296.5448170450862
 10
17510.05266802886
 20
296.5448170450862
 42
0.4142135428865572
 10
17507.05266802886
 20
293.5448170451007
 10
17507.05266802886
 20
232.5448170451007
 42
0.4142135631034667
 10
17510.05266802886
 20
229.5448170451007
 10
17554.55876581659
 20
229.5448170451007
 42
0.1604098049348032
 10
17556.34124195162
 20
230.131773567048
 42
-0.3292927799575184
  0
CIRCLE
  5
333
330
1F
100
AcDbEntity
  8
13857331
 62
     2
100
AcDbCircle
 10
17527.05266802886
 20
249.5448170450861
 30
0.0
 40
8.0
  0
CIRCLE
  5
334
330
1F
100
AcDbEntity
  8
13857331
 62
     2
100
AcDbCircle
 10
17746.05266802886
 20
249.5448170450861
 30
0.0
 40
8.0
  0
MTEXT
  5
335
330
1F
100
AcDbEntity
  8
Texto
 62
     2
100
AcDbMText
 10
17670.79763904112
 20
278.8174396490165
 30
0.0
 40
10.0
 41
128.0196514489871
 71
     1
 72
     5
  1
13857331 pos.7
 11
-1.0
 21
0.0000000000000001
 31
0.0
 73
     1
 44
1.0
1001
ACAD
1000
MTEXTBEGIN
1070
    73
1070
     1
1070
    44
1040
1.0
1070
    74
1070
     0
1000
MTEXTEND
  0
LWPOLYLINE
  5
336
330
1F
100
AcDbEntity
  8
14337270
 62
     3
100
AcDbPolyline
 90
       10
 70
     1
 43
0.0
 10
18004.4899312224
 20
269.9122525134133
 10
18056.10974160689
 20
343.6329818225476
 10
18056.10974160689
 20
415.6329818225474
 42
0.414213564571003
 10
18053.10974160689
 20
418.6329818225474
 10
17759.1097416069
 20
418.6329818225474
 42
0.4142135656711946
 10
17756.1097416069
 20
415.6329818225474
 10
17756.1097416069
 20
343.6329818225476
 10
17807.72955199142
 20
269.9122525134133
 42
0.2446984307627015
 10
17810.18700812428
 20
268.6329818225474
 10
18002.03247508951
 20
268.6329818225474
 42
0.2446984218434904
  0
CIRCLE
  5
337
330
1F
100
AcDbEntity
  8
14337270
 62
     3
100
AcDbCircle
 10
17906.1097416069
 20
383.6329818225475
 30
0.0
 40
13.0
  0
MTEXT
  5
338
330
1F
100
AcDbEntity
  8
Texto
 62
     3
100
AcDbMText
 10
17946.541275978
 20
404.6624300467718
 30
0.0
 40
10.0
 41
128.4592637975611
 71
     1
 72
     5
  1
14337270 pos.1
 11
-1.0
 21
0.0000000000000001
 31
0.0
 73
     1
 44
1.0
1001
ACAD
1000
MTEXTBEGIN
1070
    73
1070
     1
1070
    44
1040
1.0
1070
    74
1070
     0
1000
MTEXTEND
  0
LWPOLYLINE
  5
339
330
1F
100
AcDbEntity
  8
13698080
 62
     2
100
AcDbPolyline
 90
       11
 70
     1
 43
0.0
 10
16195.50000136025
 20
453.393895099684
 10
16195.50000136
 20
307.8938950996841
 42
0.4142135753446715
 10
16198.50000135999
 20
304.8938950996789
 10
16285.00000135999
 20
304.893895099528
 42
0.4142135551415961
 10
16288.00000136
 20
307.8938950995227
 10
16288.00000136006
 20
344.8938950995237
 10
16375.00000136006
 20
344.8938950993718
 42
0.4142135490782615
 10
16378.00000136007
 20
347.8938950993666
 10
16378.00000136025
 20
453.3938950993657
 42
0.4142135476024507
 10
16375.00000136026
 20
456.3938950993708
 10
16198.50000136026
 20
456.3938950996789
 42
0.4142135786913199
  0
MTEXT
  5
33A
330
1F
100
AcDbEntity
  8
Texto
 62
     2
100
AcDbMText
 10
16249.440161583
 20
415.2027403455106
 30
0.0
 40
10.0
 41
74.59567229313687
 71
     1
 72
     5
  1
13698080\Ppos.3
 11
-0.0000000000018192
 21
-1.0
 31
0.0
 73
     1
 44
1.0
1001
ACAD
1000
MTEXTBEGIN
1070
    73
1070
     1
1070
    44
1040
1.0
1070
    74
1070
     0
1000
MTEXTEND
  0
LWPOLYLINE
  5
33B
330
1F
100
AcDbEntity
  8
13920263
 62
     2
100
AcDbPolyline
 90
       12
 70
     1
 43
0.0
 10
17003.3515153497
 20
513.6671520511292
 42
0.1604097978568497
 10
17003.93847187168
 20
515.449628186163
 10
17003.93847187176
 20
562.8112674110572
 42
0.4142135741721897
 10
17000.93847187176
 20
565.8112674110633
 10
16939.93847187176
 20
565.8112674111698
 42
0.4142135766807468
 10
16936.93847187175
 20
562.8112674111742
 10
16936.93847187131
 20
309.8112674111751
 42
0.41421357470542
 10
16939.93847187131
 20
306.8112674111699
 10
17000.93847187131
 20
306.8112674110634
 42
0.4142135683933647
 10
17003.93847187132
 20
309.8112674110582
 10
17003.93847187139
 20
351.4618237615625
 42
0.1604097830164699
 10
17003.35151534942
 20
353.2442998966283
 42
-0.3292927799662487
  0
CIRCLE
  5
33C
330
1F
100
AcDbEntity
  8
13920263
 62
     2
100
AcDbCircle
 10
16983.93847187134
 20
326.811267411094
 30
0.0
 40
8.0
  0
CIRCLE
  5
33D
330
1F
100
AcDbEntity
  8
13920263
 62
     2
100
AcDbCircle
 10
16983.93847187172
 20
545.811267411092
 30
0.0
 40
8.0
  0
MTEXT
  5
33E
330
1F
100
AcDbEntity
  8
Texto
 62
     2
100
AcDbMText
 10
16968.52437032635
 20
468.1230054731869
 30
0.0
 40
10.0
 41
115.2897176644846
 71
     1
 72
     5
  1
13920263 pos.3
 11
-0.0000000000000002
 21
-1.0
 31
0.0
 73
     1
 44
1.0
1001
ACAD
1000
MTEXTBEGIN
1070
    73
1070
     1
1070
    44
1040
1.0
1070
    74
1070
     0
1000
MTEXTEND
  0
LWPOLYLINE
  5
33F
330
1F
100
AcDbEntity
  8
13698080
 62
     2
100
AcDbPolyline
 90
       11
 70
     1
 43
0.0
 10
17553.6097412224
 20
497.5000000996845
 10
17553.60974122215
 20
352.0000000996845
 42
0.4142135621766807
 10
17556.60974122214
 20
349.0000000996793
 10
17643.10974122214
 20
349.0000000995284
 42
0.4142135573595939
 10
17646.10974122215
 20
352.0000000995232
 10
17646.10974122221
 20
389.0000000995232
 10
17733.10974122221
 20
389.0000000993713
 42
0.4142135770074624
 10
17736.10974122222
 20
392.0000000993669
 10
17736.1097412224
 20
497.500000099366
 42
0.4142135607723997
 10
17733.10974122241
 20
500.5000000993712
 10
17556.60974122241
 20
500.5000000996792
 42
0.414213549982599
  0
MTEXT
  5
340
330
1F
100
AcDbEntity
  8
Texto
 62
     2
100
AcDbMText
 10
17607.54990144515
 20
459.308845345511
 30
0.0
 40
10.0
 41
74.59567229313687
 71
     1
 72
     5
  1
13698080\Ppos.3
 11
-0.0000000000000002
 21
-1.0
 31
0.0
 73
     1
 44
1.0
1001
ACAD
1000
MTEXTBEGIN
1070
    73
1070
     1
1070
    44
1040
1.0
1070
    74
1070
     0
1000
MTEXTEND
  0
LWPOLYLINE
  5
341
330
1F
100
AcDbEntity
  8
13698080
 62
     2
100
AcDbPolyline
 90
       11
 70
     1
 43
0.0
 10
15993.00000136025
 20
513.0083780335012
 10
15993.00000136
 20
367.5083780335015
 42
0.4142135728125836
 10
15996.00000135999
 20
364.5083780334962
 10
16082.50000135999
 20
364.5083780333453
 42
0.4142135599688332
 10
16085.50000136
 20
367.50837803334
 10
16085.50000136006
 20
404.50837803334
 10
16172.50000136006
 20
404.5083780331881
 42
0.4142135663696723
 10
16175.50000136007
 20
407.508378033184
 10
16175.50000136025
 20
513.0083780331828
 42
0.4142135501345438
 10
16172.50000136026
 20
516.008378033188
 10
15996.00000136026
 20
516.0083780334961
 42
0.4142135606199722
  0
MTEXT
  5
342
330
1F
100
AcDbEntity
  8
Texto
 62
     2
100
AcDbMText
 10
16046.94016158301
 20
474.8172232793279
 30
0.0
 40
10.0
 41
74.59567229313687
 71
     1
 72
     5
  1
13698080\Ppos.3
 11
-0.0000000000018192
 21
-1.0
 31
0.0
 73
     1
 44
1.0
1001
ACAD
1000
MTEXTBEGIN
1070
    73
1070
     1
1070
    44
1040
1.0
1070
    74
1070
     0
1000
MTEXTEND
  0
LWPOLYLINE
  5
343
330
1F
100
AcDbEntity
  8
13698080
 62
     2
100
AcDbPolyline
 90
       11
 70
     1
 43
0.0
 10
16913.9384723497
 20
565.8112670511292
 10
16768.4384723497
 20
565.8112670511292
 42
0.4142135676517881
 10
16765.4384723497
 20
562.8112670511292
 10
16765.4384723497
 20
476.3112670511294
 42
0.4142135628346568
 10
16768.4384723497
 20
473.3112670511293
 10
16805.43847234971
 20
473.3112670511293
 10
16805.43847234971
 20
386.3112670511294
 42
0.4142135567711497
 10
16808.4384723497
 20
383.3112670511294
 10
16913.9384723497
 20
383.3112670511294
 42
0.4142135552952058
 10
16916.9384723497
 20
386.3112670511294
 10
16916.9384723497
 20
562.8112670511292
 42
0.4142135709983919
  0
MTEXT
  5
344
330
1F
100
AcDbEntity
  8
Texto
 62
     2
100
AcDbMText
 10
16875.74731759562
 20
511.8711068283122
 30
0.0
 40
10.0
 41
74.59567229313687
 71
     1
 72
     5
  1
13698080\Ppos.3
 11
-1.0
 21
0.0000000000000001
 31
0.0
 73
     1
 44
1.0
1001
ACAD
1000
MTEXTBEGIN
1070
    73
1070
     1
1070
    44
1040
1.0
1070
    74
1070
     0
1000
MTEXTEND
  0
LWPOLYLINE
  5
345
330
1F
100
AcDbEntity
  8
13698080
 62
     2
100
AcDbPolyline
 90
       11
 70
     1
 43
0.0
 10
18224.93660265283
 20
567.4261734873332
 10
18079.43660265283
 20
567.4261734873332
 42
0.4142135782878688
 10
18076.43660265283
 20
564.4261734873332
 10
18076.43660265283
 20
477.9261734873334
 42
0.414213565442431
 10
18079.43660265283
 20
474.9261734873335
 10
18116.43660265283
 20
474.9261734873335
 10
18116.43660265283
 20
387.9261734873335
 42
0.4142135461341431
 10
18119.43660265283
 20
384.9261734873335
 10
18224.93660265283
 20
384.9261734873335
 42
0.4142135446594758
 10
18227.93660265283
 20
387.9261734873335
 10
18227.93660265283
 20
564.4261734873332
 42
0.4142135816357492
  0
MTEXT
  5
346
330
1F
100
AcDbEntity
  8
Texto
 62
     2
100
AcDbMText
 10
18186.74544789875
 20
513.4860132645088
 30
0.0
 40
10.0
 41
74.59567229313687
 71
     1
 72
     5
  1
13698080\Ppos.3
 11
-1.0
 21
0.0000000000000001
 31
0.0
 73
     1
 44
1.0
1001
ACAD
1000
MTEXTBEGIN
1070
    73
1070
     1
1070
    44
1040
1.0
1070
    74
1070
     0
1000
MTEXTEND
  0
LWPOLYLINE
  5
347
330
1F
100
AcDbEntity
  8
13698080
 62
     2
100
AcDbPolyline
 90
       11
 70
     1
 43
0.0
 10
15973.00000136026
 20
387.6879404846424
 10
15973.00000136026
 20
533.1879404846422
 42
0.4142135773756117
 10
15970.00000136026
 20
536.1879404846422
 10
15883.50000136026
 20
536.1879404846422
 42
0.414213539864721
 10
15880.50000136026
 20
533.1879404846422
 10
15880.50000136026
 20
496.1879404846414
 10
15793.50000136025
 20
496.1879404846414
 42
0.4142135602925241
 10
15790.50000136025
 20
493.1879404846415
 10
15790.50000136025
 20
387.6879404846424
 42
0.4142135588180342
 10
15793.50000136025
 20
384.6879404846424
 10
15970.00000136026
 20
384.6879404846424
 42
0.4142135807223933
  0
MTEXT
  5
348
330
1F
100
AcDbEntity
  8
Texto
 62
     2
100
AcDbMText
 10
15919.05984113744
 20
425.8790952387218
 30
0.0
 40
10.0
 41
74.59567229313687
 71
     1
 72
     5
  1
13698080\Ppos.3
 11
0.0000000000000001
 21
1.0
 31
0.0
 73
     1
 44
1.0
1001
ACAD
1000
MTEXTBEGIN
1070
    73
1070
     1
1070
    44
1040
1.0
1070
    74
1070
     0
1000
MTEXTEND
  0
LWPOLYLINE
  5
349
330
1F
100
AcDbEntity
  8
13698080
 62
     2
100
AcDbPolyline
 90
       11
 70
     1
 43
0.0
 10
17023.9384723497
 20
562.8112670511292
 10
17023.93847234945
 20
417.3112670511285
 42
0.4142135611467481
 10
17026.93847234945
 20
414.3112670511232
 10
17113.43847234945
 20
414.3112670509721
 42
0.4142135674356612
 10
17116.43847234945
 20
417.3112670509671
 10
17116.43847234951
 20
454.311267050966
 10
17203.43847234951
 20
454.3112670508143
 42
0.4142135613716712
 10
17206.43847234952
 20
457.311267050809
 10
17206.4384723497
 20
562.8112670508108
 42
0.4142135618009892
 10
17203.43847234971
 20
565.811267050816
 10
17026.93847234971
 20
565.8112670511241
 42
0.4142135663982254
  0
MTEXT
  5
34A
330
1F
100
AcDbEntity
  8
Texto
 62
     2
100
AcDbMText
 10
17077.87863257245
 20
524.6201122969539
 30
0.0
 40
10.0
 41
74.59567229313687
 71
     1
 72
     5
  1
13698080\Ppos.3
 11
-0.0000000000036382
 21
-1.0
 31
0.0
 73
     1
 44
1.0
1001
ACAD
1000
MTEXTBEGIN
1070
    73
1070
     1
1070
    44
1040
1.0
1070
    74
1070
     0
1000
MTEXTEND
  0
LWPOLYLINE
  5
34B
330
1F
100
AcDbEntity
  8
14337270
 62
     3
100
AcDbPolyline
 90
       10
 70
     1
 43
0.0
 10
18004.81679265282
 20
439.9122525134132
 10
18056.43660303736
 20
513.63298182254
 10
18056.43660303736
 20
585.63298182254
 42
0.4142135615335499
 10
18053.43660303736
 20
588.63298182254
 10
17759.43660303735
 20
588.63298182254
 42
0.4142135593249867
 10
17756.43660303735
 20
585.63298182254
 10
17756.43660303735
 20
513.63298182254
 10
17808.05641342188
 20
439.9122525134132
 42
0.244698418532531
 10
17810.51386955474
 20
438.6329818225402
 10
18002.35933651997
 20
438.6329818225402
 42
0.2446984556820541
  0
CIRCLE
  5
34C
330
1F
100
AcDbEntity
  8
14337270
 62
     3
100
AcDbCircle
 10
17906.43660303735
 20
553.63298182254
 30
0.0
 40
13.0
  0
MTEXT
  5
34D
330
1F
100
AcDbEntity
  8
Texto
 62
     3
100
AcDbMText
 10
17946.86813740843
 20
574.6624300467716
 30
0.0
 40
10.0
 41
128.4592637975611
 71
     1
 72
     5
  1
14337270 pos.1
 11
-1.0
 21
0.0000000000000001
 31
0.0
 73
     1
 44
1.0
1001
ACAD
1000
MTEXTBEGIN
1070
    73
1070
     1
1070
    44
1040
1.0
1070
    74
1070
     0
1000
MTEXTEND
  0
LWPOLYLINE
  5
34E
330
1F
100
AcDbEntity
  8
13698080
 62
     2
100
AcDbPolyline
 90
       11
 70
     1
 43
0.0
 10
16195.50000136025
 20
624.8938950996845
 10
16195.50000136
 20
479.3938950996845
 42
0.414213569870624
 10
16198.50000135999
 20
476.3938950996794
 10
16285.00000135999
 20
476.3938950995284
 42
0.4142135761576447
 10
16288.00000136
 20
479.3938950995232
 10
16288.00000136006
 20
516.3938950995231
 10
16375.00000136006
 20
516.3938950993712
 42
0.4142135693143735
 10
16378.00000136007
 20
519.3938950993668
 10
16378.00000136025
 20
624.8938950993659
 42
0.4142135530796721
 10
16375.00000136026
 20
627.8938950993712
 10
16198.50000136026
 20
627.8938950996793
 42
0.4142135576752655
  0
MTEXT
  5
34F
330
1F
100
AcDbEntity
  8
Texto
 62
     2
100
AcDbMText
 10
16249.440161583
 20
586.7027403455109
 30
0.0
 40
10.0
 41
74.59567229313687
 71
     1
 72
     5
  1
13698080\Ppos.3
 11
-0.0000000000018192
 21
-1.0
 31
0.0
 73
     1
 44
1.0
1001
ACAD
1000
MTEXTBEGIN
1070
    73
1070
     1
1070
    44
1040
1.0
1070
    74
1070
     0
1000
MTEXTEND
  0
LWPOLYLINE
  5
350
330
1F
100
AcDbEntity
  8
13698080
 62
     2
100
AcDbPolyline
 90
       11
 70
     1
 43
0.0
 10
15768.00000136026
 20
664.6879404846423
 10
15768.00000136
 20
519.1879404846414
 42
0.4142135631776661
 10
15771.00000135999
 20
516.187940484636
 10
15857.50000135999
 20
516.1879404844852
 42
0.4142135521591683
 10
15860.50000136
 20
519.18794048448
 10
15860.50000136006
 20
556.187940484479
 10
15947.50000136006
 20
556.1879404843272
 42
0.4142135725866671
 10
15950.50000136007
 20
559.1879404843219
 10
15950.50000136025
 20
664.6879404843237
 42
0.4142135730145366
 10
15947.50000136026
 20
667.687940484329
 10
15771.00000136026
 20
667.6879404846371
 42
0.4142135684279336
  0
MTEXT
  5
351
330
1F
100
AcDbEntity
  8
Texto
 62
     2
100
AcDbMText
 10
15821.94016158301
 20
626.4967857304669
 30
0.0
 40
10.0
 41
74.59567229313687
 71
     1
 72
     5
  1
13698080\Ppos.3
 11
-0.0000000000018192
 21
-1.0
 31
0.0
 73
     1
 44
1.0
1001
ACAD
1000
MTEXTBEGIN
1070
    73
1070
     1
1070
    44
1040
1.0
1070
    74
1070
     0
1000
MTEXTEND
  0
LWPOLYLINE
  5
352
330
1F
100
AcDbEntity
  8
13698080
 62
     2
100
AcDbPolyline
 90
       11
 70
     1
 43
0.0
 10
17553.93660265283
 20
669.0000000996844
 10
17553.93660265257
 20
523.5000000996854
 42
0.4142135647069369
 10
17556.93660265257
 20
520.5000000996801
 10
17643.43660265257
 20
520.5000000995291
 42
0.4142135598886347
 10
17646.43660265257
 20
523.5000000995239
 10
17646.43660265264
 20
560.500000099523
 10
17733.43660265264
 20
560.5000000993711
 42
0.4142135803171109
 10
17736.43660265264
 20
563.5000000993658
 10
17736.43660265283
 20
669.0000000993657
 42
0.4142135847313854
 10
17733.43660265283
 20
672.0000000993713
 10
17556.93660265283
 20
672.0000000996792
 42
0.4142135474527592
  0
MTEXT
  5
353
330
1F
100
AcDbEntity
  8
Texto
 62
     2
100
AcDbMText
 10
17607.87676287558
 20
630.808845345509
 30
0.0
 40
10.0
 41
74.59567229313687
 71
     1
 72
     5
  1
13698080\Ppos.3
 11
-0.0000000000000002
 21
-1.0
 31
0.0
 73
     1
 44
1.0
1001
ACAD
1000
MTEXTBEGIN
1070
    73
1070
     1
1070
    44
1040
1.0
1070
    74
1070
     0
1000
MTEXTEND
  0
LWPOLYLINE
  5
354
330
1F
100
AcDbEntity
  8
13698080
 62
     2
100
AcDbPolyline
 90
       11
 70
     1
 43
0.0
 10
16175.50000136025
 20
539.0083780335012
 10
16175.50000136025
 20
684.5083780335012
 42
0.414213571900704
 10
16172.50000136025
 20
687.5083780335012
 10
16086.00000136025
 20
687.5083780335012
 42
0.4142135608809516
 10
16083.00000136025
 20
684.5083780335012
 10
16083.00000136025
 20
647.5083780335012
 10
15996.00000136025
 20
647.5083780335012
 42
0.414213580528576
 10
15993.00000136025
 20
644.5083780335003
 10
15993.00000136025
 20
539.0083780335012
 42
0.414213564292875
 10
15996.00000136025
 20
536.0083780335012
 10
16172.50000136025
 20
536.0083780335012
 42
0.4142135597063498
  0
MTEXT
  5
355
330
1F
100
AcDbEntity
  8
Texto
 62
     2
100
AcDbMText
 10
16121.55984113744
 20
577.1995327875806
 30
0.0
 40
10.0
 41
74.59567229313687
 71
     1
 72
     5
  1
13698080\Ppos.3
 11
0.0000000000000001
 21
1.0
 31
0.0
 73
     1
 44
1.0
1001
ACAD
1000
MTEXTBEGIN
1070
    73
1070
     1
1070
    44
1040
1.0
1070
    74
1070
     0
1000
MTEXTEND
  0
LWPOLYLINE
  5
356
330
1F
100
AcDbEntity
  8
14337270
 62
     3
100
AcDbPolyline
 90
       10
 70
     1
 43
0.0
 10
16901.52088375576
 20
734.5319960511289
 10
16849.90107337126
 20
660.8112667419947
 10
16849.90107337126
 20
588.8112667419948
 42
0.4142135592290771
 10
16852.90107337127
 20
585.8112667419947
 10
17146.90107337126
 20
585.8112667419947
 42
0.4142135735747773
 10
17149.90107337126
 20
588.8112667419948
 10
17149.90107337126
 20
660.8112667419947
 10
17098.28126298673
 20
734.5319960511289
 42
0.2446984224908328
 10
17095.82380685388
 20
735.8112667419949
 10
16903.97833988865
 20
735.8112667419949
 42
0.2446984297415295
  0
CIRCLE
  5
357
330
1F
100
AcDbEntity
  8
14337270
 62
     3
100
AcDbCircle
 10
16999.90107337127
 20
620.8112667419948
 30
0.0
 40
13.0
  0
MTEXT
  5
358
330
1F
100
AcDbEntity
  8
Texto
 62
     3
100
AcDbMText
 10
16959.46953900016
 20
599.7818185177704
 30
0.0
 40
10.0
 41
128.4592637975611
 71
     1
 72
     5
  1
14337270 pos.1
 73
     1
 44
1.0
1001
ACAD
1000
MTEXTBEGIN
1070
    73
1070
     1
1070
    44
1040
1.0
1070
    74
1070
     0
1000
MTEXTEND
  0
LWPOLYLINE
  5
359
330
1F
100
AcDbEntity
  8
13698080
 62
     2
100
AcDbPolyline
 90
       11
 70
     1
 43
0.0
 10
18229.00000136025
 20
769.926173487333
 10
18083.50000136025
 20
769.926173487333
 42
0.4142135753420077
 10
18080.50000136025
 20
766.926173487333
 10
18080.50000136025
 20
680.4261734873332
 42
0.4142135624974192
 10
18083.50000136025
 20
677.4261734873332
 10
18120.50000136025
 20
677.4261734873332
 10
18120.50000136025
 20
590.4261734873332
 42
0.4142135696799646
 10
18123.50000136025
 20
587.4261734873332
 10
18229.00000136025
 20
587.4261734873332
 42
0.4142135740967138
 10
18232.00000136025
 20
590.4261734873332
 10
18232.00000136025
 20
766.926173487333
 42
0.4142135580903596
  0
MTEXT
  5
35A
330
1F
100
AcDbEntity
  8
Texto
 62
     2
100
AcDbMText
 10
18190.80884660617
 20
715.9860132645088
 30
0.0
 40
10.0
 41
74.59567229313687
 71
     1
 72
     5
  1
13698080\Ppos.3
 11
-1.0
 21
0.0000000000000001
 31
0.0
 73
     1
 44
1.0
1001
ACAD
1000
MTEXTBEGIN
1070
    73
1070
     1
1070
    44
1040
1.0
1070
    74
1070
     0
1000
MTEXTEND
  0
LWPOLYLINE
  5
35B
330
1F
100
AcDbEntity
  8
14337270
 62
     3
100
AcDbPolyline
 90
       10
 70
     1
 43
0.0
 10
17812.11981136025
 20
757.3537105134136
 10
17760.50000097573
 20
683.632981204272
 10
17760.50000097573
 20
611.632981204272
 42
0.4142135614253423
 10
17763.50000097573
 20
608.632981204272
 10
18057.50000097573
 20
608.632981204272
 42
0.4142135683814383
 10
18060.50000097572
 20
611.632981204272
 10
18060.50000097572
 20
683.632981204272
 10
18008.8801905912
 20
757.3537105134136
 42
0.2446984152533525
 10
18006.42273445834
 20
758.632981204272
 10
17814.57726749312
 20
758.632981204272
 42
0.2446984431185348
  0
CIRCLE
  5
35C
330
1F
100
AcDbEntity
  8
14337270
 62
     3
100
AcDbCircle
 10
17910.50000097573
 20
643.632981204272
 30
0.0
 40
13.0
  0
MTEXT
  5
35D
330
1F
100
AcDbEntity
  8
Texto
 62
     3
100
AcDbMText
 10
17870.06846660466
 20
622.6035329800403
 30
0.0
 40
10.0
 41
128.4592637975611
 71
     1
 72
     5
  1
14337270 pos.1
 73
     1
 44
1.0
1001
ACAD
1000
MTEXTBEGIN
1070
    73
1070
     1
1070
    44
1040
1.0
1070
    74
1070
     0
1000
MTEXTEND
  0
LWPOLYLINE
  5
35E
330
1F
100
AcDbEntity
  8
14337270
 62
     3
100
AcDbPolyline
 90
       10
 70
     1
 43
0.0
 10
16422.11050006452
 20
649.1731660996844
 10
16473.73031044903
 20
722.8938954088188
 10
16473.73031044903
 20
794.8938954088188
 42
0.4142135597868092
 10
16470.73031044904
 20
797.8938954088188
 10
16176.73031044903
 20
797.8938954088188
 42
0.4142135667400304
 10
16173.73031044904
 20
794.8938954088188
 10
16173.73031044904
 20
722.8938954088188
 10
16225.35012083356
 20
649.1731660996844
 42
0.2446984361884915
 10
16227.80757696642
 20
647.8938954088184
 10
16419.65304393165
 20
647.8938954088184
 42
0.2446984396547202
  0
CIRCLE
  5
35F
330
1F
100
AcDbEntity
  8
14337270
 62
     3
100
AcDbCircle
 10
16323.73031044904
 20
762.8938954088188
 30
0.0
 40
13.0
  0
MTEXT
  5
360
330
1F
100
AcDbEntity
  8
Texto
 62
     3
100
AcDbMText
 10
16364.16184482011
 20
783.9233436330429
 30
0.0
 40
10.0
 41
128.4592637975611
 71
     1
 72
     5
  1
14337270 pos.1
 11
-1.0
 21
0.0000000000000001
 31
0.0
 73
     1
 44
1.0
1001
ACAD
1000
MTEXTBEGIN
1070
    73
1070
     1
1070
    44
1040
1.0
1070
    74
1070
     0
1000
MTEXTEND
  0
LWPOLYLINE
  5
361
330
1F
100
AcDbEntity
  8
13698080
 62
     2
100
AcDbPolyline
 90
       11
 70
     1
 43
0.0
 10
15970.50000136025
 20
816.0083780335012
 10
15970.50000136
 20
670.5083780335023
 42
0.4142135723998426
 10
15973.50000135999
 20
667.508378033497
 10
16060.00000135999
 20
667.508378033346
 42
0.4142135786868578
 10
16063.00000136
 20
670.5083780333406
 10
16063.00000136006
 20
707.5083780333398
 10
16150.00000136006
 20
707.508378033188
 42
0.4142135726242051
 10
16153.00000136007
 20
710.5083780331827
 10
16153.00000136025
 20
816.0083780331827
 42
0.4142135770395118
 10
16150.00000136026
 20
819.008378033188
 10
15973.50000136026
 20
819.008378033496
 42
0.41421355514532
  0
MTEXT
  5
362
330
1F
100
AcDbEntity
  8
Texto
 62
     2
100
AcDbMText
 10
16024.440161583
 20
777.817223279326
 30
0.0
 40
10.0
 41
74.59567229313687
 71
     1
 72
     5
  1
13698080\Ppos.3
 11
-0.0000000000018192
 21
-1.0
 31
0.0
 73
     1
 44
1.0
1001
ACAD
1000
MTEXTBEGIN
1070
    73
1070
     1
1070
    44
1040
1.0
1070
    74
1070
     0
1000
MTEXTEND
  0
LWPOLYLINE
  5
363
330
1F
100
AcDbEntity
  8
13698080
 62
     2
100
AcDbPolyline
 90
       11
 70
     1
 43
0.0
 10
15768.00000136026
 20
836.1879404846421
 10
15768.00000136
 20
690.6879404846432
 42
0.4142135744305274
 10
15771.00000135999
 20
687.687940484638
 10
15857.50000135999
 20
687.6879404844872
 42
0.4142135634101978
 10
15860.50000136
 20
690.6879404844818
 10
15860.50000136006
 20
727.687940484481
 10
15947.50000136006
 20
727.687940484329
 42
0.4142135838386632
 10
15950.50000136007
 20
730.6879404843236
 10
15950.50000136025
 20
836.1879404843236
 42
0.4142135882550022
 10
15947.50000136026
 20
839.187940484329
 10
15771.00000136026
 20
839.187940484637
 42
0.4142135571761714
  0
MTEXT
  5
364
330
1F
100
AcDbEntity
  8
Texto
 62
     2
100
AcDbMText
 10
15821.94016158301
 20
797.9967857304671
 30
0.0
 40
10.0
 41
74.59567229313687
 71
     1
 72
     5
  1
13698080\Ppos.3
 11
-0.0000000000018192
 21
-1.0
 31
0.0
 73
     1
 44
1.0
1001
ACAD
1000
MTEXTBEGIN
1070
    73
1070
     1
1070
    44
1040
1.0
1070
    74
1070
     0
1000
MTEXTEND
  0
LWPOLYLINE
  5
365
330
1F
100
AcDbEntity
  8
14337270
 62
     3
100
AcDbPolyline
 90
       10
 70
     1
 43
0.0
 10
17742.83891424308
 20
693.2792710996844
 10
17794.45872462757
 20
767.0000004088185
 10
17794.45872462757
 20
839.0000004088186
 42
0.4142135600841613
 10
17791.45872462757
 20
842.0000004088185
 10
17497.45872462757
 20
842.0000004088185
 42
0.4142135634420418
 10
17494.45872462757
 20
839.0000004088186
 10
17494.45872462757
 20
767.0000004088185
 10
17546.0785350121
 20
693.2792710996844
 42
0.2446984474076455
 10
17548.53599114496
 20
692.0000004088185
 10
17740.38145811019
 20
692.0000004088185
 42
0.2446984491668938
  0
CIRCLE
  5
366
330
1F
100
AcDbEntity
  8
14337270
 62
     3
100
AcDbCircle
 10
17644.45872462758
 20
807.0000004088186
 30
0.0
 40
13.0
  0
MTEXT
  5
367
330
1F
100
AcDbEntity
  8
Texto
 62
     3
100
AcDbMText
 10
17684.89025899868
 20
828.0294486330429
 30
0.0
 40
10.0
 41
128.4592637975611
 71
     1
 72
     5
  1
14337270 pos.1
 11
-1.0
 21
0.0000000000000001
 31
0.0
 73
     1
 44
1.0
1001
ACAD
1000
MTEXTBEGIN
1070
    73
1070
     1
1070
    44
1040
1.0
1070
    74
1070
     0
1000
MTEXTEND
  0
LWPOLYLINE
  5
368
330
1F
100
AcDbEntity
  8
13698080
 62
     2
100
AcDbPolyline
 90
       11
 70
     1
 43
0.0
 10
17962.50000136025
 20
863.4261734873332
 10
17962.50000136025
 20
792.9261734873315
 42
0.4142135504844182
 10
17965.50000136025
 20
789.9261734873315
 10
18142.00000136025
 20
789.9261734873315
 42
0.4142135685965219
 10
18145.00000136025
 20
792.9261734873315
 10
18145.00000136025
 20
918.2622040024753
 42
0.4435527802100098
 10
18141.70312324079
 20
921.2474784257382
 10
18055.20312324079
 20
912.6452684809656
 42
0.3854706505536752
 10
18052.50000136025
 20
909.6599940577023
 10
18052.50000136025
 20
866.4261734873333
 10
17965.50000136025
 20
866.4261734873333
 42
0.4142135501476633
  0
MTEXT
  5
369
330
1F
100
AcDbEntity
  8
Texto
 62
     2
100
AcDbMText
 10
18101.83037550007
 20
823.8735957192282
 30
0.0
 40
10.0
 41
74.59567229313687
 71
     1
 72
     5
  1
13698080\Ppos.5
 11
0.0000000000000001
 21
1.0
 31
0.0
 73
     1
 44
1.0
1001
ACAD
1000
MTEXTBEGIN
1070
    73
1070
     1
1070
    44
1040
1.0
1070
    74
1070
     0
1000
MTEXTEND
  0
LWPOLYLINE
  5
36A
330
1F
100
AcDbEntity
  8
13528310
 62
     2
100
AcDbPolyline
 90
       12
 70
     1
 43
0.0
 10
18165.58695836025
 20
846.4649764755527
 42
0.1604098268801299
 10
18165.00000183875
 20
844.6825003405178
 10
18165.00000183875
 20
800.1764025528176
 42
0.4142135632092327
 10
18168.00000183876
 20
797.1764025528176
 10
18229.00000183876
 20
797.1764025528176
 42
0.4142135576527116
 10
18232.00000183875
 20
800.1764025528176
 10
18232.00000183875
 20
1053.176402552818
 42
0.414213558998643
 10
18229.00000183876
 20
1056.176402552817
 10
18168.00000183876
 20
1056.176402552817
 42
0.4142135558640928
 10
18165.00000183875
 20
1053.176402552818
 10
18165.00000183875
 20
1008.670304765088
 42
0.1604098351383832
 10
18165.58695836025
 20
1006.887828630053
 42
-0.3292927799625262
  0
CIRCLE
  5
36B
330
1F
100
AcDbEntity
  8
13528310
 62
     2
100
AcDbCircle
 10
18185.00000183876
 20
1036.176402552818
 30
0.0
 40
8.0
  0
CIRCLE
  5
36C
330
1F
100
AcDbEntity
  8
13528310
 62
     2
100
AcDbCircle
 10
18185.00000183876
 20
817.1764025528167
 30
0.0
 40
8.0
  0
MTEXT
  5
36D
330
1F
100
AcDbEntity
  8
Texto
 62
     2
100
AcDbMText
 10
18213.34384852588
 20
891.6555995686874
 30
0.0
 40
10.0
 41
128.0196514489871
 71
     1
 72
     5
  1
13528310 pos.5
 11
0.0000000000000001
 21
1.0
 31
0.0
 73
     1
 44
1.0
1001
ACAD
1000
MTEXTBEGIN
1070
    73
1070
     1
1070
    44
1040
1.0
1070
    74
1070
     0
1000
MTEXTEND
  0
LWPOLYLINE
  5
36E
330
1F
100
AcDbEntity
  8
EM-26239-25
 62
    32
100
AcDbPolyline
 90
        4
 70
     1
 43
0.0
 10
16513.26268736025
 20
1842.000000099685
 10
16090.81269031889
 20
1842.000000099685
 42
0.1030483166177284
 10
16088.81623475658
 20
1841.584121082673
 42
4.800568148194556
 10
16515.25914292256
 20
1841.584121082673
 42
0.103048329918002
  0
CIRCLE
  5
36F
330
1F
100
AcDbEntity
  8
0
 62
    32
100
AcDbCircle
 10
16742.03768883957
 20
1352.000000099673
 30
0.0
 40
40.0
  0
LWPOLYLINE
  5
370
330
1F
100
AcDbEntity
  8
EM-26239-25
 62
    32
100
AcDbPolyline
 90
        6
 70
     1
 43
0.0
 10
16039.74777290722
 20
1377.000000099684
 10
15982.03768883957
 20
1377.000000099684
 42
1.000006940912648
 10
15982.03768883957
 20
1327.000000099673
 10
16039.74777290722
 20
1327.000000099673
 42
-0.3812381528527021
 10
16044.71538495119
 20
1322.568181917853
 42
17.54299719776478
 10
16044.71538495119
 20
1381.431818281504
 42
-0.381238150972709
  0
MTEXT
  5
371
330
1F
100
AcDbEntity
  8
Texto
 62
    32
100
AcDbMText
 10
16638.16961655239
 20
1324.508066779005
 30
0.0
 40
10.0
 41
97.44640894477925
 71
     1
 72
     5
  1
EM-26239 25 pos.3
 11
0.0000000000000001
 21
1.0
 31
0.0
 73
     1
 44
1.0
1001
ACAD
1000
MTEXTBEGIN
1070
    73
1070
     1
1070
    44
1040
1.0
1070
    74
1070
     0
1000
MTEXTEND
  0
LWPOLYLINE
  5
372
330
1F
100
AcDbEntity
  8
13698080
 62
     2
100
AcDbPolyline
 90
       11
 70
     1
 43
0.0
 10
15841.50000136026
 20
1041.687940484642
 10
15771.00000136025
 20
1041.687940484642
 42
0.4142135725771439
 10
15768.00000136025
 20
1038.687940484642
 10
15768.00000136025
 20
862.1879404846421
 42
0.4142135420173325
 10
15771.00000136025
 20
859.1879404846421
 10
15896.33603187539
 20
859.1879404846421
 42
0.4435527638482101
 10
15899.32130629865
 20
862.4848186040999
 10
15890.71909635389
 20
948.9848186040999
 42
0.3854706745703384
 10
15887.73382193062
 20
951.687940484642
 10
15844.50000136025
 20
951.687940484642
 10
15844.50000136025
 20
1038.687940484642
 42
0.4142135502351818
  0
MTEXT
  5
373
330
1F
100
AcDbEntity
  8
Texto
 62
     2
100
AcDbMText
 10
15805.83596237568
 20
905.8385869551219
 30
0.0
 40
10.0
 41
74.59567229313687
 71
     1
 72
     5
  1
13698080\Ppos.6
 73
     1
 44
1.0
1001
ACAD
1000
MTEXTBEGIN
1070
    73
1070
     1
1070
    44
1040
1.0
1070
    74
1070
     0
1000
MTEXTEND
  0
LWPOLYLINE
  5
374
330
1F
100
AcDbEntity
  8
EM-26239-25
 62
    32
100
AcDbPolyline
 90
        8
 70
     1
 43
0.0
 10
17911.11813137265
 20
1841.584121099685
 42
0.1030483288888222
 10
17909.12167581035
 20
1842.000000116685
 10
17486.67167876898
 20
1842.000000116685
 42
0.1030483155889894
 10
17484.67522320668
 20
1841.584121099685
 42
0.6552061886169437
 10
17484.67522320668
 20
862.4158791336942
 42
0.1030483268129964
 10
17486.67167876898
 20
862.0000001166955
 10
17909.12167581035
 20
862.0000001166959
 42
0.103048316229848
 10
17911.11813137265
 20
862.4158791336942
 42
0.6552061886167429
  0
CIRCLE
  5
375
330
1F
100
AcDbEntity
  8
0
 62
    32
100
AcDbCircle
 10
18137.89667728967
 20
1352.000000116685
 30
0.0
 40
40.0
  0
LWPOLYLINE
  5
376
330
1F
100
AcDbEntity
  8
EM-26239-25
 62
    32
100
AcDbPolyline
 90
        6
 70
     1
 43
0.0
 10
17435.60676135732
 20
1377.000000116685
 10
17377.89667728967
 20
1377.000000116685
 42
0.9999928531924522
 10
17377.89667728967
 20
1327.000000116696
 10
17435.60676135732
 20
1327.000000116696
 42
-0.3812381495919193
 10
17440.57437340128
 20
1322.568181934865
 42
17.54299719776484
 10
17440.57437340128
 20
1381.431818298516
 42
-0.381238153919028
  0
MTEXT
  5
377
330
1F
100
AcDbEntity
  8
Texto
 62
    32
100
AcDbMText
 10
18034.02860500249
 20
1334.022947050086
 30
0.0
 40
10.0
 41
97.44640894477925
 71
     1
 72
     5
  1
EM-26239 25 pos.2
 11
0.0000000000000001
 21
1.0
 31
0.0
 73
     1
 44
1.0
1001
ACAD
1000
MTEXTBEGIN
1070
    73
1070
     1
1070
    44
1040
1.0
1070
    74
1070
     0
1000
MTEXTEND
  0
LWPOLYLINE
  5
378
330
1F
100
AcDbEntity
  8
13404043
 62
     2
100
AcDbPolyline
 90
       12
 70
     1
 43
0.0
 10
17035.96435870809
 20
1108.599479507808
 42
0.1604098302877119
 10
17037.74683484313
 20
1108.012522986304
 10
17082.25293263083
 20
1108.012522986304
 42
0.4142135606540915
 10
17085.25293263083
 20
1111.012522986319
 10
17085.25293263083
 20
1172.012522986319
 42
0.4142135679308151
 10
17082.25293263083
 20
1175.012522986319
 10
16829.25293263083
 20
1175.012522986319
 42
0.414213577696328
 10
16826.25293263083
 20
1172.012522986319
 10
16826.25293263083
 20
1111.012522986319
 42
0.4142135626772178
 10
16829.25293263083
 20
1108.012522986304
 10
16873.75903041855
 20
1108.012522986304
 42
0.1604097947833306
 10
16875.54150655359
 20
1108.599479507808
 42
-0.3292927799708675
  0
CIRCLE
  5
379
330
1F
100
AcDbEntity
  8
13404043
 62
     2
100
AcDbCircle
 10
16846.25293263083
 20
1128.012522986319
 30
0.0
 40
8.0
  0
CIRCLE
  5
37A
330
1F
100
AcDbEntity
  8
13404043
 62
     2
100
AcDbCircle
 10
17065.25293263083
 20
1128.012522986319
 30
0.0
 40
8.0
  0
MTEXT
  5
37B
330
1F
100
AcDbEntity
  8
Texto
 62
     2
100
AcDbMText
 10
17007.0641683797
 20
1156.356369672954
 30
0.0
 40
10.0
 41
128.0196514489871
 71
     1
 72
     5
  1
13404043 pos.5
 11
-1.0
 21
0.0000000000000001
 31
0.0
 73
     1
 44
1.0
1001
ACAD
1000
MTEXTBEGIN
1070
    73
1070
     1
1070
    44
1040
1.0
1070
    74
1070
     0
1000
MTEXTEND
  0
LWPOLYLINE
  5
37C
330
1F
100
AcDbEntity
  8
14337270
 62
     3
100
AcDbPolyline
 90
       10
 70
     1
 43
0.0
 10
16901.57306273291
 20
1343.733251507808
 10
16849.95325234842
 20
1270.012522198667
 10
16849.95325234842
 20
1198.012522198666
 42
0.4142135611627978
 10
16852.95325234842
 20
1195.012522198666
 10
17146.95325234842
 20
1195.012522198666
 42
0.4142135755085092
 10
17149.95325234842
 20
1198.012522198666
 10
17149.95325234842
 20
1270.012522198667
 10
17098.33344196389
 20
1343.733251507808
 42
0.2446984427656109
 10
17095.87598583103
 20
1345.012522198667
 10
16904.0305188658
 20
1345.012522198667
 42
0.2446984332056946
  0
CIRCLE
  5
37D
330
1F
100
AcDbEntity
  8
14337270
 62
     3
100
AcDbCircle
 10
16999.95325234842
 20
1230.012522198667
 30
0.0
 40
13.0
  0
MTEXT
  5
37E
330
1F
100
AcDbEntity
  8
Texto
 62
     3
100
AcDbMText
 10
16959.52171797731
 20
1208.983073974435
 30
0.0
 40
10.0
 41
128.4592637975611
 71
     1
 72
     5
  1
14337270 pos.1
 73
     1
 44
1.0
1001
ACAD
1000
MTEXTBEGIN
1070
    73
1070
     1
1070
    44
1040
1.0
1070
    74
1070
     0
1000
MTEXTEND
  0
LWPOLYLINE
  5
37F
330
1F
100
AcDbEntity
  8
13698080
 62
     2
100
AcDbPolyline
 90
       11
 70
     1
 43
0.0
 10
17506.85779509094
 20
1221.044138513561
 10
17577.08952130641
 20
1214.899658649851
 42
0.414213565829818
 10
17580.33957262893
 20
1217.626775515883
 10
17595.72256122389
 20
1393.455139729076
 42
0.4142135574517202
 10
17592.99544435785
 20
1396.705191051594
 10
17468.13635527881
 20
1407.628945884185
 42
0.443552767070141
 10
17464.87509886476
 20
1404.604797190984
 10
17465.90560305591
 20
1317.684223809043
 42
0.3854706593073367
 10
17468.64392501348
 20
1314.731204313693
 10
17511.71322784396
 20
1310.96312857006
 10
17504.13067822491
 20
1224.294189836079
 42
0.4142135612910442
  0
MTEXT
  5
380
330
1F
100
AcDbEntity
  8
Texto
 62
     2
100
AcDbMText
 10
17558.40330560483
 20
1356.397084221827
 30
0.0
 40
10.0
 41
74.59567229313687
 71
     1
 72
     5
  1
13698080\Ppos.5
 11
-0.9961946980917412
 21
0.0871557427477082
 31
0.0
 73
     1
 44
1.0
1001
ACAD
1000
MTEXTBEGIN
1070
    73
1070
     1
1070
    44
1040
1.0
1070
    74
1070
     0
1000
MTEXTEND
  0
LWPOLYLINE
  5
381
330
1F
100
AcDbEntity
  8
13698080
 62
     2
100
AcDbPolyline
 90
       11
 70
     1
 43
0.0
 10
16110.99880710173
 20
1221.044138693535
 10
16181.2305333172
 20
1214.899658829824
 42
0.4142135671407968
 10
16184.48058463972
 20
1217.626775695857
 10
16199.86357323468
 20
1393.45513990905
 42
0.4142135573570918
 10
16197.13645636864
 20
1396.705191231568
 10
16072.2773672896
 20
1407.628946064158
 42
0.4435527729497786
 10
16069.01611087554
 20
1404.604797370951
 10
16070.04661506672
 20
1317.684223989007
 42
0.3854706650042301
 10
16072.78493702429
 20
1314.731204493664
 10
16115.85423985475
 20
1310.963128750034
 10
16108.2716902357
 20
1224.294190016053
 42
0.4142135878771477
  0
MTEXT
  5
382
330
1F
100
AcDbEntity
  8
Texto
 62
     2
100
AcDbMText
 10
16162.54431761564
 20
1356.397084401798
 30
0.0
 40
10.0
 41
74.59567229313687
 71
     1
 72
     5
  1
13698080\Ppos.5
 11
-0.996194698091755
 21
0.0871557427475503
 31
0.0
 73
     1
 44
1.0
1001
ACAD
1000
MTEXTBEGIN
1070
    73
1070
     1
1070
    44
1040
1.0
1070
    74
1070
     0
1000
MTEXTEND
  0
LWPOLYLINE
  5
383
330
1F
100
AcDbEntity
  8
14337270
 62
     3
100
AcDbPolyline
 90
       10
 70
     1
 43
0.0
 10
17661.5037980416
 20
1399.238992270469
 10
17609.88398765707
 20
1325.518262961335
 10
17609.88398765707
 20
1253.518262961335
 42
0.41421356570608
 10
17612.88398765707
 20
1250.518262961335
 10
17906.88398765707
 20
1250.518262961335
 42
0.4142135726617876
 10
17909.88398765707
 20
1253.518262961335
 10
17909.88398765707
 20
1325.518262961335
 10
17858.26417727255
 20
1399.238992270469
 42
0.2446984444606478
 10
17855.80672113968
 20
1400.518262961335
 10
17663.96125417446
 20
1400.518262961335
 42
0.2446984479253755
  0
CIRCLE
  5
384
330
1F
100
AcDbEntity
  8
14337270
 62
     3
100
AcDbCircle
 10
17759.88398765707
 20
1285.518262961335
 30
0.0
 40
13.0
  0
MTEXT
  5
385
330
1F
100
AcDbEntity
  8
Texto
 62
     3
100
AcDbMText
 10
17719.45245328599
 20
1264.48881473711
 30
0.0
 40
10.0
 41
128.4592637975611
 71
     1
 72
     5
  1
14337270 pos.1
 73
     1
 44
1.0
1001
ACAD
1000
MTEXTBEGIN
1070
    73
1070
     1
1070
    44
1040
1.0
1070
    74
1070
     0
1000
MTEXTEND
  0
LWPOLYLINE
  5
386
330
1F
100
AcDbEntity
  8
14337270
 62
     3
100
AcDbPolyline
 90
       10
 70
     1
 43
0.0
 10
16265.644810055
 20
1399.238992480368
 10
16214.02499967047
 20
1325.518263171234
 10
16214.02499967047
 20
1253.518263171234
 42
0.4142135596018937
 10
16217.02499967047
 20
1250.518263171234
 10
16511.02499967046
 20
1250.518263171234
 42
0.4142135838849586
 10
16514.02499967046
 20
1253.518263171234
 10
16514.02499967046
 20
1325.518263171234
 10
16462.40518928594
 20
1399.238992480368
 42
0.2446984550421239
 10
16459.94773315309
 20
1400.518263171234
 10
16268.10226618786
 20
1400.518263171234
 42
0.2446984275121445
  0
CIRCLE
  5
387
330
1F
100
AcDbEntity
  8
14337270
 62
     3
100
AcDbCircle
 10
16364.02499967046
 20
1285.518263171234
 30
0.0
 40
13.0
  0
MTEXT
  5
388
330
1F
100
AcDbEntity
  8
Texto
 62
     3
100
AcDbMText
 10
16323.59346529939
 20
1264.488814947009
 30
0.0
 40
10.0
 41
128.4592637975611
 71
     1
 72
     5
  1
14337270 pos.1
 73
     1
 44
1.0
1001
ACAD
1000
MTEXTBEGIN
1070
    73
1070
     1
1070
    44
1040
1.0
1070
    74
1070
     0
1000
MTEXTEND
  0
LWPOLYLINE
  5
389
330
1F
100
AcDbEntity
  8
13404043
 62
     2
100
AcDbPolyline
 90
       12
 70
     1
 43
0.0
 10
17065.54936236734
 20
1367.109378099684
 42
0.1604098664867346
 10
17067.33183850238
 20
1366.522421577722
 10
17111.83793629008
 20
1366.522421577722
 42
0.4142135626254059
 10
17114.83793629008
 20
1369.522421577723
 10
17114.83793629008
 20
1430.522421577722
 42
0.4142135557973412
 10
17111.83793629008
 20
1433.522421577723
 10
16858.83793629008
 20
1433.522421577723
 42
0.4142135593198145
 10
16855.83793629008
 20
1430.522421577722
 10
16855.83793629008
 20
1369.522421577723
 42
0.414213566147857
 10
16858.83793629008
 20
1366.522421577722
 10
16903.34403407778
 20
1366.522421577722
 42
0.1604098246186397
 10
16905.12651021284
 20
1367.109378099684
 42
-0.3292927799725663
  0
CIRCLE
  5
38A
330
1F
100
AcDbEntity
  8
13404043
 62
     2
100
AcDbCircle
 10
16875.83793629008
 20
1386.522421577723
 30
0.0
 40
8.0
  0
CIRCLE
  5
38B
330
1F
100
AcDbEntity
  8
13404043
 62
     2
100
AcDbCircle
 10
17094.83793629008
 20
1386.522421577723
 30
0.0
 40
8.0
  0
MTEXT
  5
38C
330
1F
100
AcDbEntity
  8
Texto
 62
     2
100
AcDbMText
 10
17019.58290730234
 20
1414.866268264831
 30
0.0
 40
10.0
 41
128.0196514489871
 71
     1
 72
     5
  1
13404043 pos.7
 11
-1.0
 21
0.0000000000000001
 31
0.0
 73
     1
 44
1.0
1001
ACAD
1000
MTEXTBEGIN
1070
    73
1070
     1
1070
    44
1040
1.0
1070
    74
1070
     0
1000
MTEXTEND
  0
LWPOLYLINE
  5
38D
330
1F
100
AcDbEntity
  8
14337270
 62
     3
100
AcDbPolyline
 90
       10
 70
     1
 43
0.0
 10
17599.51864579444
 20
1569.238992270469
 10
17547.89883540995
 20
1495.518262961342
 10
17547.89883540995
 20
1423.518262961342
 42
0.4142135620170274
 10
17550.89883540995
 20
1420.518262961342
 10
17844.89883540995
 20
1420.518262961342
 42
0.4142135653742976
 10
17847.89883540995
 20
1423.518262961342
 10
17847.89883540995
 20
1495.518262961342
 10
17796.27902502543
 20
1569.238992270469
 42
0.2446984752193134
 10
17793.82156889256
 20
1570.518262961342
 10
17601.97610192734
 20
1570.518262961342
 42
0.2446984446379817
  0
CIRCLE
  5
38E
330
1F
100
AcDbEntity
  8
14337270
 62
     3
100
AcDbCircle
 10
17697.89883540995
 20
1455.518262961343
 30
0.0
 40
13.0
  0
MTEXT
  5
38F
330
1F
100
AcDbEntity
  8
Texto
 62
     3
100
AcDbMText
 10
17657.46730103884
 20
1434.488814737111
 30
0.0
 40
10.0
 41
128.4592637975611
 71
     1
 72
     5
  1
14337270 pos.1
 73
     1
 44
1.0
1001
ACAD
1000
MTEXTBEGIN
1070
    73
1070
     1
1070
    44
1040
1.0
1070
    74
1070
     0
1000
MTEXTEND
  0
LWPOLYLINE
  5
390
330
1F
100
AcDbEntity
  8
14337270
 62
     3
100
AcDbPolyline
 90
       10
 70
     1
 43
0.0
 10
16203.65965746318
 20
1569.238992480368
 10
16152.0398470787
 20
1495.518263171241
 10
16152.0398470787
 20
1423.518263171241
 42
0.4142135665028369
 10
16155.0398470787
 20
1420.518263171241
 10
16449.03984707869
 20
1420.518263171241
 42
0.4142135808481048
 10
16452.03984707869
 20
1423.518263171241
 10
16452.03984707869
 20
1495.518263171241
 10
16400.42003669416
 20
1569.238992480368
 42
0.2446984585753555
 10
16397.9625805613
 20
1570.518263171241
 10
16206.11711359607
 20
1570.518263171241
 42
0.2446984658245957
  0
CIRCLE
  5
391
330
1F
100
AcDbEntity
  8
14337270
 62
     3
100
AcDbCircle
 10
16302.03984707869
 20
1455.518263171241
 30
0.0
 40
13.0
  0
MTEXT
  5
392
330
1F
100
AcDbEntity
  8
Texto
 62
     3
100
AcDbMText
 10
16261.60831270758
 20
1434.488814947009
 30
0.0
 40
10.0
 41
128.4592637975611
 71
     1
 72
     5
  1
14337270 pos.1
 73
     1
 44
1.0
1001
ACAD
1000
MTEXTBEGIN
1070
    73
1070
     1
1070
    44
1040
1.0
1070
    74
1070
     0
1000
MTEXTEND
  0
LWPOLYLINE
  5
393
330
1F
100
AcDbEntity
  8
14337270
 62
     3
100
AcDbPolyline
 90
       10
 70
     1
 43
0.0
 10
16897.86235577147
 20
1602.243150099684
 10
16846.24254538696
 20
1528.522420790557
 10
16846.24254538696
 20
1456.522420790557
 42
0.4142135673448573
 10
16849.24254538695
 20
1453.522420790557
 10
17143.24254538696
 20
1453.522420790557
 42
0.4142135743014307
 10
17146.24254538695
 20
1456.522420790557
 10
17146.24254538695
 20
1528.522420790557
 10
17094.62273500243
 20
1602.243150099684
 42
0.244698464333256
 10
17092.16527886957
 20
1603.522420790557
 10
16900.31981190434
 20
1603.522420790557
 42
0.2446984757380772
  0
CIRCLE
  5
394
330
1F
100
AcDbEntity
  8
14337270
 62
     3
100
AcDbCircle
 10
16996.24254538696
 20
1488.522420790557
 30
0.0
 40
13.0
  0
MTEXT
  5
395
330
1F
100
AcDbEntity
  8
Texto
 62
     3
100
AcDbMText
 10
16955.81101101588
 20
1467.492972566326
 30
0.0
 40
10.0
 41
128.4592637975611
 71
     1
 72
     5
  1
14337270 pos.1
 73
     1
 44
1.0
1001
ACAD
1000
MTEXTBEGIN
1070
    73
1070
     1
1070
    44
1040
1.0
1070
    74
1070
     0
1000
MTEXTEND
  0
LWPOLYLINE
  5
396
330
1F
100
AcDbEntity
  8
13404043
 62
     2
100
AcDbPolyline
 90
       12
 70
     1
 43
0.0
 10
17002.54273200676
 20
1689.935464099684
 42
0.1604098264162719
 10
17000.7602558717
 20
1690.522420621639
 10
16956.254158084
 20
1690.522420621639
 42
0.414213560864136
 10
16953.254158084
 20
1687.522420621639
 10
16953.254158084
 20
1626.522420621639
 42
0.4142135793954415
 10
16956.254158084
 20
1623.522420621639
 10
17209.254158084
 20
1623.522420621639
 42
0.4142135736911652
 10
17212.254158084
 20
1626.522420621639
 10
17212.254158084
 20
1687.522420621639
 42
0.4142135551594828
 10
17209.254158084
 20
1690.522420621639
 10
17164.7480602963
 20
1690.522420621639
 42
0.1604098449896221
 10
17162.96558416124
 20
1689.935464099684
 42
-0.3292927799826731
  0
CIRCLE
  5
397
330
1F
100
AcDbEntity
  8
13404043
 62
     2
100
AcDbCircle
 10
17192.254158084
 20
1670.522420621639
 30
0.0
 40
8.0
  0
CIRCLE
  5
398
330
1F
100
AcDbEntity
  8
13404043
 62
     2
100
AcDbCircle
 10
16973.254158084
 20
1670.522420621639
 30
0.0
 40
8.0
  0
MTEXT
  5
399
330
1F
100
AcDbEntity
  8
Texto
 62
     2
100
AcDbMText
 10
17047.73335509987
 20
1648.443676924029
 30
0.0
 40
10.0
 41
128.0196514489871
 71
     1
 72
     5
  1
13404043 pos.5
 73
     1
 44
1.0
1001
ACAD
1000
MTEXTBEGIN
1070
    73
1070
     1
1070
    44
1040
1.0
1070
    74
1070
     0
1000
MTEXTEND
  0
LWPOLYLINE
  5
39A
330
1F
100
AcDbEntity
  8
13698080
 62
     2
100
AcDbPolyline
 90
       11
 70
     1
 43
0.0
 10
16764.52144600676
 20
1659.500000099684
 10
16835.02144600677
 20
1659.500000099684
 42
0.4142135644330268
 10
16838.02144600677
 20
1662.500000099684
 10
16838.02144600677
 20
1839.000000099684
 42
0.4142135811380647
 10
16835.02144600677
 20
1842.000000099685
 10
16709.68541549162
 20
1842.000000099685
 42
0.443552774651789
 10
16706.70014106836
 20
1838.703121980212
 10
16715.30235101314
 20
1752.203121980213
 42
0.385470670288719
 10
16718.2876254364
 20
1749.500000099684
 10
16761.52144600676
 20
1749.500000099684
 10
16761.52144600676
 20
1662.500000099684
 42
0.41421356409494
  0
MTEXT
  5
39B
330
1F
100
AcDbEntity
  8
Texto
 62
     2
100
AcDbMText
 10
16804.07402377487
 20
1798.830374239504
 30
0.0
 40
10.0
 41
74.59567229313687
 71
     1
 72
     5
  1
13698080\Ppos.5
 11
-1.0
 21
0.0000000000000001
 31
0.0
 73
     1
 44
1.0
1001
ACAD
1000
MTEXTBEGIN
1070
    73
1070
     1
1070
    44
1040
1.0
1070
    74
1070
     0
1000
MTEXTEND
  0
LWPOLYLINE
  5
39C
330
1F
100
AcDbEntity
  8
13857331
 62
     2
100
AcDbPolyline
 90
       12
 70
     1
 43
0.0
 10
17067.73287200677
 20
1688.586957099684
 42
0.1604098407629009
 10
17069.5153481418
 20
1688.000000578188
 10
17114.0214459295
 20
1688.000000578188
 42
0.4142135673200834
 10
17117.0214459295
 20
1691.000000578188
 10
17117.0214459295
 20
1752.000000578188
 42
0.4142135769299166
 10
17114.0214459295
 20
1755.000000578188
 10
16861.0214459295
 20
1755.000000578188
 42
0.4142135811698754
 10
16858.0214459295
 20
1752.000000578188
 10
16858.0214459295
 20
1691.000000578188
 42
0.4142135715579333
 10
16861.0214459295
 20
1688.000000578188
 10
16905.52754371723
 20
1688.000000578188
 42
0.1604098232449297
 10
16907.31001985226
 20
1688.586957099684
 42
-0.3292927799738464
  0
CIRCLE
  5
39D
330
1F
100
AcDbEntity
  8
13857331
 62
     2
100
AcDbCircle
 10
16878.0214459295
 20
1708.000000578189
 30
0.0
 40
8.0
  0
CIRCLE
  5
39E
330
1F
100
AcDbEntity
  8
13857331
 62
     2
100
AcDbCircle
 10
17097.0214459295
 20
1708.000000578189
 30
0.0
 40
8.0
  0
MTEXT
  5
39F
330
1F
100
AcDbEntity
  8
Texto
 62
     2
100
AcDbMText
 10
17022.54224891363
 20
1736.343847264838
 30
0.0
 40
10.0
 41
128.0196514489871
 71
     1
 72
     5
  1
13857331 pos.6
 11
-1.0
 21
0.0000000000000001
 31
0.0
 73
     1
 44
1.0
1001
ACAD
1000
MTEXTBEGIN
1070
    73
1070
     1
1070
    44
1040
1.0
1070
    74
1070
     0
1000
MTEXTEND
  0
LWPOLYLINE
  5
3A0
330
1F
100
AcDbEntity
  8
13698080
 62
     2
100
AcDbPolyline
 90
       11
 70
     1
 43
0.0
 10
17319.52144600676
 20
1768.500000099684
 10
17319.52144600688
 20
1839.000000099683
 42
0.4142135797786584
 10
17316.52144600689
 20
1842.000000099688
 10
17140.02144600689
 20
1842.000000099996
 42
0.4142135699940545
 10
17137.02144600688
 20
1839.0000001
 10
17137.02144600667
 20
1713.66396958486
 42
0.4435527615148147
 10
17140.31832412613
 20
1710.678695161591
 10
17226.81832412615
 20
1719.280905106183
 42
0.3854706789801036
 10
17229.52144600668
 20
1722.266179529442
 10
17229.52144600676
 20
1765.500000099842
 10
17316.52144600676
 20
1765.500000099689
 42
0.4142135752396161
  0
MTEXT
  5
3A1
330
1F
100
AcDbEntity
  8
Texto
 62
     2
100
AcDbMText
 10
17180.19107186701
 20
1808.052577868001
 30
0.0
 40
10.0
 41
74.59567229313687
 71
     1
 72
     5
  1
13698080\Ppos.5
 11
-0.0000000000000002
 21
-1.0
 31
0.0
 73
     1
 44
1.0
1001
ACAD
1000
MTEXTBEGIN
1070
    73
1070
     1
1070
    44
1040
1.0
1070
    74
1070
     0
1000
MTEXTEND
  0
LWPOLYLINE
  5
3A2
330
1F
100
AcDbEntity
  8
13404043
 62
     2
100
AcDbPolyline
 90
       12
 70
     1
 43
0.0
 10
17067.73287200677
 20
1775.586957099684
 42
0.1604098457720795
 10
17069.5153481418
 20
1775.000000577722
 10
17114.0214459295
 20
1775.000000577722
 42
0.4142135490786055
 10
17117.0214459295
 20
1778.000000577722
 10
17117.0214459295
 20
1839.000000577722
 42
0.4142135792945262
 10
17114.0214459295
 20
1842.000000577722
 10
16861.0214459295
 20
1842.000000577722
 42
0.4142135589861008
 10
16858.0214459295
 20
1839.000000577722
 10
16858.0214459295
 20
1778.000000577722
 42
0.4142135552603538
 10
16861.0214459295
 20
1775.000000577722
 10
16905.52754371723
 20
1775.000000577722
 42
0.160409850913726
 10
16907.31001985226
 20
1775.586957099684
 42
-0.3292927799627918
  0
CIRCLE
  5
3A3
330
1F
100
AcDbEntity
  8
13404043
 62
     2
100
AcDbCircle
 10
16878.0214459295
 20
1795.000000577722
 30
0.0
 40
8.0
  0
CIRCLE
  5
3A4
330
1F
100
AcDbEntity
  8
13404043
 62
     2
100
AcDbCircle
 10
17097.0214459295
 20
1795.000000577722
 30
0.0
 40
8.0
  0
MTEXT
  5
3A5
330
1F
100
AcDbEntity
  8
Texto
 62
     2
100
AcDbMText
 10
17022.54224891363
 20
1823.343847264845
 30
0.0
 40
10.0
 41
128.0196514489871
 71
     1
 72
     5
  1
13404043 pos.6
 11
-1.0
 21
0.0000000000000001
 31
0.0
 73
     1
 44
1.0
1001
ACAD
1000
MTEXTBEGIN
1070
    73
1070
     1
1070
    44
1040
1.0
1070
    74
1070
     0
1000
MTEXTEND
  0
LWPOLYLINE
  5
3A6
330
1F
100
AcDbEntity
  8
Stats
 62
   151
100
AcDbPolyline
 90
        5
 70
     1
 43
0.0
 10
15750.00000126
 20
-25.0
 10
16000.00000126
 20
-25.0
 10
16000.00000126
 20
-105.0
 10
15750.00000126
 20
-105.0
 10
15750.00000126
 20
-25.0
  0
TEXT
  5
3A7
330
1F
100
AcDbEntity
  8
Stats
 62
    60
100
AcDbText
 10
15752.00000126
 20
-37.0
 30
0.0
 40
10.0
  1
Production Qty: 1
100
AcDbText
  0
TEXT
  5
3A8
330
1F
100
AcDbEntity
  8
Stats
 62
    60
100
AcDbText
 10
15752.00000126
 20
-49.0
 30
0.0
 40
10.0
  1
Sheet 7 (2500,00 x 1860,00)
100
AcDbText
  0
TEXT
  5
3A9
330
1F
100
AcDbEntity
  8
Stats
 62
    60
100
AcDbText
 10
15752.00000126
 20
-61.0
 30
0.0
 40
10.0
  1
Parts Nested: 49
100
AcDbText
  0
TEXT
  5
3AA
330
1F
100
AcDbEntity
  8
Stats
 62
    60
100
AcDbText
 10
15752.00000126
 20
-73.0
 30
0.0
 40
10.0
  1
Util (Nest): 70,10%
100
AcDbText
  0
TEXT
  5
3AB
330
1F
100
AcDbEntity
  8
Stats
 62
    60
100
AcDbText
 10
15752.00000126
 20
-85.0
 30
0.0
 40
10.0
  1
Util (Sheet): 67,40%
100
AcDbText
  0
TEXT
  5
3AC
330
1F
100
AcDbEntity
  8
Stats
 62
    60
100
AcDbText
 10
15752.00000126
 20
-97.0
 30
0.0
 40
10.0
  1
Cut Distance: 50721,19mm
100
AcDbText
  0
MTEXT
  5
CAA
330
1F
100
AcDbEntity
  8
Rebaixo
 62
    32
100
AcDbMText
 10
17685.66826348864
 20
1702.521290850955
 30
0.0
 40
10.0
 41
54.90584120481071
 71
     1
 72
     5
  1
reb30
 11
0.0000000000000003
 21
1.0
 31
0.0
 73
     1
 44
1.0
1001
ACAD
1000
ACAD_MTEXT_COLUMN_INFO_BEGIN
1070
    75
1070
     2
1070
    79
1070
     0
1070
    76
1070
     1
1070
    78
1070
     0
1070
    48
1040
54.90584120481071
1070
    49
1040
12.5
1070
    50
1070
     1
1040
0.0
1000
ACAD_MTEXT_COLUMN_INFO_END
1000
MTEXTBEGIN
1070
    73
1070
     1
1070
    44
1040
1.0
1070
    74
1070
     0
1000
MTEXTEND
  0
LWPOLYLINE
  5
CAB
330
1F
100
AcDbEntity
  8
Rebaixo
 62
    32
100
AcDbPolyline
 90
        6
 70
     1
 43
0.0
 10
17833.26590357926
 20
1560.988566662111
 42
0.2955729848020574
 10
17562.52780834045
 20
1560.988566662111
 42
-0.5945388493001942
 10
17557.89685595986
 20
1563.506501198818
 10
17557.89685595986
 20
1852.00000011669
 10
17837.89685595986
 20
1852.00000011669
 10
17837.89685595986
 20
1563.506501198818
 42
-0.5945388493001471
  0
LINE
  5
CAC
330
1F
100
AcDbEntity
  8
Chanfro
 62
    32
100
AcDbLine
 10
17543.89685595986
 20
1576.794068195404
 30
0.0
 11
17563.89685595986
 21
1576.794068195404
 31
0.0
  0
LINE
  5
CAD
330
1F
100
AcDbEntity
  8
Chanfro
 62
    32
100
AcDbLine
 10
17543.89685595986
 20
1586.794068195404
 30
0.0
 11
17563.89685595986
 21
1586.794068195404
 31
0.0
  0
LINE
  5
CAE
330
1F
100
AcDbEntity
  8
Chanfro
 62
    32
100
AcDbLine
 10
17543.89685595986
 20
1596.794068195405
 30
0.0
 11
17563.89685595986
 21
1596.794068195405
 31
0.0
  0
LINE
  5
CAF
330
1F
100
AcDbEntity
  8
Chanfro
 62
    32
100
AcDbLine
 10
17543.89685595986
 20
1606.794068195404
 30
0.0
 11
17563.89685595986
 21
1606.794068195404
 31
0.0
  0
LINE
  5
CB0
330
1F
100
AcDbEntity
  8
Chanfro
 62
    32
100
AcDbLine
 10
17543.89685595986
 20
1616.794068195404
 30
0.0
 11
17563.89685595986
 21
1616.794068195404
 31
0.0
  0
LINE
  5
CB1
330
1F
100
AcDbEntity
  8
Chanfro
 62
    32
100
AcDbLine
 10
17543.89685595986
 20
1626.794068195405
 30
0.0
 11
17563.89685595986
 21
1626.794068195405
 31
0.0
  0
LINE
  5
CB2
330
1F
100
AcDbEntity
  8
Chanfro
 62
    32
100
AcDbLine
 10
17543.89685595986
 20
1636.794068195404
 30
0.0
 11
17563.89685595986
 21
1636.794068195404
 31
0.0
  0
LINE
  5
CB3
330
1F
100
AcDbEntity
  8
Chanfro
 62
    32
100
AcDbLine
 10
17543.89685595986
 20
1646.794068195404
 30
0.0
 11
17563.89685595986
 21
1646.794068195404
 31
0.0
  0
LINE
  5
CB4
330
1F
100
AcDbEntity
  8
Chanfro
 62
    32
100
AcDbLine
 10
17543.89685595986
 20
1656.794068195404
 30
0.0
 11
17563.89685595986
 21
1656.794068195404
 31
0.0
  0
LINE
  5
CB5
330
1F
100
AcDbEntity
  8
Chanfro
 62
    32
100
AcDbLine
 10
17543.89685595986
 20
1666.794068195405
 30
0.0
 11
17563.89685595986
 21
1666.794068195405
 31
0.0
  0
LINE
  5
CB6
330
1F
100
AcDbEntity
  8
Chanfro
 62
    32
100
AcDbLine
 10
17543.89685595986
 20
1676.794068195405
 30
0.0
 11
17563.89685595986
 21
1676.794068195405
 31
0.0
  0
LINE
  5
CB7
330
1F
100
AcDbEntity
  8
Chanfro
 62
    32
100
AcDbLine
 10
17543.89685595986
 20
1686.794068195404
 30
0.0
 11
17563.89685595986
 21
1686.794068195404
 31
0.0
  0
LINE
  5
CB8
330
1F
100
AcDbEntity
  8
Chanfro
 62
    32
100
AcDbLine
 10
17543.89685595986
 20
1696.794068195405
 30
0.0
 11
17563.89685595986
 21
1696.794068195405
 31
0.0
  0
LINE
  5
CB9
330
1F
100
AcDbEntity
  8
Chanfro
 62
    32
100
AcDbLine
 10
17543.89685595986
 20
1706.794068195404
 30
0.0
 11
17563.89685595986
 21
1706.794068195404
 31
0.0
  0
LINE
  5
CBA
330
1F
100
AcDbEntity
  8
Chanfro
 62
    32
100
AcDbLine
 10
17543.89685595986
 20
1716.794068195405
 30
0.0
 11
17563.89685595986
 21
1716.794068195405
 31
0.0
  0
LINE
  5
CBB
330
1F
100
AcDbEntity
  8
Chanfro
 62
    32
100
AcDbLine
 10
17543.89685595986
 20
1726.794068195404
 30
0.0
 11
17563.89685595986
 21
1726.794068195404
 31
0.0
  0
LINE
  5
CBC
330
1F
100
AcDbEntity
  8
Chanfro
 62
    32
100
AcDbLine
 10
17543.89685595986
 20
1736.794068195404
 30
0.0
 11
17563.89685595986
 21
1736.794068195404
 31
0.0
  0
LINE
  5
CBD
330
1F
100
AcDbEntity
  8
Chanfro
 62
    32
100
AcDbLine
 10
17543.89685595986
 20
1746.794068195405
 30
0.0
 11
17563.89685595986
 21
1746.794068195405
 31
0.0
  0
LINE
  5
CBE
330
1F
100
AcDbEntity
  8
Chanfro
 62
    32
100
AcDbLine
 10
17543.89685595986
 20
1756.794068195404
 30
0.0
 11
17563.89685595986
 21
1756.794068195404
 31
0.0
  0
LINE
  5
CBF
330
1F
100
AcDbEntity
  8
Chanfro
 62
    32
100
AcDbLine
 10
17543.89685595986
 20
1766.794068195405
 30
0.0
 11
17563.89685595986
 21
1766.794068195405
 31
0.0
  0
LINE
  5
CC0
330
1F
100
AcDbEntity
  8
Chanfro
 62
    32
100
AcDbLine
 10
17543.89685595986
 20
1776.794068195405
 30
0.0
 11
17563.89685595986
 21
1776.794068195405
 31
0.0
  0
LINE
  5
CC1
330
1F
100
AcDbEntity
  8
Chanfro
 62
    32
100
AcDbLine
 10
17543.89685595986
 20
1786.794068195404
 30
0.0
 11
17563.89685595986
 21
1786.794068195404
 31
0.0
  0
LINE
  5
CC2
330
1F
100
AcDbEntity
  8
Chanfro
 62
    32
100
AcDbLine
 10
17543.89685595986
 20
1796.794068195405
 30
0.0
 11
17563.89685595986
 21
1796.794068195405
 31
0.0
  0
LINE
  5
CC3
330
1F
100
AcDbEntity
  8
Chanfro
 62
    32
100
AcDbLine
 10
17543.89685595986
 20
1806.794068195404
 30
0.0
 11
17563.89685595986
 21
1806.794068195404
 31
0.0
  0
LINE
  5
CC4
330
1F
100
AcDbEntity
  8
Chanfro
 62
    32
100
AcDbLine
 10
17543.89685595986
 20
1816.794068195404
 30
0.0
 11
17563.89685595986
 21
1816.794068195404
 31
0.0
  0
LINE
  5
CC5
330
1F
100
AcDbEntity
  8
Chanfro
 62
    32
100
AcDbLine
 10
17543.89685595986
 20
1826.794068195405
 30
0.0
 11
17563.89685595986
 21
1826.794068195405
 31
0.0
  0
LINE
  5
CC6
330
1F
100
AcDbEntity
  8
Chanfro
 62
    32
100
AcDbLine
 10
17543.89685595986
 20
1836.794068195404
 30
0.0
 11
17563.89685595986
 21
1836.794068195404
 31
0.0
  0
MTEXT
  5
CC7
330
1F
100
AcDbEntity
  8
Chanfro
 62
    32
100
AcDbMText
 10
17546.65984657425
 20
1687.929594996253
 30
0.0
 40
10.0
 41
54.90584120481071
 71
     1
 72
     5
  1
ch 0+30
 11
0.0000000000000003
 21
1.0
 31
0.0
 73
     1
 44
1.0
1001
ACAD
1000
ACAD_MTEXT_COLUMN_INFO_BEGIN
1070
    75
1070
     2
1070
    79
1070
     0
1070
    76
1070
     1
1070
    78
1070
     0
1070
    48
1040
54.90584120481071
1070
    49
1040
12.5
1070
    50
1070
     1
1040
0.0
1000
ACAD_MTEXT_COLUMN_INFO_END
1000
MTEXTBEGIN
1070
    73
1070
     1
1070
    44
1040
1.0
1070
    74
1070
     0
1000
MTEXTEND
  0
LINE
  5
CC8
330
1F
100
AcDbEntity
  8
Chanfro
 62
    32
100
AcDbLine
 10
17851.89685595986
 20
1576.794068195404
 30
0.0
 11
17831.89685595986
 21
1576.794068195404
 31
0.0
  0
LINE
  5
CC9
330
1F
100
AcDbEntity
  8
Chanfro
 62
    32
100
AcDbLine
 10
17851.89685595986
 20
1586.794068195404
 30
0.0
 11
17831.89685595986
 21
1586.794068195404
 31
0.0
  0
LINE
  5
CCA
330
1F
100
AcDbEntity
  8
Chanfro
 62
    32
100
AcDbLine
 10
17851.89685595986
 20
1596.794068195405
 30
0.0
 11
17831.89685595986
 21
1596.794068195405
 31
0.0
  0
LINE
  5
CCB
330
1F
100
AcDbEntity
  8
Chanfro
 62
    32
100
AcDbLine
 10
17851.89685595986
 20
1606.794068195404
 30
0.0
 11
17831.89685595986
 21
1606.794068195404
 31
0.0
  0
LINE
  5
CCC
330
1F
100
AcDbEntity
  8
Chanfro
 62
    32
100
AcDbLine
 10
17851.89685595986
 20
1616.794068195404
 30
0.0
 11
17831.89685595986
 21
1616.794068195404
 31
0.0
  0
LINE
  5
CCD
330
1F
100
AcDbEntity
  8
Chanfro
 62
    32
100
AcDbLine
 10
17851.89685595986
 20
1626.794068195405
 30
0.0
 11
17831.89685595986
 21
1626.794068195405
 31
0.0
  0
LINE
  5
CCE
330
1F
100
AcDbEntity
  8
Chanfro
 62
    32
100
AcDbLine
 10
17851.89685595986
 20
1636.794068195404
 30
0.0
 11
17831.89685595986
 21
1636.794068195404
 31
0.0
  0
LINE
  5
CCF
330
1F
100
AcDbEntity
  8
Chanfro
 62
    32
100
AcDbLine
 10
17851.89685595986
 20
1646.794068195404
 30
0.0
 11
17831.89685595986
 21
1646.794068195404
 31
0.0
  0
LINE
  5
CD0
330
1F
100
AcDbEntity
  8
Chanfro
 62
    32
100
AcDbLine
 10
17851.89685595986
 20
1656.794068195404
 30
0.0
 11
17831.89685595986
 21
1656.794068195404
 31
0.0
  0
LINE
  5
CD1
330
1F
100
AcDbEntity
  8
Chanfro
 62
    32
100
AcDbLine
 10
17851.89685595986
 20
1666.794068195405
 30
0.0
 11
17831.89685595986
 21
1666.794068195405
 31
0.0
  0
LINE
  5
CD2
330
1F
100
AcDbEntity
  8
Chanfro
 62
    32
100
AcDbLine
 10
17851.89685595986
 20
1676.794068195405
 30
0.0
 11
17831.89685595986
 21
1676.794068195405
 31
0.0
  0
LINE
  5
CD3
330
1F
100
AcDbEntity
  8
Chanfro
 62
    32
100
AcDbLine
 10
17851.89685595986
 20
1686.794068195404
 30
0.0
 11
17831.89685595986
 21
1686.794068195404
 31
0.0
  0
LINE
  5
CD4
330
1F
100
AcDbEntity
  8
Chanfro
 62
    32
100
AcDbLine
 10
17851.89685595986
 20
1696.794068195405
 30
0.0
 11
17831.89685595986
 21
1696.794068195405
 31
0.0
  0
LINE
  5
CD5
330
1F
100
AcDbEntity
  8
Chanfro
 62
    32
100
AcDbLine
 10
17851.89685595986
 20
1706.794068195404
 30
0.0
 11
17831.89685595986
 21
1706.794068195404
 31
0.0
  0
LINE
  5
CD6
330
1F
100
AcDbEntity
  8
Chanfro
 62
    32
100
AcDbLine
 10
17851.89685595986
 20
1716.794068195405
 30
0.0
 11
17831.89685595986
 21
1716.794068195405
 31
0.0
  0
LINE
  5
CD7
330
1F
100
AcDbEntity
  8
Chanfro
 62
    32
100
AcDbLine
 10
17851.89685595986
 20
1726.794068195404
 30
0.0
 11
17831.89685595986
 21
1726.794068195404
 31
0.0
  0
LINE
  5
CD8
330
1F
100
AcDbEntity
  8
Chanfro
 62
    32
100
AcDbLine
 10
17851.89685595986
 20
1736.794068195404
 30
0.0
 11
17831.89685595986
 21
1736.794068195404
 31
0.0
  0
LINE
  5
CD9
330
1F
100
AcDbEntity
  8
Chanfro
 62
    32
100
AcDbLine
 10
17851.89685595986
 20
1746.794068195405
 30
0.0
 11
17831.89685595986
 21
1746.794068195405
 31
0.0
  0
LINE
  5
CDA
330
1F
100
AcDbEntity
  8
Chanfro
 62
    32
100
AcDbLine
 10
17851.89685595986
 20
1756.794068195404
 30
0.0
 11
17831.89685595986
 21
1756.794068195404
 31
0.0
  0
LINE
  5
CDB
330
1F
100
AcDbEntity
  8
Chanfro
 62
    32
100
AcDbLine
 10
17851.89685595986
 20
1766.794068195405
 30
0.0
 11
17831.89685595986
 21
1766.794068195405
 31
0.0
  0
LINE
  5
CDC
330
1F
100
AcDbEntity
  8
Chanfro
 62
    32
100
AcDbLine
 10
17851.89685595986
 20
1776.794068195405
 30
0.0
 11
17831.89685595986
 21
1776.794068195405
 31
0.0
  0
LINE
  5
CDD
330
1F
100
AcDbEntity
  8
Chanfro
 62
    32
100
AcDbLine
 10
17851.89685595986
 20
1786.794068195404
 30
0.0
 11
17831.89685595986
 21
1786.794068195404
 31
0.0
  0
LINE
  5
CDE
330
1F
100
AcDbEntity
  8
Chanfro
 62
    32
100
AcDbLine
 10
17851.89685595986
 20
1796.794068195405
 30
0.0
 11
17831.89685595986
 21
1796.794068195405
 31
0.0
  0
LINE
  5
CDF
330
1F
100
AcDbEntity
  8
Chanfro
 62
    32
100
AcDbLine
 10
17851.89685595986
 20
1806.794068195404
 30
0.0
 11
17831.89685595986
 21
1806.794068195404
 31
0.0
  0
LINE
  5
CE0
330
1F
100
AcDbEntity
  8
Chanfro
 62
    32
100
AcDbLine
 10
17851.89685595986
 20
1816.794068195404
 30
0.0
 11
17831.89685595986
 21
1816.794068195404
 31
0.0
  0
LINE
  5
CE1
330
1F
100
AcDbEntity
  8
Chanfro
 62
    32
100
AcDbLine
 10
17851.89685595986
 20
1826.794068195405
 30
0.0
 11
17831.89685595986
 21
1826.794068195405
 31
0.0
  0
LINE
  5
CE2
330
1F
100
AcDbEntity
  8
Chanfro
 62
    32
100
AcDbLine
 10
17851.89685595986
 20
1836.794068195404
 30
0.0
 11
17831.89685595986
 21
1836.794068195404
 31
0.0
  0
MTEXT
  5
CE3
330
1F
100
AcDbEntity
  8
Chanfro
 62
    32
100
AcDbMText
 10
17849.13386534546
 20
1687.929594996253
 30
0.0
 40
10.0
 41
54.90584120481071
 71
     7
 72
     5
  1
ch 0+30
 11
0.0000000000000003
 21
1.0
 31
0.0
 73
     1
 44
1.0
1001
ACAD
1000
ACAD_MTEXT_COLUMN_INFO_BEGIN
1070
    75
1070
     2
1070
    79
1070
     0
1070
    76
1070
     1
1070
    78
1070
     0
1070
    48
1040
54.90584120481071
1070
    49
1040
12.5
1070
    50
1070
     1
1040
0.0
1000
ACAD_MTEXT_COLUMN_INFO_END
1000
MTEXTBEGIN
1070
    73
1070
     1
1070
    44
1040
1.0
1070
    74
1070
     0
1000
MTEXTEND
  0
MTEXT
  5
CE4
330
1F
100
AcDbEntity
  8
Rebaixo
 62
    32
100
AcDbMText
 10
17685.66826348864
 20
1001.478709382455
 30
0.0
 40
10.0
 41
54.90584120481071
 71
     3
 72
     5
  1
reb30
 11
0.0000000000000003
 21
1.0
 31
0.0
 73
     1
 44
1.0
1001
ACAD
1000
ACAD_MTEXT_COLUMN_INFO_BEGIN
1070
    75
1070
     2
1070
    79
1070
     0
1070
    76
1070
     1
1070
    78
1070
     0
1070
    48
1040
54.90584120481071
1070
    49
1040
12.5
1070
    50
1070
     1
1040
0.0
1000
ACAD_MTEXT_COLUMN_INFO_END
1000
MTEXTBEGIN
1070
    73
1070
     1
1070
    44
1040
1.0
1070
    74
1070
     0
1000
MTEXTEND
  0
LWPOLYLINE
  5
CE5
330
1F
100
AcDbEntity
  8
Rebaixo
 62
    32
100
AcDbPolyline
 90
        6
 70
     1
 43
0.0
 10
17833.26590357926
 20
1143.01143357127
 42
-0.2955729848020574
 10
17562.52780834045
 20
1143.01143357127
 42
0.5945388493001942
 10
17557.89685595986
 20
1140.493499034592
 10
17557.89685595986
 20
852.0000001167195
 10
17837.89685595986
 20
852.0000001167195
 10
17837.89685595986
 20
1140.493499034592
 42
0.5945388493001471
  0
LINE
  5
CE6
330
1F
100
AcDbEntity
  8
Chanfro
 62
    32
100
AcDbLine
 10
17543.89685595986
 20
1127.205932038005
 30
0.0
 11
17563.89685595986
 21
1127.205932038005
 31
0.0
  0
LINE
  5
CE7
330
1F
100
AcDbEntity
  8
Chanfro
 62
    32
100
AcDbLine
 10
17543.89685595986
 20
1117.205932038005
 30
0.0
 11
17563.89685595986
 21
1117.205932038005
 31
0.0
  0
LINE
  5
CE8
330
1F
100
AcDbEntity
  8
Chanfro
 62
    32
100
AcDbLine
 10
17543.89685595986
 20
1107.205932038005
 30
0.0
 11
17563.89685595986
 21
1107.205932038005
 31
0.0
  0
LINE
  5
CE9
330
1F
100
AcDbEntity
  8
Chanfro
 62
    32
100
AcDbLine
 10
17543.89685595986
 20
1097.205932038005
 30
0.0
 11
17563.89685595986
 21
1097.205932038005
 31
0.0
  0
LINE
  5
CEA
330
1F
100
AcDbEntity
  8
Chanfro
 62
    32
100
AcDbLine
 10
17543.89685595986
 20
1087.205932038005
 30
0.0
 11
17563.89685595986
 21
1087.205932038005
 31
0.0
  0
LINE
  5
CEB
330
1F
100
AcDbEntity
  8
Chanfro
 62
    32
100
AcDbLine
 10
17543.89685595986
 20
1077.205932038005
 30
0.0
 11
17563.89685595986
 21
1077.205932038005
 31
0.0
  0
LINE
  5
CEC
330
1F
100
AcDbEntity
  8
Chanfro
 62
    32
100
AcDbLine
 10
17543.89685595986
 20
1067.205932038005
 30
0.0
 11
17563.89685595986
 21
1067.205932038005
 31
0.0
  0
LINE
  5
CED
330
1F
100
AcDbEntity
  8
Chanfro
 62
    32
100
AcDbLine
 10
17543.89685595986
 20
1057.205932038005
 30
0.0
 11
17563.89685595986
 21
1057.205932038005
 31
0.0
  0
LINE
  5
CEE
330
1F
100
AcDbEntity
  8
Chanfro
 62
    32
100
AcDbLine
 10
17543.89685595986
 20
1047.205932038005
 30
0.0
 11
17563.89685595986
 21
1047.205932038005
 31
0.0
  0
LINE
  5
CEF
330
1F
100
AcDbEntity
  8
Chanfro
 62
    32
100
AcDbLine
 10
17543.89685595986
 20
1037.205932038005
 30
0.0
 11
17563.89685595986
 21
1037.205932038005
 31
0.0
  0
LINE
  5
CF0
330
1F
100
AcDbEntity
  8
Chanfro
 62
    32
100
AcDbLine
 10
17543.89685595986
 20
1027.205932038005
 30
0.0
 11
17563.89685595986
 21
1027.205932038005
 31
0.0
  0
LINE
  5
CF1
330
1F
100
AcDbEntity
  8
Chanfro
 62
    32
100
AcDbLine
 10
17543.89685595986
 20
1017.205932038005
 30
0.0
 11
17563.89685595986
 21
1017.205932038005
 31
0.0
  0
LINE
  5
CF2
330
1F
100
AcDbEntity
  8
Chanfro
 62
    32
100
AcDbLine
 10
17543.89685595986
 20
1007.205932038005
 30
0.0
 11
17563.89685595986
 21
1007.205932038005
 31
0.0
  0
LINE
  5
CF3
330
1F
100
AcDbEntity
  8
Chanfro
 62
    32
100
AcDbLine
 10
17543.89685595986
 20
997.2059320380052
 30
0.0
 11
17563.89685595986
 21
997.2059320380052
 31
0.0
  0
LINE
  5
CF4
330
1F
100
AcDbEntity
  8
Chanfro
 62
    32
100
AcDbLine
 10
17543.89685595986
 20
987.2059320380053
 30
0.0
 11
17563.89685595986
 21
987.2059320380053
 31
0.0
  0
LINE
  5
CF5
330
1F
100
AcDbEntity
  8
Chanfro
 62
    32
100
AcDbLine
 10
17543.89685595986
 20
977.2059320380053
 30
0.0
 11
17563.89685595986
 21
977.2059320380053
 31
0.0
  0
LINE
  5
CF6
330
1F
100
AcDbEntity
  8
Chanfro
 62
    32
100
AcDbLine
 10
17543.89685595986
 20
967.2059320380054
 30
0.0
 11
17563.89685595986
 21
967.2059320380054
 31
0.0
  0
LINE
  5
CF7
330
1F
100
AcDbEntity
  8
Chanfro
 62
    32
100
AcDbLine
 10
17543.89685595986
 20
957.2059320380054
 30
0.0
 11
17563.89685595986
 21
957.2059320380054
 31
0.0
  0
LINE
  5
CF8
330
1F
100
AcDbEntity
  8
Chanfro
 62
    32
100
AcDbLine
 10
17543.89685595986
 20
947.2059320380052
 30
0.0
 11
17563.89685595986
 21
947.2059320380052
 31
0.0
  0
LINE
  5
CF9
330
1F
100
AcDbEntity
  8
Chanfro
 62
    32
100
AcDbLine
 10
17543.89685595986
 20
937.2059320380053
 30
0.0
 11
17563.89685595986
 21
937.2059320380053
 31
0.0
  0
LINE
  5
CFA
330
1F
100
AcDbEntity
  8
Chanfro
 62
    32
100
AcDbLine
 10
17543.89685595986
 20
927.2059320380053
 30
0.0
 11
17563.89685595986
 21
927.2059320380053
 31
0.0
  0
LINE
  5
CFB
330
1F
100
AcDbEntity
  8
Chanfro
 62
    32
100
AcDbLine
 10
17543.89685595986
 20
917.2059320380054
 30
0.0
 11
17563.89685595986
 21
917.2059320380054
 31
0.0
  0
LINE
  5
CFC
330
1F
100
AcDbEntity
  8
Chanfro
 62
    32
100
AcDbLine
 10
17543.89685595986
 20
907.2059320380054
 30
0.0
 11
17563.89685595986
 21
907.2059320380054
 31
0.0
  0
LINE
  5
CFD
330
1F
100
AcDbEntity
  8
Chanfro
 62
    32
100
AcDbLine
 10
17543.89685595986
 20
897.2059320380052
 30
0.0
 11
17563.89685595986
 21
897.2059320380052
 31
0.0
  0
LINE
  5
CFE
330
1F
100
AcDbEntity
  8
Chanfro
 62
    32
100
AcDbLine
 10
17543.89685595986
 20
887.2059320380053
 30
0.0
 11
17563.89685595986
 21
887.2059320380053
 31
0.0
  0
LINE
  5
CFF
330
1F
100
AcDbEntity
  8
Chanfro
 62
    32
100
AcDbLine
 10
17543.89685595986
 20
877.2059320380053
 30
0.0
 11
17563.89685595986
 21
877.2059320380053
 31
0.0
  0
LINE
  5
D00
330
1F
100
AcDbEntity
  8
Chanfro
 62
    32
100
AcDbLine
 10
17543.89685595986
 20
867.2059320380054
 30
0.0
 11
17563.89685595986
 21
867.2059320380054
 31
0.0
  0
MTEXT
  5
D01
330
1F
100
AcDbEntity
  8
Chanfro
 62
    32
100
AcDbMText
 10
17546.65984657425
 20
1016.070405237157
 30
0.0
 40
10.0
 41
54.90584120481071
 71
     3
 72
     5
  1
ch 0+30
 11
0.0000000000000003
 21
1.0
 31
0.0
 73
     1
 44
1.0
1001
ACAD
1000
ACAD_MTEXT_COLUMN_INFO_BEGIN
1070
    75
1070
     2
1070
    79
1070
     0
1070
    76
1070
     1
1070
    78
1070
     0
1070
    48
1040
54.90584120481071
1070
    49
1040
12.5
1070
    50
1070
     1
1040
0.0
1000
ACAD_MTEXT_COLUMN_INFO_END
1000
MTEXTBEGIN
1070
    73
1070
     1
1070
    44
1040
1.0
1070
    74
1070
     0
1000
MTEXTEND
  0
LINE
  5
D02
330
1F
100
AcDbEntity
  8
Chanfro
 62
    32
100
AcDbLine
 10
17851.89685595986
 20
1127.205932038005
 30
0.0
 11
17831.89685595986
 21
1127.205932038005
 31
0.0
  0
LINE
  5
D03
330
1F
100
AcDbEntity
  8
Chanfro
 62
    32
100
AcDbLine
 10
17851.89685595986
 20
1117.205932038005
 30
0.0
 11
17831.89685595986
 21
1117.205932038005
 31
0.0
  0
LINE
  5
D04
330
1F
100
AcDbEntity
  8
Chanfro
 62
    32
100
AcDbLine
 10
17851.89685595986
 20
1107.205932038005
 30
0.0
 11
17831.89685595986
 21
1107.205932038005
 31
0.0
  0
LINE
  5
D05
330
1F
100
AcDbEntity
  8
Chanfro
 62
    32
100
AcDbLine
 10
17851.89685595986
 20
1097.205932038005
 30
0.0
 11
17831.89685595986
 21
1097.205932038005
 31
0.0
  0
LINE
  5
D06
330
1F
100
AcDbEntity
  8
Chanfro
 62
    32
100
AcDbLine
 10
17851.89685595986
 20
1087.205932038005
 30
0.0
 11
17831.89685595986
 21
1087.205932038005
 31
0.0
  0
LINE
  5
D07
330
1F
100
AcDbEntity
  8
Chanfro
 62
    32
100
AcDbLine
 10
17851.89685595986
 20
1077.205932038005
 30
0.0
 11
17831.89685595986
 21
1077.205932038005
 31
0.0
  0
LINE
  5
D08
330
1F
100
AcDbEntity
  8
Chanfro
 62
    32
100
AcDbLine
 10
17851.89685595986
 20
1067.205932038005
 30
0.0
 11
17831.89685595986
 21
1067.205932038005
 31
0.0
  0
LINE
  5
D09
330
1F
100
AcDbEntity
  8
Chanfro
 62
    32
100
AcDbLine
 10
17851.89685595986
 20
1057.205932038005
 30
0.0
 11
17831.89685595986
 21
1057.205932038005
 31
0.0
  0
LINE
  5
D0A
330
1F
100
AcDbEntity
  8
Chanfro
 62
    32
100
AcDbLine
 10
17851.89685595986
 20
1047.205932038005
 30
0.0
 11
17831.89685595986
 21
1047.205932038005
 31
0.0
  0
LINE
  5
D0B
330
1F
100
AcDbEntity
  8
Chanfro
 62
    32
100
AcDbLine
 10
17851.89685595986
 20
1037.205932038005
 30
0.0
 11
17831.89685595986
 21
1037.205932038005
 31
0.0
  0
LINE
  5
D0C
330
1F
100
AcDbEntity
  8
Chanfro
 62
    32
100
AcDbLine
 10
17851.89685595986
 20
1027.205932038005
 30
0.0
 11
17831.89685595986
 21
1027.205932038005
 31
0.0
  0
LINE
  5
D0D
330
1F
100
AcDbEntity
  8
Chanfro
 62
    32
100
AcDbLine
 10
17851.89685595986
 20
1017.205932038005
 30
0.0
 11
17831.89685595986
 21
1017.205932038005
 31
0.0
  0
LINE
  5
D0E
330
1F
100
AcDbEntity
  8
Chanfro
 62
    32
100
AcDbLine
 10
17851.89685595986
 20
1007.205932038005
 30
0.0
 11
17831.89685595986
 21
1007.205932038005
 31
0.0
  0
LINE
  5
D0F
330
1F
100
AcDbEntity
  8
Chanfro
 62
    32
100
AcDbLine
 10
17851.89685595986
 20
997.2059320380052
 30
0.0
 11
17831.89685595986
 21
997.2059320380052
 31
0.0
  0
LINE
  5
D10
330
1F
100
AcDbEntity
  8
Chanfro
 62
    32
100
AcDbLine
 10
17851.89685595986
 20
987.2059320380053
 30
0.0
 11
17831.89685595986
 21
987.2059320380053
 31
0.0
  0
LINE
  5
D11
330
1F
100
AcDbEntity
  8
Chanfro
 62
    32
100
AcDbLine
 10
17851.89685595986
 20
977.2059320380053
 30
0.0
 11
17831.89685595986
 21
977.2059320380053
 31
0.0
  0
LINE
  5
D12
330
1F
100
AcDbEntity
  8
Chanfro
 62
    32
100
AcDbLine
 10
17851.89685595986
 20
967.2059320380054
 30
0.0
 11
17831.89685595986
 21
967.2059320380054
 31
0.0
  0
LINE
  5
D13
330
1F
100
AcDbEntity
  8
Chanfro
 62
    32
100
AcDbLine
 10
17851.89685595986
 20
957.2059320380054
 30
0.0
 11
17831.89685595986
 21
957.2059320380054
 31
0.0
  0
LINE
  5
D14
330
1F
100
AcDbEntity
  8
Chanfro
 62
    32
100
AcDbLine
 10
17851.89685595986
 20
947.2059320380052
 30
0.0
 11
17831.89685595986
 21
947.2059320380052
 31
0.0
  0
LINE
  5
D15
330
1F
100
AcDbEntity
  8
Chanfro
 62
    32
100
AcDbLine
 10
17851.89685595986
 20
937.2059320380053
 30
0.0
 11
17831.89685595986
 21
937.2059320380053
 31
0.0
  0
LINE
  5
D16
330
1F
100
AcDbEntity
  8
Chanfro
 62
    32
100
AcDbLine
 10
17851.89685595986
 20
927.2059320380053
 30
0.0
 11
17831.89685595986
 21
927.2059320380053
 31
0.0
  0
LINE
  5
D17
330
1F
100
AcDbEntity
  8
Chanfro
 62
    32
100
AcDbLine
 10
17851.89685595986
 20
917.2059320380054
 30
0.0
 11
17831.89685595986
 21
917.2059320380054
 31
0.0
  0
LINE
  5
D18
330
1F
100
AcDbEntity
  8
Chanfro
 62
    32
100
AcDbLine
 10
17851.89685595986
 20
907.2059320380054
 30
0.0
 11
17831.89685595986
 21
907.2059320380054
 31
0.0
  0
LINE
  5
D19
330
1F
100
AcDbEntity
  8
Chanfro
 62
    32
100
AcDbLine
 10
17851.89685595986
 20
897.2059320380052
 30
0.0
 11
17831.89685595986
 21
897.2059320380052
 31
0.0
  0
LINE
  5
D1A
330
1F
100
AcDbEntity
  8
Chanfro
 62
    32
100
AcDbLine
 10
17851.89685595986
 20
887.2059320380053
 30
0.0
 11
17831.89685595986
 21
887.2059320380053
 31
0.0
  0
LINE
  5
D1B
330
1F
100
AcDbEntity
  8
Chanfro
 62
    32
100
AcDbLine
 10
17851.89685595986
 20
877.2059320380053
 30
0.0
 11
17831.89685595986
 21
877.2059320380053
 31
0.0
  0
LINE
  5
D1C
330
1F
100
AcDbEntity
  8
Chanfro
 62
    32
100
AcDbLine
 10
17851.89685595986
 20
867.2059320380054
 30
0.0
 11
17831.89685595986
 21
867.2059320380054
 31
0.0
  0
MTEXT
  5
D1D
330
1F
100
AcDbEntity
  8
Chanfro
 62
    32
100
AcDbMText
 10
17849.13386534546
 20
1016.070405237157
 30
0.0
 40
10.0
 41
54.90584120481071
 71
     9
 72
     5
  1
ch 0+30
 11
0.0000000000000003
 21
1.0
 31
0.0
 73
     1
 44
1.0
1001
ACAD
1000
ACAD_MTEXT_COLUMN_INFO_BEGIN
1070
    75
1070
     2
1070
    79
1070
     0
1070
    76
1070
     1
1070
    78
1070
     0
1070
    48
1040
54.90584120481071
1070
    49
1040
12.5
1070
    50
1070
     1
1040
0.0
1000
ACAD_MTEXT_COLUMN_INFO_END
1000
MTEXTBEGIN
1070
    73
1070
     1
1070
    44
1040
1.0
1070
    74
1070
     0
1000
MTEXTEND
  0
MTEXT
  5
1331
330
1F
100
AcDbEntity
  8
Rebaixo
 62
    32
100
AcDbMText
 10
16289.80892284553
 20
1702.521290833943
 30
0.0
 40
10.0
 41
54.90584120481071
 71
     1
 72
     5
  1
reb30
 11
0.0000000000000003
 21
1.0
 31
0.0
 73
     1
 44
1.0
1001
ACAD
1000
ACAD_MTEXT_COLUMN_INFO_BEGIN
1070
    75
1070
     2
1070
    79
1070
     0
1070
    76
1070
     1
1070
    78
1070
     0
1070
    48
1040
54.90584120481071
1070
    49
1040
12.5
1070
    50
1070
     1
1040
0.0
1000
ACAD_MTEXT_COLUMN_INFO_END
1000
MTEXTBEGIN
1070
    73
1070
     1
1070
    44
1040
1.0
1070
    74
1070
     0
1000
MTEXTEND
  0
LWPOLYLINE
  5
1332
330
1F
100
AcDbEntity
  8
Rebaixo
 62
    32
100
AcDbPolyline
 90
        6
 70
     1
 43
0.0
 10
16437.40656293616
 20
1560.988566645099
 42
0.2955729848020574
 10
16166.66846769735
 20
1560.988566645099
 42
-0.5945388493001942
 10
16162.03751531675
 20
1563.506501181806
 10
16162.03751531675
 20
1852.000000099678
 10
16442.03751531675
 20
1852.000000099678
 10
16442.03751531675
 20
1563.506501181806
 42
-0.5945388493001471
  0
LINE
  5
1333
330
1F
100
AcDbEntity
  8
Chanfro
 62
    32
100
AcDbLine
 10
16148.03751531675
 20
1576.794068178393
 30
0.0
 11
16168.03751531675
 21
1576.794068178393
 31
0.0
  0
LINE
  5
1334
330
1F
100
AcDbEntity
  8
Chanfro
 62
    32
100
AcDbLine
 10
16148.03751531675
 20
1586.794068178393
 30
0.0
 11
16168.03751531675
 21
1586.794068178393
 31
0.0
  0
LINE
  5
1335
330
1F
100
AcDbEntity
  8
Chanfro
 62
    32
100
AcDbLine
 10
16148.03751531675
 20
1596.794068178393
 30
0.0
 11
16168.03751531675
 21
1596.794068178393
 31
0.0
  0
LINE
  5
1336
330
1F
100
AcDbEntity
  8
Chanfro
 62
    32
100
AcDbLine
 10
16148.03751531675
 20
1606.794068178393
 30
0.0
 11
16168.03751531675
 21
1606.794068178393
 31
0.0
  0
LINE
  5
1337
330
1F
100
AcDbEntity
  8
Chanfro
 62
    32
100
AcDbLine
 10
16148.03751531675
 20
1616.794068178393
 30
0.0
 11
16168.03751531675
 21
1616.794068178393
 31
0.0
  0
LINE
  5
1338
330
1F
100
AcDbEntity
  8
Chanfro
 62
    32
100
AcDbLine
 10
16148.03751531675
 20
1626.794068178393
 30
0.0
 11
16168.03751531675
 21
1626.794068178393
 31
0.0
  0
LINE
  5
1339
330
1F
100
AcDbEntity
  8
Chanfro
 62
    32
100
AcDbLine
 10
16148.03751531675
 20
1636.794068178393
 30
0.0
 11
16168.03751531675
 21
1636.794068178393
 31
0.0
  0
LINE
  5
133A
330
1F
100
AcDbEntity
  8
Chanfro
 62
    32
100
AcDbLine
 10
16148.03751531675
 20
1646.794068178393
 30
0.0
 11
16168.03751531675
 21
1646.794068178393
 31
0.0
  0
LINE
  5
133B
330
1F
100
AcDbEntity
  8
Chanfro
 62
    32
100
AcDbLine
 10
16148.03751531675
 20
1656.794068178393
 30
0.0
 11
16168.03751531675
 21
1656.794068178393
 31
0.0
  0
LINE
  5
133C
330
1F
100
AcDbEntity
  8
Chanfro
 62
    32
100
AcDbLine
 10
16148.03751531675
 20
1666.794068178393
 30
0.0
 11
16168.03751531675
 21
1666.794068178393
 31
0.0
  0
LINE
  5
133D
330
1F
100
AcDbEntity
  8
Chanfro
 62
    32
100
AcDbLine
 10
16148.03751531675
 20
1676.794068178393
 30
0.0
 11
16168.03751531675
 21
1676.794068178393
 31
0.0
  0
LINE
  5
133E
330
1F
100
AcDbEntity
  8
Chanfro
 62
    32
100
AcDbLine
 10
16148.03751531675
 20
1686.794068178393
 30
0.0
 11
16168.03751531675
 21
1686.794068178393
 31
0.0
  0
LINE
  5
133F
330
1F
100
AcDbEntity
  8
Chanfro
 62
    32
100
AcDbLine
 10
16148.03751531675
 20
1696.794068178393
 30
0.0
 11
16168.03751531675
 21
1696.794068178393
 31
0.0
  0
LINE
  5
1340
330
1F
100
AcDbEntity
  8
Chanfro
 62
    32
100
AcDbLine
 10
16148.03751531675
 20
1706.794068178393
 30
0.0
 11
16168.03751531675
 21
1706.794068178393
 31
0.0
  0
LINE
  5
1341
330
1F
100
AcDbEntity
  8
Chanfro
 62
    32
100
AcDbLine
 10
16148.03751531675
 20
1716.794068178393
 30
0.0
 11
16168.03751531675
 21
1716.794068178393
 31
0.0
  0
LINE
  5
1342
330
1F
100
AcDbEntity
  8
Chanfro
 62
    32
100
AcDbLine
 10
16148.03751531675
 20
1726.794068178393
 30
0.0
 11
16168.03751531675
 21
1726.794068178393
 31
0.0
  0
LINE
  5
1343
330
1F
100
AcDbEntity
  8
Chanfro
 62
    32
100
AcDbLine
 10
16148.03751531675
 20
1736.794068178393
 30
0.0
 11
16168.03751531675
 21
1736.794068178393
 31
0.0
  0
LINE
  5
1344
330
1F
100
AcDbEntity
  8
Chanfro
 62
    32
100
AcDbLine
 10
16148.03751531675
 20
1746.794068178393
 30
0.0
 11
16168.03751531675
 21
1746.794068178393
 31
0.0
  0
LINE
  5
1345
330
1F
100
AcDbEntity
  8
Chanfro
 62
    32
100
AcDbLine
 10
16148.03751531675
 20
1756.794068178393
 30
0.0
 11
16168.03751531675
 21
1756.794068178393
 31
0.0
  0
LINE
  5
1346
330
1F
100
AcDbEntity
  8
Chanfro
 62
    32
100
AcDbLine
 10
16148.03751531675
 20
1766.794068178393
 30
0.0
 11
16168.03751531675
 21
1766.794068178393
 31
0.0
  0
LINE
  5
1347
330
1F
100
AcDbEntity
  8
Chanfro
 62
    32
100
AcDbLine
 10
16148.03751531675
 20
1776.794068178393
 30
0.0
 11
16168.03751531675
 21
1776.794068178393
 31
0.0
  0
LINE
  5
1348
330
1F
100
AcDbEntity
  8
Chanfro
 62
    32
100
AcDbLine
 10
16148.03751531675
 20
1786.794068178393
 30
0.0
 11
16168.03751531675
 21
1786.794068178393
 31
0.0
  0
LINE
  5
1349
330
1F
100
AcDbEntity
  8
Chanfro
 62
    32
100
AcDbLine
 10
16148.03751531675
 20
1796.794068178393
 30
0.0
 11
16168.03751531675
 21
1796.794068178393
 31
0.0
  0
LINE
  5
134A
330
1F
100
AcDbEntity
  8
Chanfro
 62
    32
100
AcDbLine
 10
16148.03751531675
 20
1806.794068178393
 30
0.0
 11
16168.03751531675
 21
1806.794068178393
 31
0.0
  0
LINE
  5
134B
330
1F
100
AcDbEntity
  8
Chanfro
 62
    32
100
AcDbLine
 10
16148.03751531675
 20
1816.794068178393
 30
0.0
 11
16168.03751531675
 21
1816.794068178393
 31
0.0
  0
LINE
  5
134C
330
1F
100
AcDbEntity
  8
Chanfro
 62
    32
100
AcDbLine
 10
16148.03751531675
 20
1826.794068178393
 30
0.0
 11
16168.03751531675
 21
1826.794068178393
 31
0.0
  0
LINE
  5
134D
330
1F
100
AcDbEntity
  8
Chanfro
 62
    32
100
AcDbLine
 10
16148.03751531675
 20
1836.794068178393
 30
0.0
 11
16168.03751531675
 21
1836.794068178393
 31
0.0
  0
MTEXT
  5
134E
330
1F
100
AcDbEntity
  8
Chanfro
 62
    32
100
AcDbMText
 10
16150.80050593115
 20
1687.929594979241
 30
0.0
 40
10.0
 41
54.90584120481071
 71
     1
 72
     5
  1
ch 0+30
 11
0.0000000000000003
 21
1.0
 31
0.0
 73
     1
 44
1.0
1001
ACAD
1000
ACAD_MTEXT_COLUMN_INFO_BEGIN
1070
    75
1070
     2
1070
    79
1070
     0
1070
    76
1070
     1
1070
    78
1070
     0
1070
    48
1040
54.90584120481071
1070
    49
1040
12.5
1070
    50
1070
     1
1040
0.0
1000
ACAD_MTEXT_COLUMN_INFO_END
1000
MTEXTBEGIN
1070
    73
1070
     1
1070
    44
1040
1.0
1070
    74
1070
     0
1000
MTEXTEND
  0
LINE
  5
134F
330
1F
100
AcDbEntity
  8
Chanfro
 62
    32
100
AcDbLine
 10
16456.03751531675
 20
1576.794068178393
 30
0.0
 11
16436.03751531675
 21
1576.794068178393
 31
0.0
  0
LINE
  5
1350
330
1F
100
AcDbEntity
  8
Chanfro
 62
    32
100
AcDbLine
 10
16456.03751531675
 20
1586.794068178393
 30
0.0
 11
16436.03751531675
 21
1586.794068178393
 31
0.0
  0
LINE
  5
1351
330
1F
100
AcDbEntity
  8
Chanfro
 62
    32
100
AcDbLine
 10
16456.03751531675
 20
1596.794068178393
 30
0.0
 11
16436.03751531675
 21
1596.794068178393
 31
0.0
  0
LINE
  5
1352
330
1F
100
AcDbEntity
  8
Chanfro
 62
    32
100
AcDbLine
 10
16456.03751531675
 20
1606.794068178393
 30
0.0
 11
16436.03751531675
 21
1606.794068178393
 31
0.0
  0
LINE
  5
1353
330
1F
100
AcDbEntity
  8
Chanfro
 62
    32
100
AcDbLine
 10
16456.03751531675
 20
1616.794068178393
 30
0.0
 11
16436.03751531675
 21
1616.794068178393
 31
0.0
  0
LINE
  5
1354
330
1F
100
AcDbEntity
  8
Chanfro
 62
    32
100
AcDbLine
 10
16456.03751531675
 20
1626.794068178393
 30
0.0
 11
16436.03751531675
 21
1626.794068178393
 31
0.0
  0
LINE
  5
1355
330
1F
100
AcDbEntity
  8
Chanfro
 62
    32
100
AcDbLine
 10
16456.03751531675
 20
1636.794068178393
 30
0.0
 11
16436.03751531675
 21
1636.794068178393
 31
0.0
  0
LINE
  5
1356
330
1F
100
AcDbEntity
  8
Chanfro
 62
    32
100
AcDbLine
 10
16456.03751531675
 20
1646.794068178393
 30
0.0
 11
16436.03751531675
 21
1646.794068178393
 31
0.0
  0
LINE
  5
1357
330
1F
100
AcDbEntity
  8
Chanfro
 62
    32
100
AcDbLine
 10
16456.03751531675
 20
1656.794068178393
 30
0.0
 11
16436.03751531675
 21
1656.794068178393
 31
0.0
  0
LINE
  5
1358
330
1F
100
AcDbEntity
  8
Chanfro
 62
    32
100
AcDbLine
 10
16456.03751531675
 20
1666.794068178393
 30
0.0
 11
16436.03751531675
 21
1666.794068178393
 31
0.0
  0
LINE
  5
1359
330
1F
100
AcDbEntity
  8
Chanfro
 62
    32
100
AcDbLine
 10
16456.03751531675
 20
1676.794068178393
 30
0.0
 11
16436.03751531675
 21
1676.794068178393
 31
0.0
  0
LINE
  5
135A
330
1F
100
AcDbEntity
  8
Chanfro
 62
    32
100
AcDbLine
 10
16456.03751531675
 20
1686.794068178393
 30
0.0
 11
16436.03751531675
 21
1686.794068178393
 31
0.0
  0
LINE
  5
135B
330
1F
100
AcDbEntity
  8
Chanfro
 62
    32
100
AcDbLine
 10
16456.03751531675
 20
1696.794068178393
 30
0.0
 11
16436.03751531675
 21
1696.794068178393
 31
0.0
  0
LINE
  5
135C
330
1F
100
AcDbEntity
  8
Chanfro
 62
    32
100
AcDbLine
 10
16456.03751531675
 20
1706.794068178393
 30
0.0
 11
16436.03751531675
 21
1706.794068178393
 31
0.0
  0
LINE
  5
135D
330
1F
100
AcDbEntity
  8
Chanfro
 62
    32
100
AcDbLine
 10
16456.03751531675
 20
1716.794068178393
 30
0.0
 11
16436.03751531675
 21
1716.794068178393
 31
0.0
  0
LINE
  5
135E
330
1F
100
AcDbEntity
  8
Chanfro
 62
    32
100
AcDbLine
 10
16456.03751531675
 20
1726.794068178393
 30
0.0
 11
16436.03751531675
 21
1726.794068178393
 31
0.0
  0
LINE
  5
135F
330
1F
100
AcDbEntity
  8
Chanfro
 62
    32
100
AcDbLine
 10
16456.03751531675
 20
1736.794068178393
 30
0.0
 11
16436.03751531675
 21
1736.794068178393
 31
0.0
  0
LINE
  5
1360
330
1F
100
AcDbEntity
  8
Chanfro
 62
    32
100
AcDbLine
 10
16456.03751531675
 20
1746.794068178393
 30
0.0
 11
16436.03751531675
 21
1746.794068178393
 31
0.0
  0
LINE
  5
1361
330
1F
100
AcDbEntity
  8
Chanfro
 62
    32
100
AcDbLine
 10
16456.03751531675
 20
1756.794068178393
 30
0.0
 11
16436.03751531675
 21
1756.794068178393
 31
0.0
  0
LINE
  5
1362
330
1F
100
AcDbEntity
  8
Chanfro
 62
    32
100
AcDbLine
 10
16456.03751531675
 20
1766.794068178393
 30
0.0
 11
16436.03751531675
 21
1766.794068178393
 31
0.0
  0
LINE
  5
1363
330
1F
100
AcDbEntity
  8
Chanfro
 62
    32
100
AcDbLine
 10
16456.03751531675
 20
1776.794068178393
 30
0.0
 11
16436.03751531675
 21
1776.794068178393
 31
0.0
  0
LINE
  5
1364
330
1F
100
AcDbEntity
  8
Chanfro
 62
    32
100
AcDbLine
 10
16456.03751531675
 20
1786.794068178393
 30
0.0
 11
16436.03751531675
 21
1786.794068178393
 31
0.0
  0
LINE
  5
1365
330
1F
100
AcDbEntity
  8
Chanfro
 62
    32
100
AcDbLine
 10
16456.03751531675
 20
1796.794068178393
 30
0.0
 11
16436.03751531675
 21
1796.794068178393
 31
0.0
  0
LINE
  5
1366
330
1F
100
AcDbEntity
  8
Chanfro
 62
    32
100
AcDbLine
 10
16456.03751531675
 20
1806.794068178393
 30
0.0
 11
16436.03751531675
 21
1806.794068178393
 31
0.0
  0
LINE
  5
1367
330
1F
100
AcDbEntity
  8
Chanfro
 62
    32
100
AcDbLine
 10
16456.03751531675
 20
1816.794068178393
 30
0.0
 11
16436.03751531675
 21
1816.794068178393
 31
0.0
  0
LINE
  5
1368
330
1F
100
AcDbEntity
  8
Chanfro
 62
    32
100
AcDbLine
 10
16456.03751531675
 20
1826.794068178393
 30
0.0
 11
16436.03751531675
 21
1826.794068178393
 31
0.0
  0
LINE
  5
1369
330
1F
100
AcDbEntity
  8
Chanfro
 62
    32
100
AcDbLine
 10
16456.03751531675
 20
1836.794068178393
 30
0.0
 11
16436.03751531675
 21
1836.794068178393
 31
0.0
  0
MTEXT
  5
136A
330
1F
100
AcDbEntity
  8
Chanfro
 62
    32
100
AcDbMText
 10
16453.27452470235
 20
1687.929594979241
 30
0.0
 40
10.0
 41
54.90584120481071
 71
     7
 72
     5
  1
ch 0+30
 11
0.0000000000000003
 21
1.0
 31
0.0
 73
     1
 44
1.0
1001
ACAD
1000
ACAD_MTEXT_COLUMN_INFO_BEGIN
1070
    75
1070
     2
1070
    79
1070
     0
1070
    76
1070
     1
1070
    78
1070
     0
1070
    48
1040
54.90584120481071
1070
    49
1040
12.5
1070
    50
1070
     1
1040
0.0
1000
ACAD_MTEXT_COLUMN_INFO_END
1000
MTEXTBEGIN
1070
    73
1070
     1
1070
    44
1040
1.0
1070
    74
1070
     0
1000
MTEXTEND
  0
MTEXT
  5
136B
330
1F
100
AcDbEntity
  8
Rebaixo
 62
    32
100
AcDbMText
 10
16987.66990088041
 20
166.77171293621
 30
0.0
 40
10.0
 41
54.90584120481071
 71
     3
 72
     5
  1
reb30
 11
0.0000000000000003
 21
1.0
 31
0.0
 73
     1
 44
1.0
1001
ACAD
1000
ACAD_MTEXT_COLUMN_INFO_BEGIN
1070
    75
1070
     2
1070
    79
1070
     0
1070
    76
1070
     1
1070
    78
1070
     0
1070
    48
1040
54.90584120481071
1070
    49
1040
12.5
1070
    50
1070
     1
1040
0.0
1000
ACAD_MTEXT_COLUMN_INFO_END
1000
MTEXTBEGIN
1070
    73
1070
     1
1070
    44
1040
1.0
1070
    74
1070
     0
1000
MTEXTEND
  0
LWPOLYLINE
  5
136C
330
1F
100
AcDbEntity
  8
Rebaixo
 62
    32
100
AcDbPolyline
 90
        6
 70
     1
 43
0.0
 10
17135.26754097104
 20
308.3044371250254
 42
-0.2955729848020574
 10
16864.52944573223
 20
308.3044371250254
 42
0.5945388493001942
 10
16859.89849335163
 20
305.7865025883476
 10
16859.89849335163
 20
17.29300367047483
 10
17139.89849335163
 20
17.29300367047483
 10
17139.89849335163
 20
305.7865025883476
 42
0.5945388493001471
  0
LINE
  5
136D
330
1F
100
AcDbEntity
  8
Chanfro
 62
    32
100
AcDbLine
 10
16845.89849335163
 20
292.4989355917606
 30
0.0
 11
16865.89849335163
 21
292.4989355917606
 31
0.0
  0
LINE
  5
136E
330
1F
100
AcDbEntity
  8
Chanfro
 62
    32
100
AcDbLine
 10
16845.89849335163
 20
282.4989355917606
 30
0.0
 11
16865.89849335163
 21
282.4989355917606
 31
0.0
  0
LINE
  5
136F
330
1F
100
AcDbEntity
  8
Chanfro
 62
    32
100
AcDbLine
 10
16845.89849335163
 20
272.4989355917606
 30
0.0
 11
16865.89849335163
 21
272.4989355917606
 31
0.0
  0
LINE
  5
1370
330
1F
100
AcDbEntity
  8
Chanfro
 62
    32
100
AcDbLine
 10
16845.89849335163
 20
262.4989355917606
 30
0.0
 11
16865.89849335163
 21
262.4989355917606
 31
0.0
  0
LINE
  5
1371
330
1F
100
AcDbEntity
  8
Chanfro
 62
    32
100
AcDbLine
 10
16845.89849335163
 20
252.4989355917607
 30
0.0
 11
16865.89849335163
 21
252.4989355917607
 31
0.0
  0
LINE
  5
1372
330
1F
100
AcDbEntity
  8
Chanfro
 62
    32
100
AcDbLine
 10
16845.89849335163
 20
242.4989355917607
 30
0.0
 11
16865.89849335163
 21
242.4989355917607
 31
0.0
  0
LINE
  5
1373
330
1F
100
AcDbEntity
  8
Chanfro
 62
    32
100
AcDbLine
 10
16845.89849335163
 20
232.4989355917606
 30
0.0
 11
16865.89849335163
 21
232.4989355917606
 31
0.0
  0
LINE
  5
1374
330
1F
100
AcDbEntity
  8
Chanfro
 62
    32
100
AcDbLine
 10
16845.89849335163
 20
222.4989355917606
 30
0.0
 11
16865.89849335163
 21
222.4989355917606
 31
0.0
  0
LINE
  5
1375
330
1F
100
AcDbEntity
  8
Chanfro
 62
    32
100
AcDbLine
 10
16845.89849335163
 20
212.4989355917606
 30
0.0
 11
16865.89849335163
 21
212.4989355917606
 31
0.0
  0
LINE
  5
1376
330
1F
100
AcDbEntity
  8
Chanfro
 62
    32
100
AcDbLine
 10
16845.89849335163
 20
202.4989355917607
 30
0.0
 11
16865.89849335163
 21
202.4989355917607
 31
0.0
  0
LINE
  5
1377
330
1F
100
AcDbEntity
  8
Chanfro
 62
    32
100
AcDbLine
 10
16845.89849335163
 20
192.4989355917606
 30
0.0
 11
16865.89849335163
 21
192.4989355917606
 31
0.0
  0
LINE
  5
1378
330
1F
100
AcDbEntity
  8
Chanfro
 62
    32
100
AcDbLine
 10
16845.89849335163
 20
182.4989355917606
 30
0.0
 11
16865.89849335163
 21
182.4989355917606
 31
0.0
  0
LINE
  5
1379
330
1F
100
AcDbEntity
  8
Chanfro
 62
    32
100
AcDbLine
 10
16845.89849335163
 20
172.4989355917606
 30
0.0
 11
16865.89849335163
 21
172.4989355917606
 31
0.0
  0
LINE
  5
137A
330
1F
100
AcDbEntity
  8
Chanfro
 62
    32
100
AcDbLine
 10
16845.89849335163
 20
162.4989355917606
 30
0.0
 11
16865.89849335163
 21
162.4989355917606
 31
0.0
  0
LINE
  5
137B
330
1F
100
AcDbEntity
  8
Chanfro
 62
    32
100
AcDbLine
 10
16845.89849335163
 20
152.4989355917606
 30
0.0
 11
16865.89849335163
 21
152.4989355917606
 31
0.0
  0
LINE
  5
137C
330
1F
100
AcDbEntity
  8
Chanfro
 62
    32
100
AcDbLine
 10
16845.89849335163
 20
142.4989355917606
 30
0.0
 11
16865.89849335163
 21
142.4989355917606
 31
0.0
  0
LINE
  5
137D
330
1F
100
AcDbEntity
  8
Chanfro
 62
    32
100
AcDbLine
 10
16845.89849335163
 20
132.4989355917606
 30
0.0
 11
16865.89849335163
 21
132.4989355917606
 31
0.0
  0
LINE
  5
137E
330
1F
100
AcDbEntity
  8
Chanfro
 62
    32
100
AcDbLine
 10
16845.89849335163
 20
122.4989355917606
 30
0.0
 11
16865.89849335163
 21
122.4989355917606
 31
0.0
  0
LINE
  5
137F
330
1F
100
AcDbEntity
  8
Chanfro
 62
    32
100
AcDbLine
 10
16845.89849335163
 20
112.4989355917606
 30
0.0
 11
16865.89849335163
 21
112.4989355917606
 31
0.0
  0
LINE
  5
1380
330
1F
100
AcDbEntity
  8
Chanfro
 62
    32
100
AcDbLine
 10
16845.89849335163
 20
102.4989355917606
 30
0.0
 11
16865.89849335163
 21
102.4989355917606
 31
0.0
  0
LINE
  5
1381
330
1F
100
AcDbEntity
  8
Chanfro
 62
    32
100
AcDbLine
 10
16845.89849335163
 20
92.49893559176063
 30
0.0
 11
16865.89849335163
 21
92.49893559176063
 31
0.0
  0
LINE
  5
1382
330
1F
100
AcDbEntity
  8
Chanfro
 62
    32
100
AcDbLine
 10
16845.89849335163
 20
82.49893559176063
 30
0.0
 11
16865.89849335163
 21
82.49893559176063
 31
0.0
  0
LINE
  5
1383
330
1F
100
AcDbEntity
  8
Chanfro
 62
    32
100
AcDbLine
 10
16845.89849335163
 20
72.49893559176064
 30
0.0
 11
16865.89849335163
 21
72.49893559176064
 31
0.0
  0
LINE
  5
1384
330
1F
100
AcDbEntity
  8
Chanfro
 62
    32
100
AcDbLine
 10
16845.89849335163
 20
62.49893559176064
 30
0.0
 11
16865.89849335163
 21
62.49893559176064
 31
0.0
  0
LINE
  5
1385
330
1F
100
AcDbEntity
  8
Chanfro
 62
    32
100
AcDbLine
 10
16845.89849335163
 20
52.49893559176064
 30
0.0
 11
16865.89849335163
 21
52.49893559176064
 31
0.0
  0
LINE
  5
1386
330
1F
100
AcDbEntity
  8
Chanfro
 62
    32
100
AcDbLine
 10
16845.89849335163
 20
42.49893559176064
 30
0.0
 11
16865.89849335163
 21
42.49893559176064
 31
0.0
  0
LINE
  5
1387
330
1F
100
AcDbEntity
  8
Chanfro
 62
    32
100
AcDbLine
 10
16845.89849335163
 20
32.49893559176064
 30
0.0
 11
16865.89849335163
 21
32.49893559176064
 31
0.0
  0
MTEXT
  5
1388
330
1F
100
AcDbEntity
  8
Chanfro
 62
    32
100
AcDbMText
 10
16848.66148396603
 20
181.3634087909123
 30
0.0
 40
10.0
 41
54.90584120481071
 71
     3
 72
     5
  1
ch 0+30
 11
0.0000000000000003
 21
1.0
 31
0.0
 73
     1
 44
1.0
1001
ACAD
1000
ACAD_MTEXT_COLUMN_INFO_BEGIN
1070
    75
1070
     2
1070
    79
1070
     0
1070
    76
1070
     1
1070
    78
1070
     0
1070
    48
1040
54.90584120481071
1070
    49
1040
12.5
1070
    50
1070
     1
1040
0.0
1000
ACAD_MTEXT_COLUMN_INFO_END
1000
MTEXTBEGIN
1070
    73
1070
     1
1070
    44
1040
1.0
1070
    74
1070
     0
1000
MTEXTEND
  0
LINE
  5
1389
330
1F
100
AcDbEntity
  8
Chanfro
 62
    32
100
AcDbLine
 10
17153.89849335164
 20
292.4989355917606
 30
0.0
 11
17133.89849335164
 21
292.4989355917606
 31
0.0
  0
LINE
  5
138A
330
1F
100
AcDbEntity
  8
Chanfro
 62
    32
100
AcDbLine
 10
17153.89849335164
 20
282.4989355917606
 30
0.0
 11
17133.89849335164
 21
282.4989355917606
 31
0.0
  0
LINE
  5
138B
330
1F
100
AcDbEntity
  8
Chanfro
 62
    32
100
AcDbLine
 10
17153.89849335164
 20
272.4989355917606
 30
0.0
 11
17133.89849335164
 21
272.4989355917606
 31
0.0
  0
LINE
  5
138C
330
1F
100
AcDbEntity
  8
Chanfro
 62
    32
100
AcDbLine
 10
17153.89849335164
 20
262.4989355917606
 30
0.0
 11
17133.89849335164
 21
262.4989355917606
 31
0.0
  0
LINE
  5
138D
330
1F
100
AcDbEntity
  8
Chanfro
 62
    32
100
AcDbLine
 10
17153.89849335164
 20
252.4989355917607
 30
0.0
 11
17133.89849335164
 21
252.4989355917607
 31
0.0
  0
LINE
  5
138E
330
1F
100
AcDbEntity
  8
Chanfro
 62
    32
100
AcDbLine
 10
17153.89849335164
 20
242.4989355917607
 30
0.0
 11
17133.89849335164
 21
242.4989355917607
 31
0.0
  0
LINE
  5
138F
330
1F
100
AcDbEntity
  8
Chanfro
 62
    32
100
AcDbLine
 10
17153.89849335164
 20
232.4989355917606
 30
0.0
 11
17133.89849335164
 21
232.4989355917606
 31
0.0
  0
LINE
  5
1390
330
1F
100
AcDbEntity
  8
Chanfro
 62
    32
100
AcDbLine
 10
17153.89849335164
 20
222.4989355917606
 30
0.0
 11
17133.89849335164
 21
222.4989355917606
 31
0.0
  0
LINE
  5
1391
330
1F
100
AcDbEntity
  8
Chanfro
 62
    32
100
AcDbLine
 10
17153.89849335164
 20
212.4989355917606
 30
0.0
 11
17133.89849335164
 21
212.4989355917606
 31
0.0
  0
LINE
  5
1392
330
1F
100
AcDbEntity
  8
Chanfro
 62
    32
100
AcDbLine
 10
17153.89849335164
 20
202.4989355917607
 30
0.0
 11
17133.89849335164
 21
202.4989355917607
 31
0.0
  0
LINE
  5
1393
330
1F
100
AcDbEntity
  8
Chanfro
 62
    32
100
AcDbLine
 10
17153.89849335164
 20
192.4989355917606
 30
0.0
 11
17133.89849335164
 21
192.4989355917606
 31
0.0
  0
LINE
  5
1394
330
1F
100
AcDbEntity
  8
Chanfro
 62
    32
100
AcDbLine
 10
17153.89849335164
 20
182.4989355917606
 30
0.0
 11
17133.89849335164
 21
182.4989355917606
 31
0.0
  0
LINE
  5
1395
330
1F
100
AcDbEntity
  8
Chanfro
 62
    32
100
AcDbLine
 10
17153.89849335164
 20
172.4989355917606
 30
0.0
 11
17133.89849335164
 21
172.4989355917606
 31
0.0
  0
LINE
  5
1396
330
1F
100
AcDbEntity
  8
Chanfro
 62
    32
100
AcDbLine
 10
17153.89849335164
 20
162.4989355917606
 30
0.0
 11
17133.89849335164
 21
162.4989355917606
 31
0.0
  0
LINE
  5
1397
330
1F
100
AcDbEntity
  8
Chanfro
 62
    32
100
AcDbLine
 10
17153.89849335164
 20
152.4989355917606
 30
0.0
 11
17133.89849335164
 21
152.4989355917606
 31
0.0
  0
LINE
  5
1398
330
1F
100
AcDbEntity
  8
Chanfro
 62
    32
100
AcDbLine
 10
17153.89849335164
 20
142.4989355917606
 30
0.0
 11
17133.89849335164
 21
142.4989355917606
 31
0.0
  0
LINE
  5
1399
330
1F
100
AcDbEntity
  8
Chanfro
 62
    32
100
AcDbLine
 10
17153.89849335164
 20
132.4989355917606
 30
0.0
 11
17133.89849335164
 21
132.4989355917606
 31
0.0
  0
LINE
  5
139A
330
1F
100
AcDbEntity
  8
Chanfro
 62
    32
100
AcDbLine
 10
17153.89849335164
 20
122.4989355917606
 30
0.0
 11
17133.89849335164
 21
122.4989355917606
 31
0.0
  0
LINE
  5
139B
330
1F
100
AcDbEntity
  8
Chanfro
 62
    32
100
AcDbLine
 10
17153.89849335164
 20
112.4989355917606
 30
0.0
 11
17133.89849335164
 21
112.4989355917606
 31
0.0
  0
LINE
  5
139C
330
1F
100
AcDbEntity
  8
Chanfro
 62
    32
100
AcDbLine
 10
17153.89849335164
 20
102.4989355917606
 30
0.0
 11
17133.89849335164
 21
102.4989355917606
 31
0.0
  0
LINE
  5
139D
330
1F
100
AcDbEntity
  8
Chanfro
 62
    32
100
AcDbLine
 10
17153.89849335164
 20
92.49893559176063
 30
0.0
 11
17133.89849335164
 21
92.49893559176063
 31
0.0
  0
LINE
  5
139E
330
1F
100
AcDbEntity
  8
Chanfro
 62
    32
100
AcDbLine
 10
17153.89849335164
 20
82.49893559176063
 30
0.0
 11
17133.89849335164
 21
82.49893559176063
 31
0.0
  0
LINE
  5
139F
330
1F
100
AcDbEntity
  8
Chanfro
 62
    32
100
AcDbLine
 10
17153.89849335164
 20
72.49893559176064
 30
0.0
 11
17133.89849335164
 21
72.49893559176064
 31
0.0
  0
LINE
  5
13A0
330
1F
100
AcDbEntity
  8
Chanfro
 62
    32
100
AcDbLine
 10
17153.89849335164
 20
62.49893559176064
 30
0.0
 11
17133.89849335164
 21
62.49893559176064
 31
0.0
  0
LINE
  5
13A1
330
1F
100
AcDbEntity
  8
Chanfro
 62
    32
100
AcDbLine
 10
17153.89849335164
 20
52.49893559176064
 30
0.0
 11
17133.89849335164
 21
52.49893559176064
 31
0.0
  0
LINE
  5
13A2
330
1F
100
AcDbEntity
  8
Chanfro
 62
    32
100
AcDbLine
 10
17153.89849335164
 20
42.49893559176064
 30
0.0
 11
17133.89849335164
 21
42.49893559176064
 31
0.0
  0
LINE
  5
13A3
330
1F
100
AcDbEntity
  8
Chanfro
 62
    32
100
AcDbLine
 10
17153.89849335164
 20
32.49893559176064
 30
0.0
 11
17133.89849335164
 21
32.49893559176064
 31
0.0
  0
MTEXT
  5
13A4
330
1F
100
AcDbEntity
  8
Chanfro
 62
    32
100
AcDbMText
 10
17151.13550273724
 20
181.3634087909123
 30
0.0
 40
10.0
 41
54.90584120481071
 71
     9
 72
     5
  1
ch 0+30
 11
0.0000000000000003
 21
1.0
 31
0.0
 73
     1
 44
1.0
1001
ACAD
1000
ACAD_MTEXT_COLUMN_INFO_BEGIN
1070
    75
1070
     2
1070
    79
1070
     0
1070
    76
1070
     1
1070
    78
1070
     0
1070
    48
1040
54.90584120481071
1070
    49
1040
12.5
1070
    50
1070
     1
1040
0.0
1000
ACAD_MTEXT_COLUMN_INFO_END
1000
MTEXTBEGIN
1070
    73
1070
     1
1070
    44
1040
1.0
1070
    74
1070
     0
1000
MTEXTEND
  0
LWPOLYLINE
  5
18D3
330
1F
100
AcDbEntity
  8
Rebaixo
 62
     3
100
AcDbPolyline
 90
        6
 70
     1
 43
0.0
 10
17817.89883540995
 20
1410.518262961342
 10
17817.89883540995
 20
1555.797171119995
 10
17804.47054546832
 20
1574.974756634257
 42
0.2446984432290315
 10
17793.82156889256
 20
1580.518262961342
 10
17787.89883540995
 20
1580.518262961342
 10
17787.89883540995
 20
1410.518262961342
  0
LWPOLYLINE
  5
18D4
330
1F
100
AcDbEntity
  8
Rebaixo
 62
     3
100
AcDbPolyline
 90
        4
 70
     1
 43
0.0
 10
17765.89883540995
 20
1410.518262961342
 10
17765.89883540995
 20
1580.518262961342
 10
17735.89883540995
 20
1580.518262961342
 10
17735.89883540995
 20
1410.518262961342
  0
LWPOLYLINE
  5
18D5
330
1F
100
AcDbEntity
  8
Rebaixo
 62
     3
100
AcDbPolyline
 90
        4
 70
     1
 43
0.0
 10
17712.89883540995
 20
1410.518262961342
 10
17712.89883540995
 20
1580.518262961342
 10
17682.89883540995
 20
1580.518262961342
 10
17682.89883540995
 20
1410.518262961342
  0
LWPOLYLINE
  5
18D6
330
1F
100
AcDbEntity
  8
Rebaixo
 62
     3
100
AcDbPolyline
 90
        4
 70
     1
 43
0.0
 10
17660.89883540995
 20
1410.518262961342
 10
17660.89883540995
 20
1580.518262961342
 10
17630.89883540995
 20
1580.518262961342
 10
17630.89883540995
 20
1410.518262961342
  0
LWPOLYLINE
  5
18D7
330
1F
100
AcDbEntity
  8
Rebaixo
 62
     3
100
AcDbPolyline
 90
        6
 70
     1
 43
0.0
 10
17607.89883540995
 20
1410.518262961342
 10
17607.89883540995
 20
1580.518262961342
 10
17601.97610192734
 20
1580.518262961342
 42
0.2446984432290279
 10
17591.32712535158
 20
1574.974756634257
 10
17577.89883540995
 20
1555.797171119995
 10
17577.89883540995
 20
1410.518262961342
  0
MTEXT
  5
18D8
330
1F
100
AcDbEntity
  8
Rebaixo
 62
     3
100
AcDbMText
 10
17588.07195894845
 20
1466.731261150374
 30
0.0
 40
10.0
 41
84.46582672600834
 71
     1
 72
     5
  1
reb 15
 11
0.0000000000000001
 21
1.0
 31
0.0
 73
     1
 44
1.0
1001
ACAD
1000
ACAD_MTEXT_COLUMN_INFO_BEGIN
1070
    75
1070
     2
1070
    79
1070
     0
1070
    76
1070
     1
1070
    78
1070
     0
1070
    48
1040
84.46582672600834
1070
    49
1040
12.5
1070
    50
1070
     1
1040
0.0
1000
ACAD_MTEXT_COLUMN_INFO_END
1000
MTEXTBEGIN
1070
    73
1070
     1
1070
    44
1040
1.0
1070
    74
1070
     0
1000
MTEXTEND
  0
MTEXT
  5
18D9
330
1F
100
AcDbEntity
  8
Rebaixo
 62
     3
100
AcDbMText
 10
17690.99513645275
 20
1477.985448217413
 30
0.0
 40
10.0
 41
84.46582672600834
 71
     1
 72
     5
  1
reb 15
 11
0.0000000000000001
 21
1.0
 31
0.0
 73
     1
 44
1.0
1001
ACAD
1000
ACAD_MTEXT_COLUMN_INFO_BEGIN
1070
    75
1070
     2
1070
    79
1070
     0
1070
    76
1070
     1
1070
    78
1070
     0
1070
    48
1040
84.46582672600834
1070
    49
1040
12.5
1070
    50
1070
     1
1040
0.0
1000
ACAD_MTEXT_COLUMN_INFO_END
1000
MTEXTBEGIN
1070
    73
1070
     1
1070
    44
1040
1.0
1070
    74
1070
     0
1000
MTEXTEND
  0
MTEXT
  5
18DA
330
1F
100
AcDbEntity
  8
Rebaixo
 62
     3
100
AcDbMText
 10
17798.92369407426
 20
1466.731261150374
 30
0.0
 40
10.0
 41
84.46582672600834
 71
     1
 72
     5
  1
reb 15
 11
0.0000000000000001
 21
1.0
 31
0.0
 73
     1
 44
1.0
1001
ACAD
1000
ACAD_MTEXT_COLUMN_INFO_BEGIN
1070
    75
1070
     2
1070
    79
1070
     0
1070
    76
1070
     1
1070
    78
1070
     0
1070
    48
1040
84.46582672600834
1070
    49
1040
12.5
1070
    50
1070
     1
1040
0.0
1000
ACAD_MTEXT_COLUMN_INFO_END
1000
MTEXTBEGIN
1070
    73
1070
     1
1070
    44
1040
1.0
1070
    74
1070
     0
1000
MTEXTEND
  0
LWPOLYLINE
  5
18DB
330
1F
100
AcDbEntity
  8
Rebaixo
 62
     3
100
AcDbPolyline
 90
        6
 70
     1
 43
0.0
 10
17879.88398765707
 20
1240.518262961335
 10
17879.88398765707
 20
1385.797171119987
 10
17866.45569771544
 20
1404.97475663425
 42
0.2446984432290315
 10
17855.80672113968
 20
1410.518262961335
 10
17849.88398765707
 20
1410.518262961335
 10
17849.88398765707
 20
1240.518262961335
  0
LWPOLYLINE
  5
18DC
330
1F
100
AcDbEntity
  8
Rebaixo
 62
     3
100
AcDbPolyline
 90
        4
 70
     1
 43
0.0
 10
17827.88398765707
 20
1240.518262961335
 10
17827.88398765707
 20
1410.518262961335
 10
17797.88398765707
 20
1410.518262961335
 10
17797.88398765707
 20
1240.518262961335
  0
LWPOLYLINE
  5
18DD
330
1F
100
AcDbEntity
  8
Rebaixo
 62
     3
100
AcDbPolyline
 90
        4
 70
     1
 43
0.0
 10
17774.88398765707
 20
1240.518262961335
 10
17774.88398765707
 20
1410.518262961335
 10
17744.88398765707
 20
1410.518262961335
 10
17744.88398765707
 20
1240.518262961335
  0
LWPOLYLINE
  5
18DE
330
1F
100
AcDbEntity
  8
Rebaixo
 62
     3
100
AcDbPolyline
 90
        4
 70
     1
 43
0.0
 10
17722.88398765707
 20
1240.518262961335
 10
17722.88398765707
 20
1410.518262961335
 10
17692.88398765707
 20
1410.518262961335
 10
17692.88398765707
 20
1240.518262961335
  0
LWPOLYLINE
  5
18DF
330
1F
100
AcDbEntity
  8
Rebaixo
 62
     3
100
AcDbPolyline
 90
        6
 70
     1
 43
0.0
 10
17669.88398765707
 20
1240.518262961335
 10
17669.88398765707
 20
1410.518262961335
 10
17663.96125417446
 20
1410.518262961335
 42
0.2446984432290279
 10
17653.3122775987
 20
1404.97475663425
 10
17639.88398765707
 20
1385.797171119987
 10
17639.88398765707
 20
1240.518262961335
  0
MTEXT
  5
18E0
330
1F
100
AcDbEntity
  8
Rebaixo
 62
     3
100
AcDbMText
 10
17650.05711119556
 20
1296.731261150367
 30
0.0
 40
10.0
 41
84.46582672600834
 71
     1
 72
     5
  1
reb 15
 11
0.0000000000000001
 21
1.0
 31
0.0
 73
     1
 44
1.0
1001
ACAD
1000
ACAD_MTEXT_COLUMN_INFO_BEGIN
1070
    75
1070
     2
1070
    79
1070
     0
1070
    76
1070
     1
1070
    78
1070
     0
1070
    48
1040
84.46582672600834
1070
    49
1040
12.5
1070
    50
1070
     1
1040
0.0
1000
ACAD_MTEXT_COLUMN_INFO_END
1000
MTEXTBEGIN
1070
    73
1070
     1
1070
    44
1040
1.0
1070
    74
1070
     0
1000
MTEXTEND
  0
MTEXT
  5
18E1
330
1F
100
AcDbEntity
  8
Rebaixo
 62
     3
100
AcDbMText
 10
17752.98028869986
 20
1307.985448217406
 30
0.0
 40
10.0
 41
84.46582672600834
 71
     1
 72
     5
  1
reb 15
 11
0.0000000000000001
 21
1.0
 31
0.0
 73
     1
 44
1.0
1001
ACAD
1000
ACAD_MTEXT_COLUMN_INFO_BEGIN
1070
    75
1070
     2
1070
    79
1070
     0
1070
    76
1070
     1
1070
    78
1070
     0
1070
    48
1040
84.46582672600834
1070
    49
1040
12.5
1070
    50
1070
     1
1040
0.0
1000
ACAD_MTEXT_COLUMN_INFO_END
1000
MTEXTBEGIN
1070
    73
1070
     1
1070
    44
1040
1.0
1070
    74
1070
     0
1000
MTEXTEND
  0
MTEXT
  5
18E2
330
1F
100
AcDbEntity
  8
Rebaixo
 62
     3
100
AcDbMText
 10
17860.90884632138
 20
1296.731261150367
 30
0.0
 40
10.0
 41
84.46582672600834
 71
     1
 72
     5
  1
reb 15
 11
0.0000000000000001
 21
1.0
 31
0.0
 73
     1
 44
1.0
1001
ACAD
1000
ACAD_MTEXT_COLUMN_INFO_BEGIN
1070
    75
1070
     2
1070
    79
1070
     0
1070
    76
1070
     1
1070
    78
1070
     0
1070
    48
1040
84.46582672600834
1070
    49
1040
12.5
1070
    50
1070
     1
1040
0.0
1000
ACAD_MTEXT_COLUMN_INFO_END
1000
MTEXTBEGIN
1070
    73
1070
     1
1070
    44
1040
1.0
1070
    74
1070
     0
1000
MTEXTEND
  0
LWPOLYLINE
  5
18E3
330
1F
100
AcDbEntity
  8
Rebaixo
 62
     3
100
AcDbPolyline
 90
        6
 70
     1
 43
0.0
 10
17116.24254538695
 20
1443.522420790557
 10
17116.24254538695
 20
1588.80132894921
 10
17102.81425544532
 20
1607.978914463472
 42
0.2446984432290315
 10
17092.16527886957
 20
1613.522420790557
 10
17086.24254538695
 20
1613.522420790557
 10
17086.24254538695
 20
1443.522420790557
  0
LWPOLYLINE
  5
18E4
330
1F
100
AcDbEntity
  8
Rebaixo
 62
     3
100
AcDbPolyline
 90
        4
 70
     1
 43
0.0
 10
17064.24254538695
 20
1443.522420790557
 10
17064.24254538695
 20
1613.522420790557
 10
17034.24254538695
 20
1613.522420790557
 10
17034.24254538695
 20
1443.522420790557
  0
LWPOLYLINE
  5
18E5
330
1F
100
AcDbEntity
  8
Rebaixo
 62
     3
100
AcDbPolyline
 90
        4
 70
     1
 43
0.0
 10
17011.24254538695
 20
1443.522420790557
 10
17011.24254538695
 20
1613.522420790557
 10
16981.24254538695
 20
1613.522420790557
 10
16981.24254538695
 20
1443.522420790557
  0
LWPOLYLINE
  5
18E6
330
1F
100
AcDbEntity
  8
Rebaixo
 62
     3
100
AcDbPolyline
 90
        4
 70
     1
 43
0.0
 10
16959.24254538695
 20
1443.522420790557
 10
16959.24254538695
 20
1613.522420790557
 10
16929.24254538695
 20
1613.522420790557
 10
16929.24254538695
 20
1443.522420790557
  0
LWPOLYLINE
  5
18E7
330
1F
100
AcDbEntity
  8
Rebaixo
 62
     3
100
AcDbPolyline
 90
        6
 70
     1
 43
0.0
 10
16906.24254538695
 20
1443.522420790557
 10
16906.24254538695
 20
1613.522420790557
 10
16900.31981190434
 20
1613.522420790557
 42
0.2446984432290279
 10
16889.67083532858
 20
1607.978914463472
 10
16876.24254538695
 20
1588.80132894921
 10
16876.24254538695
 20
1443.522420790557
  0
MTEXT
  5
18E8
330
1F
100
AcDbEntity
  8
Rebaixo
 62
     3
100
AcDbMText
 10
16886.41566892545
 20
1499.73541897959
 30
0.0
 40
10.0
 41
84.46582672600834
 71
     1
 72
     5
  1
reb 15
 11
0.0000000000000001
 21
1.0
 31
0.0
 73
     1
 44
1.0
1001
ACAD
1000
ACAD_MTEXT_COLUMN_INFO_BEGIN
1070
    75
1070
     2
1070
    79
1070
     0
1070
    76
1070
     1
1070
    78
1070
     0
1070
    48
1040
84.46582672600834
1070
    49
1040
12.5
1070
    50
1070
     1
1040
0.0
1000
ACAD_MTEXT_COLUMN_INFO_END
1000
MTEXTBEGIN
1070
    73
1070
     1
1070
    44
1040
1.0
1070
    74
1070
     0
1000
MTEXTEND
  0
MTEXT
  5
18E9
330
1F
100
AcDbEntity
  8
Rebaixo
 62
     3
100
AcDbMText
 10
16989.33884642975
 20
1510.989606046629
 30
0.0
 40
10.0
 41
84.46582672600834
 71
     1
 72
     5
  1
reb 15
 11
0.0000000000000001
 21
1.0
 31
0.0
 73
     1
 44
1.0
1001
ACAD
1000
ACAD_MTEXT_COLUMN_INFO_BEGIN
1070
    75
1070
     2
1070
    79
1070
     0
1070
    76
1070
     1
1070
    78
1070
     0
1070
    48
1040
84.46582672600834
1070
    49
1040
12.5
1070
    50
1070
     1
1040
0.0
1000
ACAD_MTEXT_COLUMN_INFO_END
1000
MTEXTBEGIN
1070
    73
1070
     1
1070
    44
1040
1.0
1070
    74
1070
     0
1000
MTEXTEND
  0
MTEXT
  5
18EA
330
1F
100
AcDbEntity
  8
Rebaixo
 62
     3
100
AcDbMText
 10
17097.26740405127
 20
1499.73541897959
 30
0.0
 40
10.0
 41
84.46582672600834
 71
     1
 72
     5
  1
reb 15
 11
0.0000000000000001
 21
1.0
 31
0.0
 73
     1
 44
1.0
1001
ACAD
1000
ACAD_MTEXT_COLUMN_INFO_BEGIN
1070
    75
1070
     2
1070
    79
1070
     0
1070
    76
1070
     1
1070
    78
1070
     0
1070
    48
1040
84.46582672600834
1070
    49
1040
12.5
1070
    50
1070
     1
1040
0.0
1000
ACAD_MTEXT_COLUMN_INFO_END
1000
MTEXTBEGIN
1070
    73
1070
     1
1070
    44
1040
1.0
1070
    74
1070
     0
1000
MTEXTEND
  0
LWPOLYLINE
  5
18EB
330
1F
100
AcDbEntity
  8
Rebaixo
 62
     3
100
AcDbPolyline
 90
        6
 70
     1
 43
0.0
 10
16422.03984707869
 20
1410.518263171241
 10
16422.03984707869
 20
1555.797171329893
 10
16408.61155713706
 20
1574.974756844156
 42
0.2446984432290315
 10
16397.9625805613
 20
1580.518263171241
 10
16392.03984707869
 20
1580.518263171241
 10
16392.03984707869
 20
1410.518263171241
  0
LWPOLYLINE
  5
18EC
330
1F
100
AcDbEntity
  8
Rebaixo
 62
     3
100
AcDbPolyline
 90
        4
 70
     1
 43
0.0
 10
16370.03984707869
 20
1410.518263171241
 10
16370.03984707869
 20
1580.518263171241
 10
16340.03984707869
 20
1580.518263171241
 10
16340.03984707869
 20
1410.518263171241
  0
LWPOLYLINE
  5
18ED
330
1F
100
AcDbEntity
  8
Rebaixo
 62
     3
100
AcDbPolyline
 90
        4
 70
     1
 43
0.0
 10
16317.03984707869
 20
1410.518263171241
 10
16317.03984707869
 20
1580.518263171241
 10
16287.03984707869
 20
1580.518263171241
 10
16287.03984707869
 20
1410.518263171241
  0
LWPOLYLINE
  5
18EE
330
1F
100
AcDbEntity
  8
Rebaixo
 62
     3
100
AcDbPolyline
 90
        4
 70
     1
 43
0.0
 10
16265.03984707869
 20
1410.518263171241
 10
16265.03984707869
 20
1580.518263171241
 10
16235.03984707869
 20
1580.518263171241
 10
16235.03984707869
 20
1410.518263171241
  0
LWPOLYLINE
  5
18EF
330
1F
100
AcDbEntity
  8
Rebaixo
 62
     3
100
AcDbPolyline
 90
        6
 70
     1
 43
0.0
 10
16212.03984707869
 20
1410.518263171241
 10
16212.03984707869
 20
1580.518263171241
 10
16206.11711359607
 20
1580.518263171241
 42
0.2446984432290279
 10
16195.46813702032
 20
1574.974756844156
 10
16182.03984707869
 20
1555.797171329893
 10
16182.03984707869
 20
1410.518263171241
  0
MTEXT
  5
18F0
330
1F
100
AcDbEntity
  8
Rebaixo
 62
     3
100
AcDbMText
 10
16192.21297061718
 20
1466.731261360273
 30
0.0
 40
10.0
 41
84.46582672600834
 71
     1
 72
     5
  1
reb 15
 11
0.0000000000000001
 21
1.0
 31
0.0
 73
     1
 44
1.0
1001
ACAD
1000
ACAD_MTEXT_COLUMN_INFO_BEGIN
1070
    75
1070
     2
1070
    79
1070
     0
1070
    76
1070
     1
1070
    78
1070
     0
1070
    48
1040
84.46582672600834
1070
    49
1040
12.5
1070
    50
1070
     1
1040
0.0
1000
ACAD_MTEXT_COLUMN_INFO_END
1000
MTEXTBEGIN
1070
    73
1070
     1
1070
    44
1040
1.0
1070
    74
1070
     0
1000
MTEXTEND
  0
MTEXT
  5
18F1
330
1F
100
AcDbEntity
  8
Rebaixo
 62
     3
100
AcDbMText
 10
16295.13614812148
 20
1477.985448427312
 30
0.0
 40
10.0
 41
84.46582672600834
 71
     1
 72
     5
  1
reb 15
 11
0.0000000000000001
 21
1.0
 31
0.0
 73
     1
 44
1.0
1001
ACAD
1000
ACAD_MTEXT_COLUMN_INFO_BEGIN
1070
    75
1070
     2
1070
    79
1070
     0
1070
    76
1070
     1
1070
    78
1070
     0
1070
    48
1040
84.46582672600834
1070
    49
1040
12.5
1070
    50
1070
     1
1040
0.0
1000
ACAD_MTEXT_COLUMN_INFO_END
1000
MTEXTBEGIN
1070
    73
1070
     1
1070
    44
1040
1.0
1070
    74
1070
     0
1000
MTEXTEND
  0
MTEXT
  5
18F2
330
1F
100
AcDbEntity
  8
Rebaixo
 62
     3
100
AcDbMText
 10
16403.064705743
 20
1466.731261360273
 30
0.0
 40
10.0
 41
84.46582672600834
 71
     1
 72
     5
  1
reb 15
 11
0.0000000000000001
 21
1.0
 31
0.0
 73
     1
 44
1.0
1001
ACAD
1000
ACAD_MTEXT_COLUMN_INFO_BEGIN
1070
    75
1070
     2
1070
    79
1070
     0
1070
    76
1070
     1
1070
    78
1070
     0
1070
    48
1040
84.46582672600834
1070
    49
1040
12.5
1070
    50
1070
     1
1040
0.0
1000
ACAD_MTEXT_COLUMN_INFO_END
1000
MTEXTBEGIN
1070
    73
1070
     1
1070
    44
1040
1.0
1070
    74
1070
     0
1000
MTEXTEND
  0
LWPOLYLINE
  5
18F3
330
1F
100
AcDbEntity
  8
Rebaixo
 62
     3
100
AcDbPolyline
 90
        6
 70
     1
 43
0.0
 10
16484.02499967047
 20
1240.518263171234
 10
16484.02499967047
 20
1385.797171329886
 10
16470.59670972884
 20
1404.974756844149
 42
0.2446984432290315
 10
16459.94773315309
 20
1410.518263171234
 10
16454.02499967047
 20
1410.518263171234
 10
16454.02499967047
 20
1240.518263171234
  0
LWPOLYLINE
  5
18F4
330
1F
100
AcDbEntity
  8
Rebaixo
 62
     3
100
AcDbPolyline
 90
        4
 70
     1
 43
0.0
 10
16432.02499967047
 20
1240.518263171234
 10
16432.02499967047
 20
1410.518263171234
 10
16402.02499967047
 20
1410.518263171234
 10
16402.02499967047
 20
1240.518263171234
  0
LWPOLYLINE
  5
18F5
330
1F
100
AcDbEntity
  8
Rebaixo
 62
     3
100
AcDbPolyline
 90
        4
 70
     1
 43
0.0
 10
16379.02499967047
 20
1240.518263171234
 10
16379.02499967047
 20
1410.518263171234
 10
16349.02499967047
 20
1410.518263171234
 10
16349.02499967047
 20
1240.518263171234
  0
LWPOLYLINE
  5
18F6
330
1F
100
AcDbEntity
  8
Rebaixo
 62
     3
100
AcDbPolyline
 90
        4
 70
     1
 43
0.0
 10
16327.02499967047
 20
1240.518263171234
 10
16327.02499967047
 20
1410.518263171234
 10
16297.02499967047
 20
1410.518263171234
 10
16297.02499967047
 20
1240.518263171234
  0
LWPOLYLINE
  5
18F7
330
1F
100
AcDbEntity
  8
Rebaixo
 62
     3
100
AcDbPolyline
 90
        6
 70
     1
 43
0.0
 10
16274.02499967047
 20
1240.518263171234
 10
16274.02499967047
 20
1410.518263171234
 10
16268.10226618786
 20
1410.518263171234
 42
0.2446984432290279
 10
16257.4532896121
 20
1404.974756844149
 10
16244.02499967047
 20
1385.797171329886
 10
16244.02499967047
 20
1240.518263171234
  0
MTEXT
  5
18F8
330
1F
100
AcDbEntity
  8
Rebaixo
 62
     3
100
AcDbMText
 10
16254.19812320896
 20
1296.731261360266
 30
0.0
 40
10.0
 41
84.46582672600834
 71
     1
 72
     5
  1
reb 15
 11
0.0000000000000001
 21
1.0
 31
0.0
 73
     1
 44
1.0
1001
ACAD
1000
ACAD_MTEXT_COLUMN_INFO_BEGIN
1070
    75
1070
     2
1070
    79
1070
     0
1070
    76
1070
     1
1070
    78
1070
     0
1070
    48
1040
84.46582672600834
1070
    49
1040
12.5
1070
    50
1070
     1
1040
0.0
1000
ACAD_MTEXT_COLUMN_INFO_END
1000
MTEXTBEGIN
1070
    73
1070
     1
1070
    44
1040
1.0
1070
    74
1070
     0
1000
MTEXTEND
  0
MTEXT
  5
18F9
330
1F
100
AcDbEntity
  8
Rebaixo
 62
     3
100
AcDbMText
 10
16357.12130071327
 20
1307.985448427305
 30
0.0
 40
10.0
 41
84.46582672600834
 71
     1
 72
     5
  1
reb 15
 11
0.0000000000000001
 21
1.0
 31
0.0
 73
     1
 44
1.0
1001
ACAD
1000
ACAD_MTEXT_COLUMN_INFO_BEGIN
1070
    75
1070
     2
1070
    79
1070
     0
1070
    76
1070
     1
1070
    78
1070
     0
1070
    48
1040
84.46582672600834
1070
    49
1040
12.5
1070
    50
1070
     1
1040
0.0
1000
ACAD_MTEXT_COLUMN_INFO_END
1000
MTEXTBEGIN
1070
    73
1070
     1
1070
    44
1040
1.0
1070
    74
1070
     0
1000
MTEXTEND
  0
MTEXT
  5
18FA
330
1F
100
AcDbEntity
  8
Rebaixo
 62
     3
100
AcDbMText
 10
16465.04985833479
 20
1296.731261360266
 30
0.0
 40
10.0
 41
84.46582672600834
 71
     1
 72
     5
  1
reb 15
 11
0.0000000000000001
 21
1.0
 31
0.0
 73
     1
 44
1.0
1001
ACAD
1000
ACAD_MTEXT_COLUMN_INFO_BEGIN
1070
    75
1070
     2
1070
    79
1070
     0
1070
    76
1070
     1
1070
    78
1070
     0
1070
    48
1040
84.46582672600834
1070
    49
1040
12.5
1070
    50
1070
     1
1040
0.0
1000
ACAD_MTEXT_COLUMN_INFO_END
1000
MTEXTBEGIN
1070
    73
1070
     1
1070
    44
1040
1.0
1070
    74
1070
     0
1000
MTEXTEND
  0
LWPOLYLINE
  5
18FB
330
1F
100
AcDbEntity
  8
Rebaixo
 62
     3
100
AcDbPolyline
 90
        6
 70
     1
 43
0.0
 10
17119.90107337126
 20
575.8112667419949
 10
17119.90107337126
 20
721.0901749006474
 10
17106.47278342963
 20
740.2677604149097
 42
0.2446984432290315
 10
17095.82380685388
 20
745.8112667419949
 10
17089.90107337126
 20
745.8112667419949
 10
17089.90107337126
 20
575.8112667419949
  0
LWPOLYLINE
  5
18FC
330
1F
100
AcDbEntity
  8
Rebaixo
 62
     3
100
AcDbPolyline
 90
        4
 70
     1
 43
0.0
 10
17067.90107337126
 20
575.8112667419949
 10
17067.90107337126
 20
745.8112667419949
 10
17037.90107337126
 20
745.8112667419949
 10
17037.90107337126
 20
575.8112667419949
  0
LWPOLYLINE
  5
18FD
330
1F
100
AcDbEntity
  8
Rebaixo
 62
     3
100
AcDbPolyline
 90
        4
 70
     1
 43
0.0
 10
17014.90107337126
 20
575.8112667419949
 10
17014.90107337126
 20
745.8112667419949
 10
16984.90107337126
 20
745.8112667419949
 10
16984.90107337126
 20
575.8112667419949
  0
LWPOLYLINE
  5
18FE
330
1F
100
AcDbEntity
  8
Rebaixo
 62
     3
100
AcDbPolyline
 90
        4
 70
     1
 43
0.0
 10
16962.90107337126
 20
575.8112667419949
 10
16962.90107337126
 20
745.8112667419949
 10
16932.90107337126
 20
745.8112667419949
 10
16932.90107337126
 20
575.8112667419949
  0
LWPOLYLINE
  5
18FF
330
1F
100
AcDbEntity
  8
Rebaixo
 62
     3
100
AcDbPolyline
 90
        6
 70
     1
 43
0.0
 10
16909.90107337126
 20
575.8112667419949
 10
16909.90107337126
 20
745.8112667419949
 10
16903.97833988865
 20
745.8112667419949
 42
0.2446984432290279
 10
16893.32936331289
 20
740.2677604149097
 10
16879.90107337126
 20
721.0901749006474
 10
16879.90107337126
 20
575.8112667419949
  0
MTEXT
  5
1900
330
1F
100
AcDbEntity
  8
Rebaixo
 62
     3
100
AcDbMText
 10
16890.07419690976
 20
632.0242649310269
 30
0.0
 40
10.0
 41
84.46582672600834
 71
     1
 72
     5
  1
reb 15
 11
0.0000000000000001
 21
1.0
 31
0.0
 73
     1
 44
1.0
1001
ACAD
1000
ACAD_MTEXT_COLUMN_INFO_BEGIN
1070
    75
1070
     2
1070
    79
1070
     0
1070
    76
1070
     1
1070
    78
1070
     0
1070
    48
1040
84.46582672600834
1070
    49
1040
12.5
1070
    50
1070
     1
1040
0.0
1000
ACAD_MTEXT_COLUMN_INFO_END
1000
MTEXTBEGIN
1070
    73
1070
     1
1070
    44
1040
1.0
1070
    74
1070
     0
1000
MTEXTEND
  0
MTEXT
  5
1901
330
1F
100
AcDbEntity
  8
Rebaixo
 62
     3
100
AcDbMText
 10
16992.99737441406
 20
643.2784519980663
 30
0.0
 40
10.0
 41
84.46582672600834
 71
     1
 72
     5
  1
reb 15
 11
0.0000000000000001
 21
1.0
 31
0.0
 73
     1
 44
1.0
1001
ACAD
1000
ACAD_MTEXT_COLUMN_INFO_BEGIN
1070
    75
1070
     2
1070
    79
1070
     0
1070
    76
1070
     1
1070
    78
1070
     0
1070
    48
1040
84.46582672600834
1070
    49
1040
12.5
1070
    50
1070
     1
1040
0.0
1000
ACAD_MTEXT_COLUMN_INFO_END
1000
MTEXTBEGIN
1070
    73
1070
     1
1070
    44
1040
1.0
1070
    74
1070
     0
1000
MTEXTEND
  0
MTEXT
  5
1902
330
1F
100
AcDbEntity
  8
Rebaixo
 62
     3
100
AcDbMText
 10
17100.92593203557
 20
632.0242649310269
 30
0.0
 40
10.0
 41
84.46582672600834
 71
     1
 72
     5
  1
reb 15
 11
0.0000000000000001
 21
1.0
 31
0.0
 73
     1
 44
1.0
1001
ACAD
1000
ACAD_MTEXT_COLUMN_INFO_BEGIN
1070
    75
1070
     2
1070
    79
1070
     0
1070
    76
1070
     1
1070
    78
1070
     0
1070
    48
1040
84.46582672600834
1070
    49
1040
12.5
1070
    50
1070
     1
1040
0.0
1000
ACAD_MTEXT_COLUMN_INFO_END
1000
MTEXTBEGIN
1070
    73
1070
     1
1070
    44
1040
1.0
1070
    74
1070
     0
1000
MTEXTEND
  0
LWPOLYLINE
  5
1903
330
1F
100
AcDbEntity
  8
Rebaixo
 62
     3
100
AcDbPolyline
 90
        6
 70
     1
 43
0.0
 10
18030.50000097573
 20
598.632981204272
 10
18030.50000097573
 20
743.9118893629244
 10
18017.0717110341
 20
763.0894748771868
 42
0.2446984432290315
 10
18006.42273445834
 20
768.632981204272
 10
18000.50000097573
 20
768.632981204272
 10
18000.50000097573
 20
598.632981204272
  0
LWPOLYLINE
  5
1904
330
1F
100
AcDbEntity
  8
Rebaixo
 62
     3
100
AcDbPolyline
 90
        4
 70
     1
 43
0.0
 10
17978.50000097573
 20
598.632981204272
 10
17978.50000097573
 20
768.632981204272
 10
17948.50000097573
 20
768.632981204272
 10
17948.50000097573
 20
598.632981204272
  0
LWPOLYLINE
  5
1905
330
1F
100
AcDbEntity
  8
Rebaixo
 62
     3
100
AcDbPolyline
 90
        4
 70
     1
 43
0.0
 10
17925.50000097573
 20
598.632981204272
 10
17925.50000097573
 20
768.632981204272
 10
17895.50000097573
 20
768.632981204272
 10
17895.50000097573
 20
598.632981204272
  0
LWPOLYLINE
  5
1906
330
1F
100
AcDbEntity
  8
Rebaixo
 62
     3
100
AcDbPolyline
 90
        4
 70
     1
 43
0.0
 10
17873.50000097573
 20
598.632981204272
 10
17873.50000097573
 20
768.632981204272
 10
17843.50000097573
 20
768.632981204272
 10
17843.50000097573
 20
598.632981204272
  0
LWPOLYLINE
  5
1907
330
1F
100
AcDbEntity
  8
Rebaixo
 62
     3
100
AcDbPolyline
 90
        6
 70
     1
 43
0.0
 10
17820.50000097573
 20
598.632981204272
 10
17820.50000097573
 20
768.632981204272
 10
17814.57726749312
 20
768.632981204272
 42
0.2446984432290279
 10
17803.92829091736
 20
763.0894748771868
 10
17790.50000097573
 20
743.9118893629244
 10
17790.50000097573
 20
598.632981204272
  0
MTEXT
  5
1908
330
1F
100
AcDbEntity
  8
Rebaixo
 62
     3
100
AcDbMText
 10
17800.67312451422
 20
654.8459793933041
 30
0.0
 40
10.0
 41
84.46582672600834
 71
     1
 72
     5
  1
reb 15
 11
0.0000000000000001
 21
1.0
 31
0.0
 73
     1
 44
1.0
1001
ACAD
1000
ACAD_MTEXT_COLUMN_INFO_BEGIN
1070
    75
1070
     2
1070
    79
1070
     0
1070
    76
1070
     1
1070
    78
1070
     0
1070
    48
1040
84.46582672600834
1070
    49
1040
12.5
1070
    50
1070
     1
1040
0.0
1000
ACAD_MTEXT_COLUMN_INFO_END
1000
MTEXTBEGIN
1070
    73
1070
     1
1070
    44
1040
1.0
1070
    74
1070
     0
1000
MTEXTEND
  0
MTEXT
  5
1909
330
1F
100
AcDbEntity
  8
Rebaixo
 62
     3
100
AcDbMText
 10
17903.59630201852
 20
666.1001664603434
 30
0.0
 40
10.0
 41
84.46582672600834
 71
     1
 72
     5
  1
reb 15
 11
0.0000000000000001
 21
1.0
 31
0.0
 73
     1
 44
1.0
1001
ACAD
1000
ACAD_MTEXT_COLUMN_INFO_BEGIN
1070
    75
1070
     2
1070
    79
1070
     0
1070
    76
1070
     1
1070
    78
1070
     0
1070
    48
1040
84.46582672600834
1070
    49
1040
12.5
1070
    50
1070
     1
1040
0.0
1000
ACAD_MTEXT_COLUMN_INFO_END
1000
MTEXTBEGIN
1070
    73
1070
     1
1070
    44
1040
1.0
1070
    74
1070
     0
1000
MTEXTEND
  0
MTEXT
  5
190A
330
1F
100
AcDbEntity
  8
Rebaixo
 62
     3
100
AcDbMText
 10
18011.52485964004
 20
654.8459793933041
 30
0.0
 40
10.0
 41
84.46582672600834
 71
     1
 72
     5
  1
reb 15
 11
0.0000000000000001
 21
1.0
 31
0.0
 73
     1
 44
1.0
1001
ACAD
1000
ACAD_MTEXT_COLUMN_INFO_BEGIN
1070
    75
1070
     2
1070
    79
1070
     0
1070
    76
1070
     1
1070
    78
1070
     0
1070
    48
1040
84.46582672600834
1070
    49
1040
12.5
1070
    50
1070
     1
1040
0.0
1000
ACAD_MTEXT_COLUMN_INFO_END
1000
MTEXTBEGIN
1070
    73
1070
     1
1070
    44
1040
1.0
1070
    74
1070
     0
1000
MTEXTEND
  0
LWPOLYLINE
  5
190B
330
1F
100
AcDbEntity
  8
Rebaixo
 62
     3
100
AcDbPolyline
 90
        6
 70
     1
 43
0.0
 10
17786.1097416069
 20
428.6329818225474
 10
17786.1097416069
 20
283.354073663895
 10
17799.53803154853
 20
264.1764881496326
 42
0.2446984432290315
 10
17810.18700812429
 20
258.6329818225475
 10
17816.1097416069
 20
258.6329818225475
 10
17816.1097416069
 20
428.6329818225474
  0
LWPOLYLINE
  5
190C
330
1F
100
AcDbEntity
  8
Rebaixo
 62
     3
100
AcDbPolyline
 90
        4
 70
     1
 43
0.0
 10
17838.1097416069
 20
428.6329818225474
 10
17838.1097416069
 20
258.6329818225475
 10
17868.1097416069
 20
258.6329818225475
 10
17868.1097416069
 20
428.6329818225474
  0
LWPOLYLINE
  5
190D
330
1F
100
AcDbEntity
  8
Rebaixo
 62
     3
100
AcDbPolyline
 90
        4
 70
     1
 43
0.0
 10
17891.1097416069
 20
428.6329818225474
 10
17891.1097416069
 20
258.6329818225475
 10
17921.1097416069
 20
258.6329818225475
 10
17921.1097416069
 20
428.6329818225474
  0
LWPOLYLINE
  5
190E
330
1F
100
AcDbEntity
  8
Rebaixo
 62
     3
100
AcDbPolyline
 90
        4
 70
     1
 43
0.0
 10
17943.1097416069
 20
428.6329818225474
 10
17943.1097416069
 20
258.6329818225475
 10
17973.1097416069
 20
258.6329818225475
 10
17973.1097416069
 20
428.6329818225474
  0
LWPOLYLINE
  5
190F
330
1F
100
AcDbEntity
  8
Rebaixo
 62
     3
100
AcDbPolyline
 90
        6
 70
     1
 43
0.0
 10
17996.1097416069
 20
428.6329818225474
 10
17996.1097416069
 20
258.6329818225475
 10
18002.03247508951
 20
258.6329818225475
 42
0.2446984432290279
 10
18012.68145166527
 20
264.1764881496326
 10
18026.1097416069
 20
283.354073663895
 10
18026.1097416069
 20
428.6329818225474
  0
MTEXT
  5
1910
330
1F
100
AcDbEntity
  8
Rebaixo
 62
     3
100
AcDbMText
 10
18015.93661806841
 20
372.4199836335154
 30
0.0
 40
10.0
 41
84.46582672600834
 71
     1
 72
     5
  1
reb 15
 11
-0.0000000000000002
 21
-1.0
 31
0.0
 73
     1
 44
1.0
1001
ACAD
1000
ACAD_MTEXT_COLUMN_INFO_BEGIN
1070
    75
1070
     2
1070
    79
1070
     0
1070
    76
1070
     1
1070
    78
1070
     0
1070
    48
1040
84.46582672600834
1070
    49
1040
12.5
1070
    50
1070
     1
1040
0.0
1000
ACAD_MTEXT_COLUMN_INFO_END
1000
MTEXTBEGIN
1070
    73
1070
     1
1070
    44
1040
1.0
1070
    74
1070
     0
1000
MTEXTEND
  0
MTEXT
  5
1911
330
1F
100
AcDbEntity
  8
Rebaixo
 62
     3
100
AcDbMText
 10
17913.0134405641
 20
361.1657965664761
 30
0.0
 40
10.0
 41
84.46582672600834
 71
     1
 72
     5
  1
reb 15
 11
-0.0000000000000002
 21
-1.0
 31
0.0
 73
     1
 44
1.0
1001
ACAD
1000
ACAD_MTEXT_COLUMN_INFO_BEGIN
1070
    75
1070
     2
1070
    79
1070
     0
1070
    76
1070
     1
1070
    78
1070
     0
1070
    48
1040
84.46582672600834
1070
    49
1040
12.5
1070
    50
1070
     1
1040
0.0
1000
ACAD_MTEXT_COLUMN_INFO_END
1000
MTEXTBEGIN
1070
    73
1070
     1
1070
    44
1040
1.0
1070
    74
1070
     0
1000
MTEXTEND
  0
MTEXT
  5
1912
330
1F
100
AcDbEntity
  8
Rebaixo
 62
     3
100
AcDbMText
 10
17805.08488294259
 20
372.4199836335154
 30
0.0
 40
10.0
 41
84.46582672600834
 71
     1
 72
     5
  1
reb 15
 11
-0.0000000000000002
 21
-1.0
 31
0.0
 73
     1
 44
1.0
1001
ACAD
1000
ACAD_MTEXT_COLUMN_INFO_BEGIN
1070
    75
1070
     2
1070
    79
1070
     0
1070
    76
1070
     1
1070
    78
1070
     0
1070
    48
1040
84.46582672600834
1070
    49
1040
12.5
1070
    50
1070
     1
1040
0.0
1000
ACAD_MTEXT_COLUMN_INFO_END
1000
MTEXTBEGIN
1070
    73
1070
     1
1070
    44
1040
1.0
1070
    74
1070
     0
1000
MTEXTEND
  0
LWPOLYLINE
  5
1913
330
1F
100
AcDbEntity
  8
Rebaixo
 62
     3
100
AcDbPolyline
 90
        6
 70
     1
 43
0.0
 10
17786.43660303735
 20
598.6329818225401
 10
17786.43660303735
 20
453.3540736638877
 10
17799.86489297898
 20
434.1764881496254
 42
0.2446984432290315
 10
17810.51386955474
 20
428.6329818225402
 10
17816.43660303735
 20
428.6329818225402
 10
17816.43660303735
 20
598.6329818225401
  0
LWPOLYLINE
  5
1914
330
1F
100
AcDbEntity
  8
Rebaixo
 62
     3
100
AcDbPolyline
 90
        4
 70
     1
 43
0.0
 10
17838.43660303736
 20
598.6329818225401
 10
17838.43660303736
 20
428.6329818225402
 10
17868.43660303735
 20
428.6329818225402
 10
17868.43660303735
 20
598.6329818225401
  0
LWPOLYLINE
  5
1915
330
1F
100
AcDbEntity
  8
Rebaixo
 62
     3
100
AcDbPolyline
 90
        4
 70
     1
 43
0.0
 10
17891.43660303736
 20
598.6329818225401
 10
17891.43660303736
 20
428.6329818225402
 10
17921.43660303735
 20
428.6329818225402
 10
17921.43660303735
 20
598.6329818225401
  0
LWPOLYLINE
  5
1916
330
1F
100
AcDbEntity
  8
Rebaixo
 62
     3
100
AcDbPolyline
 90
        4
 70
     1
 43
0.0
 10
17943.43660303735
 20
598.6329818225401
 10
17943.43660303735
 20
428.6329818225402
 10
17973.43660303736
 20
428.6329818225402
 10
17973.43660303736
 20
598.6329818225401
  0
LWPOLYLINE
  5
1917
330
1F
100
AcDbEntity
  8
Rebaixo
 62
     3
100
AcDbPolyline
 90
        6
 70
     1
 43
0.0
 10
17996.43660303735
 20
598.6329818225401
 10
17996.43660303735
 20
428.6329818225402
 10
18002.35933651997
 20
428.6329818225402
 42
0.2446984432290279
 10
18013.00831309573
 20
434.1764881496254
 10
18026.43660303735
 20
453.3540736638877
 10
18026.43660303735
 20
598.6329818225401
  0
MTEXT
  5
1918
330
1F
100
AcDbEntity
  8
Rebaixo
 62
     3
100
AcDbMText
 10
18016.26347949886
 20
542.419983633508
 30
0.0
 40
10.0
 41
84.46582672600834
 71
     1
 72
     5
  1
reb 15
 11
-0.0000000000000002
 21
-1.0
 31
0.0
 73
     1
 44
1.0
1001
ACAD
1000
ACAD_MTEXT_COLUMN_INFO_BEGIN
1070
    75
1070
     2
1070
    79
1070
     0
1070
    76
1070
     1
1070
    78
1070
     0
1070
    48
1040
84.46582672600834
1070
    49
1040
12.5
1070
    50
1070
     1
1040
0.0
1000
ACAD_MTEXT_COLUMN_INFO_END
1000
MTEXTBEGIN
1070
    73
1070
     1
1070
    44
1040
1.0
1070
    74
1070
     0
1000
MTEXTEND
  0
MTEXT
  5
1919
330
1F
100
AcDbEntity
  8
Rebaixo
 62
     3
100
AcDbMText
 10
17913.34030199456
 20
531.1657965664688
 30
0.0
 40
10.0
 41
84.46582672600834
 71
     1
 72
     5
  1
reb 15
 11
-0.0000000000000002
 21
-1.0
 31
0.0
 73
     1
 44
1.0
1001
ACAD
1000
ACAD_MTEXT_COLUMN_INFO_BEGIN
1070
    75
1070
     2
1070
    79
1070
     0
1070
    76
1070
     1
1070
    78
1070
     0
1070
    48
1040
84.46582672600834
1070
    49
1040
12.5
1070
    50
1070
     1
1040
0.0
1000
ACAD_MTEXT_COLUMN_INFO_END
1000
MTEXTBEGIN
1070
    73
1070
     1
1070
    44
1040
1.0
1070
    74
1070
     0
1000
MTEXTEND
  0
MTEXT
  5
191A
330
1F
100
AcDbEntity
  8
Rebaixo
 62
     3
100
AcDbMText
 10
17805.41174437304
 20
542.419983633508
 30
0.0
 40
10.0
 41
84.46582672600834
 71
     1
 72
     5
  1
reb 15
 11
-0.0000000000000002
 21
-1.0
 31
0.0
 73
     1
 44
1.0
1001
ACAD
1000
ACAD_MTEXT_COLUMN_INFO_BEGIN
1070
    75
1070
     2
1070
    79
1070
     0
1070
    76
1070
     1
1070
    78
1070
     0
1070
    48
1040
84.46582672600834
1070
    49
1040
12.5
1070
    50
1070
     1
1040
0.0
1000
ACAD_MTEXT_COLUMN_INFO_END
1000
MTEXTBEGIN
1070
    73
1070
     1
1070
    44
1040
1.0
1070
    74
1070
     0
1000
MTEXTEND
  0
LWPOLYLINE
  5
191B
330
1F
100
AcDbEntity
  8
Rebaixo
 62
     3
100
AcDbPolyline
 90
        6
 70
     1
 43
0.0
 10
17524.45872462758
 20
852.0000004088185
 10
17524.45872462758
 20
706.7210922501661
 10
17537.8870145692
 20
687.5435067359037
 42
0.2446984432290315
 10
17548.53599114496
 20
682.0000004088186
 10
17554.45872462757
 20
682.0000004088186
 10
17554.45872462757
 20
852.0000004088185
  0
LWPOLYLINE
  5
191C
330
1F
100
AcDbEntity
  8
Rebaixo
 62
     3
100
AcDbPolyline
 90
        4
 70
     1
 43
0.0
 10
17576.45872462757
 20
852.0000004088185
 10
17576.45872462757
 20
682.0000004088186
 10
17606.45872462758
 20
682.0000004088186
 10
17606.45872462758
 20
852.0000004088185
  0
LWPOLYLINE
  5
191D
330
1F
100
AcDbEntity
  8
Rebaixo
 62
     3
100
AcDbPolyline
 90
        4
 70
     1
 43
0.0
 10
17629.45872462758
 20
852.0000004088185
 10
17629.45872462758
 20
682.0000004088186
 10
17659.45872462757
 20
682.0000004088186
 10
17659.45872462757
 20
852.0000004088185
  0
LWPOLYLINE
  5
191E
330
1F
100
AcDbEntity
  8
Rebaixo
 62
     3
100
AcDbPolyline
 90
        4
 70
     1
 43
0.0
 10
17681.45872462757
 20
852.0000004088185
 10
17681.45872462757
 20
682.0000004088186
 10
17711.45872462757
 20
682.0000004088186
 10
17711.45872462757
 20
852.0000004088185
  0
LWPOLYLINE
  5
191F
330
1F
100
AcDbEntity
  8
Rebaixo
 62
     3
100
AcDbPolyline
 90
        6
 70
     1
 43
0.0
 10
17734.45872462757
 20
852.0000004088185
 10
17734.45872462757
 20
682.0000004088186
 10
17740.38145811019
 20
682.0000004088186
 42
0.2446984432290279
 10
17751.03043468595
 20
687.5435067359037
 10
17764.45872462758
 20
706.7210922501661
 10
17764.45872462758
 20
852.0000004088185
  0
MTEXT
  5
1920
330
1F
100
AcDbEntity
  8
Rebaixo
 62
     3
100
AcDbMText
 10
17754.28560108908
 20
795.7870022197864
 30
0.0
 40
10.0
 41
84.46582672600834
 71
     1
 72
     5
  1
reb 15
 11
-0.0000000000000002
 21
-1.0
 31
0.0
 73
     1
 44
1.0
1001
ACAD
1000
ACAD_MTEXT_COLUMN_INFO_BEGIN
1070
    75
1070
     2
1070
    79
1070
     0
1070
    76
1070
     1
1070
    78
1070
     0
1070
    48
1040
84.46582672600834
1070
    49
1040
12.5
1070
    50
1070
     1
1040
0.0
1000
ACAD_MTEXT_COLUMN_INFO_END
1000
MTEXTBEGIN
1070
    73
1070
     1
1070
    44
1040
1.0
1070
    74
1070
     0
1000
MTEXTEND
  0
MTEXT
  5
1921
330
1F
100
AcDbEntity
  8
Rebaixo
 62
     3
100
AcDbMText
 10
17651.36242358478
 20
784.5328151527471
 30
0.0
 40
10.0
 41
84.46582672600834
 71
     1
 72
     5
  1
reb 15
 11
-0.0000000000000002
 21
-1.0
 31
0.0
 73
     1
 44
1.0
1001
ACAD
1000
ACAD_MTEXT_COLUMN_INFO_BEGIN
1070
    75
1070
     2
1070
    79
1070
     0
1070
    76
1070
     1
1070
    78
1070
     0
1070
    48
1040
84.46582672600834
1070
    49
1040
12.5
1070
    50
1070
     1
1040
0.0
1000
ACAD_MTEXT_COLUMN_INFO_END
1000
MTEXTBEGIN
1070
    73
1070
     1
1070
    44
1040
1.0
1070
    74
1070
     0
1000
MTEXTEND
  0
MTEXT
  5
1922
330
1F
100
AcDbEntity
  8
Rebaixo
 62
     3
100
AcDbMText
 10
17543.43386596326
 20
795.7870022197864
 30
0.0
 40
10.0
 41
84.46582672600834
 71
     1
 72
     5
  1
reb 15
 11
-0.0000000000000002
 21
-1.0
 31
0.0
 73
     1
 44
1.0
1001
ACAD
1000
ACAD_MTEXT_COLUMN_INFO_BEGIN
1070
    75
1070
     2
1070
    79
1070
     0
1070
    76
1070
     1
1070
    78
1070
     0
1070
    48
1040
84.46582672600834
1070
    49
1040
12.5
1070
    50
1070
     1
1040
0.0
1000
ACAD_MTEXT_COLUMN_INFO_END
1000
MTEXTBEGIN
1070
    73
1070
     1
1070
    44
1040
1.0
1070
    74
1070
     0
1000
MTEXTEND
  0
LWPOLYLINE
  5
1923
330
1F
100
AcDbEntity
  8
Rebaixo
 62
     3
100
AcDbPolyline
 90
        6
 70
     1
 43
0.0
 10
16203.73031044904
 20
807.8938954088185
 10
16203.73031044904
 20
662.614987250166
 10
16217.15860039067
 20
643.4374017359036
 42
0.2446984432290315
 10
16227.80757696642
 20
637.8938954088185
 10
16233.73031044904
 20
637.8938954088185
 10
16233.73031044904
 20
807.8938954088185
  0
LWPOLYLINE
  5
1924
330
1F
100
AcDbEntity
  8
Rebaixo
 62
     3
100
AcDbPolyline
 90
        4
 70
     1
 43
0.0
 10
16255.73031044904
 20
807.8938954088185
 10
16255.73031044904
 20
637.8938954088185
 10
16285.73031044903
 20
637.8938954088185
 10
16285.73031044903
 20
807.8938954088185
  0
LWPOLYLINE
  5
1925
330
1F
100
AcDbEntity
  8
Rebaixo
 62
     3
100
AcDbPolyline
 90
        4
 70
     1
 43
0.0
 10
16308.73031044904
 20
807.8938954088185
 10
16308.73031044904
 20
637.8938954088185
 10
16338.73031044904
 20
637.8938954088185
 10
16338.73031044904
 20
807.8938954088185
  0
LWPOLYLINE
  5
1926
330
1F
100
AcDbEntity
  8
Rebaixo
 62
     3
100
AcDbPolyline
 90
        4
 70
     1
 43
0.0
 10
16360.73031044904
 20
807.8938954088185
 10
16360.73031044904
 20
637.8938954088185
 10
16390.73031044904
 20
637.8938954088185
 10
16390.73031044904
 20
807.8938954088185
  0
LWPOLYLINE
  5
1927
330
1F
100
AcDbEntity
  8
Rebaixo
 62
     3
100
AcDbPolyline
 90
        6
 70
     1
 43
0.0
 10
16413.73031044904
 20
807.8938954088185
 10
16413.73031044904
 20
637.8938954088185
 10
16419.65304393165
 20
637.8938954088185
 42
0.2446984432290279
 10
16430.30202050741
 20
643.4374017359036
 10
16443.73031044904
 20
662.614987250166
 10
16443.73031044904
 20
807.8938954088185
  0
MTEXT
  5
1928
330
1F
100
AcDbEntity
  8
Rebaixo
 62
     3
100
AcDbMText
 10
16433.55718691054
 20
751.6808972197864
 30
0.0
 40
10.0
 41
84.46582672600834
 71
     1
 72
     5
  1
reb 15
 11
-0.0000000000000002
 21
-1.0
 31
0.0
 73
     1
 44
1.0
1001
ACAD
1000
ACAD_MTEXT_COLUMN_INFO_BEGIN
1070
    75
1070
     2
1070
    79
1070
     0
1070
    76
1070
     1
1070
    78
1070
     0
1070
    48
1040
84.46582672600834
1070
    49
1040
12.5
1070
    50
1070
     1
1040
0.0
1000
ACAD_MTEXT_COLUMN_INFO_END
1000
MTEXTBEGIN
1070
    73
1070
     1
1070
    44
1040
1.0
1070
    74
1070
     0
1000
MTEXTEND
  0
MTEXT
  5
1929
330
1F
100
AcDbEntity
  8
Rebaixo
 62
     3
100
AcDbMText
 10
16330.63400940624
 20
740.426710152747
 30
0.0
 40
10.0
 41
84.46582672600834
 71
     1
 72
     5
  1
reb 15
 11
-0.0000000000000002
 21
-1.0
 31
0.0
 73
     1
 44
1.0
1001
ACAD
1000
ACAD_MTEXT_COLUMN_INFO_BEGIN
1070
    75
1070
     2
1070
    79
1070
     0
1070
    76
1070
     1
1070
    78
1070
     0
1070
    48
1040
84.46582672600834
1070
    49
1040
12.5
1070
    50
1070
     1
1040
0.0
1000
ACAD_MTEXT_COLUMN_INFO_END
1000
MTEXTBEGIN
1070
    73
1070
     1
1070
    44
1040
1.0
1070
    74
1070
     0
1000
MTEXTEND
  0
MTEXT
  5
192A
330
1F
100
AcDbEntity
  8
Rebaixo
 62
     3
100
AcDbMText
 10
16222.70545178472
 20
751.6808972197864
 30
0.0
 40
10.0
 41
84.46582672600834
 71
     1
 72
     5
  1
reb 15
 11
-0.0000000000000002
 21
-1.0
 31
0.0
 73
     1
 44
1.0
1001
ACAD
1000
ACAD_MTEXT_COLUMN_INFO_BEGIN
1070
    75
1070
     2
1070
    79
1070
     0
1070
    76
1070
     1
1070
    78
1070
     0
1070
    48
1040
84.46582672600834
1070
    49
1040
12.5
1070
    50
1070
     1
1040
0.0
1000
ACAD_MTEXT_COLUMN_INFO_END
1000
MTEXTBEGIN
1070
    73
1070
     1
1070
    44
1040
1.0
1070
    74
1070
     0
1000
MTEXTEND
  0
LWPOLYLINE
  5
192B
330
1F
100
AcDbEntity
  8
Rebaixo
 62
     3
100
AcDbPolyline
 90
        6
 70
     1
 43
0.0
 10
17119.95325234841
 20
1185.012522198666
 10
17119.95325234841
 20
1330.291430357319
 10
17106.52496240679
 20
1349.469015871581
 42
0.2446984432290315
 10
17095.87598583103
 20
1355.012522198667
 10
17089.95325234841
 20
1355.012522198667
 10
17089.95325234841
 20
1185.012522198666
  0
LWPOLYLINE
  5
192C
330
1F
100
AcDbEntity
  8
Rebaixo
 62
     3
100
AcDbPolyline
 90
        4
 70
     1
 43
0.0
 10
17067.95325234841
 20
1185.012522198666
 10
17067.95325234841
 20
1355.012522198667
 10
17037.95325234841
 20
1355.012522198667
 10
17037.95325234841
 20
1185.012522198666
  0
LWPOLYLINE
  5
192D
330
1F
100
AcDbEntity
  8
Rebaixo
 62
     3
100
AcDbPolyline
 90
        4
 70
     1
 43
0.0
 10
17014.95325234841
 20
1185.012522198666
 10
17014.95325234841
 20
1355.012522198667
 10
16984.95325234841
 20
1355.012522198667
 10
16984.95325234841
 20
1185.012522198666
  0
LWPOLYLINE
  5
192E
330
1F
100
AcDbEntity
  8
Rebaixo
 62
     3
100
AcDbPolyline
 90
        4
 70
     1
 43
0.0
 10
16962.95325234841
 20
1185.012522198666
 10
16962.95325234841
 20
1355.012522198667
 10
16932.95325234841
 20
1355.012522198667
 10
16932.95325234841
 20
1185.012522198666
  0
LWPOLYLINE
  5
192F
330
1F
100
AcDbEntity
  8
Rebaixo
 62
     3
100
AcDbPolyline
 90
        6
 70
     1
 43
0.0
 10
16909.95325234841
 20
1185.012522198666
 10
16909.95325234841
 20
1355.012522198667
 10
16904.0305188658
 20
1355.012522198667
 42
0.2446984432290279
 10
16893.38154229004
 20
1349.469015871581
 10
16879.95325234841
 20
1330.291430357319
 10
16879.95325234841
 20
1185.012522198666
  0
MTEXT
  5
1930
330
1F
100
AcDbEntity
  8
Rebaixo
 62
     3
100
AcDbMText
 10
16890.12637588691
 20
1241.225520387698
 30
0.0
 40
10.0
 41
84.46582672600834
 71
     1
 72
     5
  1
reb 15
 11
0.0000000000000001
 21
1.0
 31
0.0
 73
     1
 44
1.0
1001
ACAD
1000
ACAD_MTEXT_COLUMN_INFO_BEGIN
1070
    75
1070
     2
1070
    79
1070
     0
1070
    76
1070
     1
1070
    78
1070
     0
1070
    48
1040
84.46582672600834
1070
    49
1040
12.5
1070
    50
1070
     1
1040
0.0
1000
ACAD_MTEXT_COLUMN_INFO_END
1000
MTEXTBEGIN
1070
    73
1070
     1
1070
    44
1040
1.0
1070
    74
1070
     0
1000
MTEXTEND
  0
MTEXT
  5
1931
330
1F
100
AcDbEntity
  8
Rebaixo
 62
     3
100
AcDbMText
 10
16993.04955339121
 20
1252.479707454738
 30
0.0
 40
10.0
 41
84.46582672600834
 71
     1
 72
     5
  1
reb 15
 11
0.0000000000000001
 21
1.0
 31
0.0
 73
     1
 44
1.0
1001
ACAD
1000
ACAD_MTEXT_COLUMN_INFO_BEGIN
1070
    75
1070
     2
1070
    79
1070
     0
1070
    76
1070
     1
1070
    78
1070
     0
1070
    48
1040
84.46582672600834
1070
    49
1040
12.5
1070
    50
1070
     1
1040
0.0
1000
ACAD_MTEXT_COLUMN_INFO_END
1000
MTEXTBEGIN
1070
    73
1070
     1
1070
    44
1040
1.0
1070
    74
1070
     0
1000
MTEXTEND
  0
MTEXT
  5
1932
330
1F
100
AcDbEntity
  8
Rebaixo
 62
     3
100
AcDbMText
 10
17100.97811101273
 20
1241.225520387698
 30
0.0
 40
10.0
 41
84.46582672600834
 71
     1
 72
     5
  1
reb 15
 11
0.0000000000000001
 21
1.0
 31
0.0
 73
     1
 44
1.0
1001
ACAD
1000
ACAD_MTEXT_COLUMN_INFO_BEGIN
1070
    75
1070
     2
1070
    79
1070
     0
1070
    76
1070
     1
1070
    78
1070
     0
1070
    48
1040
84.46582672600834
1070
    49
1040
12.5
1070
    50
1070
     1
1040
0.0
1000
ACAD_MTEXT_COLUMN_INFO_END
1000
MTEXTBEGIN
1070
    73
1070
     1
1070
    44
1040
1.0
1070
    74
1070
     0
1000
MTEXTEND
  0
LWPOLYLINE
  5
1933
330
1F
100
AcDbEntity
  8
Rebaixo
 62
     3
100
AcDbPolyline
 90
        6
 70
     1
 43
0.0
 10
15758.00000105111
 20
94.68794086916592
 10
15903.27890920977
 20
94.68794086916592
 10
15922.45649472403
 20
108.1162308107944
 42
0.2446984432290315
 10
15928.00000105111
 20
118.765207386554
 10
15928.00000105111
 20
124.6879408691677
 10
15758.00000105111
 20
124.6879408691677
  0
LWPOLYLINE
  5
1934
330
1F
100
AcDbEntity
  8
Rebaixo
 62
     3
100
AcDbPolyline
 90
        4
 70
     1
 43
0.0
 10
15758.00000105111
 20
146.6879408691677
 10
15928.00000105111
 20
146.6879408691677
 10
15928.00000105111
 20
176.6879408691677
 10
15758.00000105111
 20
176.6879408691677
  0
LWPOLYLINE
  5
1935
330
1F
100
AcDbEntity
  8
Rebaixo
 62
     3
100
AcDbPolyline
 90
        4
 70
     1
 43
0.0
 10
15758.00000105111
 20
199.6879408691677
 10
15928.00000105111
 20
199.6879408691677
 10
15928.00000105111
 20
229.6879408691677
 10
15758.00000105111
 20
229.6879408691677
  0
LWPOLYLINE
  5
1936
330
1F
100
AcDbEntity
  8
Rebaixo
 62
     3
100
AcDbPolyline
 90
        4
 70
     1
 43
0.0
 10
15758.00000105111
 20
251.6879408691677
 10
15928.00000105111
 20
251.6879408691677
 10
15928.00000105111
 20
281.6879408691677
 10
15758.00000105111
 20
281.6879408691677
  0
LWPOLYLINE
  5
1937
330
1F
100
AcDbEntity
  8
Rebaixo
 62
     3
100
AcDbPolyline
 90
        6
 70
     1
 43
0.0
 10
15758.00000105111
 20
304.6879408691677
 10
15928.00000105111
 20
304.6879408691677
 10
15928.00000105111
 20
310.6106743517814
 42
0.2446984432290279
 10
15922.45649472403
 20
321.2596509275393
 10
15903.27890920977
 20
334.6879408691677
 10
15758.00000105111
 20
334.6879408691677
  0
MTEXT
  5
1938
330
1F
100
AcDbEntity
  8
Rebaixo
 62
     3
100
AcDbMText
 10
15814.21299924014
 20
324.5148173306736
 30
0.0
 40
10.0
 41
84.46582672600834
 71
     1
 72
     5
  1
reb 15
 73
     1
 44
1.0
1001
ACAD
1000
ACAD_MTEXT_COLUMN_INFO_BEGIN
1070
    75
1070
     2
1070
    79
1070
     0
1070
    76
1070
     1
1070
    78
1070
     0
1070
    48
1040
84.46582672600834
1070
    49
1040
12.5
1070
    50
1070
     1
1040
0.0
1000
ACAD_MTEXT_COLUMN_INFO_END
1000
MTEXTBEGIN
1070
    73
1070
     1
1070
    44
1040
1.0
1070
    74
1070
     0
1000
MTEXTEND
  0
MTEXT
  5
1939
330
1F
100
AcDbEntity
  8
Rebaixo
 62
     3
100
AcDbMText
 10
15825.46718630811
 20
221.5916398263728
 30
0.0
 40
10.0
 41
84.46582672600834
 71
     1
 72
     5
  1
reb 15
 73
     1
 44
1.0
1001
ACAD
1000
ACAD_MTEXT_COLUMN_INFO_BEGIN
1070
    75
1070
     2
1070
    79
1070
     0
1070
    76
1070
     1
1070
    78
1070
     0
1070
    48
1040
84.46582672600834
1070
    49
1040
12.5
1070
    50
1070
     1
1040
0.0
1000
ACAD_MTEXT_COLUMN_INFO_END
1000
MTEXTBEGIN
1070
    73
1070
     1
1070
    44
1040
1.0
1070
    74
1070
     0
1000
MTEXTEND
  0
MTEXT
  5
193A
330
1F
100
AcDbEntity
  8
Rebaixo
 62
     3
100
AcDbMText
 10
15814.21299924014
 20
113.6630822048539
 30
0.0
 40
10.0
 41
84.46582672600834
 71
     1
 72
     5
  1
reb 15
 73
     1
 44
1.0
1001
ACAD
1000
ACAD_MTEXT_COLUMN_INFO_BEGIN
1070
    75
1070
     2
1070
    79
1070
     0
1070
    76
1070
     1
1070
    78
1070
     0
1070
    48
1040
84.46582672600834
1070
    49
1040
12.5
1070
    50
1070
     1
1040
0.0
1000
ACAD_MTEXT_COLUMN_INFO_END
1000
MTEXTBEGIN
1070
    73
1070
     1
1070
    44
1040
1.0
1070
    74
1070
     0
1000
MTEXTEND
  0
ENDSEC
  0
SECTION
  2
OBJECTS
  0
DICTIONARY
  5
C
330
0
100
AcDbDictionary
281
     1
  3
ACAD_CIP_PREVIOUS_PRODUCT_INFO
350
41F
  3
ACAD_COLOR
350
3C4
  3
ACAD_DETAILVIEWSTYLE
350
41C
  3
ACAD_FIELDLIST
350
3C5
  3
ACAD_GROUP
350
D
  3
ACAD_IMAGE_DICT
350
3C6
  3
ACAD_LAST_SAVED_VERSION_INFO
350
1A03
  3
ACAD_LAYOUT
350
1A
  3
ACAD_MATERIAL
350
3C7
  3
ACAD_MLEADERSTYLE
350
3C8
  3
ACAD_MLINESTYLE
350
17
  3
ACAD_PLOTSETTINGS
350
19
  3
ACAD_PLOTSTYLENAME
350
E
  3
ACAD_SCALELIST
350
3B2
  3
ACAD_SECTIONVIEWSTYLE
350
41A
  3
ACAD_TABLESTYLE
350
3CA
  3
ACAD_VISUALSTYLE
350
3D2
  3
ACDB_RECOMPOSE_DATA
350
1CB4
  3
AcDbVariableDictionary
350
3CF
  3
DWGPROPS
350
1CB5
  0
DICTIONARY
  5
42A
330
2
100
AcDbDictionary
280
     1
281
     1
  3
ACAD_LAYERSTATES
360
42B
  0
DICTIONARY
  5
1A04
330
10
100
AcDbDictionary
280
     1
281
     1
  3
ADSK_XREC_LAYER_RECONCILED
360
1A05
  0
DICTIONARY
  5
1A06
330
27
100
AcDbDictionary
280
     1
281
     1
  3
ADSK_XREC_LAYER_RECONCILED
360
1A07
  0
DICTIONARY
  5
1A08
330
28
100
AcDbDictionary
280
     1
281
     1
  3
ADSK_XREC_LAYER_RECONCILED
360
1A09
  0
DICTIONARY
  5
1A0A
330
29
100
AcDbDictionary
280
     1
281
     1
  3
ADSK_XREC_LAYER_RECONCILED
360
1A0B
  0
DICTIONARY
  5
1A0C
330
2A
100
AcDbDictionary
280
     1
281
     1
  3
ADSK_XREC_LAYER_RECONCILED
360
1A0D
  0
DICTIONARY
  5
1A0E
330
2B
100
AcDbDictionary
280
     1
281
     1
  3
ADSK_XREC_LAYER_RECONCILED
360
1A0F
  0
DICTIONARY
  5
1A10
330
2C
100
AcDbDictionary
280
     1
281
     1
  3
ADSK_XREC_LAYER_RECONCILED
360
1A11
  0
DICTIONARY
  5
1A12
330
2D
100
AcDbDictionary
280
     1
281
     1
  3
ADSK_XREC_LAYER_RECONCILED
360
1A13
  0
DICTIONARY
  5
1A14
330
2E
100
AcDbDictionary
280
     1
281
     1
  3
ADSK_XREC_LAYER_RECONCILED
360
1A15
  0
DICTIONARY
  5
1A16
330
2F
100
AcDbDictionary
280
     1
281
     1
  3
ADSK_XREC_LAYER_RECONCILED
360
1A17
  0
DICTIONARY
  5
1A18
330
30
100
AcDbDictionary
280
     1
281
     1
  3
ADSK_XREC_LAYER_RECONCILED
360
1A19
  0
DICTIONARY
  5
1A1A
330
31
100
AcDbDictionary
280
     1
281
     1
  3
ADSK_XREC_LAYER_RECONCILED
360
1A1B
  0
DICTIONARY
  5
1A1C
330
32
100
AcDbDictionary
280
     1
281
     1
  3
ADSK_XREC_LAYER_RECONCILED
360
1A1D
  0
DICTIONARY
  5
1A1E
330
33
100
AcDbDictionary
280
     1
281
     1
  3
ADSK_XREC_LAYER_RECONCILED
360
1A1F
  0
DICTIONARY
  5
1A20
330
34
100
AcDbDictionary
280
     1
281
     1
  3
ADSK_XREC_LAYER_RECONCILED
360
1A21
  0
DICTIONARY
  5
1A22
330
35
100
AcDbDictionary
280
     1
281
     1
  3
ADSK_XREC_LAYER_RECONCILED
360
1A23
  0
DICTIONARY
  5
1A24
330
36
100
AcDbDictionary
280
     1
281
     1
  3
ADSK_XREC_LAYER_RECONCILED
360
1A25
  0
DICTIONARY
  5
1A26
330
37
100
AcDbDictionary
280
     1
281
     1
  3
ADSK_XREC_LAYER_RECONCILED
360
1A27
  0
DICTIONARY
  5
1A28
330
38
100
AcDbDictionary
280
     1
281
     1
  3
ADSK_XREC_LAYER_RECONCILED
360
1A29
  0
DICTIONARY
  5
1A2A
330
39
100
AcDbDictionary
280
     1
281
     1
  3
ADSK_XREC_LAYER_RECONCILED
360
1A2B
  0
DICTIONARY
  5
1A2C
330
3A
100
AcDbDictionary
280
     1
281
     1
  3
ADSK_XREC_LAYER_RECONCILED
360
1A2D
  0
DICTIONARY
  5
1A2E
330
3B
100
AcDbDictionary
280
     1
281
     1
  3
ADSK_XREC_LAYER_RECONCILED
360
1A2F
  0
DICTIONARY
  5
1A30
330
3C
100
AcDbDictionary
280
     1
281
     1
  3
ADSK_XREC_LAYER_RECONCILED
360
1A31
  0
DICTIONARY
  5
1A32
330
3D
100
AcDbDictionary
280
     1
281
     1
  3
ADSK_XREC_LAYER_RECONCILED
360
1A33
  0
DICTIONARY
  5
1A34
330
3E
100
AcDbDictionary
280
     1
281
     1
  3
ADSK_XREC_LAYER_RECONCILED
360
1A35
  0
DICTIONARY
  5
1A36
330
3F
100
AcDbDictionary
280
     1
281
     1
  3
ADSK_XREC_LAYER_RECONCILED
360
1A37
  0
DICTIONARY
  5
1A38
330
40
100
AcDbDictionary
280
     1
281
     1
  3
ADSK_XREC_LAYER_RECONCILED
360
1A39
  0
DICTIONARY
  5
1A3A
330
41
100
AcDbDictionary
280
     1
281
     1
  3
ADSK_XREC_LAYER_RECONCILED
360
1A3B
  0
DICTIONARY
  5
1A3C
330
42
100
AcDbDictionary
280
     1
281
     1
  3
ADSK_XREC_LAYER_RECONCILED
360
1A3D
  0
DICTIONARY
  5
1A3E
330
43
100
AcDbDictionary
280
     1
281
     1
  3
ADSK_XREC_LAYER_RECONCILED
360
1A3F
  0
DICTIONARY
  5
1A40
330
44
100
AcDbDictionary
280
     1
281
     1
  3
ADSK_XREC_LAYER_RECONCILED
360
1A41
  0
DICTIONARY
  5
1A42
330
420
100
AcDbDictionary
280
     1
281
     1
  3
ADSK_XREC_LAYER_RECONCILED
360
1A43
  0
XRECORD
  5
41F
102
{ACAD_REACTORS
330
C
102
}
330
C
100
AcDbXrecord
280
     1
300
ACDLT
300
2025
300

  0
DICTIONARY
  5
3C4
102
{ACAD_REACTORS
330
C
102
}
330
C
100
AcDbDictionary
281
     1
  0
DICTIONARY
  5
41C
102
{ACAD_REACTORS
330
C
102
}
330
C
100
AcDbDictionary
281
     1
  3
Metric50
350
41D
  0
FIELDLIST
  5
3C5
102
{ACAD_REACTORS
330
C
102
}
330
C
100
AcDbIdSet
 90
        0
100
AcDbFieldList
  0
DICTIONARY
  5
D
102
{ACAD_REACTORS
330
C
102
}
330
C
100
AcDbDictionary
281
     1
  0
DICTIONARY
  5
3C6
102
{ACAD_REACTORS
330
C
102
}
330
C
100
AcDbDictionary
281
     1
  0
XRECORD
  5
1A03
102
{ACAD_REACTORS
330
C
102
}
330
C
100
AcDbXrecord
280
     1
300
{19E7E307-F1EC-C649-B9C7-77A080C26666}
301
{859E4914-6BE8-D54A-BCA9-6AD49A41FD0E}
302
{19E7E307-F1EC-C649-B9C7-77A080C26666}
303

  0
DICTIONARY
  5
1A
102
{ACAD_REACTORS
330
C
102
}
330
C
100
AcDbDictionary
281
     1
  3
Layout1
350
1E
  3
Model
350
22
  0
DICTIONARY
  5
3C7
102
{ACAD_REACTORS
330
C
102
}
330
C
100
AcDbDictionary
281
     1
  3
ByBlock
350
3E1
  3
ByLayer
350
3D9
  3
Global
350
3E9
  0
DICTIONARY
  5
3C8
102
{ACAD_REACTORS
330
C
102
}
330
C
100
AcDbDictionary
281
     1
  3
Standard
350
3C9
  0
DICTIONARY
  5
17
102
{ACAD_REACTORS
330
C
102
}
330
C
100
AcDbDictionary
281
     1
  3
STANDARD
350
18
  0
DICTIONARY
  5
19
102
{ACAD_REACTORS
330
C
102
}
330
C
100
AcDbDictionary
281
     1
  0
ACDBDICTIONARYWDFLT
  5
E
102
{ACAD_REACTORS
330
C
102
}
330
C
100
AcDbDictionary
281
     1
  3
Normal
350
F
100
AcDbDictionaryWithDefault
340
F
  0
DICTIONARY
  5
3B2
102
{ACAD_REACTORS
330
C
102
}
330
C
100
AcDbDictionary
281
     1
  3
A0
350
409
  3
A1
350
40A
  3
A2
350
40B
  3
A3
350
40C
  3
A4
350
40D
  3
A5
350
40E
  3
A6
350
40F
  3
A7
350
410
  3
A8
350
411
  3
A9
350
412
  3
B0
350
413
  3
B1
350
414
  3
B2
350
415
  3
B3
350
416
  3
B4
350
417
  3
B5
350
418
  3
B6
350
419
  0
DICTIONARY
  5
41A
102
{ACAD_REACTORS
330
C
102
}
330
C
100
AcDbDictionary
281
     1
  3
Metric50
350
41B
  0
DICTIONARY
  5
3CA
102
{ACAD_REACTORS
330
C
102
}
330
C
100
AcDbDictionary
281
     1
  3
Standard
350
3CB
  0
DICTIONARY
  5
3D2
102
{ACAD_REACTORS
330
C
102
}
330
C
100
AcDbDictionary
281
     1
  3
2dWireframe
350
3F6
  3
Basic
350
3F5
  3
Brighten
350
3FC
  3
ColorChange
350
400
  3
Conceptual
350
3F9
  3
Dim
350
3FB
  3
EdgeColorOff
350
408
  3
Facepattern
350
3FF
  3
Flat
350
3F1
  3
FlatWithEdges
350
3F2
  3
Gouraud
350
3F3
  3
GouraudWithEdges
350
3F4
  3
Hidden
350
3F8
  3
JitterOff
350
406
  3
Linepattern
350
3FE
  3
OverhangOff
350
407
  3
Realistic
350
3FA
  3
Shaded
350
405
  3
Shaded with edges
350
404
  3
Shades of Gray
350
401
  3
Sketchy
350
402
  3
Thicken
350
3FD
  3
Wireframe
350
3F7
  3
X-Ray
350
403
  0
XRECORD
  5
1CB4
102
{ACAD_REACTORS
330
C
102
}
330
C
100
AcDbXrecord
280
     1
 90
        1
330
3CB
330
CAA
330
CC7
330
CE3
330
CE4
330
D01
330
D1D
330
1331
330
134E
330
136A
330
136B
330
1388
330
13A4
330
18D8
330
18D9
330
18DA
330
18E0
330
18E1
330
18E2
330
18E8
330
18E9
330
18EA
330
18F0
330
18F1
330
18F2
330
18F8
330
18F9
330
18FA
330
1900
330
1901
330
1902
330
1908
330
1909
330
190A
330
1910
330
1911
330
1912
330
1918
330
1919
330
191A
330
1920
330
1921
330
1922
330
1928
330
1929
330
192A
330
1930
330
1931
330
1932
330
1938
330
1939
330
193A
  0
DICTIONARY
  5
3CF
102
{ACAD_REACTORS
330
C
102
}
330
C
100
AcDbDictionary
281
     1
  3
CANNOSCALE
350
1A48
  3
CMLEADERSTYLE
350
1A45
  3
CTABLESTYLE
350
1A44
  3
CVIEWDETAILSTYLE
350
1A46
  3
CVIEWSECTIONSTYLE
350
1A47
  3
DIMASSOC
350
3D0
  3
HIDETEXT
350
3D1
  3
INDEXCTL
350
1A4A
  3
SORTENTS
350
1A49
  3
XCLIPFRAME
350
1A4B
  0
XRECORD
  5
1CB5
102
{ACAD_REACTORS
330
C
102
}
330
C
100
AcDbXrecord
280
     1
  1
DWGPROPS COOKIE
  2

  3

  4

  6

  7

  8
MatheusRVBIsolantes
  9

300
=
301
=
302
=
303
=
304
=
305
=
306
=
307
=
308
=
309
=
 40
0.0132638888888889
 41
2461117.458657407
 42
2461117.972118056
  1

 90
        0
  0
DICTIONARY
  5
42B
102
{ACAD_REACTORS
330
42A
102
}
330
42A
100
AcDbDictionary
281
     1
  0
XRECORD
  5
1A05
102
{ACAD_REACTORS
330
1A04
102
}
330
1A04
100
AcDbXrecord
280
     1
290
     1
  0
XRECORD
  5
1A07
102
{ACAD_REACTORS
330
1A06
102
}
330
1A06
100
AcDbXrecord
280
     1
290
     1
  0
XRECORD
  5
1A09
102
{ACAD_REACTORS
330
1A08
102
}
330
1A08
100
AcDbXrecord
280
     1
290
     1
  0
XRECORD
  5
1A0B
102
{ACAD_REACTORS
330
1A0A
102
}
330
1A0A
100
AcDbXrecord
280
     1
290
     1
  0
XRECORD
  5
1A0D
102
{ACAD_REACTORS
330
1A0C
102
}
330
1A0C
100
AcDbXrecord
280
     1
290
     1
  0
XRECORD
  5
1A0F
102
{ACAD_REACTORS
330
1A0E
102
}
330
1A0E
100
AcDbXrecord
280
     1
290
     1
  0
XRECORD
  5
1A11
102
{ACAD_REACTORS
330
1A10
102
}
330
1A10
100
AcDbXrecord
280
     1
290
     1
  0
XRECORD
  5
1A13
102
{ACAD_REACTORS
330
1A12
102
}
330
1A12
100
AcDbXrecord
280
     1
290
     1
  0
XRECORD
  5
1A15
102
{ACAD_REACTORS
330
1A14
102
}
330
1A14
100
AcDbXrecord
280
     1
290
     1
  0
XRECORD
  5
1A17
102
{ACAD_REACTORS
330
1A16
102
}
330
1A16
100
AcDbXrecord
280
     1
290
     1
  0
XRECORD
  5
1A19
102
{ACAD_REACTORS
330
1A18
102
}
330
1A18
100
AcDbXrecord
280
     1
290
     1
  0
XRECORD
  5
1A1B
102
{ACAD_REACTORS
330
1A1A
102
}
330
1A1A
100
AcDbXrecord
280
     1
290
     1
  0
XRECORD
  5
1A1D
102
{ACAD_REACTORS
330
1A1C
102
}
330
1A1C
100
AcDbXrecord
280
     1
290
     1
  0
XRECORD
  5
1A1F
102
{ACAD_REACTORS
330
1A1E
102
}
330
1A1E
100
AcDbXrecord
280
     1
290
     1
  0
XRECORD
  5
1A21
102
{ACAD_REACTORS
330
1A20
102
}
330
1A20
100
AcDbXrecord
280
     1
290
     1
  0
XRECORD
  5
1A23
102
{ACAD_REACTORS
330
1A22
102
}
330
1A22
100
AcDbXrecord
280
     1
290
     1
  0
XRECORD
  5
1A25
102
{ACAD_REACTORS
330
1A24
102
}
330
1A24
100
AcDbXrecord
280
     1
290
     1
  0
XRECORD
  5
1A27
102
{ACAD_REACTORS
330
1A26
102
}
330
1A26
100
AcDbXrecord
280
     1
290
     1
  0
XRECORD
  5
1A29
102
{ACAD_REACTORS
330
1A28
102
}
330
1A28
100
AcDbXrecord
280
     1
290
     1
  0
XRECORD
  5
1A2B
102
{ACAD_REACTORS
330
1A2A
102
}
330
1A2A
100
AcDbXrecord
280
     1
290
     1
  0
XRECORD
  5
1A2D
102
{ACAD_REACTORS
330
1A2C
102
}
330
1A2C
100
AcDbXrecord
280
     1
290
     1
  0
XRECORD
  5
1A2F
102
{ACAD_REACTORS
330
1A2E
102
}
330
1A2E
100
AcDbXrecord
280
     1
290
     1
  0
XRECORD
  5
1A31
102
{ACAD_REACTORS
330
1A30
102
}
330
1A30
100
AcDbXrecord
280
     1
290
     1
  0
XRECORD
  5
1A33
102
{ACAD_REACTORS
330
1A32
102
}
330
1A32
100
AcDbXrecord
280
     1
290
     1
  0
XRECORD
  5
1A35
102
{ACAD_REACTORS
330
1A34
102
}
330
1A34
100
AcDbXrecord
280
     1
290
     1
  0
XRECORD
  5
1A37
102
{ACAD_REACTORS
330
1A36
102
}
330
1A36
100
AcDbXrecord
280
     1
290
     1
  0
XRECORD
  5
1A39
102
{ACAD_REACTORS
330
1A38
102
}
330
1A38
100
AcDbXrecord
280
     1
290
     1
  0
XRECORD
  5
1A3B
102
{ACAD_REACTORS
330
1A3A
102
}
330
1A3A
100
AcDbXrecord
280
     1
290
     1
  0
XRECORD
  5
1A3D
102
{ACAD_REACTORS
330
1A3C
102
}
330
1A3C
100
AcDbXrecord
280
     1
290
     1
  0
XRECORD
  5
1A3F
102
{ACAD_REACTORS
330
1A3E
102
}
330
1A3E
100
AcDbXrecord
280
     1
290
     1
  0
XRECORD
  5
1A41
102
{ACAD_REACTORS
330
1A40
102
}
330
1A40
100
AcDbXrecord
280
     1
290
     1
  0
XRECORD
  5
1A43
102
{ACAD_REACTORS
330
1A42
102
}
330
1A42
100
AcDbXrecord
280
     1
290
     1
  0
ACDBDETAILVIEWSTYLE
  5
41D
102
{ACAD_XDICTIONARY
360
1CF0
102
}
102
{ACAD_REACTORS
330
41C
102
}
330
41C
100
AcDbModelDocViewStyle
 70
     0
  3
Metric50
290
     0
100
AcDbDetailViewStyle
 70
     0
 71
     0
 90
        3
 71
     1
340
11
 40
5.0
340
0
 40
5.0
300

 40
0.0
280
     1
 71
     2
340
16
 90
       25
 71
     3
340
11
 40
5.0
 90
        0
 40
15.0
 90
        1
300
%<\AcVar ViewDetailId>% (%<\AcVar ViewScale \f "%sn">%)
 71
     4
340
16
 90
       25
340
16
 90
       25
280
     0
  0
LAYOUT
  5
1E
102
{ACAD_XDICTIONARY
360
1CB6
102
}
102
{ACAD_REACTORS
330
1A
102
}
330
1A
100
AcDbPlotSettings
  1

  2
C:\Program Files\AutoCAD 2002\plotters\DWF ePlot (optimized for plotting).pc3
  4

  6

 40
0.0
 41
0.0
 42
0.0
 43
0.0
 44
0.0
 45
0.0
 46
0.0
 47
0.0
 48
0.0
 49
0.0
140
0.0
141
0.0
142
1.0
143
1.0
 70
   688
 72
     1
 73
     1
 74
     1
  7
acad.stb
 75
    16
147
1.0
148
0.0
149
0.0
100
AcDbLayout
  1
Layout1
 70
     1
 71
     1
 10
0.0
 20
0.0
 11
0.0
 21
0.0
 12
0.0
 22
0.0
 32
0.0
 14
1.000000000000000E+20
 24
1.000000000000000E+20
 34
1.000000000000000E+20
 15
-1.000000000000000E+20
 25
-1.000000000000000E+20
 35
-1.000000000000000E+20
146
0.0
 13
0.0
 23
0.0
 33
0.0
 16
1.0
 26
0.0
 36
0.0
 17
0.0
 27
1.0
 37
0.0
 76
     0
330
3AD
  0
LAYOUT
  5
22
102
{ACAD_XDICTIONARY
360
1CB8
102
}
102
{ACAD_REACTORS
330
1A
102
}
330
1A
100
AcDbPlotSettings
  1

  2
C:\Program Files\AutoCAD 2002\plotters\DWF ePlot (optimized for plotting).pc3
  4

  6

 40
0.0
 41
0.0
 42
0.0
 43
0.0
 44
0.0
 45
0.0
 46
0.0
 47
0.0
 48
0.0
 49
0.0
140
0.0
141
0.0
142
1.0
143
1.0
 70
  1712
 72
     1
 73
     1
 74
     0
  7
acad.stb
 75
     0
147
1.0
148
0.0
149
0.0
100
AcDbLayout
  1
Model
 70
     1
 71
     0
 10
0.0
 20
0.0
 11
12.0
 21
9.0
 12
0.0
 22
0.0
 32
0.0
 14
0.0
 24
0.0
 34
0.0
 15
0.0
 25
0.0
 35
0.0
146
0.0
 13
0.0
 23
0.0
 33
0.0
 16
1.0
 26
0.0
 36
0.0
 17
0.0
 27
1.0
 37
0.0
 76
     0
330
1F
331
3B1
  0
MATERIAL
  5
3E1
102
{ACAD_XDICTIONARY
360
3E2
102
}
102
{ACAD_REACTORS
330
3C7
102
}
330
3C7
100
AcDbMaterial
  1
ByBlock
 72
     0
 43
0.0008202099737533
 43
0.0
 43
0.0
 43
0.0
 43
0.0
 43
0.0008202099737533
 43
0.0
 43
0.0
 43
0.0
 43
0.0
 43
1.0
 43
0.0
 43
0.0
 43
0.0
 43
0.0
 43
1.0
 77
     0
 47
0.0008202099737533
 47
0.0
 47
0.0
 47
0.0
 47
0.0
 47
0.0008202099737533
 47
0.0
 47
0.0
 47
0.0
 47
0.0
 47
1.0
 47
0.0
 47
0.0
 47
0.0
 47
0.0
 47
1.0
171
     0
 49
0.0008202099737533
 49
0.0
 49
0.0
 49
0.0
 49
0.0
 49
0.0008202099737533
 49
0.0
 49
0.0
 49
0.0
 49
0.0
 49
1.0
 49
0.0
 49
0.0
 49
0.0
 49
0.0
 49
1.0
175
     0
142
0.0008202099737533
142
0.0
142
0.0
142
0.0
142
0.0
142
0.0008202099737533
142
0.0
142
0.0
142
0.0
142
0.0
142
1.0
142
0.0
142
0.0
142
0.0
142
0.0
142
1.0
179
     0
144
0.0008202099737533
144
0.0
144
0.0
144
0.0
144
0.0
144
0.0008202099737533
144
0.0
144
0.0
144
0.0
144
0.0
144
1.0
144
0.0
144
0.0
144
0.0
144
0.0
144
1.0
147
0.0008202099737533
147
0.0
147
0.0
147
0.0
147
0.0
147
0.0008202099737533
147
0.0
147
0.0
147
0.0
147
0.0
147
1.0
147
0.0
147
0.0
147
0.0
147
0.0
147
1.0
  0
MATERIAL
  5
3D9
102
{ACAD_XDICTIONARY
360
3DA
102
}
102
{ACAD_REACTORS
330
3C7
102
}
330
3C7
100
AcDbMaterial
  1
ByLayer
 72
     0
 43
0.0008202099737533
 43
0.0
 43
0.0
 43
0.0
 43
0.0
 43
0.0008202099737533
 43
0.0
 43
0.0
 43
0.0
 43
0.0
 43
1.0
 43
0.0
 43
0.0
 43
0.0
 43
0.0
 43
1.0
 77
     0
 47
0.0008202099737533
 47
0.0
 47
0.0
 47
0.0
 47
0.0
 47
0.0008202099737533
 47
0.0
 47
0.0
 47
0.0
 47
0.0
 47
1.0
 47
0.0
 47
0.0
 47
0.0
 47
0.0
 47
1.0
171
     0
 49
0.0008202099737533
 49
0.0
 49
0.0
 49
0.0
 49
0.0
 49
0.0008202099737533
 49
0.0
 49
0.0
 49
0.0
 49
0.0
 49
1.0
 49
0.0
 49
0.0
 49
0.0
 49
0.0
 49
1.0
175
     0
142
0.0008202099737533
142
0.0
142
0.0
142
0.0
142
0.0
142
0.0008202099737533
142
0.0
142
0.0
142
0.0
142
0.0
142
1.0
142
0.0
142
0.0
142
0.0
142
0.0
142
1.0
179
     0
144
0.0008202099737533
144
0.0
144
0.0
144
0.0
144
0.0
144
0.0008202099737533
144
0.0
144
0.0
144
0.0
144
0.0
144
1.0
144
0.0
144
0.0
144
0.0
144
0.0
144
1.0
147
0.0008202099737533
147
0.0
147
0.0
147
0.0
147
0.0
147
0.0008202099737533
147
0.0
147
0.0
147
0.0
147
0.0
147
1.0
147
0.0
147
0.0
147
0.0
147
0.0
147
1.0
  0
MATERIAL
  5
3E9
102
{ACAD_XDICTIONARY
360
3EA
102
}
102
{ACAD_REACTORS
330
3C7
102
}
330
3C7
100
AcDbMaterial
  1
Global
 72
     0
 43
0.0008202099737533
 43
0.0
 43
0.0
 43
0.0
 43
0.0
 43
0.0008202099737533
 43
0.0
 43
0.0
 43
0.0
 43
0.0
 43
1.0
 43
0.0
 43
0.0
 43
0.0
 43
0.0
 43
1.0
 77
     0
 47
0.0008202099737533
 47
0.0
 47
0.0
 47
0.0
 47
0.0
 47
0.0008202099737533
 47
0.0
 47
0.0
 47
0.0
 47
0.0
 47
1.0
 47
0.0
 47
0.0
 47
0.0
 47
0.0
 47
1.0
171
     0
 49
0.0008202099737533
 49
0.0
 49
0.0
 49
0.0
 49
0.0
 49
0.0008202099737533
 49
0.0
 49
0.0
 49
0.0
 49
0.0
 49
1.0
 49
0.0
 49
0.0
 49
0.0
 49
0.0
 49
1.0
175
     0
142
0.0008202099737533
142
0.0
142
0.0
142
0.0
142
0.0
142
0.0008202099737533
142
0.0
142
0.0
142
0.0
142
0.0
142
1.0
142
0.0
142
0.0
142
0.0
142
0.0
142
1.0
179
     0
144
0.0008202099737533
144
0.0
144
0.0
144
0.0
144
0.0
144
0.0008202099737533
144
0.0
144
0.0
144
0.0
144
0.0
144
1.0
144
0.0
144
0.0
144
0.0
144
0.0
144
1.0
147
0.0008202099737533
147
0.0
147
0.0
147
0.0
147
0.0
147
0.0008202099737533
147
0.0
147
0.0
147
0.0
147
0.0
147
1.0
147
0.0
147
0.0
147
0.0
147
0.0
147
1.0
  0
MLEADERSTYLE
  5
3C9
102
{ACAD_REACTORS
330
3C8
102
}
330
3C8
100
AcDbMLeaderStyle
170
     2
171
     1
172
     0
 90
        2
 40
0.0
 41
0.0
173
     1
 91
-1073741824
 92
       -2
290
     1
 42
0.09
291
     1
 43
0.36
  3
Standard
 44
0.18
300

174
     1
178
     1
175
     1
176
     0
 93
-1073741824
 45
0.18
292
     0
297
     0
 46
0.0
 94
-1073741824
 47
1.0
 49
1.0
140
1.0
293
     1
141
0.0
294
     1
177
     0
142
1.0
295
     0
296
     0
143
0.125
1001
ACAD_MLEADERVER
1070
     2
  0
MLINESTYLE
  5
18
102
{ACAD_REACTORS
330
17
102
}
330
17
100
AcDbMlineStyle
  2
STANDARD
 70
     0
  3

 62
   256
 51
90.0
 52
90.0
 71
     2
 49
0.5
 62
     0
  6
BYLAYER
 49
-0.5
 62
     0
  6
BYLAYER
  0
ACDBPLACEHOLDER
  5
F
102
{ACAD_REACTORS
330
E
102
}
330
E
  0
SCALE
  5
409
102
{ACAD_REACTORS
330
3B2
102
}
330
3B2
100
AcDbScale
 70
     0
300
1:1
140
1.0
141
1.0
290
     1
  0
SCALE
  5
40A
102
{ACAD_REACTORS
330
3B2
102
}
330
3B2
100
AcDbScale
 70
     0
300
1:2
140
1.0
141
2.0
290
     0
  0
SCALE
  5
40B
102
{ACAD_REACTORS
330
3B2
102
}
330
3B2
100
AcDbScale
 70
     0
300
1:4
140
1.0
141
4.0
290
     0
  0
SCALE
  5
40C
102
{ACAD_REACTORS
330
3B2
102
}
330
3B2
100
AcDbScale
 70
     0
300
1:5
140
1.0
141
5.0
290
     0
  0
SCALE
  5
40D
102
{ACAD_REACTORS
330
3B2
102
}
330
3B2
100
AcDbScale
 70
     0
300
1:8
140
1.0
141
8.0
290
     0
  0
SCALE
  5
40E
102
{ACAD_REACTORS
330
3B2
102
}
330
3B2
100
AcDbScale
 70
     0
300
1:10
140
1.0
141
10.0
290
     0
  0
SCALE
  5
40F
102
{ACAD_REACTORS
330
3B2
102
}
330
3B2
100
AcDbScale
 70
     0
300
1:16
140
1.0
141
16.0
290
     0
  0
SCALE
  5
410
102
{ACAD_REACTORS
330
3B2
102
}
330
3B2
100
AcDbScale
 70
     0
300
1:20
140
1.0
141
20.0
290
     0
  0
SCALE
  5
411
102
{ACAD_REACTORS
330
3B2
102
}
330
3B2
100
AcDbScale
 70
     0
300
1:30
140
1.0
141
30.0
290
     0
  0
SCALE
  5
412
102
{ACAD_REACTORS
330
3B2
102
}
330
3B2
100
AcDbScale
 70
     0
300
1:40
140
1.0
141
40.0
290
     0
  0
SCALE
  5
413
102
{ACAD_REACTORS
330
3B2
102
}
330
3B2
100
AcDbScale
 70
     0
300
1:50
140
1.0
141
50.0
290
     0
  0
SCALE
  5
414
102
{ACAD_REACTORS
330
3B2
102
}
330
3B2
100
AcDbScale
 70
     0
300
1:100
140
1.0
141
100.0
290
     0
  0
SCALE
  5
415
102
{ACAD_REACTORS
330
3B2
102
}
330
3B2
100
AcDbScale
 70
     0
300
2:1
140
2.0
141
1.0
290
     0
  0
SCALE
  5
416
102
{ACAD_REACTORS
330
3B2
102
}
330
3B2
100
AcDbScale
 70
     0
300
4:1
140
4.0
141
1.0
290
     0
  0
SCALE
  5
417
102
{ACAD_REACTORS
330
3B2
102
}
330
3B2
100
AcDbScale
 70
     0
300
8:1
140
8.0
141
1.0
290
     0
  0
SCALE
  5
418
102
{ACAD_REACTORS
330
3B2
102
}
330
3B2
100
AcDbScale
 70
     0
300
10:1
140
10.0
141
1.0
290
     0
  0
SCALE
  5
419
102
{ACAD_REACTORS
330
3B2
102
}
330
3B2
100
AcDbScale
 70
     0
300
100:1
140
100.0
141
1.0
290
     0
  0
ACDBSECTIONVIEWSTYLE
  5
41B
102
{ACAD_XDICTIONARY
360
1CEE
102
}
102
{ACAD_REACTORS
330
41A
102
}
330
41A
100
AcDbModelDocViewStyle
 70
     0
  3
Metric50
290
     0
100
AcDbSectionViewStyle
 70
     0
 71
     0
 90
      102
 71
     1
340
11
 40
5.0
340
0
340
0
 40
5.0
300
I, O, Q, S, X, Z
 40
10.0
 90
        0
 40
2.5
 90
        0
 71
     2
340
16
 90
       25
340
16
 90
       50
 40
5.0
 40
2.5
 40
5.0
 71
     3
340
11
 40
5.0
 90
        0
 40
15.0
 90
        1
300
%<\AcVar ViewSectionStartId>%-%<\AcVar ViewSectionEndId>% (%<\AcVar ViewScale \f "%sn">%)
 71
     4
300
ANSI31
 40
1.0
 90
        0
290
     0
290
     0
 90
        6
 40
0.0
 40
1.570796326794896
 40
0.2617993877991494
 40
1.308996938995747
 40
-0.2617993877991494
 40
1.832595714594046
  0
TABLESTYLE
  5
3CB
102
{ACAD_XDICTIONARY
360
3CC
102
}
102
{ACAD_REACTORS
330
3CA
102
}
330
3CA
100
AcDbTableStyle
  3

 70
     0
 71
     0
 40
0.06
 41
0.06
280
     0
281
     0
  7
Standard
140
0.18
170
     1
 62
     0
 63
     7
283
     0
274
    -2
284
     1
 64
     0
275
    -2
285
     1
 65
     0
276
    -2
286
     1
 66
     0
277
    -2
287
     1
 67
     0
278
    -2
288
     1
 68
     0
279
    -2
289
     1
 69
     0
  7
Standard
140
0.18
170
     1
 62
     0
 63
     7
283
     0
274
    -2
284
     1
 64
     0
275
    -2
285
     1
 65
     0
276
    -2
286
     1
 66
     0
277
    -2
287
     1
 67
     0
278
    -2
288
     1
 68
     0
279
    -2
289
     1
 69
     0
  7
Standard
140
0.18
170
     1
 62
     0
 63
     7
283
     0
274
    -2
284
     1
 64
     0
275
    -2
285
     1
 65
     0
276
    -2
286
     1
 66
     0
277
    -2
287
     1
 67
     0
278
    -2
288
     1
 68
     0
279
    -2
289
     1
 69
     0
  0
VISUALSTYLE
  5
3F6
102
{ACAD_XDICTIONARY
360
1CC8
102
}
102
{ACAD_REACTORS
330
3D2
102
}
330
3D2
100
AcDbVisualStyle
  2
2dWireframe
 70
     4
 71
     0
 72
     2
 73
     0
 90
        0
 40
-0.6
 41
-30.0
 62
     5
 63
     7
 74
     1
 91
        4
 64
     7
 65
   257
 75
     1
175
     1
 42
1.0
 92
        0
 66
   257
 43
1.0
 76
     1
 77
     6
 78
     2
 67
     7
 79
     5
170
     0
171
     0
290
     0
174
     0
 93
        1
 44
0.0
173
     0
291
     0
 45
0.0
1001
ACAD
1000
AcDbSavedByObjectVersion
1070
     0
  0
VISUALSTYLE
  5
3F5
102
{ACAD_XDICTIONARY
360
1CC6
102
}
102
{ACAD_REACTORS
330
3D2
102
}
330
3D2
100
AcDbVisualStyle
  2
Basic
 70
     7
 71
     1
 72
     0
 73
     1
 90
        0
 40
-0.6
 41
-30.0
 62
     5
 63
     7
 74
     0
 91
        4
 64
     7
 65
   257
 75
     1
175
     1
 42
1.0
 92
        8
 66
     7
 43
1.0
 76
     1
 77
     6
 78
     2
 67
     7
 79
     5
170
     0
171
     0
290
     0
174
     0
 93
        1
 44
0.0
173
     0
291
     1
 45
0.0
1001
ACAD
1000
AcDbSavedByObjectVersion
1070
     0
  0
VISUALSTYLE
  5
3FC
102
{ACAD_XDICTIONARY
360
1CD4
102
}
102
{ACAD_REACTORS
330
3D2
102
}
330
3D2
100
AcDbVisualStyle
  2
Brighten
 70
    12
 71
     2
 72
     2
 73
     0
 90
        0
 40
-0.6
 41
-30.0
 62
     5
 63
     7
 74
     1
 91
        4
 64
     7
 65
   257
 75
     1
175
     1
 42
1.0
 92
        8
 66
     7
 43
1.0
 76
     1
 77
     6
 78
     2
 67
     7
 79
     5
170
     0
171
     0
290
     0
174
     0
 93
        1
 44
50.0
173
     0
291
     1
 45
0.0
1001
ACAD
1000
AcDbSavedByObjectVersion
1070
     0
  0
VISUALSTYLE
  5
400
102
{ACAD_XDICTIONARY
360
1CDC
102
}
102
{ACAD_REACTORS
330
3D2
102
}
330
3D2
100
AcDbVisualStyle
  2
ColorChange
 70
    16
 71
     2
 72
     2
 73
     3
 90
        0
 40
-0.6
 41
-30.0
 62
     5
 63
     8
 74
     1
 91
        4
 64
     7
 65
   257
 75
     1
175
     1
 42
1.0
 92
        8
 66
     8
 43
1.0
 76
     1
 77
     6
 78
     2
 67
     7
 79
     5
170
     0
171
     0
290
     0
174
     0
 93
        1
 44
0.0
173
     0
291
     1
 45
0.0
1001
ACAD
1000
AcDbSavedByObjectVersion
1070
     0
  0
VISUALSTYLE
  5
3F9
102
{ACAD_XDICTIONARY
360
1CCE
102
}
102
{ACAD_REACTORS
330
3D2
102
}
330
3D2
100
AcDbVisualStyle
  2
Conceptual
 70
     9
 71
     3
 72
     2
 73
     0
 90
        0
 40
-0.6
 41
-30.0
 62
     5
 63
     7
 74
     2
 91
        2
 64
     7
 65
   257
 75
     1
175
     1
 42
179.0
 92
        8
 66
     7
 43
1.0
 76
     1
 77
     6
 78
     2
 67
     7
 79
     3
170
     0
171
     0
290
     0
174
     0
 93
        1
 44
0.0
173
     0
291
     0
 45
0.0
1001
ACAD
1000
AcDbSavedByObjectVersion
1070
     0
  0
VISUALSTYLE
  5
3FB
102
{ACAD_XDICTIONARY
360
1CD2
102
}
102
{ACAD_REACTORS
330
3D2
102
}
330
3D2
100
AcDbVisualStyle
  2
Dim
 70
    11
 71
     2
 72
     2
 73
     0
 90
        0
 40
-0.6
 41
-30.0
 62
     5
 63
     7
 74
     1
 91
        4
 64
     7
 65
   257
 75
     1
175
     1
 42
1.0
 92
        8
 66
     7
 43
1.0
 76
     1
 77
     6
 78
     2
 67
     7
 79
     5
170
     0
171
     0
290
     0
174
     0
 93
        1
 44
-50.0
173
     0
291
     1
 45
0.0
1001
ACAD
1000
AcDbSavedByObjectVersion
1070
     0
  0
VISUALSTYLE
  5
408
102
{ACAD_XDICTIONARY
360
1CEC
102
}
102
{ACAD_REACTORS
330
3D2
102
}
330
3D2
100
AcDbVisualStyle
  2
EdgeColorOff
 70
    22
 71
     2
 72
     2
 73
     0
 90
        0
 40
-0.6
 41
-30.0
 62
     5
 63
     7
 74
     1
 91
        4
 64
     7
 65
   257
 75
     1
175
     1
 42
1.0
 92
        8
 66
     7
 43
1.0
 76
     1
 77
     6
 78
     2
 67
     7
 79
     5
170
     0
171
     0
290
     0
174
     0
 93
        1
 44
0.0
173
     0
291
     1
 45
0.0
1001
ACAD
1000
AcDbSavedByObjectVersion
1070
     0
  0
VISUALSTYLE
  5
3FF
102
{ACAD_XDICTIONARY
360
1CDA
102
}
102
{ACAD_REACTORS
330
3D2
102
}
330
3D2
100
AcDbVisualStyle
  2
Facepattern
 70
    15
 71
     2
 72
     2
 73
     0
 90
        0
 40
-0.6
 41
-30.0
 62
     5
 63
     7
 74
     1
 91
        4
 64
     7
 65
   257
 75
     1
175
     1
 42
1.0
 92
        8
 66
     7
 43
1.0
 76
     1
 77
     6
 78
     2
 67
     7
 79
     5
170
     0
171
     0
290
     0
174
     0
 93
        1
 44
0.0
173
     0
291
     1
 45
0.0
1001
ACAD
1000
AcDbSavedByObjectVersion
1070
     0
  0
VISUALSTYLE
  5
3F1
102
{ACAD_XDICTIONARY
360
1CBE
102
}
102
{ACAD_REACTORS
330
3D2
102
}
330
3D2
100
AcDbVisualStyle
  2
Flat
 70
     0
 71
     2
 72
     1
 73
     1
 90
        2
 40
-0.6
 41
30.0
 62
     5
 63
     7
 74
     0
 91
        0
 64
     7
 65
   257
 75
     1
175
     1
 42
1.0
 92
        8
 66
     7
 43
1.0
 76
     1
 77
     6
 78
     2
 67
     7
 79
     5
170
     0
171
     0
290
     0
174
     0
 93
       13
 44
0.0
173
     0
291
     1
 45
0.0
1001
ACAD
1000
AcDbSavedByObjectVersion
1070
     0
  0
VISUALSTYLE
  5
3F2
102
{ACAD_XDICTIONARY
360
1CC0
102
}
102
{ACAD_REACTORS
330
3D2
102
}
330
3D2
100
AcDbVisualStyle
  2
FlatWithEdges
 70
     1
 71
     2
 72
     1
 73
     1
 90
        2
 40
-0.6
 41
30.0
 62
     5
 63
     7
 74
     1
 91
        0
 64
     7
 65
   257
 75
     1
175
     1
 42
1.0
 92
        0
 66
   257
 43
1.0
 76
     1
 77
     6
 78
     2
 67
     7
 79
     5
170
     0
171
     0
290
     0
174
     0
 93
       13
 44
0.0
173
     0
291
     1
 45
0.0
1001
ACAD
1000
AcDbSavedByObjectVersion
1070
     0
  0
VISUALSTYLE
  5
3F3
102
{ACAD_XDICTIONARY
360
1CC2
102
}
102
{ACAD_REACTORS
330
3D2
102
}
330
3D2
100
AcDbVisualStyle
  2
Gouraud
 70
     2
 71
     2
 72
     2
 73
     1
 90
        2
 40
-0.6
 41
30.0
 62
     5
 63
     7
 74
     0
 91
        0
 64
     7
 65
   257
 75
     1
175
     1
 42
1.0
 92
        0
 66
     7
 43
1.0
 76
     1
 77
     6
 78
     2
 67
     7
 79
     5
170
     0
171
     0
290
     0
174
     0
 93
       13
 44
0.0
173
     0
291
     1
 45
0.0
1001
ACAD
1000
AcDbSavedByObjectVersion
1070
     0
  0
VISUALSTYLE
  5
3F4
102
{ACAD_XDICTIONARY
360
1CC4
102
}
102
{ACAD_REACTORS
330
3D2
102
}
330
3D2
100
AcDbVisualStyle
  2
GouraudWithEdges
 70
     3
 71
     2
 72
     2
 73
     1
 90
        2
 40
-0.6
 41
30.0
 62
     5
 63
     7
 74
     1
 91
        0
 64
     7
 65
   257
 75
     1
175
     1
 42
1.0
 92
        0
 66
   257
 43
1.0
 76
     1
 77
     6
 78
     2
 67
     7
 79
     5
170
     0
171
     0
290
     0
174
     0
 93
       13
 44
0.0
173
     0
291
     1
 45
0.0
1001
ACAD
1000
AcDbSavedByObjectVersion
1070
     0
  0
VISUALSTYLE
  5
3F8
102
{ACAD_XDICTIONARY
360
1CCC
102
}
102
{ACAD_REACTORS
330
3D2
102
}
330
3D2
100
AcDbVisualStyle
  2
Hidden
 70
     6
 71
     1
 72
     2
 73
     2
 90
        0
 40
-0.6
 41
-30.0
 62
     5
 63
     7
 74
     2
 91
        2
 64
     7
 65
   257
 75
     2
175
     1
 42
40.0
 92
        0
 66
   257
 43
1.0
 76
     1
 77
     6
 78
     2
 67
     7
 79
     3
170
     0
171
     0
290
     0
174
     0
 93
        1
 44
0.0
173
     0
291
     0
 45
0.0
1001
ACAD
1000
AcDbSavedByObjectVersion
1070
     0
  0
VISUALSTYLE
  5
406
102
{ACAD_XDICTIONARY
360
1CE8
102
}
102
{ACAD_REACTORS
330
3D2
102
}
330
3D2
100
AcDbVisualStyle
  2
JitterOff
 70
    20
 71
     2
 72
     2
 73
     0
 90
        0
 40
-0.6
 41
-30.0
 62
     5
 63
     7
 74
     1
 91
        4
 64
     7
 65
   257
 75
     1
175
     1
 42
1.0
 92
       10
 66
     7
 43
1.0
 76
     1
 77
     6
 78
     2
 67
     7
 79
     5
170
     0
171
     0
290
     0
174
     0
 93
        1
 44
0.0
173
     0
291
     1
 45
0.0
1001
ACAD
1000
AcDbSavedByObjectVersion
1070
     0
  0
VISUALSTYLE
  5
3FE
102
{ACAD_XDICTIONARY
360
1CD8
102
}
102
{ACAD_REACTORS
330
3D2
102
}
330
3D2
100
AcDbVisualStyle
  2
Linepattern
 70
    14
 71
     2
 72
     2
 73
     0
 90
        0
 40
-0.6
 41
-30.0
 62
     5
 63
     7
 74
     1
 91
        4
 64
     7
 65
   257
 75
     7
175
     7
 42
1.0
 92
        8
 66
     7
 43
1.0
 76
     1
 77
     6
 78
     2
 67
     7
 79
     5
170
     0
171
     0
290
     0
174
     0
 93
        1
 44
0.0
173
     0
291
     1
 45
0.0
1001
ACAD
1000
AcDbSavedByObjectVersion
1070
     0
  0
VISUALSTYLE
  5
407
102
{ACAD_XDICTIONARY
360
1CEA
102
}
102
{ACAD_REACTORS
330
3D2
102
}
330
3D2
100
AcDbVisualStyle
  2
OverhangOff
 70
    21
 71
     2
 72
     2
 73
     0
 90
        0
 40
-0.6
 41
-30.0
 62
     5
 63
     7
 74
     1
 91
        4
 64
     7
 65
   257
 75
     1
175
     1
 42
1.0
 92
        9
 66
     7
 43
1.0
 76
     1
 77
     6
 78
     2
 67
     7
 79
     5
170
     0
171
     0
290
     0
174
     0
 93
        1
 44
0.0
173
     0
291
     1
 45
0.0
1001
ACAD
1000
AcDbSavedByObjectVersion
1070
     0
  0
VISUALSTYLE
  5
3FA
102
{ACAD_XDICTIONARY
360
1CD0
102
}
102
{ACAD_REACTORS
330
3D2
102
}
330
3D2
100
AcDbVisualStyle
  2
Realistic
 70
     8
 71
     2
 72
     3
 73
     0
 90
        2
 40
-0.6
 41
30.0
 62
     5
 63
     7
 74
     0
 91
        0
 64
     7
 65
   257
 75
     1
175
     1
 42
1.0
 92
        8
 66
   257
 43
1.0
 76
     1
 77
     6
 78
     2
 67
     7
 79
     3
170
     0
171
     0
290
     0
174
     0
 93
       13
 44
0.0
173
     0
291
     0
 45
0.0
1001
ACAD
1000
AcDbSavedByObjectVersion
1070
     0
  0
VISUALSTYLE
  5
405
102
{ACAD_XDICTIONARY
360
1CE6
102
}
102
{ACAD_REACTORS
330
3D2
102
}
330
3D2
100
AcDbVisualStyle
  2
Shaded
 70
    27
 71
     2
 72
     2
 73
     1
 90
        2
 40
-0.6
 41
30.0
 62
     5
 63
     7
 74
     0
 91
        4
 64
     7
 65
   257
 75
     1
175
     1
 42
1.0
 92
        8
 66
   257
 43
1.0
 76
     1
 77
     6
 78
     2
 67
     8
 79
     3
170
     0
171
     0
290
     0
174
     0
 93
        5
 44
0.0
173
     0
291
     0
 45
0.0
1001
ACAD
1000
AcDbSavedByObjectVersion
1070
     0
  0
VISUALSTYLE
  5
404
102
{ACAD_XDICTIONARY
360
1CE4
102
}
102
{ACAD_REACTORS
330
3D2
102
}
330
3D2
100
AcDbVisualStyle
  2
Shaded with edges
 70
    26
 71
     2
 72
     2
 73
     1
 90
        2
 40
-0.6
 41
30.0
 62
     5
 63
     7
 74
     1
 91
        2
 64
     7
 65
   257
 75
     2
175
     1
 42
1.0
 92
        8
 66
   257
 43
1.0
 76
     1
 77
     6
 78
     2
 67
     7
 79
     3
170
     0
171
     0
290
     0
174
     0
 93
        5
 44
0.0
173
     0
291
     0
 45
0.0
1001
ACAD
1000
AcDbSavedByObjectVersion
1070
     0
  0
VISUALSTYLE
  5
401
102
{ACAD_XDICTIONARY
360
1CDE
102
}
102
{ACAD_REACTORS
330
3D2
102
}
330
3D2
100
AcDbVisualStyle
  2
Shades of Gray
 70
    23
 71
     2
 72
     2
 73
     3
 90
        0
 40
-0.6
 41
-30.0
 62
     5
 63
     7
 74
     2
 91
        2
 64
     7
 65
     7
 75
     1
175
     1
 42
40.0
 92
        8
 66
     7
 43
1.0
 76
     1
 77
     6
 78
     2
 67
     7
 79
     3
170
     0
171
     0
290
     0
174
     0
 93
        1
 44
0.0
173
     0
291
     0
 45
0.0
1001
ACAD
1000
AcDbSavedByObjectVersion
1070
     0
  0
VISUALSTYLE
  5
402
102
{ACAD_XDICTIONARY
360
1CE0
102
}
102
{ACAD_REACTORS
330
3D2
102
}
330
3D2
100
AcDbVisualStyle
  2
Sketchy
 70
    24
 71
     1
 72
     2
 73
     2
 90
        0
 40
-0.6
 41
-30.0
 62
     5
 63
     7
 74
     2
 91
        2
 64
     7
 65
     7
 75
     1
175
     1
 42
40.0
 92
       11
 66
     7
 43
1.0
 76
     1
 77
     6
 78
     2
 67
     7
 79
     6
170
     0
171
     0
290
     0
174
     0
 93
        1
 44
0.0
173
     0
291
     0
 45
0.0
1001
ACAD
1000
AcDbSavedByObjectVersion
1070
     0
  0
VISUALSTYLE
  5
3FD
102
{ACAD_XDICTIONARY
360
1CD6
102
}
102
{ACAD_REACTORS
330
3D2
102
}
330
3D2
100
AcDbVisualStyle
  2
Thicken
 70
    13
 71
     2
 72
     2
 73
     0
 90
        0
 40
-0.6
 41
-30.0
 62
     5
 63
     7
 74
     1
 91
        4
 64
     7
 65
   257
 75
     1
175
     1
 42
1.0
 92
       12
 66
     7
 43
1.0
 76
     1
 77
     6
 78
     2
 67
     7
 79
     5
170
     0
171
     0
290
     0
174
     0
 93
        1
 44
0.0
173
     0
291
     1
 45
0.0
1001
ACAD
1000
AcDbSavedByObjectVersion
1070
     0
  0
VISUALSTYLE
  5
3F7
102
{ACAD_XDICTIONARY
360
1CCA
102
}
102
{ACAD_REACTORS
330
3D2
102
}
330
3D2
100
AcDbVisualStyle
  2
Wireframe
 70
     5
 71
     0
 72
     2
 73
     0
 90
        0
 40
-0.6
 41
-30.0
 62
     5
 63
     7
 74
     1
 91
        4
 64
     7
 65
   257
 75
     1
175
     1
 42
1.0
 92
        0
 66
   257
 43
1.0
 76
     1
 77
     6
 78
     2
 67
     7
 79
     3
170
     0
171
     0
290
     0
174
     0
 93
        1
 44
0.0
173
     0
291
     0
 45
0.0
1001
ACAD
1000
AcDbSavedByObjectVersion
1070
     0
  0
VISUALSTYLE
  5
403
102
{ACAD_XDICTIONARY
360
1CE2
102
}
102
{ACAD_REACTORS
330
3D2
102
}
330
3D2
100
AcDbVisualStyle
  2
X-Ray
 70
    25
 71
     2
 72
     2
 73
     1
 90
        1
 40
0.5
 41
-30.0
 62
     5
 63
     7
 74
     1
 91
        0
 64
     7
 65
   257
 75
     1
175
     1
 42
1.0
 92
        8
 66
     7
 43
1.0
 76
     1
 77
     6
 78
     2
 67
     7
 79
     3
170
     0
171
     0
290
     0
174
     0
 93
       13
 44
0.0
173
     0
291
     0
 45
0.0
1001
ACAD
1000
AcDbSavedByObjectVersion
1070
     0
  0
DICTIONARYVAR
  5
1A48
102
{ACAD_REACTORS
330
3CF
102
}
330
3CF
100
DictionaryVariables
280
     0
  1
1:1
  0
DICTIONARYVAR
  5
1A45
102
{ACAD_REACTORS
330
3CF
102
}
330
3CF
100
DictionaryVariables
280
     0
  1
STANDARD
  0
DICTIONARYVAR
  5
1A44
102
{ACAD_REACTORS
330
3CF
102
}
330
3CF
100
DictionaryVariables
280
     0
  1
STANDARD
  0
DICTIONARYVAR
  5
1A46
102
{ACAD_REACTORS
330
3CF
102
}
330
3CF
100
DictionaryVariables
280
     0
  1
Metric50
  0
DICTIONARYVAR
  5
1A47
102
{ACAD_REACTORS
330
3CF
102
}
330
3CF
100
DictionaryVariables
280
     0
  1
Metric50
  0
DICTIONARYVAR
  5
3D0
102
{ACAD_REACTORS
330
3CF
102
}
330
3CF
100
DictionaryVariables
280
     0
  1
1
  0
DICTIONARYVAR
  5
3D1
102
{ACAD_REACTORS
330
3CF
102
}
330
3CF
100
DictionaryVariables
280
     0
  1
0
  0
DICTIONARYVAR
  5
1A4A
102
{ACAD_REACTORS
330
3CF
102
}
330
3CF
100
DictionaryVariables
280
     0
  1
0
  0
DICTIONARYVAR
  5
1A49
102
{ACAD_REACTORS
330
3CF
102
}
330
3CF
100
DictionaryVariables
280
     0
  1
127
  0
DICTIONARYVAR
  5
1A4B
102
{ACAD_REACTORS
330
3CF
102
}
330
3CF
100
DictionaryVariables
280
     0
  1
2
  0
DICTIONARY
  5
1CF0
330
41D
100
AcDbDictionary
280
     1
281
     1
  3
ACAD_XREC_ROUNDTRIP
360
1CF1
  0
DICTIONARY
  5
1CB6
330
1E
100
AcDbDictionary
280
     1
281
     1
  3
ACAD_XREC_ROUNDTRIP
360
1CB7
  0
DICTIONARY
  5
1CB8
330
22
100
AcDbDictionary
280
     1
281
     1
  3
ACAD_XREC_ROUNDTRIP
360
1CB9
  0
DICTIONARY
  5
3E2
330
3E1
100
AcDbDictionary
280
     1
281
     1
  3
ACAD_XREC_ROUNDTRIP
360
1CBC
  3
BUMPTILE
360
3E4
  3
DIFFUSETILE
360
3E3
  3
OPACITYTILE
360
3E7
  3
REFLECTIONTILE
360
3E6
  3
REFRACTIONTILE
360
3E8
  3
SPECULARTILE
360
3E5
  0
DICTIONARY
  5
3DA
330
3D9
100
AcDbDictionary
280
     1
281
     1
  3
ACAD_XREC_ROUNDTRIP
360
1CBB
  3
BUMPTILE
360
3DC
  3
DIFFUSETILE
360
3DB
  3
OPACITYTILE
360
3DF
  3
REFLECTIONTILE
360
3DE
  3
REFRACTIONTILE
360
3E0
  3
SPECULARTILE
360
3DD
  0
DICTIONARY
  5
3EA
330
3E9
100
AcDbDictionary
280
     1
281
     1
  3
ACAD_XREC_ROUNDTRIP
360
1CBD
  3
BUMPTILE
360
3EC
  3
DIFFUSETILE
360
3EB
  3
OPACITYTILE
360
3EF
  3
REFLECTIONTILE
360
3EE
  3
REFRACTIONTILE
360
3F0
  3
SPECULARTILE
360
3ED
  0
DICTIONARY
  5
1CEE
330
41B
100
AcDbDictionary
280
     1
281
     1
  3
ACAD_XREC_ROUNDTRIP
360
1CEF
  0
DICTIONARY
  5
3CC
330
3CB
100
AcDbDictionary
281
     1
  3
ACAD_ROUNDTRIP_2008_TABLESTYLE_CELLSTYLEMAP
350
1CB3
  3
ACAD_XREC_ROUNDTRIP
350
1CBA
  0
DICTIONARY
  5
1CC8
330
3F6
100
AcDbDictionary
280
     1
281
     1
  3
ACAD_XREC_ROUNDTRIP
360
1CC9
  0
DICTIONARY
  5
1CC6
330
3F5
100
AcDbDictionary
280
     1
281
     1
  3
ACAD_XREC_ROUNDTRIP
360
1CC7
  0
DICTIONARY
  5
1CD4
330
3FC
100
AcDbDictionary
280
     1
281
     1
  3
ACAD_XREC_ROUNDTRIP
360
1CD5
  0
DICTIONARY
  5
1CDC
330
400
100
AcDbDictionary
280
     1
281
     1
  3
ACAD_XREC_ROUNDTRIP
360
1CDD
  0
DICTIONARY
  5
1CCE
330
3F9
100
AcDbDictionary
280
     1
281
     1
  3
ACAD_XREC_ROUNDTRIP
360
1CCF
  0
DICTIONARY
  5
1CD2
330
3FB
100
AcDbDictionary
280
     1
281
     1
  3
ACAD_XREC_ROUNDTRIP
360
1CD3
  0
DICTIONARY
  5
1CEC
330
408
100
AcDbDictionary
280
     1
281
     1
  3
ACAD_XREC_ROUNDTRIP
360
1CED
  0
DICTIONARY
  5
1CDA
330
3FF
100
AcDbDictionary
280
     1
281
     1
  3
ACAD_XREC_ROUNDTRIP
360
1CDB
  0
DICTIONARY
  5
1CBE
330
3F1
100
AcDbDictionary
280
     1
281
     1
  3
ACAD_XREC_ROUNDTRIP
360
1CBF
  0
DICTIONARY
  5
1CC0
330
3F2
100
AcDbDictionary
280
     1
281
     1
  3
ACAD_XREC_ROUNDTRIP
360
1CC1
  0
DICTIONARY
  5
1CC2
330
3F3
100
AcDbDictionary
280
     1
281
     1
  3
ACAD_XREC_ROUNDTRIP
360
1CC3
  0
DICTIONARY
  5
1CC4
330
3F4
100
AcDbDictionary
280
     1
281
     1
  3
ACAD_XREC_ROUNDTRIP
360
1CC5
  0
DICTIONARY
  5
1CCC
330
3F8
100
AcDbDictionary
280
     1
281
     1
  3
ACAD_XREC_ROUNDTRIP
360
1CCD
  0
DICTIONARY
  5
1CE8
330
406
100
AcDbDictionary
280
     1
281
     1
  3
ACAD_XREC_ROUNDTRIP
360
1CE9
  0
DICTIONARY
  5
1CD8
330
3FE
100
AcDbDictionary
280
     1
281
     1
  3
ACAD_XREC_ROUNDTRIP
360
1CD9
  0
DICTIONARY
  5
1CEA
330
407
100
AcDbDictionary
280
     1
281
     1
  3
ACAD_XREC_ROUNDTRIP
360
1CEB
  0
DICTIONARY
  5
1CD0
330
3FA
100
AcDbDictionary
280
     1
281
     1
  3
ACAD_XREC_ROUNDTRIP
360
1CD1
  0
DICTIONARY
  5
1CE6
330
405
100
AcDbDictionary
280
     1
281
     1
  3
ACAD_XREC_ROUNDTRIP
360
1CE7
  0
DICTIONARY
  5
1CE4
330
404
100
AcDbDictionary
280
     1
281
     1
  3
ACAD_XREC_ROUNDTRIP
360
1CE5
  0
DICTIONARY
  5
1CDE
330
401
100
AcDbDictionary
280
     1
281
     1
  3
ACAD_XREC_ROUNDTRIP
360
1CDF
  0
DICTIONARY
  5
1CE0
330
402
100
AcDbDictionary
280
     1
281
     1
  3
ACAD_XREC_ROUNDTRIP
360
1CE1
  0
DICTIONARY
  5
1CD6
330
3FD
100
AcDbDictionary
280
     1
281
     1
  3
ACAD_XREC_ROUNDTRIP
360
1CD7
  0
DICTIONARY
  5
1CCA
330
3F7
100
AcDbDictionary
280
     1
281
     1
  3
ACAD_XREC_ROUNDTRIP
360
1CCB
  0
DICTIONARY
  5
1CE2
330
403
100
AcDbDictionary
280
     1
281
     1
  3
ACAD_XREC_ROUNDTRIP
360
1CE3
  0
XRECORD
  5
1CF1
102
{ACAD_REACTORS
330
1CF0
102
}
330
1CF0
100
AcDbXrecord
280
     1
102
DISPLAYNAME
  1
Metric50
102
FLAGS
 90
        0
  0
XRECORD
  5
1CB7
102
{ACAD_REACTORS
330
1CB6
102
}
330
1CB6
100
AcDbXrecord
280
     1
102
SHADEPLOT
 70
     0
102
SHADEPLOTRESLEVEL
 70
     0
102
SHADEPLOTCUSTOMDPI
 70
     0
  0
XRECORD
  5
1CB9
102
{ACAD_REACTORS
330
1CB8
102
}
330
1CB8
100
AcDbXrecord
280
     1
102
SHADEPLOT
 70
     0
102
SHADEPLOTRESLEVEL
 70
     0
102
SHADEPLOTCUSTOMDPI
 70
     0
  0
XRECORD
  5
1CBC
102
{ACAD_REACTORS
330
3E2
102
}
330
3E2
100
AcDbXrecord
280
     1
102
MATERIAL
148
0.0
149
0.0
149
0.0
 93
        0
 94
      127
282
     0
 72
     0
 77
     0
171
     0
175
     0
179
     0
273
     0
  0
XRECORD
  5
3E4
102
{ACAD_REACTORS
330
3E2
102
}
330
3E2
100
AcDbXrecord
280
     1
270
     1
271
     1
  0
XRECORD
  5
3E3
102
{ACAD_REACTORS
330
3E2
102
}
330
3E2
100
AcDbXrecord
280
     1
270
     1
271
     1
  0
XRECORD
  5
3E7
102
{ACAD_REACTORS
330
3E2
102
}
330
3E2
100
AcDbXrecord
280
     1
270
     1
271
     1
  0
XRECORD
  5
3E6
102
{ACAD_REACTORS
330
3E2
102
}
330
3E2
100
AcDbXrecord
280
     1
270
     1
271
     1
  0
XRECORD
  5
3E8
102
{ACAD_REACTORS
330
3E2
102
}
330
3E2
100
AcDbXrecord
280
     1
270
     1
271
     1
  0
XRECORD
  5
3E5
102
{ACAD_REACTORS
330
3E2
102
}
330
3E2
100
AcDbXrecord
280
     1
270
     1
271
     1
  0
XRECORD
  5
1CBB
102
{ACAD_REACTORS
330
3DA
102
}
330
3DA
100
AcDbXrecord
280
     1
102
MATERIAL
148
0.0
149
0.0
149
0.0
 93
        0
 94
      127
282
     0
 72
     0
 77
     0
171
     0
175
     0
179
     0
273
     0
  0
XRECORD
  5
3DC
102
{ACAD_REACTORS
330
3DA
102
}
330
3DA
100
AcDbXrecord
280
     1
270
     1
271
     1
  0
XRECORD
  5
3DB
102
{ACAD_REACTORS
330
3DA
102
}
330
3DA
100
AcDbXrecord
280
     1
270
     1
271
     1
  0
XRECORD
  5
3DF
102
{ACAD_REACTORS
330
3DA
102
}
330
3DA
100
AcDbXrecord
280
     1
270
     1
271
     1
  0
XRECORD
  5
3DE
102
{ACAD_REACTORS
330
3DA
102
}
330
3DA
100
AcDbXrecord
280
     1
270
     1
271
     1
  0
XRECORD
  5
3E0
102
{ACAD_REACTORS
330
3DA
102
}
330
3DA
100
AcDbXrecord
280
     1
270
     1
271
     1
  0
XRECORD
  5
3DD
102
{ACAD_REACTORS
330
3DA
102
}
330
3DA
100
AcDbXrecord
280
     1
270
     1
271
     1
  0
XRECORD
  5
1CBD
102
{ACAD_REACTORS
330
3EA
102
}
330
3EA
100
AcDbXrecord
280
     1
102
MATERIAL
148
0.0
149
0.0
149
0.0
 93
        0
 94
      127
282
     0
 72
     0
 77
     0
171
     0
175
     0
179
     0
273
     0
  0
XRECORD
  5
3EC
102
{ACAD_REACTORS
330
3EA
102
}
330
3EA
100
AcDbXrecord
280
     1
270
     1
271
     1
  0
XRECORD
  5
3EB
102
{ACAD_REACTORS
330
3EA
102
}
330
3EA
100
AcDbXrecord
280
     1
270
     1
271
     1
  0
XRECORD
  5
3EF
102
{ACAD_REACTORS
330
3EA
102
}
330
3EA
100
AcDbXrecord
280
     1
270
     1
271
     1
  0
XRECORD
  5
3EE
102
{ACAD_REACTORS
330
3EA
102
}
330
3EA
100
AcDbXrecord
280
     1
270
     1
271
     1
  0
XRECORD
  5
3F0
102
{ACAD_REACTORS
330
3EA
102
}
330
3EA
100
AcDbXrecord
280
     1
270
     1
271
     1
  0
XRECORD
  5
3ED
102
{ACAD_REACTORS
330
3EA
102
}
330
3EA
100
AcDbXrecord
280
     1
270
     1
271
     1
  0
XRECORD
  5
1CEF
102
{ACAD_REACTORS
330
1CEE
102
}
330
1CEE
100
AcDbXrecord
280
     1
102
DISPLAYNAME
  1
Metric50
102
FLAGS
 90
        0
  0
CELLSTYLEMAP
  5
1CB3
102
{ACAD_REACTORS
330
3CC
102
}
330
3CC
100
AcDbCellStyleMap
 90
        3
300
CELLSTYLE
  1
TABLEFORMAT_BEGIN
 90
        5
170
     1
 91
        0
 92
    32768
 62
   257
 93
        1
300
CONTENTFORMAT
  1
CONTENTFORMAT_BEGIN
 90
        0
 91
        0
 92
        4
 93
        0
300

 40
0.0
140
1.0
 94
        1
 62
     0
340
11
144
0.18
309
CONTENTFORMAT_END
171
     1
301
MARGIN
  1
CELLMARGIN_BEGIN
 40
0.06
 40
0.06
 40
0.06
 40
0.06
 40
0.18
 40
0.18
309
CELLMARGIN_END
 94
        6
 95
        1
302
GRIDFORMAT
  1
GRIDFORMAT_BEGIN
 90
        0
 91
        1
 62
     0
 92
       -2
340
0
 93
        0
 40
0.045
309
GRIDFORMAT_END
 95
        2
302
GRIDFORMAT
  1
GRIDFORMAT_BEGIN
 90
        0
 91
        1
 62
     0
 92
       -2
340
0
 93
        0
 40
0.045
309
GRIDFORMAT_END
 95
        4
302
GRIDFORMAT
  1
GRIDFORMAT_BEGIN
 90
        0
 91
        1
 62
     0
 92
       -2
340
0
 93
        0
 40
0.045
309
GRIDFORMAT_END
 95
        8
302
GRIDFORMAT
  1
GRIDFORMAT_BEGIN
 90
        0
 91
        1
 62
     0
 92
       -2
340
0
 93
        0
 40
0.045
309
GRIDFORMAT_END
 95
       16
302
GRIDFORMAT
  1
GRIDFORMAT_BEGIN
 90
        0
 91
        1
 62
     0
 92
       -2
340
0
 93
        0
 40
0.045
309
GRIDFORMAT_END
 95
       32
302
GRIDFORMAT
  1
GRIDFORMAT_BEGIN
 90
        0
 91
        1
 62
     0
 92
       -2
340
0
 93
        0
 40
0.045
309
GRIDFORMAT_END
309
TABLEFORMAT_END
  1
CELLSTYLE_BEGIN
 90
        1
 91
        2
300
_TITLE
309
CELLSTYLE_END
300
CELLSTYLE
  1
TABLEFORMAT_BEGIN
 90
        5
170
     1
 91
        0
 92
        0
 62
   257
 93
        1
300
CONTENTFORMAT
  1
CONTENTFORMAT_BEGIN
 90
        0
 91
        0
 92
        4
 93
        0
300

 40
0.0
140
1.0
 94
        1
 62
     0
340
11
144
0.18
309
CONTENTFORMAT_END
171
     1
301
MARGIN
  1
CELLMARGIN_BEGIN
 40
0.06
 40
0.06
 40
0.06
 40
0.06
 40
0.18
 40
0.18
309
CELLMARGIN_END
 94
        6
 95
        1
302
GRIDFORMAT
  1
GRIDFORMAT_BEGIN
 90
        0
 91
        1
 62
     0
 92
       -2
340
0
 93
        0
 40
0.045
309
GRIDFORMAT_END
 95
        2
302
GRIDFORMAT
  1
GRIDFORMAT_BEGIN
 90
        0
 91
        1
 62
     0
 92
       -2
340
0
 93
        0
 40
0.045
309
GRIDFORMAT_END
 95
        4
302
GRIDFORMAT
  1
GRIDFORMAT_BEGIN
 90
        0
 91
        1
 62
     0
 92
       -2
340
0
 93
        0
 40
0.045
309
GRIDFORMAT_END
 95
        8
302
GRIDFORMAT
  1
GRIDFORMAT_BEGIN
 90
        0
 91
        1
 62
     0
 92
       -2
340
0
 93
        0
 40
0.045
309
GRIDFORMAT_END
 95
       16
302
GRIDFORMAT
  1
GRIDFORMAT_BEGIN
 90
        0
 91
        1
 62
     0
 92
       -2
340
0
 93
        0
 40
0.045
309
GRIDFORMAT_END
 95
       32
302
GRIDFORMAT
  1
GRIDFORMAT_BEGIN
 90
        0
 91
        1
 62
     0
 92
       -2
340
0
 93
        0
 40
0.045
309
GRIDFORMAT_END
309
TABLEFORMAT_END
  1
CELLSTYLE_BEGIN
 90
        2
 91
        2
300
_HEADER
309
CELLSTYLE_END
300
CELLSTYLE
  1
TABLEFORMAT_BEGIN
 90
        5
170
     1
 91
        0
 92
        0
 62
   257
 93
        1
300
CONTENTFORMAT
  1
CONTENTFORMAT_BEGIN
 90
        0
 91
        0
 92
        4
 93
        0
300

 40
0.0
140
1.0
 94
        1
 62
     0
340
11
144
0.18
309
CONTENTFORMAT_END
171
     1
301
MARGIN
  1
CELLMARGIN_BEGIN
 40
0.06
 40
0.06
 40
0.06
 40
0.06
 40
0.18
 40
0.18
309
CELLMARGIN_END
 94
        6
 95
        1
302
GRIDFORMAT
  1
GRIDFORMAT_BEGIN
 90
        0
 91
        1
 62
     0
 92
       -2
340
0
 93
        0
 40
0.045
309
GRIDFORMAT_END
 95
        2
302
GRIDFORMAT
  1
GRIDFORMAT_BEGIN
 90
        0
 91
        1
 62
     0
 92
       -2
340
0
 93
        0
 40
0.045
309
GRIDFORMAT_END
 95
        4
302
GRIDFORMAT
  1
GRIDFORMAT_BEGIN
 90
        0
 91
        1
 62
     0
 92
       -2
340
0
 93
        0
 40
0.045
309
GRIDFORMAT_END
 95
        8
302
GRIDFORMAT
  1
GRIDFORMAT_BEGIN
 90
        0
 91
        1
 62
     0
 92
       -2
340
0
 93
        0
 40
0.045
309
GRIDFORMAT_END
 95
       16
302
GRIDFORMAT
  1
GRIDFORMAT_BEGIN
 90
        0
 91
        1
 62
     0
 92
       -2
340
0
 93
        0
 40
0.045
309
GRIDFORMAT_END
 95
       32
302
GRIDFORMAT
  1
GRIDFORMAT_BEGIN
 90
        0
 91
        1
 62
     0
 92
       -2
340
0
 93
        0
 40
0.045
309
GRIDFORMAT_END
309
TABLEFORMAT_END
  1
CELLSTYLE_BEGIN
 90
        3
 91
        2
300
_DATA
309
CELLSTYLE_END
  0
XRECORD
  5
1CBA
102
{ACAD_REACTORS
330
3CC
102
}
330
3CC
100
AcDbXrecord
280
     1
102
ACAD_ROUNDTRIP_PRE2007_TABLESTYLE
 90
        4
 91
        0
  1

 92
        4
 93
        0
  2

 94
        4
 95
        0
  3

  0
XRECORD
  5
1CC9
102
{ACAD_REACTORS
330
1CC8
102
}
330
1CC8
100
AcDbXrecord
280
     1
102
RTVSPost2010Prop28
280
     1
102
RTVSPost2010PropOp28
 70
     1
102
RTVSPost2010Prop29
280
     1
102
RTVSPost2010PropOp29
 70
     1
102
RTVSPost2010Prop30
280
     0
102
RTVSPost2010PropOp30
 70
     1
102
RTVSPost2010Prop31
280
     0
102
RTVSPost2010PropOp31
 70
     1
102
RTVSPost2010Prop32
280
     0
102
RTVSPost2010PropOp32
 70
     1
102
RTVSPost2010Prop33
280
     0
102
RTVSPost2010PropOp33
 70
     1
102
RTVSPost2010Prop34
280
     0
102
RTVSPost2010PropOp34
 70
     1
102
RTVSPost2010Prop35
280
     0
102
RTVSPost2010PropOp35
 70
     1
102
RTVSPost2010Prop36
280
     0
102
RTVSPost2010PropOp36
 70
     1
102
RTVSPost2010Prop37
 90
       50
102
RTVSPost2010PropOp37
 70
     1
102
RTVSPost2010Prop38
140
0.0
102
RTVSPost2010PropOp38
 70
     1
102
RTVSPost2010Prop39
140
1.0
102
RTVSPost2010PropOp39
 70
     1
102
RTVSPost2010Prop40
 90
        0
102
RTVSPost2010PropOp40
 70
     1
102
RTVSPost2010Prop41ColorIndex
 90
       18
102
RTVSPost2010Prop41ColorRGB
 90
        0
102
RTVSPost2010PropOp41
 70
     1
102
RTVSPost2010Prop42
 90
       50
102
RTVSPost2010PropOp42
 70
     1
102
RTVSPost2010Prop43
 90
        3
102
RTVSPost2010PropOp43
 70
     1
102
RTVSPost2010Prop44ColorIndex
 90
        5
102
RTVSPost2010Prop44ColorRGB
 90
      255
102
RTVSPost2010PropOp44
 70
     1
102
RTVSPost2010Prop45
280
     0
102
RTVSPost2010PropOp45
 70
     1
102
RTVSPost2010Prop46
 90
       50
102
RTVSPost2010PropOp46
 70
     1
102
RTVSPost2010Prop47
 90
       50
102
RTVSPost2010PropOp47
 70
     1
102
RTVSPost2010Prop48
 90
       50
102
RTVSPost2010PropOp48
 70
     1
102
RTVSPost2010Prop49
280
     0
102
RTVSPost2010PropOp49
 70
     1
102
RTVSPost2010Prop50
 90
       50
102
RTVSPost2010PropOp50
 70
     1
102
RTVSPost2010Prop51ColorIndex
 90
      256
102
RTVSPost2010Prop51ColorRGB
 90
-16777216
102
RTVSPost2010PropOp51
 70
     0
102
RTVSPost2010Prop52
140
1.0
102
RTVSPost2010PropOp52
 70
     0
102
RTVSPost2010Prop53
 90
        2
102
RTVSPost2010PropOp53
 70
     1
102
RTVSPost2010Prop54
  1
strokes_ogs.tif
102
RTVSPost2010PropOp54
 70
     1
102
RTVSPost2010Prop55
280
     0
102
RTVSPost2010PropOp55
 70
     1
102
RTVSPost2010Prop56
140
1.0
102
RTVSPost2010PropOp56
 70
     1
102
RTVSPost2010Prop57
140
1.0
102
RTVSPost2010PropOp57
 70
     1
102
RTVSPropertyOp0
 70
     1
102
RTVSPropertyOp1
 70
     1
102
RTVSPropertyOp2
 70
     1
102
RTVSPropertyOp3
 70
     1
102
RTVSPropertyOp4
 70
     1
102
RTVSPropertyOp5
 70
     1
102
RTVSPropertyOp6
 70
     1
102
RTVSPropertyOp7
 70
     1
102
RTVSPropertyOp8
 70
     1
102
RTVSPropertyOp9
 70
     1
102
RTVSPropertyOp10
 70
     1
102
RTVSPropertyOp11
 70
     1
102
RTVSPropertyOp12
 70
     1
102
RTVSPropertyOp13
 70
     1
102
RTVSPropertyOp14
 70
     1
102
RTVSPropertyOp15
 70
     1
102
RTVSPropertyOp16
 70
     1
102
RTVSPropertyOp17
 70
     1
102
RTVSPropertyOp18
 70
     1
102
RTVSPropertyOp19
 70
     1
102
RTVSPropertyOp20
 70
     1
102
RTVSPropertyOp21
 70
     1
102
RTVSPropertyOp22
 70
     1
102
RTVSPropertyOp23
 70
     1
102
RTVSPropertyOp24
 70
     1
102
RTVSPropertyOp25
 70
     1
102
RTVSPropertyOp26
 70
     1
102
RTVSPropertyOp27
 70
     1
102
RTVSPropertyOp28
 70
     1
102
RTVSPropertyOp29
 70
     1
102
RTVSPropertyOp30
 70
     1
102
RTVSPropertyOp31
 70
     1
102
RTVSPropertyOp32
 70
     1
102
RTVSPropertyOp33
 70
     1
102
RTVSPropertyOp34
 70
     1
102
RTVSPropertyOp35
 70
     1
102
RTVSPropertyOp36
 70
     1
102
RTVSPropertyOp37
 70
     1
102
RTVSPropertyOp38
 70
     1
102
RTVSPropertyOp39
 70
     1
102
RTVSPropertyOp40
 70
     1
102
RTVSPropertyOp41
 70
     1
102
RTVSPropertyOp42
 70
     1
102
RTVSPropertyOp43
 70
     1
102
RTVSPropertyOp44
 70
     1
102
RTVSPropertyOp45
 70
     1
102
RTVSPropertyOp46
 70
     1
102
RTVSPropertyOp47
 70
     1
102
RTVSPropertyOp48
 70
     1
102
RTVSPropertyOp49
 70
     1
102
RTVSPropertyOp50
 70
     1
102
RTVSPropertyOp51
 70
     0
102
RTVSPropertyOp52
 70
     0
102
RTVSPropertyOp53
 70
     1
102
RTVSPropertyOp54
 70
     1
102
RTVSPropertyOp55
 70
     1
102
RTVSPropertyOp56
 70
     1
102
RTVSPropertyOp57
 70
     1
102
RTVSPropertyOp58
 70
     1
102
RTVSPropertyOp59
 70
     1
102
RTVSPropertyOp60
 70
     1
102
RTVSPropertyOp61
 70
     1
102
RTVSPropertyOp62
 70
     1
  0
XRECORD
  5
1CC7
102
{ACAD_REACTORS
330
1CC6
102
}
330
1CC6
100
AcDbXrecord
280
     1
102
RTVSPost2010Prop28
280
     0
102
RTVSPost2010PropOp28
 70
     1
102
RTVSPost2010Prop29
280
     1
102
RTVSPost2010PropOp29
 70
     1
102
RTVSPost2010Prop30
280
     1
102
RTVSPost2010PropOp30
 70
     1
102
RTVSPost2010Prop31
280
     0
102
RTVSPost2010PropOp31
 70
     1
102
RTVSPost2010Prop32
280
     0
102
RTVSPost2010PropOp32
 70
     1
102
RTVSPost2010Prop33
280
     0
102
RTVSPost2010PropOp33
 70
     1
102
RTVSPost2010Prop34
280
     0
102
RTVSPost2010PropOp34
 70
     1
102
RTVSPost2010Prop35
280
     0
102
RTVSPost2010PropOp35
 70
     1
102
RTVSPost2010Prop36
280
     0
102
RTVSPost2010PropOp36
 70
     1
102
RTVSPost2010Prop37
 90
       50
102
RTVSPost2010PropOp37
 70
     1
102
RTVSPost2010Prop38
140
0.0
102
RTVSPost2010PropOp38
 70
     1
102
RTVSPost2010Prop39
140
1.0
102
RTVSPost2010PropOp39
 70
     1
102
RTVSPost2010Prop40
 90
        0
102
RTVSPost2010PropOp40
 70
     1
102
RTVSPost2010Prop41ColorIndex
 90
       18
102
RTVSPost2010Prop41ColorRGB
 90
        0
102
RTVSPost2010PropOp41
 70
     1
102
RTVSPost2010Prop42
 90
       50
102
RTVSPost2010PropOp42
 70
     1
102
RTVSPost2010Prop43
 90
        3
102
RTVSPost2010PropOp43
 70
     1
102
RTVSPost2010Prop44ColorIndex
 90
        5
102
RTVSPost2010Prop44ColorRGB
 90
      255
102
RTVSPost2010PropOp44
 70
     1
102
RTVSPost2010Prop45
280
     0
102
RTVSPost2010PropOp45
 70
     1
102
RTVSPost2010Prop46
 90
       50
102
RTVSPost2010PropOp46
 70
     1
102
RTVSPost2010Prop47
 90
       50
102
RTVSPost2010PropOp47
 70
     1
102
RTVSPost2010Prop48
 90
       50
102
RTVSPost2010PropOp48
 70
     1
102
RTVSPost2010Prop49
280
     0
102
RTVSPost2010PropOp49
 70
     1
102
RTVSPost2010Prop50
 90
       50
102
RTVSPost2010PropOp50
 70
     1
102
RTVSPost2010Prop51ColorIndex
 90
      256
102
RTVSPost2010Prop51ColorRGB
 90
-16777216
102
RTVSPost2010PropOp51
 70
     0
102
RTVSPost2010Prop52
140
1.0
102
RTVSPost2010PropOp52
 70
     0
102
RTVSPost2010Prop53
 90
        2
102
RTVSPost2010PropOp53
 70
     1
102
RTVSPost2010Prop54
  1
strokes_ogs.tif
102
RTVSPost2010PropOp54
 70
     1
102
RTVSPost2010Prop55
280
     0
102
RTVSPost2010PropOp55
 70
     1
102
RTVSPost2010Prop56
140
1.0
102
RTVSPost2010PropOp56
 70
     1
102
RTVSPost2010Prop57
140
1.0
102
RTVSPost2010PropOp57
 70
     1
102
RTVSPropertyOp0
 70
     1
102
RTVSPropertyOp1
 70
     1
102
RTVSPropertyOp2
 70
     1
102
RTVSPropertyOp3
 70
     1
102
RTVSPropertyOp4
 70
     1
102
RTVSPropertyOp5
 70
     1
102
RTVSPropertyOp6
 70
     1
102
RTVSPropertyOp7
 70
     1
102
RTVSPropertyOp8
 70
     1
102
RTVSPropertyOp9
 70
     1
102
RTVSPropertyOp10
 70
     1
102
RTVSPropertyOp11
 70
     1
102
RTVSPropertyOp12
 70
     1
102
RTVSPropertyOp13
 70
     1
102
RTVSPropertyOp14
 70
     1
102
RTVSPropertyOp15
 70
     1
102
RTVSPropertyOp16
 70
     1
102
RTVSPropertyOp17
 70
     1
102
RTVSPropertyOp18
 70
     1
102
RTVSPropertyOp19
 70
     1
102
RTVSPropertyOp20
 70
     1
102
RTVSPropertyOp21
 70
     1
102
RTVSPropertyOp22
 70
     1
102
RTVSPropertyOp23
 70
     1
102
RTVSPropertyOp24
 70
     1
102
RTVSPropertyOp25
 70
     1
102
RTVSPropertyOp26
 70
     1
102
RTVSPropertyOp27
 70
     1
102
RTVSPropertyOp28
 70
     1
102
RTVSPropertyOp29
 70
     1
102
RTVSPropertyOp30
 70
     1
102
RTVSPropertyOp31
 70
     1
102
RTVSPropertyOp32
 70
     1
102
RTVSPropertyOp33
 70
     1
102
RTVSPropertyOp34
 70
     1
102
RTVSPropertyOp35
 70
     1
102
RTVSPropertyOp36
 70
     1
102
RTVSPropertyOp37
 70
     1
102
RTVSPropertyOp38
 70
     1
102
RTVSPropertyOp39
 70
     1
102
RTVSPropertyOp40
 70
     1
102
RTVSPropertyOp41
 70
     1
102
RTVSPropertyOp42
 70
     1
102
RTVSPropertyOp43
 70
     1
102
RTVSPropertyOp44
 70
     1
102
RTVSPropertyOp45
 70
     1
102
RTVSPropertyOp46
 70
     1
102
RTVSPropertyOp47
 70
     1
102
RTVSPropertyOp48
 70
     1
102
RTVSPropertyOp49
 70
     1
102
RTVSPropertyOp50
 70
     1
102
RTVSPropertyOp51
 70
     0
102
RTVSPropertyOp52
 70
     0
102
RTVSPropertyOp53
 70
     1
102
RTVSPropertyOp54
 70
     1
102
RTVSPropertyOp55
 70
     1
102
RTVSPropertyOp56
 70
     1
102
RTVSPropertyOp57
 70
     1
102
RTVSPropertyOp58
 70
     1
102
RTVSPropertyOp59
 70
     1
102
RTVSPropertyOp60
 70
     1
102
RTVSPropertyOp61
 70
     1
102
RTVSPropertyOp62
 70
     1
  0
XRECORD
  5
1CD5
102
{ACAD_REACTORS
330
1CD4
102
}
330
1CD4
100
AcDbXrecord
280
     1
102
RTVSPost2010Prop28
280
     0
102
RTVSPost2010PropOp28
 70
     1
102
RTVSPost2010Prop29
280
     1
102
RTVSPost2010PropOp29
 70
     1
102
RTVSPost2010Prop30
280
     1
102
RTVSPost2010PropOp30
 70
     1
102
RTVSPost2010Prop31
280
     0
102
RTVSPost2010PropOp31
 70
     1
102
RTVSPost2010Prop32
280
     0
102
RTVSPost2010PropOp32
 70
     1
102
RTVSPost2010Prop33
280
     0
102
RTVSPost2010PropOp33
 70
     1
102
RTVSPost2010Prop34
280
     0
102
RTVSPost2010PropOp34
 70
     1
102
RTVSPost2010Prop35
280
     0
102
RTVSPost2010PropOp35
 70
     1
102
RTVSPost2010Prop36
280
     0
102
RTVSPost2010PropOp36
 70
     1
102
RTVSPost2010Prop37
 90
       50
102
RTVSPost2010PropOp37
 70
     1
102
RTVSPost2010Prop38
140
0.0
102
RTVSPost2010PropOp38
 70
     1
102
RTVSPost2010Prop39
140
1.0
102
RTVSPost2010PropOp39
 70
     1
102
RTVSPost2010Prop40
 90
        0
102
RTVSPost2010PropOp40
 70
     1
102
RTVSPost2010Prop41ColorIndex
 90
       18
102
RTVSPost2010Prop41ColorRGB
 90
        0
102
RTVSPost2010PropOp41
 70
     1
102
RTVSPost2010Prop42
 90
       50
102
RTVSPost2010PropOp42
 70
     1
102
RTVSPost2010Prop43
 90
        3
102
RTVSPost2010PropOp43
 70
     1
102
RTVSPost2010Prop44ColorIndex
 90
        5
102
RTVSPost2010Prop44ColorRGB
 90
      255
102
RTVSPost2010PropOp44
 70
     1
102
RTVSPost2010Prop45
280
     0
102
RTVSPost2010PropOp45
 70
     1
102
RTVSPost2010Prop46
 90
       50
102
RTVSPost2010PropOp46
 70
     1
102
RTVSPost2010Prop47
 90
       50
102
RTVSPost2010PropOp47
 70
     1
102
RTVSPost2010Prop48
 90
       50
102
RTVSPost2010PropOp48
 70
     1
102
RTVSPost2010Prop49
280
     0
102
RTVSPost2010PropOp49
 70
     1
102
RTVSPost2010Prop50
 90
       50
102
RTVSPost2010PropOp50
 70
     1
102
RTVSPost2010Prop51ColorIndex
 90
      256
102
RTVSPost2010Prop51ColorRGB
 90
-16777216
102
RTVSPost2010PropOp51
 70
     0
102
RTVSPost2010Prop52
140
1.0
102
RTVSPost2010PropOp52
 70
     0
102
RTVSPost2010Prop53
 90
        2
102
RTVSPost2010PropOp53
 70
     1
102
RTVSPost2010Prop54
  1
strokes_ogs.tif
102
RTVSPost2010PropOp54
 70
     1
102
RTVSPost2010Prop55
280
     0
102
RTVSPost2010PropOp55
 70
     1
102
RTVSPost2010Prop56
140
1.0
102
RTVSPost2010PropOp56
 70
     1
102
RTVSPost2010Prop57
140
1.0
102
RTVSPost2010PropOp57
 70
     1
102
RTVSPropertyOp0
 70
     1
102
RTVSPropertyOp1
 70
     1
102
RTVSPropertyOp2
 70
     1
102
RTVSPropertyOp3
 70
     1
102
RTVSPropertyOp4
 70
     1
102
RTVSPropertyOp5
 70
     1
102
RTVSPropertyOp6
 70
     1
102
RTVSPropertyOp7
 70
     1
102
RTVSPropertyOp8
 70
     1
102
RTVSPropertyOp9
 70
     1
102
RTVSPropertyOp10
 70
     1
102
RTVSPropertyOp11
 70
     1
102
RTVSPropertyOp12
 70
     1
102
RTVSPropertyOp13
 70
     1
102
RTVSPropertyOp14
 70
     1
102
RTVSPropertyOp15
 70
     1
102
RTVSPropertyOp16
 70
     1
102
RTVSPropertyOp17
 70
     1
102
RTVSPropertyOp18
 70
     1
102
RTVSPropertyOp19
 70
     1
102
RTVSPropertyOp20
 70
     1
102
RTVSPropertyOp21
 70
     1
102
RTVSPropertyOp22
 70
     1
102
RTVSPropertyOp23
 70
     1
102
RTVSPropertyOp24
 70
     1
102
RTVSPropertyOp25
 70
     1
102
RTVSPropertyOp26
 70
     1
102
RTVSPropertyOp27
 70
     1
102
RTVSPropertyOp28
 70
     1
102
RTVSPropertyOp29
 70
     1
102
RTVSPropertyOp30
 70
     1
102
RTVSPropertyOp31
 70
     1
102
RTVSPropertyOp32
 70
     1
102
RTVSPropertyOp33
 70
     1
102
RTVSPropertyOp34
 70
     1
102
RTVSPropertyOp35
 70
     1
102
RTVSPropertyOp36
 70
     1
102
RTVSPropertyOp37
 70
     1
102
RTVSPropertyOp38
 70
     1
102
RTVSPropertyOp39
 70
     1
102
RTVSPropertyOp40
 70
     1
102
RTVSPropertyOp41
 70
     1
102
RTVSPropertyOp42
 70
     1
102
RTVSPropertyOp43
 70
     1
102
RTVSPropertyOp44
 70
     1
102
RTVSPropertyOp45
 70
     1
102
RTVSPropertyOp46
 70
     1
102
RTVSPropertyOp47
 70
     1
102
RTVSPropertyOp48
 70
     1
102
RTVSPropertyOp49
 70
     1
102
RTVSPropertyOp50
 70
     1
102
RTVSPropertyOp51
 70
     0
102
RTVSPropertyOp52
 70
     0
102
RTVSPropertyOp53
 70
     1
102
RTVSPropertyOp54
 70
     1
102
RTVSPropertyOp55
 70
     1
102
RTVSPropertyOp56
 70
     1
102
RTVSPropertyOp57
 70
     1
102
RTVSPropertyOp58
 70
     1
102
RTVSPropertyOp59
 70
     1
102
RTVSPropertyOp60
 70
     1
102
RTVSPropertyOp61
 70
     1
102
RTVSPropertyOp62
 70
     1
  0
XRECORD
  5
1CDD
102
{ACAD_REACTORS
330
1CDC
102
}
330
1CDC
100
AcDbXrecord
280
     1
102
RTVSPost2010Prop28
280
     0
102
RTVSPost2010PropOp28
 70
     1
102
RTVSPost2010Prop29
280
     1
102
RTVSPost2010PropOp29
 70
     1
102
RTVSPost2010Prop30
280
     1
102
RTVSPost2010PropOp30
 70
     1
102
RTVSPost2010Prop31
280
     0
102
RTVSPost2010PropOp31
 70
     1
102
RTVSPost2010Prop32
280
     0
102
RTVSPost2010PropOp32
 70
     1
102
RTVSPost2010Prop33
280
     0
102
RTVSPost2010PropOp33
 70
     1
102
RTVSPost2010Prop34
280
     0
102
RTVSPost2010PropOp34
 70
     1
102
RTVSPost2010Prop35
280
     0
102
RTVSPost2010PropOp35
 70
     1
102
RTVSPost2010Prop36
280
     0
102
RTVSPost2010PropOp36
 70
     1
102
RTVSPost2010Prop37
 90
       50
102
RTVSPost2010PropOp37
 70
     1
102
RTVSPost2010Prop38
140
0.0
102
RTVSPost2010PropOp38
 70
     1
102
RTVSPost2010Prop39
140
1.0
102
RTVSPost2010PropOp39
 70
     1
102
RTVSPost2010Prop40
 90
        0
102
RTVSPost2010PropOp40
 70
     1
102
RTVSPost2010Prop41ColorIndex
 90
       18
102
RTVSPost2010Prop41ColorRGB
 90
        0
102
RTVSPost2010PropOp41
 70
     1
102
RTVSPost2010Prop42
 90
       50
102
RTVSPost2010PropOp42
 70
     1
102
RTVSPost2010Prop43
 90
        3
102
RTVSPost2010PropOp43
 70
     1
102
RTVSPost2010Prop44ColorIndex
 90
        5
102
RTVSPost2010Prop44ColorRGB
 90
      255
102
RTVSPost2010PropOp44
 70
     1
102
RTVSPost2010Prop45
280
     0
102
RTVSPost2010PropOp45
 70
     1
102
RTVSPost2010Prop46
 90
       50
102
RTVSPost2010PropOp46
 70
     1
102
RTVSPost2010Prop47
 90
       50
102
RTVSPost2010PropOp47
 70
     1
102
RTVSPost2010Prop48
 90
       50
102
RTVSPost2010PropOp48
 70
     1
102
RTVSPost2010Prop49
280
     0
102
RTVSPost2010PropOp49
 70
     1
102
RTVSPost2010Prop50
 90
       50
102
RTVSPost2010PropOp50
 70
     1
102
RTVSPost2010Prop51ColorIndex
 90
      256
102
RTVSPost2010Prop51ColorRGB
 90
-16777216
102
RTVSPost2010PropOp51
 70
     0
102
RTVSPost2010Prop52
140
1.0
102
RTVSPost2010PropOp52
 70
     0
102
RTVSPost2010Prop53
 90
        2
102
RTVSPost2010PropOp53
 70
     1
102
RTVSPost2010Prop54
  1
strokes_ogs.tif
102
RTVSPost2010PropOp54
 70
     1
102
RTVSPost2010Prop55
280
     0
102
RTVSPost2010PropOp55
 70
     1
102
RTVSPost2010Prop56
140
1.0
102
RTVSPost2010PropOp56
 70
     1
102
RTVSPost2010Prop57
140
1.0
102
RTVSPost2010PropOp57
 70
     1
102
RTVSPropertyOp0
 70
     1
102
RTVSPropertyOp1
 70
     1
102
RTVSPropertyOp2
 70
     1
102
RTVSPropertyOp3
 70
     1
102
RTVSPropertyOp4
 70
     1
102
RTVSPropertyOp5
 70
     1
102
RTVSPropertyOp6
 70
     1
102
RTVSPropertyOp7
 70
     1
102
RTVSPropertyOp8
 70
     1
102
RTVSPropertyOp9
 70
     1
102
RTVSPropertyOp10
 70
     1
102
RTVSPropertyOp11
 70
     1
102
RTVSPropertyOp12
 70
     1
102
RTVSPropertyOp13
 70
     1
102
RTVSPropertyOp14
 70
     1
102
RTVSPropertyOp15
 70
     1
102
RTVSPropertyOp16
 70
     1
102
RTVSPropertyOp17
 70
     1
102
RTVSPropertyOp18
 70
     1
102
RTVSPropertyOp19
 70
     1
102
RTVSPropertyOp20
 70
     1
102
RTVSPropertyOp21
 70
     1
102
RTVSPropertyOp22
 70
     1
102
RTVSPropertyOp23
 70
     1
102
RTVSPropertyOp24
 70
     1
102
RTVSPropertyOp25
 70
     1
102
RTVSPropertyOp26
 70
     1
102
RTVSPropertyOp27
 70
     1
102
RTVSPropertyOp28
 70
     1
102
RTVSPropertyOp29
 70
     1
102
RTVSPropertyOp30
 70
     1
102
RTVSPropertyOp31
 70
     1
102
RTVSPropertyOp32
 70
     1
102
RTVSPropertyOp33
 70
     1
102
RTVSPropertyOp34
 70
     1
102
RTVSPropertyOp35
 70
     1
102
RTVSPropertyOp36
 70
     1
102
RTVSPropertyOp37
 70
     1
102
RTVSPropertyOp38
 70
     1
102
RTVSPropertyOp39
 70
     1
102
RTVSPropertyOp40
 70
     1
102
RTVSPropertyOp41
 70
     1
102
RTVSPropertyOp42
 70
     1
102
RTVSPropertyOp43
 70
     1
102
RTVSPropertyOp44
 70
     1
102
RTVSPropertyOp45
 70
     1
102
RTVSPropertyOp46
 70
     1
102
RTVSPropertyOp47
 70
     1
102
RTVSPropertyOp48
 70
     1
102
RTVSPropertyOp49
 70
     1
102
RTVSPropertyOp50
 70
     1
102
RTVSPropertyOp51
 70
     0
102
RTVSPropertyOp52
 70
     0
102
RTVSPropertyOp53
 70
     1
102
RTVSPropertyOp54
 70
     1
102
RTVSPropertyOp55
 70
     1
102
RTVSPropertyOp56
 70
     1
102
RTVSPropertyOp57
 70
     1
102
RTVSPropertyOp58
 70
     1
102
RTVSPropertyOp59
 70
     1
102
RTVSPropertyOp60
 70
     1
102
RTVSPropertyOp61
 70
     1
102
RTVSPropertyOp62
 70
     1
  0
XRECORD
  5
1CCF
102
{ACAD_REACTORS
330
1CCE
102
}
330
1CCE
100
AcDbXrecord
280
     1
102
RTVSPost2010Prop28
280
     0
102
RTVSPost2010PropOp28
 70
     1
102
RTVSPost2010Prop29
280
     1
102
RTVSPost2010PropOp29
 70
     1
102
RTVSPost2010Prop30
280
     1
102
RTVSPost2010PropOp30
 70
     1
102
RTVSPost2010Prop31
280
     0
102
RTVSPost2010PropOp31
 70
     1
102
RTVSPost2010Prop32
280
     0
102
RTVSPost2010PropOp32
 70
     1
102
RTVSPost2010Prop33
280
     0
102
RTVSPost2010PropOp33
 70
     1
102
RTVSPost2010Prop34
280
     0
102
RTVSPost2010PropOp34
 70
     1
102
RTVSPost2010Prop35
280
     0
102
RTVSPost2010PropOp35
 70
     1
102
RTVSPost2010Prop36
280
     0
102
RTVSPost2010PropOp36
 70
     1
102
RTVSPost2010Prop37
 90
       50
102
RTVSPost2010PropOp37
 70
     1
102
RTVSPost2010Prop38
140
0.0
102
RTVSPost2010PropOp38
 70
     1
102
RTVSPost2010Prop39
140
1.0
102
RTVSPost2010PropOp39
 70
     1
102
RTVSPost2010Prop40
 90
        0
102
RTVSPost2010PropOp40
 70
     1
102
RTVSPost2010Prop41ColorIndex
 90
       18
102
RTVSPost2010Prop41ColorRGB
 90
        0
102
RTVSPost2010PropOp41
 70
     1
102
RTVSPost2010Prop42
 90
       50
102
RTVSPost2010PropOp42
 70
     1
102
RTVSPost2010Prop43
 90
        3
102
RTVSPost2010PropOp43
 70
     1
102
RTVSPost2010Prop44ColorIndex
 90
        5
102
RTVSPost2010Prop44ColorRGB
 90
      255
102
RTVSPost2010PropOp44
 70
     1
102
RTVSPost2010Prop45
280
     0
102
RTVSPost2010PropOp45
 70
     1
102
RTVSPost2010Prop46
 90
       50
102
RTVSPost2010PropOp46
 70
     1
102
RTVSPost2010Prop47
 90
       50
102
RTVSPost2010PropOp47
 70
     1
102
RTVSPost2010Prop48
 90
       50
102
RTVSPost2010PropOp48
 70
     1
102
RTVSPost2010Prop49
280
     0
102
RTVSPost2010PropOp49
 70
     1
102
RTVSPost2010Prop50
 90
       50
102
RTVSPost2010PropOp50
 70
     1
102
RTVSPost2010Prop51ColorIndex
 90
      256
102
RTVSPost2010Prop51ColorRGB
 90
-16777216
102
RTVSPost2010PropOp51
 70
     0
102
RTVSPost2010Prop52
140
1.0
102
RTVSPost2010PropOp52
 70
     0
102
RTVSPost2010Prop53
 90
        2
102
RTVSPost2010PropOp53
 70
     1
102
RTVSPost2010Prop54
  1
strokes_ogs.tif
102
RTVSPost2010PropOp54
 70
     1
102
RTVSPost2010Prop55
280
     0
102
RTVSPost2010PropOp55
 70
     1
102
RTVSPost2010Prop56
140
1.0
102
RTVSPost2010PropOp56
 70
     1
102
RTVSPost2010Prop57
140
1.0
102
RTVSPost2010PropOp57
 70
     1
102
RTVSPropertyOp0
 70
     1
102
RTVSPropertyOp1
 70
     1
102
RTVSPropertyOp2
 70
     1
102
RTVSPropertyOp3
 70
     1
102
RTVSPropertyOp4
 70
     1
102
RTVSPropertyOp5
 70
     1
102
RTVSPropertyOp6
 70
     1
102
RTVSPropertyOp7
 70
     1
102
RTVSPropertyOp8
 70
     1
102
RTVSPropertyOp9
 70
     1
102
RTVSPropertyOp10
 70
     1
102
RTVSPropertyOp11
 70
     1
102
RTVSPropertyOp12
 70
     1
102
RTVSPropertyOp13
 70
     1
102
RTVSPropertyOp14
 70
     1
102
RTVSPropertyOp15
 70
     1
102
RTVSPropertyOp16
 70
     1
102
RTVSPropertyOp17
 70
     1
102
RTVSPropertyOp18
 70
     1
102
RTVSPropertyOp19
 70
     1
102
RTVSPropertyOp20
 70
     1
102
RTVSPropertyOp21
 70
     1
102
RTVSPropertyOp22
 70
     1
102
RTVSPropertyOp23
 70
     1
102
RTVSPropertyOp24
 70
     1
102
RTVSPropertyOp25
 70
     1
102
RTVSPropertyOp26
 70
     1
102
RTVSPropertyOp27
 70
     1
102
RTVSPropertyOp28
 70
     1
102
RTVSPropertyOp29
 70
     1
102
RTVSPropertyOp30
 70
     1
102
RTVSPropertyOp31
 70
     1
102
RTVSPropertyOp32
 70
     1
102
RTVSPropertyOp33
 70
     1
102
RTVSPropertyOp34
 70
     1
102
RTVSPropertyOp35
 70
     1
102
RTVSPropertyOp36
 70
     1
102
RTVSPropertyOp37
 70
     1
102
RTVSPropertyOp38
 70
     1
102
RTVSPropertyOp39
 70
     1
102
RTVSPropertyOp40
 70
     1
102
RTVSPropertyOp41
 70
     1
102
RTVSPropertyOp42
 70
     1
102
RTVSPropertyOp43
 70
     1
102
RTVSPropertyOp44
 70
     1
102
RTVSPropertyOp45
 70
     1
102
RTVSPropertyOp46
 70
     1
102
RTVSPropertyOp47
 70
     1
102
RTVSPropertyOp48
 70
     1
102
RTVSPropertyOp49
 70
     1
102
RTVSPropertyOp50
 70
     1
102
RTVSPropertyOp51
 70
     0
102
RTVSPropertyOp52
 70
     0
102
RTVSPropertyOp53
 70
     1
102
RTVSPropertyOp54
 70
     1
102
RTVSPropertyOp55
 70
     1
102
RTVSPropertyOp56
 70
     1
102
RTVSPropertyOp57
 70
     1
102
RTVSPropertyOp58
 70
     1
102
RTVSPropertyOp59
 70
     1
102
RTVSPropertyOp60
 70
     1
102
RTVSPropertyOp61
 70
     1
102
RTVSPropertyOp62
 70
     1
  0
XRECORD
  5
1CD3
102
{ACAD_REACTORS
330
1CD2
102
}
330
1CD2
100
AcDbXrecord
280
     1
102
RTVSPost2010Prop28
280
     0
102
RTVSPost2010PropOp28
 70
     1
102
RTVSPost2010Prop29
280
     1
102
RTVSPost2010PropOp29
 70
     1
102
RTVSPost2010Prop30
280
     1
102
RTVSPost2010PropOp30
 70
     1
102
RTVSPost2010Prop31
280
     0
102
RTVSPost2010PropOp31
 70
     1
102
RTVSPost2010Prop32
280
     0
102
RTVSPost2010PropOp32
 70
     1
102
RTVSPost2010Prop33
280
     0
102
RTVSPost2010PropOp33
 70
     1
102
RTVSPost2010Prop34
280
     0
102
RTVSPost2010PropOp34
 70
     1
102
RTVSPost2010Prop35
280
     0
102
RTVSPost2010PropOp35
 70
     1
102
RTVSPost2010Prop36
280
     0
102
RTVSPost2010PropOp36
 70
     1
102
RTVSPost2010Prop37
 90
       50
102
RTVSPost2010PropOp37
 70
     1
102
RTVSPost2010Prop38
140
0.0
102
RTVSPost2010PropOp38
 70
     1
102
RTVSPost2010Prop39
140
1.0
102
RTVSPost2010PropOp39
 70
     1
102
RTVSPost2010Prop40
 90
        0
102
RTVSPost2010PropOp40
 70
     1
102
RTVSPost2010Prop41ColorIndex
 90
       18
102
RTVSPost2010Prop41ColorRGB
 90
        0
102
RTVSPost2010PropOp41
 70
     1
102
RTVSPost2010Prop42
 90
       50
102
RTVSPost2010PropOp42
 70
     1
102
RTVSPost2010Prop43
 90
        3
102
RTVSPost2010PropOp43
 70
     1
102
RTVSPost2010Prop44ColorIndex
 90
        5
102
RTVSPost2010Prop44ColorRGB
 90
      255
102
RTVSPost2010PropOp44
 70
     1
102
RTVSPost2010Prop45
280
     0
102
RTVSPost2010PropOp45
 70
     1
102
RTVSPost2010Prop46
 90
       50
102
RTVSPost2010PropOp46
 70
     1
102
RTVSPost2010Prop47
 90
       50
102
RTVSPost2010PropOp47
 70
     1
102
RTVSPost2010Prop48
 90
       50
102
RTVSPost2010PropOp48
 70
     1
102
RTVSPost2010Prop49
280
     0
102
RTVSPost2010PropOp49
 70
     1
102
RTVSPost2010Prop50
 90
       50
102
RTVSPost2010PropOp50
 70
     1
102
RTVSPost2010Prop51ColorIndex
 90
      256
102
RTVSPost2010Prop51ColorRGB
 90
-16777216
102
RTVSPost2010PropOp51
 70
     0
102
RTVSPost2010Prop52
140
1.0
102
RTVSPost2010PropOp52
 70
     0
102
RTVSPost2010Prop53
 90
        2
102
RTVSPost2010PropOp53
 70
     1
102
RTVSPost2010Prop54
  1
strokes_ogs.tif
102
RTVSPost2010PropOp54
 70
     1
102
RTVSPost2010Prop55
280
     0
102
RTVSPost2010PropOp55
 70
     1
102
RTVSPost2010Prop56
140
1.0
102
RTVSPost2010PropOp56
 70
     1
102
RTVSPost2010Prop57
140
1.0
102
RTVSPost2010PropOp57
 70
     1
102
RTVSPropertyOp0
 70
     1
102
RTVSPropertyOp1
 70
     1
102
RTVSPropertyOp2
 70
     1
102
RTVSPropertyOp3
 70
     1
102
RTVSPropertyOp4
 70
     1
102
RTVSPropertyOp5
 70
     1
102
RTVSPropertyOp6
 70
     1
102
RTVSPropertyOp7
 70
     1
102
RTVSPropertyOp8
 70
     1
102
RTVSPropertyOp9
 70
     1
102
RTVSPropertyOp10
 70
     1
102
RTVSPropertyOp11
 70
     1
102
RTVSPropertyOp12
 70
     1
102
RTVSPropertyOp13
 70
     1
102
RTVSPropertyOp14
 70
     1
102
RTVSPropertyOp15
 70
     1
102
RTVSPropertyOp16
 70
     1
102
RTVSPropertyOp17
 70
     1
102
RTVSPropertyOp18
 70
     1
102
RTVSPropertyOp19
 70
     1
102
RTVSPropertyOp20
 70
     1
102
RTVSPropertyOp21
 70
     1
102
RTVSPropertyOp22
 70
     1
102
RTVSPropertyOp23
 70
     1
102
RTVSPropertyOp24
 70
     1
102
RTVSPropertyOp25
 70
     1
102
RTVSPropertyOp26
 70
     1
102
RTVSPropertyOp27
 70
     1
102
RTVSPropertyOp28
 70
     1
102
RTVSPropertyOp29
 70
     1
102
RTVSPropertyOp30
 70
     1
102
RTVSPropertyOp31
 70
     1
102
RTVSPropertyOp32
 70
     1
102
RTVSPropertyOp33
 70
     1
102
RTVSPropertyOp34
 70
     1
102
RTVSPropertyOp35
 70
     1
102
RTVSPropertyOp36
 70
     1
102
RTVSPropertyOp37
 70
     1
102
RTVSPropertyOp38
 70
     1
102
RTVSPropertyOp39
 70
     1
102
RTVSPropertyOp40
 70
     1
102
RTVSPropertyOp41
 70
     1
102
RTVSPropertyOp42
 70
     1
102
RTVSPropertyOp43
 70
     1
102
RTVSPropertyOp44
 70
     1
102
RTVSPropertyOp45
 70
     1
102
RTVSPropertyOp46
 70
     1
102
RTVSPropertyOp47
 70
     1
102
RTVSPropertyOp48
 70
     1
102
RTVSPropertyOp49
 70
     1
102
RTVSPropertyOp50
 70
     1
102
RTVSPropertyOp51
 70
     0
102
RTVSPropertyOp52
 70
     0
102
RTVSPropertyOp53
 70
     1
102
RTVSPropertyOp54
 70
     1
102
RTVSPropertyOp55
 70
     1
102
RTVSPropertyOp56
 70
     1
102
RTVSPropertyOp57
 70
     1
102
RTVSPropertyOp58
 70
     1
102
RTVSPropertyOp59
 70
     1
102
RTVSPropertyOp60
 70
     1
102
RTVSPropertyOp61
 70
     1
102
RTVSPropertyOp62
 70
     1
  0
XRECORD
  5
1CED
102
{ACAD_REACTORS
330
1CEC
102
}
330
1CEC
100
AcDbXrecord
280
     1
102
RTVSPost2010Prop28
280
     0
102
RTVSPost2010PropOp28
 70
     1
102
RTVSPost2010Prop29
280
     1
102
RTVSPost2010PropOp29
 70
     1
102
RTVSPost2010Prop30
280
     1
102
RTVSPost2010PropOp30
 70
     1
102
RTVSPost2010Prop31
280
     0
102
RTVSPost2010PropOp31
 70
     1
102
RTVSPost2010Prop32
280
     0
102
RTVSPost2010PropOp32
 70
     1
102
RTVSPost2010Prop33
280
     0
102
RTVSPost2010PropOp33
 70
     1
102
RTVSPost2010Prop34
280
     0
102
RTVSPost2010PropOp34
 70
     1
102
RTVSPost2010Prop35
280
     0
102
RTVSPost2010PropOp35
 70
     1
102
RTVSPost2010Prop36
280
     0
102
RTVSPost2010PropOp36
 70
     1
102
RTVSPost2010Prop37
 90
       50
102
RTVSPost2010PropOp37
 70
     0
102
RTVSPost2010Prop38
140
0.0
102
RTVSPost2010PropOp38
 70
     0
102
RTVSPost2010Prop39
140
1.0
102
RTVSPost2010PropOp39
 70
     0
102
RTVSPost2010Prop40
 90
        0
102
RTVSPost2010PropOp40
 70
     0
102
RTVSPost2010Prop41ColorIndex
 90
       18
102
RTVSPost2010Prop41ColorRGB
 90
        0
102
RTVSPost2010PropOp41
 70
     0
102
RTVSPost2010Prop42
 90
       50
102
RTVSPost2010PropOp42
 70
     0
102
RTVSPost2010Prop43
 90
        3
102
RTVSPost2010PropOp43
 70
     0
102
RTVSPost2010Prop44ColorIndex
 90
        5
102
RTVSPost2010Prop44ColorRGB
 90
      255
102
RTVSPost2010PropOp44
 70
     0
102
RTVSPost2010Prop45
280
     0
102
RTVSPost2010PropOp45
 70
     1
102
RTVSPost2010Prop46
 90
       50
102
RTVSPost2010PropOp46
 70
     0
102
RTVSPost2010Prop47
 90
       50
102
RTVSPost2010PropOp47
 70
     0
102
RTVSPost2010Prop48
 90
       50
102
RTVSPost2010PropOp48
 70
     0
102
RTVSPost2010Prop49
280
     0
102
RTVSPost2010PropOp49
 70
     1
102
RTVSPost2010Prop50
 90
       50
102
RTVSPost2010PropOp50
 70
     0
102
RTVSPost2010Prop51ColorIndex
 90
      256
102
RTVSPost2010Prop51ColorRGB
 90
-16777216
102
RTVSPost2010PropOp51
 70
     0
102
RTVSPost2010Prop52
140
1.0
102
RTVSPost2010PropOp52
 70
     0
102
RTVSPost2010Prop53
 90
        2
102
RTVSPost2010PropOp53
 70
     0
102
RTVSPost2010Prop54
  1
strokes_ogs.tif
102
RTVSPost2010PropOp54
 70
     0
102
RTVSPost2010Prop55
280
     0
102
RTVSPost2010PropOp55
 70
     1
102
RTVSPost2010Prop56
140
1.0
102
RTVSPost2010PropOp56
 70
     0
102
RTVSPost2010Prop57
140
1.0
102
RTVSPost2010PropOp57
 70
     0
102
RTVSPropertyOp0
 70
     0
102
RTVSPropertyOp1
 70
     0
102
RTVSPropertyOp2
 70
     0
102
RTVSPropertyOp3
 70
     0
102
RTVSPropertyOp4
 70
     0
102
RTVSPropertyOp5
 70
     0
102
RTVSPropertyOp6
 70
     0
102
RTVSPropertyOp7
 70
     0
102
RTVSPropertyOp8
 70
     0
102
RTVSPropertyOp9
 70
     0
102
RTVSPropertyOp10
 70
     0
102
RTVSPropertyOp11
 70
     0
102
RTVSPropertyOp12
 70
     0
102
RTVSPropertyOp13
 70
     0
102
RTVSPropertyOp14
 70
     2
102
RTVSPropertyOp15
 70
     0
102
RTVSPropertyOp16
 70
     0
102
RTVSPropertyOp17
 70
     0
102
RTVSPropertyOp18
 70
     0
102
RTVSPropertyOp19
 70
     0
102
RTVSPropertyOp20
 70
     0
102
RTVSPropertyOp21
 70
     0
102
RTVSPropertyOp22
 70
     0
102
RTVSPropertyOp23
 70
     0
102
RTVSPropertyOp24
 70
     0
102
RTVSPropertyOp25
 70
     0
102
RTVSPropertyOp26
 70
     0
102
RTVSPropertyOp27
 70
     0
102
RTVSPropertyOp28
 70
     1
102
RTVSPropertyOp29
 70
     1
102
RTVSPropertyOp30
 70
     1
102
RTVSPropertyOp31
 70
     1
102
RTVSPropertyOp32
 70
     1
102
RTVSPropertyOp33
 70
     1
102
RTVSPropertyOp34
 70
     1
102
RTVSPropertyOp35
 70
     1
102
RTVSPropertyOp36
 70
     1
102
RTVSPropertyOp37
 70
     0
102
RTVSPropertyOp38
 70
     0
102
RTVSPropertyOp39
 70
     0
102
RTVSPropertyOp40
 70
     0
102
RTVSPropertyOp41
 70
     0
102
RTVSPropertyOp42
 70
     0
102
RTVSPropertyOp43
 70
     0
102
RTVSPropertyOp44
 70
     0
102
RTVSPropertyOp45
 70
     1
102
RTVSPropertyOp46
 70
     0
102
RTVSPropertyOp47
 70
     0
102
RTVSPropertyOp48
 70
     0
102
RTVSPropertyOp49
 70
     1
102
RTVSPropertyOp50
 70
     0
102
RTVSPropertyOp51
 70
     0
102
RTVSPropertyOp52
 70
     0
102
RTVSPropertyOp53
 70
     0
102
RTVSPropertyOp54
 70
     0
102
RTVSPropertyOp55
 70
     1
102
RTVSPropertyOp56
 70
     0
102
RTVSPropertyOp57
 70
     0
102
RTVSPropertyOp58
 70
     0
102
RTVSPropertyOp59
 70
     0
102
RTVSPropertyOp60
 70
     0
102
RTVSPropertyOp61
 70
     0
102
RTVSPropertyOp62
 70
     0
  0
XRECORD
  5
1CDB
102
{ACAD_REACTORS
330
1CDA
102
}
330
1CDA
100
AcDbXrecord
280
     1
102
RTVSPost2010Prop28
280
     0
102
RTVSPost2010PropOp28
 70
     1
102
RTVSPost2010Prop29
280
     1
102
RTVSPost2010PropOp29
 70
     1
102
RTVSPost2010Prop30
280
     1
102
RTVSPost2010PropOp30
 70
     1
102
RTVSPost2010Prop31
280
     0
102
RTVSPost2010PropOp31
 70
     1
102
RTVSPost2010Prop32
280
     0
102
RTVSPost2010PropOp32
 70
     1
102
RTVSPost2010Prop33
280
     0
102
RTVSPost2010PropOp33
 70
     1
102
RTVSPost2010Prop34
280
     0
102
RTVSPost2010PropOp34
 70
     1
102
RTVSPost2010Prop35
280
     0
102
RTVSPost2010PropOp35
 70
     1
102
RTVSPost2010Prop36
280
     0
102
RTVSPost2010PropOp36
 70
     1
102
RTVSPost2010Prop37
 90
       50
102
RTVSPost2010PropOp37
 70
     1
102
RTVSPost2010Prop38
140
0.0
102
RTVSPost2010PropOp38
 70
     1
102
RTVSPost2010Prop39
140
1.0
102
RTVSPost2010PropOp39
 70
     1
102
RTVSPost2010Prop40
 90
        0
102
RTVSPost2010PropOp40
 70
     1
102
RTVSPost2010Prop41ColorIndex
 90
       18
102
RTVSPost2010Prop41ColorRGB
 90
        0
102
RTVSPost2010PropOp41
 70
     1
102
RTVSPost2010Prop42
 90
       50
102
RTVSPost2010PropOp42
 70
     1
102
RTVSPost2010Prop43
 90
        3
102
RTVSPost2010PropOp43
 70
     1
102
RTVSPost2010Prop44ColorIndex
 90
        5
102
RTVSPost2010Prop44ColorRGB
 90
      255
102
RTVSPost2010PropOp44
 70
     1
102
RTVSPost2010Prop45
280
     0
102
RTVSPost2010PropOp45
 70
     1
102
RTVSPost2010Prop46
 90
       50
102
RTVSPost2010PropOp46
 70
     1
102
RTVSPost2010Prop47
 90
       50
102
RTVSPost2010PropOp47
 70
     1
102
RTVSPost2010Prop48
 90
       50
102
RTVSPost2010PropOp48
 70
     1
102
RTVSPost2010Prop49
280
     0
102
RTVSPost2010PropOp49
 70
     1
102
RTVSPost2010Prop50
 90
       50
102
RTVSPost2010PropOp50
 70
     1
102
RTVSPost2010Prop51ColorIndex
 90
      256
102
RTVSPost2010Prop51ColorRGB
 90
-16777216
102
RTVSPost2010PropOp51
 70
     0
102
RTVSPost2010Prop52
140
1.0
102
RTVSPost2010PropOp52
 70
     0
102
RTVSPost2010Prop53
 90
        2
102
RTVSPost2010PropOp53
 70
     1
102
RTVSPost2010Prop54
  1
strokes_ogs.tif
102
RTVSPost2010PropOp54
 70
     1
102
RTVSPost2010Prop55
280
     0
102
RTVSPost2010PropOp55
 70
     1
102
RTVSPost2010Prop56
140
1.0
102
RTVSPost2010PropOp56
 70
     1
102
RTVSPost2010Prop57
140
1.0
102
RTVSPost2010PropOp57
 70
     1
102
RTVSPropertyOp0
 70
     1
102
RTVSPropertyOp1
 70
     1
102
RTVSPropertyOp2
 70
     1
102
RTVSPropertyOp3
 70
     1
102
RTVSPropertyOp4
 70
     1
102
RTVSPropertyOp5
 70
     1
102
RTVSPropertyOp6
 70
     1
102
RTVSPropertyOp7
 70
     1
102
RTVSPropertyOp8
 70
     1
102
RTVSPropertyOp9
 70
     1
102
RTVSPropertyOp10
 70
     1
102
RTVSPropertyOp11
 70
     1
102
RTVSPropertyOp12
 70
     1
102
RTVSPropertyOp13
 70
     1
102
RTVSPropertyOp14
 70
     1
102
RTVSPropertyOp15
 70
     1
102
RTVSPropertyOp16
 70
     1
102
RTVSPropertyOp17
 70
     1
102
RTVSPropertyOp18
 70
     1
102
RTVSPropertyOp19
 70
     1
102
RTVSPropertyOp20
 70
     1
102
RTVSPropertyOp21
 70
     1
102
RTVSPropertyOp22
 70
     1
102
RTVSPropertyOp23
 70
     1
102
RTVSPropertyOp24
 70
     1
102
RTVSPropertyOp25
 70
     1
102
RTVSPropertyOp26
 70
     1
102
RTVSPropertyOp27
 70
     1
102
RTVSPropertyOp28
 70
     1
102
RTVSPropertyOp29
 70
     1
102
RTVSPropertyOp30
 70
     1
102
RTVSPropertyOp31
 70
     1
102
RTVSPropertyOp32
 70
     1
102
RTVSPropertyOp33
 70
     1
102
RTVSPropertyOp34
 70
     1
102
RTVSPropertyOp35
 70
     1
102
RTVSPropertyOp36
 70
     1
102
RTVSPropertyOp37
 70
     1
102
RTVSPropertyOp38
 70
     1
102
RTVSPropertyOp39
 70
     1
102
RTVSPropertyOp40
 70
     1
102
RTVSPropertyOp41
 70
     1
102
RTVSPropertyOp42
 70
     1
102
RTVSPropertyOp43
 70
     1
102
RTVSPropertyOp44
 70
     1
102
RTVSPropertyOp45
 70
     1
102
RTVSPropertyOp46
 70
     1
102
RTVSPropertyOp47
 70
     1
102
RTVSPropertyOp48
 70
     1
102
RTVSPropertyOp49
 70
     1
102
RTVSPropertyOp50
 70
     1
102
RTVSPropertyOp51
 70
     0
102
RTVSPropertyOp52
 70
     0
102
RTVSPropertyOp53
 70
     1
102
RTVSPropertyOp54
 70
     1
102
RTVSPropertyOp55
 70
     1
102
RTVSPropertyOp56
 70
     1
102
RTVSPropertyOp57
 70
     1
102
RTVSPropertyOp58
 70
     1
102
RTVSPropertyOp59
 70
     1
102
RTVSPropertyOp60
 70
     1
102
RTVSPropertyOp61
 70
     1
102
RTVSPropertyOp62
 70
     1
  0
XRECORD
  5
1CBF
102
{ACAD_REACTORS
330
1CBE
102
}
330
1CBE
100
AcDbXrecord
280
     1
102
RTVSPost2010Prop28
280
     0
102
RTVSPost2010PropOp28
 70
     1
102
RTVSPost2010Prop29
280
     1
102
RTVSPost2010PropOp29
 70
     1
102
RTVSPost2010Prop30
280
     1
102
RTVSPost2010PropOp30
 70
     1
102
RTVSPost2010Prop31
280
     0
102
RTVSPost2010PropOp31
 70
     1
102
RTVSPost2010Prop32
280
     0
102
RTVSPost2010PropOp32
 70
     1
102
RTVSPost2010Prop33
280
     0
102
RTVSPost2010PropOp33
 70
     1
102
RTVSPost2010Prop34
280
     0
102
RTVSPost2010PropOp34
 70
     1
102
RTVSPost2010Prop35
280
     0
102
RTVSPost2010PropOp35
 70
     1
102
RTVSPost2010Prop36
280
     0
102
RTVSPost2010PropOp36
 70
     1
102
RTVSPost2010Prop37
 90
       50
102
RTVSPost2010PropOp37
 70
     1
102
RTVSPost2010Prop38
140
0.0
102
RTVSPost2010PropOp38
 70
     1
102
RTVSPost2010Prop39
140
1.0
102
RTVSPost2010PropOp39
 70
     1
102
RTVSPost2010Prop40
 90
        0
102
RTVSPost2010PropOp40
 70
     1
102
RTVSPost2010Prop41ColorIndex
 90
       18
102
RTVSPost2010Prop41ColorRGB
 90
        0
102
RTVSPost2010PropOp41
 70
     1
102
RTVSPost2010Prop42
 90
       50
102
RTVSPost2010PropOp42
 70
     1
102
RTVSPost2010Prop43
 90
        3
102
RTVSPost2010PropOp43
 70
     1
102
RTVSPost2010Prop44ColorIndex
 90
        5
102
RTVSPost2010Prop44ColorRGB
 90
      255
102
RTVSPost2010PropOp44
 70
     1
102
RTVSPost2010Prop45
280
     0
102
RTVSPost2010PropOp45
 70
     1
102
RTVSPost2010Prop46
 90
       50
102
RTVSPost2010PropOp46
 70
     1
102
RTVSPost2010Prop47
 90
       50
102
RTVSPost2010PropOp47
 70
     1
102
RTVSPost2010Prop48
 90
       50
102
RTVSPost2010PropOp48
 70
     1
102
RTVSPost2010Prop49
280
     0
102
RTVSPost2010PropOp49
 70
     1
102
RTVSPost2010Prop50
 90
       50
102
RTVSPost2010PropOp50
 70
     1
102
RTVSPost2010Prop51ColorIndex
 90
      256
102
RTVSPost2010Prop51ColorRGB
 90
-16777216
102
RTVSPost2010PropOp51
 70
     0
102
RTVSPost2010Prop52
140
1.0
102
RTVSPost2010PropOp52
 70
     0
102
RTVSPost2010Prop53
 90
        2
102
RTVSPost2010PropOp53
 70
     1
102
RTVSPost2010Prop54
  1
strokes_ogs.tif
102
RTVSPost2010PropOp54
 70
     1
102
RTVSPost2010Prop55
280
     0
102
RTVSPost2010PropOp55
 70
     1
102
RTVSPost2010Prop56
140
1.0
102
RTVSPost2010PropOp56
 70
     1
102
RTVSPost2010Prop57
140
1.0
102
RTVSPost2010PropOp57
 70
     1
102
RTVSPropertyOp0
 70
     1
102
RTVSPropertyOp1
 70
     1
102
RTVSPropertyOp2
 70
     1
102
RTVSPropertyOp3
 70
     1
102
RTVSPropertyOp4
 70
     1
102
RTVSPropertyOp5
 70
     1
102
RTVSPropertyOp6
 70
     1
102
RTVSPropertyOp7
 70
     1
102
RTVSPropertyOp8
 70
     1
102
RTVSPropertyOp9
 70
     1
102
RTVSPropertyOp10
 70
     1
102
RTVSPropertyOp11
 70
     1
102
RTVSPropertyOp12
 70
     1
102
RTVSPropertyOp13
 70
     1
102
RTVSPropertyOp14
 70
     1
102
RTVSPropertyOp15
 70
     1
102
RTVSPropertyOp16
 70
     1
102
RTVSPropertyOp17
 70
     1
102
RTVSPropertyOp18
 70
     1
102
RTVSPropertyOp19
 70
     1
102
RTVSPropertyOp20
 70
     1
102
RTVSPropertyOp21
 70
     1
102
RTVSPropertyOp22
 70
     1
102
RTVSPropertyOp23
 70
     1
102
RTVSPropertyOp24
 70
     1
102
RTVSPropertyOp25
 70
     1
102
RTVSPropertyOp26
 70
     1
102
RTVSPropertyOp27
 70
     1
102
RTVSPropertyOp28
 70
     1
102
RTVSPropertyOp29
 70
     1
102
RTVSPropertyOp30
 70
     1
102
RTVSPropertyOp31
 70
     1
102
RTVSPropertyOp32
 70
     1
102
RTVSPropertyOp33
 70
     1
102
RTVSPropertyOp34
 70
     1
102
RTVSPropertyOp35
 70
     1
102
RTVSPropertyOp36
 70
     1
102
RTVSPropertyOp37
 70
     1
102
RTVSPropertyOp38
 70
     1
102
RTVSPropertyOp39
 70
     1
102
RTVSPropertyOp40
 70
     1
102
RTVSPropertyOp41
 70
     1
102
RTVSPropertyOp42
 70
     1
102
RTVSPropertyOp43
 70
     1
102
RTVSPropertyOp44
 70
     1
102
RTVSPropertyOp45
 70
     1
102
RTVSPropertyOp46
 70
     1
102
RTVSPropertyOp47
 70
     1
102
RTVSPropertyOp48
 70
     1
102
RTVSPropertyOp49
 70
     1
102
RTVSPropertyOp50
 70
     1
102
RTVSPropertyOp51
 70
     0
102
RTVSPropertyOp52
 70
     0
102
RTVSPropertyOp53
 70
     1
102
RTVSPropertyOp54
 70
     1
102
RTVSPropertyOp55
 70
     1
102
RTVSPropertyOp56
 70
     1
102
RTVSPropertyOp57
 70
     1
102
RTVSPropertyOp58
 70
     1
102
RTVSPropertyOp59
 70
     1
102
RTVSPropertyOp60
 70
     1
102
RTVSPropertyOp61
 70
     1
102
RTVSPropertyOp62
 70
     1
  0
XRECORD
  5
1CC1
102
{ACAD_REACTORS
330
1CC0
102
}
330
1CC0
100
AcDbXrecord
280
     1
102
RTVSPost2010Prop28
280
     0
102
RTVSPost2010PropOp28
 70
     1
102
RTVSPost2010Prop29
280
     1
102
RTVSPost2010PropOp29
 70
     1
102
RTVSPost2010Prop30
280
     1
102
RTVSPost2010PropOp30
 70
     1
102
RTVSPost2010Prop31
280
     0
102
RTVSPost2010PropOp31
 70
     1
102
RTVSPost2010Prop32
280
     0
102
RTVSPost2010PropOp32
 70
     1
102
RTVSPost2010Prop33
280
     0
102
RTVSPost2010PropOp33
 70
     1
102
RTVSPost2010Prop34
280
     0
102
RTVSPost2010PropOp34
 70
     1
102
RTVSPost2010Prop35
280
     0
102
RTVSPost2010PropOp35
 70
     1
102
RTVSPost2010Prop36
280
     0
102
RTVSPost2010PropOp36
 70
     1
102
RTVSPost2010Prop37
 90
       50
102
RTVSPost2010PropOp37
 70
     1
102
RTVSPost2010Prop38
140
0.0
102
RTVSPost2010PropOp38
 70
     1
102
RTVSPost2010Prop39
140
1.0
102
RTVSPost2010PropOp39
 70
     1
102
RTVSPost2010Prop40
 90
        0
102
RTVSPost2010PropOp40
 70
     1
102
RTVSPost2010Prop41ColorIndex
 90
       18
102
RTVSPost2010Prop41ColorRGB
 90
        0
102
RTVSPost2010PropOp41
 70
     1
102
RTVSPost2010Prop42
 90
       50
102
RTVSPost2010PropOp42
 70
     1
102
RTVSPost2010Prop43
 90
        3
102
RTVSPost2010PropOp43
 70
     1
102
RTVSPost2010Prop44ColorIndex
 90
        5
102
RTVSPost2010Prop44ColorRGB
 90
      255
102
RTVSPost2010PropOp44
 70
     1
102
RTVSPost2010Prop45
280
     0
102
RTVSPost2010PropOp45
 70
     1
102
RTVSPost2010Prop46
 90
       50
102
RTVSPost2010PropOp46
 70
     1
102
RTVSPost2010Prop47
 90
       50
102
RTVSPost2010PropOp47
 70
     1
102
RTVSPost2010Prop48
 90
       50
102
RTVSPost2010PropOp48
 70
     1
102
RTVSPost2010Prop49
280
     0
102
RTVSPost2010PropOp49
 70
     1
102
RTVSPost2010Prop50
 90
       50
102
RTVSPost2010PropOp50
 70
     1
102
RTVSPost2010Prop51ColorIndex
 90
      256
102
RTVSPost2010Prop51ColorRGB
 90
-16777216
102
RTVSPost2010PropOp51
 70
     0
102
RTVSPost2010Prop52
140
1.0
102
RTVSPost2010PropOp52
 70
     0
102
RTVSPost2010Prop53
 90
        2
102
RTVSPost2010PropOp53
 70
     1
102
RTVSPost2010Prop54
  1
strokes_ogs.tif
102
RTVSPost2010PropOp54
 70
     1
102
RTVSPost2010Prop55
280
     0
102
RTVSPost2010PropOp55
 70
     1
102
RTVSPost2010Prop56
140
1.0
102
RTVSPost2010PropOp56
 70
     1
102
RTVSPost2010Prop57
140
1.0
102
RTVSPost2010PropOp57
 70
     1
102
RTVSPropertyOp0
 70
     1
102
RTVSPropertyOp1
 70
     1
102
RTVSPropertyOp2
 70
     1
102
RTVSPropertyOp3
 70
     1
102
RTVSPropertyOp4
 70
     1
102
RTVSPropertyOp5
 70
     1
102
RTVSPropertyOp6
 70
     1
102
RTVSPropertyOp7
 70
     1
102
RTVSPropertyOp8
 70
     1
102
RTVSPropertyOp9
 70
     1
102
RTVSPropertyOp10
 70
     1
102
RTVSPropertyOp11
 70
     1
102
RTVSPropertyOp12
 70
     1
102
RTVSPropertyOp13
 70
     1
102
RTVSPropertyOp14
 70
     1
102
RTVSPropertyOp15
 70
     1
102
RTVSPropertyOp16
 70
     1
102
RTVSPropertyOp17
 70
     1
102
RTVSPropertyOp18
 70
     1
102
RTVSPropertyOp19
 70
     1
102
RTVSPropertyOp20
 70
     1
102
RTVSPropertyOp21
 70
     1
102
RTVSPropertyOp22
 70
     1
102
RTVSPropertyOp23
 70
     1
102
RTVSPropertyOp24
 70
     1
102
RTVSPropertyOp25
 70
     1
102
RTVSPropertyOp26
 70
     1
102
RTVSPropertyOp27
 70
     1
102
RTVSPropertyOp28
 70
     1
102
RTVSPropertyOp29
 70
     1
102
RTVSPropertyOp30
 70
     1
102
RTVSPropertyOp31
 70
     1
102
RTVSPropertyOp32
 70
     1
102
RTVSPropertyOp33
 70
     1
102
RTVSPropertyOp34
 70
     1
102
RTVSPropertyOp35
 70
     1
102
RTVSPropertyOp36
 70
     1
102
RTVSPropertyOp37
 70
     1
102
RTVSPropertyOp38
 70
     1
102
RTVSPropertyOp39
 70
     1
102
RTVSPropertyOp40
 70
     1
102
RTVSPropertyOp41
 70
     1
102
RTVSPropertyOp42
 70
     1
102
RTVSPropertyOp43
 70
     1
102
RTVSPropertyOp44
 70
     1
102
RTVSPropertyOp45
 70
     1
102
RTVSPropertyOp46
 70
     1
102
RTVSPropertyOp47
 70
     1
102
RTVSPropertyOp48
 70
     1
102
RTVSPropertyOp49
 70
     1
102
RTVSPropertyOp50
 70
     1
102
RTVSPropertyOp51
 70
     0
102
RTVSPropertyOp52
 70
     0
102
RTVSPropertyOp53
 70
     1
102
RTVSPropertyOp54
 70
     1
102
RTVSPropertyOp55
 70
     1
102
RTVSPropertyOp56
 70
     1
102
RTVSPropertyOp57
 70
     1
102
RTVSPropertyOp58
 70
     1
102
RTVSPropertyOp59
 70
     1
102
RTVSPropertyOp60
 70
     1
102
RTVSPropertyOp61
 70
     1
102
RTVSPropertyOp62
 70
     1
  0
XRECORD
  5
1CC3
102
{ACAD_REACTORS
330
1CC2
102
}
330
1CC2
100
AcDbXrecord
280
     1
102
RTVSPost2010Prop28
280
     0
102
RTVSPost2010PropOp28
 70
     1
102
RTVSPost2010Prop29
280
     1
102
RTVSPost2010PropOp29
 70
     1
102
RTVSPost2010Prop30
280
     1
102
RTVSPost2010PropOp30
 70
     1
102
RTVSPost2010Prop31
280
     0
102
RTVSPost2010PropOp31
 70
     1
102
RTVSPost2010Prop32
280
     0
102
RTVSPost2010PropOp32
 70
     1
102
RTVSPost2010Prop33
280
     0
102
RTVSPost2010PropOp33
 70
     1
102
RTVSPost2010Prop34
280
     0
102
RTVSPost2010PropOp34
 70
     1
102
RTVSPost2010Prop35
280
     0
102
RTVSPost2010PropOp35
 70
     1
102
RTVSPost2010Prop36
280
     0
102
RTVSPost2010PropOp36
 70
     1
102
RTVSPost2010Prop37
 90
       50
102
RTVSPost2010PropOp37
 70
     1
102
RTVSPost2010Prop38
140
0.0
102
RTVSPost2010PropOp38
 70
     1
102
RTVSPost2010Prop39
140
1.0
102
RTVSPost2010PropOp39
 70
     1
102
RTVSPost2010Prop40
 90
        0
102
RTVSPost2010PropOp40
 70
     1
102
RTVSPost2010Prop41ColorIndex
 90
       18
102
RTVSPost2010Prop41ColorRGB
 90
        0
102
RTVSPost2010PropOp41
 70
     1
102
RTVSPost2010Prop42
 90
       50
102
RTVSPost2010PropOp42
 70
     1
102
RTVSPost2010Prop43
 90
        3
102
RTVSPost2010PropOp43
 70
     1
102
RTVSPost2010Prop44ColorIndex
 90
        5
102
RTVSPost2010Prop44ColorRGB
 90
      255
102
RTVSPost2010PropOp44
 70
     1
102
RTVSPost2010Prop45
280
     0
102
RTVSPost2010PropOp45
 70
     1
102
RTVSPost2010Prop46
 90
       50
102
RTVSPost2010PropOp46
 70
     1
102
RTVSPost2010Prop47
 90
       50
102
RTVSPost2010PropOp47
 70
     1
102
RTVSPost2010Prop48
 90
       50
102
RTVSPost2010PropOp48
 70
     1
102
RTVSPost2010Prop49
280
     0
102
RTVSPost2010PropOp49
 70
     1
102
RTVSPost2010Prop50
 90
       50
102
RTVSPost2010PropOp50
 70
     1
102
RTVSPost2010Prop51ColorIndex
 90
      256
102
RTVSPost2010Prop51ColorRGB
 90
-16777216
102
RTVSPost2010PropOp51
 70
     0
102
RTVSPost2010Prop52
140
1.0
102
RTVSPost2010PropOp52
 70
     0
102
RTVSPost2010Prop53
 90
        2
102
RTVSPost2010PropOp53
 70
     1
102
RTVSPost2010Prop54
  1
strokes_ogs.tif
102
RTVSPost2010PropOp54
 70
     1
102
RTVSPost2010Prop55
280
     0
102
RTVSPost2010PropOp55
 70
     1
102
RTVSPost2010Prop56
140
1.0
102
RTVSPost2010PropOp56
 70
     1
102
RTVSPost2010Prop57
140
1.0
102
RTVSPost2010PropOp57
 70
     1
102
RTVSPropertyOp0
 70
     1
102
RTVSPropertyOp1
 70
     1
102
RTVSPropertyOp2
 70
     1
102
RTVSPropertyOp3
 70
     1
102
RTVSPropertyOp4
 70
     1
102
RTVSPropertyOp5
 70
     1
102
RTVSPropertyOp6
 70
     1
102
RTVSPropertyOp7
 70
     1
102
RTVSPropertyOp8
 70
     1
102
RTVSPropertyOp9
 70
     1
102
RTVSPropertyOp10
 70
     1
102
RTVSPropertyOp11
 70
     1
102
RTVSPropertyOp12
 70
     1
102
RTVSPropertyOp13
 70
     1
102
RTVSPropertyOp14
 70
     1
102
RTVSPropertyOp15
 70
     1
102
RTVSPropertyOp16
 70
     1
102
RTVSPropertyOp17
 70
     1
102
RTVSPropertyOp18
 70
     1
102
RTVSPropertyOp19
 70
     1
102
RTVSPropertyOp20
 70
     1
102
RTVSPropertyOp21
 70
     1
102
RTVSPropertyOp22
 70
     1
102
RTVSPropertyOp23
 70
     1
102
RTVSPropertyOp24
 70
     1
102
RTVSPropertyOp25
 70
     1
102
RTVSPropertyOp26
 70
     1
102
RTVSPropertyOp27
 70
     1
102
RTVSPropertyOp28
 70
     1
102
RTVSPropertyOp29
 70
     1
102
RTVSPropertyOp30
 70
     1
102
RTVSPropertyOp31
 70
     1
102
RTVSPropertyOp32
 70
     1
102
RTVSPropertyOp33
 70
     1
102
RTVSPropertyOp34
 70
     1
102
RTVSPropertyOp35
 70
     1
102
RTVSPropertyOp36
 70
     1
102
RTVSPropertyOp37
 70
     1
102
RTVSPropertyOp38
 70
     1
102
RTVSPropertyOp39
 70
     1
102
RTVSPropertyOp40
 70
     1
102
RTVSPropertyOp41
 70
     1
102
RTVSPropertyOp42
 70
     1
102
RTVSPropertyOp43
 70
     1
102
RTVSPropertyOp44
 70
     1
102
RTVSPropertyOp45
 70
     1
102
RTVSPropertyOp46
 70
     1
102
RTVSPropertyOp47
 70
     1
102
RTVSPropertyOp48
 70
     1
102
RTVSPropertyOp49
 70
     1
102
RTVSPropertyOp50
 70
     1
102
RTVSPropertyOp51
 70
     0
102
RTVSPropertyOp52
 70
     0
102
RTVSPropertyOp53
 70
     1
102
RTVSPropertyOp54
 70
     1
102
RTVSPropertyOp55
 70
     1
102
RTVSPropertyOp56
 70
     1
102
RTVSPropertyOp57
 70
     1
102
RTVSPropertyOp58
 70
     1
102
RTVSPropertyOp59
 70
     1
102
RTVSPropertyOp60
 70
     1
102
RTVSPropertyOp61
 70
     1
102
RTVSPropertyOp62
 70
     1
  0
XRECORD
  5
1CC5
102
{ACAD_REACTORS
330
1CC4
102
}
330
1CC4
100
AcDbXrecord
280
     1
102
RTVSPost2010Prop28
280
     0
102
RTVSPost2010PropOp28
 70
     1
102
RTVSPost2010Prop29
280
     1
102
RTVSPost2010PropOp29
 70
     1
102
RTVSPost2010Prop30
280
     1
102
RTVSPost2010PropOp30
 70
     1
102
RTVSPost2010Prop31
280
     0
102
RTVSPost2010PropOp31
 70
     1
102
RTVSPost2010Prop32
280
     0
102
RTVSPost2010PropOp32
 70
     1
102
RTVSPost2010Prop33
280
     0
102
RTVSPost2010PropOp33
 70
     1
102
RTVSPost2010Prop34
280
     0
102
RTVSPost2010PropOp34
 70
     1
102
RTVSPost2010Prop35
280
     0
102
RTVSPost2010PropOp35
 70
     1
102
RTVSPost2010Prop36
280
     0
102
RTVSPost2010PropOp36
 70
     1
102
RTVSPost2010Prop37
 90
       50
102
RTVSPost2010PropOp37
 70
     1
102
RTVSPost2010Prop38
140
0.0
102
RTVSPost2010PropOp38
 70
     1
102
RTVSPost2010Prop39
140
1.0
102
RTVSPost2010PropOp39
 70
     1
102
RTVSPost2010Prop40
 90
        0
102
RTVSPost2010PropOp40
 70
     1
102
RTVSPost2010Prop41ColorIndex
 90
       18
102
RTVSPost2010Prop41ColorRGB
 90
        0
102
RTVSPost2010PropOp41
 70
     1
102
RTVSPost2010Prop42
 90
       50
102
RTVSPost2010PropOp42
 70
     1
102
RTVSPost2010Prop43
 90
        3
102
RTVSPost2010PropOp43
 70
     1
102
RTVSPost2010Prop44ColorIndex
 90
        5
102
RTVSPost2010Prop44ColorRGB
 90
      255
102
RTVSPost2010PropOp44
 70
     1
102
RTVSPost2010Prop45
280
     0
102
RTVSPost2010PropOp45
 70
     1
102
RTVSPost2010Prop46
 90
       50
102
RTVSPost2010PropOp46
 70
     1
102
RTVSPost2010Prop47
 90
       50
102
RTVSPost2010PropOp47
 70
     1
102
RTVSPost2010Prop48
 90
       50
102
RTVSPost2010PropOp48
 70
     1
102
RTVSPost2010Prop49
280
     0
102
RTVSPost2010PropOp49
 70
     1
102
RTVSPost2010Prop50
 90
       50
102
RTVSPost2010PropOp50
 70
     1
102
RTVSPost2010Prop51ColorIndex
 90
      256
102
RTVSPost2010Prop51ColorRGB
 90
-16777216
102
RTVSPost2010PropOp51
 70
     0
102
RTVSPost2010Prop52
140
1.0
102
RTVSPost2010PropOp52
 70
     0
102
RTVSPost2010Prop53
 90
        2
102
RTVSPost2010PropOp53
 70
     1
102
RTVSPost2010Prop54
  1
strokes_ogs.tif
102
RTVSPost2010PropOp54
 70
     1
102
RTVSPost2010Prop55
280
     0
102
RTVSPost2010PropOp55
 70
     1
102
RTVSPost2010Prop56
140
1.0
102
RTVSPost2010PropOp56
 70
     1
102
RTVSPost2010Prop57
140
1.0
102
RTVSPost2010PropOp57
 70
     1
102
RTVSPropertyOp0
 70
     1
102
RTVSPropertyOp1
 70
     1
102
RTVSPropertyOp2
 70
     1
102
RTVSPropertyOp3
 70
     1
102
RTVSPropertyOp4
 70
     1
102
RTVSPropertyOp5
 70
     1
102
RTVSPropertyOp6
 70
     1
102
RTVSPropertyOp7
 70
     1
102
RTVSPropertyOp8
 70
     1
102
RTVSPropertyOp9
 70
     1
102
RTVSPropertyOp10
 70
     1
102
RTVSPropertyOp11
 70
     1
102
RTVSPropertyOp12
 70
     1
102
RTVSPropertyOp13
 70
     1
102
RTVSPropertyOp14
 70
     1
102
RTVSPropertyOp15
 70
     1
102
RTVSPropertyOp16
 70
     1
102
RTVSPropertyOp17
 70
     1
102
RTVSPropertyOp18
 70
     1
102
RTVSPropertyOp19
 70
     1
102
RTVSPropertyOp20
 70
     1
102
RTVSPropertyOp21
 70
     1
102
RTVSPropertyOp22
 70
     1
102
RTVSPropertyOp23
 70
     1
102
RTVSPropertyOp24
 70
     1
102
RTVSPropertyOp25
 70
     1
102
RTVSPropertyOp26
 70
     1
102
RTVSPropertyOp27
 70
     1
102
RTVSPropertyOp28
 70
     1
102
RTVSPropertyOp29
 70
     1
102
RTVSPropertyOp30
 70
     1
102
RTVSPropertyOp31
 70
     1
102
RTVSPropertyOp32
 70
     1
102
RTVSPropertyOp33
 70
     1
102
RTVSPropertyOp34
 70
     1
102
RTVSPropertyOp35
 70
     1
102
RTVSPropertyOp36
 70
     1
102
RTVSPropertyOp37
 70
     1
102
RTVSPropertyOp38
 70
     1
102
RTVSPropertyOp39
 70
     1
102
RTVSPropertyOp40
 70
     1
102
RTVSPropertyOp41
 70
     1
102
RTVSPropertyOp42
 70
     1
102
RTVSPropertyOp43
 70
     1
102
RTVSPropertyOp44
 70
     1
102
RTVSPropertyOp45
 70
     1
102
RTVSPropertyOp46
 70
     1
102
RTVSPropertyOp47
 70
     1
102
RTVSPropertyOp48
 70
     1
102
RTVSPropertyOp49
 70
     1
102
RTVSPropertyOp50
 70
     1
102
RTVSPropertyOp51
 70
     0
102
RTVSPropertyOp52
 70
     0
102
RTVSPropertyOp53
 70
     1
102
RTVSPropertyOp54
 70
     1
102
RTVSPropertyOp55
 70
     1
102
RTVSPropertyOp56
 70
     1
102
RTVSPropertyOp57
 70
     1
102
RTVSPropertyOp58
 70
     1
102
RTVSPropertyOp59
 70
     1
102
RTVSPropertyOp60
 70
     1
102
RTVSPropertyOp61
 70
     1
102
RTVSPropertyOp62
 70
     1
  0
XRECORD
  5
1CCD
102
{ACAD_REACTORS
330
1CCC
102
}
330
1CCC
100
AcDbXrecord
280
     1
102
RTVSPost2010Prop28
280
     0
102
RTVSPost2010PropOp28
 70
     1
102
RTVSPost2010Prop29
280
     1
102
RTVSPost2010PropOp29
 70
     1
102
RTVSPost2010Prop30
280
     1
102
RTVSPost2010PropOp30
 70
     1
102
RTVSPost2010Prop31
280
     0
102
RTVSPost2010PropOp31
 70
     1
102
RTVSPost2010Prop32
280
     0
102
RTVSPost2010PropOp32
 70
     1
102
RTVSPost2010Prop33
280
     0
102
RTVSPost2010PropOp33
 70
     1
102
RTVSPost2010Prop34
280
     0
102
RTVSPost2010PropOp34
 70
     1
102
RTVSPost2010Prop35
280
     0
102
RTVSPost2010PropOp35
 70
     1
102
RTVSPost2010Prop36
280
     0
102
RTVSPost2010PropOp36
 70
     1
102
RTVSPost2010Prop37
 90
       50
102
RTVSPost2010PropOp37
 70
     1
102
RTVSPost2010Prop38
140
0.0
102
RTVSPost2010PropOp38
 70
     1
102
RTVSPost2010Prop39
140
1.0
102
RTVSPost2010PropOp39
 70
     1
102
RTVSPost2010Prop40
 90
        0
102
RTVSPost2010PropOp40
 70
     1
102
RTVSPost2010Prop41ColorIndex
 90
       18
102
RTVSPost2010Prop41ColorRGB
 90
        0
102
RTVSPost2010PropOp41
 70
     1
102
RTVSPost2010Prop42
 90
       50
102
RTVSPost2010PropOp42
 70
     1
102
RTVSPost2010Prop43
 90
        3
102
RTVSPost2010PropOp43
 70
     1
102
RTVSPost2010Prop44ColorIndex
 90
        5
102
RTVSPost2010Prop44ColorRGB
 90
      255
102
RTVSPost2010PropOp44
 70
     1
102
RTVSPost2010Prop45
280
     0
102
RTVSPost2010PropOp45
 70
     1
102
RTVSPost2010Prop46
 90
       50
102
RTVSPost2010PropOp46
 70
     1
102
RTVSPost2010Prop47
 90
       50
102
RTVSPost2010PropOp47
 70
     1
102
RTVSPost2010Prop48
 90
       50
102
RTVSPost2010PropOp48
 70
     1
102
RTVSPost2010Prop49
280
     0
102
RTVSPost2010PropOp49
 70
     1
102
RTVSPost2010Prop50
 90
       50
102
RTVSPost2010PropOp50
 70
     1
102
RTVSPost2010Prop51ColorIndex
 90
      256
102
RTVSPost2010Prop51ColorRGB
 90
-16777216
102
RTVSPost2010PropOp51
 70
     0
102
RTVSPost2010Prop52
140
1.0
102
RTVSPost2010PropOp52
 70
     0
102
RTVSPost2010Prop53
 90
        2
102
RTVSPost2010PropOp53
 70
     1
102
RTVSPost2010Prop54
  1
strokes_ogs.tif
102
RTVSPost2010PropOp54
 70
     1
102
RTVSPost2010Prop55
280
     0
102
RTVSPost2010PropOp55
 70
     1
102
RTVSPost2010Prop56
140
1.0
102
RTVSPost2010PropOp56
 70
     1
102
RTVSPost2010Prop57
140
1.0
102
RTVSPost2010PropOp57
 70
     1
102
RTVSPropertyOp0
 70
     1
102
RTVSPropertyOp1
 70
     1
102
RTVSPropertyOp2
 70
     1
102
RTVSPropertyOp3
 70
     1
102
RTVSPropertyOp4
 70
     1
102
RTVSPropertyOp5
 70
     1
102
RTVSPropertyOp6
 70
     1
102
RTVSPropertyOp7
 70
     1
102
RTVSPropertyOp8
 70
     1
102
RTVSPropertyOp9
 70
     1
102
RTVSPropertyOp10
 70
     1
102
RTVSPropertyOp11
 70
     1
102
RTVSPropertyOp12
 70
     1
102
RTVSPropertyOp13
 70
     1
102
RTVSPropertyOp14
 70
     1
102
RTVSPropertyOp15
 70
     1
102
RTVSPropertyOp16
 70
     1
102
RTVSPropertyOp17
 70
     1
102
RTVSPropertyOp18
 70
     1
102
RTVSPropertyOp19
 70
     1
102
RTVSPropertyOp20
 70
     1
102
RTVSPropertyOp21
 70
     1
102
RTVSPropertyOp22
 70
     1
102
RTVSPropertyOp23
 70
     1
102
RTVSPropertyOp24
 70
     1
102
RTVSPropertyOp25
 70
     1
102
RTVSPropertyOp26
 70
     1
102
RTVSPropertyOp27
 70
     1
102
RTVSPropertyOp28
 70
     1
102
RTVSPropertyOp29
 70
     1
102
RTVSPropertyOp30
 70
     1
102
RTVSPropertyOp31
 70
     1
102
RTVSPropertyOp32
 70
     1
102
RTVSPropertyOp33
 70
     1
102
RTVSPropertyOp34
 70
     1
102
RTVSPropertyOp35
 70
     1
102
RTVSPropertyOp36
 70
     1
102
RTVSPropertyOp37
 70
     1
102
RTVSPropertyOp38
 70
     1
102
RTVSPropertyOp39
 70
     1
102
RTVSPropertyOp40
 70
     1
102
RTVSPropertyOp41
 70
     1
102
RTVSPropertyOp42
 70
     1
102
RTVSPropertyOp43
 70
     1
102
RTVSPropertyOp44
 70
     1
102
RTVSPropertyOp45
 70
     1
102
RTVSPropertyOp46
 70
     1
102
RTVSPropertyOp47
 70
     1
102
RTVSPropertyOp48
 70
     1
102
RTVSPropertyOp49
 70
     1
102
RTVSPropertyOp50
 70
     1
102
RTVSPropertyOp51
 70
     0
102
RTVSPropertyOp52
 70
     0
102
RTVSPropertyOp53
 70
     1
102
RTVSPropertyOp54
 70
     1
102
RTVSPropertyOp55
 70
     1
102
RTVSPropertyOp56
 70
     1
102
RTVSPropertyOp57
 70
     1
102
RTVSPropertyOp58
 70
     1
102
RTVSPropertyOp59
 70
     1
102
RTVSPropertyOp60
 70
     1
102
RTVSPropertyOp61
 70
     1
102
RTVSPropertyOp62
 70
     1
  0
XRECORD
  5
1CE9
102
{ACAD_REACTORS
330
1CE8
102
}
330
1CE8
100
AcDbXrecord
280
     1
102
RTVSPost2010Prop28
280
     0
102
RTVSPost2010PropOp28
 70
     1
102
RTVSPost2010Prop29
280
     1
102
RTVSPost2010PropOp29
 70
     1
102
RTVSPost2010Prop30
280
     1
102
RTVSPost2010PropOp30
 70
     1
102
RTVSPost2010Prop31
280
     0
102
RTVSPost2010PropOp31
 70
     1
102
RTVSPost2010Prop32
280
     0
102
RTVSPost2010PropOp32
 70
     1
102
RTVSPost2010Prop33
280
     0
102
RTVSPost2010PropOp33
 70
     1
102
RTVSPost2010Prop34
280
     0
102
RTVSPost2010PropOp34
 70
     1
102
RTVSPost2010Prop35
280
     0
102
RTVSPost2010PropOp35
 70
     1
102
RTVSPost2010Prop36
280
     0
102
RTVSPost2010PropOp36
 70
     1
102
RTVSPost2010Prop37
 90
       50
102
RTVSPost2010PropOp37
 70
     0
102
RTVSPost2010Prop38
140
0.0
102
RTVSPost2010PropOp38
 70
     0
102
RTVSPost2010Prop39
140
1.0
102
RTVSPost2010PropOp39
 70
     0
102
RTVSPost2010Prop40
 90
        0
102
RTVSPost2010PropOp40
 70
     0
102
RTVSPost2010Prop41ColorIndex
 90
       18
102
RTVSPost2010Prop41ColorRGB
 90
        0
102
RTVSPost2010PropOp41
 70
     0
102
RTVSPost2010Prop42
 90
       50
102
RTVSPost2010PropOp42
 70
     0
102
RTVSPost2010Prop43
 90
        3
102
RTVSPost2010PropOp43
 70
     0
102
RTVSPost2010Prop44ColorIndex
 90
        5
102
RTVSPost2010Prop44ColorRGB
 90
      255
102
RTVSPost2010PropOp44
 70
     0
102
RTVSPost2010Prop45
280
     0
102
RTVSPost2010PropOp45
 70
     1
102
RTVSPost2010Prop46
 90
       50
102
RTVSPost2010PropOp46
 70
     0
102
RTVSPost2010Prop47
 90
       50
102
RTVSPost2010PropOp47
 70
     0
102
RTVSPost2010Prop48
 90
       50
102
RTVSPost2010PropOp48
 70
     0
102
RTVSPost2010Prop49
280
     0
102
RTVSPost2010PropOp49
 70
     1
102
RTVSPost2010Prop50
 90
       50
102
RTVSPost2010PropOp50
 70
     0
102
RTVSPost2010Prop51ColorIndex
 90
      256
102
RTVSPost2010Prop51ColorRGB
 90
-16777216
102
RTVSPost2010PropOp51
 70
     0
102
RTVSPost2010Prop52
140
1.0
102
RTVSPost2010PropOp52
 70
     0
102
RTVSPost2010Prop53
 90
        2
102
RTVSPost2010PropOp53
 70
     0
102
RTVSPost2010Prop54
  1
strokes_ogs.tif
102
RTVSPost2010PropOp54
 70
     0
102
RTVSPost2010Prop55
280
     0
102
RTVSPost2010PropOp55
 70
     1
102
RTVSPost2010Prop56
140
1.0
102
RTVSPost2010PropOp56
 70
     0
102
RTVSPost2010Prop57
140
1.0
102
RTVSPost2010PropOp57
 70
     0
102
RTVSPropertyOp0
 70
     0
102
RTVSPropertyOp1
 70
     0
102
RTVSPropertyOp2
 70
     0
102
RTVSPropertyOp3
 70
     0
102
RTVSPropertyOp4
 70
     0
102
RTVSPropertyOp5
 70
     0
102
RTVSPropertyOp6
 70
     0
102
RTVSPropertyOp7
 70
     0
102
RTVSPropertyOp8
 70
     0
102
RTVSPropertyOp9
 70
     0
102
RTVSPropertyOp10
 70
     0
102
RTVSPropertyOp11
 70
     0
102
RTVSPropertyOp12
 70
     0
102
RTVSPropertyOp13
 70
     0
102
RTVSPropertyOp14
 70
     2
102
RTVSPropertyOp15
 70
     0
102
RTVSPropertyOp16
 70
     0
102
RTVSPropertyOp17
 70
     0
102
RTVSPropertyOp18
 70
     0
102
RTVSPropertyOp19
 70
     0
102
RTVSPropertyOp20
 70
     0
102
RTVSPropertyOp21
 70
     0
102
RTVSPropertyOp22
 70
     0
102
RTVSPropertyOp23
 70
     0
102
RTVSPropertyOp24
 70
     0
102
RTVSPropertyOp25
 70
     0
102
RTVSPropertyOp26
 70
     0
102
RTVSPropertyOp27
 70
     0
102
RTVSPropertyOp28
 70
     1
102
RTVSPropertyOp29
 70
     1
102
RTVSPropertyOp30
 70
     1
102
RTVSPropertyOp31
 70
     1
102
RTVSPropertyOp32
 70
     1
102
RTVSPropertyOp33
 70
     1
102
RTVSPropertyOp34
 70
     1
102
RTVSPropertyOp35
 70
     1
102
RTVSPropertyOp36
 70
     1
102
RTVSPropertyOp37
 70
     0
102
RTVSPropertyOp38
 70
     0
102
RTVSPropertyOp39
 70
     0
102
RTVSPropertyOp40
 70
     0
102
RTVSPropertyOp41
 70
     0
102
RTVSPropertyOp42
 70
     0
102
RTVSPropertyOp43
 70
     0
102
RTVSPropertyOp44
 70
     0
102
RTVSPropertyOp45
 70
     1
102
RTVSPropertyOp46
 70
     0
102
RTVSPropertyOp47
 70
     0
102
RTVSPropertyOp48
 70
     0
102
RTVSPropertyOp49
 70
     1
102
RTVSPropertyOp50
 70
     0
102
RTVSPropertyOp51
 70
     0
102
RTVSPropertyOp52
 70
     0
102
RTVSPropertyOp53
 70
     0
102
RTVSPropertyOp54
 70
     0
102
RTVSPropertyOp55
 70
     1
102
RTVSPropertyOp56
 70
     0
102
RTVSPropertyOp57
 70
     0
102
RTVSPropertyOp58
 70
     0
102
RTVSPropertyOp59
 70
     0
102
RTVSPropertyOp60
 70
     0
102
RTVSPropertyOp61
 70
     0
102
RTVSPropertyOp62
 70
     0
  0
XRECORD
  5
1CD9
102
{ACAD_REACTORS
330
1CD8
102
}
330
1CD8
100
AcDbXrecord
280
     1
102
RTVSPost2010Prop28
280
     0
102
RTVSPost2010PropOp28
 70
     1
102
RTVSPost2010Prop29
280
     1
102
RTVSPost2010PropOp29
 70
     1
102
RTVSPost2010Prop30
280
     1
102
RTVSPost2010PropOp30
 70
     1
102
RTVSPost2010Prop31
280
     0
102
RTVSPost2010PropOp31
 70
     1
102
RTVSPost2010Prop32
280
     0
102
RTVSPost2010PropOp32
 70
     1
102
RTVSPost2010Prop33
280
     0
102
RTVSPost2010PropOp33
 70
     1
102
RTVSPost2010Prop34
280
     0
102
RTVSPost2010PropOp34
 70
     1
102
RTVSPost2010Prop35
280
     0
102
RTVSPost2010PropOp35
 70
     1
102
RTVSPost2010Prop36
280
     0
102
RTVSPost2010PropOp36
 70
     1
102
RTVSPost2010Prop37
 90
       50
102
RTVSPost2010PropOp37
 70
     1
102
RTVSPost2010Prop38
140
0.0
102
RTVSPost2010PropOp38
 70
     1
102
RTVSPost2010Prop39
140
1.0
102
RTVSPost2010PropOp39
 70
     1
102
RTVSPost2010Prop40
 90
        0
102
RTVSPost2010PropOp40
 70
     1
102
RTVSPost2010Prop41ColorIndex
 90
       18
102
RTVSPost2010Prop41ColorRGB
 90
        0
102
RTVSPost2010PropOp41
 70
     1
102
RTVSPost2010Prop42
 90
       50
102
RTVSPost2010PropOp42
 70
     1
102
RTVSPost2010Prop43
 90
        3
102
RTVSPost2010PropOp43
 70
     1
102
RTVSPost2010Prop44ColorIndex
 90
        5
102
RTVSPost2010Prop44ColorRGB
 90
      255
102
RTVSPost2010PropOp44
 70
     1
102
RTVSPost2010Prop45
280
     0
102
RTVSPost2010PropOp45
 70
     1
102
RTVSPost2010Prop46
 90
       50
102
RTVSPost2010PropOp46
 70
     1
102
RTVSPost2010Prop47
 90
       50
102
RTVSPost2010PropOp47
 70
     1
102
RTVSPost2010Prop48
 90
       50
102
RTVSPost2010PropOp48
 70
     1
102
RTVSPost2010Prop49
280
     0
102
RTVSPost2010PropOp49
 70
     1
102
RTVSPost2010Prop50
 90
       50
102
RTVSPost2010PropOp50
 70
     1
102
RTVSPost2010Prop51ColorIndex
 90
      256
102
RTVSPost2010Prop51ColorRGB
 90
-16777216
102
RTVSPost2010PropOp51
 70
     0
102
RTVSPost2010Prop52
140
1.0
102
RTVSPost2010PropOp52
 70
     0
102
RTVSPost2010Prop53
 90
        2
102
RTVSPost2010PropOp53
 70
     1
102
RTVSPost2010Prop54
  1
strokes_ogs.tif
102
RTVSPost2010PropOp54
 70
     1
102
RTVSPost2010Prop55
280
     0
102
RTVSPost2010PropOp55
 70
     1
102
RTVSPost2010Prop56
140
1.0
102
RTVSPost2010PropOp56
 70
     1
102
RTVSPost2010Prop57
140
1.0
102
RTVSPost2010PropOp57
 70
     1
102
RTVSPropertyOp0
 70
     1
102
RTVSPropertyOp1
 70
     1
102
RTVSPropertyOp2
 70
     1
102
RTVSPropertyOp3
 70
     1
102
RTVSPropertyOp4
 70
     1
102
RTVSPropertyOp5
 70
     1
102
RTVSPropertyOp6
 70
     1
102
RTVSPropertyOp7
 70
     1
102
RTVSPropertyOp8
 70
     1
102
RTVSPropertyOp9
 70
     1
102
RTVSPropertyOp10
 70
     1
102
RTVSPropertyOp11
 70
     1
102
RTVSPropertyOp12
 70
     1
102
RTVSPropertyOp13
 70
     1
102
RTVSPropertyOp14
 70
     1
102
RTVSPropertyOp15
 70
     1
102
RTVSPropertyOp16
 70
     1
102
RTVSPropertyOp17
 70
     1
102
RTVSPropertyOp18
 70
     1
102
RTVSPropertyOp19
 70
     1
102
RTVSPropertyOp20
 70
     1
102
RTVSPropertyOp21
 70
     1
102
RTVSPropertyOp22
 70
     1
102
RTVSPropertyOp23
 70
     1
102
RTVSPropertyOp24
 70
     1
102
RTVSPropertyOp25
 70
     1
102
RTVSPropertyOp26
 70
     1
102
RTVSPropertyOp27
 70
     1
102
RTVSPropertyOp28
 70
     1
102
RTVSPropertyOp29
 70
     1
102
RTVSPropertyOp30
 70
     1
102
RTVSPropertyOp31
 70
     1
102
RTVSPropertyOp32
 70
     1
102
RTVSPropertyOp33
 70
     1
102
RTVSPropertyOp34
 70
     1
102
RTVSPropertyOp35
 70
     1
102
RTVSPropertyOp36
 70
     1
102
RTVSPropertyOp37
 70
     1
102
RTVSPropertyOp38
 70
     1
102
RTVSPropertyOp39
 70
     1
102
RTVSPropertyOp40
 70
     1
102
RTVSPropertyOp41
 70
     1
102
RTVSPropertyOp42
 70
     1
102
RTVSPropertyOp43
 70
     1
102
RTVSPropertyOp44
 70
     1
102
RTVSPropertyOp45
 70
     1
102
RTVSPropertyOp46
 70
     1
102
RTVSPropertyOp47
 70
     1
102
RTVSPropertyOp48
 70
     1
102
RTVSPropertyOp49
 70
     1
102
RTVSPropertyOp50
 70
     1
102
RTVSPropertyOp51
 70
     0
102
RTVSPropertyOp52
 70
     0
102
RTVSPropertyOp53
 70
     1
102
RTVSPropertyOp54
 70
     1
102
RTVSPropertyOp55
 70
     1
102
RTVSPropertyOp56
 70
     1
102
RTVSPropertyOp57
 70
     1
102
RTVSPropertyOp58
 70
     1
102
RTVSPropertyOp59
 70
     1
102
RTVSPropertyOp60
 70
     1
102
RTVSPropertyOp61
 70
     1
102
RTVSPropertyOp62
 70
     1
  0
XRECORD
  5
1CEB
102
{ACAD_REACTORS
330
1CEA
102
}
330
1CEA
100
AcDbXrecord
280
     1
102
RTVSPost2010Prop28
280
     0
102
RTVSPost2010PropOp28
 70
     1
102
RTVSPost2010Prop29
280
     1
102
RTVSPost2010PropOp29
 70
     1
102
RTVSPost2010Prop30
280
     1
102
RTVSPost2010PropOp30
 70
     1
102
RTVSPost2010Prop31
280
     0
102
RTVSPost2010PropOp31
 70
     1
102
RTVSPost2010Prop32
280
     0
102
RTVSPost2010PropOp32
 70
     1
102
RTVSPost2010Prop33
280
     0
102
RTVSPost2010PropOp33
 70
     1
102
RTVSPost2010Prop34
280
     0
102
RTVSPost2010PropOp34
 70
     1
102
RTVSPost2010Prop35
280
     0
102
RTVSPost2010PropOp35
 70
     1
102
RTVSPost2010Prop36
280
     0
102
RTVSPost2010PropOp36
 70
     1
102
RTVSPost2010Prop37
 90
       50
102
RTVSPost2010PropOp37
 70
     0
102
RTVSPost2010Prop38
140
0.0
102
RTVSPost2010PropOp38
 70
     0
102
RTVSPost2010Prop39
140
1.0
102
RTVSPost2010PropOp39
 70
     0
102
RTVSPost2010Prop40
 90
        0
102
RTVSPost2010PropOp40
 70
     0
102
RTVSPost2010Prop41ColorIndex
 90
       18
102
RTVSPost2010Prop41ColorRGB
 90
        0
102
RTVSPost2010PropOp41
 70
     0
102
RTVSPost2010Prop42
 90
       50
102
RTVSPost2010PropOp42
 70
     0
102
RTVSPost2010Prop43
 90
        3
102
RTVSPost2010PropOp43
 70
     0
102
RTVSPost2010Prop44ColorIndex
 90
        5
102
RTVSPost2010Prop44ColorRGB
 90
      255
102
RTVSPost2010PropOp44
 70
     0
102
RTVSPost2010Prop45
280
     0
102
RTVSPost2010PropOp45
 70
     1
102
RTVSPost2010Prop46
 90
       50
102
RTVSPost2010PropOp46
 70
     0
102
RTVSPost2010Prop47
 90
       50
102
RTVSPost2010PropOp47
 70
     0
102
RTVSPost2010Prop48
 90
       50
102
RTVSPost2010PropOp48
 70
     0
102
RTVSPost2010Prop49
280
     0
102
RTVSPost2010PropOp49
 70
     1
102
RTVSPost2010Prop50
 90
       50
102
RTVSPost2010PropOp50
 70
     0
102
RTVSPost2010Prop51ColorIndex
 90
      256
102
RTVSPost2010Prop51ColorRGB
 90
-16777216
102
RTVSPost2010PropOp51
 70
     0
102
RTVSPost2010Prop52
140
1.0
102
RTVSPost2010PropOp52
 70
     0
102
RTVSPost2010Prop53
 90
        2
102
RTVSPost2010PropOp53
 70
     0
102
RTVSPost2010Prop54
  1
strokes_ogs.tif
102
RTVSPost2010PropOp54
 70
     0
102
RTVSPost2010Prop55
280
     0
102
RTVSPost2010PropOp55
 70
     1
102
RTVSPost2010Prop56
140
1.0
102
RTVSPost2010PropOp56
 70
     0
102
RTVSPost2010Prop57
140
1.0
102
RTVSPost2010PropOp57
 70
     0
102
RTVSPropertyOp0
 70
     0
102
RTVSPropertyOp1
 70
     0
102
RTVSPropertyOp2
 70
     0
102
RTVSPropertyOp3
 70
     0
102
RTVSPropertyOp4
 70
     0
102
RTVSPropertyOp5
 70
     0
102
RTVSPropertyOp6
 70
     0
102
RTVSPropertyOp7
 70
     0
102
RTVSPropertyOp8
 70
     0
102
RTVSPropertyOp9
 70
     0
102
RTVSPropertyOp10
 70
     0
102
RTVSPropertyOp11
 70
     0
102
RTVSPropertyOp12
 70
     0
102
RTVSPropertyOp13
 70
     0
102
RTVSPropertyOp14
 70
     2
102
RTVSPropertyOp15
 70
     0
102
RTVSPropertyOp16
 70
     0
102
RTVSPropertyOp17
 70
     0
102
RTVSPropertyOp18
 70
     0
102
RTVSPropertyOp19
 70
     0
102
RTVSPropertyOp20
 70
     0
102
RTVSPropertyOp21
 70
     0
102
RTVSPropertyOp22
 70
     0
102
RTVSPropertyOp23
 70
     0
102
RTVSPropertyOp24
 70
     0
102
RTVSPropertyOp25
 70
     0
102
RTVSPropertyOp26
 70
     0
102
RTVSPropertyOp27
 70
     0
102
RTVSPropertyOp28
 70
     1
102
RTVSPropertyOp29
 70
     1
102
RTVSPropertyOp30
 70
     1
102
RTVSPropertyOp31
 70
     1
102
RTVSPropertyOp32
 70
     1
102
RTVSPropertyOp33
 70
     1
102
RTVSPropertyOp34
 70
     1
102
RTVSPropertyOp35
 70
     1
102
RTVSPropertyOp36
 70
     1
102
RTVSPropertyOp37
 70
     0
102
RTVSPropertyOp38
 70
     0
102
RTVSPropertyOp39
 70
     0
102
RTVSPropertyOp40
 70
     0
102
RTVSPropertyOp41
 70
     0
102
RTVSPropertyOp42
 70
     0
102
RTVSPropertyOp43
 70
     0
102
RTVSPropertyOp44
 70
     0
102
RTVSPropertyOp45
 70
     1
102
RTVSPropertyOp46
 70
     0
102
RTVSPropertyOp47
 70
     0
102
RTVSPropertyOp48
 70
     0
102
RTVSPropertyOp49
 70
     1
102
RTVSPropertyOp50
 70
     0
102
RTVSPropertyOp51
 70
     0
102
RTVSPropertyOp52
 70
     0
102
RTVSPropertyOp53
 70
     0
102
RTVSPropertyOp54
 70
     0
102
RTVSPropertyOp55
 70
     1
102
RTVSPropertyOp56
 70
     0
102
RTVSPropertyOp57
 70
     0
102
RTVSPropertyOp58
 70
     0
102
RTVSPropertyOp59
 70
     0
102
RTVSPropertyOp60
 70
     0
102
RTVSPropertyOp61
 70
     0
102
RTVSPropertyOp62
 70
     0
  0
XRECORD
  5
1CD1
102
{ACAD_REACTORS
330
1CD0
102
}
330
1CD0
100
AcDbXrecord
280
     1
102
RTVSPost2010Prop28
280
     0
102
RTVSPost2010PropOp28
 70
     1
102
RTVSPost2010Prop29
280
     1
102
RTVSPost2010PropOp29
 70
     1
102
RTVSPost2010Prop30
280
     1
102
RTVSPost2010PropOp30
 70
     1
102
RTVSPost2010Prop31
280
     0
102
RTVSPost2010PropOp31
 70
     1
102
RTVSPost2010Prop32
280
     0
102
RTVSPost2010PropOp32
 70
     1
102
RTVSPost2010Prop33
280
     0
102
RTVSPost2010PropOp33
 70
     1
102
RTVSPost2010Prop34
280
     0
102
RTVSPost2010PropOp34
 70
     1
102
RTVSPost2010Prop35
280
     0
102
RTVSPost2010PropOp35
 70
     1
102
RTVSPost2010Prop36
280
     0
102
RTVSPost2010PropOp36
 70
     1
102
RTVSPost2010Prop37
 90
       50
102
RTVSPost2010PropOp37
 70
     1
102
RTVSPost2010Prop38
140
0.0
102
RTVSPost2010PropOp38
 70
     1
102
RTVSPost2010Prop39
140
1.0
102
RTVSPost2010PropOp39
 70
     1
102
RTVSPost2010Prop40
 90
        0
102
RTVSPost2010PropOp40
 70
     1
102
RTVSPost2010Prop41ColorIndex
 90
       18
102
RTVSPost2010Prop41ColorRGB
 90
        0
102
RTVSPost2010PropOp41
 70
     1
102
RTVSPost2010Prop42
 90
       50
102
RTVSPost2010PropOp42
 70
     1
102
RTVSPost2010Prop43
 90
        3
102
RTVSPost2010PropOp43
 70
     1
102
RTVSPost2010Prop44ColorIndex
 90
        5
102
RTVSPost2010Prop44ColorRGB
 90
      255
102
RTVSPost2010PropOp44
 70
     1
102
RTVSPost2010Prop45
280
     0
102
RTVSPost2010PropOp45
 70
     1
102
RTVSPost2010Prop46
 90
       50
102
RTVSPost2010PropOp46
 70
     1
102
RTVSPost2010Prop47
 90
       50
102
RTVSPost2010PropOp47
 70
     1
102
RTVSPost2010Prop48
 90
       50
102
RTVSPost2010PropOp48
 70
     1
102
RTVSPost2010Prop49
280
     0
102
RTVSPost2010PropOp49
 70
     1
102
RTVSPost2010Prop50
 90
       50
102
RTVSPost2010PropOp50
 70
     1
102
RTVSPost2010Prop51ColorIndex
 90
      256
102
RTVSPost2010Prop51ColorRGB
 90
-16777216
102
RTVSPost2010PropOp51
 70
     0
102
RTVSPost2010Prop52
140
1.0
102
RTVSPost2010PropOp52
 70
     0
102
RTVSPost2010Prop53
 90
        2
102
RTVSPost2010PropOp53
 70
     1
102
RTVSPost2010Prop54
  1
strokes_ogs.tif
102
RTVSPost2010PropOp54
 70
     1
102
RTVSPost2010Prop55
280
     0
102
RTVSPost2010PropOp55
 70
     1
102
RTVSPost2010Prop56
140
1.0
102
RTVSPost2010PropOp56
 70
     1
102
RTVSPost2010Prop57
140
1.0
102
RTVSPost2010PropOp57
 70
     1
102
RTVSPropertyOp0
 70
     1
102
RTVSPropertyOp1
 70
     1
102
RTVSPropertyOp2
 70
     1
102
RTVSPropertyOp3
 70
     1
102
RTVSPropertyOp4
 70
     1
102
RTVSPropertyOp5
 70
     1
102
RTVSPropertyOp6
 70
     1
102
RTVSPropertyOp7
 70
     1
102
RTVSPropertyOp8
 70
     1
102
RTVSPropertyOp9
 70
     1
102
RTVSPropertyOp10
 70
     1
102
RTVSPropertyOp11
 70
     1
102
RTVSPropertyOp12
 70
     1
102
RTVSPropertyOp13
 70
     1
102
RTVSPropertyOp14
 70
     1
102
RTVSPropertyOp15
 70
     1
102
RTVSPropertyOp16
 70
     1
102
RTVSPropertyOp17
 70
     1
102
RTVSPropertyOp18
 70
     1
102
RTVSPropertyOp19
 70
     1
102
RTVSPropertyOp20
 70
     1
102
RTVSPropertyOp21
 70
     1
102
RTVSPropertyOp22
 70
     1
102
RTVSPropertyOp23
 70
     1
102
RTVSPropertyOp24
 70
     1
102
RTVSPropertyOp25
 70
     1
102
RTVSPropertyOp26
 70
     1
102
RTVSPropertyOp27
 70
     1
102
RTVSPropertyOp28
 70
     1
102
RTVSPropertyOp29
 70
     1
102
RTVSPropertyOp30
 70
     1
102
RTVSPropertyOp31
 70
     1
102
RTVSPropertyOp32
 70
     1
102
RTVSPropertyOp33
 70
     1
102
RTVSPropertyOp34
 70
     1
102
RTVSPropertyOp35
 70
     1
102
RTVSPropertyOp36
 70
     1
102
RTVSPropertyOp37
 70
     1
102
RTVSPropertyOp38
 70
     1
102
RTVSPropertyOp39
 70
     1
102
RTVSPropertyOp40
 70
     1
102
RTVSPropertyOp41
 70
     1
102
RTVSPropertyOp42
 70
     1
102
RTVSPropertyOp43
 70
     1
102
RTVSPropertyOp44
 70
     1
102
RTVSPropertyOp45
 70
     1
102
RTVSPropertyOp46
 70
     1
102
RTVSPropertyOp47
 70
     1
102
RTVSPropertyOp48
 70
     1
102
RTVSPropertyOp49
 70
     1
102
RTVSPropertyOp50
 70
     1
102
RTVSPropertyOp51
 70
     0
102
RTVSPropertyOp52
 70
     0
102
RTVSPropertyOp53
 70
     1
102
RTVSPropertyOp54
 70
     1
102
RTVSPropertyOp55
 70
     1
102
RTVSPropertyOp56
 70
     1
102
RTVSPropertyOp57
 70
     1
102
RTVSPropertyOp58
 70
     1
102
RTVSPropertyOp59
 70
     1
102
RTVSPropertyOp60
 70
     1
102
RTVSPropertyOp61
 70
     1
102
RTVSPropertyOp62
 70
     1
  0
XRECORD
  5
1CE7
102
{ACAD_REACTORS
330
1CE6
102
}
330
1CE6
100
AcDbXrecord
280
     1
102
RTVSPost2010Prop28
280
     0
102
RTVSPost2010PropOp28
 70
     1
102
RTVSPost2010Prop29
280
     1
102
RTVSPost2010PropOp29
 70
     1
102
RTVSPost2010Prop30
280
     1
102
RTVSPost2010PropOp30
 70
     1
102
RTVSPost2010Prop31
280
     0
102
RTVSPost2010PropOp31
 70
     1
102
RTVSPost2010Prop32
280
     0
102
RTVSPost2010PropOp32
 70
     1
102
RTVSPost2010Prop33
280
     0
102
RTVSPost2010PropOp33
 70
     1
102
RTVSPost2010Prop34
280
     0
102
RTVSPost2010PropOp34
 70
     1
102
RTVSPost2010Prop35
280
     0
102
RTVSPost2010PropOp35
 70
     1
102
RTVSPost2010Prop36
280
     0
102
RTVSPost2010PropOp36
 70
     1
102
RTVSPost2010Prop37
 90
       50
102
RTVSPost2010PropOp37
 70
     1
102
RTVSPost2010Prop38
140
0.0
102
RTVSPost2010PropOp38
 70
     1
102
RTVSPost2010Prop39
140
1.0
102
RTVSPost2010PropOp39
 70
     1
102
RTVSPost2010Prop40
 90
        0
102
RTVSPost2010PropOp40
 70
     1
102
RTVSPost2010Prop41ColorIndex
 90
       18
102
RTVSPost2010Prop41ColorRGB
 90
        0
102
RTVSPost2010PropOp41
 70
     1
102
RTVSPost2010Prop42
 90
       50
102
RTVSPost2010PropOp42
 70
     1
102
RTVSPost2010Prop43
 90
        3
102
RTVSPost2010PropOp43
 70
     1
102
RTVSPost2010Prop44ColorIndex
 90
        5
102
RTVSPost2010Prop44ColorRGB
 90
      255
102
RTVSPost2010PropOp44
 70
     1
102
RTVSPost2010Prop45
280
     0
102
RTVSPost2010PropOp45
 70
     1
102
RTVSPost2010Prop46
 90
       50
102
RTVSPost2010PropOp46
 70
     1
102
RTVSPost2010Prop47
 90
       50
102
RTVSPost2010PropOp47
 70
     1
102
RTVSPost2010Prop48
 90
       50
102
RTVSPost2010PropOp48
 70
     1
102
RTVSPost2010Prop49
280
     0
102
RTVSPost2010PropOp49
 70
     1
102
RTVSPost2010Prop50
 90
       50
102
RTVSPost2010PropOp50
 70
     1
102
RTVSPost2010Prop51ColorIndex
 90
      256
102
RTVSPost2010Prop51ColorRGB
 90
-16777216
102
RTVSPost2010PropOp51
 70
     0
102
RTVSPost2010Prop52
140
1.0
102
RTVSPost2010PropOp52
 70
     0
102
RTVSPost2010Prop53
 90
        2
102
RTVSPost2010PropOp53
 70
     1
102
RTVSPost2010Prop54
  1
strokes_ogs.tif
102
RTVSPost2010PropOp54
 70
     1
102
RTVSPost2010Prop55
280
     0
102
RTVSPost2010PropOp55
 70
     1
102
RTVSPost2010Prop56
140
1.0
102
RTVSPost2010PropOp56
 70
     1
102
RTVSPost2010Prop57
140
1.0
102
RTVSPost2010PropOp57
 70
     1
102
RTVSPropertyOp0
 70
     1
102
RTVSPropertyOp1
 70
     1
102
RTVSPropertyOp2
 70
     1
102
RTVSPropertyOp3
 70
     1
102
RTVSPropertyOp4
 70
     1
102
RTVSPropertyOp5
 70
     1
102
RTVSPropertyOp6
 70
     1
102
RTVSPropertyOp7
 70
     1
102
RTVSPropertyOp8
 70
     1
102
RTVSPropertyOp9
 70
     1
102
RTVSPropertyOp10
 70
     1
102
RTVSPropertyOp11
 70
     1
102
RTVSPropertyOp12
 70
     1
102
RTVSPropertyOp13
 70
     1
102
RTVSPropertyOp14
 70
     1
102
RTVSPropertyOp15
 70
     1
102
RTVSPropertyOp16
 70
     1
102
RTVSPropertyOp17
 70
     1
102
RTVSPropertyOp18
 70
     1
102
RTVSPropertyOp19
 70
     1
102
RTVSPropertyOp20
 70
     1
102
RTVSPropertyOp21
 70
     1
102
RTVSPropertyOp22
 70
     1
102
RTVSPropertyOp23
 70
     1
102
RTVSPropertyOp24
 70
     1
102
RTVSPropertyOp25
 70
     1
102
RTVSPropertyOp26
 70
     1
102
RTVSPropertyOp27
 70
     1
102
RTVSPropertyOp28
 70
     1
102
RTVSPropertyOp29
 70
     1
102
RTVSPropertyOp30
 70
     1
102
RTVSPropertyOp31
 70
     1
102
RTVSPropertyOp32
 70
     1
102
RTVSPropertyOp33
 70
     1
102
RTVSPropertyOp34
 70
     1
102
RTVSPropertyOp35
 70
     1
102
RTVSPropertyOp36
 70
     1
102
RTVSPropertyOp37
 70
     1
102
RTVSPropertyOp38
 70
     1
102
RTVSPropertyOp39
 70
     1
102
RTVSPropertyOp40
 70
     1
102
RTVSPropertyOp41
 70
     1
102
RTVSPropertyOp42
 70
     1
102
RTVSPropertyOp43
 70
     1
102
RTVSPropertyOp44
 70
     1
102
RTVSPropertyOp45
 70
     1
102
RTVSPropertyOp46
 70
     1
102
RTVSPropertyOp47
 70
     1
102
RTVSPropertyOp48
 70
     1
102
RTVSPropertyOp49
 70
     1
102
RTVSPropertyOp50
 70
     1
102
RTVSPropertyOp51
 70
     0
102
RTVSPropertyOp52
 70
     0
102
RTVSPropertyOp53
 70
     1
102
RTVSPropertyOp54
 70
     1
102
RTVSPropertyOp55
 70
     1
102
RTVSPropertyOp56
 70
     1
102
RTVSPropertyOp57
 70
     1
102
RTVSPropertyOp58
 70
     1
102
RTVSPropertyOp59
 70
     1
102
RTVSPropertyOp60
 70
     1
102
RTVSPropertyOp61
 70
     1
102
RTVSPropertyOp62
 70
     1
  0
XRECORD
  5
1CE5
102
{ACAD_REACTORS
330
1CE4
102
}
330
1CE4
100
AcDbXrecord
280
     1
102
RTVSPost2010Prop28
280
     0
102
RTVSPost2010PropOp28
 70
     1
102
RTVSPost2010Prop29
280
     1
102
RTVSPost2010PropOp29
 70
     1
102
RTVSPost2010Prop30
280
     1
102
RTVSPost2010PropOp30
 70
     1
102
RTVSPost2010Prop31
280
     0
102
RTVSPost2010PropOp31
 70
     1
102
RTVSPost2010Prop32
280
     0
102
RTVSPost2010PropOp32
 70
     1
102
RTVSPost2010Prop33
280
     0
102
RTVSPost2010PropOp33
 70
     1
102
RTVSPost2010Prop34
280
     0
102
RTVSPost2010PropOp34
 70
     1
102
RTVSPost2010Prop35
280
     0
102
RTVSPost2010PropOp35
 70
     1
102
RTVSPost2010Prop36
280
     0
102
RTVSPost2010PropOp36
 70
     1
102
RTVSPost2010Prop37
 90
       50
102
RTVSPost2010PropOp37
 70
     1
102
RTVSPost2010Prop38
140
0.0
102
RTVSPost2010PropOp38
 70
     1
102
RTVSPost2010Prop39
140
1.0
102
RTVSPost2010PropOp39
 70
     1
102
RTVSPost2010Prop40
 90
        0
102
RTVSPost2010PropOp40
 70
     1
102
RTVSPost2010Prop41ColorIndex
 90
       18
102
RTVSPost2010Prop41ColorRGB
 90
        0
102
RTVSPost2010PropOp41
 70
     1
102
RTVSPost2010Prop42
 90
       50
102
RTVSPost2010PropOp42
 70
     1
102
RTVSPost2010Prop43
 90
        3
102
RTVSPost2010PropOp43
 70
     1
102
RTVSPost2010Prop44ColorIndex
 90
        5
102
RTVSPost2010Prop44ColorRGB
 90
      255
102
RTVSPost2010PropOp44
 70
     1
102
RTVSPost2010Prop45
280
     0
102
RTVSPost2010PropOp45
 70
     1
102
RTVSPost2010Prop46
 90
       50
102
RTVSPost2010PropOp46
 70
     1
102
RTVSPost2010Prop47
 90
       50
102
RTVSPost2010PropOp47
 70
     1
102
RTVSPost2010Prop48
 90
       50
102
RTVSPost2010PropOp48
 70
     1
102
RTVSPost2010Prop49
280
     0
102
RTVSPost2010PropOp49
 70
     1
102
RTVSPost2010Prop50
 90
       50
102
RTVSPost2010PropOp50
 70
     1
102
RTVSPost2010Prop51ColorIndex
 90
      256
102
RTVSPost2010Prop51ColorRGB
 90
-16777216
102
RTVSPost2010PropOp51
 70
     0
102
RTVSPost2010Prop52
140
1.0
102
RTVSPost2010PropOp52
 70
     0
102
RTVSPost2010Prop53
 90
        2
102
RTVSPost2010PropOp53
 70
     1
102
RTVSPost2010Prop54
  1
strokes_ogs.tif
102
RTVSPost2010PropOp54
 70
     1
102
RTVSPost2010Prop55
280
     0
102
RTVSPost2010PropOp55
 70
     1
102
RTVSPost2010Prop56
140
1.0
102
RTVSPost2010PropOp56
 70
     1
102
RTVSPost2010Prop57
140
1.0
102
RTVSPost2010PropOp57
 70
     1
102
RTVSPropertyOp0
 70
     1
102
RTVSPropertyOp1
 70
     1
102
RTVSPropertyOp2
 70
     1
102
RTVSPropertyOp3
 70
     1
102
RTVSPropertyOp4
 70
     1
102
RTVSPropertyOp5
 70
     1
102
RTVSPropertyOp6
 70
     1
102
RTVSPropertyOp7
 70
     1
102
RTVSPropertyOp8
 70
     1
102
RTVSPropertyOp9
 70
     1
102
RTVSPropertyOp10
 70
     1
102
RTVSPropertyOp11
 70
     1
102
RTVSPropertyOp12
 70
     1
102
RTVSPropertyOp13
 70
     1
102
RTVSPropertyOp14
 70
     1
102
RTVSPropertyOp15
 70
     1
102
RTVSPropertyOp16
 70
     1
102
RTVSPropertyOp17
 70
     1
102
RTVSPropertyOp18
 70
     1
102
RTVSPropertyOp19
 70
     1
102
RTVSPropertyOp20
 70
     1
102
RTVSPropertyOp21
 70
     1
102
RTVSPropertyOp22
 70
     1
102
RTVSPropertyOp23
 70
     1
102
RTVSPropertyOp24
 70
     1
102
RTVSPropertyOp25
 70
     1
102
RTVSPropertyOp26
 70
     1
102
RTVSPropertyOp27
 70
     1
102
RTVSPropertyOp28
 70
     1
102
RTVSPropertyOp29
 70
     1
102
RTVSPropertyOp30
 70
     1
102
RTVSPropertyOp31
 70
     1
102
RTVSPropertyOp32
 70
     1
102
RTVSPropertyOp33
 70
     1
102
RTVSPropertyOp34
 70
     1
102
RTVSPropertyOp35
 70
     1
102
RTVSPropertyOp36
 70
     1
102
RTVSPropertyOp37
 70
     1
102
RTVSPropertyOp38
 70
     1
102
RTVSPropertyOp39
 70
     1
102
RTVSPropertyOp40
 70
     1
102
RTVSPropertyOp41
 70
     1
102
RTVSPropertyOp42
 70
     1
102
RTVSPropertyOp43
 70
     1
102
RTVSPropertyOp44
 70
     1
102
RTVSPropertyOp45
 70
     1
102
RTVSPropertyOp46
 70
     1
102
RTVSPropertyOp47
 70
     1
102
RTVSPropertyOp48
 70
     1
102
RTVSPropertyOp49
 70
     1
102
RTVSPropertyOp50
 70
     1
102
RTVSPropertyOp51
 70
     0
102
RTVSPropertyOp52
 70
     0
102
RTVSPropertyOp53
 70
     1
102
RTVSPropertyOp54
 70
     1
102
RTVSPropertyOp55
 70
     1
102
RTVSPropertyOp56
 70
     1
102
RTVSPropertyOp57
 70
     1
102
RTVSPropertyOp58
 70
     1
102
RTVSPropertyOp59
 70
     1
102
RTVSPropertyOp60
 70
     1
102
RTVSPropertyOp61
 70
     1
102
RTVSPropertyOp62
 70
     1
  0
XRECORD
  5
1CDF
102
{ACAD_REACTORS
330
1CDE
102
}
330
1CDE
100
AcDbXrecord
280
     1
102
RTVSPost2010Prop28
280
     0
102
RTVSPost2010PropOp28
 70
     1
102
RTVSPost2010Prop29
280
     1
102
RTVSPost2010PropOp29
 70
     1
102
RTVSPost2010Prop30
280
     1
102
RTVSPost2010PropOp30
 70
     1
102
RTVSPost2010Prop31
280
     0
102
RTVSPost2010PropOp31
 70
     1
102
RTVSPost2010Prop32
280
     0
102
RTVSPost2010PropOp32
 70
     1
102
RTVSPost2010Prop33
280
     0
102
RTVSPost2010PropOp33
 70
     1
102
RTVSPost2010Prop34
280
     0
102
RTVSPost2010PropOp34
 70
     1
102
RTVSPost2010Prop35
280
     0
102
RTVSPost2010PropOp35
 70
     1
102
RTVSPost2010Prop36
280
     0
102
RTVSPost2010PropOp36
 70
     1
102
RTVSPost2010Prop37
 90
       50
102
RTVSPost2010PropOp37
 70
     1
102
RTVSPost2010Prop38
140
0.0
102
RTVSPost2010PropOp38
 70
     1
102
RTVSPost2010Prop39
140
1.0
102
RTVSPost2010PropOp39
 70
     1
102
RTVSPost2010Prop40
 90
        0
102
RTVSPost2010PropOp40
 70
     1
102
RTVSPost2010Prop41ColorIndex
 90
       18
102
RTVSPost2010Prop41ColorRGB
 90
        0
102
RTVSPost2010PropOp41
 70
     1
102
RTVSPost2010Prop42
 90
       50
102
RTVSPost2010PropOp42
 70
     1
102
RTVSPost2010Prop43
 90
        3
102
RTVSPost2010PropOp43
 70
     1
102
RTVSPost2010Prop44ColorIndex
 90
        5
102
RTVSPost2010Prop44ColorRGB
 90
      255
102
RTVSPost2010PropOp44
 70
     1
102
RTVSPost2010Prop45
280
     0
102
RTVSPost2010PropOp45
 70
     1
102
RTVSPost2010Prop46
 90
       50
102
RTVSPost2010PropOp46
 70
     1
102
RTVSPost2010Prop47
 90
       50
102
RTVSPost2010PropOp47
 70
     1
102
RTVSPost2010Prop48
 90
       50
102
RTVSPost2010PropOp48
 70
     1
102
RTVSPost2010Prop49
280
     0
102
RTVSPost2010PropOp49
 70
     1
102
RTVSPost2010Prop50
 90
       50
102
RTVSPost2010PropOp50
 70
     1
102
RTVSPost2010Prop51ColorIndex
 90
      256
102
RTVSPost2010Prop51ColorRGB
 90
-16777216
102
RTVSPost2010PropOp51
 70
     0
102
RTVSPost2010Prop52
140
1.0
102
RTVSPost2010PropOp52
 70
     0
102
RTVSPost2010Prop53
 90
        2
102
RTVSPost2010PropOp53
 70
     1
102
RTVSPost2010Prop54
  1
strokes_ogs.tif
102
RTVSPost2010PropOp54
 70
     1
102
RTVSPost2010Prop55
280
     0
102
RTVSPost2010PropOp55
 70
     1
102
RTVSPost2010Prop56
140
1.0
102
RTVSPost2010PropOp56
 70
     1
102
RTVSPost2010Prop57
140
1.0
102
RTVSPost2010PropOp57
 70
     1
102
RTVSPropertyOp0
 70
     1
102
RTVSPropertyOp1
 70
     1
102
RTVSPropertyOp2
 70
     1
102
RTVSPropertyOp3
 70
     1
102
RTVSPropertyOp4
 70
     1
102
RTVSPropertyOp5
 70
     1
102
RTVSPropertyOp6
 70
     1
102
RTVSPropertyOp7
 70
     1
102
RTVSPropertyOp8
 70
     1
102
RTVSPropertyOp9
 70
     1
102
RTVSPropertyOp10
 70
     1
102
RTVSPropertyOp11
 70
     1
102
RTVSPropertyOp12
 70
     1
102
RTVSPropertyOp13
 70
     1
102
RTVSPropertyOp14
 70
     1
102
RTVSPropertyOp15
 70
     1
102
RTVSPropertyOp16
 70
     1
102
RTVSPropertyOp17
 70
     1
102
RTVSPropertyOp18
 70
     1
102
RTVSPropertyOp19
 70
     1
102
RTVSPropertyOp20
 70
     1
102
RTVSPropertyOp21
 70
     1
102
RTVSPropertyOp22
 70
     1
102
RTVSPropertyOp23
 70
     1
102
RTVSPropertyOp24
 70
     1
102
RTVSPropertyOp25
 70
     1
102
RTVSPropertyOp26
 70
     1
102
RTVSPropertyOp27
 70
     1
102
RTVSPropertyOp28
 70
     1
102
RTVSPropertyOp29
 70
     1
102
RTVSPropertyOp30
 70
     1
102
RTVSPropertyOp31
 70
     1
102
RTVSPropertyOp32
 70
     1
102
RTVSPropertyOp33
 70
     1
102
RTVSPropertyOp34
 70
     1
102
RTVSPropertyOp35
 70
     1
102
RTVSPropertyOp36
 70
     1
102
RTVSPropertyOp37
 70
     1
102
RTVSPropertyOp38
 70
     1
102
RTVSPropertyOp39
 70
     1
102
RTVSPropertyOp40
 70
     1
102
RTVSPropertyOp41
 70
     1
102
RTVSPropertyOp42
 70
     1
102
RTVSPropertyOp43
 70
     1
102
RTVSPropertyOp44
 70
     1
102
RTVSPropertyOp45
 70
     1
102
RTVSPropertyOp46
 70
     1
102
RTVSPropertyOp47
 70
     1
102
RTVSPropertyOp48
 70
     1
102
RTVSPropertyOp49
 70
     1
102
RTVSPropertyOp50
 70
     1
102
RTVSPropertyOp51
 70
     0
102
RTVSPropertyOp52
 70
     0
102
RTVSPropertyOp53
 70
     1
102
RTVSPropertyOp54
 70
     1
102
RTVSPropertyOp55
 70
     1
102
RTVSPropertyOp56
 70
     1
102
RTVSPropertyOp57
 70
     1
102
RTVSPropertyOp58
 70
     1
102
RTVSPropertyOp59
 70
     1
102
RTVSPropertyOp60
 70
     1
102
RTVSPropertyOp61
 70
     1
102
RTVSPropertyOp62
 70
     1
  0
XRECORD
  5
1CE1
102
{ACAD_REACTORS
330
1CE0
102
}
330
1CE0
100
AcDbXrecord
280
     1
102
RTVSPost2010Prop28
280
     0
102
RTVSPost2010PropOp28
 70
     1
102
RTVSPost2010Prop29
280
     1
102
RTVSPost2010PropOp29
 70
     1
102
RTVSPost2010Prop30
280
     1
102
RTVSPost2010PropOp30
 70
     1
102
RTVSPost2010Prop31
280
     0
102
RTVSPost2010PropOp31
 70
     1
102
RTVSPost2010Prop32
280
     0
102
RTVSPost2010PropOp32
 70
     1
102
RTVSPost2010Prop33
280
     0
102
RTVSPost2010PropOp33
 70
     1
102
RTVSPost2010Prop34
280
     0
102
RTVSPost2010PropOp34
 70
     1
102
RTVSPost2010Prop35
280
     0
102
RTVSPost2010PropOp35
 70
     1
102
RTVSPost2010Prop36
280
     0
102
RTVSPost2010PropOp36
 70
     1
102
RTVSPost2010Prop37
 90
       50
102
RTVSPost2010PropOp37
 70
     1
102
RTVSPost2010Prop38
140
0.0
102
RTVSPost2010PropOp38
 70
     1
102
RTVSPost2010Prop39
140
1.0
102
RTVSPost2010PropOp39
 70
     1
102
RTVSPost2010Prop40
 90
        0
102
RTVSPost2010PropOp40
 70
     1
102
RTVSPost2010Prop41ColorIndex
 90
       18
102
RTVSPost2010Prop41ColorRGB
 90
        0
102
RTVSPost2010PropOp41
 70
     1
102
RTVSPost2010Prop42
 90
       50
102
RTVSPost2010PropOp42
 70
     1
102
RTVSPost2010Prop43
 90
        3
102
RTVSPost2010PropOp43
 70
     1
102
RTVSPost2010Prop44ColorIndex
 90
        5
102
RTVSPost2010Prop44ColorRGB
 90
      255
102
RTVSPost2010PropOp44
 70
     1
102
RTVSPost2010Prop45
280
     0
102
RTVSPost2010PropOp45
 70
     1
102
RTVSPost2010Prop46
 90
       50
102
RTVSPost2010PropOp46
 70
     1
102
RTVSPost2010Prop47
 90
       50
102
RTVSPost2010PropOp47
 70
     1
102
RTVSPost2010Prop48
 90
       50
102
RTVSPost2010PropOp48
 70
     1
102
RTVSPost2010Prop49
280
     0
102
RTVSPost2010PropOp49
 70
     1
102
RTVSPost2010Prop50
 90
       50
102
RTVSPost2010PropOp50
 70
     1
102
RTVSPost2010Prop51ColorIndex
 90
      256
102
RTVSPost2010Prop51ColorRGB
 90
-16777216
102
RTVSPost2010PropOp51
 70
     0
102
RTVSPost2010Prop52
140
1.0
102
RTVSPost2010PropOp52
 70
     0
102
RTVSPost2010Prop53
 90
        2
102
RTVSPost2010PropOp53
 70
     1
102
RTVSPost2010Prop54
  1
strokes_ogs.tif
102
RTVSPost2010PropOp54
 70
     1
102
RTVSPost2010Prop55
280
     0
102
RTVSPost2010PropOp55
 70
     1
102
RTVSPost2010Prop56
140
1.0
102
RTVSPost2010PropOp56
 70
     1
102
RTVSPost2010Prop57
140
1.0
102
RTVSPost2010PropOp57
 70
     1
102
RTVSPropertyOp0
 70
     1
102
RTVSPropertyOp1
 70
     1
102
RTVSPropertyOp2
 70
     1
102
RTVSPropertyOp3
 70
     1
102
RTVSPropertyOp4
 70
     1
102
RTVSPropertyOp5
 70
     1
102
RTVSPropertyOp6
 70
     1
102
RTVSPropertyOp7
 70
     1
102
RTVSPropertyOp8
 70
     1
102
RTVSPropertyOp9
 70
     1
102
RTVSPropertyOp10
 70
     1
102
RTVSPropertyOp11
 70
     1
102
RTVSPropertyOp12
 70
     1
102
RTVSPropertyOp13
 70
     1
102
RTVSPropertyOp14
 70
     1
102
RTVSPropertyOp15
 70
     1
102
RTVSPropertyOp16
 70
     1
102
RTVSPropertyOp17
 70
     1
102
RTVSPropertyOp18
 70
     1
102
RTVSPropertyOp19
 70
     1
102
RTVSPropertyOp20
 70
     1
102
RTVSPropertyOp21
 70
     1
102
RTVSPropertyOp22
 70
     1
102
RTVSPropertyOp23
 70
     1
102
RTVSPropertyOp24
 70
     1
102
RTVSPropertyOp25
 70
     1
102
RTVSPropertyOp26
 70
     1
102
RTVSPropertyOp27
 70
     1
102
RTVSPropertyOp28
 70
     1
102
RTVSPropertyOp29
 70
     1
102
RTVSPropertyOp30
 70
     1
102
RTVSPropertyOp31
 70
     1
102
RTVSPropertyOp32
 70
     1
102
RTVSPropertyOp33
 70
     1
102
RTVSPropertyOp34
 70
     1
102
RTVSPropertyOp35
 70
     1
102
RTVSPropertyOp36
 70
     1
102
RTVSPropertyOp37
 70
     1
102
RTVSPropertyOp38
 70
     1
102
RTVSPropertyOp39
 70
     1
102
RTVSPropertyOp40
 70
     1
102
RTVSPropertyOp41
 70
     1
102
RTVSPropertyOp42
 70
     1
102
RTVSPropertyOp43
 70
     1
102
RTVSPropertyOp44
 70
     1
102
RTVSPropertyOp45
 70
     1
102
RTVSPropertyOp46
 70
     1
102
RTVSPropertyOp47
 70
     1
102
RTVSPropertyOp48
 70
     1
102
RTVSPropertyOp49
 70
     1
102
RTVSPropertyOp50
 70
     1
102
RTVSPropertyOp51
 70
     0
102
RTVSPropertyOp52
 70
     0
102
RTVSPropertyOp53
 70
     1
102
RTVSPropertyOp54
 70
     1
102
RTVSPropertyOp55
 70
     1
102
RTVSPropertyOp56
 70
     1
102
RTVSPropertyOp57
 70
     1
102
RTVSPropertyOp58
 70
     1
102
RTVSPropertyOp59
 70
     1
102
RTVSPropertyOp60
 70
     1
102
RTVSPropertyOp61
 70
     1
102
RTVSPropertyOp62
 70
     1
  0
XRECORD
  5
1CD7
102
{ACAD_REACTORS
330
1CD6
102
}
330
1CD6
100
AcDbXrecord
280
     1
102
RTVSPost2010Prop28
280
     0
102
RTVSPost2010PropOp28
 70
     1
102
RTVSPost2010Prop29
280
     1
102
RTVSPost2010PropOp29
 70
     1
102
RTVSPost2010Prop30
280
     1
102
RTVSPost2010PropOp30
 70
     1
102
RTVSPost2010Prop31
280
     0
102
RTVSPost2010PropOp31
 70
     1
102
RTVSPost2010Prop32
280
     0
102
RTVSPost2010PropOp32
 70
     1
102
RTVSPost2010Prop33
280
     0
102
RTVSPost2010PropOp33
 70
     1
102
RTVSPost2010Prop34
280
     0
102
RTVSPost2010PropOp34
 70
     1
102
RTVSPost2010Prop35
280
     0
102
RTVSPost2010PropOp35
 70
     1
102
RTVSPost2010Prop36
280
     0
102
RTVSPost2010PropOp36
 70
     1
102
RTVSPost2010Prop37
 90
       50
102
RTVSPost2010PropOp37
 70
     1
102
RTVSPost2010Prop38
140
0.0
102
RTVSPost2010PropOp38
 70
     1
102
RTVSPost2010Prop39
140
1.0
102
RTVSPost2010PropOp39
 70
     1
102
RTVSPost2010Prop40
 90
        0
102
RTVSPost2010PropOp40
 70
     1
102
RTVSPost2010Prop41ColorIndex
 90
       18
102
RTVSPost2010Prop41ColorRGB
 90
        0
102
RTVSPost2010PropOp41
 70
     1
102
RTVSPost2010Prop42
 90
       50
102
RTVSPost2010PropOp42
 70
     1
102
RTVSPost2010Prop43
 90
        3
102
RTVSPost2010PropOp43
 70
     1
102
RTVSPost2010Prop44ColorIndex
 90
        5
102
RTVSPost2010Prop44ColorRGB
 90
      255
102
RTVSPost2010PropOp44
 70
     1
102
RTVSPost2010Prop45
280
     0
102
RTVSPost2010PropOp45
 70
     1
102
RTVSPost2010Prop46
 90
       50
102
RTVSPost2010PropOp46
 70
     1
102
RTVSPost2010Prop47
 90
       50
102
RTVSPost2010PropOp47
 70
     1
102
RTVSPost2010Prop48
 90
       50
102
RTVSPost2010PropOp48
 70
     1
102
RTVSPost2010Prop49
280
     0
102
RTVSPost2010PropOp49
 70
     1
102
RTVSPost2010Prop50
 90
       50
102
RTVSPost2010PropOp50
 70
     1
102
RTVSPost2010Prop51ColorIndex
 90
      256
102
RTVSPost2010Prop51ColorRGB
 90
-16777216
102
RTVSPost2010PropOp51
 70
     0
102
RTVSPost2010Prop52
140
1.0
102
RTVSPost2010PropOp52
 70
     0
102
RTVSPost2010Prop53
 90
        2
102
RTVSPost2010PropOp53
 70
     1
102
RTVSPost2010Prop54
  1
strokes_ogs.tif
102
RTVSPost2010PropOp54
 70
     1
102
RTVSPost2010Prop55
280
     0
102
RTVSPost2010PropOp55
 70
     1
102
RTVSPost2010Prop56
140
1.0
102
RTVSPost2010PropOp56
 70
     1
102
RTVSPost2010Prop57
140
1.0
102
RTVSPost2010PropOp57
 70
     1
102
RTVSPropertyOp0
 70
     1
102
RTVSPropertyOp1
 70
     1
102
RTVSPropertyOp2
 70
     1
102
RTVSPropertyOp3
 70
     1
102
RTVSPropertyOp4
 70
     1
102
RTVSPropertyOp5
 70
     1
102
RTVSPropertyOp6
 70
     1
102
RTVSPropertyOp7
 70
     1
102
RTVSPropertyOp8
 70
     1
102
RTVSPropertyOp9
 70
     1
102
RTVSPropertyOp10
 70
     1
102
RTVSPropertyOp11
 70
     1
102
RTVSPropertyOp12
 70
     1
102
RTVSPropertyOp13
 70
     1
102
RTVSPropertyOp14
 70
     1
102
RTVSPropertyOp15
 70
     1
102
RTVSPropertyOp16
 70
     1
102
RTVSPropertyOp17
 70
     1
102
RTVSPropertyOp18
 70
     1
102
RTVSPropertyOp19
 70
     1
102
RTVSPropertyOp20
 70
     1
102
RTVSPropertyOp21
 70
     1
102
RTVSPropertyOp22
 70
     1
102
RTVSPropertyOp23
 70
     1
102
RTVSPropertyOp24
 70
     1
102
RTVSPropertyOp25
 70
     1
102
RTVSPropertyOp26
 70
     1
102
RTVSPropertyOp27
 70
     1
102
RTVSPropertyOp28
 70
     1
102
RTVSPropertyOp29
 70
     1
102
RTVSPropertyOp30
 70
     1
102
RTVSPropertyOp31
 70
     1
102
RTVSPropertyOp32
 70
     1
102
RTVSPropertyOp33
 70
     1
102
RTVSPropertyOp34
 70
     1
102
RTVSPropertyOp35
 70
     1
102
RTVSPropertyOp36
 70
     1
102
RTVSPropertyOp37
 70
     1
102
RTVSPropertyOp38
 70
     1
102
RTVSPropertyOp39
 70
     1
102
RTVSPropertyOp40
 70
     1
102
RTVSPropertyOp41
 70
     1
102
RTVSPropertyOp42
 70
     1
102
RTVSPropertyOp43
 70
     1
102
RTVSPropertyOp44
 70
     1
102
RTVSPropertyOp45
 70
     1
102
RTVSPropertyOp46
 70
     1
102
RTVSPropertyOp47
 70
     1
102
RTVSPropertyOp48
 70
     1
102
RTVSPropertyOp49
 70
     1
102
RTVSPropertyOp50
 70
     1
102
RTVSPropertyOp51
 70
     0
102
RTVSPropertyOp52
 70
     0
102
RTVSPropertyOp53
 70
     1
102
RTVSPropertyOp54
 70
     1
102
RTVSPropertyOp55
 70
     1
102
RTVSPropertyOp56
 70
     1
102
RTVSPropertyOp57
 70
     1
102
RTVSPropertyOp58
 70
     1
102
RTVSPropertyOp59
 70
     1
102
RTVSPropertyOp60
 70
     1
102
RTVSPropertyOp61
 70
     1
102
RTVSPropertyOp62
 70
     1
  0
XRECORD
  5
1CCB
102
{ACAD_REACTORS
330
1CCA
102
}
330
1CCA
100
AcDbXrecord
280
     1
102
RTVSPost2010Prop28
280
     0
102
RTVSPost2010PropOp28
 70
     1
102
RTVSPost2010Prop29
280
     1
102
RTVSPost2010PropOp29
 70
     1
102
RTVSPost2010Prop30
280
     1
102
RTVSPost2010PropOp30
 70
     1
102
RTVSPost2010Prop31
280
     0
102
RTVSPost2010PropOp31
 70
     1
102
RTVSPost2010Prop32
280
     0
102
RTVSPost2010PropOp32
 70
     1
102
RTVSPost2010Prop33
280
     0
102
RTVSPost2010PropOp33
 70
     1
102
RTVSPost2010Prop34
280
     0
102
RTVSPost2010PropOp34
 70
     1
102
RTVSPost2010Prop35
280
     0
102
RTVSPost2010PropOp35
 70
     1
102
RTVSPost2010Prop36
280
     0
102
RTVSPost2010PropOp36
 70
     1
102
RTVSPost2010Prop37
 90
       50
102
RTVSPost2010PropOp37
 70
     1
102
RTVSPost2010Prop38
140
0.0
102
RTVSPost2010PropOp38
 70
     1
102
RTVSPost2010Prop39
140
1.0
102
RTVSPost2010PropOp39
 70
     1
102
RTVSPost2010Prop40
 90
        0
102
RTVSPost2010PropOp40
 70
     1
102
RTVSPost2010Prop41ColorIndex
 90
       18
102
RTVSPost2010Prop41ColorRGB
 90
        0
102
RTVSPost2010PropOp41
 70
     1
102
RTVSPost2010Prop42
 90
       50
102
RTVSPost2010PropOp42
 70
     1
102
RTVSPost2010Prop43
 90
        3
102
RTVSPost2010PropOp43
 70
     1
102
RTVSPost2010Prop44ColorIndex
 90
        5
102
RTVSPost2010Prop44ColorRGB
 90
      255
102
RTVSPost2010PropOp44
 70
     1
102
RTVSPost2010Prop45
280
     0
102
RTVSPost2010PropOp45
 70
     1
102
RTVSPost2010Prop46
 90
       50
102
RTVSPost2010PropOp46
 70
     1
102
RTVSPost2010Prop47
 90
       50
102
RTVSPost2010PropOp47
 70
     1
102
RTVSPost2010Prop48
 90
       50
102
RTVSPost2010PropOp48
 70
     1
102
RTVSPost2010Prop49
280
     0
102
RTVSPost2010PropOp49
 70
     1
102
RTVSPost2010Prop50
 90
       50
102
RTVSPost2010PropOp50
 70
     1
102
RTVSPost2010Prop51ColorIndex
 90
      256
102
RTVSPost2010Prop51ColorRGB
 90
-16777216
102
RTVSPost2010PropOp51
 70
     0
102
RTVSPost2010Prop52
140
1.0
102
RTVSPost2010PropOp52
 70
     0
102
RTVSPost2010Prop53
 90
        2
102
RTVSPost2010PropOp53
 70
     1
102
RTVSPost2010Prop54
  1
strokes_ogs.tif
102
RTVSPost2010PropOp54
 70
     1
102
RTVSPost2010Prop55
280
     0
102
RTVSPost2010PropOp55
 70
     1
102
RTVSPost2010Prop56
140
1.0
102
RTVSPost2010PropOp56
 70
     1
102
RTVSPost2010Prop57
140
1.0
102
RTVSPost2010PropOp57
 70
     1
102
RTVSPropertyOp0
 70
     1
102
RTVSPropertyOp1
 70
     1
102
RTVSPropertyOp2
 70
     1
102
RTVSPropertyOp3
 70
     1
102
RTVSPropertyOp4
 70
     1
102
RTVSPropertyOp5
 70
     1
102
RTVSPropertyOp6
 70
     1
102
RTVSPropertyOp7
 70
     1
102
RTVSPropertyOp8
 70
     1
102
RTVSPropertyOp9
 70
     1
102
RTVSPropertyOp10
 70
     1
102
RTVSPropertyOp11
 70
     1
102
RTVSPropertyOp12
 70
     1
102
RTVSPropertyOp13
 70
     1
102
RTVSPropertyOp14
 70
     1
102
RTVSPropertyOp15
 70
     1
102
RTVSPropertyOp16
 70
     1
102
RTVSPropertyOp17
 70
     1
102
RTVSPropertyOp18
 70
     1
102
RTVSPropertyOp19
 70
     1
102
RTVSPropertyOp20
 70
     1
102
RTVSPropertyOp21
 70
     1
102
RTVSPropertyOp22
 70
     1
102
RTVSPropertyOp23
 70
     1
102
RTVSPropertyOp24
 70
     1
102
RTVSPropertyOp25
 70
     1
102
RTVSPropertyOp26
 70
     1
102
RTVSPropertyOp27
 70
     1
102
RTVSPropertyOp28
 70
     1
102
RTVSPropertyOp29
 70
     1
102
RTVSPropertyOp30
 70
     1
102
RTVSPropertyOp31
 70
     1
102
RTVSPropertyOp32
 70
     1
102
RTVSPropertyOp33
 70
     1
102
RTVSPropertyOp34
 70
     1
102
RTVSPropertyOp35
 70
     1
102
RTVSPropertyOp36
 70
     1
102
RTVSPropertyOp37
 70
     1
102
RTVSPropertyOp38
 70
     1
102
RTVSPropertyOp39
 70
     1
102
RTVSPropertyOp40
 70
     1
102
RTVSPropertyOp41
 70
     1
102
RTVSPropertyOp42
 70
     1
102
RTVSPropertyOp43
 70
     1
102
RTVSPropertyOp44
 70
     1
102
RTVSPropertyOp45
 70
     1
102
RTVSPropertyOp46
 70
     1
102
RTVSPropertyOp47
 70
     1
102
RTVSPropertyOp48
 70
     1
102
RTVSPropertyOp49
 70
     1
102
RTVSPropertyOp50
 70
     1
102
RTVSPropertyOp51
 70
     0
102
RTVSPropertyOp52
 70
     0
102
RTVSPropertyOp53
 70
     1
102
RTVSPropertyOp54
 70
     1
102
RTVSPropertyOp55
 70
     1
102
RTVSPropertyOp56
 70
     1
102
RTVSPropertyOp57
 70
     1
102
RTVSPropertyOp58
 70
     1
102
RTVSPropertyOp59
 70
     1
102
RTVSPropertyOp60
 70
     1
102
RTVSPropertyOp61
 70
     1
102
RTVSPropertyOp62
 70
     1
  0
XRECORD
  5
1CE3
102
{ACAD_REACTORS
330
1CE2
102
}
330
1CE2
100
AcDbXrecord
280
     1
102
RTVSPost2010Prop28
280
     0
102
RTVSPost2010PropOp28
 70
     1
102
RTVSPost2010Prop29
280
     1
102
RTVSPost2010PropOp29
 70
     1
102
RTVSPost2010Prop30
280
     1
102
RTVSPost2010PropOp30
 70
     1
102
RTVSPost2010Prop31
280
     0
102
RTVSPost2010PropOp31
 70
     1
102
RTVSPost2010Prop32
280
     0
102
RTVSPost2010PropOp32
 70
     1
102
RTVSPost2010Prop33
280
     0
102
RTVSPost2010PropOp33
 70
     1
102
RTVSPost2010Prop34
280
     0
102
RTVSPost2010PropOp34
 70
     1
102
RTVSPost2010Prop35
280
     0
102
RTVSPost2010PropOp35
 70
     1
102
RTVSPost2010Prop36
280
     0
102
RTVSPost2010PropOp36
 70
     1
102
RTVSPost2010Prop37
 90
       50
102
RTVSPost2010PropOp37
 70
     1
102
RTVSPost2010Prop38
140
0.0
102
RTVSPost2010PropOp38
 70
     1
102
RTVSPost2010Prop39
140
1.0
102
RTVSPost2010PropOp39
 70
     1
102
RTVSPost2010Prop40
 90
        0
102
RTVSPost2010PropOp40
 70
     1
102
RTVSPost2010Prop41ColorIndex
 90
       18
102
RTVSPost2010Prop41ColorRGB
 90
        0
102
RTVSPost2010PropOp41
 70
     1
102
RTVSPost2010Prop42
 90
       50
102
RTVSPost2010PropOp42
 70
     1
102
RTVSPost2010Prop43
 90
        3
102
RTVSPost2010PropOp43
 70
     1
102
RTVSPost2010Prop44ColorIndex
 90
        5
102
RTVSPost2010Prop44ColorRGB
 90
      255
102
RTVSPost2010PropOp44
 70
     1
102
RTVSPost2010Prop45
280
     0
102
RTVSPost2010PropOp45
 70
     1
102
RTVSPost2010Prop46
 90
       50
102
RTVSPost2010PropOp46
 70
     1
102
RTVSPost2010Prop47
 90
       50
102
RTVSPost2010PropOp47
 70
     1
102
RTVSPost2010Prop48
 90
       50
102
RTVSPost2010PropOp48
 70
     1
102
RTVSPost2010Prop49
280
     0
102
RTVSPost2010PropOp49
 70
     1
102
RTVSPost2010Prop50
 90
       50
102
RTVSPost2010PropOp50
 70
     1
102
RTVSPost2010Prop51ColorIndex
 90
      256
102
RTVSPost2010Prop51ColorRGB
 90
-16777216
102
RTVSPost2010PropOp51
 70
     0
102
RTVSPost2010Prop52
140
1.0
102
RTVSPost2010PropOp52
 70
     0
102
RTVSPost2010Prop53
 90
        2
102
RTVSPost2010PropOp53
 70
     1
102
RTVSPost2010Prop54
  1
strokes_ogs.tif
102
RTVSPost2010PropOp54
 70
     1
102
RTVSPost2010Prop55
280
     0
102
RTVSPost2010PropOp55
 70
     1
102
RTVSPost2010Prop56
140
1.0
102
RTVSPost2010PropOp56
 70
     1
102
RTVSPost2010Prop57
140
1.0
102
RTVSPost2010PropOp57
 70
     1
102
RTVSPropertyOp0
 70
     1
102
RTVSPropertyOp1
 70
     1
102
RTVSPropertyOp2
 70
     1
102
RTVSPropertyOp3
 70
     1
102
RTVSPropertyOp4
 70
     1
102
RTVSPropertyOp5
 70
     1
102
RTVSPropertyOp6
 70
     1
102
RTVSPropertyOp7
 70
     1
102
RTVSPropertyOp8
 70
     1
102
RTVSPropertyOp9
 70
     1
102
RTVSPropertyOp10
 70
     1
102
RTVSPropertyOp11
 70
     1
102
RTVSPropertyOp12
 70
     1
102
RTVSPropertyOp13
 70
     1
102
RTVSPropertyOp14
 70
     1
102
RTVSPropertyOp15
 70
     1
102
RTVSPropertyOp16
 70
     1
102
RTVSPropertyOp17
 70
     1
102
RTVSPropertyOp18
 70
     1
102
RTVSPropertyOp19
 70
     1
102
RTVSPropertyOp20
 70
     1
102
RTVSPropertyOp21
 70
     1
102
RTVSPropertyOp22
 70
     1
102
RTVSPropertyOp23
 70
     1
102
RTVSPropertyOp24
 70
     1
102
RTVSPropertyOp25
 70
     1
102
RTVSPropertyOp26
 70
     1
102
RTVSPropertyOp27
 70
     1
102
RTVSPropertyOp28
 70
     1
102
RTVSPropertyOp29
 70
     1
102
RTVSPropertyOp30
 70
     1
102
RTVSPropertyOp31
 70
     1
102
RTVSPropertyOp32
 70
     1
102
RTVSPropertyOp33
 70
     1
102
RTVSPropertyOp34
 70
     1
102
RTVSPropertyOp35
 70
     1
102
RTVSPropertyOp36
 70
     1
102
RTVSPropertyOp37
 70
     1
102
RTVSPropertyOp38
 70
     1
102
RTVSPropertyOp39
 70
     1
102
RTVSPropertyOp40
 70
     1
102
RTVSPropertyOp41
 70
     1
102
RTVSPropertyOp42
 70
     1
102
RTVSPropertyOp43
 70
     1
102
RTVSPropertyOp44
 70
     1
102
RTVSPropertyOp45
 70
     1
102
RTVSPropertyOp46
 70
     1
102
RTVSPropertyOp47
 70
     1
102
RTVSPropertyOp48
 70
     1
102
RTVSPropertyOp49
 70
     1
102
RTVSPropertyOp50
 70
     1
102
RTVSPropertyOp51
 70
     0
102
RTVSPropertyOp52
 70
     0
102
RTVSPropertyOp53
 70
     1
102
RTVSPropertyOp54
 70
     1
102
RTVSPropertyOp55
 70
     1
102
RTVSPropertyOp56
 70
     1
102
RTVSPropertyOp57
 70
     1
102
RTVSPropertyOp58
 70
     1
102
RTVSPropertyOp59
 70
     1
102
RTVSPropertyOp60
 70
     1
102
RTVSPropertyOp61
 70
     1
102
RTVSPropertyOp62
 70
     1
  0
ENDSEC
  0
EOF
