  0
SECTION
  2
HEADER
  9
$ACADVER
  1
AC1015
  9
$ACADMAINTVER
 70
    20
  9
$DWGCODEPAGE
  3
ANSI_1252
  9
$INSBASE
 10
0.0
 20
0.0
 30
0.0
  9
$EXTMIN
 10
0.0
 20
-105.0
 30
0.0
  9
$EXTMAX
 10
4920.00000031
 20
3801.501670997673
 30
0.0
  9
$LIMMIN
 10
0.0
 20
0.0
  9
$LIMMAX
 10
12.0
 20
9.0
  9
$ORTHOMODE
 70
     0
  9
$REGENMODE
 70
     1
  9
$FILLMODE
 70
     1
  9
$QTEXTMODE
 70
     0
  9
$MIRRTEXT
 70
     1
  9
$LTSCALE
 40
1.0
  9
$ATTMODE
 70
     1
  9
$TEXTSIZE
 40
0.2
  9
$TRACEWID
 40
0.05
  9
$TEXTSTYLE
  7
Standard
  9
$CLAYER
  8
0
  9
$CELTYPE
  6
ByLayer
  9
$CECOLOR
 62
   256
  9
$CELTSCALE
 40
1.0
  9
$DISPSILH
 70
     0
  9
$DIMSCALE
 40
1.0
  9
$DIMASZ
 40
0.18
  9
$DIMEXO
 40
0.0625
  9
$DIMDLI
 40
0.38
  9
$DIMRND
 40
0.0
  9
$DIMDLE
 40
0.0
  9
$DIMEXE
 40
0.18
  9
$DIMTP
 40
0.0
  9
$DIMTM
 40
0.0
  9
$DIMTXT
 40
0.18
  9
$DIMCEN
 40
0.09
  9
$DIMTSZ
 40
0.0
  9
$DIMTOL
 70
     0
  9
$DIMLIM
 70
     0
  9
$DIMTIH
 70
     1
  9
$DIMTOH
 70
     1
  9
$DIMSE1
 70
     0
  9
$DIMSE2
 70
     0
  9
$DIMTAD
 70
     0
  9
$DIMZIN
 70
     0
  9
$DIMBLK
  1

  9
$DIMASO
 70
     1
  9
$DIMSHO
 70
     1
  9
$DIMPOST
  1

  9
$DIMAPOST
  1

  9
$DIMALT
 70
     0
  9
$DIMALTD
 70
     2
  9
$DIMALTF
 40
0.0393700787401575
  9
$DIMLFAC
 40
1.0
  9
$DIMTOFL
 70
     0
  9
$DIMTVP
 40
0.0
  9
$DIMTIX
 70
     0
  9
$DIMSOXD
 70
     0
  9
$DIMSAH
 70
     0
  9
$DIMBLK1
  1

  9
$DIMBLK2
  1

  9
$DIMSTYLE
  2
Standard
  9
$DIMCLRD
 70
     0
  9
$DIMCLRE
 70
     0
  9
$DIMCLRT
 70
     0
  9
$DIMTFAC
 40
1.0
  9
$DIMGAP
 40
0.09
  9
$DIMJUST
 70
     0
  9
$DIMSD1
 70
     0
  9
$DIMSD2
 70
     0
  9
$DIMTOLJ
 70
     1
  9
$DIMTZIN
 70
     0
  9
$DIMALTZ
 70
     0
  9
$DIMALTTZ
 70
     0
  9
$DIMUPT
 70
     0
  9
$DIMDEC
 70
     4
  9
$DIMTDEC
 70
     4
  9
$DIMALTU
 70
     2
  9
$DIMALTTD
 70
     0
  9
$DIMTXSTY
  7
Standard
  9
$DIMAUNIT
 70
     0
  9
$DIMADEC
 70
     0
  9
$DIMALTRND
 40
0.0
  9
$DIMAZIN
 70
     0
  9
$DIMDSEP
 70
    46
  9
$DIMATFIT
 70
     0
  9
$DIMFRAC
 70
     0
  9
$DIMLDRBLK
  1

  9
$DIMLUNIT
 70
     2
  9
$DIMLWD
 70
    -2
  9
$DIMLWE
 70
    -2
  9
$DIMTMOVE
 70
     0
  9
$LUNITS
 70
     2
  9
$LUPREC
 70
     4
  9
$SKETCHINC
 40
0.1
  9
$FILLETRAD
 40
0.0
  9
$AUNITS
 70
     0
  9
$AUPREC
 70
     0
  9
$MENU
  1
.
  9
$ELEVATION
 40
0.0
  9
$PELEVATION
 40
0.0
  9
$THICKNESS
 40
0.0
  9
$LIMCHECK
 70
     0
  9
$CHAMFERA
 40
0.5
  9
$CHAMFERB
 40
0.5
  9
$CHAMFERC
 40
0.0
  9
$CHAMFERD
 40
0.0
  9
$SKPOLY
 70
     0
  9
$TDCREATE
 40
2461098.145092593
  9
$TDUCREATE
 40
2461098.270103206
  9
$TDUPDATE
 40
2461098.648657408
  9
$TDUUPDATE
 40
2461098.773657408
  9
$TDINDWG
 40
0.0034490741
  9
$TDUSRTIMER
 40
0.0034490856
  9
$USRTIMER
 70
     1
  9
$ANGBASE
 50
0.0
  9
$ANGDIR
 70
     1
  9
$PDMODE
 70
     0
  9
$PDSIZE
 40
0.0
  9
$PLINEWID
 40
0.0
  9
$SPLFRAME
 70
     0
  9
$SPLINETYPE
 70
     6
  9
$SPLINESEGS
 70
     8
  9
$HANDSEED
  5
3ED
  9
$SURFTAB1
 70
     6
  9
$SURFTAB2
 70
     6
  9
$SURFTYPE
 70
     6
  9
$SURFU
 70
     6
  9
$SURFV
 70
     6
  9
$UCSBASE
  2

  9
$UCSNAME
  2

  9
$UCSORG
 10
0.0
 20
0.0
 30
0.0
  9
$UCSXDIR
 10
1.0
 20
0.0
 30
0.0
  9
$UCSYDIR
 10
0.0
 20
1.0
 30
0.0
  9
$UCSORTHOREF
  2

  9
$UCSORTHOVIEW
 70
     0
  9
$UCSORGTOP
 10
0.0
 20
0.0
 30
0.0
  9
$UCSORGBOTTOM
 10
0.0
 20
0.0
 30
0.0
  9
$UCSORGLEFT
 10
0.0
 20
0.0
 30
0.0
  9
$UCSORGRIGHT
 10
0.0
 20
0.0
 30
0.0
  9
$UCSORGFRONT
 10
0.0
 20
0.0
 30
0.0
  9
$UCSORGBACK
 10
0.0
 20
0.0
 30
0.0
  9
$PUCSBASE
  2

  9
$PUCSNAME
  2

  9
$PUCSORG
 10
0.0
 20
0.0
 30
0.0
  9
$PUCSXDIR
 10
1.0
 20
0.0
 30
0.0
  9
$PUCSYDIR
 10
0.0
 20
1.0
 30
0.0
  9
$PUCSORTHOREF
  2

  9
$PUCSORTHOVIEW
 70
     0
  9
$PUCSORGTOP
 10
0.0
 20
0.0
 30
0.0
  9
$PUCSORGBOTTOM
 10
0.0
 20
0.0
 30
0.0
  9
$PUCSORGLEFT
 10
0.0
 20
0.0
 30
0.0
  9
$PUCSORGRIGHT
 10
0.0
 20
0.0
 30
0.0
  9
$PUCSORGFRONT
 10
0.0
 20
0.0
 30
0.0
  9
$PUCSORGBACK
 10
0.0
 20
0.0
 30
0.0
  9
$USERI1
 70
     0
  9
$USERI2
 70
     0
  9
$USERI3
 70
     0
  9
$USERI4
 70
     0
  9
$USERI5
 70
     0
  9
$USERR1
 40
0.0
  9
$USERR2
 40
0.0
  9
$USERR3
 40
0.0
  9
$USERR4
 40
0.0
  9
$USERR5
 40
0.0
  9
$WORLDVIEW
 70
     1
  9
$SHADEDGE
 70
     3
  9
$SHADEDIF
 70
    70
  9
$TILEMODE
 70
     1
  9
$MAXACTVP
 70
    48
  9
$PINSBASE
 10
0.0
 20
0.0
 30
0.0
  9
$PLIMCHECK
 70
     0
  9
$PEXTMIN
 10
1.000000000000000E+20
 20
1.000000000000000E+20
 30
1.000000000000000E+20
  9
$PEXTMAX
 10
-1.000000000000000E+20
 20
-1.000000000000000E+20
 30
-1.000000000000000E+20
  9
$PLIMMIN
 10
0.0
 20
0.0
  9
$PLIMMAX
 10
0.0
 20
0.0
  9
$UNITMODE
 70
     0
  9
$VISRETAIN
 70
     1
  9
$PLINEGEN
 70
     1
  9
$PSLTSCALE
 70
     1
  9
$TREEDEPTH
 70
  3020
  9
$CMLSTYLE
  2
STANDARD
  9
$CMLJUST
 70
     0
  9
$CMLSCALE
 40
1.0
  9
$PROXYGRAPHICS
 70
     1
  9
$MEASUREMENT
 70
     1
  9
$CELWEIGHT
370
    -1
  9
$ENDCAPS
280
     0
  9
$JOINSTYLE
280
     0
  9
$LWDISPLAY
290
     1
  9
$INSUNITS
 70
     4
  9
$HYPERLINKBASE
  1

  9
$STYLESHEET
  1

  9
$XEDIT
290
     1
  9
$CEPSNTYPE
380
     0
  9
$PSTYLEMODE
290
     0
  9
$FINGERPRINTGUID
  2

  9
$VERSIONGUID
  2
{BFA71B4D-45F6-0945-B63B-6F012614F87E}
  9
$EXTNAMES
290
     1
  9
$PSVPSCALE
 40
0.0
  9
$OLESTARTUP
290
     0
  0
ENDSEC
  0
SECTION
  2
CLASSES
  0
CLASS
  1
RASTERVARIABLES
  2
AcDbRasterVariables
  3
ISM
 90
    32768
280
     0
281
     0
  0
CLASS
  1
IMAGEDEF
  2
AcDbRasterImageDef
  3
ISM
 90
    32768
280
     0
281
     0
  0
CLASS
  1
IMAGEDEF_REACTOR
  2
AcDbRasterImageDefReactor
  3
ISM
 90
    32769
280
     0
281
     0
  0
CLASS
  1
IMAGE
  2
AcDbRasterImage
  3
ISM
 90
    34943
280
     0
281
     1
  0
CLASS
  1
ACAD_EVALUATION_GRAPH
  2
AcDbEvalGraph
  3
ObjectDBX Classes
 90
    33921
280
     0
281
     0
  0
CLASS
  1
BLOCKPOINTPARAMETER
  2
AcDbBlockPointParameter
  3
ObjectDBX Classes
 90
    33921
280
     0
281
     0
  0
CLASS
  1
BLOCKBASEPOINTPARAMETER
  2
AcDbBlockBasepointParameter
  3
ObjectDBX Classes
 90
    33921
280
     0
281
     0
  0
CLASS
  1
BLOCKLOOKUPPARAMETER
  2
AcDbBlockLookupParameter
  3
ObjectDBX Classes
 90
    33921
280
     0
281
     0
  0
CLASS
  1
BLOCKVISIBILITYPARAMETER
  2
AcDbBlockVisibilityParameter
  3
ObjectDBX Classes
 90
    33921
280
     0
281
     0
  0
CLASS
  1
BLOCKPROPERTIESTABLE
  2
AcDbBlockPropertiesTable
  3
ObjectDBX Classes
 90
    33921
280
     0
281
     0
  0
CLASS
  1
BLOCKPOLARPARAMETER
  2
AcDbBlockPolarParameter
  3
ObjectDBX Classes
 90
    33921
280
     0
281
     0
  0
CLASS
  1
BLOCKROTATIONPARAMETER
  2
AcDbBlockRotationParameter
  3
ObjectDBX Classes
 90
    33921
280
     0
281
     0
  0
CLASS
  1
BLOCKLINEARPARAMETER
  2
AcDbBlockLinearParameter
  3
ObjectDBX Classes
 90
    33921
280
     0
281
     0
  0
CLASS
  1
BLOCKXYPARAMETER
  2
AcDbBlockXYParameter
  3
ObjectDBX Classes
 90
    33921
280
     0
281
     0
  0
CLASS
  1
BLOCKFLIPPARAMETER
  2
AcDbBlockFlipParameter
  3
ObjectDBX Classes
 90
    33921
280
     0
281
     0
  0
CLASS
  1
BLOCKALIGNMENTPARAMETER
  2
AcDbBlockAlignmentParameter
  3
ObjectDBX Classes
 90
    33921
280
     0
281
     0
  0
CLASS
  1
BLOCKROTATEACTION
  2
AcDbBlockRotateAction
  3
ObjectDBX Classes
 90
    33921
280
     0
281
     0
  0
CLASS
  1
BLOCKSCALEACTION
  2
AcDbBlockScaleAction
  3
ObjectDBX Classes
 90
    33921
280
     0
281
     0
  0
CLASS
  1
BLOCKARRAYACTION
  2
AcDbBlockArrayAction
  3
ObjectDBX Classes
 90
    33921
280
     0
281
     0
  0
CLASS
  1
BLOCKFLIPACTION
  2
AcDbBlockFlipAction
  3
ObjectDBX Classes
 90
    33921
280
     0
281
     0
  0
CLASS
  1
BLOCKLOOKUPACTION
  2
AcDbBlockLookupAction
  3
ObjectDBX Classes
 90
    33921
280
     0
281
     0
  0
CLASS
  1
BLOCKMOVEACTION
  2
AcDbBlockMoveAction
  3
ObjectDBX Classes
 90
    33921
280
     0
281
     0
  0
CLASS
  1
BLOCKPOLARSTRETCHACTION
  2
AcDbBlockPolarStretchAction
  3
ObjectDBX Classes
 90
    33921
280
     0
281
     0
  0
CLASS
  1
BLOCKSTRETCHACTION
  2
AcDbBlockStretchAction
  3
ObjectDBX Classes
 90
    33921
280
     0
281
     0
  0
CLASS
  1
BLOCKALIGNMENTGRIP
  2
AcDbBlockAlignmentGrip
  3
ObjectDBX Classes
 90
    33921
280
     0
281
     0
  0
CLASS
  1
BLOCKFLIPGRIP
  2
AcDbBlockFlipGrip
  3
ObjectDBX Classes
 90
    33921
280
     0
281
     0
  0
CLASS
  1
ACDB_BLOCKREPRESENTATION_DATA
  2
AcDbBlockRepresentationData
  3
ObjectDBX Classes
 90
    33921
280
     0
281
     0
  0
CLASS
  1
ACDB_DYNAMICBLOCKPURGEPREVENTER_VERSION
  2
AcDbDynamicBlockPurgePreventer
  3
ObjectDBX Classes
 90
    33921
280
     0
281
     0
  0
CLASS
  1
BLOCKLINEARGRIP
  2
AcDbBlockLinearGrip
  3
ObjectDBX Classes
 90
    33921
280
     0
281
     0
  0
CLASS
  1
BLOCKLOOKUPGRIP
  2
AcDbBlockLookupGrip
  3
ObjectDBX Classes
 90
    33921
280
     0
281
     0
  0
CLASS
  1
BLOCKPOLARGRIP
  2
AcDbBlockPolarGrip
  3
ObjectDBX Classes
 90
    33921
280
     0
281
     0
  0
CLASS
  1
BLOCKPROPERTIESTABLEGRIP
  2
AcDbBlockPropertiesTableGrip
  3
ObjectDBX Classes
 90
    33921
280
     0
281
     0
  0
CLASS
  1
BLOCKROTATIONGRIP
  2
AcDbBlockRotationGrip
  3
ObjectDBX Classes
 90
    33921
280
     0
281
     0
  0
CLASS
  1
BLOCKVISIBILITYGRIP
  2
AcDbBlockVisibilityGrip
  3
ObjectDBX Classes
 90
    33921
280
     0
281
     0
  0
CLASS
  1
BLOCKXYGRIP
  2
AcDbBlockXYGrip
  3
ObjectDBX Classes
 90
    33921
280
     0
281
     0
  0
CLASS
  1
BLOCKGRIPLOCATIONCOMPONENT
  2
AcDbBlockGripExpr
  3
ObjectDBX Classes
 90
    33921
280
     0
281
     0
  0
CLASS
  1
ACDB_DYNAMICBLOCKPROXYNODE
  2
AcDbDynamicBlockProxyNode
  3
ObjectDBX Classes
 90
    33921
280
     0
281
     0
  0
CLASS
  1
BLOCKLINEARCONSTRAINTPARAMETER
  2
AcDbBlockLinearConstraintParameter
  3
ObjectDBX Classes
 90
    33921
280
     0
281
     0
  0
CLASS
  1
BLOCKHORIZONTALCONSTRAINTPARAMETER
  2
AcDbBlockHorizontalConstraintParameter
  3
ObjectDBX Classes
 90
    33921
280
     0
281
     0
  0
CLASS
  1
BLOCKVERTICALCONSTRAINTPARAMETER
  2
AcDbBlockVerticalConstraintParameter
  3
ObjectDBX Classes
 90
    33921
280
     0
281
     0
  0
CLASS
  1
BLOCKALIGNEDCONSTRAINTPARAMETER
  2
AcDbBlockAlignedConstraintParameter
  3
ObjectDBX Classes
 90
    33921
280
     0
281
     0
  0
CLASS
  1
BLOCKANGULARCONSTRAINTPARAMETER
  2
AcDbBlockAngularConstraintParameter
  3
ObjectDBX Classes
 90
    33921
280
     0
281
     0
  0
CLASS
  1
BLOCKDIAMETRICCONSTRAINTPARAMETER
  2
AcDbBlockDiametricConstraintParameter
  3
ObjectDBX Classes
 90
    33921
280
     0
281
     0
  0
CLASS
  1
BLOCKRADIALCONSTRAINTPARAMETER
  2
AcDbBlockRadialConstraintParameter
  3
ObjectDBX Classes
 90
    33921
280
     0
281
     0
  0
CLASS
  1
FIELDLIST
  2
AcDbFieldList
  3
ObjectDBX Classes
 90
     1152
280
     0
281
     0
  0
CLASS
  1
ACDBDICTIONARYWDFLT
  2
AcDbDictionaryWithDefault
  3
ObjectDBX Classes
 90
        0
280
     0
281
     0
  0
CLASS
  1
CELLSTYLEMAP
  2
AcDbCellStyleMap
  3
ObjectDBX Classes
 90
     1152
280
     0
281
     0
  0
CLASS
  1
MLEADERSTYLE
  2
AcDbMLeaderStyle
  3
ACDB_MLEADERSTYLE_CLASS
 90
     4095
280
     0
281
     0
  0
CLASS
  1
TABLESTYLE
  2
AcDbTableStyle
  3
ObjectDBX Classes
 90
     4095
280
     0
281
     0
  0
CLASS
  1
DICTIONARYVAR
  2
AcDbDictionaryVar
  3
ObjectDBX Classes
 90
        0
280
     0
281
     0
  0
CLASS
  1
MATERIAL
  2
AcDbMaterial
  3
ObjectDBX Classes
 90
     1153
280
     0
281
     0
  0
CLASS
  1
VISUALSTYLE
  2
AcDbVisualStyle
  3
ObjectDBX Classes
 90
     4095
280
     0
281
     0
  0
CLASS
  1
SCALE
  2
AcDbScale
  3
ObjectDBX Classes
 90
     1153
280
     0
281
     0
  0
CLASS
  1
ACDBSECTIONVIEWSTYLE
  2
AcDbSectionViewStyle
  3
ObjectDBX Classes
 90
     1025
280
     0
281
     0
  0
CLASS
  1
ACDBDETAILVIEWSTYLE
  2
AcDbDetailViewStyle
  3
ObjectDBX Classes
 90
     1025
280
     0
281
     0
  0
CLASS
  1
ACDBPLACEHOLDER
  2
AcDbPlaceHolder
  3
ObjectDBX Classes
 90
        0
280
     0
281
     0
  0
CLASS
  1
LAYOUT
  2
AcDbLayout
  3
ObjectDBX Classes
 90
        0
280
     0
281
     0
  0
ENDSEC
  0
SECTION
  2
TABLES
  0
TABLE
  2
VPORT
  5
8
330
0
100
AcDbSymbolTable
 70
     1
  0
VPORT
  5
1ED
330
8
100
AcDbSymbolTableRecord
100
AcDbViewportTableRecord
  2
*Active
 70
     0
 10
0.0
 20
0.0
 11
1.0
 21
1.0
 12
3387.570530127205
 22
884.7470056654966
 13
0.0
 23
0.0
 14
1.0
 24
1.0
 15
0.0
 25
0.0
 16
0.0
 26
0.0
 36
1.0
 17
0.0
 27
0.0
 37
0.0
 40
5718.309131679569
 41
2.351715686274509
 42
50.0
 43
0.0
 44
0.0
 50
0.0
 51
0.0
 71
     0
 72
 20000
 73
     1
 74
     1
 75
     0
 76
     0
 77
     0
 78
     0
281
     0
 65
     1
110
0.0
120
0.0
130
0.0
111
1.0
121
0.0
131
0.0
112
0.0
122
1.0
132
0.0
 79
     0
146
0.0
1001
ACAD_NAV_VCDISPLAY
1070
     3
  0
ENDTAB
  0
TABLE
  2
LTYPE
  5
5
330
0
100
AcDbSymbolTable
 70
     1
  0
LTYPE
  5
14
330
5
100
AcDbSymbolTableRecord
100
AcDbLinetypeTableRecord
  2
ByBlock
 70
     0
  3

 72
    65
 73
     0
 40
0.0
  0
LTYPE
  5
15
330
5
100
AcDbSymbolTableRecord
100
AcDbLinetypeTableRecord
  2
ByLayer
 70
     0
  3

 72
    65
 73
     0
 40
0.0
  0
LTYPE
  5
16
330
5
100
AcDbSymbolTableRecord
100
AcDbLinetypeTableRecord
  2
Continuous
 70
     0
  3
Solid line
 72
    65
 73
     0
 40
0.0
  0
ENDTAB
  0
TABLE
  2
LAYER
  5
2
102
{ACAD_XDICTIONARY
360
266
102
}
330
0
100
AcDbSymbolTable
 70
    14
  0
LAYER
  5
10
102
{ACAD_XDICTIONARY
360
2E4
102
}
330
2
100
AcDbSymbolTableRecord
100
AcDbLayerTableRecord
  2
0
 70
     0
 62
     7
  6
Continuous
370
    -3
390
F
  0
LAYER
  5
27
102
{ACAD_XDICTIONARY
360
2E6
102
}
330
2
100
AcDbSymbolTableRecord
100
AcDbLayerTableRecord
  2
sheet
 70
     0
 62
    24
  6
Continuous
370
    -3
390
F
  0
LAYER
  5
28
102
{ACAD_XDICTIONARY
360
2E8
102
}
330
2
100
AcDbSymbolTableRecord
100
AcDbLayerTableRecord
  2
1LBR001088
 70
     0
 62
     7
  6
Continuous
370
    -3
390
F
  0
LAYER
  5
29
102
{ACAD_XDICTIONARY
360
2EA
102
}
330
2
100
AcDbSymbolTableRecord
100
AcDbLayerTableRecord
  2
Texto
 70
     0
 62
     7
  6
Continuous
370
    -3
390
F
  0
LAYER
  5
2A
102
{ACAD_XDICTIONARY
360
2EC
102
}
330
2
100
AcDbSymbolTableRecord
100
AcDbLayerTableRecord
  2
13671716
 70
     0
 62
     7
  6
Continuous
370
    -3
390
F
  0
LAYER
  5
2B
102
{ACAD_XDICTIONARY
360
2EE
102
}
330
2
100
AcDbSymbolTableRecord
100
AcDbLayerTableRecord
  2
Chanfro
 70
     0
 62
     7
  6
Continuous
370
    -3
390
F
  0
LAYER
  5
2C
102
{ACAD_XDICTIONARY
360
2F0
102
}
330
2
100
AcDbSymbolTableRecord
100
AcDbLayerTableRecord
  2
13597768v0
 70
     0
 62
     7
  6
Continuous
370
    -3
390
F
  0
LAYER
  5
2D
102
{ACAD_XDICTIONARY
360
2F2
102
}
330
2
100
AcDbSymbolTableRecord
100
AcDbLayerTableRecord
  2
13497886
 70
     0
 62
     7
  6
Continuous
370
    -3
390
F
  0
LAYER
  5
2E
102
{ACAD_XDICTIONARY
360
2F4
102
}
330
2
100
AcDbSymbolTableRecord
100
AcDbLayerTableRecord
  2
MN-22044-14
 70
     0
 62
     7
  6
Continuous
370
    -3
390
F
  0
LAYER
  5
2F
102
{ACAD_XDICTIONARY
360
2F6
102
}
330
2
100
AcDbSymbolTableRecord
100
AcDbLayerTableRecord
  2
MN-22044-12
 70
     0
 62
     7
  6
Continuous
370
    -3
390
F
  0
LAYER
  5
30
102
{ACAD_XDICTIONARY
360
2F8
102
}
330
2
100
AcDbSymbolTableRecord
100
AcDbLayerTableRecord
  2
13771241v02
 70
     0
 62
     7
  6
Continuous
370
    -3
390
F
  0
LAYER
  5
31
102
{ACAD_XDICTIONARY
360
2FA
102
}
330
2
100
AcDbSymbolTableRecord
100
AcDbLayerTableRecord
  2
Stats
 70
     0
 62
     7
  6
Continuous
370
    -3
390
F
  0
LAYER
  5
32
330
2
100
AcDbSymbolTableRecord
100
AcDbLayerTableRecord
  2
DEFPOINTS
 70
     0
 62
     7
  6
Continuous
290
     0
370
    -3
390
F
  0
LAYER
  5
25C
102
{ACAD_XDICTIONARY
360
2FC
102
}
330
2
100
AcDbSymbolTableRecord
100
AcDbLayerTableRecord
  2
Rebaixo
 70
     0
 62
     6
  6
Continuous
370
    -3
390
F
1001
AcAecLayerStandard
1000

1000

1001
AcCmTransparency
1071
        0
  0
ENDTAB
  0
TABLE
  2
STYLE
  5
3
330
0
100
AcDbSymbolTable
 70
     1
  0
STYLE
  5
11
330
3
100
AcDbSymbolTableRecord
100
AcDbTextStyleTableRecord
  2
Standard
 70
     0
 40
0.0
 41
1.0
 50
0.0
 71
     0
 42
0.2
  3
txt.shx
  4

  0
ENDTAB
  0
TABLE
  2
VIEW
  5
6
330
0
100
AcDbSymbolTable
 70
     0
  0
ENDTAB
  0
TABLE
  2
UCS
  5
7
330
0
100
AcDbSymbolTable
 70
     0
  0
ENDTAB
  0
TABLE
  2
APPID
  5
9
330
0
100
AcDbSymbolTable
 70
     9
  0
APPID
  5
12
330
0
100
AcDbSymbolTableRecord
100
AcDbRegAppTableRecord
  2
ACAD
 70
     0
  0
APPID
  5
210
330
0
100
AcDbSymbolTableRecord
100
AcDbRegAppTableRecord
  2
ACAD_MLEADERVER
 70
     0
  0
APPID
  5
25F
330
9
100
AcDbSymbolTableRecord
100
AcDbRegAppTableRecord
  2
ACAD_PSEXT
 70
     0
  0
APPID
  5
260
330
9
100
AcDbSymbolTableRecord
100
AcDbRegAppTableRecord
  2
AcadAnnotative
 70
     0
  0
APPID
  5
261
330
9
100
AcDbSymbolTableRecord
100
AcDbRegAppTableRecord
  2
ACAD_DSTYLE_DIMJAG
 70
     0
  0
APPID
  5
262
330
9
100
AcDbSymbolTableRecord
100
AcDbRegAppTableRecord
  2
ACAD_DSTYLE_DIMTALN
 70
     0
  0
APPID
  5
263
330
9
100
AcDbSymbolTableRecord
100
AcDbRegAppTableRecord
  2
ACAD_NAV_VCDISPLAY
 70
     0
  0
APPID
  5
264
330
9
100
AcDbSymbolTableRecord
100
AcDbRegAppTableRecord
  2
AcAecLayerStandard
 70
     0
  0
APPID
  5
265
330
9
100
AcDbSymbolTableRecord
100
AcDbRegAppTableRecord
  2
AcCmTransparency
 70
     0
  0
ENDTAB
  0
TABLE
  2
DIMSTYLE
  5
A
330
0
100
AcDbSymbolTable
 70
     3
100
AcDbDimStyleTable
 71
     0
  0
DIMSTYLE
105
1EC
330
A
100
AcDbSymbolTableRecord
100
AcDbDimStyleTableRecord
  2
Standard
 70
     0
143
1.0
274
     0
289
     0
340
11
  0
DIMSTYLE
105
25D
330
A
100
AcDbSymbolTableRecord
100
AcDbDimStyleTableRecord
  2
Annotative
 70
     0
 40
0.0
 41
2.5
 42
0.625
 43
3.75
 44
1.25
 73
     0
 74
     0
 77
     1
 78
     8
140
2.5
141
2.5
143
0.03937007874016
147
0.625
171
     3
172
     1
271
     2
272
     2
274
     3
278
    44
283
     0
284
     8
340
11
1001
AcadAnnotative
1000
AnnotativeData
1002
{
1070
     1
1070
     1
1002
}
1001
ACAD_DSTYLE_DIMJAG
1070
   388
1040
1.5
1001
ACAD_DSTYLE_DIMTALN
1070
   392
1070
     0
  0
DIMSTYLE
105
25E
330
A
100
AcDbSymbolTableRecord
100
AcDbDimStyleTableRecord
  2
ISO-25
 70
     0
 41
2.5
 42
0.625
 43
3.75
 44
1.25
 73
     0
 74
     0
 77
     1
 78
     8
140
2.5
141
2.5
143
0.03937007874016
147
0.625
171
     3
172
     1
271
     2
272
     2
274
     3
278
    44
283
     0
284
     8
340
11
  0
ENDTAB
  0
TABLE
  2
BLOCK_RECORD
  5
1
330
0
100
AcDbSymbolTable
 70
     1
  0
BLOCK_RECORD
  5
1F
330
1
100
AcDbSymbolTableRecord
100
AcDbBlockTableRecord
  2
*Model_Space
340
22
  0
BLOCK_RECORD
  5
1E9
330
1
100
AcDbSymbolTableRecord
100
AcDbBlockTableRecord
  2
*Paper_Space
340
1E
  0
ENDTAB
  0
ENDSEC
  0
SECTION
  2
BLOCKS
  0
BLOCK
  5
20
330
1F
100
AcDbEntity
  8
0
100
AcDbBlockBegin
  2
*Model_Space
 70
     0
 10
0.0
 20
0.0
 30
0.0
  3
*Model_Space
  1

  0
ENDBLK
  5
21
330
1F
100
AcDbEntity
  8
0
100
AcDbBlockEnd
  0
BLOCK
  5
1EA
330
1E9
100
AcDbEntity
 67
     1
  8
0
100
AcDbBlockBegin
  2
*Paper_Space
 70
     0
 10
0.0
 20
0.0
 30
0.0
  3
*Paper_Space
  1

  0
ENDBLK
  5
1EB
330
1E9
100
AcDbEntity
 67
     1
  8
0
100
AcDbBlockEnd
  0
ENDSEC
  0
SECTION
  2
ENTITIES
  0
LWPOLYLINE
  5
33
330
1F
100
AcDbEntity
  8
sheet
 62
     7
100
AcDbPolyline
 90
        4
 70
     1
 43
0.0
 10
0.0000001
 20
0.0000001
 10
2400.0000001
 20
0.0000001
 10
2400.0000001
 20
1860.0000001
 10
0.0000001
 20
1860.0000001
  0
LWPOLYLINE
  5
34
330
1F
100
AcDbEntity
  8
1LBR001088
 62
     7
100
AcDbPolyline
 90
       36
 70
     1
 43
0.0
 10
108.2743225734795
 20
1818.579418794076
 10
110.911524012568
 20
1794.724751146639
 42
0.4142135623077168
 10
114.2230076483837
 20
1792.072567870596
 10
257.3510135330047
 20
1807.895776505127
 10
258.999264432435
 20
1792.986609225479
 10
115.871258547814
 20
1777.163400590948
 42
0.4142135624627594
 10
113.2190752717704
 20
1773.851916955132
 10
114.7574427779054
 20
1759.936694160794
 42
0.4142135624386309
 10
118.0689264137211
 20
1757.28451088475
 10
149.8751499436368
 20
1760.800779470202
 10
152.0728178095439
 20
1740.921889764004
 10
50.69048030793744
 20
1729.713783647878
 42
0.4142135622100016
 10
48.0382970318939
 20
1726.402300012062
 10
59.24640314802004
 20
1625.019962510456
 42
0.4142135622966404
 10
62.5578867838357
 20
1622.367779234413
 10
237.4921161983725
 20
1641.707256454395
 42
0.4142135622960071
 10
240.144299474416
 20
1645.018740090211
 10
236.408264102374
 20
1678.812852590746
 42
0.414213562472577
 10
233.0967804665583
 20
1681.46503586679
 10
84.99905215538795
 20
1665.092410265781
 10
83.35080125595766
 20
1680.00157754543
 10
231.448529567128
 20
1696.374203146438
 42
0.4142135624006986
 10
234.1007128431715
 20
1699.685686782254
 10
232.5623453370365
 20
1713.600909576591
 42
0.4142135622929183
 10
229.2508617012209
 20
1716.253092852635
 10
81.15313339005057
 20
1699.880467251627
 10
79.50488249062023
 20
1714.789634531275
 10
229.579937239001
 20
1731.380859200726
 42
0.1639123517578934
 10
231.3169996003809
 20
1732.188135397862
 10
275.3735442353295
 20
1774.059745333019
 42
-0.1639123517618908
 10
277.1106065967093
 20
1774.867021530154
 10
293.0031558282578
 20
1776.623988104733
 42
0.4142135624403411
 10
295.6553391043014
 20
1779.935471740549
 10
289.1722188998755
 20
1838.578196373831
 42
0.4142135623223527
 10
285.8607352640598
 20
1841.230379649874
 10
110.9265058495231
 20
1821.890902429892
 42
0.414213562320491
  0
CIRCLE
  5
35
330
1F
100
AcDbEntity
  8
1LBR001088
 62
     7
100
AcDbCircle
 10
218.3973920821976
 20
1659.718128474571
 30
0.0
 40
7.0
  0
CIRCLE
  5
36
330
1F
100
AcDbEntity
  8
1LBR001088
 62
     7
100
AcDbCircle
 10
208.5078866856157
 20
1749.173132152459
 30
0.0
 40
7.0
  0
MTEXT
  5
37
102
{ACAD_XDICTIONARY
360
306
102
}
330
1F
100
AcDbEntity
  8
Texto
 62
     7
100
AcDbMText
 10
77.34700250039408
 20
1727.073048915205
 30
0.0
 40
10.0
 41
94.5260650607579
 71
     1
 72
     5
  1
{\W0.476303; }1LBR001088 \P{\W2.726303; }pos.6
 11
0.1098833932953515
 21
-0.9939444853098684
 31
0.0
 73
     1
 44
1.0
1001
ACAD
1000
MTEXTBEGIN
1070
    73
1070
     1
1070
    44
1040
1.0
1070
    74
1070
     0
1000
MTEXTEND
  0
LWPOLYLINE
  5
38
330
1F
100
AcDbEntity
  8
1LBR001088
 62
     7
100
AcDbPolyline
 90
       36
 70
     1
 43
0.0
 10
322.8571195046449
 20
1819.310741686601
 10
325.4943209437334
 20
1795.456074039163
 42
0.4142135623078402
 10
328.8058045795491
 20
1792.80389076312
 10
471.93381046417
 20
1808.627099397651
 10
473.5820613636003
 20
1793.717932118003
 10
330.4540554789793
 20
1777.894723483472
 42
0.4142135624629557
 10
327.8018722029357
 20
1774.583239847656
 10
329.3402397090708
 20
1760.668017053318
 42
0.4142135624387569
 10
332.6517233448864
 20
1758.015833777275
 10
364.4579468748022
 20
1761.532102362726
 10
366.6556147407092
 20
1741.653212656528
 10
265.2732772391027
 20
1730.445106540402
 42
0.4142135622112141
 10
262.6210939630592
 20
1727.133622904587
 10
273.8292000791853
 20
1625.75128540298
 42
0.4142135622978071
 10
277.140683715001
 20
1623.099102126937
 10
452.0749131295377
 20
1642.438579346919
 42
0.4142135622991198
 10
454.7270964055813
 20
1645.750062982735
 10
450.9910610335392
 20
1679.54417548327
 42
0.4142135624757247
 10
447.6795773977236
 20
1682.196358759314
 10
299.5818490865533
 20
1665.823733158306
 10
297.933598187123
 20
1680.732900437954
 10
446.0313264982932
 20
1697.105526038962
 42
0.4142135624039441
 10
448.6835097743367
 20
1700.417009674777
 10
447.1451422682018
 20
1714.332232469115
 42
0.4142135622961665
 10
443.8336586323862
 20
1716.984415745159
 10
295.7359303212158
 20
1700.611790144152
 10
294.0876794217856
 20
1715.520957423799
 10
444.1627341701663
 20
1732.112182093251
 42
0.1639123517612397
 10
445.8997965315462
 20
1732.919458290386
 10
489.9563411664948
 20
1774.791068225543
 42
-0.1639123517626162
 10
491.6934035278745
 20
1775.598344422678
 10
507.5859527594231
 20
1777.355310997257
 42
0.4142135624427417
 10
510.2381360354668
 20
1780.666794633073
 10
503.7550158310408
 20
1839.309519266355
 42
0.4142135623246233
 10
500.4435321952252
 20
1841.961702542398
 10
325.5093027806883
 20
1822.622225322416
 42
0.4142135623207512
  0
CIRCLE
  5
39
330
1F
100
AcDbEntity
  8
1LBR001088
 62
     7
100
AcDbCircle
 10
432.980189013363
 20
1660.449451367095
 30
0.0
 40
7.0
  0
CIRCLE
  5
3A
330
1F
100
AcDbEntity
  8
1LBR001088
 62
     7
100
AcDbCircle
 10
423.090683616781
 20
1749.904455044983
 30
0.0
 40
7.0
  0
MTEXT
  5
3B
102
{ACAD_XDICTIONARY
360
308
102
}
330
1F
100
AcDbEntity
  8
Texto
 62
     7
100
AcDbMText
 10
291.9297994315594
 20
1727.804371807729
 30
0.0
 40
10.0
 41
94.5260650607579
 71
     1
 72
     5
  1
{\W0.476303; }1LBR001088 \P{\W2.726303; }pos.6
 11
0.1098833932953797
 21
-0.9939444853098652
 31
0.0
 73
     1
 44
1.0
1001
ACAD
1000
MTEXTBEGIN
1070
    73
1070
     1
1070
    44
1040
1.0
1070
    74
1070
     0
1000
MTEXTEND
  0
LWPOLYLINE
  5
3C
330
1F
100
AcDbEntity
  8
1LBR001088
 62
     7
100
AcDbPolyline
 90
       36
 70
     1
 43
0.0
 10
530.8247736837549
 20
1819.310741686601
 10
533.4619751228435
 20
1795.456074039163
 42
0.4142135624623741
 10
536.7734587586591
 20
1792.80389076312
 10
679.9014646432801
 20
1808.627099397651
 10
681.5497155427104
 20
1793.717932118003
 10
538.4217096580895
 20
1777.894723483472
 42
0.4142135623935646
 10
535.769526382046
 20
1774.583239847656
 10
537.3078938881808
 20
1760.668017053318
 42
0.4142135623863512
 10
540.6193775239966
 20
1758.015833777275
 10
572.4256010539123
 20
1761.532102362726
 10
574.6232689198194
 20
1741.653212656528
 10
473.2409314182128
 20
1730.445106540402
 42
0.4142135624539792
 10
470.5887481421693
 20
1727.133622904587
 10
481.7968542582955
 20
1625.75128540298
 42
0.4142135622470867
 10
485.1083378941111
 20
1623.099102126937
 10
660.0425673086477
 20
1642.438579346919
 42
0.4142135622452218
 10
662.6947505846914
 20
1645.750062982735
 10
658.9587152126494
 20
1679.54417548327
 42
0.4142135624047654
 10
655.6472315768337
 20
1682.196358759314
 10
507.5495032656633
 20
1665.823733158306
 10
505.9012523662331
 20
1680.732900437954
 10
653.9989806774034
 20
1697.105526038962
 42
0.4142135622464623
 10
656.6511639534469
 20
1700.417009674777
 10
655.112796447312
 20
1714.332232469115
 42
0.4142135623287068
 10
651.8013128114963
 20
1716.984415745159
 10
503.703584500326
 20
1700.611790144152
 10
502.0553336008957
 20
1715.520957423799
 10
652.1303883492764
 20
1732.112182093251
 42
0.1639123518714972
 10
653.8674507106563
 20
1732.919458290386
 10
697.9239953456048
 20
1774.791068225543
 42
-0.1639123518073069
 10
699.6610577069847
 20
1775.598344422678
 10
715.5536069385333
 20
1777.355310997257
 42
0.4142135623905138
 10
718.2057902145767
 20
1780.666794633073
 10
711.7226700101511
 20
1839.309519266355
 42
0.4142135623590815
 10
708.4111863743352
 20
1841.961702542398
 10
533.4769569597985
 20
1822.622225322416
 42
0.4142135623549262
  0
CIRCLE
  5
3D
330
1F
100
AcDbEntity
  8
1LBR001088
 62
     7
100
AcDbCircle
 10
640.9478431924731
 20
1660.449451367095
 30
0.0
 40
7.0
  0
CIRCLE
  5
3E
330
1F
100
AcDbEntity
  8
1LBR001088
 62
     7
100
AcDbCircle
 10
631.0583377958911
 20
1749.904455044983
 30
0.0
 40
7.0
  0
MTEXT
  5
3F
102
{ACAD_XDICTIONARY
360
30A
102
}
330
1F
100
AcDbEntity
  8
Texto
 62
     7
100
AcDbMText
 10
499.8974536106694
 20
1727.804371807729
 30
0.0
 40
10.0
 41
94.5260650607579
 71
     1
 72
     5
  1
{\W0.476303; }1LBR001088 \P{\W2.726303; }pos.6
 11
0.1098833932953797
 21
-0.9939444853098652
 31
0.0
 73
     1
 44
1.0
1001
ACAD
1000
MTEXTBEGIN
1070
    73
1070
     1
1070
    44
1040
1.0
1070
    74
1070
     0
1000
MTEXTEND
  0
LWPOLYLINE
  5
40
330
1F
100
AcDbEntity
  8
1LBR001088
 62
     7
100
AcDbPolyline
 90
       36
 70
     1
 43
0.0
 10
738.7924278628651
 20
1819.310741686601
 10
741.4296293019535
 20
1795.456074039163
 42
0.4142135626150498
 10
744.7411129377693
 20
1792.80389076312
 10
887.8691188223903
 20
1808.627099397651
 10
889.5173697218208
 20
1793.717932118003
 10
746.3893638371995
 20
1777.894723483472
 42
0.4142135622852894
 10
743.737180561156
 20
1774.583239847656
 10
745.275548067291
 20
1760.668017053318
 42
0.4142135623283698
 10
748.5870317031067
 20
1758.015833777275
 10
780.3932552330224
 20
1761.532102362726
 10
782.5909230989296
 20
1741.653212656528
 10
681.2085855973229
 20
1730.445106540402
 42
0.4142135623496238
 10
678.5564023212795
 20
1727.133622904587
 10
689.7645084374056
 20
1625.75128540298
 42
0.414213562176009
 10
693.0759920732213
 20
1623.099102126937
 10
868.010221487758
 20
1642.438579346919
 42
0.4142135621708487
 10
870.6624047638015
 20
1645.750062982735
 10
866.9263693917596
 20
1679.54417548327
 42
0.4142135623040601
 10
863.6148857559438
 20
1682.196358759314
 10
715.5171574447735
 20
1665.823733158306
 10
713.8689065453433
 20
1680.732900437954
 10
861.9666348565136
 20
1697.105526038962
 42
0.4142135625917354
 10
864.618818132557
 20
1700.417009674777
 10
863.0804506264221
 20
1714.332232469115
 42
0.4142135624313535
 10
859.7689669906065
 20
1716.984415745159
 10
711.6712386794362
 20
1700.611790144152
 10
710.0229877800058
 20
1715.520957423799
 10
860.0980425283866
 20
1732.112182093251
 42
0.1639123517353995
 10
861.8351048897663
 20
1732.919458290386
 10
905.8916495247149
 20
1774.791068225543
 42
-0.1639123520663406
 10
907.6287118860948
 20
1775.598344422678
 10
923.5212611176434
 20
1777.355310997257
 42
0.4142135623033773
 10
926.173444393687
 20
1780.666794633073
 10
919.6903241892613
 20
1839.309519266355
 42
0.4142135624238718
 10
916.3788405534454
 20
1841.961702542398
 10
741.4446111389087
 20
1822.622225322416
 42
0.414213562448809
  0
CIRCLE
  5
41
330
1F
100
AcDbEntity
  8
1LBR001088
 62
     7
100
AcDbCircle
 10
848.9154973715832
 20
1660.449451367095
 30
0.0
 40
7.0
  0
CIRCLE
  5
42
330
1F
100
AcDbEntity
  8
1LBR001088
 62
     7
100
AcDbCircle
 10
839.0259919750013
 20
1749.904455044983
 30
0.0
 40
7.0
  0
MTEXT
  5
43
102
{ACAD_XDICTIONARY
360
30C
102
}
330
1F
100
AcDbEntity
  8
Texto
 62
     7
100
AcDbMText
 10
707.8651077897798
 20
1727.804371807729
 30
0.0
 40
10.0
 41
94.5260650607579
 71
     1
 72
     5
  1
{\W0.476303; }1LBR001088 \P{\W2.726303; }pos.6
 11
0.1098833932952668
 21
-0.9939444853098777
 31
0.0
 73
     1
 44
1.0
1001
ACAD
1000
MTEXTBEGIN
1070
    73
1070
     1
1070
    44
1040
1.0
1070
    74
1070
     0
1000
MTEXTEND
  0
LWPOLYLINE
  5
44
330
1F
100
AcDbEntity
  8
1LBR001088
 62
     7
100
AcDbPolyline
 90
       36
 70
     1
 43
0.0
 10
946.7600820419752
 20
1819.310741686601
 10
949.3972834810637
 20
1795.456074039163
 42
0.4142135623168909
 10
952.7087671168793
 20
1792.80389076312
 10
1095.8367730015
 20
1808.627099397651
 10
1097.48502390093
 20
1793.717932118003
 10
954.3570180163097
 20
1777.894723483472
 42
0.4142135624718808
 10
951.704834740266
 20
1774.583239847656
 10
953.2432022464011
 20
1760.668017053318
 42
0.414213562447701
 10
956.5546858822168
 20
1758.015833777275
 10
988.3609094121325
 20
1761.532102362726
 10
990.5585772780398
 20
1741.653212656528
 10
889.1762397764329
 20
1730.445106540402
 42
0.4142135622136447
 10
886.5240565003896
 20
1727.133622904587
 10
897.7321626165155
 20
1625.75128540298
 42
0.4142135623001745
 10
901.0436462523312
 20
1623.099102126937
 10
1075.977875666868
 20
1642.438579346919
 42
0.4142135623064501
 10
1078.630058942912
 20
1645.750062982735
 10
1074.894023570869
 20
1679.54417548327
 42
0.4142135624830202
 10
1071.582539935054
 20
1682.196358759314
 10
923.4848116238836
 20
1665.823733158306
 10
921.8365607244534
 20
1680.732900437954
 10
1069.934289035623
 20
1697.105526038962
 42
0.4142135624111978
 10
1072.586472311667
 20
1700.417009674777
 10
1071.048104805532
 20
1714.332232469115
 42
0.4142135623033908
 10
1067.736621169717
 20
1716.984415745159
 10
919.6388928585459
 20
1700.611790144152
 10
917.9906419591159
 20
1715.520957423799
 10
1068.065696707496
 20
1732.112182093251
 42
0.1639123517605621
 10
1069.802759068877
 20
1732.919458290386
 10
1113.859303703825
 20
1774.791068225543
 42
-0.1639123517686271
 10
1115.596366065205
 20
1775.598344422678
 10
1131.488915296753
 20
1777.355310997257
 42
0.4142135624434686
 10
1134.141098572797
 20
1780.666794633073
 10
1127.657978368371
 20
1839.309519266355
 42
0.4142135623254121
 10
1124.346494732555
 20
1841.961702542398
 10
949.4122653180184
 20
1822.622225322416
 42
0.4142135623297352
  0
CIRCLE
  5
45
330
1F
100
AcDbEntity
  8
1LBR001088
 62
     7
100
AcDbCircle
 10
1056.883151550693
 20
1660.449451367095
 30
0.0
 40
7.0
  0
CIRCLE
  5
46
330
1F
100
AcDbEntity
  8
1LBR001088
 62
     7
100
AcDbCircle
 10
1046.993646154112
 20
1749.904455044983
 30
0.0
 40
7.0
  0
MTEXT
  5
47
102
{ACAD_XDICTIONARY
360
30E
102
}
330
1F
100
AcDbEntity
  8
Texto
 62
     7
100
AcDbMText
 10
915.8327619688895
 20
1727.804371807729
 30
0.0
 40
10.0
 41
94.5260650607579
 71
     1
 72
     5
  1
{\W0.476303; }1LBR001088 \P{\W2.726303; }pos.6
 11
0.1098833932952668
 21
-0.9939444853098777
 31
0.0
 73
     1
 44
1.0
1001
ACAD
1000
MTEXTBEGIN
1070
    73
1070
     1
1070
    44
1040
1.0
1070
    74
1070
     0
1000
MTEXTEND
  0
LWPOLYLINE
  5
48
330
1F
100
AcDbEntity
  8
1LBR001088
 62
     7
100
AcDbPolyline
 90
       36
 70
     1
 43
0.0
 10
1154.727736221085
 20
1819.310741686601
 10
1157.364937660174
 20
1795.456074039163
 42
0.414213562214813
 10
1160.67642129599
 20
1792.80389076312
 10
1303.804427180611
 20
1808.627099397651
 10
1305.452678080041
 20
1793.717932118003
 10
1162.32467219542
 20
1777.894723483472
 42
0.4142135622358339
 10
1159.672488919377
 20
1774.583239847656
 10
1161.210856425511
 20
1760.668017053318
 42
0.414213562135195
 10
1164.522340061327
 20
1758.015833777275
 10
1196.328563591243
 20
1761.532102362726
 10
1198.52623145715
 20
1741.653212656528
 10
1097.143893955544
 20
1730.445106540402
 42
0.4142135625072355
 10
1094.4917106795
 20
1727.133622904587
 10
1105.699816795626
 20
1625.75128540298
 42
0.4142135626039816
 10
1109.011300431442
 20
1623.099102126937
 10
1283.945529845978
 20
1642.438579346919
 42
0.414213562621225
 10
1286.597713122022
 20
1645.750062982735
 10
1282.86167774998
 20
1679.54417548327
 42
0.4142135622771923
 10
1279.550194114164
 20
1682.196358759314
 10
1131.452465802994
 20
1665.823733158306
 10
1129.804214903564
 20
1680.732900437954
 10
1277.901943214734
 20
1697.105526038962
 42
0.4142135626281062
 10
1280.554126490777
 20
1700.417009674777
 10
1279.015758984642
 20
1714.332232469115
 42
0.4142135626116889
 10
1275.704275348827
 20
1716.984415745159
 10
1127.606547037657
 20
1700.611790144152
 10
1125.958296138226
 20
1715.520957423799
 10
1276.033350886607
 20
1732.112182093251
 42
0.1639123517117234
 10
1277.770413247987
 20
1732.919458290386
 10
1321.826957882935
 20
1774.791068225543
 42
-0.1639123518334898
 10
1323.564020244315
 20
1775.598344422678
 10
1339.456569475864
 20
1777.355310997257
 42
0.4142135621586651
 10
1342.108752751907
 20
1780.666794633073
 10
1335.625632547481
 20
1839.309519266355
 42
0.414213562216176
 10
1332.314148911666
 20
1841.961702542398
 10
1157.379919497129
 20
1822.622225322416
 42
0.414213562192593
  0
CIRCLE
  5
49
330
1F
100
AcDbEntity
  8
1LBR001088
 62
     7
100
AcDbCircle
 10
1264.850805729804
 20
1660.449451367095
 30
0.0
 40
7.0
  0
CIRCLE
  5
4A
330
1F
100
AcDbEntity
  8
1LBR001088
 62
     7
100
AcDbCircle
 10
1254.961300333222
 20
1749.904455044983
 30
0.0
 40
7.0
  0
MTEXT
  5
4B
102
{ACAD_XDICTIONARY
360
310
102
}
330
1F
100
AcDbEntity
  8
Texto
 62
     7
100
AcDbMText
 10
1123.800416148
 20
1727.804371807729
 30
0.0
 40
10.0
 41
94.5260650607579
 71
     1
 72
     5
  1
{\W0.476303; }1LBR001088 \P{\W2.726303; }pos.6
 11
0.1098833932953797
 21
-0.9939444853098652
 31
0.0
 73
     1
 44
1.0
1001
ACAD
1000
MTEXTBEGIN
1070
    73
1070
     1
1070
    44
1040
1.0
1070
    74
1070
     0
1000
MTEXTEND
  0
LWPOLYLINE
  5
4C
330
1F
100
AcDbEntity
  8
1LBR001088
 62
     7
100
AcDbPolyline
 90
       36
 70
     1
 43
0.0
 10
1362.695390400195
 20
1819.310741686601
 10
1365.332591839284
 20
1795.456074039163
 42
0.4142135625972376
 10
1368.6440754751
 20
1792.80389076312
 10
1511.772081359721
 20
1808.627099397651
 10
1513.420332259151
 20
1793.717932118003
 10
1370.29232637453
 20
1777.894723483472
 42
0.4142135622673693
 10
1367.640143098487
 20
1774.583239847656
 10
1369.178510604621
 20
1760.668017053318
 42
0.4142135623106495
 10
1372.489994240437
 20
1758.015833777275
 10
1404.296217770353
 20
1761.532102362726
 10
1406.49388563626
 20
1741.653212656528
 10
1305.111548134653
 20
1730.445106540402
 42
0.4142135623320015
 10
1302.45936485861
 20
1727.133622904587
 10
1313.667470974736
 20
1625.75128540298
 42
0.4142135621581723
 10
1316.978954610552
 20
1623.099102126937
 10
1491.913184025088
 20
1642.438579346919
 42
0.4142135621756856
 10
1494.565367301132
 20
1645.750062982735
 10
1490.82933192909
 20
1679.54417548327
 42
0.4142135623089042
 10
1487.517848293274
 20
1682.196358759314
 10
1339.420119982104
 20
1665.823733158306
 10
1337.771869082674
 20
1680.732900437954
 10
1485.869597393844
 20
1697.105526038962
 42
0.4142135625965708
 10
1488.521780669887
 20
1700.417009674777
 10
1486.983413163752
 20
1714.332232469115
 42
0.4142135624362345
 10
1483.671929527937
 20
1716.984415745159
 10
1335.574201216767
 20
1700.611790144152
 10
1333.925950317336
 20
1715.520957423799
 10
1484.001005065717
 20
1732.112182093251
 42
0.1639123518415653
 10
1485.738067427097
 20
1732.919458290386
 10
1529.794612062046
 20
1774.791068225543
 42
-0.163912352045691
 10
1531.531674423425
 20
1775.598344422678
 10
1547.424223654974
 20
1777.355310997257
 42
0.4142135623340559
 10
1550.076406931017
 20
1780.666794633073
 10
1543.593286726591
 20
1839.309519266355
 42
0.4142135624546178
 10
1540.281803090776
 20
1841.961702542398
 10
1365.347573676239
 20
1822.622225322416
 42
0.4142135624311428
  0
CIRCLE
  5
4D
330
1F
100
AcDbEntity
  8
1LBR001088
 62
     7
100
AcDbCircle
 10
1472.818459908913
 20
1660.449451367095
 30
0.0
 40
7.0
  0
CIRCLE
  5
4E
330
1F
100
AcDbEntity
  8
1LBR001088
 62
     7
100
AcDbCircle
 10
1462.928954512332
 20
1749.904455044983
 30
0.0
 40
7.0
  0
MTEXT
  5
4F
102
{ACAD_XDICTIONARY
360
312
102
}
330
1F
100
AcDbEntity
  8
Texto
 62
     7
100
AcDbMText
 10
1331.76807032711
 20
1727.804371807729
 30
0.0
 40
10.0
 41
94.5260650607579
 71
     1
 72
     5
  1
{\W0.476303; }1LBR001088 \P{\W2.726303; }pos.6
 11
0.1098833932953797
 21
-0.9939444853098652
 31
0.0
 73
     1
 44
1.0
1001
ACAD
1000
MTEXTBEGIN
1070
    73
1070
     1
1070
    44
1040
1.0
1070
    74
1070
     0
1000
MTEXTEND
  0
LWPOLYLINE
  5
50
330
1F
100
AcDbEntity
  8
1LBR001088
 62
     7
100
AcDbPolyline
 90
       36
 70
     1
 43
0.0
 10
1570.663044579306
 20
1819.310741686601
 10
1573.300246018394
 20
1795.456074039163
 42
0.4142135622326152
 10
1576.61172965421
 20
1792.80389076312
 10
1719.739735538831
 20
1808.627099397651
 10
1721.387986438261
 20
1793.717932118003
 10
1578.25998055364
 20
1777.894723483472
 42
0.4142135622536314
 10
1575.607797277597
 20
1774.583239847656
 10
1577.146164783731
 20
1760.668017053318
 42
0.4142135621529042
 10
1580.457648419547
 20
1758.015833777275
 10
1612.263871949463
 20
1761.532102362726
 10
1614.46153981537
 20
1741.653212656528
 10
1513.079202313764
 20
1730.445106540402
 42
0.4142135625249888
 10
1510.42701903772
 20
1727.133622904587
 10
1521.635125153846
 20
1625.75128540298
 42
0.4142135626216515
 10
1524.946608789662
 20
1623.099102126937
 10
1699.880838204198
 20
1642.438579346919
 42
0.4142135626164006
 10
1702.533021480243
 20
1645.750062982735
 10
1698.7969861082
 20
1679.54417548327
 42
0.4142135622722797
 10
1695.485502472385
 20
1682.196358759314
 10
1547.387774161214
 20
1665.823733158306
 10
1545.739523261784
 20
1680.732900437954
 10
1693.837251572954
 20
1697.105526038962
 42
0.4142135626233945
 10
1696.489434848998
 20
1700.417009674777
 10
1694.951067342863
 20
1714.332232469115
 42
0.4142135626068645
 10
1691.639583707047
 20
1716.984415745159
 10
1543.541855395877
 20
1700.611790144152
 10
1541.893604496446
 20
1715.520957423799
 10
1691.968659244827
 20
1732.112182093251
 42
0.1639123516055647
 10
1693.705721606207
 20
1732.919458290386
 10
1737.762266241156
 20
1774.791068225543
 42
-0.1639123518541656
 10
1739.499328602535
 20
1775.598344422678
 10
1755.391877834084
 20
1777.355310997257
 42
0.4142135621278897
 10
1758.044061110128
 20
1780.666794633073
 10
1751.560940905702
 20
1839.309519266355
 42
0.4142135621855329
 10
1748.249457269886
 20
1841.961702542398
 10
1573.315227855349
 20
1822.622225322416
 42
0.414213562210371
  0
CIRCLE
  5
51
330
1F
100
AcDbEntity
  8
1LBR001088
 62
     7
100
AcDbCircle
 10
1680.786114088024
 20
1660.449451367095
 30
0.0
 40
7.0
  0
CIRCLE
  5
52
330
1F
100
AcDbEntity
  8
1LBR001088
 62
     7
100
AcDbCircle
 10
1670.896608691442
 20
1749.904455044983
 30
0.0
 40
7.0
  0
MTEXT
  5
53
102
{ACAD_XDICTIONARY
360
314
102
}
330
1F
100
AcDbEntity
  8
Texto
 62
     7
100
AcDbMText
 10
1539.73572450622
 20
1727.804371807729
 30
0.0
 40
10.0
 41
94.5260650607579
 71
     1
 72
     5
  1
{\W0.476303; }1LBR001088 \P{\W2.726303; }pos.6
 11
0.1098833932953797
 21
-0.9939444853098652
 31
0.0
 73
     1
 44
1.0
1001
ACAD
1000
MTEXTBEGIN
1070
    73
1070
     1
1070
    44
1040
1.0
1070
    74
1070
     0
1000
MTEXTEND
  0
LWPOLYLINE
  5
54
330
1F
100
AcDbEntity
  8
1LBR001088
 62
     7
100
AcDbPolyline
 90
       36
 70
     1
 43
0.0
 10
1778.630698758416
 20
1819.310741686601
 10
1781.267900197504
 20
1795.456074039163
 42
0.4142135624451013
 10
1784.57938383332
 20
1792.80389076312
 10
1927.70738971794
 20
1808.627099397651
 10
1929.355640617371
 20
1793.717932118003
 10
1786.22763473275
 20
1777.894723483472
 42
0.4142135623140449
 10
1783.575451456707
 20
1774.583239847656
 10
1785.113818962842
 20
1760.668017053318
 42
0.414213562368984
 10
1788.425302598657
 20
1758.015833777275
 10
1820.231526128573
 20
1761.532102362726
 10
1822.42919399448
 20
1741.653212656528
 10
1721.046856492874
 20
1730.445106540402
 42
0.4142135623746371
 10
1718.39467321683
 20
1727.133622904587
 10
1729.602779332956
 20
1625.75128540298
 42
0.4142135624284633
 10
1732.914262968772
 20
1623.099102126937
 10
1907.848492383308
 20
1642.438579346919
 42
0.414213562445947
 10
1910.500675659352
 20
1645.750062982735
 10
1906.76464028731
 20
1679.544175483271
 42
0.4142135624526714
 10
1903.453156651494
 20
1682.196358759314
 10
1755.355428340324
 20
1665.823733158306
 10
1753.707177440894
 20
1680.732900437954
 10
1901.804905752064
 20
1697.105526038962
 42
0.4142135622458335
 10
1904.457089028108
 20
1700.417009674778
 10
1902.918721521973
 20
1714.332232469116
 42
0.4142135623729382
 10
1899.607237886156
 20
1716.984415745159
 10
1751.509509574987
 20
1700.611790144152
 10
1749.861258675556
 20
1715.520957423799
 10
1899.936313423937
 20
1732.112182093251
 42
0.1639123515800422
 10
1901.673375785317
 20
1732.919458290386
 10
1945.729920420265
 20
1774.791068225543
 42
-0.1639123517994685
 10
1947.466982781645
 20
1775.598344422679
 10
1963.359532013194
 20
1777.355310997257
 42
0.4142135623923953
 10
1966.011715289237
 20
1780.666794633073
 10
1959.528595084812
 20
1839.309519266355
 42
0.4142135622989905
 10
1956.217111448997
 20
1841.961702542398
 10
1781.282882034459
 20
1822.622225322416
 42
0.4142135622754077
  0
CIRCLE
  5
55
330
1F
100
AcDbEntity
  8
1LBR001088
 62
     7
100
AcDbCircle
 10
1888.753768267134
 20
1660.449451367096
 30
0.0
 40
7.0
  0
CIRCLE
  5
56
330
1F
100
AcDbEntity
  8
1LBR001088
 62
     7
100
AcDbCircle
 10
1878.864262870552
 20
1749.904455044984
 30
0.0
 40
7.0
  0
MTEXT
  5
57
102
{ACAD_XDICTIONARY
360
316
102
}
330
1F
100
AcDbEntity
  8
Texto
 62
     7
100
AcDbMText
 10
1747.70337868533
 20
1727.804371807729
 30
0.0
 40
10.0
 41
94.5260650607579
 71
     1
 72
     5
  1
{\W0.476303; }1LBR001088 \P{\W2.726303; }pos.6
 11
0.1098833932953797
 21
-0.9939444853098652
 31
0.0
 73
     1
 44
1.0
1001
ACAD
1000
MTEXTBEGIN
1070
    73
1070
     1
1070
    44
1040
1.0
1070
    74
1070
     0
1000
MTEXTEND
  0
LWPOLYLINE
  5
58
330
1F
100
AcDbEntity
  8
1LBR001088
 62
     7
100
AcDbPolyline
 90
       36
 70
     1
 43
0.0
 10
205.4193135734796
 20
1426.882110859889
 10
202.782112134391
 20
1450.736778507326
 42
0.414213562462644
 10
199.4706284985753
 20
1453.38896178337
 10
56.34262261395434
 20
1437.565753148839
 10
54.69437171452403
 20
1452.474920428486
 10
197.822377599145
 20
1468.298129063018
 42
0.4142135623318549
 10
200.4745608751886
 20
1471.609612698834
 10
198.9361933690536
 20
1485.524835493171
 42
0.4142135623867523
 10
195.6247097332379
 20
1488.177018769215
 10
163.8184862033221
 20
1484.660750183764
 10
161.6208183374151
 20
1504.539639889961
 10
263.0031558390216
 20
1515.747746006088
 42
0.4142135623923157
 10
265.6553391150651
 20
1519.059229641903
 10
254.447232998939
 20
1620.441567143509
 42
0.4142135624462365
 10
251.1357493631233
 20
1623.093750419553
 10
76.20151994858655
 20
1603.754273199571
 42
0.4142135624410457
 10
73.54933667254297
 20
1600.442789563755
 10
77.28537204458506
 20
1566.648677063219
 42
0.4142135624478457
 10
80.59685568040071
 20
1563.996493787176
 10
228.694583991571
 20
1580.369119388184
 10
230.3428348910014
 20
1565.459952108536
 10
82.24510657983101
 20
1549.087326507528
 42
0.4142135622409827
 10
79.5929233037875
 20
1545.775842871712
 10
81.13129080992246
 20
1531.860620077374
 42
0.4142135623680942
 10
84.44277444573812
 20
1529.208436801331
 10
232.5405027569085
 20
1545.581062402338
 10
234.1887536563388
 20
1530.67189512269
 10
84.113698907958
 20
1514.080670453239
 42
0.1639123514738162
 10
82.37663654657813
 20
1513.273394256104
 10
38.32009191162959
 20
1471.401784320947
 42
-0.1639123518201939
 10
36.58302955024973
 20
1470.594508123811
 10
20.69048031870116
 20
1468.837541549233
 42
0.4142135623616414
 10
18.03829704265763
 20
1465.526057913417
 10
24.52141724708355
 20
1406.883333280135
 42
0.4142135622682658
 10
27.83290088289923
 20
1404.231150004091
 10
202.767130297436
 20
1423.570627224074
 42
0.4142135622931208
  0
CIRCLE
  5
59
330
1F
100
AcDbEntity
  8
1LBR001088
 62
     7
100
AcDbCircle
 10
95.29624406476141
 20
1585.743401179394
 30
0.0
 40
7.0
  0
CIRCLE
  5
5A
330
1F
100
AcDbEntity
  8
1LBR001088
 62
     7
100
AcDbCircle
 10
105.1857494613433
 20
1496.288397501506
 30
0.0
 40
7.0
  0
MTEXT
  5
5B
102
{ACAD_XDICTIONARY
360
318
102
}
330
1F
100
AcDbEntity
  8
Texto
 62
     7
100
AcDbMText
 10
236.3466336465649
 20
1518.388480738761
 30
0.0
 40
10.0
 41
94.5260650607579
 71
     1
 72
     5
  1
{\W0.476303; }1LBR001088 \P{\W2.726303; }pos.6
 11
-0.1098833932953514
 21
0.9939444853098684
 31
0.0
 73
     1
 44
1.0
1001
ACAD
1000
MTEXTBEGIN
1070
    73
1070
     1
1070
    44
1040
1.0
1070
    74
1070
     0
1000
MTEXTEND
  0
LWPOLYLINE
  5
5C
330
1F
100
AcDbEntity
  8
1LBR001088
 62
     7
100
AcDbPolyline
 90
       36
 70
     1
 43
0.0
 10
413.3869677525897
 20
1426.882110859889
 10
410.7497663135011
 20
1450.736778507326
 42
0.4142135623653608
 10
407.4382826776854
 20
1453.38896178337
 10
264.3102767930646
 20
1437.565753148839
 10
262.6620258936343
 20
1452.474920428486
 10
405.7900317782552
 20
1468.298129063018
 42
0.4142135623354318
 10
408.4422150542987
 20
1471.609612698834
 10
406.9038475481637
 20
1485.524835493171
 42
0.4142135623927433
 10
403.592363912348
 20
1488.177018769215
 10
371.7861403824323
 20
1484.660750183764
 10
369.5884725165253
 20
1504.539639889961
 10
470.9708100181317
 20
1515.747746006088
 42
0.414213562447565
 10
473.6229932941752
 20
1519.059229641903
 10
462.414887178049
 20
1620.441567143509
 42
0.414213562356896
 10
459.1034035422334
 20
1623.093750419553
 10
284.1691741276967
 20
1603.754273199571
 42
0.4142135623550929
 10
281.5169908516532
 20
1600.442789563755
 10
285.2530262236952
 20
1566.648677063219
 42
0.4142135623983775
 10
288.5645098595109
 20
1563.996493787176
 10
436.6622381706811
 20
1580.369119388184
 10
438.3104890701114
 20
1565.459952108536
 10
290.2127607589412
 20
1549.087326507528
 42
0.414213562356345
 10
287.5605774828977
 20
1545.775842871712
 10
289.0989449890327
 20
1531.860620077374
 42
0.4142135623222351
 10
292.4104286248482
 20
1529.208436801331
 10
440.5081569360186
 20
1545.581062402338
 10
442.1564078354488
 20
1530.67189512269
 10
292.0813530870682
 20
1514.080670453239
 42
0.163912351630082
 10
290.3442907256883
 20
1513.273394256104
 10
246.2877460907397
 20
1471.401784320947
 42
-0.1639123518776893
 10
244.5506837293599
 20
1470.594508123811
 10
228.6581344978113
 20
1468.837541549233
 42
0.4142135623968578
 10
226.0059512217678
 20
1465.526057913417
 10
232.4890714261937
 20
1406.883333280135
 42
0.4142135623526038
 10
235.8005550620094
 20
1404.231150004091
 10
410.734784476546
 20
1423.570627224074
 42
0.4142135623484171
  0
CIRCLE
  5
5D
330
1F
100
AcDbEntity
  8
1LBR001088
 62
     7
100
AcDbCircle
 10
303.2638982438716
 20
1585.743401179394
 30
0.0
 40
7.0
  0
CIRCLE
  5
5E
330
1F
100
AcDbEntity
  8
1LBR001088
 62
     7
100
AcDbCircle
 10
313.1534036404535
 20
1496.288397501506
 30
0.0
 40
7.0
  0
MTEXT
  5
5F
102
{ACAD_XDICTIONARY
360
31A
102
}
330
1F
100
AcDbEntity
  8
Texto
 62
     7
100
AcDbMText
 10
444.3142878256751
 20
1518.388480738761
 30
0.0
 40
10.0
 41
94.5260650607579
 71
     1
 72
     5
  1
{\W0.476303; }1LBR001088 \P{\W2.726303; }pos.6
 11
-0.1098833932953794
 21
0.9939444853098652
 31
0.0
 73
     1
 44
1.0
1001
ACAD
1000
MTEXTBEGIN
1070
    73
1070
     1
1070
    44
1040
1.0
1070
    74
1070
     0
1000
MTEXTEND
  0
LWPOLYLINE
  5
60
330
1F
100
AcDbEntity
  8
1LBR001088
 62
     7
100
AcDbPolyline
 90
       36
 70
     1
 43
0.0
 10
621.3546219316996
 20
1426.882110859889
 10
618.7174204926113
 20
1450.736778507326
 42
0.4142135623285843
 10
615.4059368567956
 20
1453.38896178337
 10
472.2779309721745
 20
1437.565753148839
 10
470.6296800727442
 20
1452.474920428486
 10
613.7576859573653
 20
1468.298129063018
 42
0.4142135623903483
 10
616.4098692334087
 20
1471.609612698834
 10
614.8715017272738
 20
1485.524835493171
 42
0.4142135623559778
 10
611.5600180914581
 20
1488.177018769215
 10
579.7537945615423
 20
1484.660750183764
 10
577.5561266956352
 20
1504.539639889961
 10
678.9384641972417
 20
1515.747746006088
 42
0.414213562344309
 10
681.5906474732852
 20
1519.059229641903
 10
670.3825413571593
 20
1620.441567143509
 42
0.4142135624208099
 10
667.0710577213436
 20
1623.093750419553
 10
492.1368283068068
 20
1603.754273199571
 42
0.4142135624202154
 10
489.4846450307631
 20
1600.442789563755
 10
493.2206804028052
 20
1566.648677063219
 42
0.4142135624000585
 10
496.532164038621
 20
1563.996493787176
 10
644.6298923497912
 20
1580.369119388184
 10
646.2781432492216
 20
1565.459952108536
 10
498.1804149380512
 20
1549.087326507528
 42
0.4142135623180058
 10
495.5282316620077
 20
1545.775842871712
 10
497.0665991681427
 20
1531.860620077374
 42
0.4142135623239167
 10
500.3780828039583
 20
1529.208436801331
 10
648.4758111151287
 20
1545.581062402338
 10
650.1240620145591
 20
1530.67189512269
 10
500.0490072661783
 20
1514.080670453239
 42
0.1639123517700895
 10
498.3119449047983
 20
1513.273394256104
 10
454.2554002698497
 20
1471.401784320947
 42
-0.1639123516642278
 10
452.51833790847
 20
1470.594508123811
 10
436.6257886769213
 20
1468.837541549233
 42
0.4142135623575836
 10
433.9736054008778
 20
1465.526057913417
 10
440.4567256053037
 20
1406.883333280135
 42
0.4142135623532954
 10
443.7682092411194
 20
1404.231150004091
 10
618.7024386556561
 20
1423.570627224074
 42
0.4142135623515776
  0
CIRCLE
  5
61
330
1F
100
AcDbEntity
  8
1LBR001088
 62
     7
100
AcDbCircle
 10
511.2315524229816
 20
1585.743401179394
 30
0.0
 40
7.0
  0
CIRCLE
  5
62
330
1F
100
AcDbEntity
  8
1LBR001088
 62
     7
100
AcDbCircle
 10
521.1210578195635
 20
1496.288397501506
 30
0.0
 40
7.0
  0
MTEXT
  5
63
102
{ACAD_XDICTIONARY
360
31C
102
}
330
1F
100
AcDbEntity
  8
Texto
 62
     7
100
AcDbMText
 10
652.2819420047852
 20
1518.388480738761
 30
0.0
 40
10.0
 41
94.5260650607579
 71
     1
 72
     5
  1
{\W0.476303; }1LBR001088 \P{\W2.726303; }pos.6
 11
-0.1098833932953794
 21
0.9939444853098652
 31
0.0
 73
     1
 44
1.0
1001
ACAD
1000
MTEXTBEGIN
1070
    73
1070
     1
1070
    44
1040
1.0
1070
    74
1070
     0
1000
MTEXTEND
  0
LWPOLYLINE
  5
64
330
1F
100
AcDbEntity
  8
1LBR001088
 62
     7
100
AcDbPolyline
 90
       36
 70
     1
 43
0.0
 10
829.3222761108097
 20
1426.882110859889
 10
826.6850746717214
 20
1450.736778507326
 42
0.4142135623114095
 10
823.3735910359056
 20
1453.38896178337
 10
680.2455851512847
 20
1437.565753148839
 10
678.5973342518543
 20
1452.474920428486
 10
821.7253401364754
 20
1468.298129063018
 42
0.4142135624588147
 10
824.3775234125189
 20
1471.609612698834
 10
822.839155906384
 20
1485.524835493171
 42
0.4142135623386658
 10
819.5276722705681
 20
1488.177018769215
 10
787.7214487406525
 20
1484.660750183764
 10
785.5237808747452
 20
1504.539639889961
 10
886.906118376352
 20
1515.747746006088
 42
0.414213562309702
 10
889.5583016523954
 20
1519.059229641903
 10
878.3501955362693
 20
1620.441567143509
 42
0.4142135624040714
 10
875.0387119004537
 20
1623.093750419553
 10
700.104482485917
 20
1603.754273199571
 42
0.4142135624035248
 10
697.4522992098732
 20
1600.442789563755
 10
701.1883345819154
 20
1566.648677063219
 42
0.4142135622615816
 10
704.4998182177311
 20
1563.996493787176
 10
852.5975465289015
 20
1580.369119388184
 10
854.2457974283314
 20
1565.459952108536
 10
706.1480691171615
 20
1549.087326507528
 42
0.4142135624047787
 10
703.4958858411179
 20
1545.775842871712
 10
705.0342533472528
 20
1531.860620077374
 42
0.4142135622888954
 10
708.3457369830685
 20
1529.208436801331
 10
856.4434652942388
 20
1545.581062402338
 10
858.0917161936692
 20
1530.67189512269
 10
708.0166614452884
 20
1514.080670453239
 42
0.1639123518343983
 10
706.2795990839085
 20
1513.273394256104
 10
662.2230544489601
 20
1471.401784320947
 42
-0.163912351685456
 10
660.4859920875798
 20
1470.594508123811
 10
644.5934428560315
 20
1468.837541549233
 42
0.4142135623408232
 10
641.9412595799879
 20
1465.526057913417
 10
648.4243797844138
 20
1406.883333280135
 42
0.4142135624217831
 10
651.7358634202295
 20
1404.231150004091
 10
826.6700928347662
 20
1423.570627224074
 42
0.4142135624201321
  0
CIRCLE
  5
65
330
1F
100
AcDbEntity
  8
1LBR001088
 62
     7
100
AcDbCircle
 10
719.1992066020916
 20
1585.743401179394
 30
0.0
 40
7.0
  0
CIRCLE
  5
66
330
1F
100
AcDbEntity
  8
1LBR001088
 62
     7
100
AcDbCircle
 10
729.0887119986735
 20
1496.288397501506
 30
0.0
 40
7.0
  0
MTEXT
  5
67
102
{ACAD_XDICTIONARY
360
31E
102
}
330
1F
100
AcDbEntity
  8
Texto
 62
     7
100
AcDbMText
 10
860.2495961838954
 20
1518.388480738761
 30
0.0
 40
10.0
 41
94.5260650607579
 71
     1
 72
     5
  1
{\W0.476303; }1LBR001088 \P{\W2.726303; }pos.6
 11
-0.1098833932953794
 21
0.9939444853098652
 31
0.0
 73
     1
 44
1.0
1001
ACAD
1000
MTEXTBEGIN
1070
    73
1070
     1
1070
    44
1040
1.0
1070
    74
1070
     0
1000
MTEXTEND
  0
LWPOLYLINE
  5
68
330
1F
100
AcDbEntity
  8
1LBR001088
 62
     7
100
AcDbPolyline
 90
       36
 70
     1
 43
0.0
 10
1037.28993028992
 20
1426.882110859889
 10
1034.652728850831
 20
1450.736778507326
 42
0.4142135623287412
 10
1031.341245215016
 20
1453.388961783369
 10
888.2132393303949
 20
1437.565753148839
 10
886.5649884309645
 20
1452.474920428486
 10
1029.692994315586
 20
1468.298129063018
 42
0.4142135623904463
 10
1032.345177591629
 20
1471.609612698834
 10
1030.806810085494
 20
1485.524835493171
 42
0.4142135623559864
 10
1027.495326449678
 20
1488.177018769215
 10
995.6891029197628
 20
1484.660750183763
 10
993.4914350538557
 20
1504.539639889961
 10
1094.873772555462
 20
1515.747746006087
 42
0.4142135623456904
 10
1097.525955831506
 20
1519.059229641903
 10
1086.31784971538
 20
1620.441567143509
 42
0.4142135624219426
 10
1083.006366079564
 20
1623.093750419553
 10
908.0721366650273
 20
1603.754273199571
 42
0.414213562423379
 10
905.4199533889836
 20
1600.442789563755
 10
909.1559887610257
 20
1566.648677063219
 42
0.4142135624031547
 10
912.4674723968412
 20
1563.996493787176
 10
1060.565200708012
 20
1580.369119388184
 10
1062.213451607442
 20
1565.459952108535
 10
914.1157232962717
 20
1549.087326507528
 42
0.4142135623212679
 10
911.463540020228
 20
1545.775842871712
 10
913.0019075263632
 20
1531.860620077374
 42
0.4142135623272213
 10
916.3133911621788
 20
1529.20843680133
 10
1064.411119473349
 20
1545.581062402338
 10
1066.05937037278
 20
1530.67189512269
 10
915.9843156243985
 20
1514.080670453239
 42
0.1639123517733846
 10
914.2472532630188
 20
1513.273394256103
 10
870.19070862807
 20
1471.401784320947
 42
-0.1639123516649468
 10
868.4536462666903
 20
1470.594508123811
 10
852.5610970351417
 20
1468.837541549232
 42
0.4142135623599198
 10
849.9089137590981
 20
1465.526057913417
 10
856.3920339635242
 20
1406.883333280135
 42
0.4142135623556629
 10
859.7035175993395
 20
1404.231150004091
 10
1034.637747013876
 20
1423.570627224073
 42
0.414213562351765
  0
CIRCLE
  5
69
330
1F
100
AcDbEntity
  8
1LBR001088
 62
     7
100
AcDbCircle
 10
927.1668607812019
 20
1585.743401179394
 30
0.0
 40
7.0
  0
CIRCLE
  5
6A
330
1F
100
AcDbEntity
  8
1LBR001088
 62
     7
100
AcDbCircle
 10
937.0563661777838
 20
1496.288397501506
 30
0.0
 40
7.0
  0
MTEXT
  5
6B
102
{ACAD_XDICTIONARY
360
320
102
}
330
1F
100
AcDbEntity
  8
Texto
 62
     7
100
AcDbMText
 10
1068.217250363005
 20
1518.38848073876
 30
0.0
 40
10.0
 41
94.5260650607579
 71
     1
 72
     5
  1
{\W0.476303; }1LBR001088 \P{\W2.726303; }pos.6
 11
-0.1098833932953794
 21
0.9939444853098652
 31
0.0
 73
     1
 44
1.0
1001
ACAD
1000
MTEXTBEGIN
1070
    73
1070
     1
1070
    44
1040
1.0
1070
    74
1070
     0
1000
MTEXTEND
  0
LWPOLYLINE
  5
6C
330
1F
100
AcDbEntity
  8
1LBR001088
 62
     7
100
AcDbPolyline
 90
       36
 70
     1
 43
0.0
 10
1245.25758446903
 20
1426.882110859889
 10
1242.620383029942
 20
1450.736778507326
 42
0.4142135623118753
 10
1239.308899394126
 20
1453.38896178337
 10
1096.180893509505
 20
1437.565753148839
 10
1094.532642610075
 20
1452.474920428486
 10
1237.660648494696
 20
1468.298129063018
 42
0.4142135624589494
 10
1240.312831770739
 20
1471.609612698834
 10
1238.774464264605
 20
1485.524835493171
 42
0.4142135623392824
 10
1235.462980628789
 20
1488.177018769215
 10
1203.656757098873
 20
1484.660750183764
 10
1201.459089232966
 20
1504.539639889961
 10
1302.841426734572
 20
1515.747746006088
 42
0.414213562310674
 10
1305.493610010616
 20
1519.059229641903
 10
1294.28550389449
 20
1620.441567143509
 42
0.4142135624053217
 10
1290.974020258674
 20
1623.093750419553
 10
1116.039790844137
 20
1603.754273199571
 42
0.4142135624066406
 10
1113.387607568094
 20
1600.442789563755
 10
1117.123642940136
 20
1566.648677063219
 42
0.4142135622647733
 10
1120.435126575952
 20
1563.996493787176
 10
1268.532854887122
 20
1580.369119388184
 10
1270.181105786552
 20
1565.459952108536
 10
1122.083377475382
 20
1549.087326507528
 42
0.4142135624078957
 10
1119.431194199338
 20
1545.775842871712
 10
1120.969561705473
 20
1531.860620077374
 42
0.4142135622921362
 10
1124.281045341289
 20
1529.208436801331
 10
1272.378773652459
 20
1545.581062402338
 10
1274.02702455189
 20
1530.67189512269
 10
1123.951969803509
 20
1514.080670453239
 42
0.1639123518377692
 10
1122.214907442129
 20
1513.273394256104
 10
1078.15836280718
 20
1471.401784320947
 42
-0.163912351686137
 10
1076.4213004458
 20
1470.594508123811
 10
1060.528751214252
 20
1468.837541549233
 42
0.4142135623432783
 10
1057.876567938208
 20
1465.526057913417
 10
1064.359688142634
 20
1406.883333280135
 42
0.414213562424264
 10
1067.67117177845
 20
1404.231150004091
 10
1242.605401192987
 20
1423.570627224074
 42
0.4142135624203319
  0
CIRCLE
  5
6D
330
1F
100
AcDbEntity
  8
1LBR001088
 62
     7
100
AcDbCircle
 10
1135.134514960312
 20
1585.743401179394
 30
0.0
 40
7.0
  0
CIRCLE
  5
6E
330
1F
100
AcDbEntity
  8
1LBR001088
 62
     7
100
AcDbCircle
 10
1145.024020356894
 20
1496.288397501506
 30
0.0
 40
7.0
  0
MTEXT
  5
6F
102
{ACAD_XDICTIONARY
360
322
102
}
330
1F
100
AcDbEntity
  8
Texto
 62
     7
100
AcDbMText
 10
1276.184904542116
 20
1518.388480738761
 30
0.0
 40
10.0
 41
94.5260650607579
 71
     1
 72
     5
  1
{\W0.476303; }1LBR001088 \P{\W2.726303; }pos.6
 11
-0.1098833932953794
 21
0.9939444853098652
 31
0.0
 73
     1
 44
1.0
1001
ACAD
1000
MTEXTBEGIN
1070
    73
1070
     1
1070
    44
1040
1.0
1070
    74
1070
     0
1000
MTEXTEND
  0
LWPOLYLINE
  5
70
330
1F
100
AcDbEntity
  8
1LBR001088
 62
     7
100
AcDbPolyline
 90
       36
 70
     1
 43
0.0
 10
1453.225238648141
 20
1426.882110859889
 10
1450.588037209052
 20
1450.736778507326
 42
0.4142135624274803
 10
1447.276553573236
 20
1453.38896178337
 10
1304.148547688615
 20
1437.565753148839
 10
1302.500296789185
 20
1452.474920428486
 10
1445.628302673806
 20
1468.298129063018
 42
0.4142135623767135
 10
1448.280485949849
 20
1471.609612698834
 10
1446.742118443714
 20
1485.524835493171
 42
0.4142135623514758
 10
1443.430634807899
 20
1488.177018769215
 10
1411.624411277983
 20
1484.660750183764
 10
1409.426743412076
 20
1504.539639889961
 10
1510.809080913683
 20
1515.747746006088
 42
0.4142135623854479
 10
1513.461264189726
 20
1519.059229641903
 10
1502.2531580736
 20
1620.441567143509
 42
0.4142135624190792
 10
1498.941674437784
 20
1623.093750419553
 10
1324.007445023248
 20
1603.754273199571
 42
0.4142135624171818
 10
1321.355261747204
 20
1600.442789563755
 10
1325.091297119246
 20
1566.648677063219
 42
0.4142135623361789
 10
1328.402780755062
 20
1563.996493787176
 10
1476.500509066232
 20
1580.369119388184
 10
1478.148759965662
 20
1565.459952108536
 10
1330.051031654492
 20
1549.087326507528
 42
0.4142135623149813
 10
1327.398848378449
 20
1545.775842871712
 10
1328.937215884583
 20
1531.860620077374
 42
0.4142135623636693
 10
1332.248699520399
 20
1529.208436801331
 10
1480.346427831569
 20
1545.581062402338
 10
1481.994678731
 20
1530.67189512269
 10
1331.919623982619
 20
1514.080670453239
 42
0.163912351636184
 10
1330.182561621239
 20
1513.273394256104
 10
1286.126016986291
 20
1471.401784320947
 42
-0.1639123517006211
 10
1284.38895462491
 20
1470.594508123811
 10
1268.496405393362
 20
1468.837541549233
 42
0.4142135623555184
 10
1265.844222117318
 20
1465.526057913417
 10
1272.327342321745
 20
1406.883333280135
 42
0.4142135623421848
 10
1275.63882595756
 20
1404.231150004091
 10
1450.573055372097
 20
1423.570627224074
 42
0.4142135623381203
  0
CIRCLE
  5
71
330
1F
100
AcDbEntity
  8
1LBR001088
 62
     7
100
AcDbCircle
 10
1343.102169139422
 20
1585.743401179394
 30
0.0
 40
7.0
  0
CIRCLE
  5
72
330
1F
100
AcDbEntity
  8
1LBR001088
 62
     7
100
AcDbCircle
 10
1352.991674536004
 20
1496.288397501506
 30
0.0
 40
7.0
  0
MTEXT
  5
73
102
{ACAD_XDICTIONARY
360
324
102
}
330
1F
100
AcDbEntity
  8
Texto
 62
     7
100
AcDbMText
 10
1484.152558721226
 20
1518.388480738761
 30
0.0
 40
10.0
 41
94.5260650607579
 71
     1
 72
     5
  1
{\W0.476303; }1LBR001088 \P{\W2.726303; }pos.6
 11
-0.1098833932953794
 21
0.9939444853098652
 31
0.0
 73
     1
 44
1.0
1001
ACAD
1000
MTEXTBEGIN
1070
    73
1070
     1
1070
    44
1040
1.0
1070
    74
1070
     0
1000
MTEXTEND
  0
LWPOLYLINE
  5
74
330
1F
100
AcDbEntity
  8
1LBR001088
 62
     7
100
AcDbPolyline
 90
       36
 70
     1
 43
0.0
 10
1661.192892827251
 20
1426.882110859889
 10
1658.555691388162
 20
1450.736778507326
 42
0.4142135624835153
 10
1655.244207752346
 20
1453.38896178337
 10
1512.116201867725
 20
1437.565753148839
 10
1510.467950968295
 20
1452.474920428486
 10
1653.595956852916
 20
1468.298129063018
 42
0.4142135624145685
 10
1656.248140128959
 20
1471.609612698834
 10
1654.709772622824
 20
1485.524835493171
 42
0.4142135624074422
 10
1651.398288987009
 20
1488.177018769215
 10
1619.592065457093
 20
1484.660750183764
 10
1617.394397591186
 20
1504.539639889961
 10
1718.776735092793
 20
1515.747746006088
 42
0.4142135624750284
 10
1721.428918368836
 20
1519.059229641903
 10
1710.22081225271
 20
1620.441567143509
 42
0.4142135622680361
 10
1706.909328616895
 20
1623.093750419553
 10
1531.975099202358
 20
1603.754273199571
 42
0.4142135622629225
 10
1529.322915926314
 20
1600.442789563755
 10
1533.058951298356
 20
1566.648677063219
 42
0.4142135624225431
 10
1536.370434934172
 20
1563.996493787176
 10
1684.468163245342
 20
1580.369119388184
 10
1686.116414144773
 20
1565.459952108536
 10
1538.018685833602
 20
1549.087326507528
 42
0.4142135622642168
 10
1535.366502557559
 20
1545.775842871712
 10
1536.904870063693
 20
1531.860620077374
 42
0.4142135623463376
 10
1540.216353699509
 20
1529.208436801331
 10
1688.314082010679
 20
1545.581062402338
 10
1689.962332910109
 20
1530.67189512269
 10
1539.887278161729
 20
1514.080670453239
 42
0.1639123518280816
 10
1538.150215800349
 20
1513.273394256104
 10
1494.093671165401
 20
1471.401784320947
 42
-0.1639123518080362
 10
1492.35660880402
 20
1470.594508123811
 10
1476.464059572472
 20
1468.837541549233
 42
0.414213562382386
 10
1473.811876296429
 20
1465.526057913417
 10
1480.294996500855
 20
1406.883333280135
 42
0.4142135623508483
 10
1483.606480136671
 20
1404.231150004091
 10
1658.540709551207
 20
1423.570627224074
 42
0.4142135623759117
  0
CIRCLE
  5
75
330
1F
100
AcDbEntity
  8
1LBR001088
 62
     7
100
AcDbCircle
 10
1551.069823318532
 20
1585.743401179394
 30
0.0
 40
7.0
  0
CIRCLE
  5
76
330
1F
100
AcDbEntity
  8
1LBR001088
 62
     7
100
AcDbCircle
 10
1560.959328715114
 20
1496.288397501506
 30
0.0
 40
7.0
  0
MTEXT
  5
77
102
{ACAD_XDICTIONARY
360
326
102
}
330
1F
100
AcDbEntity
  8
Texto
 62
     7
100
AcDbMText
 10
1692.120212900336
 20
1518.388480738761
 30
0.0
 40
10.0
 41
94.5260650607579
 71
     1
 72
     5
  1
{\W0.476303; }1LBR001088 \P{\W2.726303; }pos.6
 11
-0.1098833932953794
 21
0.9939444853098652
 31
0.0
 73
     1
 44
1.0
1001
ACAD
1000
MTEXTBEGIN
1070
    73
1070
     1
1070
    44
1040
1.0
1070
    74
1070
     0
1000
MTEXTEND
  0
LWPOLYLINE
  5
78
330
1F
100
AcDbEntity
  8
1LBR001088
 62
     7
100
AcDbPolyline
 90
       36
 70
     1
 43
0.0
 10
1871.172051387321
 20
1427.104488404464
 10
1868.534849948233
 20
1450.959156051901
 42
0.4142135622514668
 10
1865.223366312417
 20
1453.611339327945
 10
1722.095360427796
 20
1437.788130693413
 10
1720.447109528366
 20
1452.697297973061
 10
1863.575115412987
 20
1468.520506607592
 42
0.4142135622940753
 10
1866.22729868903
 20
1471.831990243408
 10
1864.688931182895
 20
1485.747213037746
 42
0.4142135623824081
 10
1861.37744754708
 20
1488.399396313789
 10
1829.571224017164
 20
1484.883127728338
 10
1827.373556151257
 20
1504.762017434535
 10
1928.755893652864
 20
1515.970123550661
 42
0.4142135623544911
 10
1931.408076928907
 20
1519.281607186477
 10
1920.199970812781
 20
1620.663944688084
 42
0.4142135623466783
 10
1916.888487176964
 20
1623.316127964127
 10
1741.954257762429
 20
1603.976650744145
 42
0.4142135623446633
 10
1739.302074486385
 20
1600.665167108329
 10
1743.038109858427
 20
1566.871054607793
 42
0.414213562408717
 10
1746.349593494242
 20
1564.21887133175
 10
1894.447321805413
 20
1580.591496932758
 10
1896.095572704843
 20
1565.68232965311
 10
1747.997844393673
 20
1549.309704052102
 42
0.4142135623459576
 10
1745.345661117629
 20
1545.998220416286
 10
1746.884028623764
 20
1532.082997621948
 42
0.4142135624361878
 10
1750.19551225958
 20
1529.430814345905
 10
1898.29324057075
 20
1545.803439946913
 10
1899.94149147018
 20
1530.894272667264
 10
1749.866436721799
 20
1514.303047997813
 42
0.1639123516240288
 10
1748.12937436042
 20
1513.495771800678
 10
1704.072829725471
 20
1471.624161865521
 42
-0.1639123517127876
 10
1702.335767364091
 20
1470.816885668385
 10
1686.443218132543
 20
1469.059919093807
 42
0.4142135623864947
 10
1683.791034856499
 20
1465.748435457991
 10
1690.274155060925
 20
1407.105710824709
 42
0.4142135624664728
 10
1693.585638696741
 20
1404.453527548665
 10
1868.519868111278
 20
1423.793004768648
 42
0.4142135624622515
  0
CIRCLE
  5
79
330
1F
100
AcDbEntity
  8
1LBR001088
 62
     7
100
AcDbCircle
 10
1761.048981878603
 20
1585.965778723968
 30
0.0
 40
7.0
  0
CIRCLE
  5
7A
330
1F
100
AcDbEntity
  8
1LBR001088
 62
     7
100
AcDbCircle
 10
1770.938487275185
 20
1496.51077504608
 30
0.0
 40
7.0
  0
MTEXT
  5
7B
102
{ACAD_XDICTIONARY
360
328
102
}
330
1F
100
AcDbEntity
  8
Texto
 62
     7
100
AcDbMText
 10
1902.099371460407
 20
1518.610858283335
 30
0.0
 40
10.0
 41
94.5260650607579
 71
     1
 72
     5
  1
{\W0.476303; }1LBR001088 \P{\W2.726303; }pos.6
 11
-0.1098833932953794
 21
0.9939444853098652
 31
0.0
 73
     1
 44
1.0
1001
ACAD
1000
MTEXTBEGIN
1070
    73
1070
     1
1070
    44
1040
1.0
1070
    74
1070
     0
1000
MTEXTEND
  0
LWPOLYLINE
  5
7C
330
1F
100
AcDbEntity
  8
1LBR001088
 62
     7
100
AcDbPolyline
 90
       36
 70
     1
 43
0.0
 10
108.2743225734795
 20
1366.99263621522
 10
110.911524012568
 20
1343.137968567784
 42
0.4142135623207424
 10
114.2230076483837
 20
1340.48578529174
 10
257.3510135330048
 20
1356.308993926271
 10
258.999264432435
 20
1341.399826646623
 10
115.871258547814
 20
1325.576618012092
 42
0.4142135624678717
 10
113.2190752717705
 20
1322.265134376277
 10
114.7574427779055
 20
1308.349911581938
 42
0.4142135623482255
 10
118.0689264137211
 20
1305.697728305895
 10
149.8751499436369
 20
1309.213996891346
 10
152.0728178095439
 20
1289.335107185149
 10
50.69048030793748
 20
1278.127001069023
 42
0.4142135623131827
 10
48.03829703189394
 20
1274.815517433207
 10
59.24640314802008
 20
1173.4331799316
 42
0.4142135624077121
 10
62.55788678383574
 20
1170.780996655557
 10
237.4921161983725
 20
1190.120473875539
 42
0.4142135624138217
 10
240.1442994744161
 20
1193.431957511355
 10
236.408264102374
 20
1227.22607001189
 42
0.4142135622719931
 10
233.0967804665584
 20
1229.878253287934
 10
84.99905215538801
 20
1213.505627686926
 10
83.35080125595771
 20
1228.414794966574
 10
231.448529567128
 20
1244.787420567582
 42
0.4142135624151731
 10
234.1007128431716
 20
1248.098904203398
 10
232.5623453370365
 20
1262.014126997736
 42
0.4142135622994734
 10
229.2508617012209
 20
1264.666310273779
 10
81.1531333900506
 20
1248.293684672771
 10
79.5048824906203
 20
1263.202851952419
 10
229.579937239001
 20
1279.794076621871
 42
0.1639123518369847
 10
231.3169996003809
 20
1280.601352819006
 10
275.3735442353295
 20
1322.472962754163
 42
-0.1639123516921544
 10
277.1106065967094
 20
1323.280238951299
 10
293.0031558282579
 20
1325.037205525877
 42
0.414213562343956
 10
295.6553391043015
 20
1328.348689161693
 10
289.1722188998756
 20
1386.991413794975
 42
0.4142135624250043
 10
285.8607352640599
 20
1389.643597071019
 10
110.9265058495231
 20
1370.304119851036
 42
0.4142135624292822
  0
CIRCLE
  5
7D
330
1F
100
AcDbEntity
  8
1LBR001088
 62
     7
100
AcDbCircle
 10
218.3973920821976
 20
1208.131345895716
 30
0.0
 40
7.0
  0
CIRCLE
  5
7E
330
1F
100
AcDbEntity
  8
1LBR001088
 62
     7
100
AcDbCircle
 10
208.5078866856158
 20
1297.586349573604
 30
0.0
 40
7.0
  0
MTEXT
  5
7F
102
{ACAD_XDICTIONARY
360
32A
102
}
330
1F
100
AcDbEntity
  8
Texto
 62
     7
100
AcDbMText
 10
77.34700250039411
 20
1275.486266336349
 30
0.0
 40
10.0
 41
94.5260650607579
 71
     1
 72
     5
  1
{\W0.476303; }1LBR001088 \P{\W2.726303; }pos.6
 11
0.1098833932953656
 21
-0.993944485309867
 31
0.0
 73
     1
 44
1.0
1001
ACAD
1000
MTEXTBEGIN
1070
    73
1070
     1
1070
    44
1040
1.0
1070
    74
1070
     0
1000
MTEXTEND
  0
LWPOLYLINE
  5
80
330
1F
100
AcDbEntity
  8
1LBR001088
 62
     7
100
AcDbPolyline
 90
       36
 70
     1
 43
0.0
 10
322.8571195046449
 20
1367.723959107745
 10
325.4943209437334
 20
1343.869291460308
 42
0.4142135623375664
 10
328.8058045795491
 20
1341.217108184264
 10
471.93381046417
 20
1357.040316818795
 10
473.5820613636003
 20
1342.131149539147
 10
330.4540554789794
 20
1326.307940904616
 42
0.4142135623994205
 10
327.8018722029358
 20
1322.996457268801
 10
329.3402397090708
 20
1309.081234474463
 42
0.4142135623649931
 10
332.6517233448865
 20
1306.429051198419
 10
364.4579468748023
 20
1309.94531978387
 10
366.6556147407092
 20
1290.066430077673
 10
265.2732772391028
 20
1278.858323961547
 42
0.4142135623481235
 10
262.6210939630592
 20
1275.546840325731
 10
273.8292000791854
 20
1174.164502824124
 42
0.4142135624244141
 10
277.1406837150011
 20
1171.512319548081
 10
452.0749131295377
 20
1190.851796768063
 42
0.4142135624306003
 10
454.7270964055813
 20
1194.163280403879
 10
450.9910610335392
 20
1227.957392904414
 42
0.4142135624104746
 10
447.6795773977237
 20
1230.609576180458
 10
299.5818490865533
 20
1214.23695057945
 10
297.9335981871231
 20
1229.146117859098
 10
446.0313264982933
 20
1245.518743460106
 42
0.4142135623284482
 10
448.6835097743369
 20
1248.830227095922
 10
447.1451422682019
 20
1262.74544989026
 42
0.4142135623343892
 10
443.8336586323863
 20
1265.397633166303
 10
295.735930321216
 20
1249.025007565295
 10
294.0876794217856
 20
1263.934174844943
 10
444.1627341701663
 20
1280.525399514395
 42
0.1639123517726656
 10
445.8997965315463
 20
1281.33267571153
 10
489.9563411664948
 20
1323.204285646687
 42
-0.1639123516709857
 10
491.6934035278745
 20
1324.011561843823
 10
507.5859527594231
 20
1325.768528418401
 42
0.414213562360768
 10
510.2381360354668
 20
1329.080012054217
 10
503.7550158310408
 20
1387.722736687499
 42
0.4142135623564676
 10
500.4435321952252
 20
1390.374919963543
 10
325.5093027806885
 20
1371.03544274356
 42
0.414213562360749
  0
CIRCLE
  5
81
330
1F
100
AcDbEntity
  8
1LBR001088
 62
     7
100
AcDbCircle
 10
432.980189013363
 20
1208.86266878824
 30
0.0
 40
7.0
  0
CIRCLE
  5
82
330
1F
100
AcDbEntity
  8
1LBR001088
 62
     7
100
AcDbCircle
 10
423.0906836167811
 20
1298.317672466128
 30
0.0
 40
7.0
  0
MTEXT
  5
83
102
{ACAD_XDICTIONARY
360
32C
102
}
330
1F
100
AcDbEntity
  8
Texto
 62
     7
100
AcDbMText
 10
291.9297994315595
 20
1276.217589228873
 30
0.0
 40
10.0
 41
94.5260650607579
 71
     1
 72
     5
  1
{\W0.476303; }1LBR001088 \P{\W2.726303; }pos.6
 11
0.1098833932953797
 21
-0.9939444853098652
 31
0.0
 73
     1
 44
1.0
1001
ACAD
1000
MTEXTBEGIN
1070
    73
1070
     1
1070
    44
1040
1.0
1070
    74
1070
     0
1000
MTEXTEND
  0
LWPOLYLINE
  5
84
330
1F
100
AcDbEntity
  8
1LBR001088
 62
     7
100
AcDbPolyline
 90
       36
 70
     1
 43
0.0
 10
530.8247736837548
 20
1367.723959107745
 10
533.4619751228431
 20
1343.869291460308
 42
0.4142135624655805
 10
536.7734587586588
 20
1341.217108184264
 10
679.9014646432799
 20
1357.040316818795
 10
681.5497155427103
 20
1342.131149539147
 10
538.4217096580893
 20
1326.307940904616
 42
0.4142135623968691
 10
535.7695263820456
 20
1322.996457268801
 10
537.3078938881806
 20
1309.081234474463
 42
0.4142135623897
 10
540.6193775239963
 20
1306.429051198419
 10
572.4256010539121
 20
1309.94531978387
 10
574.6232689198192
 20
1290.066430077673
 10
473.2409314182127
 20
1278.858323961547
 42
0.4142135624573217
 10
470.5887481421692
 20
1275.546840325731
 10
481.7968542582953
 20
1174.164502824124
 42
0.4142135622503031
 10
485.108337894111
 20
1171.512319548081
 10
660.0425673086475
 20
1190.851796768063
 42
0.4142135622677113
 10
662.6947505846913
 20
1194.163280403879
 10
658.9587152126492
 20
1227.957392904414
 42
0.4142135624273552
 10
655.6472315768335
 20
1230.609576180458
 10
507.5495032656632
 20
1214.23695057945
 10
505.9012523662328
 20
1229.146117859098
 10
653.9989806774031
 20
1245.518743460106
 42
0.4142135622689592
 10
656.6511639534467
 20
1248.830227095922
 10
655.1127964473117
 20
1262.74544989026
 42
0.4142135623511865
 10
651.8013128114961
 20
1265.397633166303
 10
503.7035845003257
 20
1249.025007565295
 10
502.0553336008956
 20
1263.934174844943
 10
652.1303883492763
 20
1280.525399514395
 42
0.1639123519342142
 10
653.8674507106559
 20
1281.33267571153
 10
697.9239953456047
 20
1323.204285646687
 42
-0.1639123517873201
 10
699.6610577069845
 20
1324.011561843823
 10
715.5536069385332
 20
1325.768528418401
 42
0.4142135624130401
 10
718.2057902145766
 20
1329.080012054217
 10
711.7226700101507
 20
1387.722736687499
 42
0.4142135623814827
 10
708.4111863743349
 20
1390.374919963543
 10
533.4769569597982
 20
1371.03544274356
 42
0.4142135623581181
  0
CIRCLE
  5
85
330
1F
100
AcDbEntity
  8
1LBR001088
 62
     7
100
AcDbCircle
 10
640.9478431924728
 20
1208.86266878824
 30
0.0
 40
7.0
  0
CIRCLE
  5
86
330
1F
100
AcDbEntity
  8
1LBR001088
 62
     7
100
AcDbCircle
 10
631.0583377958908
 20
1298.317672466128
 30
0.0
 40
7.0
  0
MTEXT
  5
87
102
{ACAD_XDICTIONARY
360
32E
102
}
330
1F
100
AcDbEntity
  8
Texto
 62
     7
100
AcDbMText
 10
499.8974536106692
 20
1276.217589228873
 30
0.0
 40
10.0
 41
94.5260650607579
 71
     1
 72
     5
  1
{\W0.476303; }1LBR001088 \P{\W2.726303; }pos.6
 11
0.1098833932953797
 21
-0.9939444853098652
 31
0.0
 73
     1
 44
1.0
1001
ACAD
1000
MTEXTBEGIN
1070
    73
1070
     1
1070
    44
1040
1.0
1070
    74
1070
     0
1000
MTEXTEND
  0
LWPOLYLINE
  5
88
330
1F
100
AcDbEntity
  8
1LBR001088
 62
     7
100
AcDbPolyline
 90
       36
 70
     1
 43
0.0
 10
738.7924278628649
 20
1367.723959107744
 10
741.4296293019532
 20
1343.869291460307
 42
0.4142135622973725
 10
744.741112937769
 20
1341.217108184264
 10
887.8691188223902
 20
1357.040316818795
 10
889.5173697218204
 20
1342.131149539147
 10
746.3893638371994
 20
1326.307940904616
 42
0.4142135624731311
 10
743.7371805611558
 20
1322.9964572688
 10
745.2755480672908
 20
1309.081234474462
 42
0.4142135623247857
 10
748.5870317031064
 20
1306.429051198418
 10
780.3932552330222
 20
1309.94531978387
 10
782.5909230989292
 20
1290.066430077672
 10
681.2085855973228
 20
1278.858323961546
 42
0.4142135624275698
 10
678.5564023212791
 20
1275.546840325731
 10
689.7645084374055
 20
1174.164502824124
 42
0.4142135622861474
 10
693.0759920732209
 20
1171.512319548081
 10
868.0102214877576
 20
1190.851796768063
 42
0.4142135622856007
 10
870.6624047638015
 20
1194.163280403879
 10
866.9263693917592
 20
1227.957392904414
 42
0.4142135623794613
 10
863.6148857559437
 20
1230.609576180458
 10
715.5171574447733
 20
1214.23695057945
 10
713.868906545343
 20
1229.146117859098
 10
861.9666348565132
 20
1245.518743460106
 42
0.4142135623903937
 10
864.6188181325568
 20
1248.830227095921
 10
863.0804506264217
 20
1262.74544989026
 42
0.4142135624068195
 10
859.7689669906062
 20
1265.397633166303
 10
711.6712386794358
 20
1249.025007565295
 10
710.0229877800057
 20
1263.934174844943
 10
860.0980425283863
 20
1280.525399514395
 42
0.163912351751893
 10
861.8351048897661
 20
1281.33267571153
 10
905.8916495247148
 20
1323.204285646687
 42
-0.1639123515969513
 10
907.6287118860944
 20
1324.011561843822
 10
923.5212611176432
 20
1325.768528418401
 42
0.4142135623264945
 10
926.1734443936866
 20
1329.080012054216
 10
919.6903241892607
 20
1387.722736687499
 42
0.4142135624361339
 10
916.378840553445
 20
1390.374919963543
 10
741.4446111389085
 20
1371.03544274356
 42
0.4142135624345367
  0
CIRCLE
  5
89
330
1F
100
AcDbEntity
  8
1LBR001088
 62
     7
100
AcDbCircle
 10
848.915497371583
 20
1208.86266878824
 30
0.0
 40
7.0
  0
CIRCLE
  5
8A
330
1F
100
AcDbEntity
  8
1LBR001088
 62
     7
100
AcDbCircle
 10
839.0259919750009
 20
1298.317672466128
 30
0.0
 40
7.0
  0
MTEXT
  5
8B
102
{ACAD_XDICTIONARY
360
330
102
}
330
1F
100
AcDbEntity
  8
Texto
 62
     7
100
AcDbMText
 10
707.8651077897794
 20
1276.217589228873
 30
0.0
 40
10.0
 41
94.5260650607579
 71
     1
 72
     5
  1
{\W0.476303; }1LBR001088 \P{\W2.726303; }pos.6
 11
0.1098833932952668
 21
-0.9939444853098777
 31
0.0
 73
     1
 44
1.0
1001
ACAD
1000
MTEXTBEGIN
1070
    73
1070
     1
1070
    44
1040
1.0
1070
    74
1070
     0
1000
MTEXTEND
  0
LWPOLYLINE
  5
8C
330
1F
100
AcDbEntity
  8
1LBR001088
 62
     7
100
AcDbPolyline
 90
       36
 70
     1
 43
0.0
 10
946.7600820419752
 20
1367.723959107745
 10
949.3972834810637
 20
1343.869291460308
 42
0.4142135622411806
 10
952.7087671168793
 20
1341.217108184264
 10
1095.8367730015
 20
1357.040316818795
 10
1097.485023900931
 20
1342.131149539147
 10
954.3570180163097
 20
1326.307940904616
 42
0.4142135624079005
 10
951.7048347402658
 20
1322.996457268801
 10
953.2432022464012
 20
1309.081234474463
 42
0.4142135624754414
 10
956.5546858822168
 20
1306.429051198419
 10
988.3609094121325
 20
1309.94531978387
 10
990.5585772780396
 20
1290.066430077673
 10
889.1762397764331
 20
1278.858323961547
 42
0.414213562468347
 10
886.5240565003896
 20
1275.546840325731
 10
897.7321626165158
 20
1174.164502824124
 42
0.4142135623362548
 10
901.0436462523314
 20
1171.512319548081
 10
1075.977875666868
 20
1190.851796768063
 42
0.4142135623342569
 10
1078.630058942912
 20
1194.163280403879
 10
1074.89402357087
 20
1227.957392904414
 42
0.4142135624191037
 10
1071.582539935054
 20
1230.609576180458
 10
923.4848116238834
 20
1214.23695057945
 10
921.836560724453
 20
1229.146117859098
 10
1069.934289035624
 20
1245.518743460106
 42
0.4142135623355954
 10
1072.586472311667
 20
1248.830227095922
 10
1071.048104805532
 20
1262.74544989026
 42
0.4142135623430577
 10
1067.736621169717
 20
1265.397633166303
 10
919.6388928585463
 20
1249.025007565295
 10
917.990641959116
 20
1263.934174844943
 10
1068.065696707497
 20
1280.525399514395
 42
0.1639123514469125
 10
1069.802759068877
 20
1281.33267571153
 10
1113.859303703825
 20
1323.204285646687
 42
-0.1639123517188017
 10
1115.596366065205
 20
1324.011561843823
 10
1131.488915296753
 20
1325.768528418401
 42
0.4142135624796078
 10
1134.141098572797
 20
1329.080012054217
 10
1127.657978368371
 20
1387.722736687499
 42
0.4142135623733426
 10
1124.346494732555
 20
1390.374919963543
 10
949.4122653180188
 20
1371.03544274356
 42
0.4142135623692059
  0
CIRCLE
  5
8D
330
1F
100
AcDbEntity
  8
1LBR001088
 62
     7
100
AcDbCircle
 10
1056.883151550693
 20
1208.86266878824
 30
0.0
 40
7.0
  0
CIRCLE
  5
8E
330
1F
100
AcDbEntity
  8
1LBR001088
 62
     7
100
AcDbCircle
 10
1046.993646154112
 20
1298.317672466128
 30
0.0
 40
7.0
  0
MTEXT
  5
8F
102
{ACAD_XDICTIONARY
360
332
102
}
330
1F
100
AcDbEntity
  8
Texto
 62
     7
100
AcDbMText
 10
915.8327619688899
 20
1276.217589228873
 30
0.0
 40
10.0
 41
94.5260650607579
 71
     1
 72
     5
  1
{\W0.476303; }1LBR001088 \P{\W2.726303; }pos.6
 11
0.1098833932952668
 21
-0.9939444853098777
 31
0.0
 73
     1
 44
1.0
1001
ACAD
1000
MTEXTBEGIN
1070
    73
1070
     1
1070
    44
1040
1.0
1070
    74
1070
     0
1000
MTEXTEND
  0
LWPOLYLINE
  5
90
330
1F
100
AcDbEntity
  8
1LBR001088
 62
     7
100
AcDbPolyline
 90
       36
 70
     1
 43
0.0
 10
1154.727736221085
 20
1367.723959107745
 10
1157.364937660174
 20
1343.869291460308
 42
0.4142135622975834
 10
1160.67642129599
 20
1341.217108184264
 10
1303.804427180611
 20
1357.040316818795
 10
1305.452678080041
 20
1342.131149539147
 10
1162.32467219542
 20
1326.307940904616
 42
0.4142135624733541
 10
1159.672488919377
 20
1322.996457268801
 10
1161.210856425511
 20
1309.081234474463
 42
0.414213562324966
 10
1164.522340061327
 20
1306.429051198419
 10
1196.328563591243
 20
1309.94531978387
 10
1198.52623145715
 20
1290.066430077673
 10
1097.143893955544
 20
1278.858323961547
 42
0.4142135624286374
 10
1094.4917106795
 20
1275.546840325731
 10
1105.699816795626
 20
1174.164502824124
 42
0.4142135622873536
 10
1109.011300431442
 20
1171.512319548081
 10
1283.945529845978
 20
1190.851796768063
 42
0.4142135622887851
 10
1286.597713122022
 20
1194.163280403879
 10
1282.86167774998
 20
1227.957392904414
 42
0.4142135623825382
 10
1279.550194114164
 20
1230.609576180458
 10
1131.452465802994
 20
1214.23695057945
 10
1129.804214903564
 20
1229.146117859098
 10
1277.901943214734
 20
1245.518743460106
 42
0.414213562393528
 10
1280.554126490777
 20
1248.830227095922
 10
1279.015758984642
 20
1262.74544989026
 42
0.4142135624099894
 10
1275.704275348827
 20
1265.397633166303
 10
1127.606547037657
 20
1249.025007565295
 10
1125.958296138226
 20
1263.934174844943
 10
1276.033350886607
 20
1280.525399514395
 42
0.1639123517551651
 10
1277.770413247987
 20
1281.33267571153
 10
1321.826957882935
 20
1323.204285646687
 42
-0.1639123515976446
 10
1323.564020244315
 20
1324.011561843823
 10
1339.456569475864
 20
1325.768528418401
 42
0.4142135623288981
 10
1342.108752751907
 20
1329.080012054217
 10
1335.625632547481
 20
1387.722736687499
 42
0.4142135624385804
 10
1332.314148911666
 20
1390.374919963543
 10
1157.379919497129
 20
1371.03544274356
 42
0.4142135624346238
  0
CIRCLE
  5
91
330
1F
100
AcDbEntity
  8
1LBR001088
 62
     7
100
AcDbCircle
 10
1264.850805729804
 20
1208.86266878824
 30
0.0
 40
7.0
  0
CIRCLE
  5
92
330
1F
100
AcDbEntity
  8
1LBR001088
 62
     7
100
AcDbCircle
 10
1254.961300333222
 20
1298.317672466128
 30
0.0
 40
7.0
  0
MTEXT
  5
93
102
{ACAD_XDICTIONARY
360
334
102
}
330
1F
100
AcDbEntity
  8
Texto
 62
     7
100
AcDbMText
 10
1123.800416148
 20
1276.217589228873
 30
0.0
 40
10.0
 41
94.5260650607579
 71
     1
 72
     5
  1
{\W0.476303; }1LBR001088 \P{\W2.726303; }pos.6
 11
0.1098833932953797
 21
-0.9939444853098652
 31
0.0
 73
     1
 44
1.0
1001
ACAD
1000
MTEXTBEGIN
1070
    73
1070
     1
1070
    44
1040
1.0
1070
    74
1070
     0
1000
MTEXTEND
  0
LWPOLYLINE
  5
94
330
1F
100
AcDbEntity
  8
1LBR001088
 62
     7
100
AcDbPolyline
 90
       36
 70
     1
 43
0.0
 10
1362.695390400195
 20
1367.723959107745
 10
1365.332591839284
 20
1343.869291460308
 42
0.414213562368582
 10
1368.6440754751
 20
1341.217108184264
 10
1511.772081359721
 20
1357.040316818795
 10
1513.420332259151
 20
1342.131149539147
 10
1370.29232637453
 20
1326.307940904616
 42
0.4142135623386573
 10
1367.640143098487
 20
1322.996457268801
 10
1369.178510604621
 20
1309.081234474463
 42
0.4142135623961018
 10
1372.489994240437
 20
1306.429051198419
 10
1404.296217770353
 20
1309.94531978387
 10
1406.49388563626
 20
1290.066430077673
 10
1305.111548134653
 20
1278.858323961547
 42
0.4142135624509259
 10
1302.45936485861
 20
1275.546840325731
 10
1313.667470974736
 20
1174.164502824124
 42
0.4142135623602545
 10
1316.978954610552
 20
1171.512319548081
 10
1491.913184025088
 20
1190.851796768063
 42
0.4142135623776058
 10
1494.565367301132
 20
1194.163280403879
 10
1490.82933192909
 20
1227.957392904414
 42
0.4142135624210209
 10
1487.517848293274
 20
1230.609576180458
 10
1339.420119982104
 20
1214.23695057945
 10
1337.771869082674
 20
1229.146117859098
 10
1485.869597393844
 20
1245.518743460106
 42
0.4142135623788781
 10
1488.521780669887
 20
1248.830227095922
 10
1486.983413163752
 20
1262.74544989026
 42
0.4142135623448202
 10
1483.671929527937
 20
1265.397633166303
 10
1335.574201216767
 20
1249.025007565295
 10
1333.925950317336
 20
1263.934174844943
 10
1484.001005065717
 20
1280.525399514395
 42
0.1639123516928204
 10
1485.738067427097
 20
1281.33267571153
 10
1529.794612062046
 20
1323.204285646687
 42
-0.163912351857756
 10
1531.531674423425
 20
1324.011561843823
 10
1547.424223654974
 20
1325.768528418401
 42
0.4142135624194837
 10
1550.076406931017
 20
1329.080012054217
 10
1543.593286726591
 20
1387.722736687499
 42
0.4142135623751273
 10
1540.281803090776
 20
1390.374919963543
 10
1365.347573676239
 20
1371.03544274356
 42
0.414213562351765
  0
CIRCLE
  5
95
330
1F
100
AcDbEntity
  8
1LBR001088
 62
     7
100
AcDbCircle
 10
1472.818459908913
 20
1208.86266878824
 30
0.0
 40
7.0
  0
CIRCLE
  5
96
330
1F
100
AcDbEntity
  8
1LBR001088
 62
     7
100
AcDbCircle
 10
1462.928954512332
 20
1298.317672466128
 30
0.0
 40
7.0
  0
MTEXT
  5
97
102
{ACAD_XDICTIONARY
360
336
102
}
330
1F
100
AcDbEntity
  8
Texto
 62
     7
100
AcDbMText
 10
1331.76807032711
 20
1276.217589228873
 30
0.0
 40
10.0
 41
94.5260650607579
 71
     1
 72
     5
  1
{\W0.476303; }1LBR001088 \P{\W2.726303; }pos.6
 11
0.1098833932953797
 21
-0.9939444853098652
 31
0.0
 73
     1
 44
1.0
1001
ACAD
1000
MTEXTBEGIN
1070
    73
1070
     1
1070
    44
1040
1.0
1070
    74
1070
     0
1000
MTEXTEND
  0
LWPOLYLINE
  5
98
330
1F
100
AcDbEntity
  8
1LBR001088
 62
     7
100
AcDbPolyline
 90
       36
 70
     1
 43
0.0
 10
1570.663044579306
 20
1367.723959107745
 10
1573.300246018394
 20
1343.869291460308
 42
0.4142135623863842
 10
1576.61172965421
 20
1341.217108184264
 10
1719.739735538831
 20
1357.040316818795
 10
1721.387986438261
 20
1342.131149539147
 10
1578.25998055364
 20
1326.307940904616
 42
0.4142135623564547
 10
1575.607797277597
 20
1322.996457268801
 10
1577.146164783731
 20
1309.081234474463
 42
0.4142135624137179
 10
1580.457648419547
 20
1306.429051198419
 10
1612.263871949463
 20
1309.94531978387
 10
1614.46153981537
 20
1290.066430077673
 10
1513.079202313764
 20
1278.858323961547
 42
0.41421356246864
 10
1510.42701903772
 20
1275.546840325731
 10
1521.635125153846
 20
1174.164502824124
 42
0.4142135623780569
 10
1524.946608789662
 20
1171.512319548081
 10
1699.880838204198
 20
1190.851796768063
 42
0.4142135623728255
 10
1702.533021480243
 20
1194.163280403879
 10
1698.7969861082
 20
1227.957392904414
 42
0.4142135624160885
 10
1695.485502472385
 20
1230.609576180458
 10
1547.387774161214
 20
1214.23695057945
 10
1545.739523261784
 20
1229.146117859098
 10
1693.837251572954
 20
1245.518743460106
 42
0.4142135623741419
 10
1696.489434848998
 20
1248.830227095922
 10
1694.951067342863
 20
1262.74544989026
 42
0.4142135623400399
 10
1691.639583707047
 20
1265.397633166303
 10
1543.541855395877
 20
1249.025007565295
 10
1541.893604496446
 20
1263.934174844943
 10
1691.968659244827
 20
1280.525399514395
 42
0.1639123515866339
 10
1693.705721606207
 20
1281.33267571153
 10
1737.762266241156
 20
1323.204285646687
 42
-0.1639123518784153
 10
1739.499328602535
 20
1324.011561843823
 10
1755.391877834084
 20
1325.768528418401
 42
0.4142135623887965
 10
1758.044061110128
 20
1329.080012054217
 10
1751.560940905702
 20
1387.722736687499
 42
0.4142135623444402
 10
1748.249457269886
 20
1390.374919963543
 10
1573.315227855349
 20
1371.03544274356
 42
0.414213562369543
  0
CIRCLE
  5
99
330
1F
100
AcDbEntity
  8
1LBR001088
 62
     7
100
AcDbCircle
 10
1680.786114088024
 20
1208.86266878824
 30
0.0
 40
7.0
  0
CIRCLE
  5
9A
330
1F
100
AcDbEntity
  8
1LBR001088
 62
     7
100
AcDbCircle
 10
1670.896608691442
 20
1298.317672466128
 30
0.0
 40
7.0
  0
MTEXT
  5
9B
102
{ACAD_XDICTIONARY
360
338
102
}
330
1F
100
AcDbEntity
  8
Texto
 62
     7
100
AcDbMText
 10
1539.73572450622
 20
1276.217589228873
 30
0.0
 40
10.0
 41
94.5260650607579
 71
     1
 72
     5
  1
{\W0.476303; }1LBR001088 \P{\W2.726303; }pos.6
 11
0.1098833932953797
 21
-0.9939444853098652
 31
0.0
 73
     1
 44
1.0
1001
ACAD
1000
MTEXTBEGIN
1070
    73
1070
     1
1070
    44
1040
1.0
1070
    74
1070
     0
1000
MTEXTEND
  0
LWPOLYLINE
  5
9C
330
1F
100
AcDbEntity
  8
1LBR001088
 62
     7
100
AcDbPolyline
 90
       36
 70
     1
 43
0.0
 10
1778.709930810056
 20
1367.799261733283
 10
1781.347132249145
 20
1343.944594085846
 42
0.4142135623009123
 10
1784.658615884961
 20
1341.292410809802
 10
1927.786621769581
 20
1357.115619444334
 10
1929.434872669012
 20
1342.206452164685
 10
1786.306866784391
 20
1326.383243530154
 42
0.414213562365726
 10
1783.654683508347
 20
1323.071759894338
 10
1785.193051014482
 20
1309.156537100001
 42
0.4142135624318536
 10
1788.504534650297
 20
1306.504353823957
 10
1820.310758180213
 20
1310.020622409408
 10
1822.50842604612
 20
1290.141732703211
 10
1721.126088544514
 20
1278.933626587085
 42
0.4142135624235482
 10
1718.47390526847
 20
1275.622142951269
 10
1729.682011384596
 20
1174.239805449662
 42
0.4142135622902364
 10
1732.993495020412
 20
1171.587622173619
 10
1907.927724434949
 20
1190.927099393602
 42
0.4142135622896774
 10
1910.579907710993
 20
1194.238583029417
 10
1906.84387233895
 20
1228.032695529953
 42
0.4142135623754411
 10
1903.532388703135
 20
1230.684878805997
 10
1755.434660391964
 20
1214.312253204989
 10
1753.786409492534
 20
1229.221420484637
 10
1901.884137803705
 20
1245.594046085644
 42
0.414213562290837
 10
1904.536321079748
 20
1248.90552972146
 10
1902.997953573613
 20
1262.820752515798
 42
0.4142135622994145
 10
1899.686469937797
 20
1265.472935791842
 10
1751.588741626627
 20
1249.100310190834
 10
1749.940490727196
 20
1264.009477470482
 10
1900.015545475577
 20
1280.600702139933
 42
0.1639123516573769
 10
1901.752607836957
 20
1281.407978337069
 10
1945.809152471906
 20
1323.279588272225
 42
-0.1639123516914642
 10
1947.546214833286
 20
1324.086864469361
 10
1963.438764064835
 20
1325.84383104394
 42
0.4142135624338442
 10
1966.090947340878
 20
1329.155314679755
 10
1959.607827136452
 20
1387.798039313037
 42
0.4142135625356624
 10
1956.296343500637
 20
1390.450222589081
 10
1781.3621140861
 20
1371.110745369098
 42
0.4142135625339022
  0
CIRCLE
  5
9D
330
1F
100
AcDbEntity
  8
1LBR001088
 62
     7
100
AcDbCircle
 10
1888.833000318774
 20
1208.937971413778
 30
0.0
 40
7.0
  0
CIRCLE
  5
9E
330
1F
100
AcDbEntity
  8
1LBR001088
 62
     7
100
AcDbCircle
 10
1878.943494922192
 20
1298.392975091666
 30
0.0
 40
7.0
  0
MTEXT
  5
9F
102
{ACAD_XDICTIONARY
360
33A
102
}
330
1F
100
AcDbEntity
  8
Texto
 62
     7
100
AcDbMText
 10
1747.782610736971
 20
1276.292891854411
 30
0.0
 40
10.0
 41
94.5260650607579
 71
     1
 72
     5
  1
{\W0.476303; }1LBR001088 \P{\W2.726303; }pos.6
 11
0.1098833932953797
 21
-0.9939444853098652
 31
0.0
 73
     1
 44
1.0
1001
ACAD
1000
MTEXTBEGIN
1070
    73
1070
     1
1070
    44
1040
1.0
1070
    74
1070
     0
1000
MTEXTEND
  0
LWPOLYLINE
  5
A0
330
1F
100
AcDbEntity
  8
1LBR001088
 62
     7
100
AcDbPolyline
 90
       36
 70
     1
 43
0.0
 10
205.4193135734796
 20
975.2953282810338
 10
202.782112134391
 20
999.1499959284706
 42
0.4142135623015734
 10
199.4706284985753
 20
1001.802179204514
 10
56.34262261395438
 20
985.9789705699833
 10
54.69437171452406
 20
1000.888137849631
 10
197.822377599145
 20
1016.711346484162
 42
0.4142135623658312
 10
200.4745608751886
 20
1020.022830119978
 10
198.9361933690536
 20
1033.938052914316
 42
0.4142135624324374
 10
195.6247097332379
 20
1036.59023619036
 10
163.8184862033222
 20
1033.073967604908
 10
161.6208183374151
 20
1052.952857311105
 10
263.0031558390216
 20
1064.160963427232
 42
0.4142135624245042
 10
265.6553391150652
 20
1067.472447063047
 10
254.447232998939
 20
1168.854784564654
 42
0.4142135622912614
 10
251.1357493631233
 20
1171.506967840697
 10
76.20151994858659
 20
1152.167490620715
 42
0.4142135622927908
 10
73.54933667254302
 20
1148.856006984899
 10
77.28537204458509
 20
1115.061894484364
 42
0.4142135623786735
 10
80.59685568040075
 20
1112.40971120832
 10
228.6945839915711
 20
1128.782336809328
 10
230.3428348910014
 20
1113.87316952968
 10
82.24510657983106
 20
1097.500543928672
 42
0.4142135622941151
 10
79.59292330378755
 20
1094.189060292857
 10
81.1312908099225
 20
1080.273837498519
 42
0.4142135623024937
 10
84.44277444573813
 20
1077.621654222475
 10
232.5405027569085
 20
1093.994279823483
 10
234.1887536563388
 20
1079.085112543835
 10
84.11369890795802
 20
1062.493887874383
 42
0.1639123516606303
 10
82.37663654657819
 20
1061.686611677248
 10
38.32009191162961
 20
1019.815001742091
 42
-0.1639123516922165
 10
36.58302955024975
 20
1019.007725544955
 10
20.69048031870118
 20
1017.250758970377
 42
0.4142135624363453
 10
18.03829704265766
 20
1013.939275334561
 10
24.52141724708357
 20
955.2965507012793
 42
0.4142135625381049
 10
27.83290088289925
 20
952.6443674252355
 10
202.767130297436
 20
971.9838446452179
 42
0.41421356253419
  0
CIRCLE
  5
A1
330
1F
100
AcDbEntity
  8
1LBR001088
 62
     7
100
AcDbCircle
 10
95.29624406476143
 20
1134.156618600539
 30
0.0
 40
7.0
  0
CIRCLE
  5
A2
330
1F
100
AcDbEntity
  8
1LBR001088
 62
     7
100
AcDbCircle
 10
105.1857494613433
 20
1044.701614922651
 30
0.0
 40
7.0
  0
MTEXT
  5
A3
102
{ACAD_XDICTIONARY
360
33C
102
}
330
1F
100
AcDbEntity
  8
Texto
 62
     7
100
AcDbMText
 10
236.346633646565
 20
1066.801698159905
 30
0.0
 40
10.0
 41
94.5260650607579
 71
     1
 72
     5
  1
{\W0.476303; }1LBR001088 \P{\W2.726303; }pos.6
 11
-0.1098833932953514
 21
0.9939444853098684
 31
0.0
 73
     1
 44
1.0
1001
ACAD
1000
MTEXTBEGIN
1070
    73
1070
     1
1070
    44
1040
1.0
1070
    74
1070
     0
1000
MTEXTEND
  0
LWPOLYLINE
  5
A4
330
1F
100
AcDbEntity
  8
1LBR001088
 62
     7
100
AcDbPolyline
 90
       36
 70
     1
 43
0.0
 10
413.3869677525894
 20
975.2953282810336
 10
410.7497663135009
 20
999.1499959284702
 42
0.414213562448461
 10
407.4382826776853
 20
1001.802179204514
 10
264.3102767930644
 20
985.978970569983
 10
262.6620258936341
 20
1000.888137849631
 10
405.790031778255
 20
1016.711346484162
 42
0.4142135623977964
 10
408.4422150542986
 20
1020.022830119977
 10
406.9038475481636
 20
1033.938052914316
 42
0.4142135623724307
 10
403.5923639123479
 20
1036.59023619036
 10
371.7861403824322
 20
1033.073967604908
 10
369.588472516525
 20
1052.952857311105
 10
470.9708100181316
 20
1064.160963427231
 42
0.4142135624065891
 10
473.6229932941751
 20
1067.472447063047
 10
462.4148871780489
 20
1168.854784564654
 42
0.4142135624401592
 10
459.1034035422332
 20
1171.506967840697
 10
284.1691741276965
 20
1152.167490620715
 42
0.4142135624348505
 10
281.516990851653
 20
1148.856006984899
 10
285.2530262236951
 20
1115.061894484364
 42
0.4142135623539377
 10
288.5645098595108
 20
1112.40971120832
 10
436.662238170681
 20
1128.782336809328
 10
438.3104890701114
 20
1113.87316952968
 10
290.2127607589411
 20
1097.500543928672
 42
0.4142135623326874
 10
287.5605774828975
 20
1094.189060292857
 10
289.0989449890325
 20
1080.273837498519
 42
0.414213562381435
 10
292.4104286248481
 20
1077.621654222475
 10
440.5081569360184
 20
1093.994279823483
 10
442.1564078354488
 20
1079.085112543834
 10
292.081353087068
 20
1062.493887874383
 42
0.1639123515927149
 10
290.3442907256882
 20
1061.686611677248
 10
246.2877460907396
 20
1019.815001742091
 42
-0.1639123517013398
 10
244.5506837293597
 20
1019.007725544955
 10
228.6581344978112
 20
1017.250758970377
 42
0.4142135623473718
 10
226.0059512217676
 20
1013.939275334561
 10
232.4890714261936
 20
955.2965507012793
 42
0.4142135623340783
 10
235.8005550620092
 20
952.6443674252355
 10
410.7347844765459
 20
971.9838446452181
 42
0.4142135623590808
  0
CIRCLE
  5
A5
330
1F
100
AcDbEntity
  8
1LBR001088
 62
     7
100
AcDbCircle
 10
303.2638982438714
 20
1134.156618600539
 30
0.0
 40
7.0
  0
CIRCLE
  5
A6
330
1F
100
AcDbEntity
  8
1LBR001088
 62
     7
100
AcDbCircle
 10
313.1534036404532
 20
1044.70161492265
 30
0.0
 40
7.0
  0
MTEXT
  5
A7
102
{ACAD_XDICTIONARY
360
33E
102
}
330
1F
100
AcDbEntity
  8
Texto
 62
     7
100
AcDbMText
 10
444.3142878256749
 20
1066.801698159905
 30
0.0
 40
10.0
 41
94.5260650607579
 71
     1
 72
     5
  1
{\W0.476303; }1LBR001088 \P{\W2.726303; }pos.6
 11
-0.1098833932953794
 21
0.9939444853098652
 31
0.0
 73
     1
 44
1.0
1001
ACAD
1000
MTEXTBEGIN
1070
    73
1070
     1
1070
    44
1040
1.0
1070
    74
1070
     0
1000
MTEXTEND
  0
LWPOLYLINE
  5
A8
330
1F
100
AcDbEntity
  8
1LBR001088
 62
     7
100
AcDbPolyline
 90
       36
 70
     1
 43
0.0
 10
621.2753898800594
 20
975.2200256554953
 10
618.6381884409708
 20
999.0746933029321
 42
0.4142135624308179
 10
615.3267048051552
 20
1001.726876578975
 10
472.1986989205342
 20
985.9036679444447
 10
470.550448021104
 20
1000.812835224093
 10
613.6784539057247
 20
1016.636043858624
 42
0.4142135623800744
 10
616.3306371817684
 20
1019.947527494439
 10
614.7922696756335
 20
1033.862750288778
 42
0.414213562354713
 10
611.4807860398177
 20
1036.514933564821
 10
579.674562509902
 20
1032.99866497937
 10
577.4768946439949
 20
1052.877554685567
 10
678.8592321456015
 20
1064.085660801693
 42
0.4142135623887855
 10
681.5114154216449
 20
1067.397144437509
 10
670.3033093055188
 20
1168.779481939115
 42
0.4142135624222955
 10
666.9918256697031
 20
1171.431665215159
 10
492.0575962551664
 20
1152.092187995177
 42
0.414213562439778
 10
489.4054129791228
 20
1148.780704359361
 10
493.141448351165
 20
1114.986591858825
 42
0.4142135623588401
 10
496.4529319869807
 20
1112.334408582782
 10
644.5506602981509
 20
1128.70703418379
 10
646.1989111975811
 20
1113.797866904142
 10
498.101182886411
 20
1097.425241303134
 42
0.4142135623375302
 10
495.4489996103673
 20
1094.113757667319
 10
496.9873671165023
 20
1080.19853487298
 42
0.4142135623862618
 10
500.2988507523181
 20
1077.546351596937
 10
648.3965790634884
 20
1093.918977197945
 10
650.0448299629188
 20
1079.009809918297
 10
499.9697752145379
 20
1062.418585248845
 42
0.1639123516988784
 10
498.232712853158
 20
1061.61130905171
 10
454.1761682182094
 20
1019.739699116553
 42
-0.1639123516806283
 10
452.4391058568296
 20
1018.932422919417
 10
436.5465566252811
 20
1017.175456344838
 42
0.4142135623780923
 10
433.8943733492375
 20
1013.863972709023
 10
440.3774935536634
 20
955.2212480757409
 42
0.4142135623647755
 10
443.6889771894792
 20
952.5690647996972
 10
618.6232066040158
 20
971.9085420196796
 42
0.4142135623413477
  0
CIRCLE
  5
A9
330
1F
100
AcDbEntity
  8
1LBR001088
 62
     7
100
AcDbCircle
 10
511.1523203713412
 20
1134.081315975
 30
0.0
 40
7.0
  0
CIRCLE
  5
AA
330
1F
100
AcDbEntity
  8
1LBR001088
 62
     7
100
AcDbCircle
 10
521.0418257679231
 20
1044.626312297112
 30
0.0
 40
7.0
  0
MTEXT
  5
AB
102
{ACAD_XDICTIONARY
360
340
102
}
330
1F
100
AcDbEntity
  8
Texto
 62
     7
100
AcDbMText
 10
652.2027099531448
 20
1066.726395534367
 30
0.0
 40
10.0
 41
94.5260650607579
 71
     1
 72
     5
  1
{\W0.476303; }1LBR001088 \P{\W2.726303; }pos.6
 11
-0.1098833932953794
 21
0.9939444853098652
 31
0.0
 73
     1
 44
1.0
1001
ACAD
1000
MTEXTBEGIN
1070
    73
1070
     1
1070
    44
1040
1.0
1070
    74
1070
     0
1000
MTEXTEND
  0
LWPOLYLINE
  5
AC
330
1F
100
AcDbEntity
  8
1LBR001088
 62
     7
100
AcDbPolyline
 90
       36
 70
     1
 43
0.0
 10
829.3222761108095
 20
975.2953282810336
 10
826.6850746717212
 20
999.1499959284706
 42
0.4142135622725701
 10
823.3735910359055
 20
1001.802179204514
 10
680.2455851512844
 20
985.978970569983
 10
678.5973342518541
 20
1000.888137849631
 10
821.725340136475
 20
1016.711346484162
 42
0.4142135623151381
 10
824.3775234125187
 20
1020.022830119977
 10
822.8391559063837
 20
1033.938052914316
 42
0.414213562403379
 10
819.5276722705679
 20
1036.59023619036
 10
787.7214487406521
 20
1033.073967604908
 10
785.5237808747451
 20
1052.952857311105
 10
886.9061183763516
 20
1064.160963427231
 42
0.4142135623755184
 10
889.5583016523954
 20
1067.472447063047
 10
878.3501955362691
 20
1168.854784564654
 42
0.4142135623677265
 10
875.0387119004534
 20
1171.506967840697
 10
700.1044824859167
 20
1152.167490620715
 42
0.4142135623624191
 10
697.4522992098732
 20
1148.856006984899
 10
701.1883345819152
 20
1115.061894484363
 42
0.4142135624265169
 10
704.4998182177309
 20
1112.40971120832
 10
852.5975465289009
 20
1128.782336809328
 10
854.2457974283314
 20
1113.87316952968
 10
706.1480691171612
 20
1097.500543928672
 42
0.414213562363771
 10
703.4958858411175
 20
1094.189060292857
 10
705.0342533472526
 20
1080.273837498519
 42
0.4142135624538775
 10
708.3457369830682
 20
1077.621654222475
 10
856.4434652942384
 20
1093.994279823483
 10
858.0917161936689
 20
1079.085112543834
 10
708.016661445288
 20
1062.493887874383
 42
0.1639123515805533
 10
706.2795990839081
 20
1061.686611677248
 10
662.2230544489596
 20
1019.815001742091
 42
-0.1639123517134688
 10
660.4859920875797
 20
1019.007725544955
 10
644.5934428560312
 20
1017.250758970377
 42
0.414213562378444
 10
641.9412595799876
 20
1013.939275334561
 10
648.4243797844136
 20
955.2965507012793
 42
0.414213562458366
 10
651.7358634202293
 20
952.6443674252355
 10
826.6700928347662
 20
971.9838446452179
 42
0.4142135624833474
  0
CIRCLE
  5
AD
330
1F
100
AcDbEntity
  8
1LBR001088
 62
     7
100
AcDbCircle
 10
719.1992066020915
 20
1134.156618600538
 30
0.0
 40
7.0
  0
CIRCLE
  5
AE
330
1F
100
AcDbEntity
  8
1LBR001088
 62
     7
100
AcDbCircle
 10
729.0887119986733
 20
1044.70161492265
 30
0.0
 40
7.0
  0
MTEXT
  5
AF
102
{ACAD_XDICTIONARY
360
342
102
}
330
1F
100
AcDbEntity
  8
Texto
 62
     7
100
AcDbMText
 10
860.2495961838949
 20
1066.801698159905
 30
0.0
 40
10.0
 41
94.5260650607579
 71
     1
 72
     5
  1
{\W0.476303; }1LBR001088 \P{\W2.726303; }pos.6
 11
-0.1098833932953794
 21
0.9939444853098652
 31
0.0
 73
     1
 44
1.0
1001
ACAD
1000
MTEXTBEGIN
1070
    73
1070
     1
1070
    44
1040
1.0
1070
    74
1070
     0
1000
MTEXTEND
  0
LWPOLYLINE
  5
B0
330
1F
100
AcDbEntity
  8
1LBR001088
 62
     7
100
AcDbPolyline
 90
       36
 70
     1
 43
0.0
 10
1037.28993028992
 20
975.2953282810338
 10
1034.652728850831
 20
999.1499959284707
 42
0.4142135623064735
 10
1031.341245215016
 20
1001.802179204514
 10
888.2132393303949
 20
985.9789705699833
 10
886.5649884309645
 20
1000.888137849631
 10
1029.692994315586
 20
1016.711346484162
 42
0.4142135624821842
 10
1032.345177591629
 20
1020.022830119978
 10
1030.806810085494
 20
1033.938052914316
 42
0.4142135623339186
 10
1027.495326449678
 20
1036.59023619036
 10
995.6891029197628
 20
1033.073967604908
 10
993.4914350538557
 20
1052.952857311105
 10
1094.873772555462
 20
1064.160963427232
 42
0.4142135624309418
 10
1097.525955831506
 20
1067.472447063047
 10
1086.31784971538
 20
1168.854784564654
 42
0.4142135622898784
 10
1083.006366079564
 20
1171.506967840697
 10
908.0721366650273
 20
1152.167490620715
 42
0.4142135622960978
 10
905.4199533889836
 20
1148.856006984899
 10
909.1559887610257
 20
1115.061894484364
 42
0.414213562389836
 10
912.4674723968412
 20
1112.40971120832
 10
1060.565200708012
 20
1128.782336809328
 10
1062.213451607442
 20
1113.87316952968
 10
914.1157232962717
 20
1097.500543928672
 42
0.4142135624008148
 10
911.463540020228
 20
1094.189060292857
 10
913.0019075263632
 20
1080.273837498519
 42
0.4142135624173264
 10
916.3133911621788
 20
1077.621654222475
 10
1064.411119473349
 20
1093.994279823483
 10
1066.05937037278
 20
1079.085112543835
 10
915.9843156243985
 20
1062.493887874383
 42
0.1639123517544345
 10
914.2472532630188
 20
1061.686611677248
 10
870.19070862807
 20
1019.815001742091
 42
-0.163912351603711
 10
868.4536462666903
 20
1019.007725544955
 10
852.5610970351417
 20
1017.250758970377
 42
0.4142135623296433
 10
849.9089137590981
 20
1013.939275334561
 10
856.3920339635242
 20
955.2965507012793
 42
0.4142135624393379
 10
859.7035175993395
 20
952.6443674252355
 10
1034.637747013876
 20
971.9838446452182
 42
0.4142135624435471
  0
CIRCLE
  5
B1
330
1F
100
AcDbEntity
  8
1LBR001088
 62
     7
100
AcDbCircle
 10
927.1668607812019
 20
1134.156618600539
 30
0.0
 40
7.0
  0
CIRCLE
  5
B2
330
1F
100
AcDbEntity
  8
1LBR001088
 62
     7
100
AcDbCircle
 10
937.0563661777838
 20
1044.701614922651
 30
0.0
 40
7.0
  0
MTEXT
  5
B3
102
{ACAD_XDICTIONARY
360
344
102
}
330
1F
100
AcDbEntity
  8
Texto
 62
     7
100
AcDbMText
 10
1068.217250363005
 20
1066.801698159905
 30
0.0
 40
10.0
 41
94.5260650607579
 71
     1
 72
     5
  1
{\W0.476303; }1LBR001088 \P{\W2.726303; }pos.6
 11
-0.1098833932953794
 21
0.9939444853098652
 31
0.0
 73
     1
 44
1.0
1001
ACAD
1000
MTEXTBEGIN
1070
    73
1070
     1
1070
    44
1040
1.0
1070
    74
1070
     0
1000
MTEXTEND
  0
LWPOLYLINE
  5
B4
330
1F
100
AcDbEntity
  8
1LBR001088
 62
     7
100
AcDbPolyline
 90
       36
 70
     1
 43
0.0
 10
1245.25758446903
 20
975.2953282810338
 10
1242.620383029942
 20
999.1499959284707
 42
0.4142135623103689
 10
1239.308899394126
 20
1001.802179204514
 10
1096.180893509505
 20
985.9789705699833
 10
1094.532642610075
 20
1000.888137849631
 10
1237.660648494696
 20
1016.711346484162
 42
0.4142135623747719
 10
1240.312831770739
 20
1020.022830119978
 10
1238.774464264605
 20
1033.938052914316
 42
0.4142135624413261
 10
1235.462980628789
 20
1036.59023619036
 10
1203.656757098873
 20
1033.073967604908
 10
1201.459089232966
 20
1052.952857311105
 10
1302.841426734572
 20
1064.160963427232
 42
0.4142135624269214
 10
1305.493610010616
 20
1067.472447063047
 10
1294.28550389449
 20
1168.854784564654
 42
0.4142135622939185
 10
1290.974020258674
 20
1171.506967840697
 10
1116.039790844137
 20
1152.167490620715
 42
0.4142135622999735
 10
1113.387607568094
 20
1148.856006984899
 10
1117.123642940136
 20
1115.061894484364
 42
0.4142135623858254
 10
1120.435126575952
 20
1112.40971120832
 10
1268.532854887122
 20
1128.782336809328
 10
1270.181105786552
 20
1113.87316952968
 10
1122.083377475382
 20
1097.500543928672
 42
0.4142135623013169
 10
1119.431194199338
 20
1094.189060292857
 10
1120.969561705473
 20
1080.273837498519
 42
0.4142135623098013
 10
1124.281045341289
 20
1077.621654222475
 10
1272.378773652459
 20
1093.994279823483
 10
1274.02702455189
 20
1079.085112543835
 10
1123.951969803509
 20
1062.493887874383
 42
0.1639123516599166
 10
1122.214907442129
 20
1061.686611677248
 10
1078.15836280718
 20
1019.815001742091
 42
-0.1639123516982286
 10
1076.4213004458
 20
1019.007725544955
 10
1060.528751214252
 20
1017.250758970377
 42
0.4142135624370715
 10
1057.876567938208
 20
1013.939275334561
 10
1064.359688142634
 20
955.2965507012794
 42
0.4142135625387585
 10
1067.67117177845
 20
952.6443674252359
 10
1242.605401192987
 20
971.9838446452182
 42
0.4142135625431246
  0
CIRCLE
  5
B5
330
1F
100
AcDbEntity
  8
1LBR001088
 62
     7
100
AcDbCircle
 10
1135.134514960312
 20
1134.156618600539
 30
0.0
 40
7.0
  0
CIRCLE
  5
B6
330
1F
100
AcDbEntity
  8
1LBR001088
 62
     7
100
AcDbCircle
 10
1145.024020356894
 20
1044.701614922651
 30
0.0
 40
7.0
  0
MTEXT
  5
B7
102
{ACAD_XDICTIONARY
360
346
102
}
330
1F
100
AcDbEntity
  8
Texto
 62
     7
100
AcDbMText
 10
1276.184904542116
 20
1066.801698159905
 30
0.0
 40
10.0
 41
94.5260650607579
 71
     1
 72
     5
  1
{\W0.476303; }1LBR001088 \P{\W2.726303; }pos.6
 11
-0.1098833932953794
 21
0.9939444853098652
 31
0.0
 73
     1
 44
1.0
1001
ACAD
1000
MTEXTBEGIN
1070
    73
1070
     1
1070
    44
1040
1.0
1070
    74
1070
     0
1000
MTEXTEND
  0
LWPOLYLINE
  5
B8
330
1F
100
AcDbEntity
  8
1LBR001088
 62
     7
100
AcDbPolyline
 90
       36
 70
     1
 43
0.0
 10
1453.225238648141
 20
975.2953282810338
 10
1450.588037209052
 20
999.1499959284707
 42
0.4142135622547041
 10
1447.276553573236
 20
1001.802179204514
 10
1304.148547688615
 20
985.9789705699833
 10
1302.500296789185
 20
1000.888137849631
 10
1445.628302673806
 20
1016.711346484162
 42
0.4142135622973161
 10
1448.280485949849
 20
1020.022830119978
 10
1446.742118443714
 20
1033.938052914316
 42
0.414213562385801
 10
1443.430634807899
 20
1036.59023619036
 10
1411.624411277983
 20
1033.073967604908
 10
1409.426743412076
 20
1052.952857311105
 10
1510.809080913683
 20
1064.160963427232
 42
0.4142135623577956
 10
1513.461264189726
 20
1067.472447063047
 10
1502.2531580736
 20
1168.854784564654
 42
0.4142135623498211
 10
1498.941674437784
 20
1171.506967840697
 10
1324.007445023248
 20
1152.167490620715
 42
0.4142135623672655
 10
1321.355261747204
 20
1148.856006984899
 10
1325.091297119246
 20
1115.061894484364
 42
0.414213562431388
 10
1328.402780755062
 20
1112.40971120832
 10
1476.500509066232
 20
1128.782336809328
 10
1478.148759965662
 20
1113.87316952968
 10
1330.051031654492
 20
1097.500543928672
 42
0.4142135623685403
 10
1327.398848378449
 20
1094.189060292857
 10
1328.937215884583
 20
1080.273837498519
 42
0.4142135624587215
 10
1332.248699520399
 20
1077.621654222475
 10
1480.346427831569
 20
1093.994279823483
 10
1481.994678731
 20
1079.085112543835
 10
1331.919623982619
 20
1062.493887874383
 42
0.1639123516867571
 10
1330.182561621239
 20
1061.686611677248
 10
1286.126016986291
 20
1019.815001742091
 42
-0.1639123516928538
 10
1284.38895462491
 20
1019.007725544955
 10
1268.496405393362
 20
1017.250758970377
 42
0.4142135624090785
 10
1265.844222117318
 20
1013.939275334561
 10
1272.327342321745
 20
955.2965507012794
 42
0.4142135624890629
 10
1275.63882595756
 20
952.6443674252359
 10
1450.573055372097
 20
971.9838446452182
 42
0.4142135624656688
  0
CIRCLE
  5
B9
330
1F
100
AcDbEntity
  8
1LBR001088
 62
     7
100
AcDbCircle
 10
1343.102169139422
 20
1134.156618600539
 30
0.0
 40
7.0
  0
CIRCLE
  5
BA
330
1F
100
AcDbEntity
  8
1LBR001088
 62
     7
100
AcDbCircle
 10
1352.991674536004
 20
1044.701614922651
 30
0.0
 40
7.0
  0
MTEXT
  5
BB
102
{ACAD_XDICTIONARY
360
348
102
}
330
1F
100
AcDbEntity
  8
Texto
 62
     7
100
AcDbMText
 10
1484.152558721226
 20
1066.801698159905
 30
0.0
 40
10.0
 41
94.5260650607579
 71
     1
 72
     5
  1
{\W0.476303; }1LBR001088 \P{\W2.726303; }pos.6
 11
-0.1098833932953794
 21
0.9939444853098652
 31
0.0
 73
     1
 44
1.0
1001
ACAD
1000
MTEXTBEGIN
1070
    73
1070
     1
1070
    44
1040
1.0
1070
    74
1070
     0
1000
MTEXTEND
  0
LWPOLYLINE
  5
BC
330
1F
100
AcDbEntity
  8
1LBR001088
 62
     7
100
AcDbPolyline
 90
       36
 70
     1
 43
0.0
 10
1661.192892827251
 20
975.2953282810338
 10
1658.555691388162
 20
999.1499959284707
 42
0.4142135623698898
 10
1655.244207752346
 20
1001.802179204514
 10
1512.116201867725
 20
985.9789705699833
 10
1510.467950968295
 20
1000.888137849631
 10
1653.595956852916
 20
1016.711346484162
 42
0.4142135624523354
 10
1656.248140128959
 20
1020.022830119978
 10
1654.709772622824
 20
1033.938052914316
 42
0.4142135623454453
 10
1651.398288987009
 20
1036.59023619036
 10
1619.592065457093
 20
1033.073967604908
 10
1617.394397591186
 20
1052.952857311105
 10
1718.776735092793
 20
1064.160963427232
 42
0.4142135623548048
 10
1721.428918368836
 20
1067.472447063047
 10
1710.22081225271
 20
1168.854784564654
 42
0.4142135624105041
 10
1706.909328616895
 20
1171.506967840697
 10
1531.975099202358
 20
1152.167490620715
 42
0.4142135624098569
 10
1529.322915926314
 20
1148.856006984899
 10
1533.058951298356
 20
1115.061894484364
 42
0.41421356235858
 10
1536.370434934172
 20
1112.40971120832
 10
1684.468163245342
 20
1128.782336809328
 10
1686.116414144773
 20
1113.87316952968
 10
1538.018685833602
 20
1097.500543928672
 42
0.4142135624111071
 10
1535.366502557559
 20
1094.189060292857
 10
1536.904870063693
 20
1080.273837498519
 42
0.4142135623860462
 10
1540.216353699509
 20
1077.621654222475
 10
1688.314082010679
 20
1093.994279823483
 10
1689.962332910109
 20
1079.085112543835
 10
1539.887278161729
 20
1062.493887874383
 42
0.1639123517640197
 10
1538.150215800349
 20
1061.686611677248
 10
1494.093671165401
 20
1019.815001742091
 42
-0.1639123517558433
 10
1492.35660880402
 20
1019.007725544955
 10
1476.464059572472
 20
1017.250758970377
 42
0.4142135623472777
 10
1473.811876296429
 20
1013.939275334561
 10
1480.294996500855
 20
955.2965507012794
 42
0.4142135624154388
 10
1483.606480136671
 20
952.6443674252359
 10
1658.540709551207
 20
971.9838446452182
 42
0.4142135624137424
  0
CIRCLE
  5
BD
330
1F
100
AcDbEntity
  8
1LBR001088
 62
     7
100
AcDbCircle
 10
1551.069823318532
 20
1134.156618600539
 30
0.0
 40
7.0
  0
CIRCLE
  5
BE
330
1F
100
AcDbEntity
  8
1LBR001088
 62
     7
100
AcDbCircle
 10
1560.959328715114
 20
1044.701614922651
 30
0.0
 40
7.0
  0
MTEXT
  5
BF
102
{ACAD_XDICTIONARY
360
34A
102
}
330
1F
100
AcDbEntity
  8
Texto
 62
     7
100
AcDbMText
 10
1692.120212900336
 20
1066.801698159905
 30
0.0
 40
10.0
 41
94.5260650607579
 71
     1
 72
     5
  1
{\W0.476303; }1LBR001088 \P{\W2.726303; }pos.6
 11
-0.1098833932953794
 21
0.9939444853098652
 31
0.0
 73
     1
 44
1.0
1001
ACAD
1000
MTEXTBEGIN
1070
    73
1070
     1
1070
    44
1040
1.0
1070
    74
1070
     0
1000
MTEXTEND
  0
LWPOLYLINE
  5
C0
330
1F
100
AcDbEntity
  8
1LBR001088
 62
     7
100
AcDbPolyline
 90
       36
 70
     1
 43
0.0
 10
1875.267479427739
 20
975.2031278206974
 10
1872.63027798865
 20
999.0577954681342
 42
0.4142135623700345
 10
1869.318794352835
 20
1001.709978744178
 10
1726.190788468214
 20
985.8867701096468
 10
1724.542537568783
 20
1000.795937389295
 10
1867.670543453405
 20
1016.619146023826
 42
0.414213562452561
 10
1870.322726729448
 20
1019.930629659641
 10
1868.784359223313
 20
1033.84585245398
 42
0.4142135623456266
 10
1865.472875587498
 20
1036.498035730024
 10
1833.666652057581
 20
1032.981767144572
 10
1831.468984191675
 20
1052.860656850769
 10
1932.85132169328
 20
1064.068762966895
 42
0.4142135623560552
 10
1935.503504969324
 20
1067.380246602711
 10
1924.295398853199
 20
1168.762584104318
 42
0.4142135624115974
 10
1920.983915217383
 20
1171.414767380361
 10
1746.049685802846
 20
1152.075290160379
 42
0.4142135624130708
 10
1743.397502526802
 20
1148.763806524563
 10
1747.133537898844
 20
1114.969694024027
 42
0.4142135623619018
 10
1750.44502153466
 20
1112.317510747984
 10
1898.54274984583
 20
1128.690136348992
 10
1900.191000745261
 20
1113.780969069344
 10
1752.09327243409
 20
1097.408343468336
 42
0.4142135624142547
 10
1749.441089158047
 20
1094.09685983252
 10
1750.979456664182
 20
1080.181637038182
 42
0.4142135623893114
 10
1754.290940299998
 20
1077.529453762139
 10
1902.388668611168
 20
1093.902079363147
 10
1904.036919510598
 20
1078.992912083498
 10
1753.961864762217
 20
1062.401687414047
 42
0.1639123517673152
 10
1752.224802400837
 20
1061.594411216912
 10
1708.168257765889
 20
1019.722801281754
 42
-0.1639123517565105
 10
1706.431195404509
 20
1018.915525084619
 10
1690.538646172961
 20
1017.158558510041
 42
0.4142135623495796
 10
1687.886462896917
 20
1013.847074874225
 10
1694.369583101343
 20
955.204350240943
 42
0.4142135624177873
 10
1697.681066737159
 20
952.5521669648993
 10
1872.615296151695
 20
971.8916441848815
 42
0.414213562413821
  0
CIRCLE
  5
C1
330
1F
100
AcDbEntity
  8
1LBR001088
 62
     7
100
AcDbCircle
 10
1765.144409919021
 20
1134.064418140202
 30
0.0
 40
7.0
  0
CIRCLE
  5
C2
330
1F
100
AcDbEntity
  8
1LBR001088
 62
     7
100
AcDbCircle
 10
1775.033915315603
 20
1044.609414462314
 30
0.0
 40
7.0
  0
MTEXT
  5
C3
102
{ACAD_XDICTIONARY
360
34C
102
}
330
1F
100
AcDbEntity
  8
Texto
 62
     7
100
AcDbMText
 10
1906.194799500824
 20
1066.709497699569
 30
0.0
 40
10.0
 41
94.5260650607579
 71
     1
 72
     5
  1
{\W0.476303; }1LBR001088 \P{\W2.726303; }pos.6
 11
-0.1098833932953794
 21
0.9939444853098652
 31
0.0
 73
     1
 44
1.0
1001
ACAD
1000
MTEXTBEGIN
1070
    73
1070
     1
1070
    44
1040
1.0
1070
    74
1070
     0
1000
MTEXTEND
  0
LWPOLYLINE
  5
C4
330
1F
100
AcDbEntity
  8
1LBR001088
 62
     7
100
AcDbPolyline
 90
       36
 70
     1
 43
0.0
 10
108.2743225734796
 20
915.4058536363647
 10
110.9115240125681
 20
891.551185988928
 42
0.4142135622443396
 10
114.2230076483838
 20
888.8990027128846
 10
257.3510135330048
 20
904.7222113474155
 10
258.9992644324351
 20
889.8130440677677
 10
115.8712585478141
 20
873.9898354332366
 42
0.4142135624112023
 10
113.2190752717705
 20
870.6783517974207
 10
114.7574427779055
 20
856.7631290030824
 42
0.414213562478728
 10
118.0689264137212
 20
854.110945727039
 10
149.875149943637
 20
857.6272143124905
 10
152.072817809544
 20
837.7483246062931
 10
50.69048030793753
 20
826.5402184901669
 42
0.4142135624715811
 10
48.038297031894
 20
823.2287348543511
 10
59.24640314802014
 20
721.8463973527446
 42
0.4142135623395337
 10
62.55788678383579
 20
719.1942140767012
 10
237.4921161983726
 20
738.5336912966835
 42
0.4142135623568858
 10
240.1442994744161
 20
741.8451749324993
 10
236.4082641023741
 20
775.6392874330348
 42
0.4142135624416352
 10
233.0967804665584
 20
778.2914707090782
 10
84.99905215538806
 20
761.9188451080705
 10
83.35080125595776
 20
776.8280123877185
 10
231.448529567128
 20
793.2006379887264
 42
0.4142135623581761
 10
234.1007128431716
 20
796.5121216245419
 10
232.5623453370366
 20
810.4273444188802
 42
0.4142135623655938
 10
229.250861701221
 20
813.0795276949235
 10
81.15313339005068
 20
796.7069020939159
 10
79.50488249062034
 20
811.616069373564
 10
229.5799372390011
 20
828.2072940430154
 42
0.1639123515096655
 10
231.3169996003809
 20
829.0145702401508
 10
275.3735442353296
 20
870.8861801753075
 42
-0.1639123516988415
 10
277.1106065967094
 20
871.6934563724429
 10
293.0031558282579
 20
873.4504229470214
 42
0.4142135625021518
 10
295.6553391043015
 20
876.761906582837
 10
289.1722188998756
 20
935.4046312161193
 42
0.4142135623959529
 10
285.8607352640599
 20
938.056814492163
 10
110.9265058495231
 20
918.7173372721805
 42
0.4142135623725278
  0
CIRCLE
  5
C5
330
1F
100
AcDbEntity
  8
1LBR001088
 62
     7
100
AcDbCircle
 10
218.3973920821977
 20
756.5445633168599
 30
0.0
 40
7.0
  0
CIRCLE
  5
C6
330
1F
100
AcDbEntity
  8
1LBR001088
 62
     7
100
AcDbCircle
 10
208.5078866856159
 20
845.9995669947481
 30
0.0
 40
7.0
  0
MTEXT
  5
C7
102
{ACAD_XDICTIONARY
360
34E
102
}
330
1F
100
AcDbEntity
  8
Texto
 62
     7
100
AcDbMText
 10
77.3470025003942
 20
823.8994837574937
 30
0.0
 40
10.0
 41
94.5260650607579
 71
     1
 72
     5
  1
{\W0.476303; }1LBR001088 \P{\W2.726303; }pos.6
 11
0.1098833932953533
 21
-0.9939444853098681
 31
0.0
 73
     1
 44
1.0
1001
ACAD
1000
MTEXTBEGIN
1070
    73
1070
     1
1070
    44
1040
1.0
1070
    74
1070
     0
1000
MTEXTEND
  0
LWPOLYLINE
  5
C8
330
1F
100
AcDbEntity
  8
1LBR001088
 62
     7
100
AcDbPolyline
 90
       36
 70
     1
 43
0.0
 10
326.5728806116156
 20
916.4814212174285
 10
329.2100820507041
 20
892.6267535699912
 42
0.4142135622622078
 10
332.5215656865197
 20
889.9745702939481
 10
475.6495715711407
 20
905.7977789284787
 10
477.2978224705709
 20
890.8886116488309
 10
334.1698165859501
 20
875.0654030143
 42
0.4142135624290301
 10
331.5176333099065
 20
871.7539193784842
 10
333.0560008160415
 20
857.8386965841458
 42
0.4142135624964503
 10
336.3674844518572
 20
855.1865133081026
 10
368.1737079817728
 20
858.7027818935538
 10
370.37137584768
 20
838.8238921873565
 10
268.9890383460735
 20
827.6157860712302
 42
0.4142135624894336
 10
266.3368550700299
 20
824.3043024354147
 10
277.5449611861561
 20
722.9219649338081
 42
0.4142135623573666
 10
280.8564448219717
 20
720.2697816577646
 10
455.7906742365085
 20
739.609258877747
 42
0.4142135623520458
 10
458.442857512552
 20
742.9207425135627
 10
454.70682214051
 20
776.7148550140982
 42
0.4142135624369152
 10
451.3953385046944
 20
779.3670382901417
 10
303.297610193524
 20
762.9944126891339
 10
301.6493592940937
 20
777.9035799687821
 10
449.747087605264
 20
794.2762055697898
 42
0.4142135623533517
 10
452.3992708813075
 20
797.5876892056054
 10
450.8609033751726
 20
811.5029119999435
 42
0.4142135623608231
 10
447.5494197393569
 20
814.1550952759869
 10
299.4516914281866
 20
797.7824696749794
 10
297.8034405287563
 20
812.6916369546274
 10
447.878495277137
 20
829.2828616240786
 42
0.1639123514034713
 10
449.6155576385168
 20
830.0901378212142
 10
493.6721022734655
 20
871.961747756371
 42
-0.163912351719532
 10
495.4091646348453
 20
872.7690239535062
 10
511.3017138663938
 20
874.525990528085
 42
0.4142135624714881
 10
513.9538971424375
 20
877.8374741639003
 10
507.4707769380114
 20
936.4801987971828
 42
0.4142135623653118
 10
504.1592933021959
 20
939.1323820732266
 10
329.2250638876592
 20
919.792904853244
 42
0.4142135623901639
  0
CIRCLE
  5
C9
330
1F
100
AcDbEntity
  8
1LBR001088
 62
     7
100
AcDbCircle
 10
436.6959501203336
 20
757.6201308979234
 30
0.0
 40
7.0
  0
CIRCLE
  5
CA
330
1F
100
AcDbEntity
  8
1LBR001088
 62
     7
100
AcDbCircle
 10
426.8064447237517
 20
847.0751345758115
 30
0.0
 40
7.0
  0
MTEXT
  5
CB
102
{ACAD_XDICTIONARY
360
350
102
}
330
1F
100
AcDbEntity
  8
Texto
 62
     7
100
AcDbMText
 10
295.6455605385301
 20
824.9750513385571
 30
0.0
 40
10.0
 41
94.5260650607579
 71
     1
 72
     5
  1
{\W0.476303; }1LBR001088 \P{\W2.726303; }pos.6
 11
0.1098833932953797
 21
-0.9939444853098652
 31
0.0
 73
     1
 44
1.0
1001
ACAD
1000
MTEXTBEGIN
1070
    73
1070
     1
1070
    44
1040
1.0
1070
    74
1070
     0
1000
MTEXTEND
  0
LWPOLYLINE
  5
CC
330
1F
100
AcDbEntity
  8
1LBR001088
 62
     7
100
AcDbPolyline
 90
       36
 70
     1
 43
0.0
 10
534.6197668423656
 20
916.5567238429662
 10
537.2569682814543
 20
892.7020561955297
 42
0.4142135624256357
 10
540.5684519172701
 20
890.0498729194861
 10
683.696457801891
 20
905.8730815540171
 10
685.3447087013212
 20
890.963914274369
 10
542.2167028167003
 20
875.1407056398381
 42
0.4142135624485283
 10
539.5645195406567
 20
871.8292220040224
 10
541.1028870467917
 20
857.9139992096841
 42
0.414213562452615
 10
544.4143706826074
 20
855.2618159336406
 10
576.2205942125232
 20
858.778084519092
 10
578.4182620784303
 20
838.8991948128943
 10
477.0359245768236
 20
827.6910886967684
 42
0.4142135622992872
 10
474.3837413007802
 20
824.3796050609526
 10
485.5918474169063
 20
722.9972675593463
 42
0.4142135623109394
 10
488.903331052722
 20
720.3450842833027
 10
663.8375604672587
 20
739.6845615032851
 42
0.414213562310326
 10
666.4897437433023
 20
742.9960451391008
 10
662.7537083712602
 20
776.7901576396365
 42
0.4142135624582545
 10
659.4422247354446
 20
779.4423409156799
 10
511.3444964242741
 20
763.0697153146719
 10
509.6962455248439
 20
777.97888259432
 10
657.7939738360144
 20
794.3515081953279
 42
0.4142135624151386
 10
660.4461571120577
 20
797.6629918311437
 10
658.9077896059229
 20
811.5782146254815
 42
0.4142135624855476
 10
655.5963059701073
 20
814.2303979015252
 10
507.4985776589368
 20
797.8577723005174
 10
505.8503267595065
 20
812.7669395801655
 10
655.9253815078873
 20
829.3581642496167
 42
0.1639123518405068
 10
657.6624438692671
 20
830.1654404467523
 10
701.7189885042157
 20
872.0370503819092
 42
-0.1639123516793436
 10
703.4560508655955
 20
872.8443265790446
 10
719.3486000971441
 20
874.6012931536229
 42
0.4142135624546459
 10
722.0007833731876
 20
877.9127767894388
 10
715.5176631687615
 20
936.5555014227208
 42
0.4142135623080142
 10
712.2061795329462
 20
939.2076846987645
 10
537.2719501184092
 20
919.8682074787821
 42
0.4142135623062824
  0
CIRCLE
  5
CD
330
1F
100
AcDbEntity
  8
1LBR001088
 62
     7
100
AcDbCircle
 10
644.7428363510839
 20
757.6954335234614
 30
0.0
 40
7.0
  0
CIRCLE
  5
CE
330
1F
100
AcDbEntity
  8
1LBR001088
 62
     7
100
AcDbCircle
 10
634.8533309545021
 20
847.1504372013496
 30
0.0
 40
7.0
  0
MTEXT
  5
CF
102
{ACAD_XDICTIONARY
360
352
102
}
330
1F
100
AcDbEntity
  8
Texto
 62
     7
100
AcDbMText
 10
503.6924467692803
 20
825.050353964095
 30
0.0
 40
10.0
 41
94.5260650607579
 71
     1
 72
     5
  1
{\W0.476303; }1LBR001088 \P{\W2.726303; }pos.6
 11
0.1098833932953797
 21
-0.9939444853098652
 31
0.0
 73
     1
 44
1.0
1001
ACAD
1000
MTEXTBEGIN
1070
    73
1070
     1
1070
    44
1040
1.0
1070
    74
1070
     0
1000
MTEXTEND
  0
LWPOLYLINE
  5
D0
330
1F
100
AcDbEntity
  8
1LBR001088
 62
     7
100
AcDbPolyline
 90
       36
 70
     1
 43
0.0
 10
742.5874210214764
 20
916.5567238429662
 10
745.2246224605645
 20
892.7020561955297
 42
0.4142135624257017
 10
748.5361060963803
 20
890.0498729194863
 10
891.6641119810012
 20
905.8730815540171
 10
893.3123628804318
 20
890.9639142743692
 10
750.1843569958107
 20
875.1407056398383
 42
0.4142135624485283
 10
747.532173719767
 20
871.8292220040225
 10
749.0705412259019
 20
857.9139992096845
 42
0.4142135624530954
 10
752.3820248617177
 20
855.2618159336407
 10
784.1882483916336
 20
858.778084519092
 10
786.3859162575405
 20
838.8991948128946
 10
685.0035787559342
 20
827.6910886967687
 42
0.4142135623003314
 10
682.3513954798904
 20
824.379605060953
 10
693.5595015960167
 20
722.9972675593464
 42
0.4142135623121572
 10
696.8709852318323
 20
720.3450842833028
 10
871.8052146463692
 20
739.6845615032852
 42
0.4142135623134184
 10
874.4573979224126
 20
742.9960451391009
 10
870.7213625503706
 20
776.7901576396365
 42
0.4142135624613813
 10
867.4098789145551
 20
779.4423409156799
 10
719.3121506033847
 20
763.0697153146724
 10
717.6638997039543
 20
777.97888259432
 10
865.7616280151247
 20
794.351508195328
 42
0.4142135624182666
 10
868.413811291168
 20
797.6629918311438
 10
866.8754437850331
 20
811.5782146254819
 42
0.4142135624887736
 10
863.5639601492176
 20
814.2303979015254
 10
715.4662318380472
 20
797.8577723005174
 10
713.8179809386169
 20
812.7669395801655
 10
863.8930356869977
 20
829.3581642496169
 42
0.1639123518438012
 10
865.6300980483777
 20
830.1654404467523
 10
909.686642683326
 20
872.0370503819092
 42
-0.1639123516800386
 10
911.4237050447057
 20
872.8443265790446
 10
927.3162542762545
 20
874.6012931536229
 42
0.4142135624570717
 10
929.9684375522978
 20
877.9127767894388
 10
923.485317347872
 20
936.555501422721
 42
0.4142135623102928
 10
920.1738337120564
 20
939.2076846987647
 10
745.2396042975197
 20
919.8682074787821
 42
0.4142135623064955
  0
CIRCLE
  5
D1
330
1F
100
AcDbEntity
  8
1LBR001088
 62
     7
100
AcDbCircle
 10
852.7104905301941
 20
757.6954335234615
 30
0.0
 40
7.0
  0
CIRCLE
  5
D2
330
1F
100
AcDbEntity
  8
1LBR001088
 62
     7
100
AcDbCircle
 10
842.8209851336124
 20
847.1504372013496
 30
0.0
 40
7.0
  0
MTEXT
  5
D3
102
{ACAD_XDICTIONARY
360
354
102
}
330
1F
100
AcDbEntity
  8
Texto
 62
     7
100
AcDbMText
 10
711.6601009483908
 20
825.0503539640956
 30
0.0
 40
10.0
 41
94.5260650607579
 71
     1
 72
     5
  1
{\W0.476303; }1LBR001088 \P{\W2.726303; }pos.6
 11
0.1098833932952544
 21
-0.9939444853098791
 31
0.0
 73
     1
 44
1.0
1001
ACAD
1000
MTEXTBEGIN
1070
    73
1070
     1
1070
    44
1040
1.0
1070
    74
1070
     0
1000
MTEXTEND
  0
LWPOLYLINE
  5
D4
330
1F
100
AcDbEntity
  8
1LBR001088
 62
     7
100
AcDbPolyline
 90
       36
 70
     1
 43
0.0
 10
952.9446150700669
 20
916.8208942886623
 10
955.5818165091553
 20
892.9662266412256
 42
0.4142135623763445
 10
958.8933001449714
 20
890.314043365182
 10
1102.021306029592
 20
906.1372519997126
 10
1103.669556929022
 20
891.228084720065
 10
960.5415510444016
 20
875.4048760855338
 42
0.4142135625237264
 10
957.8893677683581
 20
872.0933924497183
 10
959.4277352744928
 20
858.17816965538
 42
0.4142135622966345
 10
962.7392189103087
 20
855.5259863793367
 10
994.5454424402242
 20
859.0422549647881
 10
996.7431103061315
 20
839.1633652585905
 10
895.360772804525
 20
827.9552591424641
 42
0.4142135623811591
 10
892.7085895284815
 20
824.6437755066486
 10
903.9166956446077
 20
723.2614380050421
 42
0.4142135623514978
 10
907.2281792804233
 20
720.6092547289986
 10
1082.16240869496
 20
739.948731948981
 42
0.4142135623461832
 10
1084.814591971003
 20
743.2602155847966
 10
1081.078556598961
 20
777.0543280853321
 42
0.4142135625424663
 10
1077.767072963146
 20
779.7065113613755
 10
929.6693446519755
 20
763.3338857603679
 10
928.0210937525449
 20
778.2430530400159
 10
1076.118822063715
 20
794.6156786410239
 42
0.4142135623531967
 10
1078.771005339759
 20
797.9271622768394
 10
1077.232637833624
 20
811.8423850711774
 42
0.4142135624630678
 10
1073.921154197808
 20
814.494568347221
 10
925.823425886638
 20
798.121942746213
 10
924.1751749872078
 20
813.0311100258611
 10
1074.250229735588
 20
829.6223346953127
 42
0.1639123515231984
 10
1075.987292096968
 20
830.4296108924484
 10
1120.043836731917
 20
872.3012208276049
 42
-0.1639123519364444
 10
1121.780899093296
 20
873.1084970247405
 10
1137.673448324845
 20
874.8654635993188
 42
0.4142135622717207
 10
1140.325631600889
 20
878.1769472351344
 10
1133.842511396462
 20
936.8196718684171
 42
0.4142135624553532
 10
1130.531027760647
 20
939.4718551444606
 10
955.5967983461103
 20
920.1323779244779
 42
0.4142135624805895
  0
CIRCLE
  5
D5
330
1F
100
AcDbEntity
  8
1LBR001088
 62
     7
100
AcDbCircle
 10
1063.067684578785
 20
757.9596039691572
 30
0.0
 40
7.0
  0
CIRCLE
  5
D6
330
1F
100
AcDbEntity
  8
1LBR001088
 62
     7
100
AcDbCircle
 10
1053.178179182203
 20
847.4146076470454
 30
0.0
 40
7.0
  0
MTEXT
  5
D7
102
{ACAD_XDICTIONARY
360
356
102
}
330
1F
100
AcDbEntity
  8
Texto
 62
     7
100
AcDbMText
 10
922.0172949969816
 20
825.3145244097908
 30
0.0
 40
10.0
 41
94.5260650607579
 71
     1
 72
     5
  1
{\W0.476303; }1LBR001088 \P{\W2.726303; }pos.6
 11
0.1098833932952668
 21
-0.9939444853098777
 31
0.0
 73
     1
 44
1.0
1001
ACAD
1000
MTEXTBEGIN
1070
    73
1070
     1
1070
    44
1040
1.0
1070
    74
1070
     0
1000
MTEXTEND
  0
LWPOLYLINE
  5
D8
330
1F
100
AcDbEntity
  8
1LBR001088
 62
     7
100
AcDbPolyline
 90
       36
 70
     1
 43
0.0
 10
1160.912269249178
 20
916.8208942886623
 10
1163.549470688266
 20
892.9662266412256
 42
0.4142135623939752
 10
1166.860954324081
 20
890.314043365182
 10
1309.988960208702
 20
906.1372519997126
 10
1311.637211108133
 20
891.228084720065
 10
1168.509205223512
 20
875.4048760855338
 42
0.4142135623761104
 10
1165.857021947468
 20
872.0933924497183
 10
1167.395389453603
 20
858.17816965538
 42
0.4142135623179757
 10
1170.706873089419
 20
855.5259863793367
 10
1202.513096619334
 20
859.0422549647881
 10
1204.710764485241
 20
839.1633652585905
 10
1103.328426983635
 20
827.9552591424645
 42
0.4142135623305699
 10
1100.676243707592
 20
824.6437755066487
 10
1111.884349823718
 20
723.2614380050422
 42
0.414213562478811
 10
1115.195833459534
 20
720.6092547289986
 10
1290.13006287407
 20
739.948731948981
 42
0.4142135624780192
 10
1292.782246150114
 20
743.2602155847966
 10
1289.046210778072
 20
777.0543280853321
 42
0.4142135623903568
 10
1285.734727142256
 20
779.7065113613755
 10
1137.636998831085
 20
763.3338857603679
 10
1135.988747931655
 20
778.2430530400159
 10
1284.086476242825
 20
794.6156786410239
 42
0.414213562485045
 10
1286.738659518869
 20
797.9271622768394
 10
1285.200292012734
 20
811.8423850711774
 42
0.4142135625176859
 10
1281.888808376919
 20
814.494568347221
 10
1133.791080065748
 20
798.1219427462132
 10
1132.142829166318
 20
813.0311100258614
 10
1282.217883914699
 20
829.6223346953127
 42
0.1639123516512474
 10
1283.954946276079
 20
830.4296108924484
 10
1328.011490911027
 20
872.3012208276049
 42
-0.1639123516975227
 10
1329.748553272407
 20
873.1084970247405
 10
1345.641102503956
 20
874.8654635993188
 42
0.4142135623200974
 10
1348.293285779999
 20
878.1769472351344
 10
1341.810165575573
 20
936.8196718684171
 42
0.4142135623390936
 10
1338.498681939757
 20
939.4718551444606
 10
1163.564452525221
 20
920.1323779244779
 42
0.4142135623373947
  0
CIRCLE
  5
D9
330
1F
100
AcDbEntity
  8
1LBR001088
 62
     7
100
AcDbCircle
 10
1271.035338757895
 20
757.9596039691572
 30
0.0
 40
7.0
  0
CIRCLE
  5
DA
330
1F
100
AcDbEntity
  8
1LBR001088
 62
     7
100
AcDbCircle
 10
1261.145833361313
 20
847.4146076470454
 30
0.0
 40
7.0
  0
MTEXT
  5
DB
102
{ACAD_XDICTIONARY
360
358
102
}
330
1F
100
AcDbEntity
  8
Texto
 62
     7
100
AcDbMText
 10
1129.984949176092
 20
825.3145244097909
 30
0.0
 40
10.0
 41
94.5260650607579
 71
     1
 72
     5
  1
{\W0.476303; }1LBR001088 \P{\W2.726303; }pos.6
 11
0.1098833932953797
 21
-0.9939444853098652
 31
0.0
 73
     1
 44
1.0
1001
ACAD
1000
MTEXTBEGIN
1070
    73
1070
     1
1070
    44
1040
1.0
1070
    74
1070
     0
1000
MTEXTEND
  0
LWPOLYLINE
  5
DC
330
1F
100
AcDbEntity
  8
1LBR001088
 62
     7
100
AcDbPolyline
 90
       36
 70
     1
 43
0.0
 10
1371.03764173302
 20
917.0594361993986
 10
1373.674843172108
 20
893.2047685519618
 42
0.41421356235852
 10
1376.986326807924
 20
890.5525852759183
 10
1520.114332692545
 20
906.3757939104492
 10
1521.762583591975
 20
891.4666266308012
 10
1378.634577707354
 20
875.6434179962703
 42
0.4142135625059387
 10
1375.98239443131
 20
872.3319343604545
 10
1377.520761937445
 20
858.4167115661164
 42
0.4142135622788262
 10
1380.832245573261
 20
855.7645282900729
 10
1412.638469103177
 20
859.2807968755243
 10
1414.836136969084
 20
839.4019071693268
 10
1313.453799467478
 20
828.1938010532007
 42
0.4142135623635125
 10
1310.801616191434
 20
824.8823174173848
 10
1322.00972230756
 20
723.4999799157784
 42
0.4142135623337299
 10
1325.321205943376
 20
720.8477966397349
 10
1500.255435357912
 20
740.1872738597176
 42
0.4142135623510296
 10
1502.907618633956
 20
743.498757495533
 10
1499.171583261914
 20
777.2928699960686
 42
0.4142135625473104
 10
1495.860099626099
 20
779.945053272112
 10
1347.762371314928
 20
763.5724276711041
 10
1346.114120415498
 20
778.4815949507524
 10
1494.211848726668
 20
794.8542205517601
 42
0.4142135623579084
 10
1496.864032002712
 20
798.1657041875757
 10
1495.325664496577
 20
812.0809269819138
 42
0.4142135624677575
 10
1492.014180860761
 20
814.7331102579576
 10
1343.916452549591
 20
798.3604846569496
 10
1342.26820165016
 20
813.2696519365977
 10
1492.343256398541
 20
829.8608766060491
 42
0.1639123516294211
 10
1494.080318759921
 20
830.6681528031845
 10
1538.136863394869
 20
872.5397627383411
 42
-0.1639123519158548
 10
1539.873925756249
 20
873.3470389354767
 10
1555.766474987798
 20
875.1040055100553
 42
0.4142135623024421
 10
1558.418658263841
 20
878.4154891458708
 10
1551.935538059416
 20
937.0582137791533
 42
0.4142135624861285
 10
1548.6240544236
 20
939.7103970551967
 10
1373.689825009063
 20
920.3709198352143
 42
0.4142135624628104
  0
CIRCLE
  5
DD
330
1F
100
AcDbEntity
  8
1LBR001088
 62
     7
100
AcDbCircle
 10
1481.160711241738
 20
758.1981458798936
 30
0.0
 40
7.0
  0
CIRCLE
  5
DE
330
1F
100
AcDbEntity
  8
1LBR001088
 62
     7
100
AcDbCircle
 10
1471.271205845156
 20
847.6531495577816
 30
0.0
 40
7.0
  0
MTEXT
  5
DF
102
{ACAD_XDICTIONARY
360
35A
102
}
330
1F
100
AcDbEntity
  8
Texto
 62
     7
100
AcDbMText
 10
1340.110321659934
 20
825.5530663205274
 30
0.0
 40
10.0
 41
94.5260650607579
 71
     1
 72
     5
  1
{\W0.476303; }1LBR001088 \P{\W2.726303; }pos.6
 11
0.1098833932953797
 21
-0.9939444853098652
 31
0.0
 73
     1
 44
1.0
1001
ACAD
1000
MTEXTBEGIN
1070
    73
1070
     1
1070
    44
1040
1.0
1070
    74
1070
     0
1000
MTEXTEND
  0
LWPOLYLINE
  5
E0
330
1F
100
AcDbEntity
  8
1LBR001088
 62
     7
100
AcDbPolyline
 90
       36
 70
     1
 43
0.0
 10
1578.091637187896
 20
916.1910893706046
 10
1580.728838626985
 20
892.3364217231675
 42
0.4142135623946714
 10
1584.040322262801
 20
889.6842384471241
 10
1727.168328147422
 20
905.5074470816549
 10
1728.816579046852
 20
890.5982798020071
 10
1585.688573162231
 20
874.7750711674761
 42
0.4142135623761643
 10
1583.036389886188
 20
871.4635875316604
 10
1584.574757392323
 20
857.5483647373221
 42
0.4142135623185101
 10
1587.886241028138
 20
854.8961814612788
 10
1619.692464558054
 20
858.41245004673
 10
1621.890132423961
 20
838.5335603405327
 10
1520.507794922355
 20
827.3254542244066
 42
0.4142135623313753
 10
1517.855611646311
 20
824.0139705885907
 10
1529.063717762437
 20
722.6316330869844
 42
0.414213562479897
 10
1532.375201398252
 20
719.9794498109406
 10
1707.309430812789
 20
739.3189270309233
 42
0.4142135624812698
 10
1709.961614088834
 20
742.6304106667388
 10
1706.225578716791
 20
776.4245231672743
 42
0.4142135623935205
 10
1702.914095080975
 20
779.0767064433179
 10
1554.816366769805
 20
762.7040808423101
 10
1553.168115870375
 20
777.6132481219581
 10
1701.265844181545
 20
793.9858737229659
 42
0.4142135624881485
 10
1703.918027457589
 20
797.2973573587815
 10
1702.379659951454
 20
811.2125801531197
 42
0.4142135625207895
 10
1699.068176315638
 20
813.8647634291631
 10
1550.970448004468
 20
797.4921378281554
 10
1549.322197105037
 20
812.4013051078035
 10
1699.397251853418
 20
828.9925297772548
 42
0.1639123516544701
 10
1701.134314214798
 20
829.7998059743902
 10
1745.190858849747
 20
871.671415909547
 42
-0.1639123516982729
 10
1746.927921211127
 20
872.4786921066824
 10
1762.820470442675
 20
874.235658681261
 42
0.4142135623225636
 10
1765.472653718719
 20
877.5471423170767
 10
1758.989533514293
 20
936.1898669503586
 42
0.4142135623414568
 10
1755.678049878477
 20
938.8420502264024
 10
1580.74382046394
 20
919.50257300642
 42
0.4142135623375174
  0
CIRCLE
  5
E1
330
1F
100
AcDbEntity
  8
1LBR001088
 62
     7
100
AcDbCircle
 10
1688.214706696615
 20
757.3297990510996
 30
0.0
 40
7.0
  0
CIRCLE
  5
E2
330
1F
100
AcDbEntity
  8
1LBR001088
 62
     7
100
AcDbCircle
 10
1678.325201300033
 20
846.7848027289873
 30
0.0
 40
7.0
  0
MTEXT
  5
E3
102
{ACAD_XDICTIONARY
360
35C
102
}
330
1F
100
AcDbEntity
  8
Texto
 62
     7
100
AcDbMText
 10
1547.164317114811
 20
824.6847194917332
 30
0.0
 40
10.0
 41
94.5260650607579
 71
     1
 72
     5
  1
{\W0.476303; }1LBR001088 \P{\W2.726303; }pos.6
 11
0.1098833932953674
 21
-0.9939444853098667
 31
0.0
 73
     1
 44
1.0
1001
ACAD
1000
MTEXTBEGIN
1070
    73
1070
     1
1070
    44
1040
1.0
1070
    74
1070
     0
1000
MTEXTEND
  0
LWPOLYLINE
  5
E4
330
1F
100
AcDbEntity
  8
1LBR001088
 62
     7
100
AcDbPolyline
 90
       36
 70
     1
 43
0.0
 10
1781.772696404571
 20
912.1170833514744
 10
1784.409897843659
 20
888.2624157040378
 42
0.4142135623789356
 10
1787.721381479475
 20
885.6102324279943
 10
1930.849387364096
 20
901.433441062525
 10
1932.497638263527
 20
886.5242737828772
 10
1789.369632378906
 20
870.7010651483464
 42
0.4142135624615137
 10
1786.717449102862
 20
867.3895815125305
 10
1788.255816608997
 20
853.4743587181925
 42
0.4142135623545684
 10
1791.567300244812
 20
850.8221754421491
 10
1823.373523774728
 20
854.3384440276003
 10
1825.571191640636
 20
834.459554321403
 10
1724.188854139029
 20
823.2514482052767
 42
0.4142135623585114
 10
1721.536670862985
 20
819.939964569461
 10
1732.744776979112
 20
718.5576270678544
 42
0.4142135624140807
 10
1736.056260614927
 20
715.905443791811
 10
1910.990490029464
 20
735.2449210117935
 42
0.4142135624202535
 10
1913.642673305508
 20
738.5564046476089
 10
1909.906637933465
 20
772.3505171481447
 42
0.4142135623691421
 10
1906.59515429765
 20
775.002700424188
 10
1758.49742598648
 20
758.63007482318
 10
1756.849175087049
 20
773.5392421028283
 10
1904.946903398219
 20
789.911867703836
 42
0.4142135624215723
 10
1907.599086674263
 20
793.2233513396518
 10
1906.060719168128
 20
807.1385741339899
 42
0.4142135623964328
 10
1902.749235532312
 20
809.7907574100336
 10
1754.651507221143
 20
793.4181318090256
 10
1753.003256321712
 20
808.3272990886737
 10
1903.078311070093
 20
824.9185237581251
 42
0.1639123517665999
 10
1904.815373431473
 20
825.7257999552603
 10
1948.871918066421
 20
867.5974098904172
 42
-0.1639123517625742
 10
1950.608980427801
 20
868.4046860875527
 10
1966.501529659349
 20
870.1616526621313
 42
0.4142135623504266
 10
1969.153712935393
 20
873.4731362979468
 10
1962.670592730967
 20
932.1158609312291
 42
0.414213562418611
 10
1959.359109095152
 20
934.7680442072729
 10
1784.424879680614
 20
915.4285669872903
 42
0.4142135624227981
  0
CIRCLE
  5
E5
330
1F
100
AcDbEntity
  8
1LBR001088
 62
     7
100
AcDbCircle
 10
1891.895765913289
 20
753.2557930319698
 30
0.0
 40
7.0
  0
CIRCLE
  5
E6
330
1F
100
AcDbEntity
  8
1LBR001088
 62
     7
100
AcDbCircle
 10
1882.006260516707
 20
842.7107967098576
 30
0.0
 40
7.0
  0
MTEXT
  5
E7
102
{ACAD_XDICTIONARY
360
35E
102
}
330
1F
100
AcDbEntity
  8
Texto
 62
     7
100
AcDbMText
 10
1750.845376331486
 20
820.6107134726035
 30
0.0
 40
10.0
 41
94.5260650607579
 71
     1
 72
     5
  1
{\W0.476303; }1LBR001088 \P{\W2.726303; }pos.6
 11
0.1098833932953797
 21
-0.9939444853098652
 31
0.0
 73
     1
 44
1.0
1001
ACAD
1000
MTEXTBEGIN
1070
    73
1070
     1
1070
    44
1040
1.0
1070
    74
1070
     0
1000
MTEXTEND
  0
LWPOLYLINE
  5
E8
330
1F
100
AcDbEntity
  8
1LBR001088
 62
     7
100
AcDbPolyline
 90
       36
 70
     1
 43
0.0
 10
208.9767765356226
 20
524.1018333757832
 10
206.3395750965341
 20
547.95650102322
 42
0.4142135624727232
 10
203.0280914607184
 20
550.6086842992636
 10
59.90008557609741
 20
534.7854756647326
 10
58.25183467666708
 20
549.6946429443806
 10
201.3798405612881
 20
565.5178515789116
 42
0.4142135623832008
 10
204.0320238373316
 20
568.8293352147272
 10
202.4936563311966
 20
582.7445580090654
 42
0.4142135623967702
 10
199.182172695381
 20
585.396741285109
 10
167.3759491654652
 20
581.8804726996575
 10
165.1782812995581
 20
601.7593624058549
 10
266.5606188011647
 20
612.9674685219812
 42
0.4142135624435642
 10
269.2128020772082
 20
616.2789521577969
 10
258.004695961082
 20
717.6612896594033
 42
0.4142135624644185
 10
254.6932123252664
 20
720.3134729354469
 10
79.75898291072962
 20
700.9739957154645
 42
0.4142135624625018
 10
77.10679963468606
 20
697.6625120796488
 10
80.84283500672812
 20
663.8683995791132
 42
0.4142135623943908
 10
84.15431864254378
 20
661.2162163030697
 10
232.2520469537141
 20
677.5888419040776
 10
233.9002978531445
 20
662.6796746244296
 10
85.80256954197409
 20
646.3070490234217
 42
0.4142135623603375
 10
83.15038626593056
 20
642.9955653876061
 10
84.68875377206551
 20
629.080342593268
 42
0.4142135623183495
 10
88.00023740788116
 20
626.4281593172243
 10
236.0979657190516
 20
642.8007849182321
 10
237.7462166184818
 20
627.8916176385841
 10
87.67116187010108
 20
611.3003929691329
 42
0.1639123518775516
 10
85.93409950872121
 20
610.4931167719974
 10
41.87755487377265
 20
568.6215068368404
 42
-0.1639123518012342
 10
40.14049251239279
 20
567.8142306397051
 10
24.24794328084422
 20
566.0572640651266
 42
0.414213562400933
 10
21.59576000480069
 20
562.745780429311
 10
28.07888020922661
 20
504.1030557960289
 42
0.4142135623486317
 10
31.39036384504229
 20
501.4508725199853
 10
206.3245932595791
 20
520.7903497399676
 42
0.4142135623445135
  0
CIRCLE
  5
E9
330
1F
100
AcDbEntity
  8
1LBR001088
 62
     7
100
AcDbCircle
 10
98.85370702690444
 20
682.9631236952881
 30
0.0
 40
7.0
  0
CIRCLE
  5
EA
330
1F
100
AcDbEntity
  8
1LBR001088
 62
     7
100
AcDbCircle
 10
108.7432124234863
 20
593.5081200174002
 30
0.0
 40
7.0
  0
MTEXT
  5
EB
102
{ACAD_XDICTIONARY
360
360
102
}
330
1F
100
AcDbEntity
  8
Texto
 62
     7
100
AcDbMText
 10
239.904096608708
 20
615.6082032546544
 30
0.0
 40
10.0
 41
94.5260650607579
 71
     1
 72
     5
  1
{\W0.476303; }1LBR001088 \P{\W2.726303; }pos.6
 11
-0.1098833932953391
 21
0.9939444853098697
 31
0.0
 73
     1
 44
1.0
1001
ACAD
1000
MTEXTBEGIN
1070
    73
1070
     1
1070
    44
1040
1.0
1070
    74
1070
     0
1000
MTEXTEND
  0
LWPOLYLINE
  5
EC
330
1F
100
AcDbEntity
  8
1LBR001088
 62
     7
100
AcDbPolyline
 90
       36
 70
     1
 43
0.0
 10
417.6270495063092
 20
522.5442451011973
 10
414.9898480672209
 20
546.3989127486342
 42
0.4142135624347477
 10
411.678364431405
 20
549.0510960246776
 10
268.5503585467841
 20
533.2278873901467
 10
266.9021076473539
 20
548.1370546697945
 10
410.0301135319748
 20
563.9602633043257
 42
0.4142135624575222
 10
412.6822968080183
 20
567.2717469401414
 10
411.1439293018833
 20
581.1869697344795
 42
0.4142135624620125
 10
407.8324456660676
 20
583.8391530105231
 10
376.0262221361519
 20
580.3228844250716
 10
373.8285542702449
 20
600.2017741312689
 10
475.2108917718513
 20
611.4098802473954
 42
0.414213562302805
 10
477.8630750478948
 20
614.7213638832109
 10
466.6549689317688
 20
716.1037013848175
 42
0.4142135623145914
 10
463.343485295953
 20
718.755884660861
 10
288.4092558814163
 20
699.4164074408784
 42
0.4142135623206832
 10
285.7570726053728
 20
696.1049238050629
 10
289.4931079774148
 20
662.3108113045272
 42
0.4142135624686173
 10
292.8045916132305
 20
659.6586280284839
 10
440.9023199244008
 20
676.0312536294916
 10
442.5505708238311
 20
661.1220863498437
 10
294.4528425126608
 20
644.7494607488359
 42
0.4142135624255185
 10
291.8006592366173
 20
641.43797711302
 10
293.3390267427522
 20
627.5227543186821
 42
0.4142135624960496
 10
296.6505103785679
 20
624.8705710426385
 10
444.7482386897382
 20
641.2431966436463
 10
446.3964895891685
 20
626.3340293639982
 10
296.3214348407877
 20
609.7428046945469
 42
0.1639123518430932
 10
294.5843724794079
 20
608.9355284974114
 10
250.5278278444594
 20
567.0639185622547
 42
-0.1639123516861072
 10
248.7907654830796
 20
566.2566423651192
 10
232.8982162515309
 20
564.4996757905407
 42
0.4142135624578552
 10
230.2460329754874
 20
561.1881921547251
 10
236.7291531799133
 20
502.545467521443
 42
0.4142135623110869
 10
240.040636815729
 20
499.8932842453994
 10
414.9748662302656
 20
519.2327614653817
 42
0.4142135623154121
  0
CIRCLE
  5
ED
330
1F
100
AcDbEntity
  8
1LBR001088
 62
     7
100
AcDbCircle
 10
307.5039799975912
 20
681.4055354207023
 30
0.0
 40
7.0
  0
CIRCLE
  5
EE
330
1F
100
AcDbEntity
  8
1LBR001088
 62
     7
100
AcDbCircle
 10
317.3934853941731
 20
591.950531742814
 30
0.0
 40
7.0
  0
MTEXT
  5
EF
102
{ACAD_XDICTIONARY
360
362
102
}
330
1F
100
AcDbEntity
  8
Texto
 62
     7
100
AcDbMText
 10
448.5543695793947
 20
614.0506149800685
 30
0.0
 40
10.0
 41
94.5260650607579
 71
     1
 72
     5
  1
{\W0.476303; }1LBR001088 \P{\W2.726303; }pos.6
 11
-0.1098833932953671
 21
0.9939444853098667
 31
0.0
 73
     1
 44
1.0
1001
ACAD
1000
MTEXTBEGIN
1070
    73
1070
     1
1070
    44
1040
1.0
1070
    74
1070
     0
1000
MTEXTEND
  0
LWPOLYLINE
  5
F0
330
1F
100
AcDbEntity
  8
1LBR001088
 62
     7
100
AcDbPolyline
 90
       36
 70
     1
 43
0.0
 10
621.8227481315746
 20
518.9593555175259
 10
619.1855466924861
 20
542.8140231649628
 42
0.4142135624035359
 10
615.8740630566704
 20
545.4662064410062
 10
472.7460571720493
 20
529.6429978064753
 10
471.0978062726191
 20
544.5521650861232
 10
614.2258121572401
 20
560.3753737206544
 42
0.4142135623851219
 10
616.8779954332835
 20
563.68685735647
 10
615.3396279271487
 20
577.6020801508081
 42
0.4142135623275007
 10
612.028144291333
 20
580.2542634268517
 10
580.2219207614172
 20
576.7379948414003
 10
578.0242528955101
 20
596.6168845475976
 10
679.4065903971167
 20
607.8249906637239
 42
0.4142135623338978
 10
682.0587736731602
 20
611.1364742995395
 10
670.8506675570341
 20
712.518811801146
 42
0.4142135624824097
 10
667.5391839212182
 20
715.1709950771897
 10
492.6049545066816
 20
695.8315178572071
 42
0.4142135624885162
 10
489.9527712306379
 20
692.5200342213916
 10
493.68880660268
 20
658.725921720856
 42
0.4142135624007559
 10
497.0002902384957
 20
656.0737384448124
 10
645.0980185496661
 20
672.4463640458203
 10
646.7462694490964
 20
657.5371967661724
 10
498.648541137926
 20
641.1645711651645
 42
0.4142135624955243
 10
495.9963578618824
 20
637.8530875293487
 10
497.5347253680175
 20
623.9378647350108
 42
0.4142135625280702
 10
500.8462090038332
 20
621.2856814589671
 10
648.9439373150036
 20
637.658307059975
 10
650.5921882144339
 20
622.7491397803268
 10
500.5171334660531
 20
606.1579151108755
 42
0.1639123516538107
 10
498.7800711046731
 20
605.3506389137401
 10
454.7235264697246
 20
563.4790289785832
 42
-0.1639123517043208
 10
452.9864641083448
 20
562.6717527814478
 10
437.0939148767962
 20
560.9147862068693
 42
0.4142135623232181
 10
434.4417316007526
 20
557.6033025710537
 10
440.9248518051785
 20
498.9605779377716
 42
0.4142135623422964
 10
444.2363354409943
 20
496.3083946617279
 10
619.1705648555312
 20
515.6478718817103
 42
0.4142135623465056
  0
CIRCLE
  5
F1
330
1F
100
AcDbEntity
  8
1LBR001088
 62
     7
100
AcDbCircle
 10
511.6996786228563
 20
677.820645837031
 30
0.0
 40
7.0
  0
CIRCLE
  5
F2
330
1F
100
AcDbEntity
  8
1LBR001088
 62
     7
100
AcDbCircle
 10
521.5891840194383
 20
588.3656421591427
 30
0.0
 40
7.0
  0
MTEXT
  5
F3
102
{ACAD_XDICTIONARY
360
364
102
}
330
1F
100
AcDbEntity
  8
Texto
 62
     7
100
AcDbMText
 10
652.75006820466
 20
610.4657253963972
 30
0.0
 40
10.0
 41
94.5260650607579
 71
     1
 72
     5
  1
{\W0.476303; }1LBR001088 \P{\W2.726303; }pos.6
 11
-0.1098833932953671
 21
0.9939444853098667
 31
0.0
 73
     1
 44
1.0
1001
ACAD
1000
MTEXTBEGIN
1070
    73
1070
     1
1070
    44
1040
1.0
1070
    74
1070
     0
1000
MTEXTEND
  0
LWPOLYLINE
  5
F4
330
1F
100
AcDbEntity
  8
1LBR001088
 62
     7
100
AcDbPolyline
 90
       36
 70
     1
 43
0.0
 10
835.5068091389016
 20
524.3922634619512
 10
832.8696076998131
 20
548.2469311093878
 42
0.4142135624939548
 10
829.5581240639975
 20
550.8991143854314
 10
686.4301181793766
 20
535.0759057509004
 10
684.7818672799461
 20
549.9850730305483
 10
827.9098731645671
 20
565.8082816650794
 42
0.4142135624041721
 10
830.5620564406108
 20
569.1197653008952
 10
829.0236889344759
 20
583.0349880952332
 42
0.4142135624178093
 10
825.71220529866
 20
585.6871713712767
 10
793.905981768744
 20
582.1709027858255
 10
791.708313902837
 20
602.0497924920228
 10
893.0906514044435
 20
613.257898608149
 42
0.4142135624646527
 10
895.7428346804872
 20
616.5693822439648
 10
884.534728564361
 20
717.9517197455712
 42
0.4142135624855133
 10
881.2232449285456
 20
720.6039030216146
 10
706.2890155140088
 20
701.2644258016323
 42
0.4142135624802082
 10
703.6368322379651
 20
697.9529421658168
 10
707.3728676100073
 20
664.1588296652811
 42
0.4142135624121674
 10
710.6843512458229
 20
661.5066463892376
 10
858.7820795569932
 20
677.8792719902456
 10
860.4303304564233
 20
662.9701047105974
 10
712.3326021452533
 20
646.5974791095895
 42
0.4142135623780973
 10
709.6804188692096
 20
643.2859954737738
 10
711.2187863753447
 20
629.3707726794358
 42
0.4142135623361101
 10
714.5302700111602
 20
626.7185894033921
 10
862.6279983223303
 20
643.0912150044
 10
864.276249221761
 20
628.182047724752
 10
714.2011944733801
 20
611.5908230553007
 42
0.1639123518341731
 10
712.4641321120001
 20
610.7835468581653
 10
668.4075874770516
 20
568.9119369230083
 42
-0.1639123518019309
 10
666.6705251156717
 20
568.1046607258728
 10
650.7779758841231
 20
566.3476941512945
 42
0.4142135623926368
 10
648.1257926080798
 20
563.0362105154788
 10
654.6089128125056
 20
504.3934858821967
 42
0.4142135623404425
 10
657.9203964483212
 20
501.7413026061531
 10
832.8546258628581
 20
521.0807798261354
 42
0.4142135623655459
  0
CIRCLE
  5
F5
330
1F
100
AcDbEntity
  8
1LBR001088
 62
     7
100
AcDbCircle
 10
725.3837396301835
 20
683.253553781456
 30
0.0
 40
7.0
  0
CIRCLE
  5
F6
330
1F
100
AcDbEntity
  8
1LBR001088
 62
     7
100
AcDbCircle
 10
735.2732450267654
 20
593.7985501035679
 30
0.0
 40
7.0
  0
MTEXT
  5
F7
102
{ACAD_XDICTIONARY
360
366
102
}
330
1F
100
AcDbEntity
  8
Texto
 62
     7
100
AcDbMText
 10
866.4341292119869
 20
615.8986333408222
 30
0.0
 40
10.0
 41
94.5260650607579
 71
     1
 72
     5
  1
{\W0.476303; }1LBR001088 \P{\W2.726303; }pos.6
 11
-0.1098833932953671
 21
0.9939444853098667
 31
0.0
 73
     1
 44
1.0
1001
ACAD
1000
MTEXTBEGIN
1070
    73
1070
     1
1070
    44
1040
1.0
1070
    74
1070
     0
1000
MTEXTEND
  0
LWPOLYLINE
  5
F8
330
1F
100
AcDbEntity
  8
1LBR001088
 62
     7
100
AcDbPolyline
 90
       36
 70
     1
 43
0.0
 10
1043.868684867832
 20
522.9547672918365
 10
1041.231483428743
 20
546.8094349392734
 42
0.4142135624761229
 10
1037.919999792928
 20
549.4616182153168
 10
894.7919939083071
 20
533.6384095807857
 10
893.1437430088767
 20
548.5475768604337
 10
1036.271748893498
 20
564.3707854949649
 42
0.4142135623864162
 10
1038.923932169541
 20
567.6822691307804
 10
1037.385564663406
 20
581.5974919251186
 42
0.4142135623999371
 10
1034.074081027591
 20
584.2496752011623
 10
1002.267857497675
 20
580.7334066157109
 10
1000.070189631768
 20
600.6122963219082
 10
1101.452527133374
 20
611.8204024380345
 42
0.4142135624469104
 10
1104.104710409418
 20
615.13188607385
 10
1092.896604293292
 20
716.5142235754566
 42
0.414213562467804
 10
1089.585120657476
 20
719.1664068515002
 10
914.6508912429393
 20
699.8269296315176
 42
0.4142135624851112
 10
911.9987079668959
 20
696.515445995702
 10
915.7347433389379
 20
662.7213334951664
 42
0.4142135624168128
 10
919.0462269747536
 20
660.069150219123
 10
1067.143955285924
 20
676.4417758201308
 10
1068.792206185354
 20
661.5326085404829
 10
920.6944778741839
 20
645.159982939475
 42
0.4142135623829438
 10
918.0422945981405
 20
641.8484993036592
 10
919.5806621042752
 20
627.9332765093212
 42
0.4142135623409445
 10
922.8921457400909
 20
625.2810932332776
 10
1070.989874051261
 20
641.6537188342856
 10
1072.638124950691
 20
626.7445515546374
 10
922.5630702023108
 20
610.1533268851861
 42
0.1639123519402989
 10
920.826007840931
 20
609.3460506880505
 10
876.7694632059823
 20
567.4744407528938
 42
-0.1639123517812578
 10
875.0324008446025
 20
566.6671645557584
 10
859.139851613054
 20
564.9101979811798
 42
0.4142135624234024
 10
856.4876683370105
 20
561.5987143453641
 10
862.9707885414365
 20
502.9559897120821
 42
0.4142135623712362
 10
866.2822721772521
 20
500.3038064360386
 10
1041.216501591788
 20
519.6432836560209
 42
0.4142135623477791
  0
CIRCLE
  5
F9
330
1F
100
AcDbEntity
  8
1LBR001088
 62
     7
100
AcDbCircle
 10
933.7456153591142
 20
681.8160576113414
 30
0.0
 40
7.0
  0
CIRCLE
  5
FA
330
1F
100
AcDbEntity
  8
1LBR001088
 62
     7
100
AcDbCircle
 10
943.635120755696
 20
592.3610539334533
 30
0.0
 40
7.0
  0
MTEXT
  5
FB
102
{ACAD_XDICTIONARY
360
368
102
}
330
1F
100
AcDbEntity
  8
Texto
 62
     7
100
AcDbMText
 10
1074.796004940917
 20
614.4611371707076
 30
0.0
 40
10.0
 41
94.5260650607579
 71
     1
 72
     5
  1
{\W0.476303; }1LBR001088 \P{\W2.726303; }pos.6
 11
-0.1098833932953671
 21
0.9939444853098667
 31
0.0
 73
     1
 44
1.0
1001
ACAD
1000
MTEXTBEGIN
1070
    73
1070
     1
1070
    44
1040
1.0
1070
    74
1070
     0
1000
MTEXTEND
  0
LWPOLYLINE
  5
FC
330
1F
100
AcDbEntity
  8
1LBR001088
 62
     7
100
AcDbPolyline
 90
       36
 70
     1
 43
0.0
 10
1253.599835801854
 20
524.6308053726877
 10
1250.962634362766
 20
548.4854730201245
 42
0.4142135623486824
 10
1247.65115072695
 20
551.1376562961681
 10
1104.523144842329
 20
535.3144476616371
 10
1102.874893942899
 20
550.223614941285
 10
1246.00289982752
 20
566.0468235758161
 42
0.4142135625073898
 10
1248.655083103563
 20
569.3583072116317
 10
1247.116715597428
 20
583.27353000597
 42
0.4142135622724818
 10
1243.805231961613
 20
585.9257132820134
 10
1211.999008431697
 20
582.4094446965621
 10
1209.80134056579
 20
602.2883344027595
 10
1311.183678067396
 20
613.4964405188855
 42
0.4142135623608893
 10
1313.83586134344
 20
616.8079241547014
 10
1302.627755227314
 20
718.1902616563078
 42
0.4142135623402311
 10
1299.316271591498
 20
720.8424449323513
 10
1124.382042176962
 20
701.5029677123688
 42
0.414213562338199
 10
1121.729858900918
 20
698.1914840765533
 10
1125.46589427296
 20
664.3973715760178
 42
0.4142135623116754
 10
1128.777377908776
 20
661.7451882999741
 10
1276.875106219946
 20
678.1178139009821
 10
1278.523357119376
 20
663.2086466213341
 10
1130.425628808206
 20
646.8360210203264
 42
0.4142135623395839
 10
1127.773445532162
 20
643.5245373845105
 10
1129.311813038297
 20
629.6093145901725
 42
0.4142135622354417
 10
1132.623296674113
 20
626.9571313141288
 10
1280.721024985283
 20
643.3297569151367
 10
1282.369275884714
 20
628.4205896354888
 10
1132.294221136333
 20
611.8293649660373
 42
0.1639123516944212
 10
1130.557158774953
 20
611.0220887689019
 10
1086.500614140004
 20
569.1504788337449
 42
-0.1639123518133529
 10
1084.763551778625
 20
568.3432026366097
 10
1068.871002547076
 20
566.5862360620312
 42
0.4142135622766235
 10
1066.218819271033
 20
563.2747524262155
 10
1072.701939475458
 20
504.6320277929332
 42
0.4142135622658096
 10
1076.013423111274
 20
501.9798445168897
 10
1250.947652525811
 20
521.319321736872
 42
0.414213562261704
  0
CIRCLE
  5
FD
330
1F
100
AcDbEntity
  8
1LBR001088
 62
     7
100
AcDbCircle
 10
1143.476766293136
 20
683.4920956921926
 30
0.0
 40
7.0
  0
CIRCLE
  5
FE
330
1F
100
AcDbEntity
  8
1LBR001088
 62
     7
100
AcDbCircle
 10
1153.366271689718
 20
594.0370920143045
 30
0.0
 40
7.0
  0
MTEXT
  5
FF
102
{ACAD_XDICTIONARY
360
36A
102
}
330
1F
100
AcDbEntity
  8
Texto
 62
     7
100
AcDbMText
 10
1284.52715587494
 20
616.1371752515588
 30
0.0
 40
10.0
 41
94.5260650607579
 71
     1
 72
     5
  1
{\W0.476303; }1LBR001088 \P{\W2.726303; }pos.6
 11
-0.1098833932953671
 21
0.9939444853098667
 31
0.0
 73
     1
 44
1.0
1001
ACAD
1000
MTEXTBEGIN
1070
    73
1070
     1
1070
    44
1040
1.0
1070
    74
1070
     0
1000
MTEXTEND
  0
LWPOLYLINE
  5
100
330
1F
100
AcDbEntity
  8
1LBR001088
 62
     7
100
AcDbPolyline
 90
       36
 70
     1
 43
0.0
 10
1460.653831256731
 20
523.7624585438934
 10
1458.016629817643
 20
547.6171261913304
 42
0.4142135623695687
 10
1454.705146181827
 20
550.2693094673738
 10
1311.577140297206
 20
534.4461008328428
 10
1309.928889397776
 20
549.3552681124908
 10
1453.056895282397
 20
565.1784767470217
 42
0.4142135625284723
 10
1455.70907855844
 20
568.4899603828376
 10
1454.170711052306
 20
582.4051831771755
 42
0.4142135622936526
 10
1450.85922741649
 20
585.0573664532191
 10
1419.053003886574
 20
581.5410978677676
 10
1416.855336020667
 20
601.4199875739652
 10
1518.237673522273
 20
612.6280936900914
 42
0.4142135623819178
 10
1520.889856798317
 20
615.9395773259071
 10
1509.681750682191
 20
717.3219148275133
 42
0.414213562361181
 10
1506.370267046375
 20
719.9740981035571
 10
1331.436037631839
 20
700.6346208835747
 42
0.4142135623560208
 10
1328.783854355795
 20
697.3231372477591
 10
1332.519889727837
 20
663.5290247472235
 42
0.4142135623294018
 10
1335.831373363653
 20
660.87684147118
 10
1483.929101674823
 20
677.2494670721878
 10
1485.577352574253
 20
662.3402997925397
 10
1337.479624263083
 20
645.9676741915319
 42
0.4142135623573373
 10
1334.827440987039
 20
642.6561905557164
 10
1336.365808493174
 20
628.7409677613782
 42
0.4142135622532392
 10
1339.67729212899
 20
626.0887844853345
 10
1487.77502044016
 20
642.4614100863424
 10
1489.423271339591
 20
627.5522428066944
 10
1339.34821659121
 20
610.9610181372431
 42
0.1639123516509852
 10
1337.61115422983
 20
610.1537419401076
 10
1293.554609594881
 20
568.2821320049507
 42
-0.1639123518140974
 10
1291.817547233501
 20
567.4748558078152
 10
1275.924998001953
 20
565.7178892332368
 42
0.4142135622685167
 10
1273.272814725909
 20
562.4064055974212
 10
1279.755934930335
 20
503.763680964139
 42
0.4142135622577566
 10
1283.067418566151
 20
501.1114976880953
 10
1458.001647980688
 20
520.4509749080777
 42
0.4142135622828109
  0
CIRCLE
  5
101
330
1F
100
AcDbEntity
  8
1LBR001088
 62
     7
100
AcDbCircle
 10
1350.530761748013
 20
682.6237488633982
 30
0.0
 40
7.0
  0
CIRCLE
  5
102
330
1F
100
AcDbEntity
  8
1LBR001088
 62
     7
100
AcDbCircle
 10
1360.420267144595
 20
593.1687451855103
 30
0.0
 40
7.0
  0
MTEXT
  5
103
102
{ACAD_XDICTIONARY
360
36C
102
}
330
1F
100
AcDbEntity
  8
Texto
 62
     7
100
AcDbMText
 10
1491.581151329817
 20
615.2688284227646
 30
0.0
 40
10.0
 41
94.5260650607579
 71
     1
 72
     5
  1
{\W0.476303; }1LBR001088 \P{\W2.726303; }pos.6
 11
-0.1098833932953671
 21
0.9939444853098667
 31
0.0
 73
     1
 44
1.0
1001
ACAD
1000
MTEXTBEGIN
1070
    73
1070
     1
1070
    44
1040
1.0
1070
    74
1070
     0
1000
MTEXTEND
  0
LWPOLYLINE
  5
104
330
1F
100
AcDbEntity
  8
1LBR001088
 62
     7
100
AcDbPolyline
 90
       36
 70
     1
 43
0.0
 10
1664.334890473406
 20
519.6884525247638
 10
1661.697689034317
 20
543.5431201722005
 42
0.4142135623520482
 10
1658.386205398501
 20
546.1953034482441
 10
1515.25819951388
 20
530.3720948137131
 10
1513.60994861445
 20
545.281262093361
 10
1656.737954499071
 20
561.1044707278921
 42
0.4142135625106601
 10
1659.390137775115
 20
564.4159543637077
 10
1657.85177026898
 20
578.331177158046
 42
0.4142135622758624
 10
1654.540286633164
 20
580.9833604340894
 10
1622.734063103249
 20
577.4670918486381
 10
1620.536395237342
 20
597.3459815548355
 10
1721.918732738948
 20
608.5540876709617
 42
0.4142135623642723
 10
1724.570916014991
 20
611.8655713067774
 10
1713.362809898865
 20
713.2479088083839
 42
0.4142135623434154
 10
1710.051326263049
 20
715.9000920844274
 10
1535.117096848513
 20
696.560614864445
 42
0.4142135623608011
 10
1532.464913572469
 20
693.2491312286292
 10
1536.200948944511
 20
659.4550187280937
 42
0.4142135623342459
 10
1539.512432580327
 20
656.8028354520504
 10
1687.610160891497
 20
673.1754610530581
 10
1689.258411790927
 20
658.2662937734101
 10
1541.160683479757
 20
641.8936681724024
 42
0.4142135623621176
 10
1538.508500203714
 20
638.5821845365865
 10
1540.046867709848
 20
624.6669617422485
 42
0.4142135622581397
 10
1543.358351345664
 20
622.0147784662048
 10
1691.456079656834
 20
638.3874040672127
 10
1693.104330556265
 20
623.4782367875648
 10
1543.029275807884
 20
606.8870121181134
 42
0.1639123517571166
 10
1541.292213446504
 20
606.0797359209779
 10
1497.235668811556
 20
564.2081259858209
 42
-0.1639123517934325
 10
1495.498606450176
 20
563.4008497886855
 10
1479.606057218628
 20
561.6438832141072
 42
0.4142135622992038
 10
1476.953873942584
 20
558.3323995782915
 10
1483.43699414701
 20
499.6896749450093
 42
0.4142135622884254
 10
1486.748477782825
 20
497.0374916689658
 10
1661.682707197362
 20
516.376968888948
 42
0.4142135622649989
  0
CIRCLE
  5
105
330
1F
100
AcDbEntity
  8
1LBR001088
 62
     7
100
AcDbCircle
 10
1554.211820964687
 20
678.5497428442687
 30
0.0
 40
7.0
  0
CIRCLE
  5
106
330
1F
100
AcDbEntity
  8
1LBR001088
 62
     7
100
AcDbCircle
 10
1564.101326361269
 20
589.0947391663805
 30
0.0
 40
7.0
  0
MTEXT
  5
107
102
{ACAD_XDICTIONARY
360
36E
102
}
330
1F
100
AcDbEntity
  8
Texto
 62
     7
100
AcDbMText
 10
1695.262210546491
 20
611.1948224036348
 30
0.0
 40
10.0
 41
94.5260650607579
 71
     1
 72
     5
  1
{\W0.476303; }1LBR001088 \P{\W2.726303; }pos.6
 11
-0.1098833932953671
 21
0.9939444853098667
 31
0.0
 73
     1
 44
1.0
1001
ACAD
1000
MTEXTBEGIN
1070
    73
1070
     1
1070
    44
1040
1.0
1070
    74
1070
     0
1000
MTEXTEND
  0
LWPOLYLINE
  5
108
330
1F
100
AcDbEntity
  8
1LBR001088
 62
     7
100
AcDbPolyline
 90
       36
 70
     1
 43
0.0
 10
1868.015949690081
 20
515.6144465056338
 10
1865.378748250992
 20
539.4691141530706
 42
0.4142135624417734
 10
1862.067264615176
 20
542.1212974291141
 10
1718.939258730555
 20
526.2980887945832
 10
1717.291007831125
 20
541.2072560742311
 10
1860.419013715745
 20
557.0304647087623
 42
0.414213562310804
 10
1863.071196991789
 20
560.3419483445777
 10
1861.532829485654
 20
574.257171138916
 42
0.4142135623655875
 10
1858.221345849839
 20
576.9093544149597
 10
1826.415122319923
 20
573.3930858295081
 10
1824.217454454016
 20
593.2719755357056
 10
1925.599791955622
 20
604.4800816518319
 42
0.4142135623712296
 10
1928.251975231665
 20
607.7915652876474
 10
1917.04386911554
 20
709.1739027892538
 42
0.4142135624251685
 10
1913.732385479724
 20
711.8260860652976
 10
1738.798156065187
 20
692.4866088453151
 42
0.4142135624232687
 10
1736.145972789143
 20
689.1751252094994
 10
1739.882008161186
 20
655.3810127089639
 42
0.4142135624299942
 10
1743.193491797001
 20
652.7288294329204
 10
1891.291220108172
 20
669.1014550339281
 10
1892.939471007602
 20
654.19228775428
 10
1744.841742696432
 20
637.8196621532723
 42
0.4142135622232336
 10
1742.189559420388
 20
634.5081785174567
 10
1743.727926926523
 20
620.5929557231185
 42
0.4142135623502893
 10
1747.039410562338
 20
617.940772447075
 10
1895.137138873509
 20
634.3133980480827
 10
1896.78538977294
 20
619.4042307684347
 10
1746.710335024558
 20
602.8130060989836
 42
0.1639123515173582
 10
1744.973272663179
 20
602.0057299018479
 10
1700.91672802823
 20
560.1341199666912
 42
-0.1639123518194553
 10
1699.17966566685
 20
559.3268437695557
 10
1683.287116435302
 20
557.5698771949772
 42
0.4142135623697121
 10
1680.634933159258
 20
554.2583935591616
 10
1687.118053363684
 20
495.6156689258794
 42
0.414213562276314
 10
1690.4295369995
 20
492.9634856498359
 10
1865.363766414037
 20
512.3029628698182
 42
0.4142135622720344
  0
CIRCLE
  5
109
330
1F
100
AcDbEntity
  8
1LBR001088
 62
     7
100
AcDbCircle
 10
1757.892880181362
 20
674.4757368251388
 30
0.0
 40
7.0
  0
CIRCLE
  5
10A
330
1F
100
AcDbEntity
  8
1LBR001088
 62
     7
100
AcDbCircle
 10
1767.782385577944
 20
585.0207331472505
 30
0.0
 40
7.0
  0
MTEXT
  5
10B
102
{ACAD_XDICTIONARY
360
370
102
}
330
1F
100
AcDbEntity
  8
Texto
 62
     7
100
AcDbMText
 10
1898.943269763165
 20
607.1208163845049
 30
0.0
 40
10.0
 41
94.5260650607579
 71
     1
 72
     5
  1
{\W0.476303; }1LBR001088 \P{\W2.726303; }pos.6
 11
-0.1098833932953671
 21
0.9939444853098667
 31
0.0
 73
     1
 44
1.0
1001
ACAD
1000
MTEXTBEGIN
1070
    73
1070
     1
1070
    44
1040
1.0
1070
    74
1070
     0
1000
MTEXTEND
  0
LWPOLYLINE
  5
10C
330
1F
100
AcDbEntity
  8
13671716
 62
    30
100
AcDbPolyline
 90
       18
 70
     1
 43
0.0
 10
1990.70631277806
 20
121.8137774979093
 10
1990.706312778124
 20
158.8137774979093
 42
0.4142135623557318
 10
1985.706312778132
 20
163.8137774979181
 10
1955.706312778132
 20
163.8137774979704
 10
1955.70631277826
 20
236.4422513194157
 42
0.2383626869191414
 10
1561.147489249275
 20
481.805102455537
 42
0.440333955996803
 10
1555.706312778679
 20
476.8246041550305
 10
1555.706312778625
 20
445.8137774986683
 42
-1.000001068903148
 10
1475.706312778625
 20
445.813777498808
 10
1475.706312778678
 20
476.82460415517
 42
0.4403339559622011
 10
1470.265136308099
 20
481.8051024556956
 42
0.238362686919143
 10
1075.706312778257
 20
236.4422513209514
 10
1075.706312778133
 20
163.813777499506
 10
1045.706312778134
 20
163.8137774995584
 42
0.4142135623658927
 10
1040.706312778124
 20
158.8137774995671
 10
1040.706312778059
 20
121.8137774995671
 10
1302.405468897871
 20
121.8137774991104
 42
-0.5133594317212399
 10
1729.007156658246
 20
121.813777498366
  0
LINE
  5
10D
330
1F
100
AcDbEntity
  8
Chanfro
 62
    30
100
AcDbLine
 10
1859.856734718269
 20
188.8137774981368
 30
0.0
 11
1859.856734718141
 21
115.8137774981377
 31
0.0
  0
LINE
  5
10E
330
1F
100
AcDbEntity
  8
Chanfro
 62
    30
100
AcDbLine
 10
1869.856734718269
 20
188.8137774981192
 30
0.0
 11
1869.856734718141
 21
115.8137774981202
 31
0.0
  0
LINE
  5
10F
330
1F
100
AcDbEntity
  8
Chanfro
 62
    30
100
AcDbLine
 10
1849.856734718271
 20
188.8137774981542
 30
0.0
 11
1849.856734718142
 21
115.8137774981551
 31
0.0
  0
LINE
  5
110
330
1F
100
AcDbEntity
  8
Chanfro
 62
    30
100
AcDbLine
 10
1171.555890838082
 20
188.8137774993379
 30
0.0
 11
1171.555890837955
 21
115.8137774993388
 31
0.0
  0
LINE
  5
111
330
1F
100
AcDbEntity
  8
Chanfro
 62
    30
100
AcDbLine
 10
1161.555890838083
 20
188.8137774993553
 30
0.0
 11
1161.555890837955
 21
115.8137774993562
 31
0.0
  0
LINE
  5
112
330
1F
100
AcDbEntity
  8
Chanfro
 62
    30
100
AcDbLine
 10
1181.555890838082
 20
188.8137774993204
 30
0.0
 11
1181.555890837955
 21
115.8137774993213
 31
0.0
  0
MTEXT
  5
113
330
1F
100
AcDbEntity
  8
Chanfro
 62
    30
100
AcDbMText
 10
1829.378410004545
 20
158.544823719293
 30
0.0
 40
10.0
 41
58.77114782333775
 71
     1
 72
     5
  1
{\W0.593893; }CH 0+10
 11
1.0
 21
-0.000000000001734
 31
0.0
 73
     1
 44
1.0
1001
ACAD
1000
MTEXTBEGIN
1070
    73
1070
     1
1070
    44
1040
1.0
1070
    74
1070
     0
1000
MTEXTEND
  0
MTEXT
  5
114
102
{ACAD_XDICTIONARY
360
372
102
}
330
1F
100
AcDbEntity
  8
Chanfro
 62
    30
100
AcDbMText
 10
1202.034215551701
 20
158.5448237203877
 30
0.0
 40
10.0
 41
58.77114782333775
 71
     3
 72
     5
  1
CH 0+10
 11
1.0
 21
-0.0000000000017624
 31
0.0
 73
     1
 44
1.0
1001
ACAD
1000
MTEXTBEGIN
1070
    73
1070
     1
1070
    44
1040
1.0
1070
    74
1070
     0
1000
MTEXTEND
  0
MTEXT
  5
115
330
1F
100
AcDbEntity
  8
Texto
 62
    30
100
AcDbMText
 10
1276.183260544542
 20
338.9380022345793
 30
0.0
 40
30.0
 41
235.0056878864143
 71
     1
 72
     5
  1
13671716
 11
1.0
 21
-0.0000000000017624
 31
0.0
 73
     1
 44
1.0
1001
ACAD
1000
MTEXTBEGIN
1070
    73
1070
     1
1070
    44
1040
1.0
1070
    74
1070
     0
1000
MTEXTEND
  0
LWPOLYLINE
  5
116
330
1F
100
AcDbEntity
  8
13597768v0
 62
    30
100
AcDbPolyline
 90
       12
 70
     1
 43
0.0
 10
1167.336825858929
 20
61.59469649790935
 10
1708.09607993698
 20
36.54913984038375
 42
0.4142135621339574
 10
1711.231665239679
 20
39.40712948513397
 10
1712.804707301386
 20
73.37072085401169
 42
0.4142135620203236
 10
1709.946717656636
 20
76.50630615671023
 10
1163.927002836525
 20
101.795503892158
 42
0.0655434636362529
 10
1163.146647742861
 20
101.7293143566862
 10
1044.354818788882
 20
75.7237815424031
 42
0.4142135623855853
 10
1042.065778115245
 20
72.15162633943878
 10
1049.336760448345
 20
38.9381830383452
 42
0.4142135621114544
 10
1052.908915651356
 20
36.64914236468712
 10
1166.556470765264
 20
61.52850696243835
 42
-0.0655434640454776
  0
CIRCLE
  5
117
330
1F
100
AcDbEntity
  8
13597768v0
 62
    30
100
AcDbCircle
 10
1065.238588870641
 20
59.82195312008411
 30
0.0
 40
7.0
  0
CIRCLE
  5
118
330
1F
100
AcDbEntity
  8
13597768v0
 62
    30
100
AcDbCircle
 10
1692.039603112366
 20
57.31424402940085
 30
0.0
 40
9.0
  0
CIRCLE
  5
119
330
1F
100
AcDbEntity
  8
13597768v0
 62
    30
100
AcDbCircle
 10
1320.557827869481
 20
74.51962290903991
 30
0.0
 40
9.0
  0
MTEXT
  5
11A
330
1F
100
AcDbEntity
  8
Texto
 62
    30
100
AcDbMText
 10
1438.641574938424
 20
80.36580637334841
 30
0.0
 40
10.0
 41
88.59273291746102
 71
     1
 72
     5
  1
13597768\Ppos.10
 11
0.9989291579081662
 21
-0.0462659429913841
 31
0.0
 73
     1
 44
1.0
1001
ACAD
1000
MTEXTBEGIN
1070
    73
1070
     1
1070
    44
1040
1.0
1070
    74
1070
     0
1000
MTEXTEND
  0
MTEXT
  5
11B
330
1F
100
AcDbEntity
  8
Texto
 62
    30
100
AcDbMText
 10
1533.014226431979
 20
69.85445174428409
 30
0.0
 40
15.0
 41
88.59273291746102
 71
     1
 72
     5
  1
1x
 11
0.9989291579081655
 21
-0.0462659429913983
 31
0.0
 73
     1
 44
1.0
1001
ACAD
1000
MTEXTBEGIN
1070
    73
1070
     1
1070
    44
1040
1.0
1070
    74
1070
     0
1000
MTEXTEND
  0
LWPOLYLINE
  5
11C
330
1F
100
AcDbEntity
  8
13671716
 62
    30
100
AcDbPolyline
 90
       16
 70
     1
 43
0.0
 10
1016.144731573479
 20
26.71499294162821
 10
1023.154620261928
 20
63.04489055468916
 42
0.4142135624097644
 10
1019.192456893739
 20
68.90161843327293
 10
989.7357831534185
 20
74.5853119644493
 10
1003.495716048023
 20
145.8984205516388
 42
0.7467671835095225
 10
18.17613311498928
 20
78.87836500549224
 42
0.422855792420313
 10
22.10831131832128
 20
72.87765148023841
 10
260.4130531508803
 20
26.89652232958561
 42
0.3978748769457369
 10
266.2089377413229
 20
30.58488016142391
 42
-0.3603537352656243
 10
536.341585376409
 20
228.5149472104677
 42
0.376282688819427
 10
541.5478124290017
 20
232.5588492619306
 10
558.9398396234196
 20
322.6958821506022
 42
-1.000000911135178
 10
617.8531871040603
 20
311.3284950882495
 10
600.4611599096416
 20
221.1914621995794
 42
0.3762826888269886
 10
603.7891093612538
 20
215.5008825830093
 42
-0.2072267846435576
 10
759.1851762421987
 20
76.29558630004215
  0
LINE
  5
11D
330
1F
100
AcDbEntity
  8
Chanfro
 62
    30
100
AcDbLine
 10
900.3585361274661
 20
117.2918609742161
 30
0.0
 11
886.5282152016042
 21
45.61395487277112
 31
0.0
  0
LINE
  5
11E
330
1F
100
AcDbEntity
  8
Chanfro
 62
    30
100
AcDbLine
 10
910.1774273742378
 20
115.3972964638247
 30
0.0
 11
896.3471064483762
 21
43.71939036237967
 31
0.0
  0
LINE
  5
11F
330
1F
100
AcDbEntity
  8
Chanfro
 62
    30
100
AcDbLine
 10
890.5396448806914
 20
119.186425484608
 30
0.0
 11
876.7093239548293
 21
47.50851938316317
 31
0.0
  0
MTEXT
  5
120
102
{ACAD_XDICTIONARY
360
374
102
}
330
1F
100
AcDbEntity
  8
Chanfro
 62
    30
100
AcDbMText
 10
864.6975519930849
 20
93.34541967711491
 30
0.0
 40
10.0
 41
58.77114782333775
 71
     9
 72
     5
  1
CH 0+10
 11
-0.9818891246773159
 21
0.1894564510393209
 31
0.0
 73
     1
 44
1.0
1001
ACAD
1000
MTEXTBEGIN
1070
    73
1070
     1
1070
    44
1040
1.0
1070
    74
1070
     0
1000
MTEXTEND
  0
MTEXT
  5
121
330
1F
100
AcDbEntity
  8
Texto
 62
    30
100
AcDbMText
 10
355.6979023067513
 20
375.2779095751568
 30
0.0
 40
30.0
 41
235.0056878864143
 71
     9
 72
     5
  1
13671716
 11
-0.9818891246773635
 21
0.189456451039074
 31
0.0
 73
     1
 44
1.0
1001
ACAD
1000
MTEXTBEGIN
1070
    73
1070
     1
1070
    44
1040
1.0
1070
    74
1070
     0
1000
MTEXTEND
  0
LWPOLYLINE
  5
122
330
1F
100
AcDbEntity
  8
13597768v0
 62
     1
100
AcDbPolyline
 90
       12
 70
     1
 43
0.0
 10
1982.080224176513
 20
99.70378149790944
 42
0.414213562369536
 10
1978.315253993693
 20
101.6595420973722
 10
1852.629414881632
 20
61.91076991021308
 42
-0.0767255529883736
 10
1851.724810089969
 20
61.77113530134014
 10
1735.187889470494
 20
61.77113530134011
 42
0.4142135623883331
 10
1732.187889470495
 20
58.77113530133921
 10
1732.187889470495
 20
24.77113530134012
 42
0.4142135624092804
 10
1735.187889470494
 20
21.77113530133921
 10
1851.728556458468
 20
21.77113530133922
 42
0.0761120129422735
 10
1852.626179523367
 20
21.90857126995618
 10
1989.914468862455
 20
64.95848515956918
 42
0.414928376636329
 10
1991.877211188709
 20
68.72565398250007
  0
CIRCLE
  5
123
330
1F
100
AcDbEntity
  8
13597768v0
 62
     1
100
AcDbCircle
 10
1905.903599693863
 20
58.68386480166832
 30
0.0
 40
9.0
  0
CIRCLE
  5
124
330
1F
100
AcDbEntity
  8
13597768v0
 62
     1
100
AcDbCircle
 10
1967.903064259955
 20
78.20478650253429
 30
0.0
 40
9.0
  0
CIRCLE
  5
125
330
1F
100
AcDbEntity
  8
13597768v0
 62
     1
100
AcDbCircle
 10
1752.187889470494
 20
41.9497928081662
 30
0.0
 40
9.000000000000227
  0
MTEXT
  5
126
330
1F
100
AcDbEntity
  8
Texto
 62
     1
100
AcDbMText
 10
1841.735619405744
 20
30.15999846068443
 30
0.0
 40
10.0
 41
88.59273291746102
 71
     1
 72
     5
  1
13597768\Ppos.28
 11
-1.0
 21
0.0000000000000001
 31
0.0
 73
     1
 44
1.0
1001
ACAD
1000
MTEXTBEGIN
1070
    73
1070
     1
1070
    44
1040
1.0
1070
    74
1070
     0
1000
MTEXTEND
  0
MTEXT
  5
127
330
1F
100
AcDbEntity
  8
Texto
 62
     1
100
AcDbMText
 10
1865.160861983397
 20
39.49563695130635
 30
0.0
 40
15.0
 41
88.59273291746102
 71
     1
 72
     5
  1
1x
 11
0.0000000000000001
 21
1.0
 31
0.0
 73
     1
 44
1.0
1001
ACAD
1000
MTEXTBEGIN
1070
    73
1070
     1
1070
    44
1040
1.0
1070
    74
1070
     0
1000
MTEXTEND
  0
LWPOLYLINE
  5
128
330
1F
100
AcDbEntity
  8
13671716
 62
    30
100
AcDbPolyline
 90
       16
 70
     1
 43
0.0
 10
1927.22829957348
 20
1278.004392168761
 10
1976.796321228176
 20
1021.042411434137
 42
-0.7076053441377309
 10
1931.061496477342
 20
528.0684099014587
 42
0.3978748769266463
 10
1927.372855088448
 20
522.272705769375
 10
1973.342325219048
 20
283.965714613506
 42
0.4228557924000156
 10
1979.342846356976
 20
280.033242832372
 42
0.380126487528875
 10
2379.279139811306
 20
835.1694228511021
 42
0.4403339559858818
 10
2373.358191939553
 20
839.5687570058921
 10
2342.908711092972
 20
833.6950455655358
 42
-1.000000743506997
 10
2327.756038110869
 20
912.2469169722521
 10
2358.205518957451
 20
918.1206284126092
 42
0.4403339560292534
 10
2362.065257636785
 20
924.4066591182914
 42
0.2383626869191433
 10
2046.41110819278
 20
1265.349545656497
 10
1975.097326491676
 20
1251.593101743927
 10
1969.415074123388
 20
1281.050053521444
 42
0.4142135623959124
 10
1963.558540099086
 20
1285.012503422984
  0
LINE
  5
129
330
1F
100
AcDbEntity
  8
Chanfro
 62
    30
100
AcDbLine
 10
2017.799502703953
 20
1162.213765423961
 30
0.0
 11
1946.120920045324
 21
1148.386951327792
 31
0.0
  0
LINE
  5
12A
330
1F
100
AcDbEntity
  8
Chanfro
 62
    30
100
AcDbLine
 10
2015.905418581191
 20
1172.0327493498
 30
0.0
 11
1944.226835922561
 21
1158.205935253631
 31
0.0
  0
LINE
  5
12B
330
1F
100
AcDbEntity
  8
Chanfro
 62
    30
100
AcDbLine
 10
2019.693586826717
 20
1152.39478149812
 30
0.0
 11
1948.015004168087
 21
1138.567967401952
 31
0.0
  0
MTEXT
  5
12C
102
{ACAD_XDICTIONARY
360
376
102
}
330
1F
100
AcDbEntity
  8
Chanfro
 62
    30
100
AcDbMText
 10
1993.851316736112
 20
1126.55395290243
 30
0.0
 40
10.0
 41
58.77114782333775
 71
     3
 72
     5
  1
CH 0+10
 11
0.1894084122766025
 21
-0.9818983925839052
 31
0.0
 73
     1
 44
1.0
1001
ACAD
1000
MTEXTBEGIN
1070
    73
1070
     1
1070
    44
1040
1.0
1070
    74
1070
     0
1000
MTEXTEND
  0
MTEXT
  5
12D
330
1F
100
AcDbEntity
  8
Texto
 62
    30
100
AcDbMText
 10
2275.758903690658
 20
617.5405103899687
 30
0.0
 40
30.0
 41
235.0056878864143
 71
     3
 72
     5
  1
13671716
 11
0.1894084122764045
 21
-0.9818983925839434
 31
0.0
 73
     1
 44
1.0
1001
ACAD
1000
MTEXTBEGIN
1070
    73
1070
     1
1070
    44
1040
1.0
1070
    74
1070
     0
1000
MTEXTEND
  0
LWPOLYLINE
  5
12E
330
1F
100
AcDbEntity
  8
13597768v0
 62
     4
100
AcDbPolyline
 90
       12
 70
     1
 43
0.0
 10
2125.00000057348
 20
1841.999999686601
 42
0.4142135625989006
 10
2122.00000057348
 20
1838.9999996866
 10
2122.00000057348
 20
1804.9999996866
 42
0.4142135626721343
 10
2125.00000057348
 20
1801.9999996866
 10
2339.000000573479
 20
1801.9999996866
 42
-0.4142135622496479
 10
2342.00000057348
 20
1798.999999686601
 10
2342.00000057348
 20
1679.9999996866
 42
0.4142135622354851
 10
2345.00000057348
 20
1676.9999996866
 10
2379.000000573479
 20
1676.9999996866
 42
0.4142135621715973
 10
2382.00000057348
 20
1679.9999996866
 10
2382.00000057348
 20
1838.9999996866
 42
0.4142135621559914
 10
2379.000000573479
 20
1841.999999686601
  0
CIRCLE
  5
12F
330
1F
100
AcDbEntity
  8
13597768v0
 62
     4
100
AcDbCircle
 10
2362.000000573479
 20
1759.499999686601
 30
0.0
 40
9.0
  0
CIRCLE
  5
130
330
1F
100
AcDbEntity
  8
13597768v0
 62
     4
100
AcDbCircle
 10
2362.000000573479
 20
1694.4999996866
 30
0.0
 40
9.000000000000056
  0
CIRCLE
  5
131
330
1F
100
AcDbEntity
  8
13597768v0
 62
     4
100
AcDbCircle
 10
2142.00000057348
 20
1821.999999686601
 30
0.0
 40
9.0
  0
MTEXT
  5
132
330
1F
100
AcDbEntity
  8
Texto
 62
     4
100
AcDbMText
 10
2348.178528357886
 20
1776.639737730255
 30
0.0
 40
10.0
 41
88.59273291746102
 71
     1
 72
     5
  1
13597768\Ppos.24
 11
0.0000000000000001
 21
1.0
 31
0.0
 73
     1
 44
1.0
1001
ACAD
1000
MTEXTBEGIN
1070
    73
1070
     1
1070
    44
1040
1.0
1070
    74
1070
     0
1000
MTEXTEND
  0
MTEXT
  5
133
330
1F
100
AcDbEntity
  8
Texto
 62
     4
100
AcDbMText
 10
2316.401799544793
 20
1811.985697826012
 30
0.0
 40
15.0
 41
88.59273291746102
 71
     1
 72
     5
  1
1x
 11
0.0000000000000001
 21
1.0
 31
0.0
 73
     1
 44
1.0
1001
ACAD
1000
MTEXTBEGIN
1070
    73
1070
     1
1070
    44
1040
1.0
1070
    74
1070
     0
1000
MTEXTEND
  0
LWPOLYLINE
  5
134
330
1F
100
AcDbEntity
  8
13497886
 62
    30
100
AcDbPolyline
 90
       11
 70
     1
 43
0.0
 10
2119.50000057348
 20
1781.9999996866
 42
0.4142135621643603
 10
2116.500000573479
 20
1778.9999996866
 10
2116.500000573479
 20
1643.643098528898
 42
0.4400788303675557
 10
2119.762151816644
 20
1640.654574357051
 10
2229.262151816644
 20
1650.259837514949
 42
0.3888128608283619
 10
2232.00000057348
 20
1653.248361686795
 10
2232.00000057348
 20
1695.4999996866
 10
2319.00000057348
 20
1695.4999996866
 42
0.4142135625325042
 10
2322.000000573479
 20
1698.4999996866
 10
2322.000000573479
 20
1778.9999996866
 42
0.4142135622494259
 10
2319.00000057348
 20
1781.9999996866
  0
MTEXT
  5
135
330
1F
100
AcDbEntity
  8
Texto
 62
    30
100
AcDbMText
 10
2132.621201445482
 20
1764.486661124627
 30
0.0
 40
10.0
 41
112.2882493805809
 71
     1
 72
     5
  1
13497886 pos.6
 11
-0.0000000000000002
 21
-1.0
 31
0.0
 73
     1
 44
1.0
1001
ACAD
1000
MTEXTBEGIN
1070
    73
1070
     1
1070
    44
1040
1.0
1070
    74
1070
     0
1000
MTEXTEND
  0
LWPOLYLINE
  5
136
330
1F
100
AcDbEntity
  8
13497886
 62
    30
100
AcDbPolyline
 90
       11
 70
     1
 43
0.0
 10
2352.929626617776
 20
1516.165888552838
 42
0.41421356257623
 10
2356.182252139072
 20
1518.889934664454
 10
2368.106730624079
 20
1653.720559909153
 42
0.4400788302652149
 10
2365.120541548291
 20
1656.984848845912
 10
2255.200093525999
 20
1657.063505765493
 42
0.3888128603345258
 10
2252.209610968875
 20
1654.327796238415
 10
2248.487386656883
 20
1612.24043519216
 10
2161.825647979648
 20
1619.904836632519
 42
0.4142135623632913
 10
2158.573022458353
 20
1617.180790520902
 10
2151.481248711814
 20
1536.993779445992
 42
0.4142135624283842
 10
2154.205294823431
 20
1533.741153924695
  0
MTEXT
  5
137
330
1F
100
AcDbEntity
  8
Texto
 62
    30
100
AcDbMText
 10
2341.40230680397
 20
1534.767066951531
 30
0.0
 40
10.0
 41
112.2882493805809
 71
     1
 72
     5
  1
13497886 pos.5
 11
0.0880965682799983
 21
0.9961119388187691
 31
0.0
 73
     1
 44
1.0
1001
ACAD
1000
MTEXTBEGIN
1070
    73
1070
     1
1070
    44
1040
1.0
1070
    74
1070
     0
1000
MTEXTEND
  0
LWPOLYLINE
  5
138
330
1F
100
AcDbEntity
  8
MN-22044-14
 62
    30
100
AcDbPolyline
 90
       18
 70
     1
 43
0.0
 10
2006.49166757348
 20
1775.9999996866
 10
2036.500000906782
 20
1775.99999942829
 10
2036.500000674367
 20
1748.99999942829
 10
2046.500000674368
 20
1748.99999934221
 10
2046.50000053664
 20
1732.99999934221
 10
2056.500000536641
 20
1732.999999256131
 10
2056.500000347265
 20
1710.999999256131
 10
2093.500000347265
 20
1710.999998937636
 42
0.4142135625717738
 10
2096.500000373089
 20
1713.999998911812
 10
2096.500001319964
 20
1823.999998911813
 42
0.4142135623701871
 10
2093.500001345788
 20
1826.999998937636
 10
2071.500001345789
 20
1826.999999127012
 10
2071.500001449084
 20
1838.999999127012
 42
0.4142135621422505
 10
2068.500001474907
 20
1841.999999152836
 10
1989.500001474907
 20
1841.999999832864
 42
0.4142135621994344
 10
1986.500001449084
 20
1838.999999858689
 10
1986.500001070334
 20
1794.999999858688
 10
2006.500001070333
 20
1794.999999686529
  0
MTEXT
  5
139
330
1F
100
AcDbEntity
  8
Texto
 62
    30
100
AcDbMText
 10
2084.111984108448
 20
1816.906648484197
 30
0.0
 40
8.0
 41
145.5966443463767
 71
     1
 72
     5
  1
MN-22044-14 pos.1
 11
-0.0000000086079128
 21
-1.0
 31
0.0
 73
     1
 44
1.0
1001
ACAD
1000
MTEXTBEGIN
1070
    73
1070
     1
1070
    44
1040
1.0
1070
    74
1070
     0
1000
MTEXTEND
  0
LWPOLYLINE
  5
13A
330
1F
100
AcDbEntity
  8
13497886
 62
    30
100
AcDbPolyline
 90
       11
 70
     1
 43
0.0
 10
1978.141635094541
 20
1537.36391561848
 42
0.4142135622955312
 10
1981.763468240893
 20
1535.154317315623
 10
2113.317549953968
 20
1567.013606002689
 42
0.4400788305074875
 10
2115.454291652676
 20
1570.887524222172
 10
2080.345600149414
 20
1675.050333618141
 42
0.3888128607839076
 10
2076.796623607211
 20
1677.007846847868
 10
2035.732035171771
 20
1667.062974284859
 10
2015.254629941097
 20
1751.618730298384
 42
0.4142135624611634
 10
2011.632796794744
 20
1753.828328601241
 10
1933.394424851195
 20
1734.880844451019
 42
0.4142135622927371
 10
1931.184826548337
 20
1731.259011304667
  0
MTEXT
  5
13B
330
1F
100
AcDbEntity
  8
Texto
 62
    30
100
AcDbMText
 10
1992.074571129736
 20
1554.238637344954
 30
0.0
 40
10.0
 41
112.2882493805809
 71
     1
 72
     5
  1
13497886 pos.6
 11
0.971905241534788
 21
0.2353724739157185
 31
0.0
 73
     1
 44
1.0
1001
ACAD
1000
MTEXTBEGIN
1070
    73
1070
     1
1070
    44
1040
1.0
1070
    74
1070
     0
1000
MTEXTEND
  0
LWPOLYLINE
  5
13C
330
1F
100
AcDbEntity
  8
13497886
 62
    30
100
AcDbPolyline
 90
       11
 70
     1
 43
0.0
 10
1984.446373909925
 20
1510.992246296421
 42
0.4142135625242241
 10
1981.446373903344
 20
1507.992246303003
 10
1981.446373606386
 20
1372.6353451453
 42
0.4400788302643143
 10
1984.708524842879
 20
1369.646820966296
 10
2094.208524863951
 20
1379.252083883961
 42
0.3888128606453809
 10
2096.94637362746
 20
1382.240608049804
 10
2096.946373720156
 20
1424.49224604961
 10
2183.946373720155
 20
1424.492245858742
 42
0.4142135626190127
 10
2186.946373726737
 20
1427.49224585216
 10
2186.946373903344
 20
1507.992245852161
 42
0.4142135624970085
 10
2183.946373909925
 20
1510.992245858742
  0
MTEXT
  5
13D
330
1F
100
AcDbEntity
  8
Texto
 62
    30
100
AcDbMText
 10
1997.567574743388
 20
1493.478907705658
 30
0.0
 40
10.0
 41
112.2882493805809
 71
     1
 72
     5
  1
13497886 pos.6
 11
-0.0000000021937014
 21
-1.0
 31
0.0
 73
     1
 44
1.0
1001
ACAD
1000
MTEXTBEGIN
1070
    73
1070
     1
1070
    44
1040
1.0
1070
    74
1070
     0
1000
MTEXTEND
  0
LWPOLYLINE
  5
13E
330
1F
100
AcDbEntity
  8
13497886
 62
    30
100
AcDbPolyline
 90
       11
 70
     1
 43
0.0
 10
2381.97046257348
 20
1490.509243471793
 42
0.4142135624904388
 10
2379.244089668706
 20
1493.759918906854
 10
2244.404966110377
 20
1505.587913201656
 42
0.4400788301896144
 10
2241.142814845241
 20
1502.599389053917
 10
2241.142814036102
 20
1392.678912888953
 42
0.3888128604181649
 10
2243.880662770948
 20
1389.690388696855
 10
2285.970676564629
 20
1385.998281911509
 10
2278.368289875465
 20
1299.33108098389
 42
0.4142135625190539
 10
2281.09466278024
 20
1296.080405548828
 10
2361.286728006371
 20
1289.046013267476
 42
0.4142135624736427
 10
2364.537403441432
 20
1291.77238617225
  0
MTEXT
  5
13F
330
1F
100
AcDbEntity
  8
Texto
 62
    30
100
AcDbMText
 10
2363.377537574419
 20
1478.968616110769
 30
0.0
 40
10.0
 41
112.2882493805809
 71
     1
 72
     5
  1
13497886 pos.6
 11
-0.9961747233059636
 21
0.0873837550479905
 31
0.0
 73
     1
 44
1.0
1001
ACAD
1000
MTEXTBEGIN
1070
    73
1070
     1
1070
    44
1040
1.0
1070
    74
1070
     0
1000
MTEXTEND
  0
LWPOLYLINE
  5
140
330
1F
100
AcDbEntity
  8
MN-22044-12
 62
     3
100
AcDbPolyline
 90
       18
 70
     1
 43
0.0
 10
1951.446373387321
 20
1490.143294284538
 10
1941.446373387322
 20
1490.143294284538
 10
1941.446373387322
 20
1469.143294284538
 10
1931.446373387322
 20
1469.143294284538
 10
1931.446373387322
 20
1452.143294284538
 10
1921.446373387322
 20
1452.143294284541
 10
1921.446373387322
 20
1436.14329428454
 10
1911.446373387321
 20
1436.14329428454
 10
1911.446373387321
 20
1425.14329428454
 10
1891.446373387321
 20
1425.14329428454
 10
1891.446373387321
 20
1411.143294284538
 42
0.4142135624190021
 10
1894.446373387321
 20
1408.143294284538
 10
1933.94184616123
 20
1408.143294284538
 42
0.2216946626533286
 10
1937.772068376733
 20
1409.929356236107
 10
1961.446373387321
 20
1438.143294284538
 10
1961.446373387321
 20
1520.143294284538
 42
0.4142135624595147
 10
1958.446373387321
 20
1523.143294284538
 10
1951.446373387321
 20
1523.143294284538
  0
MTEXT
  5
141
330
1F
100
AcDbEntity
  8
Texto
 62
     3
100
AcDbMText
 10
1953.049235757638
 20
1516.267751462805
 30
0.0
 40
5.0
 41
87.41283724283858
 71
     3
 72
     5
  1
MN-22044-12 pos.1
 11
0.0000000000000001
 21
1.0
 31
0.0
 73
     1
 44
1.0
1001
ACAD
1000
MTEXTBEGIN
1070
    73
1070
     1
1070
    44
1040
1.0
1070
    74
1070
     0
1000
MTEXTEND
  0
LWPOLYLINE
  5
142
330
1F
100
AcDbEntity
  8
13497886
 62
    30
100
AcDbPolyline
 90
       11
 70
     1
 43
0.0
 10
1948.669943544301
 20
718.8416299334217
 42
0.4142135623908564
 10
1950.791263750853
 20
715.1673952401457
 10
2081.535989039192
 20
680.1344464591385
 42
0.4400788302825406
 10
2085.266988677658
 20
682.5119554826239
 10
2104.329706400582
 20
790.7668577889331
 42
0.3888128602642233
 10
2102.15162124884
 20
794.1849036652743
 10
2061.339673309586
 20
805.1204337882355
 10
2083.856933367103
 20
889.1559798357409
 42
0.4142135624966591
 10
2081.735613160552
 20
892.8302145290173
 10
2003.978584921195
 20
913.6651505592496
 42
0.4142135623009342
 10
2000.304350227918
 20
911.5438303526978
  0
MTEXT
  5
143
330
1F
100
AcDbEntity
  8
Texto
 62
    30
100
AcDbMText
 10
1968.982546549728
 20
726.9829504070129
 30
0.0
 40
10.0
 41
112.2882493805809
 71
     1
 72
     5
  1
13497886 pos.5
 11
0.9659258166379968
 21
-0.2588190811208071
 31
0.0
 73
     1
 44
1.0
1001
ACAD
1000
MTEXTBEGIN
1070
    73
1070
     1
1070
    44
1040
1.0
1070
    74
1070
     0
1000
MTEXTEND
  0
LWPOLYLINE
  5
144
330
1F
100
AcDbEntity
  8
13497886
 62
    30
100
AcDbPolyline
 90
       11
 70
     1
 43
0.0
 10
904.0592679365841
 20
484.3103270726523
 42
0.4142135622958305
 10
901.0180348478163
 20
481.3521348375561
 10
899.1446760773749
 20
346.0081980766743
 42
0.4400788306478603
 10
902.3651532739359
 20
342.9748115064092
 10
1011.987603643185
 20
351.0636590988573
 42
0.3888128607326013
 10
1014.766551770488
 20
354.0140048154513
 10
1015.351320451919
 20
396.2615959805772
 10
1102.342987647946
 20
395.0575036023204
 42
0.4142135624718333
 10
1105.384220736715
 20
398.0156958374162
 10
1106.498352190159
 20
478.5079855992604
 42
0.4142135624288084
 10
1103.540159955064
 20
481.5492186880292
  0
MTEXT
  5
145
330
1F
100
AcDbEntity
  8
Texto
 62
    30
100
AcDbMText
 10
916.9368249708272
 20
466.6170666400303
 30
0.0
 40
10.0
 41
112.2882493805809
 71
     1
 72
     5
  1
13497886 pos.5
 11
-0.0138401422788082
 21
-0.9999042206440085
 31
0.0
 73
     1
 44
1.0
1001
ACAD
1000
MTEXTBEGIN
1070
    73
1070
     1
1070
    44
1040
1.0
1070
    74
1070
     0
1000
MTEXTEND
  0
LWPOLYLINE
  5
146
330
1F
100
AcDbEntity
  8
13497886
 62
    30
100
AcDbPolyline
 90
       11
 70
     1
 43
0.0
 10
2381.99999957348
 20
398.4062031870543
 42
0.4142135625411174
 10
2378.999999582957
 20
401.4062031965314
 10
2243.643098425252
 20
401.4062036241299
 42
0.4400788305868121
 10
2240.6545742431
 20
398.1440523904057
 10
2250.259837055082
 20
288.6440523600622
 42
0.3888128609159967
 10
2253.248361218282
 20
285.9062035937875
 10
2295.499999218085
 20
285.9062034603126
 10
2295.499998943248
 20
198.9062034603117
 42
0.4142135624993144
 10
2298.499998933771
 20
195.9062034508344
 10
2378.999998933772
 20
195.9062031965314
 42
0.414213562521896
 10
2381.99999894325
 20
198.9062031870541
  0
MTEXT
  5
147
330
1F
100
AcDbEntity
  8
Texto
 62
    30
100
AcDbMText
 10
2364.486660970055
 20
385.2850023703766
 30
0.0
 40
10.0
 41
112.2882493805809
 71
     1
 72
     5
  1
13497886 pos.5
 11
-1.0
 21
0.0000000031589594
 31
0.0
 73
     1
 44
1.0
1001
ACAD
1000
MTEXTBEGIN
1070
    73
1070
     1
1070
    44
1040
1.0
1070
    74
1070
     0
1000
MTEXTEND
  0
LWPOLYLINE
  5
148
330
1F
100
AcDbEntity
  8
13497886
 62
    30
100
AcDbPolyline
 90
       11
 70
     1
 43
0.0
 10
2191.917652713077
 20
346.8428893627117
 42
0.4142135623759824
 10
2187.849400968775
 20
348.0467696495253
 10
2068.912825264401
 20
283.428028941169
 42
0.4400788304454878
 10
2067.844178414142
 20
279.1349063750572
 10
2128.558993440305
 20
187.5040037456976
 42
0.3888128606410638
 10
2132.492011748054
 20
186.5249942806928
 10
2169.618047425709
 20
206.695725267152
 10
2211.151433559281
 20
130.2498108159583
 42
0.4142135624911214
 10
2215.219685303587
 20
129.045930529145
 10
2285.954123387737
 20
167.4762475837731
 42
0.4142135625014524
 10
2287.158003674551
 20
171.5444993280754
  0
MTEXT
  5
149
330
1F
100
AcDbEntity
  8
Texto
 62
    30
100
AcDbMText
 10
2182.792879389914
 20
326.952654278439
 30
0.0
 40
10.0
 41
112.2882493805809
 71
     1
 72
     5
  1
13497886 pos.5
 11
-0.8786886718527375
 21
-0.4773952429147906
 31
0.0
 73
     1
 44
1.0
1001
ACAD
1000
MTEXTBEGIN
1070
    73
1070
     1
1070
    44
1040
1.0
1070
    74
1070
     0
1000
MTEXTEND
  0
LWPOLYLINE
  5
14A
330
1F
100
AcDbEntity
  8
13497886
 62
    30
100
AcDbPolyline
 90
       11
 70
     1
 43
0.0
 10
579.5815577589475
 20
70.70462092290035
 42
0.4142135624681223
 10
582.5815577588062
 20
73.70462092304179
 10
582.5815577524277
 20
209.0615220807447
 42
0.4400788304039206
 10
579.3194065091223
 20
212.0500462524384
 10
469.8194065095746
 20
202.4447830893806
 42
0.3888128604295466
 10
467.0815577528804
 20
199.4562589174051
 10
467.0815577548713
 20
157.2046209175988
 10
380.0815577548714
 20
157.2046209134991
 42
0.4142135625340026
 10
377.0815577550128
 20
154.2046209133578
 10
377.0815577588063
 20
73.70462091335778
 42
0.4142135624800652
 10
380.0815577589477
 20
70.70462091349897
  0
MTEXT
  5
14B
330
1F
100
AcDbEntity
  8
Texto
 62
    30
100
AcDbMText
 10
566.4603568861192
 20
88.2179594842559
 30
0.0
 40
10.0
 41
112.2882493805809
 71
     1
 72
     5
  1
13497886 pos.6
 11
-0.0000000000470663
 21
1.0
 31
0.0
 73
     1
 44
1.0
1001
ACAD
1000
MTEXTBEGIN
1070
    73
1070
     1
1070
    44
1040
1.0
1070
    74
1070
     0
1000
MTEXTEND
  0
LWPOLYLINE
  5
14C
330
1F
100
AcDbEntity
  8
MN-22044-12
 62
     3
100
AcDbPolyline
 90
       18
 70
     1
 43
0.0
 10
28.00000057347953
 20
1759.9999996866
 10
38.0000005734784
 20
1759.9999996866
 10
38.0000005734784
 20
1780.999999686601
 10
48.0000005734784
 20
1780.999999686601
 10
48.0000005734784
 20
1797.9999996866
 10
58.0000005734784
 20
1797.999999686597
 10
58.0000005734784
 20
1813.999999686597
 10
68.00000057347952
 20
1813.999999686597
 10
68.00000057347952
 20
1824.999999686597
 10
88.00000057347842
 20
1824.999999686597
 10
88.00000057347842
 20
1838.999999686601
 42
0.4142135622255386
 10
85.00000057347952
 20
1841.999999686601
 10
45.50452779956928
 20
1841.999999686601
 42
0.2216946626244705
 10
41.67430558406628
 20
1840.213937735031
 10
18.00000057347953
 20
1811.999999686601
 10
18.00000057347954
 20
1729.999999686602
 42
0.4142135622403074
 10
21.00000057347954
 20
1726.9999996866
 10
28.00000057347953
 20
1726.9999996866
  0
MTEXT
  5
14D
330
1F
100
AcDbEntity
  8
Texto
 62
     3
100
AcDbMText
 10
26.39713820316244
 20
1733.875542508334
 30
0.0
 40
5.0
 41
87.41283724283858
 71
     3
 72
     5
  1
MN-22044-12 pos.1
 11
-0.0000000000000002
 21
-1.0
 31
0.0
 73
     1
 44
1.0
1001
ACAD
1000
MTEXTBEGIN
1070
    73
1070
     1
1070
    44
1040
1.0
1070
    74
1070
     0
1000
MTEXTEND
  0
LWPOLYLINE
  5
14E
330
1F
100
AcDbEntity
  8
MN-22044-14
 62
    30
100
AcDbPolyline
 90
       18
 70
     1
 43
0.0
 10
2157.976109027151
 20
1321.345144101417
 10
2180.963834035461
 20
1302.056168794653
 10
2163.608577164041
 20
1281.372961622479
 10
2171.269024264848
 20
1274.945088707138
 10
2160.984427600303
 20
1262.688373345849
 10
2168.644874701108
 20
1256.26050043051
 10
2154.503554287359
 20
1239.407516808737
 10
2182.847208560338
 20
1215.624387021978
 42
0.4142135623537191
 10
2187.073704565182
 20
1215.994159277618
 10
2257.780306633925
 20
1300.259077386477
 42
0.4142135622523979
 10
2257.410534378284
 20
1304.48557339132
 10
2240.557550756513
 20
1318.626893805069
 10
2248.270998254921
 20
1327.819430326035
 42
0.4142135625639424
 10
2247.901225999282
 20
1332.045926330879
 10
2187.38369390292
 20
1382.826122362066
 42
0.4142135625190059
 10
2183.157197898077
 20
1382.456350106426
 10
2154.87455707058
 20
1348.750382862884
 10
2170.19545127219
 20
1335.894637032204
  0
MTEXT
  5
14F
330
1F
100
AcDbEntity
  8
Texto
 62
    30
100
AcDbMText
 10
2243.731016049617
 20
1302.788113724587
 30
0.0
 40
8.0
 41
145.5966443463767
 71
     1
 72
     5
  1
MN-22044-14 pos.1
 11
-0.6427872915338996
 21
-0.7660447100806282
 31
0.0
 73
     1
 44
1.0
1001
ACAD
1000
MTEXTBEGIN
1070
    73
1070
     1
1070
    44
1040
1.0
1070
    74
1070
     0
1000
MTEXTEND
  0
LWPOLYLINE
  5
150
330
1F
100
AcDbEntity
  8
13771241v02
 62
    30
100
AcDbPolyline
 90
       13
 70
     1
 43
0.0
 10
1986.370955456861
 20
1328.955387004767
 10
1996.786477993159
 20
1284.399210984141
 42
0.414213562490561
 10
2000.390599781377
 20
1282.160839670955
 10
2086.966444573144
 20
1302.398946776695
 42
0.2840790438330799
 10
2090.692041571968
 20
1306.108292706554
 10
2101.062015409757
 20
1349.610748299354
 42
0.5575365158689777
 10
2095.060167619214
 20
1355.638890871835
 10
2054.250518788441
 20
1346.099162487188
 10
2052.657143234236
 20
1352.915404438826
 42
0.414213562353463
 10
2049.053021446018
 20
1355.15377575201
 10
1994.759356923021
 20
1342.462002423985
 42
0.1989123669204452
 10
1992.893733203861
 20
1341.123523407665
 10
1986.743703050892
 20
1331.221029776667
 42
0.1989123673747513
  0
CIRCLE
  5
151
330
1F
100
AcDbEntity
  8
13771241v02
 62
    30
100
AcDbCircle
 10
2064.809890018914
 20
1322.8935666272
 30
0.0
 40
9.000000000000024
  0
MTEXT
  5
152
330
1F
100
AcDbEntity
  8
Texto
 62
    30
100
AcDbMText
 10
2003.280739204468
 20
1331.45024131222
 30
0.0
 40
10.0
 41
98.5409510660429
 71
     1
 72
     5
  1
13771241\Ppos.12
 11
0.9737488502338598
 21
0.2276250791723889
 31
0.0
 73
     1
 44
1.0
1001
ACAD
1000
MTEXTBEGIN
1070
    73
1070
     1
1070
    44
1040
1.0
1070
    74
1070
     0
1000
MTEXTEND
  0
LWPOLYLINE
  5
153
330
1F
100
AcDbEntity
  8
MN-22044-12
 62
     3
100
AcDbPolyline
 90
       18
 70
     1
 43
0.0
 10
28.00000057347958
 20
1304.020373631467
 10
38.00000057347957
 20
1304.020373631467
 10
38.00000057347956
 20
1325.020373631467
 10
48.00000057347957
 20
1325.020373631467
 10
48.00000057347954
 20
1342.020373631467
 10
58.00000057347954
 20
1342.020373631463
 10
58.00000057347954
 20
1358.020373631464
 10
68.00000057347954
 20
1358.020373631464
 10
68.00000057347955
 20
1369.020373631464
 10
88.00000057347954
 20
1369.020373631464
 10
88.00000057347954
 20
1383.020373631467
 42
0.4142135625989825
 10
85.00000057347952
 20
1386.020373631467
 10
45.50452779956953
 20
1386.020373631467
 42
0.221694662600011
 10
41.67430558394964
 20
1384.234311679897
 10
18.00000057347955
 20
1356.020373631467
 10
18.00000057347958
 20
1274.020373631467
 42
0.4142135625984033
 10
21.00000057347958
 20
1271.020373631467
 10
28.00000057347959
 20
1271.020373631467
  0
MTEXT
  5
154
330
1F
100
AcDbEntity
  8
Texto
 62
     3
100
AcDbMText
 10
26.39713820304675
 20
1277.895916453199
 30
0.0
 40
5.0
 41
87.41283724283858
 71
     3
 72
     5
  1
MN-22044-12 pos.1
 11
-0.0000000000000002
 21
-1.0
 31
0.0
 73
     1
 44
1.0
1001
ACAD
1000
MTEXTBEGIN
1070
    73
1070
     1
1070
    44
1040
1.0
1070
    74
1070
     0
1000
MTEXTEND
  0
LWPOLYLINE
  5
155
330
1F
100
AcDbEntity
  8
MN-22044-14
 62
    30
100
AcDbPolyline
 90
       18
 70
     1
 43
0.0
 10
2315.562326275072
 20
1179.008144315801
 10
2315.562326536054
 20
1209.016477649103
 10
2342.562326536055
 20
1209.016477414285
 10
2342.562326623025
 20
1219.016477414285
 10
2358.562326623023
 20
1219.016477275133
 10
2358.562326709994
 20
1229.016477275134
 10
2380.562326709995
 20
1229.016477083801
 10
2380.562327031784
 20
1266.0164770838
 42
0.4142135622650982
 10
2377.562327057873
 20
1269.016477109891
 10
2267.562327057874
 20
1269.016478066558
 42
0.4142135622565295
 10
2264.562327031782
 20
1266.016478092649
 10
2264.562326840449
 20
1244.016478092649
 10
2252.562326840449
 20
1244.016478197013
 42
0.4142135624143404
 10
2249.562326814358
 20
1241.016478223103
 10
2249.562326127297
 20
1162.016478223103
 42
0.4142135625089736
 10
2252.562326101207
 20
1159.016478197013
 10
2296.562326101206
 20
1159.016477814345
 10
2296.562326275146
 20
1179.016477814346
  0
MTEXT
  5
156
330
1F
100
AcDbEntity
  8
Texto
 62
    30
100
AcDbMText
 10
2274.655677484386
 20
1256.62846085441
 30
0.0
 40
8.0
 41
145.5966443463767
 71
     1
 72
     5
  1
MN-22044-14 pos.1
 11
1.0
 21
-0.0000000086970433
 31
0.0
 73
     1
 44
1.0
1001
ACAD
1000
MTEXTBEGIN
1070
    73
1070
     1
1070
    44
1040
1.0
1070
    74
1070
     0
1000
MTEXTEND
  0
LWPOLYLINE
  5
157
330
1F
100
AcDbEntity
  8
MN-22044-14
 62
    30
100
AcDbPolyline
 90
       18
 70
     1
 43
0.0
 10
1191.454167946222
 20
397.9454317934322
 10
1192.528002052537
 20
427.9345456475407
 10
1219.510709324799
 20
426.968363335832
 10
1219.868554625431
 20
436.9619586218545
 10
1235.858307083067
 20
436.3894061408425
 10
1236.2161523837
 20
446.3830014268648
 10
1258.20206201295
 20
445.5957417654728
 10
1259.526089625291
 20
482.5720443237567
 42
0.4142135624850934
 10
1256.635364629676
 20
485.6774764997535
 10
1146.705816483425
 20
489.613774806714
 42
0.4142135623544976
 10
1143.600384307427
 20
486.7230498110969
 10
1142.813124646036
 20
464.7371401818485
 10
1130.82081030281
 20
465.1665545426078
 42
0.414213562434136
 10
1127.715378126813
 20
462.2758295469895
 10
1124.888400251814
 20
383.3264267874099
 42
0.4142135625471564
 10
1127.779125247431
 20
380.2209946114136
 10
1171.750944505931
 20
378.6464752886294
 10
1172.466635107196
 20
398.6336658606745
  0
MTEXT
  5
158
330
1F
100
AcDbEntity
  8
Texto
 62
    30
100
AcDbMText
 10
1153.351324557399
 20
476.979859611474
 30
0.0
 40
8.0
 41
145.5966443463767
 71
     1
 72
     5
  1
MN-22044-14 pos.1
 11
0.9993595286022697
 21
-0.0357845300632735
 31
0.0
 73
     1
 44
1.0
1001
ACAD
1000
MTEXTBEGIN
1070
    73
1070
     1
1070
    44
1040
1.0
1070
    74
1070
     0
1000
MTEXTEND
  0
LWPOLYLINE
  5
159
330
1F
100
AcDbEntity
  8
MN-22044-14
 62
    30
100
AcDbPolyline
 90
       18
 70
     1
 43
0.0
 10
1832.05050472884
 20
414.5376790398934
 10
1861.070110600278
 20
422.1772172791439
 10
1867.943785661426
 20
396.066824881599
 10
1877.614301364221
 20
398.612630459802
 10
1881.687590289345
 20
383.1398053353315
 10
1891.358105992139
 20
385.6856109135355
 10
1896.958878264186
 20
364.4104763673874
 10
1932.739786364525
 20
373.8299570067391
 42
0.4142135624621707
 10
1934.877199401902
 20
377.494853391038
 10
1906.873338041668
 20
483.8705261217742
 42
0.4142135622512528
 10
1903.208441657369
 20
486.0079391591528
 10
1881.933307111222
 20
480.4071668871052
 10
1878.878340417378
 20
492.0117857304592
 42
0.4142135622265073
 10
1875.213444033078
 20
494.1491987678356
 10
1798.816369981004
 20
474.0373347000311
 42
0.4142135622448468
 10
1796.678956943627
 20
470.3724383157314
 10
1807.880501487721
 20
427.8221692234373
 10
1827.221532893309
 20
432.9137803798434
  0
MTEXT
  5
15A
330
1F
100
AcDbEntity
  8
Texto
 62
    30
100
AcDbMText
 10
1896.699315739495
 20
473.8571420326353
 30
0.0
 40
8.0
 41
145.5966443463767
 71
     1
 72
     5
  1
MN-22044-14 pos.1
 11
0.2545805578204287
 21
-0.9670515702793927
 31
0.0
 73
     1
 44
1.0
1001
ACAD
1000
MTEXTBEGIN
1070
    73
1070
     1
1070
    44
1040
1.0
1070
    74
1070
     0
1000
MTEXTEND
  0
LWPOLYLINE
  5
15B
330
1F
100
AcDbEntity
  8
MN-22044-12
 62
     3
100
AcDbPolyline
 90
       18
 70
     1
 43
0.0
 10
28.00000057347964
 20
852.4335910526115
 10
38.0000005734801
 20
852.4335910526115
 10
38.00000057348008
 20
873.4335910526114
 10
48.00000057348007
 20
873.4335910526114
 10
48.00000057348007
 20
890.4335910526114
 10
58.00000057347997
 20
890.4335910526114
 10
58.00000057347997
 20
906.4335910526105
 10
68.00000057348039
 20
906.4335910526105
 10
68.00000057348042
 20
917.4335910526115
 10
88.00000057348006
 20
917.4335910526115
 10
88.00000057348006
 20
931.4335910526114
 42
0.4142135627421837
 10
85.0000005734804
 20
934.4335910526115
 10
45.50452779957095
 20
934.4335910526115
 42
0.2216946627321829
 10
41.67430558395074
 20
932.6475291010444
 10
18.00000057348042
 20
904.4335910526115
 10
18.00000057348044
 20
822.4335910526114
 42
0.4142135622038401
 10
21.0000005734801
 20
819.4335910526104
 10
28.00000057347965
 20
819.4335910526104
  0
MTEXT
  5
15C
330
1F
100
AcDbEntity
  8
Texto
 62
     3
100
AcDbMText
 10
26.39713820304761
 20
826.3091338743455
 30
0.0
 40
5.0
 41
87.41283724283858
 71
     3
 72
     5
  1
MN-22044-12 pos.1
 11
-0.0000000000000002
 21
-1.0
 31
0.0
 73
     1
 44
1.0
1001
ACAD
1000
MTEXTBEGIN
1070
    73
1070
     1
1070
    44
1040
1.0
1070
    74
1070
     0
1000
MTEXTEND
  0
LWPOLYLINE
  5
15D
330
1F
100
AcDbEntity
  8
13771241v02
 62
    30
100
AcDbPolyline
 90
       13
 70
     1
 43
0.0
 10
2049.072920112429
 20
644.0813116430186
 10
2016.674034544206
 20
676.3930455060114
 42
0.4142135625591346
 10
2012.431397704833
 20
676.3873315592363
 10
1949.647381981105
 20
613.4339738232608
 42
0.2840790437672673
 10
1948.446391576785
 20
608.3156789632744
 10
1962.645653842452
 20
565.9083570587881
 42
0.5575365157485522
 10
1970.927228890353
 20
563.9651137644423
 10
2000.522015288725
 20
593.6397236755823
 10
2005.478424539233
 20
588.6966469675504
 42
0.4142135622464604
 10
2009.721061378606
 20
588.7023609143256
 10
2049.094333395872
 20
628.181831126074
 42
0.1989123674087481
 10
2049.970155282041
 20
630.304332942873
 10
2049.954455945377
 20
641.9611766204458
 42
0.1989123674423348
  0
CIRCLE
  5
15E
330
1F
100
AcDbEntity
  8
13771241v02
 62
    30
100
AcDbCircle
 10
1979.289784602604
 20
607.7532767396184
 30
0.0
 40
9.000000000000024
  0
MTEXT
  5
15F
330
1F
100
AcDbEntity
  8
Texto
 62
    30
100
AcDbMText
 10
2036.039204303902
 20
633.022951157453
 30
0.0
 40
10.0
 41
98.5409510660429
 71
     1
 72
     5
  1
13771241\Ppos.12
 11
-0.706153815433369
 21
-0.7080584643579197
 31
0.0
 73
     1
 44
1.0
1001
ACAD
1000
MTEXTBEGIN
1070
    73
1070
     1
1070
    44
1040
1.0
1070
    74
1070
     0
1000
MTEXTEND
  0
LWPOLYLINE
  5
160
330
1F
100
AcDbEntity
  8
13771241v02
 62
    30
100
AcDbPolyline
 90
       13
 70
     1
 43
0.0
 10
98.0002984457432
 20
478.6126029807976
 10
98.00021573829493
 20
432.855243668024
 42
0.4142135622034872
 10
101.0002103157231
 20
429.8552382454627
 10
239.910040371747
 20
429.8549871628445
 42
0.2840790438100949
 10
244.3821813226108
 20
432.6189111018532
 10
264.3822536234706
 20
472.618874951342
 42
0.5575365157909792
 10
259.9101307478302
 20
479.8549510123165
 10
168.0003006917294
 20
479.855117141385
 10
168.0003133443854
 20
486.8551171413736
 42
0.4142135623373079
 10
165.0003187669575
 20
489.8551225639364
 10
109.2429594541684
 20
489.8552233466069
 42
0.198912367245586
 10
107.1216375223798
 20
488.9765475244017
 10
98.87898193651732
 20
480.7339217361361
 42
0.1989123671571298
  0
CIRCLE
  5
161
330
1F
100
AcDbEntity
  8
13771241v02
 62
    30
100
AcDbCircle
 10
223.0002555035817
 20
454.8550177276989
 30
0.0
 40
9.0
  0
MTEXT
  5
162
330
1F
100
AcDbEntity
  8
Texto
 62
    30
100
AcDbMText
 10
144.336267230814
 20
469.0597045987888
 30
0.0
 40
10.0
 41
98.5409510660429
 71
     1
 72
     5
  1
13771241\Ppos.6
 11
0.9999999999983664
 21
-0.0000018075223241
 31
0.0
 73
     1
 44
1.0
1001
ACAD
1000
MTEXTBEGIN
1070
    73
1070
     1
1070
    44
1040
1.0
1070
    74
1070
     0
1000
MTEXTEND
  0
LWPOLYLINE
  5
163
330
1F
100
AcDbEntity
  8
MN-22044-14
 62
    30
100
AcDbPolyline
 90
       18
 70
     1
 43
0.0
 10
108.0084765734797
 20
409.8552173708927
 10
78.00014324030385
 20
409.8553043444866
 10
78.00022149480096
 20
436.8553043443738
 10
68.00022149484279
 20
436.8553333275208
 10
68.00026786787785
 20
452.8553333274539
 10
58.00026786791968
 20
452.8553623106008
 10
58.00033163084381
 20
474.8553623105078
 10
21.00033163099887
 20
474.8554695481518
 42
0.4142135626113659
 10
18.00032293606752
 20
471.8554782431087
 10
18.00000412145089
 20
361.8554782435708
 42
0.4142135624074795
 10
20.99999542649385
 20
358.8554695486388
 10
42.99999542639983
 20
358.8554057857158
 10
42.99996064662383
 20
346.8554057857658
 42
0.4142135622015418
 10
45.99995195166791
 20
343.8553970908349
 10
124.9999519513369
 20
343.8551681239728
 42
0.4142135623119376
 10
127.9999606462688
 20
346.8551594290167
 10
128.0000881721149
 20
390.8551594288319
 10
108.0000881721989
 20
390.8552173951258
  0
MTEXT
  5
164
330
1F
100
AcDbEntity
  8
Texto
 62
    30
100
AcDbMText
 10
30.38804183061785
 20
368.9487928734188
 30
0.0
 40
8.0
 41
145.5966443463767
 71
     1
 72
     5
  1
MN-22044-14 pos.1
 11
0.0000028983147332
 21
0.9999999999957999
 31
0.0
 73
     1
 44
1.0
1001
ACAD
1000
MTEXTBEGIN
1070
    73
1070
     1
1070
    44
1040
1.0
1070
    74
1070
     0
1000
MTEXTEND
  0
LWPOLYLINE
  5
165
330
1F
100
AcDbEntity
  8
MN-22044-14
 62
    30
100
AcDbPolyline
 90
       18
 70
     1
 43
0.0
 10
1054.089465141106
 20
248.3839096727625
 10
1046.322747886874
 20
277.3697367704217
 10
1072.402747830367
 20
284.3578411591298
 10
1069.814561019734
 20
294.0171003974599
 10
1085.269375801062
 20
298.1581992944727
 10
1082.681188990429
 20
307.8174585328036
 10
1103.931559314757
 20
313.5114695161955
 10
1094.355268115417
 20
349.250728698016
 42
0.4142135624333287
 10
1090.681034300728
 20
351.3720504263253
 10
984.429182679095
 20
322.9019955093673
 42
0.4142135622838847
 10
982.3078609507856
 20
319.227761694678
 10
988.0018719341775
 20
297.9773913703521
 10
976.4107608481818
 20
294.8715671975932
 42
0.4142135624633812
 10
974.2894391198724
 20
291.1973333829049
 10
994.7361149238696
 20
214.8891854000952
 42
0.4142135625261498
 10
998.4103487385588
 20
212.7678636717861
 10
1040.91108938721
 20
224.1558856385695
 10
1035.734715765945
 20
243.4744041152293
  0
MTEXT
  5
166
330
1F
100
AcDbEntity
  8
Texto
 62
    30
100
AcDbMText
 10
994.4870841068333
 20
312.7719802284468
 30
0.0
 40
8.0
 41
145.5966443463767
 71
     1
 72
     5
  1
MN-22044-14 pos.1
 11
0.9659259238330633
 21
0.2588186810631011
 31
0.0
 73
     1
 44
1.0
1001
ACAD
1000
MTEXTBEGIN
1070
    73
1070
     1
1070
    44
1040
1.0
1070
    74
1070
     0
1000
MTEXTEND
  0
LWPOLYLINE
  5
167
330
1F
100
AcDbEntity
  8
MN-22044-12
 62
     3
100
AcDbPolyline
 90
       18
 70
     1
 43
0.0
 10
28.00000057347966
 20
241.855281198027
 10
38.00000057348056
 20
241.855281198027
 10
38.00000057348056
 20
262.8552811980279
 10
48.00000057348055
 20
262.8552811980279
 10
48.00000057348055
 20
279.8552811980271
 10
58.00000057348054
 20
279.8552811980235
 10
58.00000057348053
 20
295.8552811980235
 10
68.00000057348055
 20
295.8552811980235
 10
68.00000057348056
 20
306.8552811980236
 10
88.00000057348055
 20
306.8552811980236
 10
88.00000057348055
 20
320.8552811980279
 42
0.4142135625382759
 10
85.00000057348055
 20
323.8552811980278
 10
45.50452779957095
 20
323.8552811980278
 42
0.2216946625307536
 10
41.67430558395065
 20
322.0692192464576
 10
18.00000057348056
 20
293.8552811980271
 10
18.00000057348057
 20
211.8552811980277
 42
0.4142135622078872
 10
21.00000057348059
 20
208.855281198027
 10
28.00000057347967
 20
208.855281198027
  0
MTEXT
  5
168
330
1F
100
AcDbEntity
  8
Texto
 62
     3
100
AcDbMText
 10
26.39713820304776
 20
215.7308240197604
 30
0.0
 40
5.0
 41
87.41283724283858
 71
     3
 72
     5
  1
MN-22044-12 pos.1
 11
-0.0000000000000002
 21
-1.0
 31
0.0
 73
     1
 44
1.0
1001
ACAD
1000
MTEXTBEGIN
1070
    73
1070
     1
1070
    44
1040
1.0
1070
    74
1070
     0
1000
MTEXTEND
  0
LWPOLYLINE
  5
169
330
1F
100
AcDbEntity
  8
MN-22044-14
 62
    30
100
AcDbPolyline
 90
       18
 70
     1
 43
0.0
 10
2316.00000057348
 20
155.9145381870543
 10
2316.000000291496
 20
125.9062048537521
 10
2289.000000291496
 20
125.9062051074673
 10
2289.000000197527
 20
115.9062051074674
 10
2273.000000197527
 20
115.9062052578176
 10
2273.000000103559
 20
105.9062052578177
 10
2251.000000103559
 20
105.906205464548
 10
2250.999999755875
 20
68.90620546454758
 42
0.4142135625845326
 10
2253.999999727685
 20
65.90620543635735
 10
2363.999999727685
 20
65.9062044027041
 42
0.4142135623913605
 10
2366.999999755875
 20
68.9062043745127
 10
2366.999999962606
 20
90.9062043745131
 10
2378.999999962606
 20
90.90620426174982
 42
0.4142135622874538
 10
2381.999999990798
 20
93.90620423356043
 10
2382.000000733148
 20
172.9062042335608
 42
0.4142135621710282
 10
2379.000000761338
 20
175.9062042617508
 10
2335.000000761338
 20
175.9062046752121
 10
2335.000000573401
 20
155.9062046752123
  0
MTEXT
  5
16A
330
1F
100
AcDbEntity
  8
Texto
 62
    30
100
AcDbMText
 10
2356.906649309843
 20
78.29422161981549
 30
0.0
 40
8.0
 41
145.5966443463767
 71
     1
 72
     5
  1
MN-22044-14 pos.1
 11
-1.0
 21
0.0000000093967289
 31
0.0
 73
     1
 44
1.0
1001
ACAD
1000
MTEXTBEGIN
1070
    73
1070
     1
1070
    44
1040
1.0
1070
    74
1070
     0
1000
MTEXTEND
  0
LWPOLYLINE
  5
16B
330
1F
100
AcDbEntity
  8
13771241v02
 62
    30
100
AcDbPolyline
 90
       13
 70
     1
 43
0.0
 10
784.6586435455873
 20
493.5845058935122
 10
759.0195519520988
 20
455.684995163877
 42
0.4142135625078958
 10
759.8233845587174
 20
451.5191995447272
 10
833.4648513913695
 20
401.7006061947911
 42
0.2840790437856244
 10
838.7176997747451
 20
401.4840326823559
 10
877.6962139441897
 20
423.4083441457144
 42
0.5575365157647001
 10
878.046637248368
 20
431.9076313677643
 10
843.333924850912
 20
455.3908477861989
 10
847.2562150321987
 20
461.1887473829311
 42
0.4142135621449289
 10
846.4523824255806
 20
465.3545430020815
 10
800.2701579863
 20
496.5969062831428
 42
0.1989123672532893
 10
798.0207809929663
 20
497.0577545016099
 10
786.5750621714012
 20
494.8491867185999
 42
0.1989123675223341
  0
CIRCLE
  5
16C
330
1F
100
AcDbEntity
  8
13771241v02
 62
    30
100
AcDbCircle
 10
833.4671024868361
 20
431.8824276683815
 30
0.0
 40
9.000000000000024
  0
MTEXT
  5
16D
330
1F
100
AcDbEntity
  8
Texto
 62
    30
100
AcDbMText
 10
797.9717178714779
 20
482.864098419936
 30
0.0
 40
10.0
 41
98.5409510660429
 71
     1
 72
     5
  1
13771241\Ppos.12
 11
0.8282713709615668
 21
-0.5603271687554036
 31
0.0
 73
     1
 44
1.0
1001
ACAD
1000
MTEXTBEGIN
1070
    73
1070
     1
1070
    44
1040
1.0
1070
    74
1070
     0
1000
MTEXTEND
  0
LWPOLYLINE
  5
16E
330
1F
100
AcDbEntity
  8
MN-22044-14
 62
    30
100
AcDbPolyline
 90
       18
 70
     1
 43
0.0
 10
1994.84519577806
 20
190.9833480374273
 10
2022.078364920279
 20
178.3795959008249
 10
2010.738138060385
 20
153.8765500745163
 10
2019.813340218276
 20
149.6764660523342
 10
2013.093205782785
 20
135.1561425997064
 10
2022.168407940676
 20
130.9560585775242
 10
2012.928223091876
 20
110.9906138301622
 10
2046.506471076076
 20
95.45030294808649
 42
0.4142135624861889
 10
2050.489056930097
 20
96.912838388799
 10
2096.689981174106
 20
196.7400621256088
 42
0.4142135623643602
 10
2095.227445733394
 20
200.7226479796331
 10
2075.262000986032
 20
209.9628328284339
 10
2080.302101812651
 20
220.8530754179036
 42
0.4142135624381533
 10
2078.839566371937
 20
224.8356612719262
 10
2007.145469324592
 20
258.0163250471691
 42
0.4142135625381611
 10
2003.162883470569
 20
256.5537896064563
 10
1984.682513772965
 20
216.6229001117319
 10
2002.832918088749
 20
208.2227320673665
  0
MTEXT
  5
16F
330
1F
100
AcDbEntity
  8
Texto
 62
    30
100
AcDbMText
 10
2082.468338352258
 20
195.5057744081145
 30
0.0
 40
8.0
 41
145.5966443463767
 71
     1
 72
     5
  1
MN-22044-14 pos.1
 11
-0.4200084022181679
 21
-0.9075202157892359
 31
0.0
 73
     1
 44
1.0
1001
ACAD
1000
MTEXTBEGIN
1070
    73
1070
     1
1070
    44
1040
1.0
1070
    74
1070
     0
1000
MTEXTEND
  0
LWPOLYLINE
  5
170
330
1F
100
AcDbEntity
  8
MN-22044-14
 62
    30
100
AcDbPolyline
 90
       18
 70
     1
 43
0.0
 10
693.0319507589476
 20
111.3838929349421
 10
663.0243612380496
 20
111.1726097414311
 10
662.8342591700196
 20
138.171940496171
 10
652.8345070386356
 20
138.1015323228261
 10
652.7218539612845
 20
154.10113573304
 10
642.7221018299006
 20
154.0307275596959
 10
642.5672038485428
 20
176.0301822487421
 10
605.5681209624205
 20
175.7696720073681
 42
0.4142135624271864
 10
602.5893177750084
 20
172.748623915951
 10
603.3638076817956
 20
62.75135047072211
 42
0.4142135621731552
 10
606.3848557732135
 20
59.77254728330917
 10
628.3843104622595
 20
59.92744526466704
 10
628.4688002702726
 20
47.9277427070062
 42
0.4142135624755538
 10
631.4898483616915
 20
44.94893951959415
 10
710.4878901996277
 20
45.50516408901396
 42
0.4142135624856364
 10
713.4666933870392
 20
48.52621218043212
 10
713.1568974243255
 20
92.5251215585242
 10
693.1573931615566
 20
92.3843052118352
  0
MTEXT
  5
171
330
1F
100
AcDbEntity
  8
Texto
 62
    30
100
AcDbMText
 10
615.7015747867855
 20
69.93174694896715
 30
0.0
 40
8.0
 41
145.5966443463767
 71
     1
 72
     5
  1
MN-22044-14 pos.1
 11
-0.0070408173344277
 21
0.9999752131384374
 31
0.0
 73
     1
 44
1.0
1001
ACAD
1000
MTEXTBEGIN
1070
    73
1070
     1
1070
    44
1040
1.0
1070
    74
1070
     0
1000
MTEXTEND
  0
LWPOLYLINE
  5
172
330
1F
100
AcDbEntity
  8
MN-22044-14
 62
    30
100
AcDbPolyline
 90
       18
 70
     1
 43
0.0
 10
2211.00833857348
 20
101.1578934161951
 10
2181.000005240177
 20
101.1578970062528
 10
2181.000008470331
 20
128.1578970062531
 10
2171.000008470333
 20
128.1578982026067
 10
2171.000010384497
 20
144.1578982026057
 10
2161.000010384499
 20
144.1578993989594
 10
2161.000013016476
 20
166.1578993989598
 10
2124.000013016476
 20
166.1579038254668
 42
0.4142135623340309
 10
2121.00001265757
 20
163.1579041843732
 10
2120.999999497683
 20
53.15790418437409
 42
0.414213562295102
 10
2123.999999138777
 20
50.15790382546796
 10
2145.999999138777
 20
50.15790119349068
 10
2145.999997703153
 20
38.1579011934908
 42
0.4142135624596285
 10
2148.999997344246
 20
35.1579008345844
 10
2227.999997344245
 20
35.1578913833931
 42
0.4142135622651863
 10
2230.99999770315
 20
38.15789102448731
 10
2231.000002967105
 20
82.15789102448608
 10
2211.000002967106
 20
82.1578934171926
  0
MTEXT
  5
173
330
1F
100
AcDbEntity
  8
Texto
 62
    30
100
AcDbMText
 10
2133.388017496754
 20
60.2512532365803
 30
0.0
 40
8.0
 41
145.5966443463767
 71
     1
 72
     5
  1
MN-22044-14 pos.1
 11
0.0000001196353879
 21
0.999999999999993
 31
0.0
 73
     1
 44
1.0
1001
ACAD
1000
MTEXTBEGIN
1070
    73
1070
     1
1070
    44
1040
1.0
1070
    74
1070
     0
1000
MTEXTEND
  0
LWPOLYLINE
  5
174
330
1F
100
AcDbEntity
  8
13771241v02
 62
    30
100
AcDbPolyline
 90
       13
 70
     1
 43
0.0
 10
2333.242641573479
 20
1053.782514147743
 10
2379.000000886444
 20
1053.782513605642
 42
0.4142135624655305
 10
2382.000000921987
 20
1056.782513570101
 10
2382.000001975326
 20
1145.692343626352
 42
0.2840790438402207
 10
2379.236070005811
 20
1150.164479614097
 10
2339.236070242756
 20
1170.164480087988
 42
0.557536515878793
 10
2332.000002212273
 20
1165.692344218717
 10
2332.000001715755
 20
1123.782514162466
 10
2325.000001715754
 20
1123.782514245398
 42
0.4142135623991564
 10
2322.000001680212
 20
1120.78251428094
 10
2322.000001019639
 20
1065.025154968059
 42
0.1989123671149222
 10
2322.87868065093
 20
1062.903834614087
 10
2331.121321240313
 20
1054.661193829319
 42
0.1989123675165709
  0
CIRCLE
  5
175
330
1F
100
AcDbEntity
  8
13771241v02
 62
    30
100
AcDbCircle
 10
2357.000001774991
 20
1128.782513866284
 30
0.0
 40
9.000000000000024
  0
MTEXT
  5
176
330
1F
100
AcDbEntity
  8
Texto
 62
    30
100
AcDbMText
 10
2334.662371126233
 20
1070.816288022116
 30
0.0
 40
10.0
 41
98.5409510660429
 71
     1
 72
     5
  1
13771241\Ppos.12
 11
0.000000011847078
 21
1.0
 31
0.0
 73
     1
 44
1.0
1001
ACAD
1000
MTEXTBEGIN
1070
    73
1070
     1
1070
    44
1040
1.0
1070
    74
1070
     0
1000
MTEXTEND
  0
LWPOLYLINE
  5
177
330
1F
100
AcDbEntity
  8
MN-22044-12
 62
     3
100
AcDbPolyline
 90
       18
 70
     1
 43
0.0
 10
2372.00000057348
 20
550.5394409177881
 10
2362.00000057348
 20
550.5394409177881
 10
2362.00000057348
 20
529.539440917787
 10
2352.00000057348
 20
529.539440917787
 10
2352.00000057348
 20
512.5394409177881
 10
2342.00000057348
 20
512.5394409177917
 10
2342.00000057348
 20
496.5394409177918
 10
2332.00000057348
 20
496.5394409177918
 10
2332.00000057348
 20
485.5394409177919
 10
2312.00000057348
 20
485.5394409177917
 10
2312.00000057348
 20
471.5394409177871
 42
0.4142135624439369
 10
2315.00000057348
 20
468.5394409177872
 10
2354.49547334739
 20
468.5394409177872
 42
0.2216946625482637
 10
2358.325695563009
 20
470.3255028693576
 10
2382.00000057348
 20
498.5394409177882
 10
2382.00000057348
 20
580.5394409177872
 42
0.4142135621913207
 10
2379.00000057348
 20
583.539440917788
 10
2372.00000057348
 20
583.539440917788
  0
MTEXT
  5
178
330
1F
100
AcDbEntity
  8
Texto
 62
     3
100
AcDbMText
 10
2373.602862943913
 20
576.6638980960543
 30
0.0
 40
5.0
 41
87.41283724283858
 71
     3
 72
     5
  1
MN-22044-12 pos.1
 11
0.0000000000000001
 21
1.0
 31
0.0
 73
     1
 44
1.0
1001
ACAD
1000
MTEXTBEGIN
1070
    73
1070
     1
1070
    44
1040
1.0
1070
    74
1070
     0
1000
MTEXTEND
  0
LWPOLYLINE
  5
179
330
1F
100
AcDbEntity
  8
MN-22044-12
 62
     3
100
AcDbPolyline
 90
       18
 70
     1
 43
0.0
 10
2090.99999957348
 20
103.7711354979095
 10
2080.999999573479
 20
103.7711354979095
 10
2080.999999573479
 20
82.77113549790946
 10
2070.999999573479
 20
82.77113549790946
 10
2070.999999573479
 20
65.7711354979081
 10
2060.999999573479
 20
65.77113549791263
 10
2060.999999573479
 20
49.7711354979113
 10
2050.999999573479
 20
49.7711354979113
 10
2050.999999573479
 20
38.77113549791129
 10
2030.999999573479
 20
38.77113549791129
 10
2030.999999573479
 20
24.77113549790812
 42
0.4142135626845954
 10
2033.999999573479
 20
21.77113549790948
 10
2073.495472347389
 20
21.77113549790949
 42
0.2216946625967058
 10
2077.325694563009
 20
23.55719744947856
 10
2100.999999573479
 20
51.77113549790949
 10
2100.999999573479
 20
133.7711354979081
 42
0.4142135625749398
 10
2097.999999573479
 20
136.7711354979081
 10
2090.99999957348
 20
136.7711354979081
  0
MTEXT
  5
17A
330
1F
100
AcDbEntity
  8
Texto
 62
     3
100
AcDbMText
 10
2092.602861943912
 20
129.8955926761762
 30
0.0
 40
5.0
 41
87.41283724283858
 71
     3
 72
     5
  1
MN-22044-12 pos.1
 11
0.0000000000000001
 21
1.0
 31
0.0
 73
     1
 44
1.0
1001
ACAD
1000
MTEXTBEGIN
1070
    73
1070
     1
1070
    44
1040
1.0
1070
    74
1070
     0
1000
MTEXTEND
  0
LWPOLYLINE
  5
17B
330
1F
100
AcDbEntity
  8
MN-22044-12
 62
     3
100
AcDbPolyline
 90
       18
 70
     1
 43
0.0
 10
1974.987787081411
 20
979.8067329862433
 10
1974.987787081411
 20
989.8067329862433
 10
1953.98778708141
 20
989.8067329862433
 10
1953.98778708141
 20
999.8067329862433
 10
1936.987787081411
 20
999.8067329862433
 10
1936.987787081411
 20
1009.806732986243
 10
1920.987787081412
 20
1009.806732986243
 10
1920.987787081412
 20
1019.806732986243
 10
1909.98778708141
 20
1019.806732986243
 10
1909.98778708141
 20
1039.806732986243
 10
1895.987787081411
 20
1039.806732986243
 42
0.4142135623996003
 10
1892.98778708141
 20
1036.806732986243
 10
1892.98778708141
 20
997.3112602123332
 42
0.2216946624951869
 10
1894.773849032978
 20
993.4810379967132
 10
1922.98778708141
 20
969.8067329862428
 10
2004.987787081412
 20
969.8067329862428
 42
0.4142135625156997
 10
2007.987787081411
 20
972.8067329862428
 10
2007.987787081411
 20
979.8067329862433
  0
MTEXT
  5
17C
330
1F
100
AcDbEntity
  8
Texto
 62
     3
100
AcDbMText
 10
2001.112244259677
 20
978.2038706158104
 30
0.0
 40
5.0
 41
87.41283724283858
 71
     3
 72
     5
  1
MN-22044-12 pos.1
 73
     1
 44
1.0
1001
ACAD
1000
MTEXTBEGIN
1070
    73
1070
     1
1070
    44
1040
1.0
1070
    74
1070
     0
1000
MTEXTEND
  0
LWPOLYLINE
  5
17D
330
1F
100
AcDbEntity
  8
MN-22044-14
 62
    30
100
AcDbPolyline
 90
       18
 70
     1
 43
0.0
 10
1478.769855418832
 20
110.8366939602258
 10
1498.703581330992
 20
133.2676244068548
 10
1518.885812557637
 20
115.3322531334687
 10
1525.528542658892
 20
122.8071535877822
 10
1537.488383385793
 20
112.1787854257765
 10
1544.131113487047
 20
119.6536858800902
 10
1560.575894486537
 20
105.0396796573314
 10
1585.153995861176
 20
132.6968113382914
 42
0.4142135624695056
 10
1584.904344755258
 20
136.9321005049606
 10
1502.68043975781
 20
210.0021316187536
 42
0.4142135622194254
 10
1498.44515059114
 20
209.7524805128362
 10
1483.831144368381
 20
193.3076995133464
 10
1474.861263823206
 20
201.2789756348507
 42
0.4142135624585868
 10
1470.625974656535
 20
201.0293245289326
 10
1418.14840685663
 20
141.9776109398562
 42
0.4142135624038279
 10
1418.398057962548
 20
137.742321773186
 10
1451.287619961527
 20
108.5143093276691
 10
1464.573080164034
 20
123.4641102362953
  0
MTEXT
  5
17E
330
1F
100
AcDbEntity
  8
Texto
 62
    30
100
AcDbMText
 10
1499.753623228899
 20
196.0302908048934
 30
0.0
 40
8.0
 41
145.5966443463767
 71
     1
 72
     5
  1
MN-22044-14 pos.1
 11
0.7474900454313175
 21
-0.6642730101254206
 31
0.0
 73
     1
 44
1.0
1001
ACAD
1000
MTEXTBEGIN
1070
    73
1070
     1
1070
    44
1040
1.0
1070
    74
1070
     0
1000
MTEXTEND
  0
LWPOLYLINE
  5
17F
330
1F
100
AcDbEntity
  8
MN-22044-12
 62
     3
100
AcDbPolyline
 90
       18
 70
     1
 43
0.0
 10
393.9487291278535
 20
31.77113549790937
 10
393.9487291278535
 20
41.77113549790937
 10
372.9487291278533
 20
41.77113549790937
 10
372.9487291278533
 20
51.77113549790935
 10
355.9487291278533
 20
51.77113549790936
 10
355.9487291278533
 20
61.77113549790926
 10
339.9487291278542
 20
61.77113549790925
 10
339.9487291278542
 20
71.77113549791037
 10
328.9487291278533
 20
71.77113549791037
 10
328.9487291278533
 20
91.77113549790913
 10
314.9487291278532
 20
91.77113549790913
 42
0.4142135624479076
 10
311.9487291278533
 20
88.77113549791049
 10
311.9487291278533
 20
49.27566272400025
 42
0.2216946627811573
 10
313.7347910794202
 20
45.44544050838038
 10
341.9487291278533
 20
21.77113549791028
 10
423.9487291278532
 20
21.77113549791029
 42
0.4142135621326505
 10
426.9487291278544
 20
24.77113549791029
 10
426.9487291278544
 20
31.77113549790937
  0
MTEXT
  5
180
330
1F
100
AcDbEntity
  8
Texto
 62
     3
100
AcDbMText
 10
420.0731863061196
 20
30.16827312747631
 30
0.0
 40
5.0
 41
87.41283724283858
 71
     3
 72
     5
  1
MN-22044-12 pos.1
 73
     1
 44
1.0
1001
ACAD
1000
MTEXTBEGIN
1070
    73
1070
     1
1070
    44
1040
1.0
1070
    74
1070
     0
1000
MTEXTEND
  0
LWPOLYLINE
  5
181
330
1F
100
AcDbEntity
  8
Stats
 62
   151
100
AcDbPolyline
 90
        5
 70
     1
 43
0.0
 10
0.0
 20
-25.0
 10
250.0
 20
-25.0
 10
250.0
 20
-105.0
 10
0.0
 20
-105.0
 10
0.0
 20
-25.0
  0
TEXT
  5
182
330
1F
100
AcDbEntity
  8
Stats
 62
    60
100
AcDbText
 10
2.0
 20
-37.0
 30
0.0
 40
10.0
  1
Production Qty: 1
100
AcDbText
  0
TEXT
  5
183
330
1F
100
AcDbEntity
  8
Stats
 62
    60
100
AcDbText
 10
2.0
 20
-49.0
 30
0.0
 40
10.0
  1
Sheet 1 (2400,00 x 1860,00)
100
AcDbText
  0
TEXT
  5
184
330
1F
100
AcDbEntity
  8
Stats
 62
    60
100
AcDbText
 10
2.0
 20
-61.0
 30
0.0
 40
10.0
  1
Parts Nested: 96
100
AcDbText
  0
TEXT
  5
185
330
1F
100
AcDbEntity
  8
Stats
 62
    60
100
AcDbText
 10
2.0
 20
-73.0
 30
0.0
 40
10.0
  1
Util (Nest): 61,60%
100
AcDbText
  0
TEXT
  5
186
330
1F
100
AcDbEntity
  8
Stats
 62
    60
100
AcDbText
 10
2.0
 20
-85.0
 30
0.0
 40
10.0
  1
Util (Sheet): 59,37%
100
AcDbText
  0
TEXT
  5
187
330
1F
100
AcDbEntity
  8
Stats
 62
    60
100
AcDbText
 10
2.0
 20
-97.0
 30
0.0
 40
10.0
  1
Cut Distance: 132210,05mm
100
AcDbText
  0
LWPOLYLINE
  5
2BF
330
1F
100
AcDbEntity
  8
Rebaixo
  6
Continuous
 62
     4
370
    25
100
AcDbPolyline
 90
        4
 70
     1
 43
0.0
 10
2162.00000057348
 20
1791.9999996866
 10
2112.00000057348
 20
1791.9999996866
 10
2112.00000057348
 20
1851.9999996866
 10
2162.00000057348
 20
1851.9999996866
  0
MTEXT
  5
2C0
330
1F
100
AcDbEntity
  8
Rebaixo
 62
     4
100
AcDbMText
 10
2125.825202115001
 20
1812.956225132561
 30
0.0
 40
5.0
 41
88.59273291746104
 71
     1
 72
     5
  1
reb10
 11
0.0000000000000003
 21
1.0
 31
0.0
 73
     1
 44
1.0
1001
ACAD
1000
ACAD_MTEXT_COLUMN_INFO_BEGIN
1070
    75
1070
     2
1070
    79
1070
     0
1070
    76
1070
     1
1070
    78
1070
     0
1070
    48
1040
88.59273291746104
1070
    49
1040
12.5
1070
    50
1070
     1
1040
0.0
1000
ACAD_MTEXT_COLUMN_INFO_END
1000
MTEXTBEGIN
1070
    73
1070
     1
1070
    44
1040
1.0
1070
    74
1070
     0
1000
MTEXTEND
  0
MTEXT
  5
2C1
330
1F
100
AcDbEntity
  8
Rebaixo
 62
     1
100
AcDbMText
 10
1735.351862787022
 20
33.31814410364041
 30
0.0
 40
5.0
 41
88.59273291746102
 71
     1
 72
     5
  1
reb10
 11
0.0000000000000001
 21
1.0
 31
0.0
 73
     1
 44
1.0
1001
ACAD
1000
MTEXTBEGIN
1070
    73
1070
     1
1070
    44
1040
1.0
1070
    74
1070
     0
1000
MTEXTEND
  0
LWPOLYLINE
  5
2C2
330
1F
100
AcDbEntity
  8
Rebaixo
  6
Continuous
 62
     1
370
    25
100
AcDbPolyline
 90
        4
 70
     1
 43
0.0
 10
1772.187889470495
 20
11.77113530134011
 10
1722.187889470494
 20
11.77113530134011
 10
1722.187889470494
 20
71.7711353013392
 10
1772.187889470495
 20
71.7711353013392
  0
LWPOLYLINE
  5
2C9
330
1F
100
AcDbEntity
  8
Rebaixo
 62
     3
100
AcDbPolyline
 90
        5
 70
     1
 43
0.0
 10
360.0891603612404
 20
11.77113549791011
 10
301.9487291278574
 20
60.55674990238822
 10
301.9487291278574
 20
49.27566272400008
 42
0.2216946626429523
 10
307.3069149825615
 20
37.78499607725735
 10
338.3090267851953
 20
11.77113549791011
  0
MTEXT
  5
2CA
330
1F
100
AcDbEntity
  8
Rebaixo
 62
     3
100
AcDbMText
 10
341.5211518313745
 20
23.54315549840931
 30
0.0
 40
8.0
 41
38.81330808895109
 71
     3
 72
     5
  1
reb 20
 11
0.7763740580835212
 21
-0.6302724188277046
 31
0.0
 73
     1
 44
1.0
1001
ACAD
1000
ACAD_MTEXT_COLUMN_INFO_BEGIN
1070
    75
1070
     2
1070
    79
1070
     0
1070
    76
1070
     1
1070
    78
1070
     0
1070
    48
1040
38.81330808895109
1070
    49
1040
12.5
1070
    50
1070
     1
1040
0.0
1000
ACAD_MTEXT_COLUMN_INFO_END
1000
MTEXTBEGIN
1070
    73
1070
     1
1070
    44
1040
1.0
1070
    74
1070
     0
1000
MTEXTEND
  0
LWPOLYLINE
  5
2CB
330
1F
100
AcDbEntity
  8
Rebaixo
 62
     3
100
AcDbPolyline
 90
        5
 70
     1
 43
0.0
 10
1941.128218314797
 20
959.8067329862443
 10
1882.987787081414
 20
1008.592347390722
 10
1882.987787081414
 20
997.3112602123341
 42
0.2216946626429523
 10
1888.345972936118
 20
985.8205935655915
 10
1919.348084738752
 20
959.8067329862443
  0
MTEXT
  5
2CC
330
1F
100
AcDbEntity
  8
Rebaixo
 62
     3
100
AcDbMText
 10
1922.560209784931
 20
971.5787529867434
 30
0.0
 40
8.0
 41
38.81330808895109
 71
     3
 72
     5
  1
reb 20
 11
0.7763740580835212
 21
-0.6302724188277046
 31
0.0
 73
     1
 44
1.0
1001
ACAD
1000
ACAD_MTEXT_COLUMN_INFO_BEGIN
1070
    75
1070
     2
1070
    79
1070
     0
1070
    76
1070
     1
1070
    78
1070
     0
1070
    48
1040
38.81330808895109
1070
    49
1040
12.5
1070
    50
1070
     1
1040
0.0
1000
ACAD_MTEXT_COLUMN_INFO_END
1000
MTEXTBEGIN
1070
    73
1070
     1
1070
    44
1040
1.0
1070
    74
1070
     0
1000
MTEXTEND
  0
LWPOLYLINE
  5
2CD
330
1F
100
AcDbEntity
  8
Rebaixo
 62
     3
100
AcDbPolyline
 90
        5
 70
     1
 43
0.0
 10
8.000000573480065
 20
1793.859568453218
 10
56.78561497795863
 20
1851.999999686601
 10
45.50452779957095
 20
1851.999999686601
 42
0.2216946626429523
 10
34.01386115282776
 20
1846.641813831897
 10
8.000000573480065
 20
1815.639702029264
  0
MTEXT
  5
2CE
330
1F
100
AcDbEntity
  8
Rebaixo
 62
     3
100
AcDbMText
 10
19.77202057397926
 20
1812.427576983084
 30
0.0
 40
8.0
 41
38.81330808895109
 71
     3
 72
     5
  1
reb 20
 11
-0.6302724188277045
 21
-0.7763740580835213
 31
0.0
 73
     1
 44
1.0
1001
ACAD
1000
ACAD_MTEXT_COLUMN_INFO_BEGIN
1070
    75
1070
     2
1070
    79
1070
     0
1070
    76
1070
     1
1070
    78
1070
     0
1070
    48
1040
38.81330808895109
1070
    49
1040
12.5
1070
    50
1070
     1
1040
0.0
1000
ACAD_MTEXT_COLUMN_INFO_END
1000
MTEXTBEGIN
1070
    73
1070
     1
1070
    44
1040
1.0
1070
    74
1070
     0
1000
MTEXTEND
  0
LWPOLYLINE
  5
2CF
330
1F
100
AcDbEntity
  8
Rebaixo
 62
     3
100
AcDbPolyline
 90
        5
 70
     1
 43
0.0
 10
8.000000573480065
 20
1337.879942398085
 10
56.78561497795863
 20
1396.020373631468
 10
45.50452779957095
 20
1396.020373631468
 42
0.2216946626429523
 10
34.01386115282776
 20
1390.662187776764
 10
8.000000573480065
 20
1359.66007597413
  0
MTEXT
  5
2D0
330
1F
100
AcDbEntity
  8
Rebaixo
 62
     3
100
AcDbMText
 10
19.77202057397926
 20
1356.447950927951
 30
0.0
 40
8.0
 41
38.81330808895109
 71
     3
 72
     5
  1
reb 20
 11
-0.6302724188277045
 21
-0.7763740580835213
 31
0.0
 73
     1
 44
1.0
1001
ACAD
1000
ACAD_MTEXT_COLUMN_INFO_BEGIN
1070
    75
1070
     2
1070
    79
1070
     0
1070
    76
1070
     1
1070
    78
1070
     0
1070
    48
1040
38.81330808895109
1070
    49
1040
12.5
1070
    50
1070
     1
1040
0.0
1000
ACAD_MTEXT_COLUMN_INFO_END
1000
MTEXTBEGIN
1070
    73
1070
     1
1070
    44
1040
1.0
1070
    74
1070
     0
1000
MTEXTEND
  0
LWPOLYLINE
  5
2D1
330
1F
100
AcDbEntity
  8
Rebaixo
 62
     3
100
AcDbPolyline
 90
        5
 70
     1
 43
0.0
 10
8.000000573480065
 20
886.2931598192286
 10
56.78561497795863
 20
944.4335910526115
 10
45.50452779957095
 20
944.4335910526115
 42
0.2216946626429523
 10
34.01386115282776
 20
939.0754051979074
 10
8.000000573480065
 20
908.0732933952736
  0
MTEXT
  5
2D2
330
1F
100
AcDbEntity
  8
Rebaixo
 62
     3
100
AcDbMText
 10
19.77202057397926
 20
904.8611683490944
 30
0.0
 40
8.0
 41
38.81330808895109
 71
     3
 72
     5
  1
reb 20
 11
-0.6302724188277045
 21
-0.7763740580835213
 31
0.0
 73
     1
 44
1.0
1001
ACAD
1000
ACAD_MTEXT_COLUMN_INFO_BEGIN
1070
    75
1070
     2
1070
    79
1070
     0
1070
    76
1070
     1
1070
    78
1070
     0
1070
    48
1040
38.81330808895109
1070
    49
1040
12.5
1070
    50
1070
     1
1040
0.0
1000
ACAD_MTEXT_COLUMN_INFO_END
1000
MTEXTBEGIN
1070
    73
1070
     1
1070
    44
1040
1.0
1070
    74
1070
     0
1000
MTEXTEND
  0
LWPOLYLINE
  5
2D3
330
1F
100
AcDbEntity
  8
Rebaixo
 62
     3
100
AcDbPolyline
 90
        5
 70
     1
 43
0.0
 10
8.000000573480065
 20
275.7148499646451
 10
56.78561497795863
 20
333.855281198028
 10
45.50452779957095
 20
333.855281198028
 42
0.2216946626429523
 10
34.01386115282776
 20
328.497095343324
 10
8.000000573480065
 20
297.4949835406901
  0
MTEXT
  5
2D4
330
1F
100
AcDbEntity
  8
Rebaixo
 62
     3
100
AcDbMText
 10
19.77202057397926
 20
294.282858494511
 30
0.0
 40
8.0
 41
38.81330808895109
 71
     3
 72
     5
  1
reb 20
 11
-0.6302724188277045
 21
-0.7763740580835213
 31
0.0
 73
     1
 44
1.0
1001
ACAD
1000
ACAD_MTEXT_COLUMN_INFO_BEGIN
1070
    75
1070
     2
1070
    79
1070
     0
1070
    76
1070
     1
1070
    78
1070
     0
1070
    48
1040
38.81330808895109
1070
    49
1040
12.5
1070
    50
1070
     1
1040
0.0
1000
ACAD_MTEXT_COLUMN_INFO_END
1000
MTEXTBEGIN
1070
    73
1070
     1
1070
    44
1040
1.0
1070
    74
1070
     0
1000
MTEXTEND
  0
LWPOLYLINE
  5
2D9
330
1F
100
AcDbEntity
  8
Rebaixo
 62
     3
100
AcDbPolyline
 90
        5
 70
     1
 43
0.0
 10
2110.999999573479
 20
69.9115667312958
 10
2062.214385169001
 20
11.77113549791238
 10
2073.495472347389
 20
11.77113549791238
 42
0.2216946626429523
 10
2084.986138994132
 20
17.12932135261644
 10
2110.999999573479
 20
48.13143315525076
  0
MTEXT
  5
2DA
330
1F
100
AcDbEntity
  8
Rebaixo
 62
     3
100
AcDbMText
 10
2099.22797957298
 20
51.34355820142946
 30
0.0
 40
8.0
 41
38.81330808895109
 71
     3
 72
     5
  1
reb 20
 11
0.6302724188277046
 21
0.776374058083521
 31
0.0
 73
     1
 44
1.0
1001
ACAD
1000
ACAD_MTEXT_COLUMN_INFO_BEGIN
1070
    75
1070
     2
1070
    79
1070
     0
1070
    76
1070
     1
1070
    78
1070
     0
1070
    48
1040
38.81330808895109
1070
    49
1040
12.5
1070
    50
1070
     1
1040
0.0
1000
ACAD_MTEXT_COLUMN_INFO_END
1000
MTEXTBEGIN
1070
    73
1070
     1
1070
    44
1040
1.0
1070
    74
1070
     0
1000
MTEXTEND
  0
LWPOLYLINE
  5
2DB
330
1F
100
AcDbEntity
  8
Rebaixo
 62
     3
100
AcDbPolyline
 90
        5
 70
     1
 43
0.0
 10
2392.00000057348
 20
516.6798721511759
 10
2343.214386169002
 20
458.5394409177925
 10
2354.49547334739
 20
458.5394409177925
 42
0.2216946626429523
 10
2365.986139994133
 20
463.8976267724965
 10
2392.00000057348
 20
494.8997385751308
  0
MTEXT
  5
2DC
330
1F
100
AcDbEntity
  8
Rebaixo
 62
     3
100
AcDbMText
 10
2380.227980572982
 20
498.1118636213095
 30
0.0
 40
8.0
 41
38.81330808895109
 71
     3
 72
     5
  1
reb 20
 11
0.6302724188277046
 21
0.776374058083521
 31
0.0
 73
     1
 44
1.0
1001
ACAD
1000
ACAD_MTEXT_COLUMN_INFO_BEGIN
1070
    75
1070
     2
1070
    79
1070
     0
1070
    76
1070
     1
1070
    78
1070
     0
1070
    48
1040
38.81330808895109
1070
    49
1040
12.5
1070
    50
1070
     1
1040
0.0
1000
ACAD_MTEXT_COLUMN_INFO_END
1000
MTEXTBEGIN
1070
    73
1070
     1
1070
    44
1040
1.0
1070
    74
1070
     0
1000
MTEXTEND
  0
LWPOLYLINE
  5
2DD
330
1F
100
AcDbEntity
  8
Rebaixo
 62
     3
100
AcDbPolyline
 90
        5
 70
     1
 43
0.0
 10
1971.446373387321
 20
1456.283725517925
 10
1922.660758982843
 20
1398.143294284541
 10
1933.941846161231
 20
1398.143294284541
 42
0.2216946626429523
 10
1945.432512807974
 20
1403.501480139245
 10
1971.446373387321
 20
1434.503591941879
  0
MTEXT
  5
2DE
330
1F
100
AcDbEntity
  8
Rebaixo
 62
     3
100
AcDbMText
 10
1959.674353386823
 20
1437.715716988058
 30
0.0
 40
8.0
 41
38.81330808895109
 71
     3
 72
     5
  1
reb 20
 11
0.6302724188277046
 21
0.776374058083521
 31
0.0
 73
     1
 44
1.0
1001
ACAD
1000
ACAD_MTEXT_COLUMN_INFO_BEGIN
1070
    75
1070
     2
1070
    79
1070
     0
1070
    76
1070
     1
1070
    78
1070
     0
1070
    48
1040
38.81330808895109
1070
    49
1040
12.5
1070
    50
1070
     1
1040
0.0
1000
ACAD_MTEXT_COLUMN_INFO_END
1000
MTEXTBEGIN
1070
    73
1070
     1
1070
    44
1040
1.0
1070
    74
1070
     0
1000
MTEXTEND
  0
ENDSEC
  0
SECTION
  2
OBJECTS
  0
DICTIONARY
  5
C
330
0
100
AcDbDictionary
281
     1
  3
ACAD_CIP_PREVIOUS_PRODUCT_INFO
350
25B
  3
ACAD_COLOR
350
200
  3
ACAD_DETAILVIEWSTYLE
350
258
  3
ACAD_FIELDLIST
350
201
  3
ACAD_GROUP
350
D
  3
ACAD_IMAGE_DICT
350
202
  3
ACAD_LAST_SAVED_VERSION_INFO
350
2E3
  3
ACAD_LAYOUT
350
1A
  3
ACAD_MATERIAL
350
203
  3
ACAD_MLEADERSTYLE
350
204
  3
ACAD_MLINESTYLE
350
17
  3
ACAD_PLOTSETTINGS
350
19
  3
ACAD_PLOTSTYLENAME
350
E
  3
ACAD_SCALELIST
350
1EE
  3
ACAD_SECTIONVIEWSTYLE
350
256
  3
ACAD_TABLESTYLE
350
206
  3
ACAD_VISUALSTYLE
350
20E
  3
ACDB_RECOMPOSE_DATA
350
379
  3
AcDbVariableDictionary
350
20B
  3
DWGPROPS
350
37A
  0
DICTIONARY
  5
266
330
2
100
AcDbDictionary
280
     1
281
     1
  3
ACAD_LAYERSTATES
360
267
  0
DICTIONARY
  5
2E4
330
10
100
AcDbDictionary
280
     1
281
     1
  3
ADSK_XREC_LAYER_RECONCILED
360
2E5
  0
DICTIONARY
  5
2E6
330
27
100
AcDbDictionary
280
     1
281
     1
  3
ADSK_XREC_LAYER_RECONCILED
360
2E7
  0
DICTIONARY
  5
2E8
330
28
100
AcDbDictionary
280
     1
281
     1
  3
ADSK_XREC_LAYER_RECONCILED
360
2E9
  0
DICTIONARY
  5
2EA
330
29
100
AcDbDictionary
280
     1
281
     1
  3
ADSK_XREC_LAYER_RECONCILED
360
2EB
  0
DICTIONARY
  5
2EC
330
2A
100
AcDbDictionary
280
     1
281
     1
  3
ADSK_XREC_LAYER_RECONCILED
360
2ED
  0
DICTIONARY
  5
2EE
330
2B
100
AcDbDictionary
280
     1
281
     1
  3
ADSK_XREC_LAYER_RECONCILED
360
2EF
  0
DICTIONARY
  5
2F0
330
2C
100
AcDbDictionary
280
     1
281
     1
  3
ADSK_XREC_LAYER_RECONCILED
360
2F1
  0
DICTIONARY
  5
2F2
330
2D
100
AcDbDictionary
280
     1
281
     1
  3
ADSK_XREC_LAYER_RECONCILED
360
2F3
  0
DICTIONARY
  5
2F4
330
2E
100
AcDbDictionary
280
     1
281
     1
  3
ADSK_XREC_LAYER_RECONCILED
360
2F5
  0
DICTIONARY
  5
2F6
330
2F
100
AcDbDictionary
280
     1
281
     1
  3
ADSK_XREC_LAYER_RECONCILED
360
2F7
  0
DICTIONARY
  5
2F8
330
30
100
AcDbDictionary
280
     1
281
     1
  3
ADSK_XREC_LAYER_RECONCILED
360
2F9
  0
DICTIONARY
  5
2FA
330
31
100
AcDbDictionary
280
     1
281
     1
  3
ADSK_XREC_LAYER_RECONCILED
360
2FB
  0
DICTIONARY
  5
2FC
330
25C
100
AcDbDictionary
280
     1
281
     1
  3
ADSK_XREC_LAYER_RECONCILED
360
2FD
  0
DICTIONARY
  5
306
330
37
100
AcDbDictionary
280
     1
281
     1
  3
ACAD_MTEXT_2008_RT
360
307
  3
ACAD_MTEXT_RT
360
37F
  0
DICTIONARY
  5
308
330
3B
100
AcDbDictionary
280
     1
281
     1
  3
ACAD_MTEXT_2008_RT
360
309
  3
ACAD_MTEXT_RT
360
380
  0
DICTIONARY
  5
30A
330
3F
100
AcDbDictionary
280
     1
281
     1
  3
ACAD_MTEXT_2008_RT
360
30B
  3
ACAD_MTEXT_RT
360
381
  0
DICTIONARY
  5
30C
330
43
100
AcDbDictionary
280
     1
281
     1
  3
ACAD_MTEXT_2008_RT
360
30D
  3
ACAD_MTEXT_RT
360
382
  0
DICTIONARY
  5
30E
330
47
100
AcDbDictionary
280
     1
281
     1
  3
ACAD_MTEXT_2008_RT
360
30F
  3
ACAD_MTEXT_RT
360
383
  0
DICTIONARY
  5
310
330
4B
100
AcDbDictionary
280
     1
281
     1
  3
ACAD_MTEXT_2008_RT
360
311
  3
ACAD_MTEXT_RT
360
384
  0
DICTIONARY
  5
312
330
4F
100
AcDbDictionary
280
     1
281
     1
  3
ACAD_MTEXT_2008_RT
360
313
  3
ACAD_MTEXT_RT
360
385
  0
DICTIONARY
  5
314
330
53
100
AcDbDictionary
280
     1
281
     1
  3
ACAD_MTEXT_2008_RT
360
315
  3
ACAD_MTEXT_RT
360
386
  0
DICTIONARY
  5
316
330
57
100
AcDbDictionary
280
     1
281
     1
  3
ACAD_MTEXT_2008_RT
360
317
  3
ACAD_MTEXT_RT
360
387
  0
DICTIONARY
  5
318
330
5B
100
AcDbDictionary
280
     1
281
     1
  3
ACAD_MTEXT_2008_RT
360
319
  3
ACAD_MTEXT_RT
360
388
  0
DICTIONARY
  5
31A
330
5F
100
AcDbDictionary
280
     1
281
     1
  3
ACAD_MTEXT_2008_RT
360
31B
  3
ACAD_MTEXT_RT
360
389
  0
DICTIONARY
  5
31C
330
63
100
AcDbDictionary
280
     1
281
     1
  3
ACAD_MTEXT_2008_RT
360
31D
  3
ACAD_MTEXT_RT
360
38A
  0
DICTIONARY
  5
31E
330
67
100
AcDbDictionary
280
     1
281
     1
  3
ACAD_MTEXT_2008_RT
360
31F
  3
ACAD_MTEXT_RT
360
38B
  0
DICTIONARY
  5
320
330
6B
100
AcDbDictionary
280
     1
281
     1
  3
ACAD_MTEXT_2008_RT
360
321
  3
ACAD_MTEXT_RT
360
38C
  0
DICTIONARY
  5
322
330
6F
100
AcDbDictionary
280
     1
281
     1
  3
ACAD_MTEXT_2008_RT
360
323
  3
ACAD_MTEXT_RT
360
38D
  0
DICTIONARY
  5
324
330
73
100
AcDbDictionary
280
     1
281
     1
  3
ACAD_MTEXT_2008_RT
360
325
  3
ACAD_MTEXT_RT
360
38E
  0
DICTIONARY
  5
326
330
77
100
AcDbDictionary
280
     1
281
     1
  3
ACAD_MTEXT_2008_RT
360
327
  3
ACAD_MTEXT_RT
360
38F
  0
DICTIONARY
  5
328
330
7B
100
AcDbDictionary
280
     1
281
     1
  3
ACAD_MTEXT_2008_RT
360
329
  3
ACAD_MTEXT_RT
360
390
  0
DICTIONARY
  5
32A
330
7F
100
AcDbDictionary
280
     1
281
     1
  3
ACAD_MTEXT_2008_RT
360
32B
  3
ACAD_MTEXT_RT
360
391
  0
DICTIONARY
  5
32C
330
83
100
AcDbDictionary
280
     1
281
     1
  3
ACAD_MTEXT_2008_RT
360
32D
  3
ACAD_MTEXT_RT
360
392
  0
DICTIONARY
  5
32E
330
87
100
AcDbDictionary
280
     1
281
     1
  3
ACAD_MTEXT_2008_RT
360
32F
  3
ACAD_MTEXT_RT
360
393
  0
DICTIONARY
  5
330
330
8B
100
AcDbDictionary
280
     1
281
     1
  3
ACAD_MTEXT_2008_RT
360
331
  3
ACAD_MTEXT_RT
360
394
  0
DICTIONARY
  5
332
330
8F
100
AcDbDictionary
280
     1
281
     1
  3
ACAD_MTEXT_2008_RT
360
333
  3
ACAD_MTEXT_RT
360
395
  0
DICTIONARY
  5
334
330
93
100
AcDbDictionary
280
     1
281
     1
  3
ACAD_MTEXT_2008_RT
360
335
  3
ACAD_MTEXT_RT
360
396
  0
DICTIONARY
  5
336
330
97
100
AcDbDictionary
280
     1
281
     1
  3
ACAD_MTEXT_2008_RT
360
337
  3
ACAD_MTEXT_RT
360
397
  0
DICTIONARY
  5
338
330
9B
100
AcDbDictionary
280
     1
281
     1
  3
ACAD_MTEXT_2008_RT
360
339
  3
ACAD_MTEXT_RT
360
398
  0
DICTIONARY
  5
33A
330
9F
100
AcDbDictionary
280
     1
281
     1
  3
ACAD_MTEXT_2008_RT
360
33B
  3
ACAD_MTEXT_RT
360
399
  0
DICTIONARY
  5
33C
330
A3
100
AcDbDictionary
280
     1
281
     1
  3
ACAD_MTEXT_2008_RT
360
33D
  3
ACAD_MTEXT_RT
360
39A
  0
DICTIONARY
  5
33E
330
A7
100
AcDbDictionary
280
     1
281
     1
  3
ACAD_MTEXT_2008_RT
360
33F
  3
ACAD_MTEXT_RT
360
39B
  0
DICTIONARY
  5
340
330
AB
100
AcDbDictionary
280
     1
281
     1
  3
ACAD_MTEXT_2008_RT
360
341
  3
ACAD_MTEXT_RT
360
39C
  0
DICTIONARY
  5
342
330
AF
100
AcDbDictionary
280
     1
281
     1
  3
ACAD_MTEXT_2008_RT
360
343
  3
ACAD_MTEXT_RT
360
39D
  0
DICTIONARY
  5
344
330
B3
100
AcDbDictionary
280
     1
281
     1
  3
ACAD_MTEXT_2008_RT
360
345
  3
ACAD_MTEXT_RT
360
39E
  0
DICTIONARY
  5
346
330
B7
100
AcDbDictionary
280
     1
281
     1
  3
ACAD_MTEXT_2008_RT
360
347
  3
ACAD_MTEXT_RT
360
39F
  0
DICTIONARY
  5
348
330
BB
100
AcDbDictionary
280
     1
281
     1
  3
ACAD_MTEXT_2008_RT
360
349
  3
ACAD_MTEXT_RT
360
3A0
  0
DICTIONARY
  5
34A
330
BF
100
AcDbDictionary
280
     1
281
     1
  3
ACAD_MTEXT_2008_RT
360
34B
  3
ACAD_MTEXT_RT
360
3A1
  0
DICTIONARY
  5
34C
330
C3
100
AcDbDictionary
280
     1
281
     1
  3
ACAD_MTEXT_2008_RT
360
34D
  3
ACAD_MTEXT_RT
360
3A2
  0
DICTIONARY
  5
34E
330
C7
100
AcDbDictionary
280
     1
281
     1
  3
ACAD_MTEXT_2008_RT
360
34F
  3
ACAD_MTEXT_RT
360
3A3
  0
DICTIONARY
  5
350
330
CB
100
AcDbDictionary
280
     1
281
     1
  3
ACAD_MTEXT_2008_RT
360
351
  3
ACAD_MTEXT_RT
360
3A4
  0
DICTIONARY
  5
352
330
CF
100
AcDbDictionary
280
     1
281
     1
  3
ACAD_MTEXT_2008_RT
360
353
  3
ACAD_MTEXT_RT
360
3A5
  0
DICTIONARY
  5
354
330
D3
100
AcDbDictionary
280
     1
281
     1
  3
ACAD_MTEXT_2008_RT
360
355
  3
ACAD_MTEXT_RT
360
3A6
  0
DICTIONARY
  5
356
330
D7
100
AcDbDictionary
280
     1
281
     1
  3
ACAD_MTEXT_2008_RT
360
357
  3
ACAD_MTEXT_RT
360
3A7
  0
DICTIONARY
  5
358
330
DB
100
AcDbDictionary
280
     1
281
     1
  3
ACAD_MTEXT_2008_RT
360
359
  3
ACAD_MTEXT_RT
360
3A8
  0
DICTIONARY
  5
35A
330
DF
100
AcDbDictionary
280
     1
281
     1
  3
ACAD_MTEXT_2008_RT
360
35B
  3
ACAD_MTEXT_RT
360
3A9
  0
DICTIONARY
  5
35C
330
E3
100
AcDbDictionary
280
     1
281
     1
  3
ACAD_MTEXT_2008_RT
360
35D
  3
ACAD_MTEXT_RT
360
3AA
  0
DICTIONARY
  5
35E
330
E7
100
AcDbDictionary
280
     1
281
     1
  3
ACAD_MTEXT_2008_RT
360
35F
  3
ACAD_MTEXT_RT
360
3AB
  0
DICTIONARY
  5
360
330
EB
100
AcDbDictionary
280
     1
281
     1
  3
ACAD_MTEXT_2008_RT
360
361
  3
ACAD_MTEXT_RT
360
3AC
  0
DICTIONARY
  5
362
330
EF
100
AcDbDictionary
280
     1
281
     1
  3
ACAD_MTEXT_2008_RT
360
363
  3
ACAD_MTEXT_RT
360
3AD
  0
DICTIONARY
  5
364
330
F3
100
AcDbDictionary
280
     1
281
     1
  3
ACAD_MTEXT_2008_RT
360
365
  3
ACAD_MTEXT_RT
360
3AE
  0
DICTIONARY
  5
366
330
F7
100
AcDbDictionary
280
     1
281
     1
  3
ACAD_MTEXT_2008_RT
360
367
  3
ACAD_MTEXT_RT
360
3AF
  0
DICTIONARY
  5
368
330
FB
100
AcDbDictionary
280
     1
281
     1
  3
ACAD_MTEXT_2008_RT
360
369
  3
ACAD_MTEXT_RT
360
3B0
  0
DICTIONARY
  5
36A
330
FF
100
AcDbDictionary
280
     1
281
     1
  3
ACAD_MTEXT_2008_RT
360
36B
  3
ACAD_MTEXT_RT
360
3B1
  0
DICTIONARY
  5
36C
330
103
100
AcDbDictionary
280
     1
281
     1
  3
ACAD_MTEXT_2008_RT
360
36D
  3
ACAD_MTEXT_RT
360
3B2
  0
DICTIONARY
  5
36E
330
107
100
AcDbDictionary
280
     1
281
     1
  3
ACAD_MTEXT_2008_RT
360
36F
  3
ACAD_MTEXT_RT
360
3B3
  0
DICTIONARY
  5
370
330
10B
100
AcDbDictionary
280
     1
281
     1
  3
ACAD_MTEXT_2008_RT
360
371
  3
ACAD_MTEXT_RT
360
3B4
  0
DICTIONARY
  5
372
330
114
100
AcDbDictionary
280
     1
281
     1
  3
ACAD_MTEXT_2008_RT
360
373
  0
DICTIONARY
  5
374
330
120
100
AcDbDictionary
280
     1
281
     1
  3
ACAD_MTEXT_2008_RT
360
375
  0
DICTIONARY
  5
376
330
12C
100
AcDbDictionary
280
     1
281
     1
  3
ACAD_MTEXT_2008_RT
360
377
  0
XRECORD
  5
25B
102
{ACAD_REACTORS
330
C
102
}
330
C
100
AcDbXrecord
280
     1
300
ACDLT
300
2025
300

  0
DICTIONARY
  5
200
102
{ACAD_REACTORS
330
C
102
}
330
C
100
AcDbDictionary
281
     1
  0
DICTIONARY
  5
258
102
{ACAD_REACTORS
330
C
102
}
330
C
100
AcDbDictionary
281
     1
  3
Metric50
350
259
  0
FIELDLIST
  5
201
102
{ACAD_REACTORS
330
C
102
}
330
C
100
AcDbIdSet
 90
        0
100
AcDbFieldList
  0
DICTIONARY
  5
D
102
{ACAD_REACTORS
330
C
102
}
330
C
100
AcDbDictionary
281
     1
  0
DICTIONARY
  5
202
102
{ACAD_REACTORS
330
C
102
}
330
C
100
AcDbDictionary
281
     1
  0
XRECORD
  5
2E3
102
{ACAD_REACTORS
330
C
102
}
330
C
100
AcDbXrecord
280
     1
300
{BFA71B4D-45F6-0945-B63B-6F012614F87E}
301
{859E4914-6BE8-D54A-BCA9-6AD49A41FD0E}
302
{BFA71B4D-45F6-0945-B63B-6F012614F87E}
303

  0
DICTIONARY
  5
1A
102
{ACAD_REACTORS
330
C
102
}
330
C
100
AcDbDictionary
281
     1
  3
Layout1
350
1E
  3
Model
350
22
  0
DICTIONARY
  5
203
102
{ACAD_REACTORS
330
C
102
}
330
C
100
AcDbDictionary
281
     1
  3
ByBlock
350
21D
  3
ByLayer
350
215
  3
Global
350
225
  0
DICTIONARY
  5
204
102
{ACAD_REACTORS
330
C
102
}
330
C
100
AcDbDictionary
281
     1
  3
Standard
350
205
  0
DICTIONARY
  5
17
102
{ACAD_REACTORS
330
C
102
}
330
C
100
AcDbDictionary
281
     1
  3
STANDARD
350
18
  0
DICTIONARY
  5
19
102
{ACAD_REACTORS
330
C
102
}
330
C
100
AcDbDictionary
281
     1
  0
ACDBDICTIONARYWDFLT
  5
E
102
{ACAD_REACTORS
330
C
102
}
330
C
100
AcDbDictionary
281
     1
  3
Normal
350
F
100
AcDbDictionaryWithDefault
340
F
  0
DICTIONARY
  5
1EE
102
{ACAD_REACTORS
330
C
102
}
330
C
100
AcDbDictionary
281
     1
  3
A0
350
245
  3
A1
350
246
  3
A2
350
247
  3
A3
350
248
  3
A4
350
249
  3
A5
350
24A
  3
A6
350
24B
  3
A7
350
24C
  3
A8
350
24D
  3
A9
350
24E
  3
B0
350
24F
  3
B1
350
250
  3
B2
350
251
  3
B3
350
252
  3
B4
350
253
  3
B5
350
254
  3
B6
350
255
  0
DICTIONARY
  5
256
102
{ACAD_REACTORS
330
C
102
}
330
C
100
AcDbDictionary
281
     1
  3
Metric50
350
257
  0
DICTIONARY
  5
206
102
{ACAD_REACTORS
330
C
102
}
330
C
100
AcDbDictionary
281
     1
  3
Standard
350
207
  0
DICTIONARY
  5
20E
102
{ACAD_REACTORS
330
C
102
}
330
C
100
AcDbDictionary
281
     1
  3
2dWireframe
350
232
  3
Basic
350
231
  3
Brighten
350
238
  3
ColorChange
350
23C
  3
Conceptual
350
235
  3
Dim
350
237
  3
EdgeColorOff
350
244
  3
Facepattern
350
23B
  3
Flat
350
22D
  3
FlatWithEdges
350
22E
  3
Gouraud
350
22F
  3
GouraudWithEdges
350
230
  3
Hidden
350
234
  3
JitterOff
350
242
  3
Linepattern
350
23A
  3
OverhangOff
350
243
  3
Realistic
350
236
  3
Shaded
350
241
  3
Shaded with edges
350
240
  3
Shades of Gray
350
23D
  3
Sketchy
350
23E
  3
Thicken
350
239
  3
Wireframe
350
233
  3
X-Ray
350
23F
  0
XRECORD
  5
379
102
{ACAD_REACTORS
330
C
102
}
330
C
100
AcDbXrecord
280
     1
 90
        1
330
37
330
3B
330
3F
330
43
330
47
330
4B
330
4F
330
53
330
57
330
5B
330
5F
330
63
330
67
330
6B
330
6F
330
73
330
77
330
7B
330
7F
330
83
330
87
330
8B
330
8F
330
93
330
97
330
9B
330
9F
330
A3
330
A7
330
AB
330
AF
330
B3
330
B7
330
BB
330
BF
330
C3
330
C7
330
CB
330
CF
330
D3
330
D7
330
DB
330
DF
330
E3
330
E7
330
EB
330
EF
330
F3
330
F7
330
FB
330
FF
330
103
330
107
330
10B
330
114
330
120
330
12C
330
207
330
2C0
330
2CA
330
2CC
330
2CE
330
2D0
330
2D2
330
2D4
330
2DA
330
2DC
330
2DE
  0
DICTIONARY
  5
20B
102
{ACAD_REACTORS
330
C
102
}
330
C
100
AcDbDictionary
281
     1
  3
CANNOSCALE
350
302
  3
CMLEADERSTYLE
350
2FF
  3
CTABLESTYLE
350
2FE
  3
CVIEWDETAILSTYLE
350
300
  3
CVIEWSECTIONSTYLE
350
301
  3
DIMASSOC
350
20C
  3
HIDETEXT
350
20D
  3
INDEXCTL
350
304
  3
SORTENTS
350
303
  3
XCLIPFRAME
350
305
  0
XRECORD
  5
37A
102
{ACAD_REACTORS
330
C
102
}
330
C
100
AcDbXrecord
280
     1
  1
DWGPROPS COOKIE
  2

  3

  4

  6

  7

  8
MatheusRVBIsolantes
  9

300
=
301
=
302
=
303
=
304
=
305
=
306
=
307
=
308
=
309
=
 40
0.0034490740740741
 41
2461098.145092593
 42
2461098.648657408
  1

 90
        0
  0
DICTIONARY
  5
267
102
{ACAD_REACTORS
330
266
102
}
330
266
100
AcDbDictionary
281
     1
  0
XRECORD
  5
2E5
102
{ACAD_REACTORS
330
2E4
102
}
330
2E4
100
AcDbXrecord
280
     1
290
     1
  0
XRECORD
  5
2E7
102
{ACAD_REACTORS
330
2E6
102
}
330
2E6
100
AcDbXrecord
280
     1
290
     1
  0
XRECORD
  5
2E9
102
{ACAD_REACTORS
330
2E8
102
}
330
2E8
100
AcDbXrecord
280
     1
290
     1
  0
XRECORD
  5
2EB
102
{ACAD_REACTORS
330
2EA
102
}
330
2EA
100
AcDbXrecord
280
     1
290
     1
  0
XRECORD
  5
2ED
102
{ACAD_REACTORS
330
2EC
102
}
330
2EC
100
AcDbXrecord
280
     1
290
     1
  0
XRECORD
  5
2EF
102
{ACAD_REACTORS
330
2EE
102
}
330
2EE
100
AcDbXrecord
280
     1
290
     1
  0
XRECORD
  5
2F1
102
{ACAD_REACTORS
330
2F0
102
}
330
2F0
100
AcDbXrecord
280
     1
290
     1
  0
XRECORD
  5
2F3
102
{ACAD_REACTORS
330
2F2
102
}
330
2F2
100
AcDbXrecord
280
     1
290
     1
  0
XRECORD
  5
2F5
102
{ACAD_REACTORS
330
2F4
102
}
330
2F4
100
AcDbXrecord
280
     1
290
     1
  0
XRECORD
  5
2F7
102
{ACAD_REACTORS
330
2F6
102
}
330
2F6
100
AcDbXrecord
280
     1
290
     1
  0
XRECORD
  5
2F9
102
{ACAD_REACTORS
330
2F8
102
}
330
2F8
100
AcDbXrecord
280
     1
290
     1
  0
XRECORD
  5
2FB
102
{ACAD_REACTORS
330
2FA
102
}
330
2FA
100
AcDbXrecord
280
     1
290
     1
  0
XRECORD
  5
2FD
102
{ACAD_REACTORS
330
2FC
102
}
330
2FC
100
AcDbXrecord
280
     1
290
     1
  0
XRECORD
  5
307
102
{ACAD_REACTORS
330
306
102
}
330
306
100
AcDbXrecord
280
     1
 40
57745.0
  1
\pxqc;1LBR001088 pos.6
  0
XRECORD
  5
37F
102
{ACAD_REACTORS
330
306
102
}
330
306
100
AcDbXrecord
280
     1
 40
73479.0
  1
\pi4.76303;1LBR001088 \P\pi27.26303;pos.6
  0
XRECORD
  5
309
102
{ACAD_REACTORS
330
308
102
}
330
308
100
AcDbXrecord
280
     1
 40
57745.0
  1
\pxqc;1LBR001088 pos.6
  0
XRECORD
  5
380
102
{ACAD_REACTORS
330
308
102
}
330
308
100
AcDbXrecord
280
     1
 40
73479.0
  1
\pi4.76303;1LBR001088 \P\pi27.26303;pos.6
  0
XRECORD
  5
30B
102
{ACAD_REACTORS
330
30A
102
}
330
30A
100
AcDbXrecord
280
     1
 40
57745.0
  1
\pxqc;1LBR001088 pos.6
  0
XRECORD
  5
381
102
{ACAD_REACTORS
330
30A
102
}
330
30A
100
AcDbXrecord
280
     1
 40
73479.0
  1
\pi4.76303;1LBR001088 \P\pi27.26303;pos.6
  0
XRECORD
  5
30D
102
{ACAD_REACTORS
330
30C
102
}
330
30C
100
AcDbXrecord
280
     1
 40
57745.0
  1
\pxqc;1LBR001088 pos.6
  0
XRECORD
  5
382
102
{ACAD_REACTORS
330
30C
102
}
330
30C
100
AcDbXrecord
280
     1
 40
73479.0
  1
\pi4.76303;1LBR001088 \P\pi27.26303;pos.6
  0
XRECORD
  5
30F
102
{ACAD_REACTORS
330
30E
102
}
330
30E
100
AcDbXrecord
280
     1
 40
57745.0
  1
\pxqc;1LBR001088 pos.6
  0
XRECORD
  5
383
102
{ACAD_REACTORS
330
30E
102
}
330
30E
100
AcDbXrecord
280
     1
 40
73479.0
  1
\pi4.76303;1LBR001088 \P\pi27.26303;pos.6
  0
XRECORD
  5
311
102
{ACAD_REACTORS
330
310
102
}
330
310
100
AcDbXrecord
280
     1
 40
57745.0
  1
\pxqc;1LBR001088 pos.6
  0
XRECORD
  5
384
102
{ACAD_REACTORS
330
310
102
}
330
310
100
AcDbXrecord
280
     1
 40
73479.0
  1
\pi4.76303;1LBR001088 \P\pi27.26303;pos.6
  0
XRECORD
  5
313
102
{ACAD_REACTORS
330
312
102
}
330
312
100
AcDbXrecord
280
     1
 40
57745.0
  1
\pxqc;1LBR001088 pos.6
  0
XRECORD
  5
385
102
{ACAD_REACTORS
330
312
102
}
330
312
100
AcDbXrecord
280
     1
 40
73479.0
  1
\pi4.76303;1LBR001088 \P\pi27.26303;pos.6
  0
XRECORD
  5
315
102
{ACAD_REACTORS
330
314
102
}
330
314
100
AcDbXrecord
280
     1
 40
57745.0
  1
\pxqc;1LBR001088 pos.6
  0
XRECORD
  5
386
102
{ACAD_REACTORS
330
314
102
}
330
314
100
AcDbXrecord
280
     1
 40
73479.0
  1
\pi4.76303;1LBR001088 \P\pi27.26303;pos.6
  0
XRECORD
  5
317
102
{ACAD_REACTORS
330
316
102
}
330
316
100
AcDbXrecord
280
     1
 40
57745.0
  1
\pxqc;1LBR001088 pos.6
  0
XRECORD
  5
387
102
{ACAD_REACTORS
330
316
102
}
330
316
100
AcDbXrecord
280
     1
 40
73479.0
  1
\pi4.76303;1LBR001088 \P\pi27.26303;pos.6
  0
XRECORD
  5
319
102
{ACAD_REACTORS
330
318
102
}
330
318
100
AcDbXrecord
280
     1
 40
57745.0
  1
\pxqc;1LBR001088 pos.6
  0
XRECORD
  5
388
102
{ACAD_REACTORS
330
318
102
}
330
318
100
AcDbXrecord
280
     1
 40
73479.0
  1
\pi4.76303;1LBR001088 \P\pi27.26303;pos.6
  0
XRECORD
  5
31B
102
{ACAD_REACTORS
330
31A
102
}
330
31A
100
AcDbXrecord
280
     1
 40
57745.0
  1
\pxqc;1LBR001088 pos.6
  0
XRECORD
  5
389
102
{ACAD_REACTORS
330
31A
102
}
330
31A
100
AcDbXrecord
280
     1
 40
73479.0
  1
\pi4.76303;1LBR001088 \P\pi27.26303;pos.6
  0
XRECORD
  5
31D
102
{ACAD_REACTORS
330
31C
102
}
330
31C
100
AcDbXrecord
280
     1
 40
57745.0
  1
\pxqc;1LBR001088 pos.6
  0
XRECORD
  5
38A
102
{ACAD_REACTORS
330
31C
102
}
330
31C
100
AcDbXrecord
280
     1
 40
73479.0
  1
\pi4.76303;1LBR001088 \P\pi27.26303;pos.6
  0
XRECORD
  5
31F
102
{ACAD_REACTORS
330
31E
102
}
330
31E
100
AcDbXrecord
280
     1
 40
57745.0
  1
\pxqc;1LBR001088 pos.6
  0
XRECORD
  5
38B
102
{ACAD_REACTORS
330
31E
102
}
330
31E
100
AcDbXrecord
280
     1
 40
73479.0
  1
\pi4.76303;1LBR001088 \P\pi27.26303;pos.6
  0
XRECORD
  5
321
102
{ACAD_REACTORS
330
320
102
}
330
320
100
AcDbXrecord
280
     1
 40
57745.0
  1
\pxqc;1LBR001088 pos.6
  0
XRECORD
  5
38C
102
{ACAD_REACTORS
330
320
102
}
330
320
100
AcDbXrecord
280
     1
 40
73479.0
  1
\pi4.76303;1LBR001088 \P\pi27.26303;pos.6
  0
XRECORD
  5
323
102
{ACAD_REACTORS
330
322
102
}
330
322
100
AcDbXrecord
280
     1
 40
57745.0
  1
\pxqc;1LBR001088 pos.6
  0
XRECORD
  5
38D
102
{ACAD_REACTORS
330
322
102
}
330
322
100
AcDbXrecord
280
     1
 40
73479.0
  1
\pi4.76303;1LBR001088 \P\pi27.26303;pos.6
  0
XRECORD
  5
325
102
{ACAD_REACTORS
330
324
102
}
330
324
100
AcDbXrecord
280
     1
 40
57745.0
  1
\pxqc;1LBR001088 pos.6
  0
XRECORD
  5
38E
102
{ACAD_REACTORS
330
324
102
}
330
324
100
AcDbXrecord
280
     1
 40
73479.0
  1
\pi4.76303;1LBR001088 \P\pi27.26303;pos.6
  0
XRECORD
  5
327
102
{ACAD_REACTORS
330
326
102
}
330
326
100
AcDbXrecord
280
     1
 40
57745.0
  1
\pxqc;1LBR001088 pos.6
  0
XRECORD
  5
38F
102
{ACAD_REACTORS
330
326
102
}
330
326
100
AcDbXrecord
280
     1
 40
73479.0
  1
\pi4.76303;1LBR001088 \P\pi27.26303;pos.6
  0
XRECORD
  5
329
102
{ACAD_REACTORS
330
328
102
}
330
328
100
AcDbXrecord
280
     1
 40
57745.0
  1
\pxqc;1LBR001088 pos.6
  0
XRECORD
  5
390
102
{ACAD_REACTORS
330
328
102
}
330
328
100
AcDbXrecord
280
     1
 40
73479.0
  1
\pi4.76303;1LBR001088 \P\pi27.26303;pos.6
  0
XRECORD
  5
32B
102
{ACAD_REACTORS
330
32A
102
}
330
32A
100
AcDbXrecord
280
     1
 40
57745.0
  1
\pxqc;1LBR001088 pos.6
  0
XRECORD
  5
391
102
{ACAD_REACTORS
330
32A
102
}
330
32A
100
AcDbXrecord
280
     1
 40
73479.0
  1
\pi4.76303;1LBR001088 \P\pi27.26303;pos.6
  0
XRECORD
  5
32D
102
{ACAD_REACTORS
330
32C
102
}
330
32C
100
AcDbXrecord
280
     1
 40
57745.0
  1
\pxqc;1LBR001088 pos.6
  0
XRECORD
  5
392
102
{ACAD_REACTORS
330
32C
102
}
330
32C
100
AcDbXrecord
280
     1
 40
73479.0
  1
\pi4.76303;1LBR001088 \P\pi27.26303;pos.6
  0
XRECORD
  5
32F
102
{ACAD_REACTORS
330
32E
102
}
330
32E
100
AcDbXrecord
280
     1
 40
57745.0
  1
\pxqc;1LBR001088 pos.6
  0
XRECORD
  5
393
102
{ACAD_REACTORS
330
32E
102
}
330
32E
100
AcDbXrecord
280
     1
 40
73479.0
  1
\pi4.76303;1LBR001088 \P\pi27.26303;pos.6
  0
XRECORD
  5
331
102
{ACAD_REACTORS
330
330
102
}
330
330
100
AcDbXrecord
280
     1
 40
57745.0
  1
\pxqc;1LBR001088 pos.6
  0
XRECORD
  5
394
102
{ACAD_REACTORS
330
330
102
}
330
330
100
AcDbXrecord
280
     1
 40
73479.0
  1
\pi4.76303;1LBR001088 \P\pi27.26303;pos.6
  0
XRECORD
  5
333
102
{ACAD_REACTORS
330
332
102
}
330
332
100
AcDbXrecord
280
     1
 40
57745.0
  1
\pxqc;1LBR001088 pos.6
  0
XRECORD
  5
395
102
{ACAD_REACTORS
330
332
102
}
330
332
100
AcDbXrecord
280
     1
 40
73479.0
  1
\pi4.76303;1LBR001088 \P\pi27.26303;pos.6
  0
XRECORD
  5
335
102
{ACAD_REACTORS
330
334
102
}
330
334
100
AcDbXrecord
280
     1
 40
57745.0
  1
\pxqc;1LBR001088 pos.6
  0
XRECORD
  5
396
102
{ACAD_REACTORS
330
334
102
}
330
334
100
AcDbXrecord
280
     1
 40
73479.0
  1
\pi4.76303;1LBR001088 \P\pi27.26303;pos.6
  0
XRECORD
  5
337
102
{ACAD_REACTORS
330
336
102
}
330
336
100
AcDbXrecord
280
     1
 40
57745.0
  1
\pxqc;1LBR001088 pos.6
  0
XRECORD
  5
397
102
{ACAD_REACTORS
330
336
102
}
330
336
100
AcDbXrecord
280
     1
 40
73479.0
  1
\pi4.76303;1LBR001088 \P\pi27.26303;pos.6
  0
XRECORD
  5
339
102
{ACAD_REACTORS
330
338
102
}
330
338
100
AcDbXrecord
280
     1
 40
57745.0
  1
\pxqc;1LBR001088 pos.6
  0
XRECORD
  5
398
102
{ACAD_REACTORS
330
338
102
}
330
338
100
AcDbXrecord
280
     1
 40
73479.0
  1
\pi4.76303;1LBR001088 \P\pi27.26303;pos.6
  0
XRECORD
  5
33B
102
{ACAD_REACTORS
330
33A
102
}
330
33A
100
AcDbXrecord
280
     1
 40
57745.0
  1
\pxqc;1LBR001088 pos.6
  0
XRECORD
  5
399
102
{ACAD_REACTORS
330
33A
102
}
330
33A
100
AcDbXrecord
280
     1
 40
73479.0
  1
\pi4.76303;1LBR001088 \P\pi27.26303;pos.6
  0
XRECORD
  5
33D
102
{ACAD_REACTORS
330
33C
102
}
330
33C
100
AcDbXrecord
280
     1
 40
57745.0
  1
\pxqc;1LBR001088 pos.6
  0
XRECORD
  5
39A
102
{ACAD_REACTORS
330
33C
102
}
330
33C
100
AcDbXrecord
280
     1
 40
73479.0
  1
\pi4.76303;1LBR001088 \P\pi27.26303;pos.6
  0
XRECORD
  5
33F
102
{ACAD_REACTORS
330
33E
102
}
330
33E
100
AcDbXrecord
280
     1
 40
57745.0
  1
\pxqc;1LBR001088 pos.6
  0
XRECORD
  5
39B
102
{ACAD_REACTORS
330
33E
102
}
330
33E
100
AcDbXrecord
280
     1
 40
73479.0
  1
\pi4.76303;1LBR001088 \P\pi27.26303;pos.6
  0
XRECORD
  5
341
102
{ACAD_REACTORS
330
340
102
}
330
340
100
AcDbXrecord
280
     1
 40
57745.0
  1
\pxqc;1LBR001088 pos.6
  0
XRECORD
  5
39C
102
{ACAD_REACTORS
330
340
102
}
330
340
100
AcDbXrecord
280
     1
 40
73479.0
  1
\pi4.76303;1LBR001088 \P\pi27.26303;pos.6
  0
XRECORD
  5
343
102
{ACAD_REACTORS
330
342
102
}
330
342
100
AcDbXrecord
280
     1
 40
57745.0
  1
\pxqc;1LBR001088 pos.6
  0
XRECORD
  5
39D
102
{ACAD_REACTORS
330
342
102
}
330
342
100
AcDbXrecord
280
     1
 40
73479.0
  1
\pi4.76303;1LBR001088 \P\pi27.26303;pos.6
  0
XRECORD
  5
345
102
{ACAD_REACTORS
330
344
102
}
330
344
100
AcDbXrecord
280
     1
 40
57745.0
  1
\pxqc;1LBR001088 pos.6
  0
XRECORD
  5
39E
102
{ACAD_REACTORS
330
344
102
}
330
344
100
AcDbXrecord
280
     1
 40
73479.0
  1
\pi4.76303;1LBR001088 \P\pi27.26303;pos.6
  0
XRECORD
  5
347
102
{ACAD_REACTORS
330
346
102
}
330
346
100
AcDbXrecord
280
     1
 40
57745.0
  1
\pxqc;1LBR001088 pos.6
  0
XRECORD
  5
39F
102
{ACAD_REACTORS
330
346
102
}
330
346
100
AcDbXrecord
280
     1
 40
73479.0
  1
\pi4.76303;1LBR001088 \P\pi27.26303;pos.6
  0
XRECORD
  5
349
102
{ACAD_REACTORS
330
348
102
}
330
348
100
AcDbXrecord
280
     1
 40
57745.0
  1
\pxqc;1LBR001088 pos.6
  0
XRECORD
  5
3A0
102
{ACAD_REACTORS
330
348
102
}
330
348
100
AcDbXrecord
280
     1
 40
73479.0
  1
\pi4.76303;1LBR001088 \P\pi27.26303;pos.6
  0
XRECORD
  5
34B
102
{ACAD_REACTORS
330
34A
102
}
330
34A
100
AcDbXrecord
280
     1
 40
57745.0
  1
\pxqc;1LBR001088 pos.6
  0
XRECORD
  5
3A1
102
{ACAD_REACTORS
330
34A
102
}
330
34A
100
AcDbXrecord
280
     1
 40
73479.0
  1
\pi4.76303;1LBR001088 \P\pi27.26303;pos.6
  0
XRECORD
  5
34D
102
{ACAD_REACTORS
330
34C
102
}
330
34C
100
AcDbXrecord
280
     1
 40
57745.0
  1
\pxqc;1LBR001088 pos.6
  0
XRECORD
  5
3A2
102
{ACAD_REACTORS
330
34C
102
}
330
34C
100
AcDbXrecord
280
     1
 40
73479.0
  1
\pi4.76303;1LBR001088 \P\pi27.26303;pos.6
  0
XRECORD
  5
34F
102
{ACAD_REACTORS
330
34E
102
}
330
34E
100
AcDbXrecord
280
     1
 40
57745.0
  1
\pxqc;1LBR001088 pos.6
  0
XRECORD
  5
3A3
102
{ACAD_REACTORS
330
34E
102
}
330
34E
100
AcDbXrecord
280
     1
 40
73479.0
  1
\pi4.76303;1LBR001088 \P\pi27.26303;pos.6
  0
XRECORD
  5
351
102
{ACAD_REACTORS
330
350
102
}
330
350
100
AcDbXrecord
280
     1
 40
57745.0
  1
\pxqc;1LBR001088 pos.6
  0
XRECORD
  5
3A4
102
{ACAD_REACTORS
330
350
102
}
330
350
100
AcDbXrecord
280
     1
 40
73479.0
  1
\pi4.76303;1LBR001088 \P\pi27.26303;pos.6
  0
XRECORD
  5
353
102
{ACAD_REACTORS
330
352
102
}
330
352
100
AcDbXrecord
280
     1
 40
57745.0
  1
\pxqc;1LBR001088 pos.6
  0
XRECORD
  5
3A5
102
{ACAD_REACTORS
330
352
102
}
330
352
100
AcDbXrecord
280
     1
 40
73479.0
  1
\pi4.76303;1LBR001088 \P\pi27.26303;pos.6
  0
XRECORD
  5
355
102
{ACAD_REACTORS
330
354
102
}
330
354
100
AcDbXrecord
280
     1
 40
57745.0
  1
\pxqc;1LBR001088 pos.6
  0
XRECORD
  5
3A6
102
{ACAD_REACTORS
330
354
102
}
330
354
100
AcDbXrecord
280
     1
 40
73479.0
  1
\pi4.76303;1LBR001088 \P\pi27.26303;pos.6
  0
XRECORD
  5
357
102
{ACAD_REACTORS
330
356
102
}
330
356
100
AcDbXrecord
280
     1
 40
57745.0
  1
\pxqc;1LBR001088 pos.6
  0
XRECORD
  5
3A7
102
{ACAD_REACTORS
330
356
102
}
330
356
100
AcDbXrecord
280
     1
 40
73479.0
  1
\pi4.76303;1LBR001088 \P\pi27.26303;pos.6
  0
XRECORD
  5
359
102
{ACAD_REACTORS
330
358
102
}
330
358
100
AcDbXrecord
280
     1
 40
57745.0
  1
\pxqc;1LBR001088 pos.6
  0
XRECORD
  5
3A8
102
{ACAD_REACTORS
330
358
102
}
330
358
100
AcDbXrecord
280
     1
 40
73479.0
  1
\pi4.76303;1LBR001088 \P\pi27.26303;pos.6
  0
XRECORD
  5
35B
102
{ACAD_REACTORS
330
35A
102
}
330
35A
100
AcDbXrecord
280
     1
 40
57745.0
  1
\pxqc;1LBR001088 pos.6
  0
XRECORD
  5
3A9
102
{ACAD_REACTORS
330
35A
102
}
330
35A
100
AcDbXrecord
280
     1
 40
73479.0
  1
\pi4.76303;1LBR001088 \P\pi27.26303;pos.6
  0
XRECORD
  5
35D
102
{ACAD_REACTORS
330
35C
102
}
330
35C
100
AcDbXrecord
280
     1
 40
57745.0
  1
\pxqc;1LBR001088 pos.6
  0
XRECORD
  5
3AA
102
{ACAD_REACTORS
330
35C
102
}
330
35C
100
AcDbXrecord
280
     1
 40
73479.0
  1
\pi4.76303;1LBR001088 \P\pi27.26303;pos.6
  0
XRECORD
  5
35F
102
{ACAD_REACTORS
330
35E
102
}
330
35E
100
AcDbXrecord
280
     1
 40
57745.0
  1
\pxqc;1LBR001088 pos.6
  0
XRECORD
  5
3AB
102
{ACAD_REACTORS
330
35E
102
}
330
35E
100
AcDbXrecord
280
     1
 40
73479.0
  1
\pi4.76303;1LBR001088 \P\pi27.26303;pos.6
  0
XRECORD
  5
361
102
{ACAD_REACTORS
330
360
102
}
330
360
100
AcDbXrecord
280
     1
 40
57745.0
  1
\pxqc;1LBR001088 pos.6
  0
XRECORD
  5
3AC
102
{ACAD_REACTORS
330
360
102
}
330
360
100
AcDbXrecord
280
     1
 40
73479.0
  1
\pi4.76303;1LBR001088 \P\pi27.26303;pos.6
  0
XRECORD
  5
363
102
{ACAD_REACTORS
330
362
102
}
330
362
100
AcDbXrecord
280
     1
 40
57745.0
  1
\pxqc;1LBR001088 pos.6
  0
XRECORD
  5
3AD
102
{ACAD_REACTORS
330
362
102
}
330
362
100
AcDbXrecord
280
     1
 40
73479.0
  1
\pi4.76303;1LBR001088 \P\pi27.26303;pos.6
  0
XRECORD
  5
365
102
{ACAD_REACTORS
330
364
102
}
330
364
100
AcDbXrecord
280
     1
 40
57745.0
  1
\pxqc;1LBR001088 pos.6
  0
XRECORD
  5
3AE
102
{ACAD_REACTORS
330
364
102
}
330
364
100
AcDbXrecord
280
     1
 40
73479.0
  1
\pi4.76303;1LBR001088 \P\pi27.26303;pos.6
  0
XRECORD
  5
367
102
{ACAD_REACTORS
330
366
102
}
330
366
100
AcDbXrecord
280
     1
 40
57745.0
  1
\pxqc;1LBR001088 pos.6
  0
XRECORD
  5
3AF
102
{ACAD_REACTORS
330
366
102
}
330
366
100
AcDbXrecord
280
     1
 40
73479.0
  1
\pi4.76303;1LBR001088 \P\pi27.26303;pos.6
  0
XRECORD
  5
369
102
{ACAD_REACTORS
330
368
102
}
330
368
100
AcDbXrecord
280
     1
 40
57745.0
  1
\pxqc;1LBR001088 pos.6
  0
XRECORD
  5
3B0
102
{ACAD_REACTORS
330
368
102
}
330
368
100
AcDbXrecord
280
     1
 40
73479.0
  1
\pi4.76303;1LBR001088 \P\pi27.26303;pos.6
  0
XRECORD
  5
36B
102
{ACAD_REACTORS
330
36A
102
}
330
36A
100
AcDbXrecord
280
     1
 40
57745.0
  1
\pxqc;1LBR001088 pos.6
  0
XRECORD
  5
3B1
102
{ACAD_REACTORS
330
36A
102
}
330
36A
100
AcDbXrecord
280
     1
 40
73479.0
  1
\pi4.76303;1LBR001088 \P\pi27.26303;pos.6
  0
XRECORD
  5
36D
102
{ACAD_REACTORS
330
36C
102
}
330
36C
100
AcDbXrecord
280
     1
 40
57745.0
  1
\pxqc;1LBR001088 pos.6
  0
XRECORD
  5
3B2
102
{ACAD_REACTORS
330
36C
102
}
330
36C
100
AcDbXrecord
280
     1
 40
73479.0
  1
\pi4.76303;1LBR001088 \P\pi27.26303;pos.6
  0
XRECORD
  5
36F
102
{ACAD_REACTORS
330
36E
102
}
330
36E
100
AcDbXrecord
280
     1
 40
57745.0
  1
\pxqc;1LBR001088 pos.6
  0
XRECORD
  5
3B3
102
{ACAD_REACTORS
330
36E
102
}
330
36E
100
AcDbXrecord
280
     1
 40
73479.0
  1
\pi4.76303;1LBR001088 \P\pi27.26303;pos.6
  0
XRECORD
  5
371
102
{ACAD_REACTORS
330
370
102
}
330
370
100
AcDbXrecord
280
     1
 40
57745.0
  1
\pxqc;1LBR001088 pos.6
  0
XRECORD
  5
3B4
102
{ACAD_REACTORS
330
370
102
}
330
370
100
AcDbXrecord
280
     1
 40
73479.0
  1
\pi4.76303;1LBR001088 \P\pi27.26303;pos.6
  0
XRECORD
  5
373
102
{ACAD_REACTORS
330
372
102
}
330
372
100
AcDbXrecord
280
     1
 40
1344.0
  1
\pxqc;CH 0+10
  0
XRECORD
  5
375
102
{ACAD_REACTORS
330
374
102
}
330
374
100
AcDbXrecord
280
     1
 40
1344.0
  1
\pxqc;CH 0+10
  0
XRECORD
  5
377
102
{ACAD_REACTORS
330
376
102
}
330
376
100
AcDbXrecord
280
     1
 40
1344.0
  1
\pxqc;CH 0+10
  0
ACDBDETAILVIEWSTYLE
  5
259
102
{ACAD_XDICTIONARY
360
3EB
102
}
102
{ACAD_REACTORS
330
258
102
}
330
258
100
AcDbModelDocViewStyle
 70
     0
  3
Metric50
290
     0
100
AcDbDetailViewStyle
 70
     0
 71
     0
 90
        3
 71
     1
340
11
 40
5.0
340
0
 40
5.0
300

 40
0.0
280
     1
 71
     2
340
16
 90
       25
 71
     3
340
11
 40
5.0
 90
        0
 40
15.0
 90
        1
300
%<\AcVar ViewDetailId>% (%<\AcVar ViewScale \f "%sn">%)
 71
     4
340
16
 90
       25
340
16
 90
       25
280
     0
  0
LAYOUT
  5
1E
102
{ACAD_XDICTIONARY
360
37B
102
}
102
{ACAD_REACTORS
330
1A
102
}
330
1A
100
AcDbPlotSettings
  1

  2
C:\Program Files\AutoCAD 2002\plotters\DWF ePlot (optimized for plotting).pc3
  4

  6

 40
0.0
 41
0.0
 42
0.0
 43
0.0
 44
0.0
 45
0.0
 46
0.0
 47
0.0
 48
0.0
 49
0.0
140
0.0
141
0.0
142
1.0
143
1.0
 70
   688
 72
     1
 73
     1
 74
     1
  7
acad.stb
 75
    16
147
1.0
148
0.0
149
0.0
100
AcDbLayout
  1
Layout1
 70
     1
 71
     1
 10
0.0
 20
0.0
 11
0.0
 21
0.0
 12
0.0
 22
0.0
 32
0.0
 14
1.000000000000000E+20
 24
1.000000000000000E+20
 34
1.000000000000000E+20
 15
-1.000000000000000E+20
 25
-1.000000000000000E+20
 35
-1.000000000000000E+20
146
0.0
 13
0.0
 23
0.0
 33
0.0
 16
1.0
 26
0.0
 36
0.0
 17
0.0
 27
1.0
 37
0.0
 76
     0
330
1E9
  0
LAYOUT
  5
22
102
{ACAD_XDICTIONARY
360
37D
102
}
102
{ACAD_REACTORS
330
1A
102
}
330
1A
100
AcDbPlotSettings
  1

  2
C:\Program Files\AutoCAD 2002\plotters\DWF ePlot (optimized for plotting).pc3
  4

  6

 40
0.0
 41
0.0
 42
0.0
 43
0.0
 44
0.0
 45
0.0
 46
0.0
 47
0.0
 48
0.0
 49
0.0
140
0.0
141
0.0
142
1.0
143
1.0
 70
  1712
 72
     1
 73
     1
 74
     0
  7
acad.stb
 75
     0
147
1.0
148
0.0
149
0.0
100
AcDbLayout
  1
Model
 70
     1
 71
     0
 10
0.0
 20
0.0
 11
12.0
 21
9.0
 12
0.0
 22
0.0
 32
0.0
 14
0.0
 24
0.0
 34
0.0
 15
0.0
 25
0.0
 35
0.0
146
0.0
 13
0.0
 23
0.0
 33
0.0
 16
1.0
 26
0.0
 36
0.0
 17
0.0
 27
1.0
 37
0.0
 76
     0
330
1F
331
1ED
  0
MATERIAL
  5
21D
102
{ACAD_XDICTIONARY
360
21E
102
}
102
{ACAD_REACTORS
330
203
102
}
330
203
100
AcDbMaterial
  1
ByBlock
 72
     0
 43
0.0008202099737533
 43
0.0
 43
0.0
 43
0.0
 43
0.0
 43
0.0008202099737533
 43
0.0
 43
0.0
 43
0.0
 43
0.0
 43
1.0
 43
0.0
 43
0.0
 43
0.0
 43
0.0
 43
1.0
 77
     0
 47
0.0008202099737533
 47
0.0
 47
0.0
 47
0.0
 47
0.0
 47
0.0008202099737533
 47
0.0
 47
0.0
 47
0.0
 47
0.0
 47
1.0
 47
0.0
 47
0.0
 47
0.0
 47
0.0
 47
1.0
171
     0
 49
0.0008202099737533
 49
0.0
 49
0.0
 49
0.0
 49
0.0
 49
0.0008202099737533
 49
0.0
 49
0.0
 49
0.0
 49
0.0
 49
1.0
 49
0.0
 49
0.0
 49
0.0
 49
0.0
 49
1.0
175
     0
142
0.0008202099737533
142
0.0
142
0.0
142
0.0
142
0.0
142
0.0008202099737533
142
0.0
142
0.0
142
0.0
142
0.0
142
1.0
142
0.0
142
0.0
142
0.0
142
0.0
142
1.0
179
     0
144
0.0008202099737533
144
0.0
144
0.0
144
0.0
144
0.0
144
0.0008202099737533
144
0.0
144
0.0
144
0.0
144
0.0
144
1.0
144
0.0
144
0.0
144
0.0
144
0.0
144
1.0
147
0.0008202099737533
147
0.0
147
0.0
147
0.0
147
0.0
147
0.0008202099737533
147
0.0
147
0.0
147
0.0
147
0.0
147
1.0
147
0.0
147
0.0
147
0.0
147
0.0
147
1.0
  0
MATERIAL
  5
215
102
{ACAD_XDICTIONARY
360
216
102
}
102
{ACAD_REACTORS
330
203
102
}
330
203
100
AcDbMaterial
  1
ByLayer
 72
     0
 43
0.0008202099737533
 43
0.0
 43
0.0
 43
0.0
 43
0.0
 43
0.0008202099737533
 43
0.0
 43
0.0
 43
0.0
 43
0.0
 43
1.0
 43
0.0
 43
0.0
 43
0.0
 43
0.0
 43
1.0
 77
     0
 47
0.0008202099737533
 47
0.0
 47
0.0
 47
0.0
 47
0.0
 47
0.0008202099737533
 47
0.0
 47
0.0
 47
0.0
 47
0.0
 47
1.0
 47
0.0
 47
0.0
 47
0.0
 47
0.0
 47
1.0
171
     0
 49
0.0008202099737533
 49
0.0
 49
0.0
 49
0.0
 49
0.0
 49
0.0008202099737533
 49
0.0
 49
0.0
 49
0.0
 49
0.0
 49
1.0
 49
0.0
 49
0.0
 49
0.0
 49
0.0
 49
1.0
175
     0
142
0.0008202099737533
142
0.0
142
0.0
142
0.0
142
0.0
142
0.0008202099737533
142
0.0
142
0.0
142
0.0
142
0.0
142
1.0
142
0.0
142
0.0
142
0.0
142
0.0
142
1.0
179
     0
144
0.0008202099737533
144
0.0
144
0.0
144
0.0
144
0.0
144
0.0008202099737533
144
0.0
144
0.0
144
0.0
144
0.0
144
1.0
144
0.0
144
0.0
144
0.0
144
0.0
144
1.0
147
0.0008202099737533
147
0.0
147
0.0
147
0.0
147
0.0
147
0.0008202099737533
147
0.0
147
0.0
147
0.0
147
0.0
147
1.0
147
0.0
147
0.0
147
0.0
147
0.0
147
1.0
  0
MATERIAL
  5
225
102
{ACAD_XDICTIONARY
360
226
102
}
102
{ACAD_REACTORS
330
203
102
}
330
203
100
AcDbMaterial
  1
Global
 72
     0
 43
0.0008202099737533
 43
0.0
 43
0.0
 43
0.0
 43
0.0
 43
0.0008202099737533
 43
0.0
 43
0.0
 43
0.0
 43
0.0
 43
1.0
 43
0.0
 43
0.0
 43
0.0
 43
0.0
 43
1.0
 77
     0
 47
0.0008202099737533
 47
0.0
 47
0.0
 47
0.0
 47
0.0
 47
0.0008202099737533
 47
0.0
 47
0.0
 47
0.0
 47
0.0
 47
1.0
 47
0.0
 47
0.0
 47
0.0
 47
0.0
 47
1.0
171
     0
 49
0.0008202099737533
 49
0.0
 49
0.0
 49
0.0
 49
0.0
 49
0.0008202099737533
 49
0.0
 49
0.0
 49
0.0
 49
0.0
 49
1.0
 49
0.0
 49
0.0
 49
0.0
 49
0.0
 49
1.0
175
     0
142
0.0008202099737533
142
0.0
142
0.0
142
0.0
142
0.0
142
0.0008202099737533
142
0.0
142
0.0
142
0.0
142
0.0
142
1.0
142
0.0
142
0.0
142
0.0
142
0.0
142
1.0
179
     0
144
0.0008202099737533
144
0.0
144
0.0
144
0.0
144
0.0
144
0.0008202099737533
144
0.0
144
0.0
144
0.0
144
0.0
144
1.0
144
0.0
144
0.0
144
0.0
144
0.0
144
1.0
147
0.0008202099737533
147
0.0
147
0.0
147
0.0
147
0.0
147
0.0008202099737533
147
0.0
147
0.0
147
0.0
147
0.0
147
1.0
147
0.0
147
0.0
147
0.0
147
0.0
147
1.0
  0
MLEADERSTYLE
  5
205
102
{ACAD_REACTORS
330
204
102
}
330
204
100
AcDbMLeaderStyle
170
     2
171
     1
172
     0
 90
        2
 40
0.0
 41
0.0
173
     1
 91
-1073741824
 92
       -2
290
     1
 42
0.09
291
     1
 43
0.36
  3
Standard
 44
0.18
300

174
     1
178
     1
175
     1
176
     0
 93
-1073741824
 45
0.18
292
     0
297
     0
 46
0.0
 94
-1073741824
 47
1.0
 49
1.0
140
1.0
293
     1
141
0.0
294
     1
177
     0
142
1.0
295
     0
296
     0
143
0.125
1001
ACAD_MLEADERVER
1070
     2
  0
MLINESTYLE
  5
18
102
{ACAD_REACTORS
330
17
102
}
330
17
100
AcDbMlineStyle
  2
STANDARD
 70
     0
  3

 62
   256
 51
90.0
 52
90.0
 71
     2
 49
0.5
 62
     0
  6
BYLAYER
 49
-0.5
 62
     0
  6
BYLAYER
  0
ACDBPLACEHOLDER
  5
F
102
{ACAD_REACTORS
330
E
102
}
330
E
  0
SCALE
  5
245
102
{ACAD_REACTORS
330
1EE
102
}
330
1EE
100
AcDbScale
 70
     0
300
1:1
140
1.0
141
1.0
290
     1
  0
SCALE
  5
246
102
{ACAD_REACTORS
330
1EE
102
}
330
1EE
100
AcDbScale
 70
     0
300
1:2
140
1.0
141
2.0
290
     0
  0
SCALE
  5
247
102
{ACAD_REACTORS
330
1EE
102
}
330
1EE
100
AcDbScale
 70
     0
300
1:4
140
1.0
141
4.0
290
     0
  0
SCALE
  5
248
102
{ACAD_REACTORS
330
1EE
102
}
330
1EE
100
AcDbScale
 70
     0
300
1:5
140
1.0
141
5.0
290
     0
  0
SCALE
  5
249
102
{ACAD_REACTORS
330
1EE
102
}
330
1EE
100
AcDbScale
 70
     0
300
1:8
140
1.0
141
8.0
290
     0
  0
SCALE
  5
24A
102
{ACAD_REACTORS
330
1EE
102
}
330
1EE
100
AcDbScale
 70
     0
300
1:10
140
1.0
141
10.0
290
     0
  0
SCALE
  5
24B
102
{ACAD_REACTORS
330
1EE
102
}
330
1EE
100
AcDbScale
 70
     0
300
1:16
140
1.0
141
16.0
290
     0
  0
SCALE
  5
24C
102
{ACAD_REACTORS
330
1EE
102
}
330
1EE
100
AcDbScale
 70
     0
300
1:20
140
1.0
141
20.0
290
     0
  0
SCALE
  5
24D
102
{ACAD_REACTORS
330
1EE
102
}
330
1EE
100
AcDbScale
 70
     0
300
1:30
140
1.0
141
30.0
290
     0
  0
SCALE
  5
24E
102
{ACAD_REACTORS
330
1EE
102
}
330
1EE
100
AcDbScale
 70
     0
300
1:40
140
1.0
141
40.0
290
     0
  0
SCALE
  5
24F
102
{ACAD_REACTORS
330
1EE
102
}
330
1EE
100
AcDbScale
 70
     0
300
1:50
140
1.0
141
50.0
290
     0
  0
SCALE
  5
250
102
{ACAD_REACTORS
330
1EE
102
}
330
1EE
100
AcDbScale
 70
     0
300
1:100
140
1.0
141
100.0
290
     0
  0
SCALE
  5
251
102
{ACAD_REACTORS
330
1EE
102
}
330
1EE
100
AcDbScale
 70
     0
300
2:1
140
2.0
141
1.0
290
     0
  0
SCALE
  5
252
102
{ACAD_REACTORS
330
1EE
102
}
330
1EE
100
AcDbScale
 70
     0
300
4:1
140
4.0
141
1.0
290
     0
  0
SCALE
  5
253
102
{ACAD_REACTORS
330
1EE
102
}
330
1EE
100
AcDbScale
 70
     0
300
8:1
140
8.0
141
1.0
290
     0
  0
SCALE
  5
254
102
{ACAD_REACTORS
330
1EE
102
}
330
1EE
100
AcDbScale
 70
     0
300
10:1
140
10.0
141
1.0
290
     0
  0
SCALE
  5
255
102
{ACAD_REACTORS
330
1EE
102
}
330
1EE
100
AcDbScale
 70
     0
300
100:1
140
100.0
141
1.0
290
     0
  0
ACDBSECTIONVIEWSTYLE
  5
257
102
{ACAD_XDICTIONARY
360
3E9
102
}
102
{ACAD_REACTORS
330
256
102
}
330
256
100
AcDbModelDocViewStyle
 70
     0
  3
Metric50
290
     0
100
AcDbSectionViewStyle
 70
     0
 71
     0
 90
      102
 71
     1
340
11
 40
5.0
340
0
340
0
 40
5.0
300
I, O, Q, S, X, Z
 40
10.0
 90
        0
 40
2.5
 90
        0
 71
     2
340
16
 90
       25
340
16
 90
       50
 40
5.0
 40
2.5
 40
5.0
 71
     3
340
11
 40
5.0
 90
        0
 40
15.0
 90
        1
300
%<\AcVar ViewSectionStartId>%-%<\AcVar ViewSectionEndId>% (%<\AcVar ViewScale \f "%sn">%)
 71
     4
300
ANSI31
 40
1.0
 90
        0
290
     0
290
     0
 90
        6
 40
0.0
 40
1.570796326794896
 40
0.2617993877991494
 40
1.308996938995747
 40
-0.2617993877991494
 40
1.832595714594046
  0
TABLESTYLE
  5
207
102
{ACAD_XDICTIONARY
360
208
102
}
102
{ACAD_REACTORS
330
206
102
}
330
206
100
AcDbTableStyle
  3

 70
     0
 71
     0
 40
0.06
 41
0.06
280
     0
281
     0
  7
Standard
140
0.18
170
     1
 62
     0
 63
     7
283
     0
274
    -2
284
     1
 64
     0
275
    -2
285
     1
 65
     0
276
    -2
286
     1
 66
     0
277
    -2
287
     1
 67
     0
278
    -2
288
     1
 68
     0
279
    -2
289
     1
 69
     0
  7
Standard
140
0.18
170
     1
 62
     0
 63
     7
283
     0
274
    -2
284
     1
 64
     0
275
    -2
285
     1
 65
     0
276
    -2
286
     1
 66
     0
277
    -2
287
     1
 67
     0
278
    -2
288
     1
 68
     0
279
    -2
289
     1
 69
     0
  7
Standard
140
0.18
170
     1
 62
     0
 63
     7
283
     0
274
    -2
284
     1
 64
     0
275
    -2
285
     1
 65
     0
276
    -2
286
     1
 66
     0
277
    -2
287
     1
 67
     0
278
    -2
288
     1
 68
     0
279
    -2
289
     1
 69
     0
  0
VISUALSTYLE
  5
232
102
{ACAD_XDICTIONARY
360
3C3
102
}
102
{ACAD_REACTORS
330
20E
102
}
330
20E
100
AcDbVisualStyle
  2
2dWireframe
 70
     4
 71
     0
 72
     2
 73
     0
 90
        0
 40
-0.6
 41
-30.0
 62
     5
 63
     7
 74
     1
 91
        4
 64
     7
 65
   257
 75
     1
175
     1
 42
1.0
 92
        0
 66
   257
 43
1.0
 76
     1
 77
     6
 78
     2
 67
     7
 79
     5
170
     0
171
     0
290
     0
174
     0
 93
        1
 44
0.0
173
     0
291
     0
 45
0.0
1001
ACAD
1000
AcDbSavedByObjectVersion
1070
     0
  0
VISUALSTYLE
  5
231
102
{ACAD_XDICTIONARY
360
3C1
102
}
102
{ACAD_REACTORS
330
20E
102
}
330
20E
100
AcDbVisualStyle
  2
Basic
 70
     7
 71
     1
 72
     0
 73
     1
 90
        0
 40
-0.6
 41
-30.0
 62
     5
 63
     7
 74
     0
 91
        4
 64
     7
 65
   257
 75
     1
175
     1
 42
1.0
 92
        8
 66
     7
 43
1.0
 76
     1
 77
     6
 78
     2
 67
     7
 79
     5
170
     0
171
     0
290
     0
174
     0
 93
        1
 44
0.0
173
     0
291
     1
 45
0.0
1001
ACAD
1000
AcDbSavedByObjectVersion
1070
     0
  0
VISUALSTYLE
  5
238
102
{ACAD_XDICTIONARY
360
3CF
102
}
102
{ACAD_REACTORS
330
20E
102
}
330
20E
100
AcDbVisualStyle
  2
Brighten
 70
    12
 71
     2
 72
     2
 73
     0
 90
        0
 40
-0.6
 41
-30.0
 62
     5
 63
     7
 74
     1
 91
        4
 64
     7
 65
   257
 75
     1
175
     1
 42
1.0
 92
        8
 66
     7
 43
1.0
 76
     1
 77
     6
 78
     2
 67
     7
 79
     5
170
     0
171
     0
290
     0
174
     0
 93
        1
 44
50.0
173
     0
291
     1
 45
0.0
1001
ACAD
1000
AcDbSavedByObjectVersion
1070
     0
  0
VISUALSTYLE
  5
23C
102
{ACAD_XDICTIONARY
360
3D7
102
}
102
{ACAD_REACTORS
330
20E
102
}
330
20E
100
AcDbVisualStyle
  2
ColorChange
 70
    16
 71
     2
 72
     2
 73
     3
 90
        0
 40
-0.6
 41
-30.0
 62
     5
 63
     8
 74
     1
 91
        4
 64
     7
 65
   257
 75
     1
175
     1
 42
1.0
 92
        8
 66
     8
 43
1.0
 76
     1
 77
     6
 78
     2
 67
     7
 79
     5
170
     0
171
     0
290
     0
174
     0
 93
        1
 44
0.0
173
     0
291
     1
 45
0.0
1001
ACAD
1000
AcDbSavedByObjectVersion
1070
     0
  0
VISUALSTYLE
  5
235
102
{ACAD_XDICTIONARY
360
3C9
102
}
102
{ACAD_REACTORS
330
20E
102
}
330
20E
100
AcDbVisualStyle
  2
Conceptual
 70
     9
 71
     3
 72
     2
 73
     0
 90
        0
 40
-0.6
 41
-30.0
 62
     5
 63
     7
 74
     2
 91
        2
 64
     7
 65
   257
 75
     1
175
     1
 42
179.0
 92
        8
 66
     7
 43
1.0
 76
     1
 77
     6
 78
     2
 67
     7
 79
     3
170
     0
171
     0
290
     0
174
     0
 93
        1
 44
0.0
173
     0
291
     0
 45
0.0
1001
ACAD
1000
AcDbSavedByObjectVersion
1070
     0
  0
VISUALSTYLE
  5
237
102
{ACAD_XDICTIONARY
360
3CD
102
}
102
{ACAD_REACTORS
330
20E
102
}
330
20E
100
AcDbVisualStyle
  2
Dim
 70
    11
 71
     2
 72
     2
 73
     0
 90
        0
 40
-0.6
 41
-30.0
 62
     5
 63
     7
 74
     1
 91
        4
 64
     7
 65
   257
 75
     1
175
     1
 42
1.0
 92
        8
 66
     7
 43
1.0
 76
     1
 77
     6
 78
     2
 67
     7
 79
     5
170
     0
171
     0
290
     0
174
     0
 93
        1
 44
-50.0
173
     0
291
     1
 45
0.0
1001
ACAD
1000
AcDbSavedByObjectVersion
1070
     0
  0
VISUALSTYLE
  5
244
102
{ACAD_XDICTIONARY
360
3E7
102
}
102
{ACAD_REACTORS
330
20E
102
}
330
20E
100
AcDbVisualStyle
  2
EdgeColorOff
 70
    22
 71
     2
 72
     2
 73
     0
 90
        0
 40
-0.6
 41
-30.0
 62
     5
 63
     7
 74
     1
 91
        4
 64
     7
 65
   257
 75
     1
175
     1
 42
1.0
 92
        8
 66
     7
 43
1.0
 76
     1
 77
     6
 78
     2
 67
     7
 79
     5
170
     0
171
     0
290
     0
174
     0
 93
        1
 44
0.0
173
     0
291
     1
 45
0.0
1001
ACAD
1000
AcDbSavedByObjectVersion
1070
     0
  0
VISUALSTYLE
  5
23B
102
{ACAD_XDICTIONARY
360
3D5
102
}
102
{ACAD_REACTORS
330
20E
102
}
330
20E
100
AcDbVisualStyle
  2
Facepattern
 70
    15
 71
     2
 72
     2
 73
     0
 90
        0
 40
-0.6
 41
-30.0
 62
     5
 63
     7
 74
     1
 91
        4
 64
     7
 65
   257
 75
     1
175
     1
 42
1.0
 92
        8
 66
     7
 43
1.0
 76
     1
 77
     6
 78
     2
 67
     7
 79
     5
170
     0
171
     0
290
     0
174
     0
 93
        1
 44
0.0
173
     0
291
     1
 45
0.0
1001
ACAD
1000
AcDbSavedByObjectVersion
1070
     0
  0
VISUALSTYLE
  5
22D
102
{ACAD_XDICTIONARY
360
3B9
102
}
102
{ACAD_REACTORS
330
20E
102
}
330
20E
100
AcDbVisualStyle
  2
Flat
 70
     0
 71
     2
 72
     1
 73
     1
 90
        2
 40
-0.6
 41
30.0
 62
     5
 63
     7
 74
     0
 91
        0
 64
     7
 65
   257
 75
     1
175
     1
 42
1.0
 92
        8
 66
     7
 43
1.0
 76
     1
 77
     6
 78
     2
 67
     7
 79
     5
170
     0
171
     0
290
     0
174
     0
 93
       13
 44
0.0
173
     0
291
     1
 45
0.0
1001
ACAD
1000
AcDbSavedByObjectVersion
1070
     0
  0
VISUALSTYLE
  5
22E
102
{ACAD_XDICTIONARY
360
3BB
102
}
102
{ACAD_REACTORS
330
20E
102
}
330
20E
100
AcDbVisualStyle
  2
FlatWithEdges
 70
     1
 71
     2
 72
     1
 73
     1
 90
        2
 40
-0.6
 41
30.0
 62
     5
 63
     7
 74
     1
 91
        0
 64
     7
 65
   257
 75
     1
175
     1
 42
1.0
 92
        0
 66
   257
 43
1.0
 76
     1
 77
     6
 78
     2
 67
     7
 79
     5
170
     0
171
     0
290
     0
174
     0
 93
       13
 44
0.0
173
     0
291
     1
 45
0.0
1001
ACAD
1000
AcDbSavedByObjectVersion
1070
     0
  0
VISUALSTYLE
  5
22F
102
{ACAD_XDICTIONARY
360
3BD
102
}
102
{ACAD_REACTORS
330
20E
102
}
330
20E
100
AcDbVisualStyle
  2
Gouraud
 70
     2
 71
     2
 72
     2
 73
     1
 90
        2
 40
-0.6
 41
30.0
 62
     5
 63
     7
 74
     0
 91
        0
 64
     7
 65
   257
 75
     1
175
     1
 42
1.0
 92
        0
 66
     7
 43
1.0
 76
     1
 77
     6
 78
     2
 67
     7
 79
     5
170
     0
171
     0
290
     0
174
     0
 93
       13
 44
0.0
173
     0
291
     1
 45
0.0
1001
ACAD
1000
AcDbSavedByObjectVersion
1070
     0
  0
VISUALSTYLE
  5
230
102
{ACAD_XDICTIONARY
360
3BF
102
}
102
{ACAD_REACTORS
330
20E
102
}
330
20E
100
AcDbVisualStyle
  2
GouraudWithEdges
 70
     3
 71
     2
 72
     2
 73
     1
 90
        2
 40
-0.6
 41
30.0
 62
     5
 63
     7
 74
     1
 91
        0
 64
     7
 65
   257
 75
     1
175
     1
 42
1.0
 92
        0
 66
   257
 43
1.0
 76
     1
 77
     6
 78
     2
 67
     7
 79
     5
170
     0
171
     0
290
     0
174
     0
 93
       13
 44
0.0
173
     0
291
     1
 45
0.0
1001
ACAD
1000
AcDbSavedByObjectVersion
1070
     0
  0
VISUALSTYLE
  5
234
102
{ACAD_XDICTIONARY
360
3C7
102
}
102
{ACAD_REACTORS
330
20E
102
}
330
20E
100
AcDbVisualStyle
  2
Hidden
 70
     6
 71
     1
 72
     2
 73
     2
 90
        0
 40
-0.6
 41
-30.0
 62
     5
 63
     7
 74
     2
 91
        2
 64
     7
 65
   257
 75
     2
175
     1
 42
40.0
 92
        0
 66
   257
 43
1.0
 76
     1
 77
     6
 78
     2
 67
     7
 79
     3
170
     0
171
     0
290
     0
174
     0
 93
        1
 44
0.0
173
     0
291
     0
 45
0.0
1001
ACAD
1000
AcDbSavedByObjectVersion
1070
     0
  0
VISUALSTYLE
  5
242
102
{ACAD_XDICTIONARY
360
3E3
102
}
102
{ACAD_REACTORS
330
20E
102
}
330
20E
100
AcDbVisualStyle
  2
JitterOff
 70
    20
 71
     2
 72
     2
 73
     0
 90
        0
 40
-0.6
 41
-30.0
 62
     5
 63
     7
 74
     1
 91
        4
 64
     7
 65
   257
 75
     1
175
     1
 42
1.0
 92
       10
 66
     7
 43
1.0
 76
     1
 77
     6
 78
     2
 67
     7
 79
     5
170
     0
171
     0
290
     0
174
     0
 93
        1
 44
0.0
173
     0
291
     1
 45
0.0
1001
ACAD
1000
AcDbSavedByObjectVersion
1070
     0
  0
VISUALSTYLE
  5
23A
102
{ACAD_XDICTIONARY
360
3D3
102
}
102
{ACAD_REACTORS
330
20E
102
}
330
20E
100
AcDbVisualStyle
  2
Linepattern
 70
    14
 71
     2
 72
     2
 73
     0
 90
        0
 40
-0.6
 41
-30.0
 62
     5
 63
     7
 74
     1
 91
        4
 64
     7
 65
   257
 75
     7
175
     7
 42
1.0
 92
        8
 66
     7
 43
1.0
 76
     1
 77
     6
 78
     2
 67
     7
 79
     5
170
     0
171
     0
290
     0
174
     0
 93
        1
 44
0.0
173
     0
291
     1
 45
0.0
1001
ACAD
1000
AcDbSavedByObjectVersion
1070
     0
  0
VISUALSTYLE
  5
243
102
{ACAD_XDICTIONARY
360
3E5
102
}
102
{ACAD_REACTORS
330
20E
102
}
330
20E
100
AcDbVisualStyle
  2
OverhangOff
 70
    21
 71
     2
 72
     2
 73
     0
 90
        0
 40
-0.6
 41
-30.0
 62
     5
 63
     7
 74
     1
 91
        4
 64
     7
 65
   257
 75
     1
175
     1
 42
1.0
 92
        9
 66
     7
 43
1.0
 76
     1
 77
     6
 78
     2
 67
     7
 79
     5
170
     0
171
     0
290
     0
174
     0
 93
        1
 44
0.0
173
     0
291
     1
 45
0.0
1001
ACAD
1000
AcDbSavedByObjectVersion
1070
     0
  0
VISUALSTYLE
  5
236
102
{ACAD_XDICTIONARY
360
3CB
102
}
102
{ACAD_REACTORS
330
20E
102
}
330
20E
100
AcDbVisualStyle
  2
Realistic
 70
     8
 71
     2
 72
     3
 73
     0
 90
        2
 40
-0.6
 41
30.0
 62
     5
 63
     7
 74
     0
 91
        0
 64
     7
 65
   257
 75
     1
175
     1
 42
1.0
 92
        8
 66
   257
 43
1.0
 76
     1
 77
     6
 78
     2
 67
     7
 79
     3
170
     0
171
     0
290
     0
174
     0
 93
       13
 44
0.0
173
     0
291
     0
 45
0.0
1001
ACAD
1000
AcDbSavedByObjectVersion
1070
     0
  0
VISUALSTYLE
  5
241
102
{ACAD_XDICTIONARY
360
3E1
102
}
102
{ACAD_REACTORS
330
20E
102
}
330
20E
100
AcDbVisualStyle
  2
Shaded
 70
    27
 71
     2
 72
     2
 73
     1
 90
        2
 40
-0.6
 41
30.0
 62
     5
 63
     7
 74
     0
 91
        4
 64
     7
 65
   257
 75
     1
175
     1
 42
1.0
 92
        8
 66
   257
 43
1.0
 76
     1
 77
     6
 78
     2
 67
     8
 79
     3
170
     0
171
     0
290
     0
174
     0
 93
        5
 44
0.0
173
     0
291
     0
 45
0.0
1001
ACAD
1000
AcDbSavedByObjectVersion
1070
     0
  0
VISUALSTYLE
  5
240
102
{ACAD_XDICTIONARY
360
3DF
102
}
102
{ACAD_REACTORS
330
20E
102
}
330
20E
100
AcDbVisualStyle
  2
Shaded with edges
 70
    26
 71
     2
 72
     2
 73
     1
 90
        2
 40
-0.6
 41
30.0
 62
     5
 63
     7
 74
     1
 91
        2
 64
     7
 65
   257
 75
     2
175
     1
 42
1.0
 92
        8
 66
   257
 43
1.0
 76
     1
 77
     6
 78
     2
 67
     7
 79
     3
170
     0
171
     0
290
     0
174
     0
 93
        5
 44
0.0
173
     0
291
     0
 45
0.0
1001
ACAD
1000
AcDbSavedByObjectVersion
1070
     0
  0
VISUALSTYLE
  5
23D
102
{ACAD_XDICTIONARY
360
3D9
102
}
102
{ACAD_REACTORS
330
20E
102
}
330
20E
100
AcDbVisualStyle
  2
Shades of Gray
 70
    23
 71
     2
 72
     2
 73
     3
 90
        0
 40
-0.6
 41
-30.0
 62
     5
 63
     7
 74
     2
 91
        2
 64
     7
 65
     7
 75
     1
175
     1
 42
40.0
 92
        8
 66
     7
 43
1.0
 76
     1
 77
     6
 78
     2
 67
     7
 79
     3
170
     0
171
     0
290
     0
174
     0
 93
        1
 44
0.0
173
     0
291
     0
 45
0.0
1001
ACAD
1000
AcDbSavedByObjectVersion
1070
     0
  0
VISUALSTYLE
  5
23E
102
{ACAD_XDICTIONARY
360
3DB
102
}
102
{ACAD_REACTORS
330
20E
102
}
330
20E
100
AcDbVisualStyle
  2
Sketchy
 70
    24
 71
     1
 72
     2
 73
     2
 90
        0
 40
-0.6
 41
-30.0
 62
     5
 63
     7
 74
     2
 91
        2
 64
     7
 65
     7
 75
     1
175
     1
 42
40.0
 92
       11
 66
     7
 43
1.0
 76
     1
 77
     6
 78
     2
 67
     7
 79
     6
170
     0
171
     0
290
     0
174
     0
 93
        1
 44
0.0
173
     0
291
     0
 45
0.0
1001
ACAD
1000
AcDbSavedByObjectVersion
1070
     0
  0
VISUALSTYLE
  5
239
102
{ACAD_XDICTIONARY
360
3D1
102
}
102
{ACAD_REACTORS
330
20E
102
}
330
20E
100
AcDbVisualStyle
  2
Thicken
 70
    13
 71
     2
 72
     2
 73
     0
 90
        0
 40
-0.6
 41
-30.0
 62
     5
 63
     7
 74
     1
 91
        4
 64
     7
 65
   257
 75
     1
175
     1
 42
1.0
 92
       12
 66
     7
 43
1.0
 76
     1
 77
     6
 78
     2
 67
     7
 79
     5
170
     0
171
     0
290
     0
174
     0
 93
        1
 44
0.0
173
     0
291
     1
 45
0.0
1001
ACAD
1000
AcDbSavedByObjectVersion
1070
     0
  0
VISUALSTYLE
  5
233
102
{ACAD_XDICTIONARY
360
3C5
102
}
102
{ACAD_REACTORS
330
20E
102
}
330
20E
100
AcDbVisualStyle
  2
Wireframe
 70
     5
 71
     0
 72
     2
 73
     0
 90
        0
 40
-0.6
 41
-30.0
 62
     5
 63
     7
 74
     1
 91
        4
 64
     7
 65
   257
 75
     1
175
     1
 42
1.0
 92
        0
 66
   257
 43
1.0
 76
     1
 77
     6
 78
     2
 67
     7
 79
     3
170
     0
171
     0
290
     0
174
     0
 93
        1
 44
0.0
173
     0
291
     0
 45
0.0
1001
ACAD
1000
AcDbSavedByObjectVersion
1070
     0
  0
VISUALSTYLE
  5
23F
102
{ACAD_XDICTIONARY
360
3DD
102
}
102
{ACAD_REACTORS
330
20E
102
}
330
20E
100
AcDbVisualStyle
  2
X-Ray
 70
    25
 71
     2
 72
     2
 73
     1
 90
        1
 40
0.5
 41
-30.0
 62
     5
 63
     7
 74
     1
 91
        0
 64
     7
 65
   257
 75
     1
175
     1
 42
1.0
 92
        8
 66
     7
 43
1.0
 76
     1
 77
     6
 78
     2
 67
     7
 79
     3
170
     0
171
     0
290
     0
174
     0
 93
       13
 44
0.0
173
     0
291
     0
 45
0.0
1001
ACAD
1000
AcDbSavedByObjectVersion
1070
     0
  0
DICTIONARYVAR
  5
302
102
{ACAD_REACTORS
330
20B
102
}
330
20B
100
DictionaryVariables
280
     0
  1
1:1
  0
DICTIONARYVAR
  5
2FF
102
{ACAD_REACTORS
330
20B
102
}
330
20B
100
DictionaryVariables
280
     0
  1
STANDARD
  0
DICTIONARYVAR
  5
2FE
102
{ACAD_REACTORS
330
20B
102
}
330
20B
100
DictionaryVariables
280
     0
  1
STANDARD
  0
DICTIONARYVAR
  5
300
102
{ACAD_REACTORS
330
20B
102
}
330
20B
100
DictionaryVariables
280
     0
  1
Metric50
  0
DICTIONARYVAR
  5
301
102
{ACAD_REACTORS
330
20B
102
}
330
20B
100
DictionaryVariables
280
     0
  1
Metric50
  0
DICTIONARYVAR
  5
20C
102
{ACAD_REACTORS
330
20B
102
}
330
20B
100
DictionaryVariables
280
     0
  1
1
  0
DICTIONARYVAR
  5
20D
102
{ACAD_REACTORS
330
20B
102
}
330
20B
100
DictionaryVariables
280
     0
  1
0
  0
DICTIONARYVAR
  5
304
102
{ACAD_REACTORS
330
20B
102
}
330
20B
100
DictionaryVariables
280
     0
  1
0
  0
DICTIONARYVAR
  5
303
102
{ACAD_REACTORS
330
20B
102
}
330
20B
100
DictionaryVariables
280
     0
  1
127
  0
DICTIONARYVAR
  5
305
102
{ACAD_REACTORS
330
20B
102
}
330
20B
100
DictionaryVariables
280
     0
  1
2
  0
DICTIONARY
  5
3EB
330
259
100
AcDbDictionary
280
     1
281
     1
  3
ACAD_XREC_ROUNDTRIP
360
3EC
  0
DICTIONARY
  5
37B
330
1E
100
AcDbDictionary
280
     1
281
     1
  3
ACAD_XREC_ROUNDTRIP
360
37C
  0
DICTIONARY
  5
37D
330
22
100
AcDbDictionary
280
     1
281
     1
  3
ACAD_XREC_ROUNDTRIP
360
37E
  0
DICTIONARY
  5
21E
330
21D
100
AcDbDictionary
280
     1
281
     1
  3
ACAD_XREC_ROUNDTRIP
360
3B7
  3
BUMPTILE
360
220
  3
DIFFUSETILE
360
21F
  3
OPACITYTILE
360
223
  3
REFLECTIONTILE
360
222
  3
REFRACTIONTILE
360
224
  3
SPECULARTILE
360
221
  0
DICTIONARY
  5
216
330
215
100
AcDbDictionary
280
     1
281
     1
  3
ACAD_XREC_ROUNDTRIP
360
3B6
  3
BUMPTILE
360
218
  3
DIFFUSETILE
360
217
  3
OPACITYTILE
360
21B
  3
REFLECTIONTILE
360
21A
  3
REFRACTIONTILE
360
21C
  3
SPECULARTILE
360
219
  0
DICTIONARY
  5
226
330
225
100
AcDbDictionary
280
     1
281
     1
  3
ACAD_XREC_ROUNDTRIP
360
3B8
  3
BUMPTILE
360
228
  3
DIFFUSETILE
360
227
  3
OPACITYTILE
360
22B
  3
REFLECTIONTILE
360
22A
  3
REFRACTIONTILE
360
22C
  3
SPECULARTILE
360
229
  0
DICTIONARY
  5
3E9
330
257
100
AcDbDictionary
280
     1
281
     1
  3
ACAD_XREC_ROUNDTRIP
360
3EA
  0
DICTIONARY
  5
208
330
207
100
AcDbDictionary
281
     1
  3
ACAD_ROUNDTRIP_2008_TABLESTYLE_CELLSTYLEMAP
350
378
  3
ACAD_XREC_ROUNDTRIP
350
3B5
  0
DICTIONARY
  5
3C3
330
232
100
AcDbDictionary
280
     1
281
     1
  3
ACAD_XREC_ROUNDTRIP
360
3C4
  0
DICTIONARY
  5
3C1
330
231
100
AcDbDictionary
280
     1
281
     1
  3
ACAD_XREC_ROUNDTRIP
360
3C2
  0
DICTIONARY
  5
3CF
330
238
100
AcDbDictionary
280
     1
281
     1
  3
ACAD_XREC_ROUNDTRIP
360
3D0
  0
DICTIONARY
  5
3D7
330
23C
100
AcDbDictionary
280
     1
281
     1
  3
ACAD_XREC_ROUNDTRIP
360
3D8
  0
DICTIONARY
  5
3C9
330
235
100
AcDbDictionary
280
     1
281
     1
  3
ACAD_XREC_ROUNDTRIP
360
3CA
  0
DICTIONARY
  5
3CD
330
237
100
AcDbDictionary
280
     1
281
     1
  3
ACAD_XREC_ROUNDTRIP
360
3CE
  0
DICTIONARY
  5
3E7
330
244
100
AcDbDictionary
280
     1
281
     1
  3
ACAD_XREC_ROUNDTRIP
360
3E8
  0
DICTIONARY
  5
3D5
330
23B
100
AcDbDictionary
280
     1
281
     1
  3
ACAD_XREC_ROUNDTRIP
360
3D6
  0
DICTIONARY
  5
3B9
330
22D
100
AcDbDictionary
280
     1
281
     1
  3
ACAD_XREC_ROUNDTRIP
360
3BA
  0
DICTIONARY
  5
3BB
330
22E
100
AcDbDictionary
280
     1
281
     1
  3
ACAD_XREC_ROUNDTRIP
360
3BC
  0
DICTIONARY
  5
3BD
330
22F
100
AcDbDictionary
280
     1
281
     1
  3
ACAD_XREC_ROUNDTRIP
360
3BE
  0
DICTIONARY
  5
3BF
330
230
100
AcDbDictionary
280
     1
281
     1
  3
ACAD_XREC_ROUNDTRIP
360
3C0
  0
DICTIONARY
  5
3C7
330
234
100
AcDbDictionary
280
     1
281
     1
  3
ACAD_XREC_ROUNDTRIP
360
3C8
  0
DICTIONARY
  5
3E3
330
242
100
AcDbDictionary
280
     1
281
     1
  3
ACAD_XREC_ROUNDTRIP
360
3E4
  0
DICTIONARY
  5
3D3
330
23A
100
AcDbDictionary
280
     1
281
     1
  3
ACAD_XREC_ROUNDTRIP
360
3D4
  0
DICTIONARY
  5
3E5
330
243
100
AcDbDictionary
280
     1
281
     1
  3
ACAD_XREC_ROUNDTRIP
360
3E6
  0
DICTIONARY
  5
3CB
330
236
100
AcDbDictionary
280
     1
281
     1
  3
ACAD_XREC_ROUNDTRIP
360
3CC
  0
DICTIONARY
  5
3E1
330
241
100
AcDbDictionary
280
     1
281
     1
  3
ACAD_XREC_ROUNDTRIP
360
3E2
  0
DICTIONARY
  5
3DF
330
240
100
AcDbDictionary
280
     1
281
     1
  3
ACAD_XREC_ROUNDTRIP
360
3E0
  0
DICTIONARY
  5
3D9
330
23D
100
AcDbDictionary
280
     1
281
     1
  3
ACAD_XREC_ROUNDTRIP
360
3DA
  0
DICTIONARY
  5
3DB
330
23E
100
AcDbDictionary
280
     1
281
     1
  3
ACAD_XREC_ROUNDTRIP
360
3DC
  0
DICTIONARY
  5
3D1
330
239
100
AcDbDictionary
280
     1
281
     1
  3
ACAD_XREC_ROUNDTRIP
360
3D2
  0
DICTIONARY
  5
3C5
330
233
100
AcDbDictionary
280
     1
281
     1
  3
ACAD_XREC_ROUNDTRIP
360
3C6
  0
DICTIONARY
  5
3DD
330
23F
100
AcDbDictionary
280
     1
281
     1
  3
ACAD_XREC_ROUNDTRIP
360
3DE
  0
XRECORD
  5
3EC
102
{ACAD_REACTORS
330
3EB
102
}
330
3EB
100
AcDbXrecord
280
     1
102
DISPLAYNAME
  1
Metric50
102
FLAGS
 90
        0
  0
XRECORD
  5
37C
102
{ACAD_REACTORS
330
37B
102
}
330
37B
100
AcDbXrecord
280
     1
102
SHADEPLOT
 70
     0
102
SHADEPLOTRESLEVEL
 70
     0
102
SHADEPLOTCUSTOMDPI
 70
     0
  0
XRECORD
  5
37E
102
{ACAD_REACTORS
330
37D
102
}
330
37D
100
AcDbXrecord
280
     1
102
SHADEPLOT
 70
     0
102
SHADEPLOTRESLEVEL
 70
     0
102
SHADEPLOTCUSTOMDPI
 70
     0
  0
XRECORD
  5
3B7
102
{ACAD_REACTORS
330
21E
102
}
330
21E
100
AcDbXrecord
280
     1
102
MATERIAL
148
0.0
149
0.0
149
0.0
 93
        0
 94
      127
282
     0
 72
     0
 77
     0
171
     0
175
     0
179
     0
273
     0
  0
XRECORD
  5
220
102
{ACAD_REACTORS
330
21E
102
}
330
21E
100
AcDbXrecord
280
     1
270
     1
271
     1
  0
XRECORD
  5
21F
102
{ACAD_REACTORS
330
21E
102
}
330
21E
100
AcDbXrecord
280
     1
270
     1
271
     1
  0
XRECORD
  5
223
102
{ACAD_REACTORS
330
21E
102
}
330
21E
100
AcDbXrecord
280
     1
270
     1
271
     1
  0
XRECORD
  5
222
102
{ACAD_REACTORS
330
21E
102
}
330
21E
100
AcDbXrecord
280
     1
270
     1
271
     1
  0
XRECORD
  5
224
102
{ACAD_REACTORS
330
21E
102
}
330
21E
100
AcDbXrecord
280
     1
270
     1
271
     1
  0
XRECORD
  5
221
102
{ACAD_REACTORS
330
21E
102
}
330
21E
100
AcDbXrecord
280
     1
270
     1
271
     1
  0
XRECORD
  5
3B6
102
{ACAD_REACTORS
330
216
102
}
330
216
100
AcDbXrecord
280
     1
102
MATERIAL
148
0.0
149
0.0
149
0.0
 93
        0
 94
      127
282
     0
 72
     0
 77
     0
171
     0
175
     0
179
     0
273
     0
  0
XRECORD
  5
218
102
{ACAD_REACTORS
330
216
102
}
330
216
100
AcDbXrecord
280
     1
270
     1
271
     1
  0
XRECORD
  5
217
102
{ACAD_REACTORS
330
216
102
}
330
216
100
AcDbXrecord
280
     1
270
     1
271
     1
  0
XRECORD
  5
21B
102
{ACAD_REACTORS
330
216
102
}
330
216
100
AcDbXrecord
280
     1
270
     1
271
     1
  0
XRECORD
  5
21A
102
{ACAD_REACTORS
330
216
102
}
330
216
100
AcDbXrecord
280
     1
270
     1
271
     1
  0
XRECORD
  5
21C
102
{ACAD_REACTORS
330
216
102
}
330
216
100
AcDbXrecord
280
     1
270
     1
271
     1
  0
XRECORD
  5
219
102
{ACAD_REACTORS
330
216
102
}
330
216
100
AcDbXrecord
280
     1
270
     1
271
     1
  0
XRECORD
  5
3B8
102
{ACAD_REACTORS
330
226
102
}
330
226
100
AcDbXrecord
280
     1
102
MATERIAL
148
0.0
149
0.0
149
0.0
 93
        0
 94
      127
282
     0
 72
     0
 77
     0
171
     0
175
     0
179
     0
273
     0
  0
XRECORD
  5
228
102
{ACAD_REACTORS
330
226
102
}
330
226
100
AcDbXrecord
280
     1
270
     1
271
     1
  0
XRECORD
  5
227
102
{ACAD_REACTORS
330
226
102
}
330
226
100
AcDbXrecord
280
     1
270
     1
271
     1
  0
XRECORD
  5
22B
102
{ACAD_REACTORS
330
226
102
}
330
226
100
AcDbXrecord
280
     1
270
     1
271
     1
  0
XRECORD
  5
22A
102
{ACAD_REACTORS
330
226
102
}
330
226
100
AcDbXrecord
280
     1
270
     1
271
     1
  0
XRECORD
  5
22C
102
{ACAD_REACTORS
330
226
102
}
330
226
100
AcDbXrecord
280
     1
270
     1
271
     1
  0
XRECORD
  5
229
102
{ACAD_REACTORS
330
226
102
}
330
226
100
AcDbXrecord
280
     1
270
     1
271
     1
  0
XRECORD
  5
3EA
102
{ACAD_REACTORS
330
3E9
102
}
330
3E9
100
AcDbXrecord
280
     1
102
DISPLAYNAME
  1
Metric50
102
FLAGS
 90
        0
  0
CELLSTYLEMAP
  5
378
102
{ACAD_REACTORS
330
208
102
}
330
208
100
AcDbCellStyleMap
 90
        3
300
CELLSTYLE
  1
TABLEFORMAT_BEGIN
 90
        5
170
     1
 91
        0
 92
    32768
 62
   257
 93
        1
300
CONTENTFORMAT
  1
CONTENTFORMAT_BEGIN
 90
        0
 91
        0
 92
        4
 93
        0
300

 40
0.0
140
1.0
 94
        1
 62
     0
340
11
144
0.18
309
CONTENTFORMAT_END
171
     1
301
MARGIN
  1
CELLMARGIN_BEGIN
 40
0.06
 40
0.06
 40
0.06
 40
0.06
 40
0.18
 40
0.18
309
CELLMARGIN_END
 94
        6
 95
        1
302
GRIDFORMAT
  1
GRIDFORMAT_BEGIN
 90
        0
 91
        1
 62
     0
 92
       -2
340
0
 93
        0
 40
0.045
309
GRIDFORMAT_END
 95
        2
302
GRIDFORMAT
  1
GRIDFORMAT_BEGIN
 90
        0
 91
        1
 62
     0
 92
       -2
340
0
 93
        0
 40
0.045
309
GRIDFORMAT_END
 95
        4
302
GRIDFORMAT
  1
GRIDFORMAT_BEGIN
 90
        0
 91
        1
 62
     0
 92
       -2
340
0
 93
        0
 40
0.045
309
GRIDFORMAT_END
 95
        8
302
GRIDFORMAT
  1
GRIDFORMAT_BEGIN
 90
        0
 91
        1
 62
     0
 92
       -2
340
0
 93
        0
 40
0.045
309
GRIDFORMAT_END
 95
       16
302
GRIDFORMAT
  1
GRIDFORMAT_BEGIN
 90
        0
 91
        1
 62
     0
 92
       -2
340
0
 93
        0
 40
0.045
309
GRIDFORMAT_END
 95
       32
302
GRIDFORMAT
  1
GRIDFORMAT_BEGIN
 90
        0
 91
        1
 62
     0
 92
       -2
340
0
 93
        0
 40
0.045
309
GRIDFORMAT_END
309
TABLEFORMAT_END
  1
CELLSTYLE_BEGIN
 90
        1
 91
        2
300
_TITLE
309
CELLSTYLE_END
300
CELLSTYLE
  1
TABLEFORMAT_BEGIN
 90
        5
170
     1
 91
        0
 92
        0
 62
   257
 93
        1
300
CONTENTFORMAT
  1
CONTENTFORMAT_BEGIN
 90
        0
 91
        0
 92
        4
 93
        0
300

 40
0.0
140
1.0
 94
        1
 62
     0
340
11
144
0.18
309
CONTENTFORMAT_END
171
     1
301
MARGIN
  1
CELLMARGIN_BEGIN
 40
0.06
 40
0.06
 40
0.06
 40
0.06
 40
0.18
 40
0.18
309
CELLMARGIN_END
 94
        6
 95
        1
302
GRIDFORMAT
  1
GRIDFORMAT_BEGIN
 90
        0
 91
        1
 62
     0
 92
       -2
340
0
 93
        0
 40
0.045
309
GRIDFORMAT_END
 95
        2
302
GRIDFORMAT
  1
GRIDFORMAT_BEGIN
 90
        0
 91
        1
 62
     0
 92
       -2
340
0
 93
        0
 40
0.045
309
GRIDFORMAT_END
 95
        4
302
GRIDFORMAT
  1
GRIDFORMAT_BEGIN
 90
        0
 91
        1
 62
     0
 92
       -2
340
0
 93
        0
 40
0.045
309
GRIDFORMAT_END
 95
        8
302
GRIDFORMAT
  1
GRIDFORMAT_BEGIN
 90
        0
 91
        1
 62
     0
 92
       -2
340
0
 93
        0
 40
0.045
309
GRIDFORMAT_END
 95
       16
302
GRIDFORMAT
  1
GRIDFORMAT_BEGIN
 90
        0
 91
        1
 62
     0
 92
       -2
340
0
 93
        0
 40
0.045
309
GRIDFORMAT_END
 95
       32
302
GRIDFORMAT
  1
GRIDFORMAT_BEGIN
 90
        0
 91
        1
 62
     0
 92
       -2
340
0
 93
        0
 40
0.045
309
GRIDFORMAT_END
309
TABLEFORMAT_END
  1
CELLSTYLE_BEGIN
 90
        2
 91
        2
300
_HEADER
309
CELLSTYLE_END
300
CELLSTYLE
  1
TABLEFORMAT_BEGIN
 90
        5
170
     1
 91
        0
 92
        0
 62
   257
 93
        1
300
CONTENTFORMAT
  1
CONTENTFORMAT_BEGIN
 90
        0
 91
        0
 92
        4
 93
        0
300

 40
0.0
140
1.0
 94
        1
 62
     0
340
11
144
0.18
309
CONTENTFORMAT_END
171
     1
301
MARGIN
  1
CELLMARGIN_BEGIN
 40
0.06
 40
0.06
 40
0.06
 40
0.06
 40
0.18
 40
0.18
309
CELLMARGIN_END
 94
        6
 95
        1
302
GRIDFORMAT
  1
GRIDFORMAT_BEGIN
 90
        0
 91
        1
 62
     0
 92
       -2
340
0
 93
        0
 40
0.045
309
GRIDFORMAT_END
 95
        2
302
GRIDFORMAT
  1
GRIDFORMAT_BEGIN
 90
        0
 91
        1
 62
     0
 92
       -2
340
0
 93
        0
 40
0.045
309
GRIDFORMAT_END
 95
        4
302
GRIDFORMAT
  1
GRIDFORMAT_BEGIN
 90
        0
 91
        1
 62
     0
 92
       -2
340
0
 93
        0
 40
0.045
309
GRIDFORMAT_END
 95
        8
302
GRIDFORMAT
  1
GRIDFORMAT_BEGIN
 90
        0
 91
        1
 62
     0
 92
       -2
340
0
 93
        0
 40
0.045
309
GRIDFORMAT_END
 95
       16
302
GRIDFORMAT
  1
GRIDFORMAT_BEGIN
 90
        0
 91
        1
 62
     0
 92
       -2
340
0
 93
        0
 40
0.045
309
GRIDFORMAT_END
 95
       32
302
GRIDFORMAT
  1
GRIDFORMAT_BEGIN
 90
        0
 91
        1
 62
     0
 92
       -2
340
0
 93
        0
 40
0.045
309
GRIDFORMAT_END
309
TABLEFORMAT_END
  1
CELLSTYLE_BEGIN
 90
        3
 91
        2
300
_DATA
309
CELLSTYLE_END
  0
XRECORD
  5
3B5
102
{ACAD_REACTORS
330
208
102
}
330
208
100
AcDbXrecord
280
     1
102
ACAD_ROUNDTRIP_PRE2007_TABLESTYLE
 90
        4
 91
        0
  1

 92
        4
 93
        0
  2

 94
        4
 95
        0
  3

  0
XRECORD
  5
3C4
102
{ACAD_REACTORS
330
3C3
102
}
330
3C3
100
AcDbXrecord
280
     1
102
RTVSPost2010Prop28
280
     1
102
RTVSPost2010PropOp28
 70
     1
102
RTVSPost2010Prop29
280
     1
102
RTVSPost2010PropOp29
 70
     1
102
RTVSPost2010Prop30
280
     0
102
RTVSPost2010PropOp30
 70
     1
102
RTVSPost2010Prop31
280
     0
102
RTVSPost2010PropOp31
 70
     1
102
RTVSPost2010Prop32
280
     0
102
RTVSPost2010PropOp32
 70
     1
102
RTVSPost2010Prop33
280
     0
102
RTVSPost2010PropOp33
 70
     1
102
RTVSPost2010Prop34
280
     0
102
RTVSPost2010PropOp34
 70
     1
102
RTVSPost2010Prop35
280
     0
102
RTVSPost2010PropOp35
 70
     1
102
RTVSPost2010Prop36
280
     0
102
RTVSPost2010PropOp36
 70
     1
102
RTVSPost2010Prop37
 90
       50
102
RTVSPost2010PropOp37
 70
     1
102
RTVSPost2010Prop38
140
0.0
102
RTVSPost2010PropOp38
 70
     1
102
RTVSPost2010Prop39
140
1.0
102
RTVSPost2010PropOp39
 70
     1
102
RTVSPost2010Prop40
 90
        0
102
RTVSPost2010PropOp40
 70
     1
102
RTVSPost2010Prop41ColorIndex
 90
       18
102
RTVSPost2010Prop41ColorRGB
 90
        0
102
RTVSPost2010PropOp41
 70
     1
102
RTVSPost2010Prop42
 90
       50
102
RTVSPost2010PropOp42
 70
     1
102
RTVSPost2010Prop43
 90
        3
102
RTVSPost2010PropOp43
 70
     1
102
RTVSPost2010Prop44ColorIndex
 90
        5
102
RTVSPost2010Prop44ColorRGB
 90
      255
102
RTVSPost2010PropOp44
 70
     1
102
RTVSPost2010Prop45
280
     0
102
RTVSPost2010PropOp45
 70
     1
102
RTVSPost2010Prop46
 90
       50
102
RTVSPost2010PropOp46
 70
     1
102
RTVSPost2010Prop47
 90
       50
102
RTVSPost2010PropOp47
 70
     1
102
RTVSPost2010Prop48
 90
       50
102
RTVSPost2010PropOp48
 70
     1
102
RTVSPost2010Prop49
280
     0
102
RTVSPost2010PropOp49
 70
     1
102
RTVSPost2010Prop50
 90
       50
102
RTVSPost2010PropOp50
 70
     1
102
RTVSPost2010Prop51ColorIndex
 90
      256
102
RTVSPost2010Prop51ColorRGB
 90
-16777216
102
RTVSPost2010PropOp51
 70
     0
102
RTVSPost2010Prop52
140
1.0
102
RTVSPost2010PropOp52
 70
     0
102
RTVSPost2010Prop53
 90
        2
102
RTVSPost2010PropOp53
 70
     1
102
RTVSPost2010Prop54
  1
strokes_ogs.tif
102
RTVSPost2010PropOp54
 70
     1
102
RTVSPost2010Prop55
280
     0
102
RTVSPost2010PropOp55
 70
     1
102
RTVSPost2010Prop56
140
1.0
102
RTVSPost2010PropOp56
 70
     1
102
RTVSPost2010Prop57
140
1.0
102
RTVSPost2010PropOp57
 70
     1
102
RTVSPropertyOp0
 70
     1
102
RTVSPropertyOp1
 70
     1
102
RTVSPropertyOp2
 70
     1
102
RTVSPropertyOp3
 70
     1
102
RTVSPropertyOp4
 70
     1
102
RTVSPropertyOp5
 70
     1
102
RTVSPropertyOp6
 70
     1
102
RTVSPropertyOp7
 70
     1
102
RTVSPropertyOp8
 70
     1
102
RTVSPropertyOp9
 70
     1
102
RTVSPropertyOp10
 70
     1
102
RTVSPropertyOp11
 70
     1
102
RTVSPropertyOp12
 70
     1
102
RTVSPropertyOp13
 70
     1
102
RTVSPropertyOp14
 70
     1
102
RTVSPropertyOp15
 70
     1
102
RTVSPropertyOp16
 70
     1
102
RTVSPropertyOp17
 70
     1
102
RTVSPropertyOp18
 70
     1
102
RTVSPropertyOp19
 70
     1
102
RTVSPropertyOp20
 70
     1
102
RTVSPropertyOp21
 70
     1
102
RTVSPropertyOp22
 70
     1
102
RTVSPropertyOp23
 70
     1
102
RTVSPropertyOp24
 70
     1
102
RTVSPropertyOp25
 70
     1
102
RTVSPropertyOp26
 70
     1
102
RTVSPropertyOp27
 70
     1
102
RTVSPropertyOp28
 70
     1
102
RTVSPropertyOp29
 70
     1
102
RTVSPropertyOp30
 70
     1
102
RTVSPropertyOp31
 70
     1
102
RTVSPropertyOp32
 70
     1
102
RTVSPropertyOp33
 70
     1
102
RTVSPropertyOp34
 70
     1
102
RTVSPropertyOp35
 70
     1
102
RTVSPropertyOp36
 70
     1
102
RTVSPropertyOp37
 70
     1
102
RTVSPropertyOp38
 70
     1
102
RTVSPropertyOp39
 70
     1
102
RTVSPropertyOp40
 70
     1
102
RTVSPropertyOp41
 70
     1
102
RTVSPropertyOp42
 70
     1
102
RTVSPropertyOp43
 70
     1
102
RTVSPropertyOp44
 70
     1
102
RTVSPropertyOp45
 70
     1
102
RTVSPropertyOp46
 70
     1
102
RTVSPropertyOp47
 70
     1
102
RTVSPropertyOp48
 70
     1
102
RTVSPropertyOp49
 70
     1
102
RTVSPropertyOp50
 70
     1
102
RTVSPropertyOp51
 70
     0
102
RTVSPropertyOp52
 70
     0
102
RTVSPropertyOp53
 70
     1
102
RTVSPropertyOp54
 70
     1
102
RTVSPropertyOp55
 70
     1
102
RTVSPropertyOp56
 70
     1
102
RTVSPropertyOp57
 70
     1
102
RTVSPropertyOp58
 70
     1
102
RTVSPropertyOp59
 70
     1
102
RTVSPropertyOp60
 70
     1
102
RTVSPropertyOp61
 70
     1
102
RTVSPropertyOp62
 70
     1
  0
XRECORD
  5
3C2
102
{ACAD_REACTORS
330
3C1
102
}
330
3C1
100
AcDbXrecord
280
     1
102
RTVSPost2010Prop28
280
     0
102
RTVSPost2010PropOp28
 70
     1
102
RTVSPost2010Prop29
280
     1
102
RTVSPost2010PropOp29
 70
     1
102
RTVSPost2010Prop30
280
     1
102
RTVSPost2010PropOp30
 70
     1
102
RTVSPost2010Prop31
280
     0
102
RTVSPost2010PropOp31
 70
     1
102
RTVSPost2010Prop32
280
     0
102
RTVSPost2010PropOp32
 70
     1
102
RTVSPost2010Prop33
280
     0
102
RTVSPost2010PropOp33
 70
     1
102
RTVSPost2010Prop34
280
     0
102
RTVSPost2010PropOp34
 70
     1
102
RTVSPost2010Prop35
280
     0
102
RTVSPost2010PropOp35
 70
     1
102
RTVSPost2010Prop36
280
     0
102
RTVSPost2010PropOp36
 70
     1
102
RTVSPost2010Prop37
 90
       50
102
RTVSPost2010PropOp37
 70
     1
102
RTVSPost2010Prop38
140
0.0
102
RTVSPost2010PropOp38
 70
     1
102
RTVSPost2010Prop39
140
1.0
102
RTVSPost2010PropOp39
 70
     1
102
RTVSPost2010Prop40
 90
        0
102
RTVSPost2010PropOp40
 70
     1
102
RTVSPost2010Prop41ColorIndex
 90
       18
102
RTVSPost2010Prop41ColorRGB
 90
        0
102
RTVSPost2010PropOp41
 70
     1
102
RTVSPost2010Prop42
 90
       50
102
RTVSPost2010PropOp42
 70
     1
102
RTVSPost2010Prop43
 90
        3
102
RTVSPost2010PropOp43
 70
     1
102
RTVSPost2010Prop44ColorIndex
 90
        5
102
RTVSPost2010Prop44ColorRGB
 90
      255
102
RTVSPost2010PropOp44
 70
     1
102
RTVSPost2010Prop45
280
     0
102
RTVSPost2010PropOp45
 70
     1
102
RTVSPost2010Prop46
 90
       50
102
RTVSPost2010PropOp46
 70
     1
102
RTVSPost2010Prop47
 90
       50
102
RTVSPost2010PropOp47
 70
     1
102
RTVSPost2010Prop48
 90
       50
102
RTVSPost2010PropOp48
 70
     1
102
RTVSPost2010Prop49
280
     0
102
RTVSPost2010PropOp49
 70
     1
102
RTVSPost2010Prop50
 90
       50
102
RTVSPost2010PropOp50
 70
     1
102
RTVSPost2010Prop51ColorIndex
 90
      256
102
RTVSPost2010Prop51ColorRGB
 90
-16777216
102
RTVSPost2010PropOp51
 70
     0
102
RTVSPost2010Prop52
140
1.0
102
RTVSPost2010PropOp52
 70
     0
102
RTVSPost2010Prop53
 90
        2
102
RTVSPost2010PropOp53
 70
     1
102
RTVSPost2010Prop54
  1
strokes_ogs.tif
102
RTVSPost2010PropOp54
 70
     1
102
RTVSPost2010Prop55
280
     0
102
RTVSPost2010PropOp55
 70
     1
102
RTVSPost2010Prop56
140
1.0
102
RTVSPost2010PropOp56
 70
     1
102
RTVSPost2010Prop57
140
1.0
102
RTVSPost2010PropOp57
 70
     1
102
RTVSPropertyOp0
 70
     1
102
RTVSPropertyOp1
 70
     1
102
RTVSPropertyOp2
 70
     1
102
RTVSPropertyOp3
 70
     1
102
RTVSPropertyOp4
 70
     1
102
RTVSPropertyOp5
 70
     1
102
RTVSPropertyOp6
 70
     1
102
RTVSPropertyOp7
 70
     1
102
RTVSPropertyOp8
 70
     1
102
RTVSPropertyOp9
 70
     1
102
RTVSPropertyOp10
 70
     1
102
RTVSPropertyOp11
 70
     1
102
RTVSPropertyOp12
 70
     1
102
RTVSPropertyOp13
 70
     1
102
RTVSPropertyOp14
 70
     1
102
RTVSPropertyOp15
 70
     1
102
RTVSPropertyOp16
 70
     1
102
RTVSPropertyOp17
 70
     1
102
RTVSPropertyOp18
 70
     1
102
RTVSPropertyOp19
 70
     1
102
RTVSPropertyOp20
 70
     1
102
RTVSPropertyOp21
 70
     1
102
RTVSPropertyOp22
 70
     1
102
RTVSPropertyOp23
 70
     1
102
RTVSPropertyOp24
 70
     1
102
RTVSPropertyOp25
 70
     1
102
RTVSPropertyOp26
 70
     1
102
RTVSPropertyOp27
 70
     1
102
RTVSPropertyOp28
 70
     1
102
RTVSPropertyOp29
 70
     1
102
RTVSPropertyOp30
 70
     1
102
RTVSPropertyOp31
 70
     1
102
RTVSPropertyOp32
 70
     1
102
RTVSPropertyOp33
 70
     1
102
RTVSPropertyOp34
 70
     1
102
RTVSPropertyOp35
 70
     1
102
RTVSPropertyOp36
 70
     1
102
RTVSPropertyOp37
 70
     1
102
RTVSPropertyOp38
 70
     1
102
RTVSPropertyOp39
 70
     1
102
RTVSPropertyOp40
 70
     1
102
RTVSPropertyOp41
 70
     1
102
RTVSPropertyOp42
 70
     1
102
RTVSPropertyOp43
 70
     1
102
RTVSPropertyOp44
 70
     1
102
RTVSPropertyOp45
 70
     1
102
RTVSPropertyOp46
 70
     1
102
RTVSPropertyOp47
 70
     1
102
RTVSPropertyOp48
 70
     1
102
RTVSPropertyOp49
 70
     1
102
RTVSPropertyOp50
 70
     1
102
RTVSPropertyOp51
 70
     0
102
RTVSPropertyOp52
 70
     0
102
RTVSPropertyOp53
 70
     1
102
RTVSPropertyOp54
 70
     1
102
RTVSPropertyOp55
 70
     1
102
RTVSPropertyOp56
 70
     1
102
RTVSPropertyOp57
 70
     1
102
RTVSPropertyOp58
 70
     1
102
RTVSPropertyOp59
 70
     1
102
RTVSPropertyOp60
 70
     1
102
RTVSPropertyOp61
 70
     1
102
RTVSPropertyOp62
 70
     1
  0
XRECORD
  5
3D0
102
{ACAD_REACTORS
330
3CF
102
}
330
3CF
100
AcDbXrecord
280
     1
102
RTVSPost2010Prop28
280
     0
102
RTVSPost2010PropOp28
 70
     1
102
RTVSPost2010Prop29
280
     1
102
RTVSPost2010PropOp29
 70
     1
102
RTVSPost2010Prop30
280
     1
102
RTVSPost2010PropOp30
 70
     1
102
RTVSPost2010Prop31
280
     0
102
RTVSPost2010PropOp31
 70
     1
102
RTVSPost2010Prop32
280
     0
102
RTVSPost2010PropOp32
 70
     1
102
RTVSPost2010Prop33
280
     0
102
RTVSPost2010PropOp33
 70
     1
102
RTVSPost2010Prop34
280
     0
102
RTVSPost2010PropOp34
 70
     1
102
RTVSPost2010Prop35
280
     0
102
RTVSPost2010PropOp35
 70
     1
102
RTVSPost2010Prop36
280
     0
102
RTVSPost2010PropOp36
 70
     1
102
RTVSPost2010Prop37
 90
       50
102
RTVSPost2010PropOp37
 70
     1
102
RTVSPost2010Prop38
140
0.0
102
RTVSPost2010PropOp38
 70
     1
102
RTVSPost2010Prop39
140
1.0
102
RTVSPost2010PropOp39
 70
     1
102
RTVSPost2010Prop40
 90
        0
102
RTVSPost2010PropOp40
 70
     1
102
RTVSPost2010Prop41ColorIndex
 90
       18
102
RTVSPost2010Prop41ColorRGB
 90
        0
102
RTVSPost2010PropOp41
 70
     1
102
RTVSPost2010Prop42
 90
       50
102
RTVSPost2010PropOp42
 70
     1
102
RTVSPost2010Prop43
 90
        3
102
RTVSPost2010PropOp43
 70
     1
102
RTVSPost2010Prop44ColorIndex
 90
        5
102
RTVSPost2010Prop44ColorRGB
 90
      255
102
RTVSPost2010PropOp44
 70
     1
102
RTVSPost2010Prop45
280
     0
102
RTVSPost2010PropOp45
 70
     1
102
RTVSPost2010Prop46
 90
       50
102
RTVSPost2010PropOp46
 70
     1
102
RTVSPost2010Prop47
 90
       50
102
RTVSPost2010PropOp47
 70
     1
102
RTVSPost2010Prop48
 90
       50
102
RTVSPost2010PropOp48
 70
     1
102
RTVSPost2010Prop49
280
     0
102
RTVSPost2010PropOp49
 70
     1
102
RTVSPost2010Prop50
 90
       50
102
RTVSPost2010PropOp50
 70
     1
102
RTVSPost2010Prop51ColorIndex
 90
      256
102
RTVSPost2010Prop51ColorRGB
 90
-16777216
102
RTVSPost2010PropOp51
 70
     0
102
RTVSPost2010Prop52
140
1.0
102
RTVSPost2010PropOp52
 70
     0
102
RTVSPost2010Prop53
 90
        2
102
RTVSPost2010PropOp53
 70
     1
102
RTVSPost2010Prop54
  1
strokes_ogs.tif
102
RTVSPost2010PropOp54
 70
     1
102
RTVSPost2010Prop55
280
     0
102
RTVSPost2010PropOp55
 70
     1
102
RTVSPost2010Prop56
140
1.0
102
RTVSPost2010PropOp56
 70
     1
102
RTVSPost2010Prop57
140
1.0
102
RTVSPost2010PropOp57
 70
     1
102
RTVSPropertyOp0
 70
     1
102
RTVSPropertyOp1
 70
     1
102
RTVSPropertyOp2
 70
     1
102
RTVSPropertyOp3
 70
     1
102
RTVSPropertyOp4
 70
     1
102
RTVSPropertyOp5
 70
     1
102
RTVSPropertyOp6
 70
     1
102
RTVSPropertyOp7
 70
     1
102
RTVSPropertyOp8
 70
     1
102
RTVSPropertyOp9
 70
     1
102
RTVSPropertyOp10
 70
     1
102
RTVSPropertyOp11
 70
     1
102
RTVSPropertyOp12
 70
     1
102
RTVSPropertyOp13
 70
     1
102
RTVSPropertyOp14
 70
     1
102
RTVSPropertyOp15
 70
     1
102
RTVSPropertyOp16
 70
     1
102
RTVSPropertyOp17
 70
     1
102
RTVSPropertyOp18
 70
     1
102
RTVSPropertyOp19
 70
     1
102
RTVSPropertyOp20
 70
     1
102
RTVSPropertyOp21
 70
     1
102
RTVSPropertyOp22
 70
     1
102
RTVSPropertyOp23
 70
     1
102
RTVSPropertyOp24
 70
     1
102
RTVSPropertyOp25
 70
     1
102
RTVSPropertyOp26
 70
     1
102
RTVSPropertyOp27
 70
     1
102
RTVSPropertyOp28
 70
     1
102
RTVSPropertyOp29
 70
     1
102
RTVSPropertyOp30
 70
     1
102
RTVSPropertyOp31
 70
     1
102
RTVSPropertyOp32
 70
     1
102
RTVSPropertyOp33
 70
     1
102
RTVSPropertyOp34
 70
     1
102
RTVSPropertyOp35
 70
     1
102
RTVSPropertyOp36
 70
     1
102
RTVSPropertyOp37
 70
     1
102
RTVSPropertyOp38
 70
     1
102
RTVSPropertyOp39
 70
     1
102
RTVSPropertyOp40
 70
     1
102
RTVSPropertyOp41
 70
     1
102
RTVSPropertyOp42
 70
     1
102
RTVSPropertyOp43
 70
     1
102
RTVSPropertyOp44
 70
     1
102
RTVSPropertyOp45
 70
     1
102
RTVSPropertyOp46
 70
     1
102
RTVSPropertyOp47
 70
     1
102
RTVSPropertyOp48
 70
     1
102
RTVSPropertyOp49
 70
     1
102
RTVSPropertyOp50
 70
     1
102
RTVSPropertyOp51
 70
     0
102
RTVSPropertyOp52
 70
     0
102
RTVSPropertyOp53
 70
     1
102
RTVSPropertyOp54
 70
     1
102
RTVSPropertyOp55
 70
     1
102
RTVSPropertyOp56
 70
     1
102
RTVSPropertyOp57
 70
     1
102
RTVSPropertyOp58
 70
     1
102
RTVSPropertyOp59
 70
     1
102
RTVSPropertyOp60
 70
     1
102
RTVSPropertyOp61
 70
     1
102
RTVSPropertyOp62
 70
     1
  0
XRECORD
  5
3D8
102
{ACAD_REACTORS
330
3D7
102
}
330
3D7
100
AcDbXrecord
280
     1
102
RTVSPost2010Prop28
280
     0
102
RTVSPost2010PropOp28
 70
     1
102
RTVSPost2010Prop29
280
     1
102
RTVSPost2010PropOp29
 70
     1
102
RTVSPost2010Prop30
280
     1
102
RTVSPost2010PropOp30
 70
     1
102
RTVSPost2010Prop31
280
     0
102
RTVSPost2010PropOp31
 70
     1
102
RTVSPost2010Prop32
280
     0
102
RTVSPost2010PropOp32
 70
     1
102
RTVSPost2010Prop33
280
     0
102
RTVSPost2010PropOp33
 70
     1
102
RTVSPost2010Prop34
280
     0
102
RTVSPost2010PropOp34
 70
     1
102
RTVSPost2010Prop35
280
     0
102
RTVSPost2010PropOp35
 70
     1
102
RTVSPost2010Prop36
280
     0
102
RTVSPost2010PropOp36
 70
     1
102
RTVSPost2010Prop37
 90
       50
102
RTVSPost2010PropOp37
 70
     1
102
RTVSPost2010Prop38
140
0.0
102
RTVSPost2010PropOp38
 70
     1
102
RTVSPost2010Prop39
140
1.0
102
RTVSPost2010PropOp39
 70
     1
102
RTVSPost2010Prop40
 90
        0
102
RTVSPost2010PropOp40
 70
     1
102
RTVSPost2010Prop41ColorIndex
 90
       18
102
RTVSPost2010Prop41ColorRGB
 90
        0
102
RTVSPost2010PropOp41
 70
     1
102
RTVSPost2010Prop42
 90
       50
102
RTVSPost2010PropOp42
 70
     1
102
RTVSPost2010Prop43
 90
        3
102
RTVSPost2010PropOp43
 70
     1
102
RTVSPost2010Prop44ColorIndex
 90
        5
102
RTVSPost2010Prop44ColorRGB
 90
      255
102
RTVSPost2010PropOp44
 70
     1
102
RTVSPost2010Prop45
280
     0
102
RTVSPost2010PropOp45
 70
     1
102
RTVSPost2010Prop46
 90
       50
102
RTVSPost2010PropOp46
 70
     1
102
RTVSPost2010Prop47
 90
       50
102
RTVSPost2010PropOp47
 70
     1
102
RTVSPost2010Prop48
 90
       50
102
RTVSPost2010PropOp48
 70
     1
102
RTVSPost2010Prop49
280
     0
102
RTVSPost2010PropOp49
 70
     1
102
RTVSPost2010Prop50
 90
       50
102
RTVSPost2010PropOp50
 70
     1
102
RTVSPost2010Prop51ColorIndex
 90
      256
102
RTVSPost2010Prop51ColorRGB
 90
-16777216
102
RTVSPost2010PropOp51
 70
     0
102
RTVSPost2010Prop52
140
1.0
102
RTVSPost2010PropOp52
 70
     0
102
RTVSPost2010Prop53
 90
        2
102
RTVSPost2010PropOp53
 70
     1
102
RTVSPost2010Prop54
  1
strokes_ogs.tif
102
RTVSPost2010PropOp54
 70
     1
102
RTVSPost2010Prop55
280
     0
102
RTVSPost2010PropOp55
 70
     1
102
RTVSPost2010Prop56
140
1.0
102
RTVSPost2010PropOp56
 70
     1
102
RTVSPost2010Prop57
140
1.0
102
RTVSPost2010PropOp57
 70
     1
102
RTVSPropertyOp0
 70
     1
102
RTVSPropertyOp1
 70
     1
102
RTVSPropertyOp2
 70
     1
102
RTVSPropertyOp3
 70
     1
102
RTVSPropertyOp4
 70
     1
102
RTVSPropertyOp5
 70
     1
102
RTVSPropertyOp6
 70
     1
102
RTVSPropertyOp7
 70
     1
102
RTVSPropertyOp8
 70
     1
102
RTVSPropertyOp9
 70
     1
102
RTVSPropertyOp10
 70
     1
102
RTVSPropertyOp11
 70
     1
102
RTVSPropertyOp12
 70
     1
102
RTVSPropertyOp13
 70
     1
102
RTVSPropertyOp14
 70
     1
102
RTVSPropertyOp15
 70
     1
102
RTVSPropertyOp16
 70
     1
102
RTVSPropertyOp17
 70
     1
102
RTVSPropertyOp18
 70
     1
102
RTVSPropertyOp19
 70
     1
102
RTVSPropertyOp20
 70
     1
102
RTVSPropertyOp21
 70
     1
102
RTVSPropertyOp22
 70
     1
102
RTVSPropertyOp23
 70
     1
102
RTVSPropertyOp24
 70
     1
102
RTVSPropertyOp25
 70
     1
102
RTVSPropertyOp26
 70
     1
102
RTVSPropertyOp27
 70
     1
102
RTVSPropertyOp28
 70
     1
102
RTVSPropertyOp29
 70
     1
102
RTVSPropertyOp30
 70
     1
102
RTVSPropertyOp31
 70
     1
102
RTVSPropertyOp32
 70
     1
102
RTVSPropertyOp33
 70
     1
102
RTVSPropertyOp34
 70
     1
102
RTVSPropertyOp35
 70
     1
102
RTVSPropertyOp36
 70
     1
102
RTVSPropertyOp37
 70
     1
102
RTVSPropertyOp38
 70
     1
102
RTVSPropertyOp39
 70
     1
102
RTVSPropertyOp40
 70
     1
102
RTVSPropertyOp41
 70
     1
102
RTVSPropertyOp42
 70
     1
102
RTVSPropertyOp43
 70
     1
102
RTVSPropertyOp44
 70
     1
102
RTVSPropertyOp45
 70
     1
102
RTVSPropertyOp46
 70
     1
102
RTVSPropertyOp47
 70
     1
102
RTVSPropertyOp48
 70
     1
102
RTVSPropertyOp49
 70
     1
102
RTVSPropertyOp50
 70
     1
102
RTVSPropertyOp51
 70
     0
102
RTVSPropertyOp52
 70
     0
102
RTVSPropertyOp53
 70
     1
102
RTVSPropertyOp54
 70
     1
102
RTVSPropertyOp55
 70
     1
102
RTVSPropertyOp56
 70
     1
102
RTVSPropertyOp57
 70
     1
102
RTVSPropertyOp58
 70
     1
102
RTVSPropertyOp59
 70
     1
102
RTVSPropertyOp60
 70
     1
102
RTVSPropertyOp61
 70
     1
102
RTVSPropertyOp62
 70
     1
  0
XRECORD
  5
3CA
102
{ACAD_REACTORS
330
3C9
102
}
330
3C9
100
AcDbXrecord
280
     1
102
RTVSPost2010Prop28
280
     0
102
RTVSPost2010PropOp28
 70
     1
102
RTVSPost2010Prop29
280
     1
102
RTVSPost2010PropOp29
 70
     1
102
RTVSPost2010Prop30
280
     1
102
RTVSPost2010PropOp30
 70
     1
102
RTVSPost2010Prop31
280
     0
102
RTVSPost2010PropOp31
 70
     1
102
RTVSPost2010Prop32
280
     0
102
RTVSPost2010PropOp32
 70
     1
102
RTVSPost2010Prop33
280
     0
102
RTVSPost2010PropOp33
 70
     1
102
RTVSPost2010Prop34
280
     0
102
RTVSPost2010PropOp34
 70
     1
102
RTVSPost2010Prop35
280
     0
102
RTVSPost2010PropOp35
 70
     1
102
RTVSPost2010Prop36
280
     0
102
RTVSPost2010PropOp36
 70
     1
102
RTVSPost2010Prop37
 90
       50
102
RTVSPost2010PropOp37
 70
     1
102
RTVSPost2010Prop38
140
0.0
102
RTVSPost2010PropOp38
 70
     1
102
RTVSPost2010Prop39
140
1.0
102
RTVSPost2010PropOp39
 70
     1
102
RTVSPost2010Prop40
 90
        0
102
RTVSPost2010PropOp40
 70
     1
102
RTVSPost2010Prop41ColorIndex
 90
       18
102
RTVSPost2010Prop41ColorRGB
 90
        0
102
RTVSPost2010PropOp41
 70
     1
102
RTVSPost2010Prop42
 90
       50
102
RTVSPost2010PropOp42
 70
     1
102
RTVSPost2010Prop43
 90
        3
102
RTVSPost2010PropOp43
 70
     1
102
RTVSPost2010Prop44ColorIndex
 90
        5
102
RTVSPost2010Prop44ColorRGB
 90
      255
102
RTVSPost2010PropOp44
 70
     1
102
RTVSPost2010Prop45
280
     0
102
RTVSPost2010PropOp45
 70
     1
102
RTVSPost2010Prop46
 90
       50
102
RTVSPost2010PropOp46
 70
     1
102
RTVSPost2010Prop47
 90
       50
102
RTVSPost2010PropOp47
 70
     1
102
RTVSPost2010Prop48
 90
       50
102
RTVSPost2010PropOp48
 70
     1
102
RTVSPost2010Prop49
280
     0
102
RTVSPost2010PropOp49
 70
     1
102
RTVSPost2010Prop50
 90
       50
102
RTVSPost2010PropOp50
 70
     1
102
RTVSPost2010Prop51ColorIndex
 90
      256
102
RTVSPost2010Prop51ColorRGB
 90
-16777216
102
RTVSPost2010PropOp51
 70
     0
102
RTVSPost2010Prop52
140
1.0
102
RTVSPost2010PropOp52
 70
     0
102
RTVSPost2010Prop53
 90
        2
102
RTVSPost2010PropOp53
 70
     1
102
RTVSPost2010Prop54
  1
strokes_ogs.tif
102
RTVSPost2010PropOp54
 70
     1
102
RTVSPost2010Prop55
280
     0
102
RTVSPost2010PropOp55
 70
     1
102
RTVSPost2010Prop56
140
1.0
102
RTVSPost2010PropOp56
 70
     1
102
RTVSPost2010Prop57
140
1.0
102
RTVSPost2010PropOp57
 70
     1
102
RTVSPropertyOp0
 70
     1
102
RTVSPropertyOp1
 70
     1
102
RTVSPropertyOp2
 70
     1
102
RTVSPropertyOp3
 70
     1
102
RTVSPropertyOp4
 70
     1
102
RTVSPropertyOp5
 70
     1
102
RTVSPropertyOp6
 70
     1
102
RTVSPropertyOp7
 70
     1
102
RTVSPropertyOp8
 70
     1
102
RTVSPropertyOp9
 70
     1
102
RTVSPropertyOp10
 70
     1
102
RTVSPropertyOp11
 70
     1
102
RTVSPropertyOp12
 70
     1
102
RTVSPropertyOp13
 70
     1
102
RTVSPropertyOp14
 70
     1
102
RTVSPropertyOp15
 70
     1
102
RTVSPropertyOp16
 70
     1
102
RTVSPropertyOp17
 70
     1
102
RTVSPropertyOp18
 70
     1
102
RTVSPropertyOp19
 70
     1
102
RTVSPropertyOp20
 70
     1
102
RTVSPropertyOp21
 70
     1
102
RTVSPropertyOp22
 70
     1
102
RTVSPropertyOp23
 70
     1
102
RTVSPropertyOp24
 70
     1
102
RTVSPropertyOp25
 70
     1
102
RTVSPropertyOp26
 70
     1
102
RTVSPropertyOp27
 70
     1
102
RTVSPropertyOp28
 70
     1
102
RTVSPropertyOp29
 70
     1
102
RTVSPropertyOp30
 70
     1
102
RTVSPropertyOp31
 70
     1
102
RTVSPropertyOp32
 70
     1
102
RTVSPropertyOp33
 70
     1
102
RTVSPropertyOp34
 70
     1
102
RTVSPropertyOp35
 70
     1
102
RTVSPropertyOp36
 70
     1
102
RTVSPropertyOp37
 70
     1
102
RTVSPropertyOp38
 70
     1
102
RTVSPropertyOp39
 70
     1
102
RTVSPropertyOp40
 70
     1
102
RTVSPropertyOp41
 70
     1
102
RTVSPropertyOp42
 70
     1
102
RTVSPropertyOp43
 70
     1
102
RTVSPropertyOp44
 70
     1
102
RTVSPropertyOp45
 70
     1
102
RTVSPropertyOp46
 70
     1
102
RTVSPropertyOp47
 70
     1
102
RTVSPropertyOp48
 70
     1
102
RTVSPropertyOp49
 70
     1
102
RTVSPropertyOp50
 70
     1
102
RTVSPropertyOp51
 70
     0
102
RTVSPropertyOp52
 70
     0
102
RTVSPropertyOp53
 70
     1
102
RTVSPropertyOp54
 70
     1
102
RTVSPropertyOp55
 70
     1
102
RTVSPropertyOp56
 70
     1
102
RTVSPropertyOp57
 70
     1
102
RTVSPropertyOp58
 70
     1
102
RTVSPropertyOp59
 70
     1
102
RTVSPropertyOp60
 70
     1
102
RTVSPropertyOp61
 70
     1
102
RTVSPropertyOp62
 70
     1
  0
XRECORD
  5
3CE
102
{ACAD_REACTORS
330
3CD
102
}
330
3CD
100
AcDbXrecord
280
     1
102
RTVSPost2010Prop28
280
     0
102
RTVSPost2010PropOp28
 70
     1
102
RTVSPost2010Prop29
280
     1
102
RTVSPost2010PropOp29
 70
     1
102
RTVSPost2010Prop30
280
     1
102
RTVSPost2010PropOp30
 70
     1
102
RTVSPost2010Prop31
280
     0
102
RTVSPost2010PropOp31
 70
     1
102
RTVSPost2010Prop32
280
     0
102
RTVSPost2010PropOp32
 70
     1
102
RTVSPost2010Prop33
280
     0
102
RTVSPost2010PropOp33
 70
     1
102
RTVSPost2010Prop34
280
     0
102
RTVSPost2010PropOp34
 70
     1
102
RTVSPost2010Prop35
280
     0
102
RTVSPost2010PropOp35
 70
     1
102
RTVSPost2010Prop36
280
     0
102
RTVSPost2010PropOp36
 70
     1
102
RTVSPost2010Prop37
 90
       50
102
RTVSPost2010PropOp37
 70
     1
102
RTVSPost2010Prop38
140
0.0
102
RTVSPost2010PropOp38
 70
     1
102
RTVSPost2010Prop39
140
1.0
102
RTVSPost2010PropOp39
 70
     1
102
RTVSPost2010Prop40
 90
        0
102
RTVSPost2010PropOp40
 70
     1
102
RTVSPost2010Prop41ColorIndex
 90
       18
102
RTVSPost2010Prop41ColorRGB
 90
        0
102
RTVSPost2010PropOp41
 70
     1
102
RTVSPost2010Prop42
 90
       50
102
RTVSPost2010PropOp42
 70
     1
102
RTVSPost2010Prop43
 90
        3
102
RTVSPost2010PropOp43
 70
     1
102
RTVSPost2010Prop44ColorIndex
 90
        5
102
RTVSPost2010Prop44ColorRGB
 90
      255
102
RTVSPost2010PropOp44
 70
     1
102
RTVSPost2010Prop45
280
     0
102
RTVSPost2010PropOp45
 70
     1
102
RTVSPost2010Prop46
 90
       50
102
RTVSPost2010PropOp46
 70
     1
102
RTVSPost2010Prop47
 90
       50
102
RTVSPost2010PropOp47
 70
     1
102
RTVSPost2010Prop48
 90
       50
102
RTVSPost2010PropOp48
 70
     1
102
RTVSPost2010Prop49
280
     0
102
RTVSPost2010PropOp49
 70
     1
102
RTVSPost2010Prop50
 90
       50
102
RTVSPost2010PropOp50
 70
     1
102
RTVSPost2010Prop51ColorIndex
 90
      256
102
RTVSPost2010Prop51ColorRGB
 90
-16777216
102
RTVSPost2010PropOp51
 70
     0
102
RTVSPost2010Prop52
140
1.0
102
RTVSPost2010PropOp52
 70
     0
102
RTVSPost2010Prop53
 90
        2
102
RTVSPost2010PropOp53
 70
     1
102
RTVSPost2010Prop54
  1
strokes_ogs.tif
102
RTVSPost2010PropOp54
 70
     1
102
RTVSPost2010Prop55
280
     0
102
RTVSPost2010PropOp55
 70
     1
102
RTVSPost2010Prop56
140
1.0
102
RTVSPost2010PropOp56
 70
     1
102
RTVSPost2010Prop57
140
1.0
102
RTVSPost2010PropOp57
 70
     1
102
RTVSPropertyOp0
 70
     1
102
RTVSPropertyOp1
 70
     1
102
RTVSPropertyOp2
 70
     1
102
RTVSPropertyOp3
 70
     1
102
RTVSPropertyOp4
 70
     1
102
RTVSPropertyOp5
 70
     1
102
RTVSPropertyOp6
 70
     1
102
RTVSPropertyOp7
 70
     1
102
RTVSPropertyOp8
 70
     1
102
RTVSPropertyOp9
 70
     1
102
RTVSPropertyOp10
 70
     1
102
RTVSPropertyOp11
 70
     1
102
RTVSPropertyOp12
 70
     1
102
RTVSPropertyOp13
 70
     1
102
RTVSPropertyOp14
 70
     1
102
RTVSPropertyOp15
 70
     1
102
RTVSPropertyOp16
 70
     1
102
RTVSPropertyOp17
 70
     1
102
RTVSPropertyOp18
 70
     1
102
RTVSPropertyOp19
 70
     1
102
RTVSPropertyOp20
 70
     1
102
RTVSPropertyOp21
 70
     1
102
RTVSPropertyOp22
 70
     1
102
RTVSPropertyOp23
 70
     1
102
RTVSPropertyOp24
 70
     1
102
RTVSPropertyOp25
 70
     1
102
RTVSPropertyOp26
 70
     1
102
RTVSPropertyOp27
 70
     1
102
RTVSPropertyOp28
 70
     1
102
RTVSPropertyOp29
 70
     1
102
RTVSPropertyOp30
 70
     1
102
RTVSPropertyOp31
 70
     1
102
RTVSPropertyOp32
 70
     1
102
RTVSPropertyOp33
 70
     1
102
RTVSPropertyOp34
 70
     1
102
RTVSPropertyOp35
 70
     1
102
RTVSPropertyOp36
 70
     1
102
RTVSPropertyOp37
 70
     1
102
RTVSPropertyOp38
 70
     1
102
RTVSPropertyOp39
 70
     1
102
RTVSPropertyOp40
 70
     1
102
RTVSPropertyOp41
 70
     1
102
RTVSPropertyOp42
 70
     1
102
RTVSPropertyOp43
 70
     1
102
RTVSPropertyOp44
 70
     1
102
RTVSPropertyOp45
 70
     1
102
RTVSPropertyOp46
 70
     1
102
RTVSPropertyOp47
 70
     1
102
RTVSPropertyOp48
 70
     1
102
RTVSPropertyOp49
 70
     1
102
RTVSPropertyOp50
 70
     1
102
RTVSPropertyOp51
 70
     0
102
RTVSPropertyOp52
 70
     0
102
RTVSPropertyOp53
 70
     1
102
RTVSPropertyOp54
 70
     1
102
RTVSPropertyOp55
 70
     1
102
RTVSPropertyOp56
 70
     1
102
RTVSPropertyOp57
 70
     1
102
RTVSPropertyOp58
 70
     1
102
RTVSPropertyOp59
 70
     1
102
RTVSPropertyOp60
 70
     1
102
RTVSPropertyOp61
 70
     1
102
RTVSPropertyOp62
 70
     1
  0
XRECORD
  5
3E8
102
{ACAD_REACTORS
330
3E7
102
}
330
3E7
100
AcDbXrecord
280
     1
102
RTVSPost2010Prop28
280
     0
102
RTVSPost2010PropOp28
 70
     1
102
RTVSPost2010Prop29
280
     1
102
RTVSPost2010PropOp29
 70
     1
102
RTVSPost2010Prop30
280
     1
102
RTVSPost2010PropOp30
 70
     1
102
RTVSPost2010Prop31
280
     0
102
RTVSPost2010PropOp31
 70
     1
102
RTVSPost2010Prop32
280
     0
102
RTVSPost2010PropOp32
 70
     1
102
RTVSPost2010Prop33
280
     0
102
RTVSPost2010PropOp33
 70
     1
102
RTVSPost2010Prop34
280
     0
102
RTVSPost2010PropOp34
 70
     1
102
RTVSPost2010Prop35
280
     0
102
RTVSPost2010PropOp35
 70
     1
102
RTVSPost2010Prop36
280
     0
102
RTVSPost2010PropOp36
 70
     1
102
RTVSPost2010Prop37
 90
       50
102
RTVSPost2010PropOp37
 70
     0
102
RTVSPost2010Prop38
140
0.0
102
RTVSPost2010PropOp38
 70
     0
102
RTVSPost2010Prop39
140
1.0
102
RTVSPost2010PropOp39
 70
     0
102
RTVSPost2010Prop40
 90
        0
102
RTVSPost2010PropOp40
 70
     0
102
RTVSPost2010Prop41ColorIndex
 90
       18
102
RTVSPost2010Prop41ColorRGB
 90
        0
102
RTVSPost2010PropOp41
 70
     0
102
RTVSPost2010Prop42
 90
       50
102
RTVSPost2010PropOp42
 70
     0
102
RTVSPost2010Prop43
 90
        3
102
RTVSPost2010PropOp43
 70
     0
102
RTVSPost2010Prop44ColorIndex
 90
        5
102
RTVSPost2010Prop44ColorRGB
 90
      255
102
RTVSPost2010PropOp44
 70
     0
102
RTVSPost2010Prop45
280
     0
102
RTVSPost2010PropOp45
 70
     1
102
RTVSPost2010Prop46
 90
       50
102
RTVSPost2010PropOp46
 70
     0
102
RTVSPost2010Prop47
 90
       50
102
RTVSPost2010PropOp47
 70
     0
102
RTVSPost2010Prop48
 90
       50
102
RTVSPost2010PropOp48
 70
     0
102
RTVSPost2010Prop49
280
     0
102
RTVSPost2010PropOp49
 70
     1
102
RTVSPost2010Prop50
 90
       50
102
RTVSPost2010PropOp50
 70
     0
102
RTVSPost2010Prop51ColorIndex
 90
      256
102
RTVSPost2010Prop51ColorRGB
 90
-16777216
102
RTVSPost2010PropOp51
 70
     0
102
RTVSPost2010Prop52
140
1.0
102
RTVSPost2010PropOp52
 70
     0
102
RTVSPost2010Prop53
 90
        2
102
RTVSPost2010PropOp53
 70
     0
102
RTVSPost2010Prop54
  1
strokes_ogs.tif
102
RTVSPost2010PropOp54
 70
     0
102
RTVSPost2010Prop55
280
     0
102
RTVSPost2010PropOp55
 70
     1
102
RTVSPost2010Prop56
140
1.0
102
RTVSPost2010PropOp56
 70
     0
102
RTVSPost2010Prop57
140
1.0
102
RTVSPost2010PropOp57
 70
     0
102
RTVSPropertyOp0
 70
     0
102
RTVSPropertyOp1
 70
     0
102
RTVSPropertyOp2
 70
     0
102
RTVSPropertyOp3
 70
     0
102
RTVSPropertyOp4
 70
     0
102
RTVSPropertyOp5
 70
     0
102
RTVSPropertyOp6
 70
     0
102
RTVSPropertyOp7
 70
     0
102
RTVSPropertyOp8
 70
     0
102
RTVSPropertyOp9
 70
     0
102
RTVSPropertyOp10
 70
     0
102
RTVSPropertyOp11
 70
     0
102
RTVSPropertyOp12
 70
     0
102
RTVSPropertyOp13
 70
     0
102
RTVSPropertyOp14
 70
     2
102
RTVSPropertyOp15
 70
     0
102
RTVSPropertyOp16
 70
     0
102
RTVSPropertyOp17
 70
     0
102
RTVSPropertyOp18
 70
     0
102
RTVSPropertyOp19
 70
     0
102
RTVSPropertyOp20
 70
     0
102
RTVSPropertyOp21
 70
     0
102
RTVSPropertyOp22
 70
     0
102
RTVSPropertyOp23
 70
     0
102
RTVSPropertyOp24
 70
     0
102
RTVSPropertyOp25
 70
     0
102
RTVSPropertyOp26
 70
     0
102
RTVSPropertyOp27
 70
     0
102
RTVSPropertyOp28
 70
     1
102
RTVSPropertyOp29
 70
     1
102
RTVSPropertyOp30
 70
     1
102
RTVSPropertyOp31
 70
     1
102
RTVSPropertyOp32
 70
     1
102
RTVSPropertyOp33
 70
     1
102
RTVSPropertyOp34
 70
     1
102
RTVSPropertyOp35
 70
     1
102
RTVSPropertyOp36
 70
     1
102
RTVSPropertyOp37
 70
     0
102
RTVSPropertyOp38
 70
     0
102
RTVSPropertyOp39
 70
     0
102
RTVSPropertyOp40
 70
     0
102
RTVSPropertyOp41
 70
     0
102
RTVSPropertyOp42
 70
     0
102
RTVSPropertyOp43
 70
     0
102
RTVSPropertyOp44
 70
     0
102
RTVSPropertyOp45
 70
     1
102
RTVSPropertyOp46
 70
     0
102
RTVSPropertyOp47
 70
     0
102
RTVSPropertyOp48
 70
     0
102
RTVSPropertyOp49
 70
     1
102
RTVSPropertyOp50
 70
     0
102
RTVSPropertyOp51
 70
     0
102
RTVSPropertyOp52
 70
     0
102
RTVSPropertyOp53
 70
     0
102
RTVSPropertyOp54
 70
     0
102
RTVSPropertyOp55
 70
     1
102
RTVSPropertyOp56
 70
     0
102
RTVSPropertyOp57
 70
     0
102
RTVSPropertyOp58
 70
     0
102
RTVSPropertyOp59
 70
     0
102
RTVSPropertyOp60
 70
     0
102
RTVSPropertyOp61
 70
     0
102
RTVSPropertyOp62
 70
     0
  0
XRECORD
  5
3D6
102
{ACAD_REACTORS
330
3D5
102
}
330
3D5
100
AcDbXrecord
280
     1
102
RTVSPost2010Prop28
280
     0
102
RTVSPost2010PropOp28
 70
     1
102
RTVSPost2010Prop29
280
     1
102
RTVSPost2010PropOp29
 70
     1
102
RTVSPost2010Prop30
280
     1
102
RTVSPost2010PropOp30
 70
     1
102
RTVSPost2010Prop31
280
     0
102
RTVSPost2010PropOp31
 70
     1
102
RTVSPost2010Prop32
280
     0
102
RTVSPost2010PropOp32
 70
     1
102
RTVSPost2010Prop33
280
     0
102
RTVSPost2010PropOp33
 70
     1
102
RTVSPost2010Prop34
280
     0
102
RTVSPost2010PropOp34
 70
     1
102
RTVSPost2010Prop35
280
     0
102
RTVSPost2010PropOp35
 70
     1
102
RTVSPost2010Prop36
280
     0
102
RTVSPost2010PropOp36
 70
     1
102
RTVSPost2010Prop37
 90
       50
102
RTVSPost2010PropOp37
 70
     1
102
RTVSPost2010Prop38
140
0.0
102
RTVSPost2010PropOp38
 70
     1
102
RTVSPost2010Prop39
140
1.0
102
RTVSPost2010PropOp39
 70
     1
102
RTVSPost2010Prop40
 90
        0
102
RTVSPost2010PropOp40
 70
     1
102
RTVSPost2010Prop41ColorIndex
 90
       18
102
RTVSPost2010Prop41ColorRGB
 90
        0
102
RTVSPost2010PropOp41
 70
     1
102
RTVSPost2010Prop42
 90
       50
102
RTVSPost2010PropOp42
 70
     1
102
RTVSPost2010Prop43
 90
        3
102
RTVSPost2010PropOp43
 70
     1
102
RTVSPost2010Prop44ColorIndex
 90
        5
102
RTVSPost2010Prop44ColorRGB
 90
      255
102
RTVSPost2010PropOp44
 70
     1
102
RTVSPost2010Prop45
280
     0
102
RTVSPost2010PropOp45
 70
     1
102
RTVSPost2010Prop46
 90
       50
102
RTVSPost2010PropOp46
 70
     1
102
RTVSPost2010Prop47
 90
       50
102
RTVSPost2010PropOp47
 70
     1
102
RTVSPost2010Prop48
 90
       50
102
RTVSPost2010PropOp48
 70
     1
102
RTVSPost2010Prop49
280
     0
102
RTVSPost2010PropOp49
 70
     1
102
RTVSPost2010Prop50
 90
       50
102
RTVSPost2010PropOp50
 70
     1
102
RTVSPost2010Prop51ColorIndex
 90
      256
102
RTVSPost2010Prop51ColorRGB
 90
-16777216
102
RTVSPost2010PropOp51
 70
     0
102
RTVSPost2010Prop52
140
1.0
102
RTVSPost2010PropOp52
 70
     0
102
RTVSPost2010Prop53
 90
        2
102
RTVSPost2010PropOp53
 70
     1
102
RTVSPost2010Prop54
  1
strokes_ogs.tif
102
RTVSPost2010PropOp54
 70
     1
102
RTVSPost2010Prop55
280
     0
102
RTVSPost2010PropOp55
 70
     1
102
RTVSPost2010Prop56
140
1.0
102
RTVSPost2010PropOp56
 70
     1
102
RTVSPost2010Prop57
140
1.0
102
RTVSPost2010PropOp57
 70
     1
102
RTVSPropertyOp0
 70
     1
102
RTVSPropertyOp1
 70
     1
102
RTVSPropertyOp2
 70
     1
102
RTVSPropertyOp3
 70
     1
102
RTVSPropertyOp4
 70
     1
102
RTVSPropertyOp5
 70
     1
102
RTVSPropertyOp6
 70
     1
102
RTVSPropertyOp7
 70
     1
102
RTVSPropertyOp8
 70
     1
102
RTVSPropertyOp9
 70
     1
102
RTVSPropertyOp10
 70
     1
102
RTVSPropertyOp11
 70
     1
102
RTVSPropertyOp12
 70
     1
102
RTVSPropertyOp13
 70
     1
102
RTVSPropertyOp14
 70
     1
102
RTVSPropertyOp15
 70
     1
102
RTVSPropertyOp16
 70
     1
102
RTVSPropertyOp17
 70
     1
102
RTVSPropertyOp18
 70
     1
102
RTVSPropertyOp19
 70
     1
102
RTVSPropertyOp20
 70
     1
102
RTVSPropertyOp21
 70
     1
102
RTVSPropertyOp22
 70
     1
102
RTVSPropertyOp23
 70
     1
102
RTVSPropertyOp24
 70
     1
102
RTVSPropertyOp25
 70
     1
102
RTVSPropertyOp26
 70
     1
102
RTVSPropertyOp27
 70
     1
102
RTVSPropertyOp28
 70
     1
102
RTVSPropertyOp29
 70
     1
102
RTVSPropertyOp30
 70
     1
102
RTVSPropertyOp31
 70
     1
102
RTVSPropertyOp32
 70
     1
102
RTVSPropertyOp33
 70
     1
102
RTVSPropertyOp34
 70
     1
102
RTVSPropertyOp35
 70
     1
102
RTVSPropertyOp36
 70
     1
102
RTVSPropertyOp37
 70
     1
102
RTVSPropertyOp38
 70
     1
102
RTVSPropertyOp39
 70
     1
102
RTVSPropertyOp40
 70
     1
102
RTVSPropertyOp41
 70
     1
102
RTVSPropertyOp42
 70
     1
102
RTVSPropertyOp43
 70
     1
102
RTVSPropertyOp44
 70
     1
102
RTVSPropertyOp45
 70
     1
102
RTVSPropertyOp46
 70
     1
102
RTVSPropertyOp47
 70
     1
102
RTVSPropertyOp48
 70
     1
102
RTVSPropertyOp49
 70
     1
102
RTVSPropertyOp50
 70
     1
102
RTVSPropertyOp51
 70
     0
102
RTVSPropertyOp52
 70
     0
102
RTVSPropertyOp53
 70
     1
102
RTVSPropertyOp54
 70
     1
102
RTVSPropertyOp55
 70
     1
102
RTVSPropertyOp56
 70
     1
102
RTVSPropertyOp57
 70
     1
102
RTVSPropertyOp58
 70
     1
102
RTVSPropertyOp59
 70
     1
102
RTVSPropertyOp60
 70
     1
102
RTVSPropertyOp61
 70
     1
102
RTVSPropertyOp62
 70
     1
  0
XRECORD
  5
3BA
102
{ACAD_REACTORS
330
3B9
102
}
330
3B9
100
AcDbXrecord
280
     1
102
RTVSPost2010Prop28
280
     0
102
RTVSPost2010PropOp28
 70
     1
102
RTVSPost2010Prop29
280
     1
102
RTVSPost2010PropOp29
 70
     1
102
RTVSPost2010Prop30
280
     1
102
RTVSPost2010PropOp30
 70
     1
102
RTVSPost2010Prop31
280
     0
102
RTVSPost2010PropOp31
 70
     1
102
RTVSPost2010Prop32
280
     0
102
RTVSPost2010PropOp32
 70
     1
102
RTVSPost2010Prop33
280
     0
102
RTVSPost2010PropOp33
 70
     1
102
RTVSPost2010Prop34
280
     0
102
RTVSPost2010PropOp34
 70
     1
102
RTVSPost2010Prop35
280
     0
102
RTVSPost2010PropOp35
 70
     1
102
RTVSPost2010Prop36
280
     0
102
RTVSPost2010PropOp36
 70
     1
102
RTVSPost2010Prop37
 90
       50
102
RTVSPost2010PropOp37
 70
     1
102
RTVSPost2010Prop38
140
0.0
102
RTVSPost2010PropOp38
 70
     1
102
RTVSPost2010Prop39
140
1.0
102
RTVSPost2010PropOp39
 70
     1
102
RTVSPost2010Prop40
 90
        0
102
RTVSPost2010PropOp40
 70
     1
102
RTVSPost2010Prop41ColorIndex
 90
       18
102
RTVSPost2010Prop41ColorRGB
 90
        0
102
RTVSPost2010PropOp41
 70
     1
102
RTVSPost2010Prop42
 90
       50
102
RTVSPost2010PropOp42
 70
     1
102
RTVSPost2010Prop43
 90
        3
102
RTVSPost2010PropOp43
 70
     1
102
RTVSPost2010Prop44ColorIndex
 90
        5
102
RTVSPost2010Prop44ColorRGB
 90
      255
102
RTVSPost2010PropOp44
 70
     1
102
RTVSPost2010Prop45
280
     0
102
RTVSPost2010PropOp45
 70
     1
102
RTVSPost2010Prop46
 90
       50
102
RTVSPost2010PropOp46
 70
     1
102
RTVSPost2010Prop47
 90
       50
102
RTVSPost2010PropOp47
 70
     1
102
RTVSPost2010Prop48
 90
       50
102
RTVSPost2010PropOp48
 70
     1
102
RTVSPost2010Prop49
280
     0
102
RTVSPost2010PropOp49
 70
     1
102
RTVSPost2010Prop50
 90
       50
102
RTVSPost2010PropOp50
 70
     1
102
RTVSPost2010Prop51ColorIndex
 90
      256
102
RTVSPost2010Prop51ColorRGB
 90
-16777216
102
RTVSPost2010PropOp51
 70
     0
102
RTVSPost2010Prop52
140
1.0
102
RTVSPost2010PropOp52
 70
     0
102
RTVSPost2010Prop53
 90
        2
102
RTVSPost2010PropOp53
 70
     1
102
RTVSPost2010Prop54
  1
strokes_ogs.tif
102
RTVSPost2010PropOp54
 70
     1
102
RTVSPost2010Prop55
280
     0
102
RTVSPost2010PropOp55
 70
     1
102
RTVSPost2010Prop56
140
1.0
102
RTVSPost2010PropOp56
 70
     1
102
RTVSPost2010Prop57
140
1.0
102
RTVSPost2010PropOp57
 70
     1
102
RTVSPropertyOp0
 70
     1
102
RTVSPropertyOp1
 70
     1
102
RTVSPropertyOp2
 70
     1
102
RTVSPropertyOp3
 70
     1
102
RTVSPropertyOp4
 70
     1
102
RTVSPropertyOp5
 70
     1
102
RTVSPropertyOp6
 70
     1
102
RTVSPropertyOp7
 70
     1
102
RTVSPropertyOp8
 70
     1
102
RTVSPropertyOp9
 70
     1
102
RTVSPropertyOp10
 70
     1
102
RTVSPropertyOp11
 70
     1
102
RTVSPropertyOp12
 70
     1
102
RTVSPropertyOp13
 70
     1
102
RTVSPropertyOp14
 70
     1
102
RTVSPropertyOp15
 70
     1
102
RTVSPropertyOp16
 70
     1
102
RTVSPropertyOp17
 70
     1
102
RTVSPropertyOp18
 70
     1
102
RTVSPropertyOp19
 70
     1
102
RTVSPropertyOp20
 70
     1
102
RTVSPropertyOp21
 70
     1
102
RTVSPropertyOp22
 70
     1
102
RTVSPropertyOp23
 70
     1
102
RTVSPropertyOp24
 70
     1
102
RTVSPropertyOp25
 70
     1
102
RTVSPropertyOp26
 70
     1
102
RTVSPropertyOp27
 70
     1
102
RTVSPropertyOp28
 70
     1
102
RTVSPropertyOp29
 70
     1
102
RTVSPropertyOp30
 70
     1
102
RTVSPropertyOp31
 70
     1
102
RTVSPropertyOp32
 70
     1
102
RTVSPropertyOp33
 70
     1
102
RTVSPropertyOp34
 70
     1
102
RTVSPropertyOp35
 70
     1
102
RTVSPropertyOp36
 70
     1
102
RTVSPropertyOp37
 70
     1
102
RTVSPropertyOp38
 70
     1
102
RTVSPropertyOp39
 70
     1
102
RTVSPropertyOp40
 70
     1
102
RTVSPropertyOp41
 70
     1
102
RTVSPropertyOp42
 70
     1
102
RTVSPropertyOp43
 70
     1
102
RTVSPropertyOp44
 70
     1
102
RTVSPropertyOp45
 70
     1
102
RTVSPropertyOp46
 70
     1
102
RTVSPropertyOp47
 70
     1
102
RTVSPropertyOp48
 70
     1
102
RTVSPropertyOp49
 70
     1
102
RTVSPropertyOp50
 70
     1
102
RTVSPropertyOp51
 70
     0
102
RTVSPropertyOp52
 70
     0
102
RTVSPropertyOp53
 70
     1
102
RTVSPropertyOp54
 70
     1
102
RTVSPropertyOp55
 70
     1
102
RTVSPropertyOp56
 70
     1
102
RTVSPropertyOp57
 70
     1
102
RTVSPropertyOp58
 70
     1
102
RTVSPropertyOp59
 70
     1
102
RTVSPropertyOp60
 70
     1
102
RTVSPropertyOp61
 70
     1
102
RTVSPropertyOp62
 70
     1
  0
XRECORD
  5
3BC
102
{ACAD_REACTORS
330
3BB
102
}
330
3BB
100
AcDbXrecord
280
     1
102
RTVSPost2010Prop28
280
     0
102
RTVSPost2010PropOp28
 70
     1
102
RTVSPost2010Prop29
280
     1
102
RTVSPost2010PropOp29
 70
     1
102
RTVSPost2010Prop30
280
     1
102
RTVSPost2010PropOp30
 70
     1
102
RTVSPost2010Prop31
280
     0
102
RTVSPost2010PropOp31
 70
     1
102
RTVSPost2010Prop32
280
     0
102
RTVSPost2010PropOp32
 70
     1
102
RTVSPost2010Prop33
280
     0
102
RTVSPost2010PropOp33
 70
     1
102
RTVSPost2010Prop34
280
     0
102
RTVSPost2010PropOp34
 70
     1
102
RTVSPost2010Prop35
280
     0
102
RTVSPost2010PropOp35
 70
     1
102
RTVSPost2010Prop36
280
     0
102
RTVSPost2010PropOp36
 70
     1
102
RTVSPost2010Prop37
 90
       50
102
RTVSPost2010PropOp37
 70
     1
102
RTVSPost2010Prop38
140
0.0
102
RTVSPost2010PropOp38
 70
     1
102
RTVSPost2010Prop39
140
1.0
102
RTVSPost2010PropOp39
 70
     1
102
RTVSPost2010Prop40
 90
        0
102
RTVSPost2010PropOp40
 70
     1
102
RTVSPost2010Prop41ColorIndex
 90
       18
102
RTVSPost2010Prop41ColorRGB
 90
        0
102
RTVSPost2010PropOp41
 70
     1
102
RTVSPost2010Prop42
 90
       50
102
RTVSPost2010PropOp42
 70
     1
102
RTVSPost2010Prop43
 90
        3
102
RTVSPost2010PropOp43
 70
     1
102
RTVSPost2010Prop44ColorIndex
 90
        5
102
RTVSPost2010Prop44ColorRGB
 90
      255
102
RTVSPost2010PropOp44
 70
     1
102
RTVSPost2010Prop45
280
     0
102
RTVSPost2010PropOp45
 70
     1
102
RTVSPost2010Prop46
 90
       50
102
RTVSPost2010PropOp46
 70
     1
102
RTVSPost2010Prop47
 90
       50
102
RTVSPost2010PropOp47
 70
     1
102
RTVSPost2010Prop48
 90
       50
102
RTVSPost2010PropOp48
 70
     1
102
RTVSPost2010Prop49
280
     0
102
RTVSPost2010PropOp49
 70
     1
102
RTVSPost2010Prop50
 90
       50
102
RTVSPost2010PropOp50
 70
     1
102
RTVSPost2010Prop51ColorIndex
 90
      256
102
RTVSPost2010Prop51ColorRGB
 90
-16777216
102
RTVSPost2010PropOp51
 70
     0
102
RTVSPost2010Prop52
140
1.0
102
RTVSPost2010PropOp52
 70
     0
102
RTVSPost2010Prop53
 90
        2
102
RTVSPost2010PropOp53
 70
     1
102
RTVSPost2010Prop54
  1
strokes_ogs.tif
102
RTVSPost2010PropOp54
 70
     1
102
RTVSPost2010Prop55
280
     0
102
RTVSPost2010PropOp55
 70
     1
102
RTVSPost2010Prop56
140
1.0
102
RTVSPost2010PropOp56
 70
     1
102
RTVSPost2010Prop57
140
1.0
102
RTVSPost2010PropOp57
 70
     1
102
RTVSPropertyOp0
 70
     1
102
RTVSPropertyOp1
 70
     1
102
RTVSPropertyOp2
 70
     1
102
RTVSPropertyOp3
 70
     1
102
RTVSPropertyOp4
 70
     1
102
RTVSPropertyOp5
 70
     1
102
RTVSPropertyOp6
 70
     1
102
RTVSPropertyOp7
 70
     1
102
RTVSPropertyOp8
 70
     1
102
RTVSPropertyOp9
 70
     1
102
RTVSPropertyOp10
 70
     1
102
RTVSPropertyOp11
 70
     1
102
RTVSPropertyOp12
 70
     1
102
RTVSPropertyOp13
 70
     1
102
RTVSPropertyOp14
 70
     1
102
RTVSPropertyOp15
 70
     1
102
RTVSPropertyOp16
 70
     1
102
RTVSPropertyOp17
 70
     1
102
RTVSPropertyOp18
 70
     1
102
RTVSPropertyOp19
 70
     1
102
RTVSPropertyOp20
 70
     1
102
RTVSPropertyOp21
 70
     1
102
RTVSPropertyOp22
 70
     1
102
RTVSPropertyOp23
 70
     1
102
RTVSPropertyOp24
 70
     1
102
RTVSPropertyOp25
 70
     1
102
RTVSPropertyOp26
 70
     1
102
RTVSPropertyOp27
 70
     1
102
RTVSPropertyOp28
 70
     1
102
RTVSPropertyOp29
 70
     1
102
RTVSPropertyOp30
 70
     1
102
RTVSPropertyOp31
 70
     1
102
RTVSPropertyOp32
 70
     1
102
RTVSPropertyOp33
 70
     1
102
RTVSPropertyOp34
 70
     1
102
RTVSPropertyOp35
 70
     1
102
RTVSPropertyOp36
 70
     1
102
RTVSPropertyOp37
 70
     1
102
RTVSPropertyOp38
 70
     1
102
RTVSPropertyOp39
 70
     1
102
RTVSPropertyOp40
 70
     1
102
RTVSPropertyOp41
 70
     1
102
RTVSPropertyOp42
 70
     1
102
RTVSPropertyOp43
 70
     1
102
RTVSPropertyOp44
 70
     1
102
RTVSPropertyOp45
 70
     1
102
RTVSPropertyOp46
 70
     1
102
RTVSPropertyOp47
 70
     1
102
RTVSPropertyOp48
 70
     1
102
RTVSPropertyOp49
 70
     1
102
RTVSPropertyOp50
 70
     1
102
RTVSPropertyOp51
 70
     0
102
RTVSPropertyOp52
 70
     0
102
RTVSPropertyOp53
 70
     1
102
RTVSPropertyOp54
 70
     1
102
RTVSPropertyOp55
 70
     1
102
RTVSPropertyOp56
 70
     1
102
RTVSPropertyOp57
 70
     1
102
RTVSPropertyOp58
 70
     1
102
RTVSPropertyOp59
 70
     1
102
RTVSPropertyOp60
 70
     1
102
RTVSPropertyOp61
 70
     1
102
RTVSPropertyOp62
 70
     1
  0
XRECORD
  5
3BE
102
{ACAD_REACTORS
330
3BD
102
}
330
3BD
100
AcDbXrecord
280
     1
102
RTVSPost2010Prop28
280
     0
102
RTVSPost2010PropOp28
 70
     1
102
RTVSPost2010Prop29
280
     1
102
RTVSPost2010PropOp29
 70
     1
102
RTVSPost2010Prop30
280
     1
102
RTVSPost2010PropOp30
 70
     1
102
RTVSPost2010Prop31
280
     0
102
RTVSPost2010PropOp31
 70
     1
102
RTVSPost2010Prop32
280
     0
102
RTVSPost2010PropOp32
 70
     1
102
RTVSPost2010Prop33
280
     0
102
RTVSPost2010PropOp33
 70
     1
102
RTVSPost2010Prop34
280
     0
102
RTVSPost2010PropOp34
 70
     1
102
RTVSPost2010Prop35
280
     0
102
RTVSPost2010PropOp35
 70
     1
102
RTVSPost2010Prop36
280
     0
102
RTVSPost2010PropOp36
 70
     1
102
RTVSPost2010Prop37
 90
       50
102
RTVSPost2010PropOp37
 70
     1
102
RTVSPost2010Prop38
140
0.0
102
RTVSPost2010PropOp38
 70
     1
102
RTVSPost2010Prop39
140
1.0
102
RTVSPost2010PropOp39
 70
     1
102
RTVSPost2010Prop40
 90
        0
102
RTVSPost2010PropOp40
 70
     1
102
RTVSPost2010Prop41ColorIndex
 90
       18
102
RTVSPost2010Prop41ColorRGB
 90
        0
102
RTVSPost2010PropOp41
 70
     1
102
RTVSPost2010Prop42
 90
       50
102
RTVSPost2010PropOp42
 70
     1
102
RTVSPost2010Prop43
 90
        3
102
RTVSPost2010PropOp43
 70
     1
102
RTVSPost2010Prop44ColorIndex
 90
        5
102
RTVSPost2010Prop44ColorRGB
 90
      255
102
RTVSPost2010PropOp44
 70
     1
102
RTVSPost2010Prop45
280
     0
102
RTVSPost2010PropOp45
 70
     1
102
RTVSPost2010Prop46
 90
       50
102
RTVSPost2010PropOp46
 70
     1
102
RTVSPost2010Prop47
 90
       50
102
RTVSPost2010PropOp47
 70
     1
102
RTVSPost2010Prop48
 90
       50
102
RTVSPost2010PropOp48
 70
     1
102
RTVSPost2010Prop49
280
     0
102
RTVSPost2010PropOp49
 70
     1
102
RTVSPost2010Prop50
 90
       50
102
RTVSPost2010PropOp50
 70
     1
102
RTVSPost2010Prop51ColorIndex
 90
      256
102
RTVSPost2010Prop51ColorRGB
 90
-16777216
102
RTVSPost2010PropOp51
 70
     0
102
RTVSPost2010Prop52
140
1.0
102
RTVSPost2010PropOp52
 70
     0
102
RTVSPost2010Prop53
 90
        2
102
RTVSPost2010PropOp53
 70
     1
102
RTVSPost2010Prop54
  1
strokes_ogs.tif
102
RTVSPost2010PropOp54
 70
     1
102
RTVSPost2010Prop55
280
     0
102
RTVSPost2010PropOp55
 70
     1
102
RTVSPost2010Prop56
140
1.0
102
RTVSPost2010PropOp56
 70
     1
102
RTVSPost2010Prop57
140
1.0
102
RTVSPost2010PropOp57
 70
     1
102
RTVSPropertyOp0
 70
     1
102
RTVSPropertyOp1
 70
     1
102
RTVSPropertyOp2
 70
     1
102
RTVSPropertyOp3
 70
     1
102
RTVSPropertyOp4
 70
     1
102
RTVSPropertyOp5
 70
     1
102
RTVSPropertyOp6
 70
     1
102
RTVSPropertyOp7
 70
     1
102
RTVSPropertyOp8
 70
     1
102
RTVSPropertyOp9
 70
     1
102
RTVSPropertyOp10
 70
     1
102
RTVSPropertyOp11
 70
     1
102
RTVSPropertyOp12
 70
     1
102
RTVSPropertyOp13
 70
     1
102
RTVSPropertyOp14
 70
     1
102
RTVSPropertyOp15
 70
     1
102
RTVSPropertyOp16
 70
     1
102
RTVSPropertyOp17
 70
     1
102
RTVSPropertyOp18
 70
     1
102
RTVSPropertyOp19
 70
     1
102
RTVSPropertyOp20
 70
     1
102
RTVSPropertyOp21
 70
     1
102
RTVSPropertyOp22
 70
     1
102
RTVSPropertyOp23
 70
     1
102
RTVSPropertyOp24
 70
     1
102
RTVSPropertyOp25
 70
     1
102
RTVSPropertyOp26
 70
     1
102
RTVSPropertyOp27
 70
     1
102
RTVSPropertyOp28
 70
     1
102
RTVSPropertyOp29
 70
     1
102
RTVSPropertyOp30
 70
     1
102
RTVSPropertyOp31
 70
     1
102
RTVSPropertyOp32
 70
     1
102
RTVSPropertyOp33
 70
     1
102
RTVSPropertyOp34
 70
     1
102
RTVSPropertyOp35
 70
     1
102
RTVSPropertyOp36
 70
     1
102
RTVSPropertyOp37
 70
     1
102
RTVSPropertyOp38
 70
     1
102
RTVSPropertyOp39
 70
     1
102
RTVSPropertyOp40
 70
     1
102
RTVSPropertyOp41
 70
     1
102
RTVSPropertyOp42
 70
     1
102
RTVSPropertyOp43
 70
     1
102
RTVSPropertyOp44
 70
     1
102
RTVSPropertyOp45
 70
     1
102
RTVSPropertyOp46
 70
     1
102
RTVSPropertyOp47
 70
     1
102
RTVSPropertyOp48
 70
     1
102
RTVSPropertyOp49
 70
     1
102
RTVSPropertyOp50
 70
     1
102
RTVSPropertyOp51
 70
     0
102
RTVSPropertyOp52
 70
     0
102
RTVSPropertyOp53
 70
     1
102
RTVSPropertyOp54
 70
     1
102
RTVSPropertyOp55
 70
     1
102
RTVSPropertyOp56
 70
     1
102
RTVSPropertyOp57
 70
     1
102
RTVSPropertyOp58
 70
     1
102
RTVSPropertyOp59
 70
     1
102
RTVSPropertyOp60
 70
     1
102
RTVSPropertyOp61
 70
     1
102
RTVSPropertyOp62
 70
     1
  0
XRECORD
  5
3C0
102
{ACAD_REACTORS
330
3BF
102
}
330
3BF
100
AcDbXrecord
280
     1
102
RTVSPost2010Prop28
280
     0
102
RTVSPost2010PropOp28
 70
     1
102
RTVSPost2010Prop29
280
     1
102
RTVSPost2010PropOp29
 70
     1
102
RTVSPost2010Prop30
280
     1
102
RTVSPost2010PropOp30
 70
     1
102
RTVSPost2010Prop31
280
     0
102
RTVSPost2010PropOp31
 70
     1
102
RTVSPost2010Prop32
280
     0
102
RTVSPost2010PropOp32
 70
     1
102
RTVSPost2010Prop33
280
     0
102
RTVSPost2010PropOp33
 70
     1
102
RTVSPost2010Prop34
280
     0
102
RTVSPost2010PropOp34
 70
     1
102
RTVSPost2010Prop35
280
     0
102
RTVSPost2010PropOp35
 70
     1
102
RTVSPost2010Prop36
280
     0
102
RTVSPost2010PropOp36
 70
     1
102
RTVSPost2010Prop37
 90
       50
102
RTVSPost2010PropOp37
 70
     1
102
RTVSPost2010Prop38
140
0.0
102
RTVSPost2010PropOp38
 70
     1
102
RTVSPost2010Prop39
140
1.0
102
RTVSPost2010PropOp39
 70
     1
102
RTVSPost2010Prop40
 90
        0
102
RTVSPost2010PropOp40
 70
     1
102
RTVSPost2010Prop41ColorIndex
 90
       18
102
RTVSPost2010Prop41ColorRGB
 90
        0
102
RTVSPost2010PropOp41
 70
     1
102
RTVSPost2010Prop42
 90
       50
102
RTVSPost2010PropOp42
 70
     1
102
RTVSPost2010Prop43
 90
        3
102
RTVSPost2010PropOp43
 70
     1
102
RTVSPost2010Prop44ColorIndex
 90
        5
102
RTVSPost2010Prop44ColorRGB
 90
      255
102
RTVSPost2010PropOp44
 70
     1
102
RTVSPost2010Prop45
280
     0
102
RTVSPost2010PropOp45
 70
     1
102
RTVSPost2010Prop46
 90
       50
102
RTVSPost2010PropOp46
 70
     1
102
RTVSPost2010Prop47
 90
       50
102
RTVSPost2010PropOp47
 70
     1
102
RTVSPost2010Prop48
 90
       50
102
RTVSPost2010PropOp48
 70
     1
102
RTVSPost2010Prop49
280
     0
102
RTVSPost2010PropOp49
 70
     1
102
RTVSPost2010Prop50
 90
       50
102
RTVSPost2010PropOp50
 70
     1
102
RTVSPost2010Prop51ColorIndex
 90
      256
102
RTVSPost2010Prop51ColorRGB
 90
-16777216
102
RTVSPost2010PropOp51
 70
     0
102
RTVSPost2010Prop52
140
1.0
102
RTVSPost2010PropOp52
 70
     0
102
RTVSPost2010Prop53
 90
        2
102
RTVSPost2010PropOp53
 70
     1
102
RTVSPost2010Prop54
  1
strokes_ogs.tif
102
RTVSPost2010PropOp54
 70
     1
102
RTVSPost2010Prop55
280
     0
102
RTVSPost2010PropOp55
 70
     1
102
RTVSPost2010Prop56
140
1.0
102
RTVSPost2010PropOp56
 70
     1
102
RTVSPost2010Prop57
140
1.0
102
RTVSPost2010PropOp57
 70
     1
102
RTVSPropertyOp0
 70
     1
102
RTVSPropertyOp1
 70
     1
102
RTVSPropertyOp2
 70
     1
102
RTVSPropertyOp3
 70
     1
102
RTVSPropertyOp4
 70
     1
102
RTVSPropertyOp5
 70
     1
102
RTVSPropertyOp6
 70
     1
102
RTVSPropertyOp7
 70
     1
102
RTVSPropertyOp8
 70
     1
102
RTVSPropertyOp9
 70
     1
102
RTVSPropertyOp10
 70
     1
102
RTVSPropertyOp11
 70
     1
102
RTVSPropertyOp12
 70
     1
102
RTVSPropertyOp13
 70
     1
102
RTVSPropertyOp14
 70
     1
102
RTVSPropertyOp15
 70
     1
102
RTVSPropertyOp16
 70
     1
102
RTVSPropertyOp17
 70
     1
102
RTVSPropertyOp18
 70
     1
102
RTVSPropertyOp19
 70
     1
102
RTVSPropertyOp20
 70
     1
102
RTVSPropertyOp21
 70
     1
102
RTVSPropertyOp22
 70
     1
102
RTVSPropertyOp23
 70
     1
102
RTVSPropertyOp24
 70
     1
102
RTVSPropertyOp25
 70
     1
102
RTVSPropertyOp26
 70
     1
102
RTVSPropertyOp27
 70
     1
102
RTVSPropertyOp28
 70
     1
102
RTVSPropertyOp29
 70
     1
102
RTVSPropertyOp30
 70
     1
102
RTVSPropertyOp31
 70
     1
102
RTVSPropertyOp32
 70
     1
102
RTVSPropertyOp33
 70
     1
102
RTVSPropertyOp34
 70
     1
102
RTVSPropertyOp35
 70
     1
102
RTVSPropertyOp36
 70
     1
102
RTVSPropertyOp37
 70
     1
102
RTVSPropertyOp38
 70
     1
102
RTVSPropertyOp39
 70
     1
102
RTVSPropertyOp40
 70
     1
102
RTVSPropertyOp41
 70
     1
102
RTVSPropertyOp42
 70
     1
102
RTVSPropertyOp43
 70
     1
102
RTVSPropertyOp44
 70
     1
102
RTVSPropertyOp45
 70
     1
102
RTVSPropertyOp46
 70
     1
102
RTVSPropertyOp47
 70
     1
102
RTVSPropertyOp48
 70
     1
102
RTVSPropertyOp49
 70
     1
102
RTVSPropertyOp50
 70
     1
102
RTVSPropertyOp51
 70
     0
102
RTVSPropertyOp52
 70
     0
102
RTVSPropertyOp53
 70
     1
102
RTVSPropertyOp54
 70
     1
102
RTVSPropertyOp55
 70
     1
102
RTVSPropertyOp56
 70
     1
102
RTVSPropertyOp57
 70
     1
102
RTVSPropertyOp58
 70
     1
102
RTVSPropertyOp59
 70
     1
102
RTVSPropertyOp60
 70
     1
102
RTVSPropertyOp61
 70
     1
102
RTVSPropertyOp62
 70
     1
  0
XRECORD
  5
3C8
102
{ACAD_REACTORS
330
3C7
102
}
330
3C7
100
AcDbXrecord
280
     1
102
RTVSPost2010Prop28
280
     0
102
RTVSPost2010PropOp28
 70
     1
102
RTVSPost2010Prop29
280
     1
102
RTVSPost2010PropOp29
 70
     1
102
RTVSPost2010Prop30
280
     1
102
RTVSPost2010PropOp30
 70
     1
102
RTVSPost2010Prop31
280
     0
102
RTVSPost2010PropOp31
 70
     1
102
RTVSPost2010Prop32
280
     0
102
RTVSPost2010PropOp32
 70
     1
102
RTVSPost2010Prop33
280
     0
102
RTVSPost2010PropOp33
 70
     1
102
RTVSPost2010Prop34
280
     0
102
RTVSPost2010PropOp34
 70
     1
102
RTVSPost2010Prop35
280
     0
102
RTVSPost2010PropOp35
 70
     1
102
RTVSPost2010Prop36
280
     0
102
RTVSPost2010PropOp36
 70
     1
102
RTVSPost2010Prop37
 90
       50
102
RTVSPost2010PropOp37
 70
     1
102
RTVSPost2010Prop38
140
0.0
102
RTVSPost2010PropOp38
 70
     1
102
RTVSPost2010Prop39
140
1.0
102
RTVSPost2010PropOp39
 70
     1
102
RTVSPost2010Prop40
 90
        0
102
RTVSPost2010PropOp40
 70
     1
102
RTVSPost2010Prop41ColorIndex
 90
       18
102
RTVSPost2010Prop41ColorRGB
 90
        0
102
RTVSPost2010PropOp41
 70
     1
102
RTVSPost2010Prop42
 90
       50
102
RTVSPost2010PropOp42
 70
     1
102
RTVSPost2010Prop43
 90
        3
102
RTVSPost2010PropOp43
 70
     1
102
RTVSPost2010Prop44ColorIndex
 90
        5
102
RTVSPost2010Prop44ColorRGB
 90
      255
102
RTVSPost2010PropOp44
 70
     1
102
RTVSPost2010Prop45
280
     0
102
RTVSPost2010PropOp45
 70
     1
102
RTVSPost2010Prop46
 90
       50
102
RTVSPost2010PropOp46
 70
     1
102
RTVSPost2010Prop47
 90
       50
102
RTVSPost2010PropOp47
 70
     1
102
RTVSPost2010Prop48
 90
       50
102
RTVSPost2010PropOp48
 70
     1
102
RTVSPost2010Prop49
280
     0
102
RTVSPost2010PropOp49
 70
     1
102
RTVSPost2010Prop50
 90
       50
102
RTVSPost2010PropOp50
 70
     1
102
RTVSPost2010Prop51ColorIndex
 90
      256
102
RTVSPost2010Prop51ColorRGB
 90
-16777216
102
RTVSPost2010PropOp51
 70
     0
102
RTVSPost2010Prop52
140
1.0
102
RTVSPost2010PropOp52
 70
     0
102
RTVSPost2010Prop53
 90
        2
102
RTVSPost2010PropOp53
 70
     1
102
RTVSPost2010Prop54
  1
strokes_ogs.tif
102
RTVSPost2010PropOp54
 70
     1
102
RTVSPost2010Prop55
280
     0
102
RTVSPost2010PropOp55
 70
     1
102
RTVSPost2010Prop56
140
1.0
102
RTVSPost2010PropOp56
 70
     1
102
RTVSPost2010Prop57
140
1.0
102
RTVSPost2010PropOp57
 70
     1
102
RTVSPropertyOp0
 70
     1
102
RTVSPropertyOp1
 70
     1
102
RTVSPropertyOp2
 70
     1
102
RTVSPropertyOp3
 70
     1
102
RTVSPropertyOp4
 70
     1
102
RTVSPropertyOp5
 70
     1
102
RTVSPropertyOp6
 70
     1
102
RTVSPropertyOp7
 70
     1
102
RTVSPropertyOp8
 70
     1
102
RTVSPropertyOp9
 70
     1
102
RTVSPropertyOp10
 70
     1
102
RTVSPropertyOp11
 70
     1
102
RTVSPropertyOp12
 70
     1
102
RTVSPropertyOp13
 70
     1
102
RTVSPropertyOp14
 70
     1
102
RTVSPropertyOp15
 70
     1
102
RTVSPropertyOp16
 70
     1
102
RTVSPropertyOp17
 70
     1
102
RTVSPropertyOp18
 70
     1
102
RTVSPropertyOp19
 70
     1
102
RTVSPropertyOp20
 70
     1
102
RTVSPropertyOp21
 70
     1
102
RTVSPropertyOp22
 70
     1
102
RTVSPropertyOp23
 70
     1
102
RTVSPropertyOp24
 70
     1
102
RTVSPropertyOp25
 70
     1
102
RTVSPropertyOp26
 70
     1
102
RTVSPropertyOp27
 70
     1
102
RTVSPropertyOp28
 70
     1
102
RTVSPropertyOp29
 70
     1
102
RTVSPropertyOp30
 70
     1
102
RTVSPropertyOp31
 70
     1
102
RTVSPropertyOp32
 70
     1
102
RTVSPropertyOp33
 70
     1
102
RTVSPropertyOp34
 70
     1
102
RTVSPropertyOp35
 70
     1
102
RTVSPropertyOp36
 70
     1
102
RTVSPropertyOp37
 70
     1
102
RTVSPropertyOp38
 70
     1
102
RTVSPropertyOp39
 70
     1
102
RTVSPropertyOp40
 70
     1
102
RTVSPropertyOp41
 70
     1
102
RTVSPropertyOp42
 70
     1
102
RTVSPropertyOp43
 70
     1
102
RTVSPropertyOp44
 70
     1
102
RTVSPropertyOp45
 70
     1
102
RTVSPropertyOp46
 70
     1
102
RTVSPropertyOp47
 70
     1
102
RTVSPropertyOp48
 70
     1
102
RTVSPropertyOp49
 70
     1
102
RTVSPropertyOp50
 70
     1
102
RTVSPropertyOp51
 70
     0
102
RTVSPropertyOp52
 70
     0
102
RTVSPropertyOp53
 70
     1
102
RTVSPropertyOp54
 70
     1
102
RTVSPropertyOp55
 70
     1
102
RTVSPropertyOp56
 70
     1
102
RTVSPropertyOp57
 70
     1
102
RTVSPropertyOp58
 70
     1
102
RTVSPropertyOp59
 70
     1
102
RTVSPropertyOp60
 70
     1
102
RTVSPropertyOp61
 70
     1
102
RTVSPropertyOp62
 70
     1
  0
XRECORD
  5
3E4
102
{ACAD_REACTORS
330
3E3
102
}
330
3E3
100
AcDbXrecord
280
     1
102
RTVSPost2010Prop28
280
     0
102
RTVSPost2010PropOp28
 70
     1
102
RTVSPost2010Prop29
280
     1
102
RTVSPost2010PropOp29
 70
     1
102
RTVSPost2010Prop30
280
     1
102
RTVSPost2010PropOp30
 70
     1
102
RTVSPost2010Prop31
280
     0
102
RTVSPost2010PropOp31
 70
     1
102
RTVSPost2010Prop32
280
     0
102
RTVSPost2010PropOp32
 70
     1
102
RTVSPost2010Prop33
280
     0
102
RTVSPost2010PropOp33
 70
     1
102
RTVSPost2010Prop34
280
     0
102
RTVSPost2010PropOp34
 70
     1
102
RTVSPost2010Prop35
280
     0
102
RTVSPost2010PropOp35
 70
     1
102
RTVSPost2010Prop36
280
     0
102
RTVSPost2010PropOp36
 70
     1
102
RTVSPost2010Prop37
 90
       50
102
RTVSPost2010PropOp37
 70
     0
102
RTVSPost2010Prop38
140
0.0
102
RTVSPost2010PropOp38
 70
     0
102
RTVSPost2010Prop39
140
1.0
102
RTVSPost2010PropOp39
 70
     0
102
RTVSPost2010Prop40
 90
        0
102
RTVSPost2010PropOp40
 70
     0
102
RTVSPost2010Prop41ColorIndex
 90
       18
102
RTVSPost2010Prop41ColorRGB
 90
        0
102
RTVSPost2010PropOp41
 70
     0
102
RTVSPost2010Prop42
 90
       50
102
RTVSPost2010PropOp42
 70
     0
102
RTVSPost2010Prop43
 90
        3
102
RTVSPost2010PropOp43
 70
     0
102
RTVSPost2010Prop44ColorIndex
 90
        5
102
RTVSPost2010Prop44ColorRGB
 90
      255
102
RTVSPost2010PropOp44
 70
     0
102
RTVSPost2010Prop45
280
     0
102
RTVSPost2010PropOp45
 70
     1
102
RTVSPost2010Prop46
 90
       50
102
RTVSPost2010PropOp46
 70
     0
102
RTVSPost2010Prop47
 90
       50
102
RTVSPost2010PropOp47
 70
     0
102
RTVSPost2010Prop48
 90
       50
102
RTVSPost2010PropOp48
 70
     0
102
RTVSPost2010Prop49
280
     0
102
RTVSPost2010PropOp49
 70
     1
102
RTVSPost2010Prop50
 90
       50
102
RTVSPost2010PropOp50
 70
     0
102
RTVSPost2010Prop51ColorIndex
 90
      256
102
RTVSPost2010Prop51ColorRGB
 90
-16777216
102
RTVSPost2010PropOp51
 70
     0
102
RTVSPost2010Prop52
140
1.0
102
RTVSPost2010PropOp52
 70
     0
102
RTVSPost2010Prop53
 90
        2
102
RTVSPost2010PropOp53
 70
     0
102
RTVSPost2010Prop54
  1
strokes_ogs.tif
102
RTVSPost2010PropOp54
 70
     0
102
RTVSPost2010Prop55
280
     0
102
RTVSPost2010PropOp55
 70
     1
102
RTVSPost2010Prop56
140
1.0
102
RTVSPost2010PropOp56
 70
     0
102
RTVSPost2010Prop57
140
1.0
102
RTVSPost2010PropOp57
 70
     0
102
RTVSPropertyOp0
 70
     0
102
RTVSPropertyOp1
 70
     0
102
RTVSPropertyOp2
 70
     0
102
RTVSPropertyOp3
 70
     0
102
RTVSPropertyOp4
 70
     0
102
RTVSPropertyOp5
 70
     0
102
RTVSPropertyOp6
 70
     0
102
RTVSPropertyOp7
 70
     0
102
RTVSPropertyOp8
 70
     0
102
RTVSPropertyOp9
 70
     0
102
RTVSPropertyOp10
 70
     0
102
RTVSPropertyOp11
 70
     0
102
RTVSPropertyOp12
 70
     0
102
RTVSPropertyOp13
 70
     0
102
RTVSPropertyOp14
 70
     2
102
RTVSPropertyOp15
 70
     0
102
RTVSPropertyOp16
 70
     0
102
RTVSPropertyOp17
 70
     0
102
RTVSPropertyOp18
 70
     0
102
RTVSPropertyOp19
 70
     0
102
RTVSPropertyOp20
 70
     0
102
RTVSPropertyOp21
 70
     0
102
RTVSPropertyOp22
 70
     0
102
RTVSPropertyOp23
 70
     0
102
RTVSPropertyOp24
 70
     0
102
RTVSPropertyOp25
 70
     0
102
RTVSPropertyOp26
 70
     0
102
RTVSPropertyOp27
 70
     0
102
RTVSPropertyOp28
 70
     1
102
RTVSPropertyOp29
 70
     1
102
RTVSPropertyOp30
 70
     1
102
RTVSPropertyOp31
 70
     1
102
RTVSPropertyOp32
 70
     1
102
RTVSPropertyOp33
 70
     1
102
RTVSPropertyOp34
 70
     1
102
RTVSPropertyOp35
 70
     1
102
RTVSPropertyOp36
 70
     1
102
RTVSPropertyOp37
 70
     0
102
RTVSPropertyOp38
 70
     0
102
RTVSPropertyOp39
 70
     0
102
RTVSPropertyOp40
 70
     0
102
RTVSPropertyOp41
 70
     0
102
RTVSPropertyOp42
 70
     0
102
RTVSPropertyOp43
 70
     0
102
RTVSPropertyOp44
 70
     0
102
RTVSPropertyOp45
 70
     1
102
RTVSPropertyOp46
 70
     0
102
RTVSPropertyOp47
 70
     0
102
RTVSPropertyOp48
 70
     0
102
RTVSPropertyOp49
 70
     1
102
RTVSPropertyOp50
 70
     0
102
RTVSPropertyOp51
 70
     0
102
RTVSPropertyOp52
 70
     0
102
RTVSPropertyOp53
 70
     0
102
RTVSPropertyOp54
 70
     0
102
RTVSPropertyOp55
 70
     1
102
RTVSPropertyOp56
 70
     0
102
RTVSPropertyOp57
 70
     0
102
RTVSPropertyOp58
 70
     0
102
RTVSPropertyOp59
 70
     0
102
RTVSPropertyOp60
 70
     0
102
RTVSPropertyOp61
 70
     0
102
RTVSPropertyOp62
 70
     0
  0
XRECORD
  5
3D4
102
{ACAD_REACTORS
330
3D3
102
}
330
3D3
100
AcDbXrecord
280
     1
102
RTVSPost2010Prop28
280
     0
102
RTVSPost2010PropOp28
 70
     1
102
RTVSPost2010Prop29
280
     1
102
RTVSPost2010PropOp29
 70
     1
102
RTVSPost2010Prop30
280
     1
102
RTVSPost2010PropOp30
 70
     1
102
RTVSPost2010Prop31
280
     0
102
RTVSPost2010PropOp31
 70
     1
102
RTVSPost2010Prop32
280
     0
102
RTVSPost2010PropOp32
 70
     1
102
RTVSPost2010Prop33
280
     0
102
RTVSPost2010PropOp33
 70
     1
102
RTVSPost2010Prop34
280
     0
102
RTVSPost2010PropOp34
 70
     1
102
RTVSPost2010Prop35
280
     0
102
RTVSPost2010PropOp35
 70
     1
102
RTVSPost2010Prop36
280
     0
102
RTVSPost2010PropOp36
 70
     1
102
RTVSPost2010Prop37
 90
       50
102
RTVSPost2010PropOp37
 70
     1
102
RTVSPost2010Prop38
140
0.0
102
RTVSPost2010PropOp38
 70
     1
102
RTVSPost2010Prop39
140
1.0
102
RTVSPost2010PropOp39
 70
     1
102
RTVSPost2010Prop40
 90
        0
102
RTVSPost2010PropOp40
 70
     1
102
RTVSPost2010Prop41ColorIndex
 90
       18
102
RTVSPost2010Prop41ColorRGB
 90
        0
102
RTVSPost2010PropOp41
 70
     1
102
RTVSPost2010Prop42
 90
       50
102
RTVSPost2010PropOp42
 70
     1
102
RTVSPost2010Prop43
 90
        3
102
RTVSPost2010PropOp43
 70
     1
102
RTVSPost2010Prop44ColorIndex
 90
        5
102
RTVSPost2010Prop44ColorRGB
 90
      255
102
RTVSPost2010PropOp44
 70
     1
102
RTVSPost2010Prop45
280
     0
102
RTVSPost2010PropOp45
 70
     1
102
RTVSPost2010Prop46
 90
       50
102
RTVSPost2010PropOp46
 70
     1
102
RTVSPost2010Prop47
 90
       50
102
RTVSPost2010PropOp47
 70
     1
102
RTVSPost2010Prop48
 90
       50
102
RTVSPost2010PropOp48
 70
     1
102
RTVSPost2010Prop49
280
     0
102
RTVSPost2010PropOp49
 70
     1
102
RTVSPost2010Prop50
 90
       50
102
RTVSPost2010PropOp50
 70
     1
102
RTVSPost2010Prop51ColorIndex
 90
      256
102
RTVSPost2010Prop51ColorRGB
 90
-16777216
102
RTVSPost2010PropOp51
 70
     0
102
RTVSPost2010Prop52
140
1.0
102
RTVSPost2010PropOp52
 70
     0
102
RTVSPost2010Prop53
 90
        2
102
RTVSPost2010PropOp53
 70
     1
102
RTVSPost2010Prop54
  1
strokes_ogs.tif
102
RTVSPost2010PropOp54
 70
     1
102
RTVSPost2010Prop55
280
     0
102
RTVSPost2010PropOp55
 70
     1
102
RTVSPost2010Prop56
140
1.0
102
RTVSPost2010PropOp56
 70
     1
102
RTVSPost2010Prop57
140
1.0
102
RTVSPost2010PropOp57
 70
     1
102
RTVSPropertyOp0
 70
     1
102
RTVSPropertyOp1
 70
     1
102
RTVSPropertyOp2
 70
     1
102
RTVSPropertyOp3
 70
     1
102
RTVSPropertyOp4
 70
     1
102
RTVSPropertyOp5
 70
     1
102
RTVSPropertyOp6
 70
     1
102
RTVSPropertyOp7
 70
     1
102
RTVSPropertyOp8
 70
     1
102
RTVSPropertyOp9
 70
     1
102
RTVSPropertyOp10
 70
     1
102
RTVSPropertyOp11
 70
     1
102
RTVSPropertyOp12
 70
     1
102
RTVSPropertyOp13
 70
     1
102
RTVSPropertyOp14
 70
     1
102
RTVSPropertyOp15
 70
     1
102
RTVSPropertyOp16
 70
     1
102
RTVSPropertyOp17
 70
     1
102
RTVSPropertyOp18
 70
     1
102
RTVSPropertyOp19
 70
     1
102
RTVSPropertyOp20
 70
     1
102
RTVSPropertyOp21
 70
     1
102
RTVSPropertyOp22
 70
     1
102
RTVSPropertyOp23
 70
     1
102
RTVSPropertyOp24
 70
     1
102
RTVSPropertyOp25
 70
     1
102
RTVSPropertyOp26
 70
     1
102
RTVSPropertyOp27
 70
     1
102
RTVSPropertyOp28
 70
     1
102
RTVSPropertyOp29
 70
     1
102
RTVSPropertyOp30
 70
     1
102
RTVSPropertyOp31
 70
     1
102
RTVSPropertyOp32
 70
     1
102
RTVSPropertyOp33
 70
     1
102
RTVSPropertyOp34
 70
     1
102
RTVSPropertyOp35
 70
     1
102
RTVSPropertyOp36
 70
     1
102
RTVSPropertyOp37
 70
     1
102
RTVSPropertyOp38
 70
     1
102
RTVSPropertyOp39
 70
     1
102
RTVSPropertyOp40
 70
     1
102
RTVSPropertyOp41
 70
     1
102
RTVSPropertyOp42
 70
     1
102
RTVSPropertyOp43
 70
     1
102
RTVSPropertyOp44
 70
     1
102
RTVSPropertyOp45
 70
     1
102
RTVSPropertyOp46
 70
     1
102
RTVSPropertyOp47
 70
     1
102
RTVSPropertyOp48
 70
     1
102
RTVSPropertyOp49
 70
     1
102
RTVSPropertyOp50
 70
     1
102
RTVSPropertyOp51
 70
     0
102
RTVSPropertyOp52
 70
     0
102
RTVSPropertyOp53
 70
     1
102
RTVSPropertyOp54
 70
     1
102
RTVSPropertyOp55
 70
     1
102
RTVSPropertyOp56
 70
     1
102
RTVSPropertyOp57
 70
     1
102
RTVSPropertyOp58
 70
     1
102
RTVSPropertyOp59
 70
     1
102
RTVSPropertyOp60
 70
     1
102
RTVSPropertyOp61
 70
     1
102
RTVSPropertyOp62
 70
     1
  0
XRECORD
  5
3E6
102
{ACAD_REACTORS
330
3E5
102
}
330
3E5
100
AcDbXrecord
280
     1
102
RTVSPost2010Prop28
280
     0
102
RTVSPost2010PropOp28
 70
     1
102
RTVSPost2010Prop29
280
     1
102
RTVSPost2010PropOp29
 70
     1
102
RTVSPost2010Prop30
280
     1
102
RTVSPost2010PropOp30
 70
     1
102
RTVSPost2010Prop31
280
     0
102
RTVSPost2010PropOp31
 70
     1
102
RTVSPost2010Prop32
280
     0
102
RTVSPost2010PropOp32
 70
     1
102
RTVSPost2010Prop33
280
     0
102
RTVSPost2010PropOp33
 70
     1
102
RTVSPost2010Prop34
280
     0
102
RTVSPost2010PropOp34
 70
     1
102
RTVSPost2010Prop35
280
     0
102
RTVSPost2010PropOp35
 70
     1
102
RTVSPost2010Prop36
280
     0
102
RTVSPost2010PropOp36
 70
     1
102
RTVSPost2010Prop37
 90
       50
102
RTVSPost2010PropOp37
 70
     0
102
RTVSPost2010Prop38
140
0.0
102
RTVSPost2010PropOp38
 70
     0
102
RTVSPost2010Prop39
140
1.0
102
RTVSPost2010PropOp39
 70
     0
102
RTVSPost2010Prop40
 90
        0
102
RTVSPost2010PropOp40
 70
     0
102
RTVSPost2010Prop41ColorIndex
 90
       18
102
RTVSPost2010Prop41ColorRGB
 90
        0
102
RTVSPost2010PropOp41
 70
     0
102
RTVSPost2010Prop42
 90
       50
102
RTVSPost2010PropOp42
 70
     0
102
RTVSPost2010Prop43
 90
        3
102
RTVSPost2010PropOp43
 70
     0
102
RTVSPost2010Prop44ColorIndex
 90
        5
102
RTVSPost2010Prop44ColorRGB
 90
      255
102
RTVSPost2010PropOp44
 70
     0
102
RTVSPost2010Prop45
280
     0
102
RTVSPost2010PropOp45
 70
     1
102
RTVSPost2010Prop46
 90
       50
102
RTVSPost2010PropOp46
 70
     0
102
RTVSPost2010Prop47
 90
       50
102
RTVSPost2010PropOp47
 70
     0
102
RTVSPost2010Prop48
 90
       50
102
RTVSPost2010PropOp48
 70
     0
102
RTVSPost2010Prop49
280
     0
102
RTVSPost2010PropOp49
 70
     1
102
RTVSPost2010Prop50
 90
       50
102
RTVSPost2010PropOp50
 70
     0
102
RTVSPost2010Prop51ColorIndex
 90
      256
102
RTVSPost2010Prop51ColorRGB
 90
-16777216
102
RTVSPost2010PropOp51
 70
     0
102
RTVSPost2010Prop52
140
1.0
102
RTVSPost2010PropOp52
 70
     0
102
RTVSPost2010Prop53
 90
        2
102
RTVSPost2010PropOp53
 70
     0
102
RTVSPost2010Prop54
  1
strokes_ogs.tif
102
RTVSPost2010PropOp54
 70
     0
102
RTVSPost2010Prop55
280
     0
102
RTVSPost2010PropOp55
 70
     1
102
RTVSPost2010Prop56
140
1.0
102
RTVSPost2010PropOp56
 70
     0
102
RTVSPost2010Prop57
140
1.0
102
RTVSPost2010PropOp57
 70
     0
102
RTVSPropertyOp0
 70
     0
102
RTVSPropertyOp1
 70
     0
102
RTVSPropertyOp2
 70
     0
102
RTVSPropertyOp3
 70
     0
102
RTVSPropertyOp4
 70
     0
102
RTVSPropertyOp5
 70
     0
102
RTVSPropertyOp6
 70
     0
102
RTVSPropertyOp7
 70
     0
102
RTVSPropertyOp8
 70
     0
102
RTVSPropertyOp9
 70
     0
102
RTVSPropertyOp10
 70
     0
102
RTVSPropertyOp11
 70
     0
102
RTVSPropertyOp12
 70
     0
102
RTVSPropertyOp13
 70
     0
102
RTVSPropertyOp14
 70
     2
102
RTVSPropertyOp15
 70
     0
102
RTVSPropertyOp16
 70
     0
102
RTVSPropertyOp17
 70
     0
102
RTVSPropertyOp18
 70
     0
102
RTVSPropertyOp19
 70
     0
102
RTVSPropertyOp20
 70
     0
102
RTVSPropertyOp21
 70
     0
102
RTVSPropertyOp22
 70
     0
102
RTVSPropertyOp23
 70
     0
102
RTVSPropertyOp24
 70
     0
102
RTVSPropertyOp25
 70
     0
102
RTVSPropertyOp26
 70
     0
102
RTVSPropertyOp27
 70
     0
102
RTVSPropertyOp28
 70
     1
102
RTVSPropertyOp29
 70
     1
102
RTVSPropertyOp30
 70
     1
102
RTVSPropertyOp31
 70
     1
102
RTVSPropertyOp32
 70
     1
102
RTVSPropertyOp33
 70
     1
102
RTVSPropertyOp34
 70
     1
102
RTVSPropertyOp35
 70
     1
102
RTVSPropertyOp36
 70
     1
102
RTVSPropertyOp37
 70
     0
102
RTVSPropertyOp38
 70
     0
102
RTVSPropertyOp39
 70
     0
102
RTVSPropertyOp40
 70
     0
102
RTVSPropertyOp41
 70
     0
102
RTVSPropertyOp42
 70
     0
102
RTVSPropertyOp43
 70
     0
102
RTVSPropertyOp44
 70
     0
102
RTVSPropertyOp45
 70
     1
102
RTVSPropertyOp46
 70
     0
102
RTVSPropertyOp47
 70
     0
102
RTVSPropertyOp48
 70
     0
102
RTVSPropertyOp49
 70
     1
102
RTVSPropertyOp50
 70
     0
102
RTVSPropertyOp51
 70
     0
102
RTVSPropertyOp52
 70
     0
102
RTVSPropertyOp53
 70
     0
102
RTVSPropertyOp54
 70
     0
102
RTVSPropertyOp55
 70
     1
102
RTVSPropertyOp56
 70
     0
102
RTVSPropertyOp57
 70
     0
102
RTVSPropertyOp58
 70
     0
102
RTVSPropertyOp59
 70
     0
102
RTVSPropertyOp60
 70
     0
102
RTVSPropertyOp61
 70
     0
102
RTVSPropertyOp62
 70
     0
  0
XRECORD
  5
3CC
102
{ACAD_REACTORS
330
3CB
102
}
330
3CB
100
AcDbXrecord
280
     1
102
RTVSPost2010Prop28
280
     0
102
RTVSPost2010PropOp28
 70
     1
102
RTVSPost2010Prop29
280
     1
102
RTVSPost2010PropOp29
 70
     1
102
RTVSPost2010Prop30
280
     1
102
RTVSPost2010PropOp30
 70
     1
102
RTVSPost2010Prop31
280
     0
102
RTVSPost2010PropOp31
 70
     1
102
RTVSPost2010Prop32
280
     0
102
RTVSPost2010PropOp32
 70
     1
102
RTVSPost2010Prop33
280
     0
102
RTVSPost2010PropOp33
 70
     1
102
RTVSPost2010Prop34
280
     0
102
RTVSPost2010PropOp34
 70
     1
102
RTVSPost2010Prop35
280
     0
102
RTVSPost2010PropOp35
 70
     1
102
RTVSPost2010Prop36
280
     0
102
RTVSPost2010PropOp36
 70
     1
102
RTVSPost2010Prop37
 90
       50
102
RTVSPost2010PropOp37
 70
     1
102
RTVSPost2010Prop38
140
0.0
102
RTVSPost2010PropOp38
 70
     1
102
RTVSPost2010Prop39
140
1.0
102
RTVSPost2010PropOp39
 70
     1
102
RTVSPost2010Prop40
 90
        0
102
RTVSPost2010PropOp40
 70
     1
102
RTVSPost2010Prop41ColorIndex
 90
       18
102
RTVSPost2010Prop41ColorRGB
 90
        0
102
RTVSPost2010PropOp41
 70
     1
102
RTVSPost2010Prop42
 90
       50
102
RTVSPost2010PropOp42
 70
     1
102
RTVSPost2010Prop43
 90
        3
102
RTVSPost2010PropOp43
 70
     1
102
RTVSPost2010Prop44ColorIndex
 90
        5
102
RTVSPost2010Prop44ColorRGB
 90
      255
102
RTVSPost2010PropOp44
 70
     1
102
RTVSPost2010Prop45
280
     0
102
RTVSPost2010PropOp45
 70
     1
102
RTVSPost2010Prop46
 90
       50
102
RTVSPost2010PropOp46
 70
     1
102
RTVSPost2010Prop47
 90
       50
102
RTVSPost2010PropOp47
 70
     1
102
RTVSPost2010Prop48
 90
       50
102
RTVSPost2010PropOp48
 70
     1
102
RTVSPost2010Prop49
280
     0
102
RTVSPost2010PropOp49
 70
     1
102
RTVSPost2010Prop50
 90
       50
102
RTVSPost2010PropOp50
 70
     1
102
RTVSPost2010Prop51ColorIndex
 90
      256
102
RTVSPost2010Prop51ColorRGB
 90
-16777216
102
RTVSPost2010PropOp51
 70
     0
102
RTVSPost2010Prop52
140
1.0
102
RTVSPost2010PropOp52
 70
     0
102
RTVSPost2010Prop53
 90
        2
102
RTVSPost2010PropOp53
 70
     1
102
RTVSPost2010Prop54
  1
strokes_ogs.tif
102
RTVSPost2010PropOp54
 70
     1
102
RTVSPost2010Prop55
280
     0
102
RTVSPost2010PropOp55
 70
     1
102
RTVSPost2010Prop56
140
1.0
102
RTVSPost2010PropOp56
 70
     1
102
RTVSPost2010Prop57
140
1.0
102
RTVSPost2010PropOp57
 70
     1
102
RTVSPropertyOp0
 70
     1
102
RTVSPropertyOp1
 70
     1
102
RTVSPropertyOp2
 70
     1
102
RTVSPropertyOp3
 70
     1
102
RTVSPropertyOp4
 70
     1
102
RTVSPropertyOp5
 70
     1
102
RTVSPropertyOp6
 70
     1
102
RTVSPropertyOp7
 70
     1
102
RTVSPropertyOp8
 70
     1
102
RTVSPropertyOp9
 70
     1
102
RTVSPropertyOp10
 70
     1
102
RTVSPropertyOp11
 70
     1
102
RTVSPropertyOp12
 70
     1
102
RTVSPropertyOp13
 70
     1
102
RTVSPropertyOp14
 70
     1
102
RTVSPropertyOp15
 70
     1
102
RTVSPropertyOp16
 70
     1
102
RTVSPropertyOp17
 70
     1
102
RTVSPropertyOp18
 70
     1
102
RTVSPropertyOp19
 70
     1
102
RTVSPropertyOp20
 70
     1
102
RTVSPropertyOp21
 70
     1
102
RTVSPropertyOp22
 70
     1
102
RTVSPropertyOp23
 70
     1
102
RTVSPropertyOp24
 70
     1
102
RTVSPropertyOp25
 70
     1
102
RTVSPropertyOp26
 70
     1
102
RTVSPropertyOp27
 70
     1
102
RTVSPropertyOp28
 70
     1
102
RTVSPropertyOp29
 70
     1
102
RTVSPropertyOp30
 70
     1
102
RTVSPropertyOp31
 70
     1
102
RTVSPropertyOp32
 70
     1
102
RTVSPropertyOp33
 70
     1
102
RTVSPropertyOp34
 70
     1
102
RTVSPropertyOp35
 70
     1
102
RTVSPropertyOp36
 70
     1
102
RTVSPropertyOp37
 70
     1
102
RTVSPropertyOp38
 70
     1
102
RTVSPropertyOp39
 70
     1
102
RTVSPropertyOp40
 70
     1
102
RTVSPropertyOp41
 70
     1
102
RTVSPropertyOp42
 70
     1
102
RTVSPropertyOp43
 70
     1
102
RTVSPropertyOp44
 70
     1
102
RTVSPropertyOp45
 70
     1
102
RTVSPropertyOp46
 70
     1
102
RTVSPropertyOp47
 70
     1
102
RTVSPropertyOp48
 70
     1
102
RTVSPropertyOp49
 70
     1
102
RTVSPropertyOp50
 70
     1
102
RTVSPropertyOp51
 70
     0
102
RTVSPropertyOp52
 70
     0
102
RTVSPropertyOp53
 70
     1
102
RTVSPropertyOp54
 70
     1
102
RTVSPropertyOp55
 70
     1
102
RTVSPropertyOp56
 70
     1
102
RTVSPropertyOp57
 70
     1
102
RTVSPropertyOp58
 70
     1
102
RTVSPropertyOp59
 70
     1
102
RTVSPropertyOp60
 70
     1
102
RTVSPropertyOp61
 70
     1
102
RTVSPropertyOp62
 70
     1
  0
XRECORD
  5
3E2
102
{ACAD_REACTORS
330
3E1
102
}
330
3E1
100
AcDbXrecord
280
     1
102
RTVSPost2010Prop28
280
     0
102
RTVSPost2010PropOp28
 70
     1
102
RTVSPost2010Prop29
280
     1
102
RTVSPost2010PropOp29
 70
     1
102
RTVSPost2010Prop30
280
     1
102
RTVSPost2010PropOp30
 70
     1
102
RTVSPost2010Prop31
280
     0
102
RTVSPost2010PropOp31
 70
     1
102
RTVSPost2010Prop32
280
     0
102
RTVSPost2010PropOp32
 70
     1
102
RTVSPost2010Prop33
280
     0
102
RTVSPost2010PropOp33
 70
     1
102
RTVSPost2010Prop34
280
     0
102
RTVSPost2010PropOp34
 70
     1
102
RTVSPost2010Prop35
280
     0
102
RTVSPost2010PropOp35
 70
     1
102
RTVSPost2010Prop36
280
     0
102
RTVSPost2010PropOp36
 70
     1
102
RTVSPost2010Prop37
 90
       50
102
RTVSPost2010PropOp37
 70
     1
102
RTVSPost2010Prop38
140
0.0
102
RTVSPost2010PropOp38
 70
     1
102
RTVSPost2010Prop39
140
1.0
102
RTVSPost2010PropOp39
 70
     1
102
RTVSPost2010Prop40
 90
        0
102
RTVSPost2010PropOp40
 70
     1
102
RTVSPost2010Prop41ColorIndex
 90
       18
102
RTVSPost2010Prop41ColorRGB
 90
        0
102
RTVSPost2010PropOp41
 70
     1
102
RTVSPost2010Prop42
 90
       50
102
RTVSPost2010PropOp42
 70
     1
102
RTVSPost2010Prop43
 90
        3
102
RTVSPost2010PropOp43
 70
     1
102
RTVSPost2010Prop44ColorIndex
 90
        5
102
RTVSPost2010Prop44ColorRGB
 90
      255
102
RTVSPost2010PropOp44
 70
     1
102
RTVSPost2010Prop45
280
     0
102
RTVSPost2010PropOp45
 70
     1
102
RTVSPost2010Prop46
 90
       50
102
RTVSPost2010PropOp46
 70
     1
102
RTVSPost2010Prop47
 90
       50
102
RTVSPost2010PropOp47
 70
     1
102
RTVSPost2010Prop48
 90
       50
102
RTVSPost2010PropOp48
 70
     1
102
RTVSPost2010Prop49
280
     0
102
RTVSPost2010PropOp49
 70
     1
102
RTVSPost2010Prop50
 90
       50
102
RTVSPost2010PropOp50
 70
     1
102
RTVSPost2010Prop51ColorIndex
 90
      256
102
RTVSPost2010Prop51ColorRGB
 90
-16777216
102
RTVSPost2010PropOp51
 70
     0
102
RTVSPost2010Prop52
140
1.0
102
RTVSPost2010PropOp52
 70
     0
102
RTVSPost2010Prop53
 90
        2
102
RTVSPost2010PropOp53
 70
     1
102
RTVSPost2010Prop54
  1
strokes_ogs.tif
102
RTVSPost2010PropOp54
 70
     1
102
RTVSPost2010Prop55
280
     0
102
RTVSPost2010PropOp55
 70
     1
102
RTVSPost2010Prop56
140
1.0
102
RTVSPost2010PropOp56
 70
     1
102
RTVSPost2010Prop57
140
1.0
102
RTVSPost2010PropOp57
 70
     1
102
RTVSPropertyOp0
 70
     1
102
RTVSPropertyOp1
 70
     1
102
RTVSPropertyOp2
 70
     1
102
RTVSPropertyOp3
 70
     1
102
RTVSPropertyOp4
 70
     1
102
RTVSPropertyOp5
 70
     1
102
RTVSPropertyOp6
 70
     1
102
RTVSPropertyOp7
 70
     1
102
RTVSPropertyOp8
 70
     1
102
RTVSPropertyOp9
 70
     1
102
RTVSPropertyOp10
 70
     1
102
RTVSPropertyOp11
 70
     1
102
RTVSPropertyOp12
 70
     1
102
RTVSPropertyOp13
 70
     1
102
RTVSPropertyOp14
 70
     1
102
RTVSPropertyOp15
 70
     1
102
RTVSPropertyOp16
 70
     1
102
RTVSPropertyOp17
 70
     1
102
RTVSPropertyOp18
 70
     1
102
RTVSPropertyOp19
 70
     1
102
RTVSPropertyOp20
 70
     1
102
RTVSPropertyOp21
 70
     1
102
RTVSPropertyOp22
 70
     1
102
RTVSPropertyOp23
 70
     1
102
RTVSPropertyOp24
 70
     1
102
RTVSPropertyOp25
 70
     1
102
RTVSPropertyOp26
 70
     1
102
RTVSPropertyOp27
 70
     1
102
RTVSPropertyOp28
 70
     1
102
RTVSPropertyOp29
 70
     1
102
RTVSPropertyOp30
 70
     1
102
RTVSPropertyOp31
 70
     1
102
RTVSPropertyOp32
 70
     1
102
RTVSPropertyOp33
 70
     1
102
RTVSPropertyOp34
 70
     1
102
RTVSPropertyOp35
 70
     1
102
RTVSPropertyOp36
 70
     1
102
RTVSPropertyOp37
 70
     1
102
RTVSPropertyOp38
 70
     1
102
RTVSPropertyOp39
 70
     1
102
RTVSPropertyOp40
 70
     1
102
RTVSPropertyOp41
 70
     1
102
RTVSPropertyOp42
 70
     1
102
RTVSPropertyOp43
 70
     1
102
RTVSPropertyOp44
 70
     1
102
RTVSPropertyOp45
 70
     1
102
RTVSPropertyOp46
 70
     1
102
RTVSPropertyOp47
 70
     1
102
RTVSPropertyOp48
 70
     1
102
RTVSPropertyOp49
 70
     1
102
RTVSPropertyOp50
 70
     1
102
RTVSPropertyOp51
 70
     0
102
RTVSPropertyOp52
 70
     0
102
RTVSPropertyOp53
 70
     1
102
RTVSPropertyOp54
 70
     1
102
RTVSPropertyOp55
 70
     1
102
RTVSPropertyOp56
 70
     1
102
RTVSPropertyOp57
 70
     1
102
RTVSPropertyOp58
 70
     1
102
RTVSPropertyOp59
 70
     1
102
RTVSPropertyOp60
 70
     1
102
RTVSPropertyOp61
 70
     1
102
RTVSPropertyOp62
 70
     1
  0
XRECORD
  5
3E0
102
{ACAD_REACTORS
330
3DF
102
}
330
3DF
100
AcDbXrecord
280
     1
102
RTVSPost2010Prop28
280
     0
102
RTVSPost2010PropOp28
 70
     1
102
RTVSPost2010Prop29
280
     1
102
RTVSPost2010PropOp29
 70
     1
102
RTVSPost2010Prop30
280
     1
102
RTVSPost2010PropOp30
 70
     1
102
RTVSPost2010Prop31
280
     0
102
RTVSPost2010PropOp31
 70
     1
102
RTVSPost2010Prop32
280
     0
102
RTVSPost2010PropOp32
 70
     1
102
RTVSPost2010Prop33
280
     0
102
RTVSPost2010PropOp33
 70
     1
102
RTVSPost2010Prop34
280
     0
102
RTVSPost2010PropOp34
 70
     1
102
RTVSPost2010Prop35
280
     0
102
RTVSPost2010PropOp35
 70
     1
102
RTVSPost2010Prop36
280
     0
102
RTVSPost2010PropOp36
 70
     1
102
RTVSPost2010Prop37
 90
       50
102
RTVSPost2010PropOp37
 70
     1
102
RTVSPost2010Prop38
140
0.0
102
RTVSPost2010PropOp38
 70
     1
102
RTVSPost2010Prop39
140
1.0
102
RTVSPost2010PropOp39
 70
     1
102
RTVSPost2010Prop40
 90
        0
102
RTVSPost2010PropOp40
 70
     1
102
RTVSPost2010Prop41ColorIndex
 90
       18
102
RTVSPost2010Prop41ColorRGB
 90
        0
102
RTVSPost2010PropOp41
 70
     1
102
RTVSPost2010Prop42
 90
       50
102
RTVSPost2010PropOp42
 70
     1
102
RTVSPost2010Prop43
 90
        3
102
RTVSPost2010PropOp43
 70
     1
102
RTVSPost2010Prop44ColorIndex
 90
        5
102
RTVSPost2010Prop44ColorRGB
 90
      255
102
RTVSPost2010PropOp44
 70
     1
102
RTVSPost2010Prop45
280
     0
102
RTVSPost2010PropOp45
 70
     1
102
RTVSPost2010Prop46
 90
       50
102
RTVSPost2010PropOp46
 70
     1
102
RTVSPost2010Prop47
 90
       50
102
RTVSPost2010PropOp47
 70
     1
102
RTVSPost2010Prop48
 90
       50
102
RTVSPost2010PropOp48
 70
     1
102
RTVSPost2010Prop49
280
     0
102
RTVSPost2010PropOp49
 70
     1
102
RTVSPost2010Prop50
 90
       50
102
RTVSPost2010PropOp50
 70
     1
102
RTVSPost2010Prop51ColorIndex
 90
      256
102
RTVSPost2010Prop51ColorRGB
 90
-16777216
102
RTVSPost2010PropOp51
 70
     0
102
RTVSPost2010Prop52
140
1.0
102
RTVSPost2010PropOp52
 70
     0
102
RTVSPost2010Prop53
 90
        2
102
RTVSPost2010PropOp53
 70
     1
102
RTVSPost2010Prop54
  1
strokes_ogs.tif
102
RTVSPost2010PropOp54
 70
     1
102
RTVSPost2010Prop55
280
     0
102
RTVSPost2010PropOp55
 70
     1
102
RTVSPost2010Prop56
140
1.0
102
RTVSPost2010PropOp56
 70
     1
102
RTVSPost2010Prop57
140
1.0
102
RTVSPost2010PropOp57
 70
     1
102
RTVSPropertyOp0
 70
     1
102
RTVSPropertyOp1
 70
     1
102
RTVSPropertyOp2
 70
     1
102
RTVSPropertyOp3
 70
     1
102
RTVSPropertyOp4
 70
     1
102
RTVSPropertyOp5
 70
     1
102
RTVSPropertyOp6
 70
     1
102
RTVSPropertyOp7
 70
     1
102
RTVSPropertyOp8
 70
     1
102
RTVSPropertyOp9
 70
     1
102
RTVSPropertyOp10
 70
     1
102
RTVSPropertyOp11
 70
     1
102
RTVSPropertyOp12
 70
     1
102
RTVSPropertyOp13
 70
     1
102
RTVSPropertyOp14
 70
     1
102
RTVSPropertyOp15
 70
     1
102
RTVSPropertyOp16
 70
     1
102
RTVSPropertyOp17
 70
     1
102
RTVSPropertyOp18
 70
     1
102
RTVSPropertyOp19
 70
     1
102
RTVSPropertyOp20
 70
     1
102
RTVSPropertyOp21
 70
     1
102
RTVSPropertyOp22
 70
     1
102
RTVSPropertyOp23
 70
     1
102
RTVSPropertyOp24
 70
     1
102
RTVSPropertyOp25
 70
     1
102
RTVSPropertyOp26
 70
     1
102
RTVSPropertyOp27
 70
     1
102
RTVSPropertyOp28
 70
     1
102
RTVSPropertyOp29
 70
     1
102
RTVSPropertyOp30
 70
     1
102
RTVSPropertyOp31
 70
     1
102
RTVSPropertyOp32
 70
     1
102
RTVSPropertyOp33
 70
     1
102
RTVSPropertyOp34
 70
     1
102
RTVSPropertyOp35
 70
     1
102
RTVSPropertyOp36
 70
     1
102
RTVSPropertyOp37
 70
     1
102
RTVSPropertyOp38
 70
     1
102
RTVSPropertyOp39
 70
     1
102
RTVSPropertyOp40
 70
     1
102
RTVSPropertyOp41
 70
     1
102
RTVSPropertyOp42
 70
     1
102
RTVSPropertyOp43
 70
     1
102
RTVSPropertyOp44
 70
     1
102
RTVSPropertyOp45
 70
     1
102
RTVSPropertyOp46
 70
     1
102
RTVSPropertyOp47
 70
     1
102
RTVSPropertyOp48
 70
     1
102
RTVSPropertyOp49
 70
     1
102
RTVSPropertyOp50
 70
     1
102
RTVSPropertyOp51
 70
     0
102
RTVSPropertyOp52
 70
     0
102
RTVSPropertyOp53
 70
     1
102
RTVSPropertyOp54
 70
     1
102
RTVSPropertyOp55
 70
     1
102
RTVSPropertyOp56
 70
     1
102
RTVSPropertyOp57
 70
     1
102
RTVSPropertyOp58
 70
     1
102
RTVSPropertyOp59
 70
     1
102
RTVSPropertyOp60
 70
     1
102
RTVSPropertyOp61
 70
     1
102
RTVSPropertyOp62
 70
     1
  0
XRECORD
  5
3DA
102
{ACAD_REACTORS
330
3D9
102
}
330
3D9
100
AcDbXrecord
280
     1
102
RTVSPost2010Prop28
280
     0
102
RTVSPost2010PropOp28
 70
     1
102
RTVSPost2010Prop29
280
     1
102
RTVSPost2010PropOp29
 70
     1
102
RTVSPost2010Prop30
280
     1
102
RTVSPost2010PropOp30
 70
     1
102
RTVSPost2010Prop31
280
     0
102
RTVSPost2010PropOp31
 70
     1
102
RTVSPost2010Prop32
280
     0
102
RTVSPost2010PropOp32
 70
     1
102
RTVSPost2010Prop33
280
     0
102
RTVSPost2010PropOp33
 70
     1
102
RTVSPost2010Prop34
280
     0
102
RTVSPost2010PropOp34
 70
     1
102
RTVSPost2010Prop35
280
     0
102
RTVSPost2010PropOp35
 70
     1
102
RTVSPost2010Prop36
280
     0
102
RTVSPost2010PropOp36
 70
     1
102
RTVSPost2010Prop37
 90
       50
102
RTVSPost2010PropOp37
 70
     1
102
RTVSPost2010Prop38
140
0.0
102
RTVSPost2010PropOp38
 70
     1
102
RTVSPost2010Prop39
140
1.0
102
RTVSPost2010PropOp39
 70
     1
102
RTVSPost2010Prop40
 90
        0
102
RTVSPost2010PropOp40
 70
     1
102
RTVSPost2010Prop41ColorIndex
 90
       18
102
RTVSPost2010Prop41ColorRGB
 90
        0
102
RTVSPost2010PropOp41
 70
     1
102
RTVSPost2010Prop42
 90
       50
102
RTVSPost2010PropOp42
 70
     1
102
RTVSPost2010Prop43
 90
        3
102
RTVSPost2010PropOp43
 70
     1
102
RTVSPost2010Prop44ColorIndex
 90
        5
102
RTVSPost2010Prop44ColorRGB
 90
      255
102
RTVSPost2010PropOp44
 70
     1
102
RTVSPost2010Prop45
280
     0
102
RTVSPost2010PropOp45
 70
     1
102
RTVSPost2010Prop46
 90
       50
102
RTVSPost2010PropOp46
 70
     1
102
RTVSPost2010Prop47
 90
       50
102
RTVSPost2010PropOp47
 70
     1
102
RTVSPost2010Prop48
 90
       50
102
RTVSPost2010PropOp48
 70
     1
102
RTVSPost2010Prop49
280
     0
102
RTVSPost2010PropOp49
 70
     1
102
RTVSPost2010Prop50
 90
       50
102
RTVSPost2010PropOp50
 70
     1
102
RTVSPost2010Prop51ColorIndex
 90
      256
102
RTVSPost2010Prop51ColorRGB
 90
-16777216
102
RTVSPost2010PropOp51
 70
     0
102
RTVSPost2010Prop52
140
1.0
102
RTVSPost2010PropOp52
 70
     0
102
RTVSPost2010Prop53
 90
        2
102
RTVSPost2010PropOp53
 70
     1
102
RTVSPost2010Prop54
  1
strokes_ogs.tif
102
RTVSPost2010PropOp54
 70
     1
102
RTVSPost2010Prop55
280
     0
102
RTVSPost2010PropOp55
 70
     1
102
RTVSPost2010Prop56
140
1.0
102
RTVSPost2010PropOp56
 70
     1
102
RTVSPost2010Prop57
140
1.0
102
RTVSPost2010PropOp57
 70
     1
102
RTVSPropertyOp0
 70
     1
102
RTVSPropertyOp1
 70
     1
102
RTVSPropertyOp2
 70
     1
102
RTVSPropertyOp3
 70
     1
102
RTVSPropertyOp4
 70
     1
102
RTVSPropertyOp5
 70
     1
102
RTVSPropertyOp6
 70
     1
102
RTVSPropertyOp7
 70
     1
102
RTVSPropertyOp8
 70
     1
102
RTVSPropertyOp9
 70
     1
102
RTVSPropertyOp10
 70
     1
102
RTVSPropertyOp11
 70
     1
102
RTVSPropertyOp12
 70
     1
102
RTVSPropertyOp13
 70
     1
102
RTVSPropertyOp14
 70
     1
102
RTVSPropertyOp15
 70
     1
102
RTVSPropertyOp16
 70
     1
102
RTVSPropertyOp17
 70
     1
102
RTVSPropertyOp18
 70
     1
102
RTVSPropertyOp19
 70
     1
102
RTVSPropertyOp20
 70
     1
102
RTVSPropertyOp21
 70
     1
102
RTVSPropertyOp22
 70
     1
102
RTVSPropertyOp23
 70
     1
102
RTVSPropertyOp24
 70
     1
102
RTVSPropertyOp25
 70
     1
102
RTVSPropertyOp26
 70
     1
102
RTVSPropertyOp27
 70
     1
102
RTVSPropertyOp28
 70
     1
102
RTVSPropertyOp29
 70
     1
102
RTVSPropertyOp30
 70
     1
102
RTVSPropertyOp31
 70
     1
102
RTVSPropertyOp32
 70
     1
102
RTVSPropertyOp33
 70
     1
102
RTVSPropertyOp34
 70
     1
102
RTVSPropertyOp35
 70
     1
102
RTVSPropertyOp36
 70
     1
102
RTVSPropertyOp37
 70
     1
102
RTVSPropertyOp38
 70
     1
102
RTVSPropertyOp39
 70
     1
102
RTVSPropertyOp40
 70
     1
102
RTVSPropertyOp41
 70
     1
102
RTVSPropertyOp42
 70
     1
102
RTVSPropertyOp43
 70
     1
102
RTVSPropertyOp44
 70
     1
102
RTVSPropertyOp45
 70
     1
102
RTVSPropertyOp46
 70
     1
102
RTVSPropertyOp47
 70
     1
102
RTVSPropertyOp48
 70
     1
102
RTVSPropertyOp49
 70
     1
102
RTVSPropertyOp50
 70
     1
102
RTVSPropertyOp51
 70
     0
102
RTVSPropertyOp52
 70
     0
102
RTVSPropertyOp53
 70
     1
102
RTVSPropertyOp54
 70
     1
102
RTVSPropertyOp55
 70
     1
102
RTVSPropertyOp56
 70
     1
102
RTVSPropertyOp57
 70
     1
102
RTVSPropertyOp58
 70
     1
102
RTVSPropertyOp59
 70
     1
102
RTVSPropertyOp60
 70
     1
102
RTVSPropertyOp61
 70
     1
102
RTVSPropertyOp62
 70
     1
  0
XRECORD
  5
3DC
102
{ACAD_REACTORS
330
3DB
102
}
330
3DB
100
AcDbXrecord
280
     1
102
RTVSPost2010Prop28
280
     0
102
RTVSPost2010PropOp28
 70
     1
102
RTVSPost2010Prop29
280
     1
102
RTVSPost2010PropOp29
 70
     1
102
RTVSPost2010Prop30
280
     1
102
RTVSPost2010PropOp30
 70
     1
102
RTVSPost2010Prop31
280
     0
102
RTVSPost2010PropOp31
 70
     1
102
RTVSPost2010Prop32
280
     0
102
RTVSPost2010PropOp32
 70
     1
102
RTVSPost2010Prop33
280
     0
102
RTVSPost2010PropOp33
 70
     1
102
RTVSPost2010Prop34
280
     0
102
RTVSPost2010PropOp34
 70
     1
102
RTVSPost2010Prop35
280
     0
102
RTVSPost2010PropOp35
 70
     1
102
RTVSPost2010Prop36
280
     0
102
RTVSPost2010PropOp36
 70
     1
102
RTVSPost2010Prop37
 90
       50
102
RTVSPost2010PropOp37
 70
     1
102
RTVSPost2010Prop38
140
0.0
102
RTVSPost2010PropOp38
 70
     1
102
RTVSPost2010Prop39
140
1.0
102
RTVSPost2010PropOp39
 70
     1
102
RTVSPost2010Prop40
 90
        0
102
RTVSPost2010PropOp40
 70
     1
102
RTVSPost2010Prop41ColorIndex
 90
       18
102
RTVSPost2010Prop41ColorRGB
 90
        0
102
RTVSPost2010PropOp41
 70
     1
102
RTVSPost2010Prop42
 90
       50
102
RTVSPost2010PropOp42
 70
     1
102
RTVSPost2010Prop43
 90
        3
102
RTVSPost2010PropOp43
 70
     1
102
RTVSPost2010Prop44ColorIndex
 90
        5
102
RTVSPost2010Prop44ColorRGB
 90
      255
102
RTVSPost2010PropOp44
 70
     1
102
RTVSPost2010Prop45
280
     0
102
RTVSPost2010PropOp45
 70
     1
102
RTVSPost2010Prop46
 90
       50
102
RTVSPost2010PropOp46
 70
     1
102
RTVSPost2010Prop47
 90
       50
102
RTVSPost2010PropOp47
 70
     1
102
RTVSPost2010Prop48
 90
       50
102
RTVSPost2010PropOp48
 70
     1
102
RTVSPost2010Prop49
280
     0
102
RTVSPost2010PropOp49
 70
     1
102
RTVSPost2010Prop50
 90
       50
102
RTVSPost2010PropOp50
 70
     1
102
RTVSPost2010Prop51ColorIndex
 90
      256
102
RTVSPost2010Prop51ColorRGB
 90
-16777216
102
RTVSPost2010PropOp51
 70
     0
102
RTVSPost2010Prop52
140
1.0
102
RTVSPost2010PropOp52
 70
     0
102
RTVSPost2010Prop53
 90
        2
102
RTVSPost2010PropOp53
 70
     1
102
RTVSPost2010Prop54
  1
strokes_ogs.tif
102
RTVSPost2010PropOp54
 70
     1
102
RTVSPost2010Prop55
280
     0
102
RTVSPost2010PropOp55
 70
     1
102
RTVSPost2010Prop56
140
1.0
102
RTVSPost2010PropOp56
 70
     1
102
RTVSPost2010Prop57
140
1.0
102
RTVSPost2010PropOp57
 70
     1
102
RTVSPropertyOp0
 70
     1
102
RTVSPropertyOp1
 70
     1
102
RTVSPropertyOp2
 70
     1
102
RTVSPropertyOp3
 70
     1
102
RTVSPropertyOp4
 70
     1
102
RTVSPropertyOp5
 70
     1
102
RTVSPropertyOp6
 70
     1
102
RTVSPropertyOp7
 70
     1
102
RTVSPropertyOp8
 70
     1
102
RTVSPropertyOp9
 70
     1
102
RTVSPropertyOp10
 70
     1
102
RTVSPropertyOp11
 70
     1
102
RTVSPropertyOp12
 70
     1
102
RTVSPropertyOp13
 70
     1
102
RTVSPropertyOp14
 70
     1
102
RTVSPropertyOp15
 70
     1
102
RTVSPropertyOp16
 70
     1
102
RTVSPropertyOp17
 70
     1
102
RTVSPropertyOp18
 70
     1
102
RTVSPropertyOp19
 70
     1
102
RTVSPropertyOp20
 70
     1
102
RTVSPropertyOp21
 70
     1
102
RTVSPropertyOp22
 70
     1
102
RTVSPropertyOp23
 70
     1
102
RTVSPropertyOp24
 70
     1
102
RTVSPropertyOp25
 70
     1
102
RTVSPropertyOp26
 70
     1
102
RTVSPropertyOp27
 70
     1
102
RTVSPropertyOp28
 70
     1
102
RTVSPropertyOp29
 70
     1
102
RTVSPropertyOp30
 70
     1
102
RTVSPropertyOp31
 70
     1
102
RTVSPropertyOp32
 70
     1
102
RTVSPropertyOp33
 70
     1
102
RTVSPropertyOp34
 70
     1
102
RTVSPropertyOp35
 70
     1
102
RTVSPropertyOp36
 70
     1
102
RTVSPropertyOp37
 70
     1
102
RTVSPropertyOp38
 70
     1
102
RTVSPropertyOp39
 70
     1
102
RTVSPropertyOp40
 70
     1
102
RTVSPropertyOp41
 70
     1
102
RTVSPropertyOp42
 70
     1
102
RTVSPropertyOp43
 70
     1
102
RTVSPropertyOp44
 70
     1
102
RTVSPropertyOp45
 70
     1
102
RTVSPropertyOp46
 70
     1
102
RTVSPropertyOp47
 70
     1
102
RTVSPropertyOp48
 70
     1
102
RTVSPropertyOp49
 70
     1
102
RTVSPropertyOp50
 70
     1
102
RTVSPropertyOp51
 70
     0
102
RTVSPropertyOp52
 70
     0
102
RTVSPropertyOp53
 70
     1
102
RTVSPropertyOp54
 70
     1
102
RTVSPropertyOp55
 70
     1
102
RTVSPropertyOp56
 70
     1
102
RTVSPropertyOp57
 70
     1
102
RTVSPropertyOp58
 70
     1
102
RTVSPropertyOp59
 70
     1
102
RTVSPropertyOp60
 70
     1
102
RTVSPropertyOp61
 70
     1
102
RTVSPropertyOp62
 70
     1
  0
XRECORD
  5
3D2
102
{ACAD_REACTORS
330
3D1
102
}
330
3D1
100
AcDbXrecord
280
     1
102
RTVSPost2010Prop28
280
     0
102
RTVSPost2010PropOp28
 70
     1
102
RTVSPost2010Prop29
280
     1
102
RTVSPost2010PropOp29
 70
     1
102
RTVSPost2010Prop30
280
     1
102
RTVSPost2010PropOp30
 70
     1
102
RTVSPost2010Prop31
280
     0
102
RTVSPost2010PropOp31
 70
     1
102
RTVSPost2010Prop32
280
     0
102
RTVSPost2010PropOp32
 70
     1
102
RTVSPost2010Prop33
280
     0
102
RTVSPost2010PropOp33
 70
     1
102
RTVSPost2010Prop34
280
     0
102
RTVSPost2010PropOp34
 70
     1
102
RTVSPost2010Prop35
280
     0
102
RTVSPost2010PropOp35
 70
     1
102
RTVSPost2010Prop36
280
     0
102
RTVSPost2010PropOp36
 70
     1
102
RTVSPost2010Prop37
 90
       50
102
RTVSPost2010PropOp37
 70
     1
102
RTVSPost2010Prop38
140
0.0
102
RTVSPost2010PropOp38
 70
     1
102
RTVSPost2010Prop39
140
1.0
102
RTVSPost2010PropOp39
 70
     1
102
RTVSPost2010Prop40
 90
        0
102
RTVSPost2010PropOp40
 70
     1
102
RTVSPost2010Prop41ColorIndex
 90
       18
102
RTVSPost2010Prop41ColorRGB
 90
        0
102
RTVSPost2010PropOp41
 70
     1
102
RTVSPost2010Prop42
 90
       50
102
RTVSPost2010PropOp42
 70
     1
102
RTVSPost2010Prop43
 90
        3
102
RTVSPost2010PropOp43
 70
     1
102
RTVSPost2010Prop44ColorIndex
 90
        5
102
RTVSPost2010Prop44ColorRGB
 90
      255
102
RTVSPost2010PropOp44
 70
     1
102
RTVSPost2010Prop45
280
     0
102
RTVSPost2010PropOp45
 70
     1
102
RTVSPost2010Prop46
 90
       50
102
RTVSPost2010PropOp46
 70
     1
102
RTVSPost2010Prop47
 90
       50
102
RTVSPost2010PropOp47
 70
     1
102
RTVSPost2010Prop48
 90
       50
102
RTVSPost2010PropOp48
 70
     1
102
RTVSPost2010Prop49
280
     0
102
RTVSPost2010PropOp49
 70
     1
102
RTVSPost2010Prop50
 90
       50
102
RTVSPost2010PropOp50
 70
     1
102
RTVSPost2010Prop51ColorIndex
 90
      256
102
RTVSPost2010Prop51ColorRGB
 90
-16777216
102
RTVSPost2010PropOp51
 70
     0
102
RTVSPost2010Prop52
140
1.0
102
RTVSPost2010PropOp52
 70
     0
102
RTVSPost2010Prop53
 90
        2
102
RTVSPost2010PropOp53
 70
     1
102
RTVSPost2010Prop54
  1
strokes_ogs.tif
102
RTVSPost2010PropOp54
 70
     1
102
RTVSPost2010Prop55
280
     0
102
RTVSPost2010PropOp55
 70
     1
102
RTVSPost2010Prop56
140
1.0
102
RTVSPost2010PropOp56
 70
     1
102
RTVSPost2010Prop57
140
1.0
102
RTVSPost2010PropOp57
 70
     1
102
RTVSPropertyOp0
 70
     1
102
RTVSPropertyOp1
 70
     1
102
RTVSPropertyOp2
 70
     1
102
RTVSPropertyOp3
 70
     1
102
RTVSPropertyOp4
 70
     1
102
RTVSPropertyOp5
 70
     1
102
RTVSPropertyOp6
 70
     1
102
RTVSPropertyOp7
 70
     1
102
RTVSPropertyOp8
 70
     1
102
RTVSPropertyOp9
 70
     1
102
RTVSPropertyOp10
 70
     1
102
RTVSPropertyOp11
 70
     1
102
RTVSPropertyOp12
 70
     1
102
RTVSPropertyOp13
 70
     1
102
RTVSPropertyOp14
 70
     1
102
RTVSPropertyOp15
 70
     1
102
RTVSPropertyOp16
 70
     1
102
RTVSPropertyOp17
 70
     1
102
RTVSPropertyOp18
 70
     1
102
RTVSPropertyOp19
 70
     1
102
RTVSPropertyOp20
 70
     1
102
RTVSPropertyOp21
 70
     1
102
RTVSPropertyOp22
 70
     1
102
RTVSPropertyOp23
 70
     1
102
RTVSPropertyOp24
 70
     1
102
RTVSPropertyOp25
 70
     1
102
RTVSPropertyOp26
 70
     1
102
RTVSPropertyOp27
 70
     1
102
RTVSPropertyOp28
 70
     1
102
RTVSPropertyOp29
 70
     1
102
RTVSPropertyOp30
 70
     1
102
RTVSPropertyOp31
 70
     1
102
RTVSPropertyOp32
 70
     1
102
RTVSPropertyOp33
 70
     1
102
RTVSPropertyOp34
 70
     1
102
RTVSPropertyOp35
 70
     1
102
RTVSPropertyOp36
 70
     1
102
RTVSPropertyOp37
 70
     1
102
RTVSPropertyOp38
 70
     1
102
RTVSPropertyOp39
 70
     1
102
RTVSPropertyOp40
 70
     1
102
RTVSPropertyOp41
 70
     1
102
RTVSPropertyOp42
 70
     1
102
RTVSPropertyOp43
 70
     1
102
RTVSPropertyOp44
 70
     1
102
RTVSPropertyOp45
 70
     1
102
RTVSPropertyOp46
 70
     1
102
RTVSPropertyOp47
 70
     1
102
RTVSPropertyOp48
 70
     1
102
RTVSPropertyOp49
 70
     1
102
RTVSPropertyOp50
 70
     1
102
RTVSPropertyOp51
 70
     0
102
RTVSPropertyOp52
 70
     0
102
RTVSPropertyOp53
 70
     1
102
RTVSPropertyOp54
 70
     1
102
RTVSPropertyOp55
 70
     1
102
RTVSPropertyOp56
 70
     1
102
RTVSPropertyOp57
 70
     1
102
RTVSPropertyOp58
 70
     1
102
RTVSPropertyOp59
 70
     1
102
RTVSPropertyOp60
 70
     1
102
RTVSPropertyOp61
 70
     1
102
RTVSPropertyOp62
 70
     1
  0
XRECORD
  5
3C6
102
{ACAD_REACTORS
330
3C5
102
}
330
3C5
100
AcDbXrecord
280
     1
102
RTVSPost2010Prop28
280
     0
102
RTVSPost2010PropOp28
 70
     1
102
RTVSPost2010Prop29
280
     1
102
RTVSPost2010PropOp29
 70
     1
102
RTVSPost2010Prop30
280
     1
102
RTVSPost2010PropOp30
 70
     1
102
RTVSPost2010Prop31
280
     0
102
RTVSPost2010PropOp31
 70
     1
102
RTVSPost2010Prop32
280
     0
102
RTVSPost2010PropOp32
 70
     1
102
RTVSPost2010Prop33
280
     0
102
RTVSPost2010PropOp33
 70
     1
102
RTVSPost2010Prop34
280
     0
102
RTVSPost2010PropOp34
 70
     1
102
RTVSPost2010Prop35
280
     0
102
RTVSPost2010PropOp35
 70
     1
102
RTVSPost2010Prop36
280
     0
102
RTVSPost2010PropOp36
 70
     1
102
RTVSPost2010Prop37
 90
       50
102
RTVSPost2010PropOp37
 70
     1
102
RTVSPost2010Prop38
140
0.0
102
RTVSPost2010PropOp38
 70
     1
102
RTVSPost2010Prop39
140
1.0
102
RTVSPost2010PropOp39
 70
     1
102
RTVSPost2010Prop40
 90
        0
102
RTVSPost2010PropOp40
 70
     1
102
RTVSPost2010Prop41ColorIndex
 90
       18
102
RTVSPost2010Prop41ColorRGB
 90
        0
102
RTVSPost2010PropOp41
 70
     1
102
RTVSPost2010Prop42
 90
       50
102
RTVSPost2010PropOp42
 70
     1
102
RTVSPost2010Prop43
 90
        3
102
RTVSPost2010PropOp43
 70
     1
102
RTVSPost2010Prop44ColorIndex
 90
        5
102
RTVSPost2010Prop44ColorRGB
 90
      255
102
RTVSPost2010PropOp44
 70
     1
102
RTVSPost2010Prop45
280
     0
102
RTVSPost2010PropOp45
 70
     1
102
RTVSPost2010Prop46
 90
       50
102
RTVSPost2010PropOp46
 70
     1
102
RTVSPost2010Prop47
 90
       50
102
RTVSPost2010PropOp47
 70
     1
102
RTVSPost2010Prop48
 90
       50
102
RTVSPost2010PropOp48
 70
     1
102
RTVSPost2010Prop49
280
     0
102
RTVSPost2010PropOp49
 70
     1
102
RTVSPost2010Prop50
 90
       50
102
RTVSPost2010PropOp50
 70
     1
102
RTVSPost2010Prop51ColorIndex
 90
      256
102
RTVSPost2010Prop51ColorRGB
 90
-16777216
102
RTVSPost2010PropOp51
 70
     0
102
RTVSPost2010Prop52
140
1.0
102
RTVSPost2010PropOp52
 70
     0
102
RTVSPost2010Prop53
 90
        2
102
RTVSPost2010PropOp53
 70
     1
102
RTVSPost2010Prop54
  1
strokes_ogs.tif
102
RTVSPost2010PropOp54
 70
     1
102
RTVSPost2010Prop55
280
     0
102
RTVSPost2010PropOp55
 70
     1
102
RTVSPost2010Prop56
140
1.0
102
RTVSPost2010PropOp56
 70
     1
102
RTVSPost2010Prop57
140
1.0
102
RTVSPost2010PropOp57
 70
     1
102
RTVSPropertyOp0
 70
     1
102
RTVSPropertyOp1
 70
     1
102
RTVSPropertyOp2
 70
     1
102
RTVSPropertyOp3
 70
     1
102
RTVSPropertyOp4
 70
     1
102
RTVSPropertyOp5
 70
     1
102
RTVSPropertyOp6
 70
     1
102
RTVSPropertyOp7
 70
     1
102
RTVSPropertyOp8
 70
     1
102
RTVSPropertyOp9
 70
     1
102
RTVSPropertyOp10
 70
     1
102
RTVSPropertyOp11
 70
     1
102
RTVSPropertyOp12
 70
     1
102
RTVSPropertyOp13
 70
     1
102
RTVSPropertyOp14
 70
     1
102
RTVSPropertyOp15
 70
     1
102
RTVSPropertyOp16
 70
     1
102
RTVSPropertyOp17
 70
     1
102
RTVSPropertyOp18
 70
     1
102
RTVSPropertyOp19
 70
     1
102
RTVSPropertyOp20
 70
     1
102
RTVSPropertyOp21
 70
     1
102
RTVSPropertyOp22
 70
     1
102
RTVSPropertyOp23
 70
     1
102
RTVSPropertyOp24
 70
     1
102
RTVSPropertyOp25
 70
     1
102
RTVSPropertyOp26
 70
     1
102
RTVSPropertyOp27
 70
     1
102
RTVSPropertyOp28
 70
     1
102
RTVSPropertyOp29
 70
     1
102
RTVSPropertyOp30
 70
     1
102
RTVSPropertyOp31
 70
     1
102
RTVSPropertyOp32
 70
     1
102
RTVSPropertyOp33
 70
     1
102
RTVSPropertyOp34
 70
     1
102
RTVSPropertyOp35
 70
     1
102
RTVSPropertyOp36
 70
     1
102
RTVSPropertyOp37
 70
     1
102
RTVSPropertyOp38
 70
     1
102
RTVSPropertyOp39
 70
     1
102
RTVSPropertyOp40
 70
     1
102
RTVSPropertyOp41
 70
     1
102
RTVSPropertyOp42
 70
     1
102
RTVSPropertyOp43
 70
     1
102
RTVSPropertyOp44
 70
     1
102
RTVSPropertyOp45
 70
     1
102
RTVSPropertyOp46
 70
     1
102
RTVSPropertyOp47
 70
     1
102
RTVSPropertyOp48
 70
     1
102
RTVSPropertyOp49
 70
     1
102
RTVSPropertyOp50
 70
     1
102
RTVSPropertyOp51
 70
     0
102
RTVSPropertyOp52
 70
     0
102
RTVSPropertyOp53
 70
     1
102
RTVSPropertyOp54
 70
     1
102
RTVSPropertyOp55
 70
     1
102
RTVSPropertyOp56
 70
     1
102
RTVSPropertyOp57
 70
     1
102
RTVSPropertyOp58
 70
     1
102
RTVSPropertyOp59
 70
     1
102
RTVSPropertyOp60
 70
     1
102
RTVSPropertyOp61
 70
     1
102
RTVSPropertyOp62
 70
     1
  0
XRECORD
  5
3DE
102
{ACAD_REACTORS
330
3DD
102
}
330
3DD
100
AcDbXrecord
280
     1
102
RTVSPost2010Prop28
280
     0
102
RTVSPost2010PropOp28
 70
     1
102
RTVSPost2010Prop29
280
     1
102
RTVSPost2010PropOp29
 70
     1
102
RTVSPost2010Prop30
280
     1
102
RTVSPost2010PropOp30
 70
     1
102
RTVSPost2010Prop31
280
     0
102
RTVSPost2010PropOp31
 70
     1
102
RTVSPost2010Prop32
280
     0
102
RTVSPost2010PropOp32
 70
     1
102
RTVSPost2010Prop33
280
     0
102
RTVSPost2010PropOp33
 70
     1
102
RTVSPost2010Prop34
280
     0
102
RTVSPost2010PropOp34
 70
     1
102
RTVSPost2010Prop35
280
     0
102
RTVSPost2010PropOp35
 70
     1
102
RTVSPost2010Prop36
280
     0
102
RTVSPost2010PropOp36
 70
     1
102
RTVSPost2010Prop37
 90
       50
102
RTVSPost2010PropOp37
 70
     1
102
RTVSPost2010Prop38
140
0.0
102
RTVSPost2010PropOp38
 70
     1
102
RTVSPost2010Prop39
140
1.0
102
RTVSPost2010PropOp39
 70
     1
102
RTVSPost2010Prop40
 90
        0
102
RTVSPost2010PropOp40
 70
     1
102
RTVSPost2010Prop41ColorIndex
 90
       18
102
RTVSPost2010Prop41ColorRGB
 90
        0
102
RTVSPost2010PropOp41
 70
     1
102
RTVSPost2010Prop42
 90
       50
102
RTVSPost2010PropOp42
 70
     1
102
RTVSPost2010Prop43
 90
        3
102
RTVSPost2010PropOp43
 70
     1
102
RTVSPost2010Prop44ColorIndex
 90
        5
102
RTVSPost2010Prop44ColorRGB
 90
      255
102
RTVSPost2010PropOp44
 70
     1
102
RTVSPost2010Prop45
280
     0
102
RTVSPost2010PropOp45
 70
     1
102
RTVSPost2010Prop46
 90
       50
102
RTVSPost2010PropOp46
 70
     1
102
RTVSPost2010Prop47
 90
       50
102
RTVSPost2010PropOp47
 70
     1
102
RTVSPost2010Prop48
 90
       50
102
RTVSPost2010PropOp48
 70
     1
102
RTVSPost2010Prop49
280
     0
102
RTVSPost2010PropOp49
 70
     1
102
RTVSPost2010Prop50
 90
       50
102
RTVSPost2010PropOp50
 70
     1
102
RTVSPost2010Prop51ColorIndex
 90
      256
102
RTVSPost2010Prop51ColorRGB
 90
-16777216
102
RTVSPost2010PropOp51
 70
     0
102
RTVSPost2010Prop52
140
1.0
102
RTVSPost2010PropOp52
 70
     0
102
RTVSPost2010Prop53
 90
        2
102
RTVSPost2010PropOp53
 70
     1
102
RTVSPost2010Prop54
  1
strokes_ogs.tif
102
RTVSPost2010PropOp54
 70
     1
102
RTVSPost2010Prop55
280
     0
102
RTVSPost2010PropOp55
 70
     1
102
RTVSPost2010Prop56
140
1.0
102
RTVSPost2010PropOp56
 70
     1
102
RTVSPost2010Prop57
140
1.0
102
RTVSPost2010PropOp57
 70
     1
102
RTVSPropertyOp0
 70
     1
102
RTVSPropertyOp1
 70
     1
102
RTVSPropertyOp2
 70
     1
102
RTVSPropertyOp3
 70
     1
102
RTVSPropertyOp4
 70
     1
102
RTVSPropertyOp5
 70
     1
102
RTVSPropertyOp6
 70
     1
102
RTVSPropertyOp7
 70
     1
102
RTVSPropertyOp8
 70
     1
102
RTVSPropertyOp9
 70
     1
102
RTVSPropertyOp10
 70
     1
102
RTVSPropertyOp11
 70
     1
102
RTVSPropertyOp12
 70
     1
102
RTVSPropertyOp13
 70
     1
102
RTVSPropertyOp14
 70
     1
102
RTVSPropertyOp15
 70
     1
102
RTVSPropertyOp16
 70
     1
102
RTVSPropertyOp17
 70
     1
102
RTVSPropertyOp18
 70
     1
102
RTVSPropertyOp19
 70
     1
102
RTVSPropertyOp20
 70
     1
102
RTVSPropertyOp21
 70
     1
102
RTVSPropertyOp22
 70
     1
102
RTVSPropertyOp23
 70
     1
102
RTVSPropertyOp24
 70
     1
102
RTVSPropertyOp25
 70
     1
102
RTVSPropertyOp26
 70
     1
102
RTVSPropertyOp27
 70
     1
102
RTVSPropertyOp28
 70
     1
102
RTVSPropertyOp29
 70
     1
102
RTVSPropertyOp30
 70
     1
102
RTVSPropertyOp31
 70
     1
102
RTVSPropertyOp32
 70
     1
102
RTVSPropertyOp33
 70
     1
102
RTVSPropertyOp34
 70
     1
102
RTVSPropertyOp35
 70
     1
102
RTVSPropertyOp36
 70
     1
102
RTVSPropertyOp37
 70
     1
102
RTVSPropertyOp38
 70
     1
102
RTVSPropertyOp39
 70
     1
102
RTVSPropertyOp40
 70
     1
102
RTVSPropertyOp41
 70
     1
102
RTVSPropertyOp42
 70
     1
102
RTVSPropertyOp43
 70
     1
102
RTVSPropertyOp44
 70
     1
102
RTVSPropertyOp45
 70
     1
102
RTVSPropertyOp46
 70
     1
102
RTVSPropertyOp47
 70
     1
102
RTVSPropertyOp48
 70
     1
102
RTVSPropertyOp49
 70
     1
102
RTVSPropertyOp50
 70
     1
102
RTVSPropertyOp51
 70
     0
102
RTVSPropertyOp52
 70
     0
102
RTVSPropertyOp53
 70
     1
102
RTVSPropertyOp54
 70
     1
102
RTVSPropertyOp55
 70
     1
102
RTVSPropertyOp56
 70
     1
102
RTVSPropertyOp57
 70
     1
102
RTVSPropertyOp58
 70
     1
102
RTVSPropertyOp59
 70
     1
102
RTVSPropertyOp60
 70
     1
102
RTVSPropertyOp61
 70
     1
102
RTVSPropertyOp62
 70
     1
  0
ENDSEC
  0
EOF
