  0
SECTION
  2
HEADER
  9
$ACADVER
  1
AC1015
  9
$ACADMAINTVER
 70
    20
  9
$DWGCODEPAGE
  3
ANSI_1252
  9
$INSBASE
 10
0.0
 20
0.0
 30
0.0
  9
$EXTMIN
 10
0.0
 20
-105.0
 30
0.0
  9
$EXTMAX
 10
12480.00000094
 20
4189.164877370628
 30
0.0
  9
$LIMMIN
 10
0.0
 20
0.0
  9
$LIMMAX
 10
12.0
 20
9.0
  9
$ORTHOMODE
 70
     0
  9
$REGENMODE
 70
     1
  9
$FILLMODE
 70
     1
  9
$QTEXTMODE
 70
     0
  9
$MIRRTEXT
 70
     1
  9
$LTSCALE
 40
1.0
  9
$ATTMODE
 70
     1
  9
$TEXTSIZE
 40
0.2
  9
$TRACEWID
 40
0.05
  9
$TEXTSTYLE
  7
Standard
  9
$CLAYER
  8
0
  9
$CELTYPE
  6
ByLayer
  9
$CECOLOR
 62
   256
  9
$CELTSCALE
 40
1.0
  9
$DISPSILH
 70
     0
  9
$DIMSCALE
 40
1.0
  9
$DIMASZ
 40
0.18
  9
$DIMEXO
 40
0.0625
  9
$DIMDLI
 40
0.38
  9
$DIMRND
 40
0.0
  9
$DIMDLE
 40
0.0
  9
$DIMEXE
 40
0.18
  9
$DIMTP
 40
0.0
  9
$DIMTM
 40
0.0
  9
$DIMTXT
 40
0.18
  9
$DIMCEN
 40
0.09
  9
$DIMTSZ
 40
0.0
  9
$DIMTOL
 70
     0
  9
$DIMLIM
 70
     0
  9
$DIMTIH
 70
     1
  9
$DIMTOH
 70
     1
  9
$DIMSE1
 70
     0
  9
$DIMSE2
 70
     0
  9
$DIMTAD
 70
     0
  9
$DIMZIN
 70
     0
  9
$DIMBLK
  1

  9
$DIMASO
 70
     1
  9
$DIMSHO
 70
     1
  9
$DIMPOST
  1

  9
$DIMAPOST
  1

  9
$DIMALT
 70
     0
  9
$DIMALTD
 70
     2
  9
$DIMALTF
 40
0.0393700787401575
  9
$DIMLFAC
 40
1.0
  9
$DIMTOFL
 70
     0
  9
$DIMTVP
 40
0.0
  9
$DIMTIX
 70
     0
  9
$DIMSOXD
 70
     0
  9
$DIMSAH
 70
     0
  9
$DIMBLK1
  1

  9
$DIMBLK2
  1

  9
$DIMSTYLE
  2
Standard
  9
$DIMCLRD
 70
     0
  9
$DIMCLRE
 70
     0
  9
$DIMCLRT
 70
     0
  9
$DIMTFAC
 40
1.0
  9
$DIMGAP
 40
0.09
  9
$DIMJUST
 70
     0
  9
$DIMSD1
 70
     0
  9
$DIMSD2
 70
     0
  9
$DIMTOLJ
 70
     1
  9
$DIMTZIN
 70
     0
  9
$DIMALTZ
 70
     0
  9
$DIMALTTZ
 70
     0
  9
$DIMUPT
 70
     0
  9
$DIMDEC
 70
     4
  9
$DIMTDEC
 70
     4
  9
$DIMALTU
 70
     2
  9
$DIMALTTD
 70
     0
  9
$DIMTXSTY
  7
Standard
  9
$DIMAUNIT
 70
     0
  9
$DIMADEC
 70
     0
  9
$DIMALTRND
 40
0.0
  9
$DIMAZIN
 70
     0
  9
$DIMDSEP
 70
    46
  9
$DIMATFIT
 70
     0
  9
$DIMFRAC
 70
     0
  9
$DIMLDRBLK
  1

  9
$DIMLUNIT
 70
     2
  9
$DIMLWD
 70
    -2
  9
$DIMLWE
 70
    -2
  9
$DIMTMOVE
 70
     0
  9
$LUNITS
 70
     2
  9
$LUPREC
 70
     4
  9
$SKETCHINC
 40
0.1
  9
$FILLETRAD
 40
0.0
  9
$AUNITS
 70
     0
  9
$AUPREC
 70
     0
  9
$MENU
  1
.
  9
$ELEVATION
 40
0.0
  9
$PELEVATION
 40
0.0
  9
$THICKNESS
 40
0.0
  9
$LIMCHECK
 70
     0
  9
$CHAMFERA
 40
0.5
  9
$CHAMFERB
 40
0.5
  9
$CHAMFERC
 40
0.0
  9
$CHAMFERD
 40
0.0
  9
$SKPOLY
 70
     0
  9
$TDCREATE
 40
2461103.348703704
  9
$TDUCREATE
 40
2461103.473703901
  9
$TDUPDATE
 40
2461103.851967593
  9
$TDUUPDATE
 40
2461103.976967593
  9
$TDINDWG
 40
0.0023958333
  9
$TDUSRTIMER
 40
0.0023958449
  9
$USRTIMER
 70
     1
  9
$ANGBASE
 50
0.0
  9
$ANGDIR
 70
     1
  9
$PDMODE
 70
     0
  9
$PDSIZE
 40
0.0
  9
$PLINEWID
 40
0.0
  9
$SPLFRAME
 70
     0
  9
$SPLINETYPE
 70
     6
  9
$SPLINESEGS
 70
     8
  9
$HANDSEED
  5
793
  9
$SURFTAB1
 70
     6
  9
$SURFTAB2
 70
     6
  9
$SURFTYPE
 70
     6
  9
$SURFU
 70
     6
  9
$SURFV
 70
     6
  9
$UCSBASE
  2

  9
$UCSNAME
  2

  9
$UCSORG
 10
0.0
 20
0.0
 30
0.0
  9
$UCSXDIR
 10
1.0
 20
0.0
 30
0.0
  9
$UCSYDIR
 10
0.0
 20
1.0
 30
0.0
  9
$UCSORTHOREF
  2

  9
$UCSORTHOVIEW
 70
     0
  9
$UCSORGTOP
 10
0.0
 20
0.0
 30
0.0
  9
$UCSORGBOTTOM
 10
0.0
 20
0.0
 30
0.0
  9
$UCSORGLEFT
 10
0.0
 20
0.0
 30
0.0
  9
$UCSORGRIGHT
 10
0.0
 20
0.0
 30
0.0
  9
$UCSORGFRONT
 10
0.0
 20
0.0
 30
0.0
  9
$UCSORGBACK
 10
0.0
 20
0.0
 30
0.0
  9
$PUCSBASE
  2

  9
$PUCSNAME
  2

  9
$PUCSORG
 10
0.0
 20
0.0
 30
0.0
  9
$PUCSXDIR
 10
1.0
 20
0.0
 30
0.0
  9
$PUCSYDIR
 10
0.0
 20
1.0
 30
0.0
  9
$PUCSORTHOREF
  2

  9
$PUCSORTHOVIEW
 70
     0
  9
$PUCSORGTOP
 10
0.0
 20
0.0
 30
0.0
  9
$PUCSORGBOTTOM
 10
0.0
 20
0.0
 30
0.0
  9
$PUCSORGLEFT
 10
0.0
 20
0.0
 30
0.0
  9
$PUCSORGRIGHT
 10
0.0
 20
0.0
 30
0.0
  9
$PUCSORGFRONT
 10
0.0
 20
0.0
 30
0.0
  9
$PUCSORGBACK
 10
0.0
 20
0.0
 30
0.0
  9
$USERI1
 70
     0
  9
$USERI2
 70
     0
  9
$USERI3
 70
     0
  9
$USERI4
 70
     0
  9
$USERI5
 70
     0
  9
$USERR1
 40
0.0
  9
$USERR2
 40
0.0
  9
$USERR3
 40
0.0
  9
$USERR4
 40
0.0
  9
$USERR5
 40
0.0
  9
$WORLDVIEW
 70
     1
  9
$SHADEDGE
 70
     3
  9
$SHADEDIF
 70
    70
  9
$TILEMODE
 70
     1
  9
$MAXACTVP
 70
    48
  9
$PINSBASE
 10
0.0
 20
0.0
 30
0.0
  9
$PLIMCHECK
 70
     0
  9
$PEXTMIN
 10
1.000000000000000E+20
 20
1.000000000000000E+20
 30
1.000000000000000E+20
  9
$PEXTMAX
 10
-1.000000000000000E+20
 20
-1.000000000000000E+20
 30
-1.000000000000000E+20
  9
$PLIMMIN
 10
0.0
 20
0.0
  9
$PLIMMAX
 10
0.0
 20
0.0
  9
$UNITMODE
 70
     0
  9
$VISRETAIN
 70
     1
  9
$PLINEGEN
 70
     1
  9
$PSLTSCALE
 70
     1
  9
$TREEDEPTH
 70
  3020
  9
$CMLSTYLE
  2
STANDARD
  9
$CMLJUST
 70
     0
  9
$CMLSCALE
 40
1.0
  9
$PROXYGRAPHICS
 70
     1
  9
$MEASUREMENT
 70
     1
  9
$CELWEIGHT
370
    -1
  9
$ENDCAPS
280
     0
  9
$JOINSTYLE
280
     0
  9
$LWDISPLAY
290
     1
  9
$INSUNITS
 70
     4
  9
$HYPERLINKBASE
  1

  9
$STYLESHEET
  1

  9
$XEDIT
290
     1
  9
$CEPSNTYPE
380
     0
  9
$PSTYLEMODE
290
     0
  9
$FINGERPRINTGUID
  2

  9
$VERSIONGUID
  2
{ADE7E912-F159-4A4D-A09D-7911A0F2A8F5}
  9
$EXTNAMES
290
     1
  9
$PSVPSCALE
 40
0.0
  9
$OLESTARTUP
290
     0
  0
ENDSEC
  0
SECTION
  2
CLASSES
  0
CLASS
  1
RASTERVARIABLES
  2
AcDbRasterVariables
  3
ISM
 90
    32768
280
     0
281
     0
  0
CLASS
  1
IMAGEDEF
  2
AcDbRasterImageDef
  3
ISM
 90
    32768
280
     0
281
     0
  0
CLASS
  1
IMAGEDEF_REACTOR
  2
AcDbRasterImageDefReactor
  3
ISM
 90
    32769
280
     0
281
     0
  0
CLASS
  1
IMAGE
  2
AcDbRasterImage
  3
ISM
 90
    34943
280
     0
281
     1
  0
CLASS
  1
ACAD_EVALUATION_GRAPH
  2
AcDbEvalGraph
  3
ObjectDBX Classes
 90
    33921
280
     0
281
     0
  0
CLASS
  1
BLOCKPOINTPARAMETER
  2
AcDbBlockPointParameter
  3
ObjectDBX Classes
 90
    33921
280
     0
281
     0
  0
CLASS
  1
BLOCKBASEPOINTPARAMETER
  2
AcDbBlockBasepointParameter
  3
ObjectDBX Classes
 90
    33921
280
     0
281
     0
  0
CLASS
  1
BLOCKLOOKUPPARAMETER
  2
AcDbBlockLookupParameter
  3
ObjectDBX Classes
 90
    33921
280
     0
281
     0
  0
CLASS
  1
BLOCKVISIBILITYPARAMETER
  2
AcDbBlockVisibilityParameter
  3
ObjectDBX Classes
 90
    33921
280
     0
281
     0
  0
CLASS
  1
BLOCKPROPERTIESTABLE
  2
AcDbBlockPropertiesTable
  3
ObjectDBX Classes
 90
    33921
280
     0
281
     0
  0
CLASS
  1
BLOCKPOLARPARAMETER
  2
AcDbBlockPolarParameter
  3
ObjectDBX Classes
 90
    33921
280
     0
281
     0
  0
CLASS
  1
BLOCKROTATIONPARAMETER
  2
AcDbBlockRotationParameter
  3
ObjectDBX Classes
 90
    33921
280
     0
281
     0
  0
CLASS
  1
BLOCKLINEARPARAMETER
  2
AcDbBlockLinearParameter
  3
ObjectDBX Classes
 90
    33921
280
     0
281
     0
  0
CLASS
  1
BLOCKXYPARAMETER
  2
AcDbBlockXYParameter
  3
ObjectDBX Classes
 90
    33921
280
     0
281
     0
  0
CLASS
  1
BLOCKFLIPPARAMETER
  2
AcDbBlockFlipParameter
  3
ObjectDBX Classes
 90
    33921
280
     0
281
     0
  0
CLASS
  1
BLOCKALIGNMENTPARAMETER
  2
AcDbBlockAlignmentParameter
  3
ObjectDBX Classes
 90
    33921
280
     0
281
     0
  0
CLASS
  1
BLOCKROTATEACTION
  2
AcDbBlockRotateAction
  3
ObjectDBX Classes
 90
    33921
280
     0
281
     0
  0
CLASS
  1
BLOCKSCALEACTION
  2
AcDbBlockScaleAction
  3
ObjectDBX Classes
 90
    33921
280
     0
281
     0
  0
CLASS
  1
BLOCKARRAYACTION
  2
AcDbBlockArrayAction
  3
ObjectDBX Classes
 90
    33921
280
     0
281
     0
  0
CLASS
  1
BLOCKFLIPACTION
  2
AcDbBlockFlipAction
  3
ObjectDBX Classes
 90
    33921
280
     0
281
     0
  0
CLASS
  1
BLOCKLOOKUPACTION
  2
AcDbBlockLookupAction
  3
ObjectDBX Classes
 90
    33921
280
     0
281
     0
  0
CLASS
  1
BLOCKMOVEACTION
  2
AcDbBlockMoveAction
  3
ObjectDBX Classes
 90
    33921
280
     0
281
     0
  0
CLASS
  1
BLOCKPOLARSTRETCHACTION
  2
AcDbBlockPolarStretchAction
  3
ObjectDBX Classes
 90
    33921
280
     0
281
     0
  0
CLASS
  1
BLOCKSTRETCHACTION
  2
AcDbBlockStretchAction
  3
ObjectDBX Classes
 90
    33921
280
     0
281
     0
  0
CLASS
  1
BLOCKALIGNMENTGRIP
  2
AcDbBlockAlignmentGrip
  3
ObjectDBX Classes
 90
    33921
280
     0
281
     0
  0
CLASS
  1
BLOCKFLIPGRIP
  2
AcDbBlockFlipGrip
  3
ObjectDBX Classes
 90
    33921
280
     0
281
     0
  0
CLASS
  1
ACDB_BLOCKREPRESENTATION_DATA
  2
AcDbBlockRepresentationData
  3
ObjectDBX Classes
 90
    33921
280
     0
281
     0
  0
CLASS
  1
ACDB_DYNAMICBLOCKPURGEPREVENTER_VERSION
  2
AcDbDynamicBlockPurgePreventer
  3
ObjectDBX Classes
 90
    33921
280
     0
281
     0
  0
CLASS
  1
BLOCKLINEARGRIP
  2
AcDbBlockLinearGrip
  3
ObjectDBX Classes
 90
    33921
280
     0
281
     0
  0
CLASS
  1
BLOCKLOOKUPGRIP
  2
AcDbBlockLookupGrip
  3
ObjectDBX Classes
 90
    33921
280
     0
281
     0
  0
CLASS
  1
BLOCKPOLARGRIP
  2
AcDbBlockPolarGrip
  3
ObjectDBX Classes
 90
    33921
280
     0
281
     0
  0
CLASS
  1
BLOCKPROPERTIESTABLEGRIP
  2
AcDbBlockPropertiesTableGrip
  3
ObjectDBX Classes
 90
    33921
280
     0
281
     0
  0
CLASS
  1
BLOCKROTATIONGRIP
  2
AcDbBlockRotationGrip
  3
ObjectDBX Classes
 90
    33921
280
     0
281
     0
  0
CLASS
  1
BLOCKVISIBILITYGRIP
  2
AcDbBlockVisibilityGrip
  3
ObjectDBX Classes
 90
    33921
280
     0
281
     0
  0
CLASS
  1
BLOCKXYGRIP
  2
AcDbBlockXYGrip
  3
ObjectDBX Classes
 90
    33921
280
     0
281
     0
  0
CLASS
  1
BLOCKGRIPLOCATIONCOMPONENT
  2
AcDbBlockGripExpr
  3
ObjectDBX Classes
 90
    33921
280
     0
281
     0
  0
CLASS
  1
ACDB_DYNAMICBLOCKPROXYNODE
  2
AcDbDynamicBlockProxyNode
  3
ObjectDBX Classes
 90
    33921
280
     0
281
     0
  0
CLASS
  1
BLOCKLINEARCONSTRAINTPARAMETER
  2
AcDbBlockLinearConstraintParameter
  3
ObjectDBX Classes
 90
    33921
280
     0
281
     0
  0
CLASS
  1
BLOCKHORIZONTALCONSTRAINTPARAMETER
  2
AcDbBlockHorizontalConstraintParameter
  3
ObjectDBX Classes
 90
    33921
280
     0
281
     0
  0
CLASS
  1
BLOCKVERTICALCONSTRAINTPARAMETER
  2
AcDbBlockVerticalConstraintParameter
  3
ObjectDBX Classes
 90
    33921
280
     0
281
     0
  0
CLASS
  1
BLOCKALIGNEDCONSTRAINTPARAMETER
  2
AcDbBlockAlignedConstraintParameter
  3
ObjectDBX Classes
 90
    33921
280
     0
281
     0
  0
CLASS
  1
BLOCKANGULARCONSTRAINTPARAMETER
  2
AcDbBlockAngularConstraintParameter
  3
ObjectDBX Classes
 90
    33921
280
     0
281
     0
  0
CLASS
  1
BLOCKDIAMETRICCONSTRAINTPARAMETER
  2
AcDbBlockDiametricConstraintParameter
  3
ObjectDBX Classes
 90
    33921
280
     0
281
     0
  0
CLASS
  1
BLOCKRADIALCONSTRAINTPARAMETER
  2
AcDbBlockRadialConstraintParameter
  3
ObjectDBX Classes
 90
    33921
280
     0
281
     0
  0
CLASS
  1
FIELDLIST
  2
AcDbFieldList
  3
ObjectDBX Classes
 90
     1152
280
     0
281
     0
  0
CLASS
  1
ACDBDICTIONARYWDFLT
  2
AcDbDictionaryWithDefault
  3
ObjectDBX Classes
 90
        0
280
     0
281
     0
  0
CLASS
  1
CELLSTYLEMAP
  2
AcDbCellStyleMap
  3
ObjectDBX Classes
 90
     1152
280
     0
281
     0
  0
CLASS
  1
MLEADERSTYLE
  2
AcDbMLeaderStyle
  3
ACDB_MLEADERSTYLE_CLASS
 90
     4095
280
     0
281
     0
  0
CLASS
  1
TABLESTYLE
  2
AcDbTableStyle
  3
ObjectDBX Classes
 90
     4095
280
     0
281
     0
  0
CLASS
  1
DICTIONARYVAR
  2
AcDbDictionaryVar
  3
ObjectDBX Classes
 90
        0
280
     0
281
     0
  0
CLASS
  1
MATERIAL
  2
AcDbMaterial
  3
ObjectDBX Classes
 90
     1153
280
     0
281
     0
  0
CLASS
  1
VISUALSTYLE
  2
AcDbVisualStyle
  3
ObjectDBX Classes
 90
     4095
280
     0
281
     0
  0
CLASS
  1
SCALE
  2
AcDbScale
  3
ObjectDBX Classes
 90
     1153
280
     0
281
     0
  0
CLASS
  1
ACDBSECTIONVIEWSTYLE
  2
AcDbSectionViewStyle
  3
ObjectDBX Classes
 90
     1025
280
     0
281
     0
  0
CLASS
  1
ACDBDETAILVIEWSTYLE
  2
AcDbDetailViewStyle
  3
ObjectDBX Classes
 90
     1025
280
     0
281
     0
  0
CLASS
  1
MULTILEADER
  2
AcDbMLeader
  3
ACDB_MLEADER_CLASS
 90
     1025
280
     0
281
     1
  0
CLASS
  1
ACDBPLACEHOLDER
  2
AcDbPlaceHolder
  3
ObjectDBX Classes
 90
        0
280
     0
281
     0
  0
CLASS
  1
LAYOUT
  2
AcDbLayout
  3
ObjectDBX Classes
 90
        0
280
     0
281
     0
  0
ENDSEC
  0
SECTION
  2
TABLES
  0
TABLE
  2
VPORT
  5
8
330
0
100
AcDbSymbolTable
 70
     1
  0
VPORT
  5
557
330
8
100
AcDbSymbolTableRecord
100
AcDbViewportTableRecord
  2
*Active
 70
     0
 10
0.0
 20
0.0
 11
1.0
 21
1.0
 12
5248.655343912258
 22
1325.074457185161
 13
0.0
 23
0.0
 14
1.0
 24
1.0
 15
0.0
 25
0.0
 16
0.0
 26
0.0
 36
1.0
 17
0.0
 27
0.0
 37
0.0
 40
6949.650689512084
 41
2.351715686274509
 42
50.0
 43
0.0
 44
0.0
 50
0.0
 51
0.0
 71
     0
 72
 20000
 73
     1
 74
     1
 75
     0
 76
     0
 77
     0
 78
     0
281
     0
 65
     1
110
0.0
120
0.0
130
0.0
111
1.0
121
0.0
131
0.0
112
0.0
122
1.0
132
0.0
 79
     0
146
0.0
1001
ACAD_NAV_VCDISPLAY
1070
     3
  0
ENDTAB
  0
TABLE
  2
LTYPE
  5
5
330
0
100
AcDbSymbolTable
 70
     2
  0
LTYPE
  5
14
330
5
100
AcDbSymbolTableRecord
100
AcDbLinetypeTableRecord
  2
ByBlock
 70
     0
  3

 72
    65
 73
     0
 40
0.0
  0
LTYPE
  5
15
330
5
100
AcDbSymbolTableRecord
100
AcDbLinetypeTableRecord
  2
ByLayer
 70
     0
  3

 72
    65
 73
     0
 40
0.0
  0
LTYPE
  5
16
330
5
100
AcDbSymbolTableRecord
100
AcDbLinetypeTableRecord
  2
Continuous
 70
     0
  3
Solid line
 72
    65
 73
     0
 40
0.0
  0
ENDTAB
  0
TABLE
  2
LAYER
  5
2
102
{ACAD_XDICTIONARY
360
5CF
102
}
330
0
100
AcDbSymbolTable
 70
    31
  0
LAYER
  5
10
102
{ACAD_XDICTIONARY
360
63F
102
}
330
2
100
AcDbSymbolTableRecord
100
AcDbLayerTableRecord
  2
0
 70
     0
 62
     7
  6
Continuous
370
    -3
390
F
  0
LAYER
  5
27
102
{ACAD_XDICTIONARY
360
641
102
}
330
2
100
AcDbSymbolTableRecord
100
AcDbLayerTableRecord
  2
sheet
 70
     0
 62
    24
  6
Continuous
370
    -3
390
F
  0
LAYER
  5
28
102
{ACAD_XDICTIONARY
360
643
102
}
330
2
100
AcDbSymbolTableRecord
100
AcDbLayerTableRecord
  2
13726094v0
 70
     0
 62
     7
  6
Continuous
370
    -3
390
F
  0
LAYER
  5
29
102
{ACAD_XDICTIONARY
360
645
102
}
330
2
100
AcDbSymbolTableRecord
100
AcDbLayerTableRecord
  2
Texto
 70
     0
 62
     7
  6
Continuous
370
    -3
390
F
  0
LAYER
  5
2A
102
{ACAD_XDICTIONARY
360
647
102
}
330
2
100
AcDbSymbolTableRecord
100
AcDbLayerTableRecord
  2
Chanfro
 70
     0
 62
     7
  6
Continuous
370
    -3
390
F
  0
LAYER
  5
2B
102
{ACAD_XDICTIONARY
360
649
102
}
330
2
100
AcDbSymbolTableRecord
100
AcDbLayerTableRecord
  2
MP-23469-02
 70
     0
 62
     7
  6
Continuous
370
    -3
390
F
  0
LAYER
  5
2C
102
{ACAD_XDICTIONARY
360
64B
102
}
330
2
100
AcDbSymbolTableRecord
100
AcDbLayerTableRecord
  2
13598418
 70
     0
 62
     7
  6
Continuous
370
    -3
390
F
  0
LAYER
  5
2D
102
{ACAD_XDICTIONARY
360
64D
102
}
330
2
100
AcDbSymbolTableRecord
100
AcDbLayerTableRecord
  2
13988369v0
 70
     0
 62
     7
  6
Continuous
370
    -3
390
F
  0
LAYER
  5
2E
102
{ACAD_XDICTIONARY
360
64F
102
}
330
2
100
AcDbSymbolTableRecord
100
AcDbLayerTableRecord
  2
MP-23469-01
 70
     0
 62
     7
  6
Continuous
370
    -3
390
F
  0
LAYER
  5
2F
102
{ACAD_XDICTIONARY
360
651
102
}
330
2
100
AcDbSymbolTableRecord
100
AcDbLayerTableRecord
  2
13666253v0
 70
     0
 62
     7
  6
Continuous
370
    -3
390
F
  0
LAYER
  5
30
102
{ACAD_XDICTIONARY
360
653
102
}
330
2
100
AcDbSymbolTableRecord
100
AcDbLayerTableRecord
  2
13988334v0
 70
     0
 62
     7
  6
Continuous
370
    -3
390
F
  0
LAYER
  5
31
102
{ACAD_XDICTIONARY
360
655
102
}
330
2
100
AcDbSymbolTableRecord
100
AcDbLayerTableRecord
  2
12502848
 70
     0
 62
     7
  6
Continuous
370
    -3
390
F
  0
LAYER
  5
32
102
{ACAD_XDICTIONARY
360
657
102
}
330
2
100
AcDbSymbolTableRecord
100
AcDbLayerTableRecord
  2
Stats
 70
     0
 62
     7
  6
Continuous
370
    -3
390
F
  0
LAYER
  5
33
102
{ACAD_XDICTIONARY
360
659
102
}
330
2
100
AcDbSymbolTableRecord
100
AcDbLayerTableRecord
  2
13707814
 70
     0
 62
     7
  6
Continuous
370
    -3
390
F
  0
LAYER
  5
34
102
{ACAD_XDICTIONARY
360
65B
102
}
330
2
100
AcDbSymbolTableRecord
100
AcDbLayerTableRecord
  2
13707331
 70
     0
 62
     7
  6
Continuous
370
    -3
390
F
  0
LAYER
  5
35
102
{ACAD_XDICTIONARY
360
65D
102
}
330
2
100
AcDbSymbolTableRecord
100
AcDbLayerTableRecord
  2
Rebaixo
 70
     0
 62
     7
  6
Continuous
370
    -3
390
F
  0
LAYER
  5
36
102
{ACAD_XDICTIONARY
360
65F
102
}
330
2
100
AcDbSymbolTableRecord
100
AcDbLayerTableRecord
  2
13797888
 70
     0
 62
     7
  6
Continuous
370
    -3
390
F
  0
LAYER
  5
37
102
{ACAD_XDICTIONARY
360
661
102
}
330
2
100
AcDbSymbolTableRecord
100
AcDbLayerTableRecord
  2
13376364v01
 70
     0
 62
     7
  6
Continuous
370
    -3
390
F
  0
LAYER
  5
38
102
{ACAD_XDICTIONARY
360
663
102
}
330
2
100
AcDbSymbolTableRecord
100
AcDbLayerTableRecord
  2
14094683V0
 70
     0
 62
     7
  6
Continuous
370
    -3
390
F
  0
LAYER
  5
39
102
{ACAD_XDICTIONARY
360
665
102
}
330
2
100
AcDbSymbolTableRecord
100
AcDbLayerTableRecord
  2
13698246V02
 70
     0
 62
     7
  6
Continuous
370
    -3
390
F
  0
LAYER
  5
3A
102
{ACAD_XDICTIONARY
360
667
102
}
330
2
100
AcDbSymbolTableRecord
100
AcDbLayerTableRecord
  2
14082310
 70
     0
 62
     7
  6
Continuous
370
    -3
390
F
  0
LAYER
  5
3B
102
{ACAD_XDICTIONARY
360
669
102
}
330
2
100
AcDbSymbolTableRecord
100
AcDbLayerTableRecord
  2
12629595
 70
     0
 62
     7
  6
Continuous
370
    -3
390
F
  0
LAYER
  5
3C
102
{ACAD_XDICTIONARY
360
66B
102
}
330
2
100
AcDbSymbolTableRecord
100
AcDbLayerTableRecord
  2
13797807
 70
     0
 62
     7
  6
Continuous
370
    -3
390
F
  0
LAYER
  5
3D
102
{ACAD_XDICTIONARY
360
66D
102
}
330
2
100
AcDbSymbolTableRecord
100
AcDbLayerTableRecord
  2
13707303
 70
     0
 62
     7
  6
Continuous
370
    -3
390
F
  0
LAYER
  5
3E
102
{ACAD_XDICTIONARY
360
66F
102
}
330
2
100
AcDbSymbolTableRecord
100
AcDbLayerTableRecord
  2
13797892
 70
     0
 62
     7
  6
Continuous
370
    -3
390
F
  0
LAYER
  5
3F
102
{ACAD_XDICTIONARY
360
671
102
}
330
2
100
AcDbSymbolTableRecord
100
AcDbLayerTableRecord
  2
13558151
 70
     0
 62
     7
  6
Continuous
370
    -3
390
F
  0
LAYER
  5
40
102
{ACAD_XDICTIONARY
360
673
102
}
330
2
100
AcDbSymbolTableRecord
100
AcDbLayerTableRecord
  2
14094685v0
 70
     0
 62
     7
  6
Continuous
370
    -3
390
F
  0
LAYER
  5
41
102
{ACAD_XDICTIONARY
360
675
102
}
330
2
100
AcDbSymbolTableRecord
100
AcDbLayerTableRecord
  2
13052512
 70
     0
 62
     7
  6
Continuous
370
    -3
390
F
  0
LAYER
  5
42
102
{ACAD_XDICTIONARY
360
677
102
}
330
2
100
AcDbSymbolTableRecord
100
AcDbLayerTableRecord
  2
13697480v0
 70
     0
 62
     7
  6
Continuous
370
    -3
390
F
  0
LAYER
  5
43
102
{ACAD_XDICTIONARY
360
679
102
}
330
2
100
AcDbSymbolTableRecord
100
AcDbLayerTableRecord
  2
14082311
 70
     0
 62
     7
  6
Continuous
370
    -3
390
F
  0
LAYER
  5
44
330
2
100
AcDbSymbolTableRecord
100
AcDbLayerTableRecord
  2
DEFPOINTS
 70
     0
 62
     7
  6
Continuous
290
     0
370
    -3
390
F
  0
ENDTAB
  0
TABLE
  2
STYLE
  5
3
330
0
100
AcDbSymbolTable
 70
     1
  0
STYLE
  5
11
330
3
100
AcDbSymbolTableRecord
100
AcDbTextStyleTableRecord
  2
Standard
 70
     0
 40
0.0
 41
1.0
 50
0.0
 71
     0
 42
0.2
  3
txt.shx
  4

  0
ENDTAB
  0
TABLE
  2
VIEW
  5
6
330
0
100
AcDbSymbolTable
 70
     0
  0
ENDTAB
  0
TABLE
  2
UCS
  5
7
330
0
100
AcDbSymbolTable
 70
     0
  0
ENDTAB
  0
TABLE
  2
APPID
  5
9
330
0
100
AcDbSymbolTable
 70
    10
  0
APPID
  5
12
330
0
100
AcDbSymbolTableRecord
100
AcDbRegAppTableRecord
  2
ACAD
 70
     0
  0
APPID
  5
57A
330
0
100
AcDbSymbolTableRecord
100
AcDbRegAppTableRecord
  2
ACAD_MLEADERVER
 70
     0
  0
APPID
  5
5C8
330
9
100
AcDbSymbolTableRecord
100
AcDbRegAppTableRecord
  2
ACAD_PSEXT
 70
     0
  0
APPID
  5
5C9
330
9
100
AcDbSymbolTableRecord
100
AcDbRegAppTableRecord
  2
AcadAnnotative
 70
     0
  0
APPID
  5
5CA
330
9
100
AcDbSymbolTableRecord
100
AcDbRegAppTableRecord
  2
ACAD_DSTYLE_DIMJAG
 70
     0
  0
APPID
  5
5CB
330
9
100
AcDbSymbolTableRecord
100
AcDbRegAppTableRecord
  2
ACAD_DSTYLE_DIMTALN
 70
     0
  0
APPID
  5
5CC
330
9
100
AcDbSymbolTableRecord
100
AcDbRegAppTableRecord
  2
ACAD_NAV_VCDISPLAY
 70
     0
  0
APPID
  5
5CD
330
9
100
AcDbSymbolTableRecord
100
AcDbRegAppTableRecord
  2
AcAecLayerStandard
 70
     0
  0
APPID
  5
5CE
330
9
100
AcDbSymbolTableRecord
100
AcDbRegAppTableRecord
  2
AcCmTransparency
 70
     0
  0
APPID
  5
743
330
9
100
AcDbSymbolTableRecord
100
AcDbRegAppTableRecord
  2
ACAD_EXEMPT_FROM_CAD_STANDARDS
 70
     0
  0
ENDTAB
  0
TABLE
  2
DIMSTYLE
  5
A
330
0
100
AcDbSymbolTable
 70
     3
100
AcDbDimStyleTable
 71
     0
  0
DIMSTYLE
105
556
330
A
100
AcDbSymbolTableRecord
100
AcDbDimStyleTableRecord
  2
Standard
 70
     0
143
1.0
274
     0
289
     0
340
11
  0
DIMSTYLE
105
5C6
330
A
100
AcDbSymbolTableRecord
100
AcDbDimStyleTableRecord
  2
Annotative
 70
     0
 40
0.0
 41
2.5
 42
0.625
 43
3.75
 44
1.25
 73
     0
 74
     0
 77
     1
 78
     8
140
2.5
141
2.5
143
0.03937007874016
147
0.625
171
     3
172
     1
271
     2
272
     2
274
     3
278
    44
283
     0
284
     8
340
11
1001
AcadAnnotative
1000
AnnotativeData
1002
{
1070
     1
1070
     1
1002
}
1001
ACAD_DSTYLE_DIMJAG
1070
   388
1040
1.5
1001
ACAD_DSTYLE_DIMTALN
1070
   392
1070
     0
  0
DIMSTYLE
105
5C7
330
A
100
AcDbSymbolTableRecord
100
AcDbDimStyleTableRecord
  2
ISO-25
 70
     0
 41
2.5
 42
0.625
 43
3.75
 44
1.25
 73
     0
 74
     0
 77
     1
 78
     8
140
2.5
141
2.5
143
0.03937007874016
147
0.625
171
     3
172
     1
271
     2
272
     2
274
     3
278
    44
283
     0
284
     8
340
11
  0
ENDTAB
  0
TABLE
  2
BLOCK_RECORD
  5
1
330
0
100
AcDbSymbolTable
 70
     2
  0
BLOCK_RECORD
  5
1F
330
1
100
AcDbSymbolTableRecord
100
AcDbBlockTableRecord
  2
*Model_Space
340
22
  0
BLOCK_RECORD
  5
553
330
1
100
AcDbSymbolTableRecord
100
AcDbBlockTableRecord
  2
*Paper_Space
340
1E
  0
ENDTAB
  0
ENDSEC
  0
SECTION
  2
BLOCKS
  0
BLOCK
  5
20
330
1F
100
AcDbEntity
  8
0
100
AcDbBlockBegin
  2
*Model_Space
 70
     0
 10
0.0
 20
0.0
 30
0.0
  3
*Model_Space
  1

  0
ENDBLK
  5
21
330
1F
100
AcDbEntity
  8
0
100
AcDbBlockEnd
  0
BLOCK
  5
554
330
553
100
AcDbEntity
 67
     1
  8
0
100
AcDbBlockBegin
  2
*Paper_Space
 70
     0
 10
0.0
 20
0.0
 30
0.0
  3
*Paper_Space
  1

  0
ENDBLK
  5
555
330
553
100
AcDbEntity
 67
     1
  8
0
100
AcDbBlockEnd
  0
ENDSEC
  0
SECTION
  2
ENTITIES
  0
LWPOLYLINE
  5
253
330
1F
100
AcDbEntity
  8
sheet
 62
     7
100
AcDbPolyline
 90
        4
 70
     1
 43
0.0
 10
2520.00000031
 20
0.0000001
 10
4920.00000031
 20
0.0000001
 10
4920.00000031
 20
1860.0000001
 10
2520.00000031
 20
1860.0000001
  0
LWPOLYLINE
  5
254
330
1F
100
AcDbEntity
  8
MP-23469-01
 62
     7
100
AcDbPolyline
 90
       25
 70
     1
 43
0.0
 10
4882.00000031
 20
1777.000000100001
 10
4882.00000031
 20
1677.0000001
 10
4835.00000031
 20
1677.0000001
 42
0.4142135636641737
 10
4832.00000031
 20
1674.0000001
 10
4832.00000031
 20
1662.0000001
 10
4844.50000031
 20
1662.0000001
 42
-1.000002530387136
 10
4844.50000031
 20
1637.0000001
 10
4832.00000031
 20
1637.0000001
 10
4832.00000031
 20
1622.0000001
 10
4844.50000031
 20
1622.0000001
 42
-1.000002530387136
 10
4844.50000031
 20
1597.0000001
 10
4832.00000031
 20
1597.0000001
 10
4832.00000031
 20
1560.0000001
 42
0.4142135580022528
 10
4835.00000031
 20
1557.0000001
 10
4899.00000031
 20
1557.0000001
 42
0.414213562169577
 10
4902.00000031
 20
1560.0000001
 10
4902.00000031
 20
1839.0000001
 42
0.4142135744346897
 10
4899.00000031
 20
1842.0000001
 10
4835.00000031
 20
1842.0000001
 42
0.4142135570210244
 10
4832.00000031
 20
1839.0000001
 10
4832.00000031
 20
1805.0000001
 42
0.414213561042192
 10
4835.00000031
 20
1802.000000100001
 10
4857.000000310001
 20
1802.000000100001
 10
4857.000000310001
 20
1785.0000001
 42
0.4142135623708307
 10
4865.000000310001
 20
1777.000000100001
  0
MTEXT
  5
255
330
1F
100
AcDbEntity
  8
Texto
 62
     7
100
AcDbMText
 10
4885.062784758848
 20
1570.272706772269
 30
0.0
 40
10.0
 41
124.9472600761692
 71
     1
 72
     5
  1
{\W0.78846; }mp-23469/01 pos.3
 11
0.0000000000000001
 21
1.0
 31
0.0
 73
     1
 44
1.0
1001
ACAD
1000
MTEXTBEGIN
1070
    73
1070
     1
1070
    44
1040
1.0
1070
    74
1070
     0
1000
MTEXTEND
  0
LWPOLYLINE
  5
256
330
1F
100
AcDbEntity
  8
MP-23469-01
 62
     7
100
AcDbPolyline
 90
       25
 70
     1
 43
0.0
 10
2558.000000310109
 20
1622.000000099968
 10
2558.000000310284
 20
1722.000000099969
 10
2605.000000310284
 20
1722.000000099887
 42
0.4142135681261417
 10
2608.0000003103
 20
1725.000000099882
 10
2608.000000310321
 20
1737.000000099882
 10
2595.50000031031
 20
1737.000000099904
 42
-0.9999819155210206
 10
2595.500000310353
 20
1762.000000099905
 10
2608.000000310366
 20
1762.000000099883
 10
2608.000000310391
 20
1777.000000099883
 10
2595.50000031038
 20
1777.000000099905
 42
-0.9999794450450279
 10
2595.500000310424
 20
1802.000000099905
 10
2608.000000310435
 20
1802.000000099884
 10
2608.000000310499
 20
1839.000000099883
 42
0.4142135577939842
 10
2605.000000310493
 20
1842.000000099888
 10
2541.000000310493
 20
1842.0000001
 42
0.4142135546903792
 10
2538.000000310499
 20
1839.000000100005
 10
2538.000000310012
 20
1560.000000100005
 42
0.4142135616961446
 10
2541.000000309997
 20
1557.0000001
 10
2605.000000309997
 20
1557.000000099888
 42
0.4142135597617913
 10
2608.000000310012
 20
1560.000000099883
 10
2608.000000310072
 20
1594.000000099881
 42
0.414213559302011
 10
2605.000000310065
 20
1597.000000099886
 10
2583.000000310065
 20
1597.000000099924
 10
2583.000000310096
 20
1614.000000099926
 42
0.4142135625587403
 10
2575.000000310109
 20
1622.000000099939
  0
MTEXT
  5
257
330
1F
100
AcDbEntity
  8
Texto
 62
     7
100
AcDbMText
 10
2554.937215861629
 20
1828.72729342771
 30
0.0
 40
10.0
 41
124.9472600761692
 71
     1
 72
     5
  1
{\W0.78846; }mp-23469/01 pos.3
 11
-0.0000000000013644
 21
-1.0
 31
0.0
 73
     1
 44
1.0
1001
ACAD
1000
MTEXTBEGIN
1070
    73
1070
     1
1070
    44
1040
1.0
1070
    74
1070
     0
1000
MTEXTEND
  0
LWPOLYLINE
  5
258
330
1F
100
AcDbEntity
  8
MP-23469-01
 62
     7
100
AcDbPolyline
 90
       25
 70
     1
 43
0.0
 10
2693.00000031
 20
1822.0000001
 10
2793.000000310001
 20
1822.0000001
 10
2793.000000310001
 20
1775.0000001
 42
0.4142135733782518
 10
2796.000000310001
 20
1772.0000001
 10
2808.000000310001
 20
1772.0000001
 10
2808.000000310001
 20
1784.5000001
 42
-1.000013714447995
 10
2833.000000310001
 20
1784.5000001
 10
2833.000000310001
 20
1772.0000001
 10
2848.000000310002
 20
1772.0000001
 10
2848.000000310002
 20
1784.5000001
 42
-1.000009654321147
 10
2873.000000310003
 20
1784.5000001
 10
2873.000000310003
 20
1772.0000001
 10
2910.000000310001
 20
1772.0000001
 42
0.4142135697418546
 10
2913.000000310001
 20
1775.0000001
 10
2913.000000310001
 20
1839.0000001
 42
0.4142135723234567
 10
2910.000000310001
 20
1842.0000001
 10
2631.000000310001
 20
1842.0000001
 42
0.4142135693155278
 10
2628.000000310001
 20
1839.0000001
 10
2628.000000310001
 20
1775.0000001
 42
0.4142135667349692
 10
2631.000000310001
 20
1772.0000001
 10
2665.00000031
 20
1772.0000001
 42
0.4142135727841914
 10
2668.00000031
 20
1775.0000001
 10
2668.00000031
 20
1797.0000001
 10
2685.000000310001
 20
1797.0000001
 42
0.4142135623941144
 10
2693.00000031
 20
1805.000000099999
  0
MTEXT
  5
259
330
1F
100
AcDbEntity
  8
Texto
 62
     7
100
AcDbMText
 10
2899.727293637737
 20
1825.062784548852
 30
0.0
 40
10.0
 41
124.9472600761692
 71
     1
 72
     5
  1
{\W0.78846; }mp-23469/01 pos.3
 11
-1.0
 21
0.0000000000000001
 31
0.0
 73
     1
 44
1.0
1001
ACAD
1000
MTEXTBEGIN
1070
    73
1070
     1
1070
    44
1040
1.0
1070
    74
1070
     0
1000
MTEXTEND
  0
LWPOLYLINE
  5
25A
330
1F
100
AcDbEntity
  8
MP-23469-01
 62
     7
100
AcDbPolyline
 90
       25
 70
     1
 43
0.0
 10
2998.00000031
 20
1822.0000001
 10
3098.000000310001
 20
1822.0000001
 10
3098.000000310001
 20
1775.0000001
 42
0.4142135692730839
 10
3101.000000310001
 20
1772.0000001
 10
3113.000000310001
 20
1772.0000001
 10
3113.000000310001
 20
1784.5000001
 42
-0.9999819155210206
 10
3138.000000310001
 20
1784.5000001
 10
3138.000000310001
 20
1772.0000001
 10
3153.000000310001
 20
1772.0000001
 10
3153.000000310001
 20
1784.5000001
 42
-0.9999794450450279
 10
3178.000000310003
 20
1784.5000001
 10
3178.000000310003
 20
1772.0000001
 10
3215.000000310001
 20
1772.0000001
 42
0.4142135656378188
 10
3218.000000310001
 20
1775.0000001
 10
3218.000000310001
 20
1839.0000001
 42
0.4142135698062975
 10
3215.000000310001
 20
1842.0000001
 10
2936.000000310001
 20
1842.0000001
 42
0.4142135667980135
 10
2933.000000310002
 20
1839.0000001
 10
2933.000000310002
 20
1775.0000001
 42
0.4142135626299123
 10
2936.000000310001
 20
1772.0000001
 10
2970.00000031
 20
1772.0000001
 42
0.4142135554329713
 10
2973.00000031
 20
1775.0000001
 10
2973.00000031
 20
1797.0000001
 10
2990.000000310002
 20
1797.0000001
 42
0.4142135620719221
 10
2998.00000031
 20
1805.000000099999
  0
MTEXT
  5
25B
330
1F
100
AcDbEntity
  8
Texto
 62
     7
100
AcDbMText
 10
3204.727293637736
 20
1825.062784548848
 30
0.0
 40
10.0
 41
124.9472600761692
 71
     1
 72
     5
  1
{\W0.78846; }mp-23469/01 pos.3
 11
-1.0
 21
0.0000000000000001
 31
0.0
 73
     1
 44
1.0
1001
ACAD
1000
MTEXTBEGIN
1070
    73
1070
     1
1070
    44
1040
1.0
1070
    74
1070
     0
1000
MTEXTEND
  0
LWPOLYLINE
  5
25C
330
1F
100
AcDbEntity
  8
MP-23469-01
 62
     7
100
AcDbPolyline
 90
       25
 70
     1
 43
0.0
 10
3303.000000309999
 20
1822.0000001
 10
3403.00000031
 20
1822.0000001
 10
3403.00000031
 20
1775.0000001
 42
0.4142135595586284
 10
3406.00000031
 20
1772.0000001
 10
3418.00000031
 20
1772.0000001
 10
3418.00000031
 20
1784.5000001
 42
-0.9999774580075243
 10
3443.00000031
 20
1784.5000001
 10
3443.00000031
 20
1772.0000001
 10
3458.00000031
 20
1772.0000001
 10
3458.00000031
 20
1784.5000001
 42
-0.9999774580075243
 10
3483.00000031
 20
1784.5000001
 10
3483.00000031
 20
1772.0000001
 10
3520.00000031
 20
1772.0000001
 42
0.4142135538956643
 10
3523.00000031
 20
1775.0000001
 10
3523.00000031
 20
1839.0000001
 42
0.4142135728982042
 10
3520.00000031
 20
1842.0000001
 10
3241.00000031
 20
1842.0000001
 42
0.4142135719172197
 10
3238.00000031
 20
1839.0000001
 10
3238.00000031
 20
1775.0000001
 42
0.414213552915457
 10
3241.00000031
 20
1772.0000001
 10
3275.00000031
 20
1772.0000001
 42
0.4142135569368688
 10
3278.00000031
 20
1775.0000001
 10
3278.00000031
 20
1797.0000001
 10
3295.000000309999
 20
1797.0000001
 42
0.4142135639111678
 10
3303.000000309999
 20
1805.000000099999
  0
MTEXT
  5
25D
330
1F
100
AcDbEntity
  8
Texto
 62
     7
100
AcDbMText
 10
3509.727293637731
 20
1825.062784548848
 30
0.0
 40
10.0
 41
124.9472600761692
 71
     1
 72
     5
  1
{\W0.78846; }mp-23469/01 pos.3
 11
-1.0
 21
0.0000000000000001
 31
0.0
 73
     1
 44
1.0
1001
ACAD
1000
MTEXTBEGIN
1070
    73
1070
     1
1070
    44
1040
1.0
1070
    74
1070
     0
1000
MTEXTEND
  0
LWPOLYLINE
  5
25E
330
1F
100
AcDbEntity
  8
MP-23469-01
 62
     7
100
AcDbPolyline
 90
       25
 70
     1
 43
0.0
 10
3608.00000031
 20
1822.0000001
 10
3708.00000031
 20
1822.0000001
 10
3708.00000031
 20
1775.0000001
 42
0.4142135651675609
 10
3711.00000031
 20
1772.0000001
 10
3723.00000031
 20
1772.0000001
 10
3723.00000031
 20
1784.5000001
 42
-0.9999709798750336
 10
3748.000000310002
 20
1784.5000001
 10
3748.000000310002
 20
1772.0000001
 10
3763.000000310002
 20
1772.0000001
 10
3763.000000310002
 20
1784.5000001
 42
-0.999969388859936
 10
3788.000000310002
 20
1784.5000001
 10
3788.000000310002
 20
1772.0000001
 10
3825.000000310001
 20
1772.0000001
 42
0.41421356153254
 10
3828.000000310002
 20
1775.0000001
 10
3828.000000310002
 20
1839.0000001
 42
0.4142135672890274
 10
3825.000000310001
 20
1842.0000001
 10
3546.000000310002
 20
1842.0000001
 42
0.4142135642809655
 10
3543.000000310001
 20
1839.0000001
 10
3543.000000310001
 20
1775.0000001
 42
0.4142135585241008
 10
3546.000000310002
 20
1772.0000001
 10
3580.00000031
 20
1772.0000001
 42
0.4142135645733229
 10
3583.00000031
 20
1775.0000001
 10
3583.00000031
 20
1797.0000001
 10
3600.000000310001
 20
1797.0000001
 42
0.4142135636126419
 10
3608.00000031
 20
1805.000000099999
  0
MTEXT
  5
25F
330
1F
100
AcDbEntity
  8
Texto
 62
     7
100
AcDbMText
 10
3814.727293637736
 20
1825.062784548848
 30
0.0
 40
10.0
 41
124.9472600761692
 71
     1
 72
     5
  1
{\W0.78846; }mp-23469/01 pos.3
 11
-1.0
 21
0.0000000000000001
 31
0.0
 73
     1
 44
1.0
1001
ACAD
1000
MTEXTBEGIN
1070
    73
1070
     1
1070
    44
1040
1.0
1070
    74
1070
     0
1000
MTEXTEND
  0
LWPOLYLINE
  5
260
330
1F
100
AcDbEntity
  8
12502848
 62
     7
100
AcDbPolyline
 90
       24
 70
     1
 43
0.0
 10
4837.00000031
 20
1715.0000001
 10
4859.00000031
 20
1715.0000001
 42
0.4142135609962185
 10
4862.000000310001
 20
1718.000000100001
 10
4862.000000310001
 20
1723.0000001
 10
4842.000000310001
 20
1723.0000001
 10
4842.000000310001
 20
1736.0000001
 10
4822.00000031
 20
1736.0000001
 10
4822.00000031
 20
1749.0000001
 10
4807.000000310001
 20
1749.0000001
 10
4807.000000310001
 20
1765.0000001
 10
4792.00000031
 20
1765.0000001
 10
4792.00000031
 20
1781.0000001
 10
4782.00000031
 20
1781.0000001
 10
4782.00000031
 20
1807.000000100001
 10
4772.00000031
 20
1807.000000100001
 10
4772.00000031
 20
1827.000000100001
 10
4767.000000310001
 20
1827.000000100001
 10
4767.000000310001
 20
1842.0000001
 10
4750.00000031
 20
1842.0000001
 42
0.4142135691847107
 10
4747.00000031
 20
1839.0000001
 10
4747.00000031
 20
1732.000000099998
 10
4772.00000031
 20
1707.000000099998
 10
4834.00000031
 20
1707.000000099998
 42
0.4142135590610659
 10
4837.00000031
 20
1710.000000099998
  0
MTEXT
  5
261
330
1F
100
AcDbEntity
  8
Texto
 62
     7
100
AcDbMText
 10
4752.072979412957
 20
1732.000000099998
 30
0.0
 40
10.0
 41
110.0
 71
     1
 72
     5
  1
12502848 pos.4
 11
0.0000000000000001
 21
1.0
 31
0.0
 73
     1
 44
1.0
1001
ACAD
1000
MTEXTBEGIN
1070
    73
1070
     1
1070
    44
1040
1.0
1070
    74
1070
     0
1000
MTEXTEND
  0
LWPOLYLINE
  5
262
330
1F
100
AcDbEntity
  8
12502848
 62
     7
100
AcDbPolyline
 90
       24
 70
     1
 43
0.0
 10
4637.000000310015
 20
1834.000000100003
 10
4615.000000310015
 20
1834.000000100041
 42
0.4142135639936473
 10
4612.000000310009
 20
1831.000000100047
 10
4612.000000310001
 20
1826.000000100047
 10
4632.000000310001
 20
1826.000000100012
 10
4632.000000309978
 20
1813.000000100012
 10
4652.000000309977
 20
1813.000000099977
 10
4652.000000309956
 20
1800.000000099977
 10
4667.000000309956
 20
1800.000000099951
 10
4667.000000309927
 20
1784.000000099951
 10
4682.000000309927
 20
1784.000000099925
 10
4682.0000003099
 20
1768.000000099925
 10
4692.000000309899
 20
1768.000000099907
 10
4692.000000309854
 20
1742.000000099907
 10
4702.000000309854
 20
1742.00000009989
 10
4702.000000309818
 20
1722.00000009989
 10
4707.000000309818
 20
1722.000000099881
 10
4707.000000309793
 20
1707.000000099881
 10
4724.000000309794
 20
1707.000000099851
 42
0.4142135728096977
 10
4727.000000309799
 20
1710.000000099847
 10
4727.000000309985
 20
1817.000000099848
 10
4702.000000310029
 20
1842.000000099892
 10
4640.000000310029
 20
1842.0000001
 42
0.4142135554364785
 10
4637.000000310023
 20
1839.000000100005
  0
MTEXT
  5
263
330
1F
100
AcDbEntity
  8
Texto
 62
     7
100
AcDbMText
 10
4721.927021207026
 20
1817.000000099857
 30
0.0
 40
10.0
 41
110.0
 71
     1
 72
     5
  1
12502848 pos.4
 11
-0.0000000000018192
 21
-1.0
 31
0.0
 73
     1
 44
1.0
1001
ACAD
1000
MTEXTBEGIN
1070
    73
1070
     1
1070
    44
1040
1.0
1070
    74
1070
     0
1000
MTEXTEND
  0
LWPOLYLINE
  5
264
330
1F
100
AcDbEntity
  8
12502848
 62
     7
100
AcDbPolyline
 90
       24
 70
     1
 43
0.0
 10
4657.00000031
 20
1715.0000001
 10
4679.00000031
 20
1715.0000001
 42
0.4142135710124881
 10
4682.000000309989
 20
1718.000000100001
 10
4682.000000309989
 20
1723.000000100002
 10
4662.00000031
 20
1723.000000100002
 10
4662.00000031
 20
1736.0000001
 10
4642.000000309989
 20
1736.0000001
 10
4642.000000309989
 20
1749.0000001
 10
4627.00000030999
 20
1749.0000001
 10
4627.00000030999
 20
1765.0000001
 10
4612.000000309989
 20
1765.0000001
 10
4612.000000309989
 20
1781.0000001
 10
4602.000000309989
 20
1781.0000001
 10
4602.000000309989
 20
1807.000000100001
 10
4592.00000031
 20
1807.000000100001
 10
4592.00000031
 20
1827.000000100001
 10
4587.000000309989
 20
1827.000000100001
 10
4587.000000309989
 20
1842.0000001
 10
4570.000000309989
 20
1842.0000001
 42
0.4142135579059991
 10
4567.000000310001
 20
1839.0000001
 10
4567.000000310001
 20
1732.000000100002
 10
4592.00000031
 20
1707.000000100002
 10
4654.00000030999
 20
1707.000000100002
 42
0.4142135734271778
 10
4657.00000031
 20
1710.000000100002
  0
MTEXT
  5
265
330
1F
100
AcDbEntity
  8
Texto
 62
     7
100
AcDbMText
 10
4572.072979413071
 20
1732.000000100002
 30
0.0
 40
10.0
 41
110.0
 71
     1
 72
     5
  1
12502848 pos.4
 11
0.0000000000000001
 21
1.0
 31
0.0
 73
     1
 44
1.0
1001
ACAD
1000
MTEXTBEGIN
1070
    73
1070
     1
1070
    44
1040
1.0
1070
    74
1070
     0
1000
MTEXTEND
  0
LWPOLYLINE
  5
266
330
1F
100
AcDbEntity
  8
12502848
 62
     7
100
AcDbPolyline
 90
       24
 70
     1
 43
0.0
 10
4457.000000310016
 20
1834.000000100003
 10
4435.000000310015
 20
1834.000000100041
 42
0.4142135714019872
 10
4432.00000031002
 20
1831.000000100047
 10
4432.000000310011
 20
1826.000000100047
 10
4452.000000310001
 20
1826.000000100012
 10
4452.000000309978
 20
1813.000000100012
 10
4472.000000309989
 20
1813.000000099977
 10
4472.000000309967
 20
1800.000000099977
 10
4487.000000309967
 20
1800.000000099951
 10
4487.000000309938
 20
1784.000000099951
 10
4502.000000309938
 20
1784.000000099925
 10
4502.000000309911
 20
1768.000000099925
 10
4512.000000309911
 20
1768.000000099907
 10
4512.000000309866
 20
1742.000000099907
 10
4522.000000309854
 20
1742.00000009989
 10
4522.000000309819
 20
1722.00000009989
 10
4527.000000309829
 20
1722.000000099881
 10
4527.000000309805
 20
1707.000000099881
 10
4544.000000309805
 20
1707.000000099851
 42
0.41421355745996
 10
4547.000000309799
 20
1710.000000099847
 10
4547.000000309986
 20
1817.000000099848
 10
4522.000000310029
 20
1842.000000099892
 10
4460.000000310039
 20
1842.0000001
 42
0.4142135739867637
 10
4457.000000310023
 20
1839.000000100005
  0
MTEXT
  5
267
330
1F
100
AcDbEntity
  8
Texto
 62
     7
100
AcDbMText
 10
4541.927021206914
 20
1817.000000099857
 30
0.0
 40
10.0
 41
110.0
 71
     1
 72
     5
  1
12502848 pos.4
 11
-0.0000000000018192
 21
-1.0
 31
0.0
 73
     1
 44
1.0
1001
ACAD
1000
MTEXTBEGIN
1070
    73
1070
     1
1070
    44
1040
1.0
1070
    74
1070
     0
1000
MTEXTEND
  0
LWPOLYLINE
  5
268
330
1F
100
AcDbEntity
  8
13707814
 62
     2
100
AcDbPolyline
 90
        8
 70
     1
 43
0.0
 10
2628.00000031
 20
1671.6366971
 10
2628.00000031
 20
1372.6366971
 42
0.4142135623854287
 10
2708.00000031
 20
1292.6366971
 10
3580.000000310001
 20
1292.6366971
 42
0.4142135623879968
 10
3660.00000031
 20
1372.6366971
 10
3660.00000031
 20
1671.6366971
 42
0.4142135623705186
 10
3580.000000310001
 20
1751.6366971
 10
2708.00000031
 20
1751.6366971
 42
0.4142135623678539
  0
CIRCLE
  5
269
330
1F
100
AcDbEntity
  8
13707814
 62
     2
100
AcDbCircle
 10
2888.000000309999
 20
1522.1366971
 30
0.0
 40
30.5
  0
CIRCLE
  5
26A
330
1F
100
AcDbEntity
  8
13707814
 62
     2
100
AcDbCircle
 10
3403.00000031
 20
1522.1366971
 30
0.0
 40
30.5
  0
LWPOLYLINE
  5
26B
330
1F
100
AcDbEntity
  8
13707814
 62
     2
100
AcDbPolyline
 90
        4
 70
     1
 43
0.0
 10
3223.00000031
 20
1321.636697099989
 10
3223.00000031
 20
1341.6366971
 42
1.000016253538826
 10
3197.00000031
 20
1341.6366971
 10
3197.00000031
 20
1321.636697099989
 42
0.9999836951552302
  0
LWPOLYLINE
  5
26C
330
1F
100
AcDbEntity
  8
13707814
 62
     2
100
AcDbPolyline
 90
        4
 70
     1
 43
0.0
 10
2710.00000031
 20
1702.636697099989
 10
2710.00000031
 20
1722.6366971
 42
0.9999789993879369
 10
2684.00000031
 20
1722.6366971
 10
2684.00000031
 20
1702.636697099989
 42
1.000020961037937
  0
LWPOLYLINE
  5
26D
330
1F
100
AcDbEntity
  8
13707814
 62
     2
100
AcDbPolyline
 90
        4
 70
     1
 43
0.0
 10
3604.00000031
 20
1702.636697099989
 10
3604.00000031
 20
1722.6366971
 42
0.9999790143840527
 10
3578.000000309999
 20
1722.6366971
 10
3578.000000309999
 20
1702.636697099989
 42
1.000020949352451
  0
LWPOLYLINE
  5
26E
330
1F
100
AcDbEntity
  8
13707814
 62
     2
100
AcDbPolyline
 90
        4
 70
     1
 43
0.0
 10
3200.00000031
 20
1699.6366971
 10
3220.00000031
 20
1699.6366971
 42
0.9999791004021027
 10
3220.00000031
 20
1725.6366971
 10
3200.00000031
 20
1725.6366971
 42
0.9999836116999178
  0
LWPOLYLINE
  5
26F
330
1F
100
AcDbEntity
  8
13707814
 62
     2
100
AcDbPolyline
 90
        4
 70
     1
 43
0.0
 10
3581.000000309999
 20
1318.6366971
 10
3601.00000031
 20
1318.6366971
 42
0.9999791012389604
 10
3601.00000031
 20
1344.6366971
 10
3581.000000309999
 20
1344.6366971
 42
0.9999836116999178
  0
LWPOLYLINE
  5
270
330
1F
100
AcDbEntity
  8
13707814
 62
     2
100
AcDbPolyline
 90
        4
 70
     1
 43
0.0
 10
2687.00000031
 20
1318.6366971
 10
2707.00000031
 20
1318.6366971
 42
0.9999791004021027
 10
2707.00000031
 20
1344.6366971
 10
2687.00000031
 20
1344.6366971
 42
0.9999836116999178
  0
MTEXT
  5
271
102
{ACAD_XDICTIONARY
360
74A
102
}
330
1F
100
AcDbEntity
  8
Texto
 62
     2
100
AcDbMText
 10
3095.240774197977
 20
1322.669833361161
 30
0.0
 40
10.0
 41
518.3747932201185
 71
     1
 72
     5
  1
\pt10;13707814 pos.1
 73
     1
 44
1.0
1001
ACAD
1000
MTEXTBEGIN
1070
    73
1070
     1
1070
    44
1040
1.0
1070
    74
1070
     0
1000
MTEXTEND
  0
LWPOLYLINE
  5
272
330
1F
100
AcDbEntity
  8
13707331
 62
     2
100
AcDbPolyline
 90
       20
 70
     1
 43
0.0
 10
3861.881259312106
 20
1841.627154099998
 42
0.5322787839967383
 10
3855.000000370839
 20
1836.994566832015
 10
3855.000000370682
 20
1747.358866765998
 10
3685.000000370683
 20
1747.358866766294
 42
0.4142135620856259
 10
3680.000000370675
 20
1742.358866766303
 10
3680.000000370229
 20
1486.606238495643
 42
0.3322129762286783
 10
3683.580645531439
 20
1481.811926048389
 42
-0.2922405264579539
 10
3898.769441807469
 20
1233.633060314307
 42
0.3721618175742611
 10
3903.716481831089
 20
1229.358866765912
 10
3952.000000369778
 20
1229.358866765829
 42
-0.9999973026053339
 10
3952.00000036964
 20
1149.358866765828
 10
3903.716481830949
 20
1149.358866765913
 42
0.3721618210261121
 10
3898.769441807313
 20
1145.084673217535
 42
-0.2922405264580141
 10
3683.580645530418
 20
896.9058074842051
 42
0.3322129754593631
 10
3680.000000369191
 20
892.1114950369634
 10
3680.000000368744
 20
636.358866766303
 42
0.4142135592930671
 10
3685.000000368737
 20
631.3588667662944
 10
3855.000000368736
 20
631.3588667659976
 10
3855.000000368579
 20
541.7231666999803
 42
0.5322787846699854
 10
3861.88125930983
 20
537.0905794319731
 42
0.6732179834365486
  0
LINE
  5
273
330
1F
100
AcDbEntity
  8
Chanfro
 62
     2
100
AcDbLine
 10
3940.000000368726
 20
626.3588667658492
 30
0.0
 11
3850.000000368737
 21
626.3588667660063
 31
0.0
  0
LINE
  5
274
330
1F
100
AcDbEntity
  8
Chanfro
 62
     2
100
AcDbLine
 10
3940.000000368709
 20
616.3588667658492
 30
0.0
 11
3850.00000036872
 21
616.3588667660063
 31
0.0
  0
LINE
  5
275
330
1F
100
AcDbEntity
  8
Chanfro
 62
     2
100
AcDbLine
 10
3940.000000368692
 20
606.3588667658493
 30
0.0
 11
3850.000000368703
 21
606.3588667660063
 31
0.0
  0
LINE
  5
276
330
1F
100
AcDbEntity
  8
Chanfro
 62
     2
100
AcDbLine
 10
3940.000000368674
 20
596.3588667658492
 30
0.0
 11
3850.000000368686
 21
596.3588667660063
 31
0.0
  0
LINE
  5
277
330
1F
100
AcDbEntity
  8
Chanfro
 62
     2
100
AcDbLine
 10
3940.000000368657
 20
586.3588667658492
 30
0.0
 11
3850.000000368669
 21
586.3588667660064
 31
0.0
  0
LINE
  5
278
330
1F
100
AcDbEntity
  8
Chanfro
 62
     2
100
AcDbLine
 10
3940.00000036864
 20
576.3588667658492
 30
0.0
 11
3850.00000036865
 21
576.3588667660063
 31
0.0
  0
LINE
  5
279
330
1F
100
AcDbEntity
  8
Chanfro
 62
     2
100
AcDbLine
 10
3940.000000368641
 20
577.3588667658493
 30
0.0
 11
3850.000000368583
 21
537.3588667660063
 31
0.0
  0
LINE
  5
27A
330
1F
100
AcDbEntity
  8
Chanfro
 62
     2
100
AcDbLine
 10
3940.000000368659
 20
587.3588667658492
 30
0.0
 11
3850.000000368601
 21
547.3588667660063
 31
0.0
  0
LINE
  5
27B
330
1F
100
AcDbEntity
  8
Chanfro
 62
     2
100
AcDbLine
 10
3940.000000368677
 20
597.3588667658492
 30
0.0
 11
3850.000000368617
 21
557.3588667660064
 31
0.0
  0
LINE
  5
27C
330
1F
100
AcDbEntity
  8
Chanfro
 62
     2
100
AcDbLine
 10
3940.000000368693
 20
607.3588667658492
 30
0.0
 11
3850.000000368634
 21
567.3588667660063
 31
0.0
  0
LINE
  5
27D
330
1F
100
AcDbEntity
  8
Chanfro
 62
     2
100
AcDbLine
 10
3940.000000370692
 20
1752.35886676585
 30
0.0
 11
3850.000000370704
 21
1752.358866766006
 31
0.0
  0
LINE
  5
27E
330
1F
100
AcDbEntity
  8
Chanfro
 62
     2
100
AcDbLine
 10
3940.000000370709
 20
1762.358866765849
 30
0.0
 11
3850.00000037072
 21
1762.358866766007
 31
0.0
  0
LINE
  5
27F
330
1F
100
AcDbEntity
  8
Chanfro
 62
     2
100
AcDbLine
 10
3940.000000370726
 20
1772.35886676585
 30
0.0
 11
3850.000000370738
 21
1772.358866766007
 31
0.0
  0
LINE
  5
280
330
1F
100
AcDbEntity
  8
Chanfro
 62
     2
100
AcDbLine
 10
3940.000000370744
 20
1782.358866765849
 30
0.0
 11
3850.000000370755
 21
1782.358866766006
 31
0.0
  0
LINE
  5
281
330
1F
100
AcDbEntity
  8
Chanfro
 62
     2
100
AcDbLine
 10
3940.000000370762
 20
1792.358866765849
 30
0.0
 11
3850.000000370773
 21
1792.358866766006
 31
0.0
  0
LINE
  5
282
330
1F
100
AcDbEntity
  8
Chanfro
 62
     2
100
AcDbLine
 10
3940.000000370779
 20
1802.358866765849
 30
0.0
 11
3850.00000037079
 21
1802.358866766006
 31
0.0
  0
LINE
  5
283
330
1F
100
AcDbEntity
  8
Chanfro
 62
     2
100
AcDbLine
 10
3940.000000370777
 20
1801.358866765849
 30
0.0
 11
3850.000000370857
 21
1841.358866766006
 31
0.0
  0
LINE
  5
284
330
1F
100
AcDbEntity
  8
Chanfro
 62
     2
100
AcDbLine
 10
3940.000000370761
 20
1791.35886676585
 30
0.0
 11
3850.000000370841
 21
1831.358866766007
 31
0.0
  0
LINE
  5
285
330
1F
100
AcDbEntity
  8
Chanfro
 62
     2
100
AcDbLine
 10
3940.000000370743
 20
1781.35886676585
 30
0.0
 11
3850.000000370823
 21
1821.358866766006
 31
0.0
  0
LINE
  5
286
330
1F
100
AcDbEntity
  8
Chanfro
 62
     2
100
AcDbLine
 10
3940.000000370725
 20
1771.358866765849
 30
0.0
 11
3850.000000370806
 21
1811.358866766006
 31
0.0
  0
MTEXT
  5
287
330
1F
100
AcDbEntity
  8
Chanfro
 62
     2
100
AcDbMText
 10
3927.730009377501
 20
622.412592610753
 30
0.0
 40
10.0
 41
67.44671640486922
 71
     1
 72
     5
  1
ch 0+40
 11
-0.0000000000018192
 21
-1.0
 31
0.0
 73
     1
 44
1.0
1001
ACAD
1000
MTEXTBEGIN
1070
    73
1070
     1
1070
    44
1040
1.0
1070
    74
1070
     0
1000
MTEXTEND
  0
MTEXT
  5
288
330
1F
100
AcDbEntity
  8
Chanfro
 62
     2
100
AcDbMText
 10
3927.73000937948
 20
1756.305140920989
 30
0.0
 40
10.0
 41
67.44671640486922
 71
     3
 72
     5
  1
ch 0+40
 11
-0.0000000000018192
 21
-1.0
 31
0.0
 73
     1
 44
1.0
1001
ACAD
1000
MTEXTBEGIN
1070
    73
1070
     1
1070
    44
1040
1.0
1070
    74
1070
     0
1000
MTEXTEND
  0
MTEXT
  5
289
330
1F
100
AcDbEntity
  8
Texto
 62
     2
100
AcDbMText
 10
4125.543746236357
 20
1398.985095308888
 30
0.0
 40
20.0
 41
377.4612673904412
 71
     1
 72
     5
  1
13707331
 11
-0.0000000000018192
 21
-1.0
 31
0.0
 73
     1
 44
1.0
1001
ACAD
1000
MTEXTBEGIN
1070
    73
1070
     1
1070
    44
1040
1.0
1070
    74
1070
     0
1000
MTEXTEND
  0
LWPOLYLINE
  5
28A
330
1F
100
AcDbEntity
  8
13707814
 62
     3
100
AcDbPolyline
 90
        8
 70
     1
 43
0.0
 10
2538.000000309999
 20
1191.9030641
 10
2538.000000309999
 20
892.9030640999998
 42
0.4142135623757186
 10
2618.000000309999
 20
812.9030640999998
 10
3430.000000309999
 20
812.9030641000001
 42
0.4142135623824398
 10
3510.000000310001
 20
892.9030641000002
 10
3510.000000310001
 20
1191.9030641
 42
0.4142135623810325
 10
3430.000000309999
 20
1271.9030641
 10
2618.000000309999
 20
1271.9030641
 42
0.4142135623743572
  0
LWPOLYLINE
  5
28B
330
1F
100
AcDbEntity
  8
13707814
 62
     3
100
AcDbPolyline
 90
        4
 70
     1
 43
0.0
 10
3413.000000310001
 20
1223.9030641
 42
1.000025422772418
 10
3413.000000310001
 20
1249.9030641
 10
3388.000000309999
 20
1249.9030641
 42
1.000007684246751
 10
3388.000000309999
 20
1223.9030641
  0
LWPOLYLINE
  5
28C
330
1F
100
AcDbEntity
  8
13707814
 62
     3
100
AcDbPolyline
 90
        4
 70
     1
 43
0.0
 10
2960.000000310001
 20
1223.9030641
 42
1.000025422772418
 10
2960.000000310001
 20
1249.9030641
 10
2935.000000309999
 20
1249.9030641
 42
1.000007684246751
 10
2935.000000309999
 20
1223.9030641
  0
CIRCLE
  5
28D
330
1F
100
AcDbEntity
  8
13707814
 62
     3
100
AcDbCircle
 10
3280.000000310001
 20
1031.9030641
 30
0.0
 40
30.5
  0
CIRCLE
  5
28E
330
1F
100
AcDbEntity
  8
13707814
 62
     3
100
AcDbCircle
 10
2767.00000031
 20
1031.9030641
 30
0.0
 40
30.5
  0
MTEXT
  5
28F
330
1F
100
AcDbEntity
  8
Rebaixo
 62
     3
100
AcDbMText
 10
3041.219256846797
 20
1053.134116714628
 30
0.0
 40
10.0
 41
125.2462756173736
 71
     3
 72
     5
  1
reb 10
 73
     1
 44
1.0
1001
ACAD
1000
MTEXTBEGIN
1070
    73
1070
     1
1070
    44
1040
1.0
1070
    74
1070
     0
1000
MTEXTEND
  0
MTEXT
  5
290
102
{ACAD_XDICTIONARY
360
74C
102
}
330
1F
100
AcDbEntity
  8
Texto
 62
     3
100
AcDbMText
 10
2832.236764797388
 20
898.7343217758869
 30
0.0
 40
10.0
 41
518.3747932201185
 71
     1
 72
     5
  1
\pt10;13707814 pos.2
 73
     1
 44
1.0
1001
ACAD
1000
MTEXTBEGIN
1070
    73
1070
     1
1070
    44
1040
1.0
1070
    74
1070
     0
1000
MTEXTEND
  0
LWPOLYLINE
  5
291
330
1F
100
AcDbEntity
  8
13707814
 62
     2
100
AcDbPolyline
 90
        8
 70
     1
 43
0.0
 10
2538.000000309999
 20
712.1694311000001
 10
2538.000000309999
 20
413.1694311
 42
0.4142135623859483
 10
2618.000000309999
 20
333.1694311000001
 10
3430.00000031
 20
333.1694311000004
 42
0.4142135623802248
 10
3510.000000310001
 20
413.1694311000003
 10
3510.000000310001
 20
712.1694311000003
 42
0.4142135623709402
 10
3430.00000031
 20
792.1694311000001
 10
2618.000000309999
 20
792.1694311000001
 42
0.4142135623766775
  0
LWPOLYLINE
  5
292
330
1F
100
AcDbEntity
  8
13707814
 62
     2
100
AcDbPolyline
 90
        4
 70
     1
 43
0.0
 10
3413.000000310001
 20
744.1694311
 42
0.9999900293542991
 10
3413.000000310001
 20
770.169431100011
 10
3388.000000310001
 20
770.169431100011
 42
1.000018628303013
 10
3388.000000310001
 20
744.1694311
  0
LWPOLYLINE
  5
293
330
1F
100
AcDbEntity
  8
13707814
 62
     2
100
AcDbPolyline
 90
        4
 70
     1
 43
0.0
 10
2960.000000310001
 20
744.1694311
 42
0.9999910381553979
 10
2960.000000310001
 20
770.169431100011
 10
2935.000000309999
 20
770.169431100011
 42
1.000017558164384
 10
2935.000000309999
 20
744.1694311
  0
CIRCLE
  5
294
330
1F
100
AcDbEntity
  8
13707814
 62
     2
100
AcDbCircle
 10
3280.000000310001
 20
552.1694311
 30
0.0
 40
30.5
  0
CIRCLE
  5
295
330
1F
100
AcDbEntity
  8
13707814
 62
     2
100
AcDbCircle
 10
2767.00000031
 20
552.1694311
 30
0.0
 40
30.5
  0
MTEXT
  5
296
102
{ACAD_XDICTIONARY
360
74E
102
}
330
1F
100
AcDbEntity
  8
Texto
 62
     2
100
AcDbMText
 10
2960.247354706553
 20
419.000688775891
 30
0.0
 40
10.0
 41
518.3747932201185
 71
     1
 72
     5
  1
\pt10;13707814 pos.2
 73
     1
 44
1.0
1001
ACAD
1000
MTEXTBEGIN
1070
    73
1070
     1
1070
    44
1040
1.0
1070
    74
1070
     0
1000
MTEXTEND
  0
LWPOLYLINE
  5
297
330
1F
100
AcDbEntity
  8
13707331
 62
     2
100
AcDbPolyline
 90
       17
 70
     1
 43
0.0
 10
3732.02615631
 20
284.7086210999998
 10
3732.02615631
 20
24.70862109999982
 42
0.4142135642176424
 10
3737.02615631
 20
19.70862109999982
 10
3996.536803862601
 20
19.70862109999988
 42
-0.2955598676233669
 10
4245.751962761612
 20
238.4780625376819
 42
0.3721618199252024
 10
4250.02615631
 20
243.4251025613097
 10
4250.02615631
 20
291.7086211
 42
-1.000003862094084
 10
4330.02615631
 20
291.7086211
 10
4330.02615631
 20
243.4251025613097
 42
0.3721618233768491
 10
4334.300349858386
 20
238.4780625376819
 42
-0.2922405264580548
 10
4582.479215592092
 20
23.28926626133168
 42
0.3322129766344952
 10
4587.273528039339
 20
19.70862110000005
 10
4843.02615631
 20
19.70862110000012
 42
0.4142135614247767
 10
4848.02615631
 20
24.70862110000012
 10
4848.02615631
 20
284.7086211000002
 10
4902.00001196071
 20
284.7086211000002
 42
0.5817241973863588
 10
3678.052300659285
 20
284.7086210999998
  0
LINE
  5
298
330
1F
100
AcDbEntity
  8
Chanfro
 62
     2
100
AcDbLine
 10
4853.026156310001
 20
357.7086211000111
 30
0.0
 11
4853.026156310001
 21
279.7086211000001
 31
0.0
  0
LINE
  5
299
330
1F
100
AcDbEntity
  8
Chanfro
 62
     2
100
AcDbLine
 10
4863.026156310001
 20
357.7086211000111
 30
0.0
 11
4863.026156310001
 21
279.7086211000001
 31
0.0
  0
LINE
  5
29A
330
1F
100
AcDbEntity
  8
Chanfro
 62
     2
100
AcDbLine
 10
4873.02615631
 20
357.7086211000112
 30
0.0
 11
4873.02615631
 21
279.7086211000001
 31
0.0
  0
LINE
  5
29B
330
1F
100
AcDbEntity
  8
Chanfro
 62
     2
100
AcDbLine
 10
4862.02615631
 20
357.7086211000111
 30
0.0
 11
4892.02615631
 21
279.7086211000001
 31
0.0
  0
LINE
  5
29C
330
1F
100
AcDbEntity
  8
Chanfro
 62
     2
100
AcDbLine
 10
4852.02615631
 20
357.7086211000111
 30
0.0
 11
4882.026156310001
 21
279.7086211000001
 31
0.0
  0
LINE
  5
29D
330
1F
100
AcDbEntity
  8
Chanfro
 62
     2
100
AcDbLine
 10
3727.02615631
 20
357.7086211000108
 30
0.0
 11
3727.02615631
 21
279.7086210999998
 31
0.0
  0
LINE
  5
29E
330
1F
100
AcDbEntity
  8
Chanfro
 62
     2
100
AcDbLine
 10
3717.02615631
 20
357.7086211000108
 30
0.0
 11
3717.02615631
 21
279.7086210999998
 31
0.0
  0
LINE
  5
29F
330
1F
100
AcDbEntity
  8
Chanfro
 62
     2
100
AcDbLine
 10
3707.02615631
 20
357.7086211000108
 30
0.0
 11
3707.02615631
 21
279.7086210999998
 31
0.0
  0
LINE
  5
2A0
330
1F
100
AcDbEntity
  8
Chanfro
 62
     2
100
AcDbLine
 10
3718.02615631
 20
357.7086211000108
 30
0.0
 11
3688.02615631
 21
279.7086210999998
 31
0.0
  0
LINE
  5
2A1
330
1F
100
AcDbEntity
  8
Chanfro
 62
     2
100
AcDbLine
 10
3728.02615631
 20
357.7086211000108
 30
0.0
 11
3698.02615631
 21
279.7086210999998
 31
0.0
  0
MTEXT
  5
2A2
330
1F
100
AcDbEntity
  8
Chanfro
 62
     2
100
AcDbMText
 10
4841.041979983441
 20
301.7789222687221
 30
0.0
 40
10.0
 41
67.44671640486922
 71
     1
 72
     5
  1
ch 0+35
 73
     1
 44
1.0
1001
ACAD
1000
MTEXTBEGIN
1070
    73
1070
     1
1070
    44
1040
1.0
1070
    74
1070
     0
1000
MTEXTEND
  0
MTEXT
  5
2A3
330
1F
100
AcDbEntity
  8
Chanfro
 62
     2
100
AcDbMText
 10
3739.010332636558
 20
301.7789222687217
 30
0.0
 40
10.0
 41
67.44671640486922
 71
     3
 72
     5
  1
ch 0+35
 73
     1
 44
1.0
1001
ACAD
1000
MTEXTBEGIN
1070
    73
1070
     1
1070
    44
1040
1.0
1070
    74
1070
     0
1000
MTEXTEND
  0
MTEXT
  5
2A4
330
1F
100
AcDbEntity
  8
Texto
 62
     2
100
AcDbMText
 10
4080.399927766637
 20
454.3855954585099
 30
0.0
 40
20.0
 41
377.4612673904412
 71
     1
 72
     5
  1
13707331
 73
     1
 44
1.0
1001
ACAD
1000
MTEXTBEGIN
1070
    73
1070
     1
1070
    44
1040
1.0
1070
    74
1070
     0
1000
MTEXTEND
  0
LWPOLYLINE
  5
2A5
330
1F
100
AcDbEntity
  8
13707814
 62
     3
100
AcDbPolyline
 90
        8
 70
     1
 43
0.0
 10
4401.00000031
 20
654.9865291000001
 10
4700.000000310001
 20
654.9865291000001
 42
0.4142135623751587
 10
4780.00000031
 20
734.9865291000001
 10
4780.00000031
 20
1606.986529100001
 42
0.4142135623724242
 10
4700.000000310001
 20
1686.986529100001
 10
4401.00000031
 20
1686.986529100001
 42
0.4142135623629299
 10
4321.00000031
 20
1606.986529100001
 10
4321.00000031
 20
734.9865291000001
 42
0.4142135623656501
  0
CIRCLE
  5
2A6
330
1F
100
AcDbEntity
  8
13707814
 62
     3
100
AcDbCircle
 10
4550.50000031
 20
914.9865291000011
 30
0.0
 40
30.5
  0
CIRCLE
  5
2A7
330
1F
100
AcDbEntity
  8
13707814
 62
     3
100
AcDbCircle
 10
4550.50000031
 20
1429.9865291
 30
0.0
 40
30.5
  0
LWPOLYLINE
  5
2A8
330
1F
100
AcDbEntity
  8
13707814
 62
     3
100
AcDbPolyline
 90
        4
 70
     1
 43
0.0
 10
4751.00000031
 20
1249.986529100001
 10
4731.00000031
 20
1249.986529100001
 42
1.000028879590165
 10
4731.00000031
 20
1223.9865291
 10
4751.00000031
 20
1223.9865291
 42
0.9999722907572014
  0
LWPOLYLINE
  5
2A9
330
1F
100
AcDbEntity
  8
13707814
 62
     3
100
AcDbPolyline
 90
        4
 70
     1
 43
0.0
 10
4370.00000031
 20
736.9865291000011
 10
4350.00000031
 20
736.9865291000011
 42
1.000009783034469
 10
4350.00000031
 20
710.9865291000011
 10
4370.00000031
 20
710.9865291000011
 42
0.9999902170612378
  0
LWPOLYLINE
  5
2AA
330
1F
100
AcDbEntity
  8
13707814
 62
     3
100
AcDbPolyline
 90
        4
 70
     1
 43
0.0
 10
4370.00000031
 20
1630.9865291
 10
4350.00000031
 20
1630.9865291
 42
0.9999760355020812
 10
4350.00000031
 20
1604.986529100001
 10
4370.00000031
 20
1604.986529100001
 42
0.9999922208029113
  0
LWPOLYLINE
  5
2AB
330
1F
100
AcDbEntity
  8
13707814
 62
     3
100
AcDbPolyline
 90
        4
 70
     1
 43
0.0
 10
4373.00000031
 20
1226.9865291
 10
4373.00000031
 20
1246.9865291
 42
1.000017137732076
 10
4347.00000031
 20
1246.9865291
 10
4347.00000031
 20
1226.9865291
 42
0.9999828625616199
  0
LWPOLYLINE
  5
2AC
330
1F
100
AcDbEntity
  8
13707814
 62
     3
100
AcDbPolyline
 90
        4
 70
     1
 43
0.0
 10
4754.00000031
 20
1607.986529099999
 10
4754.00000031
 20
1627.986529100001
 42
0.9999923158122957
 10
4728.00000031
 20
1627.986529100001
 10
4728.00000031
 20
1607.986529099999
 42
0.9999745723707219
  0
LWPOLYLINE
  5
2AD
330
1F
100
AcDbEntity
  8
13707814
 62
     3
100
AcDbPolyline
 90
        4
 70
     1
 43
0.0
 10
4754.00000031
 20
713.9865291000011
 10
4754.00000031
 20
733.9865291000011
 42
0.9999923067132211
 10
4728.00000031
 20
733.9865291000011
 10
4728.00000031
 20
713.9865291000011
 42
0.9999745778738734
  0
MTEXT
  5
2AE
330
1F
100
AcDbEntity
  8
Rebaixo
 62
     3
100
AcDbMText
 10
4544.279421654518
 20
1187.621926294751
 30
0.0
 40
10.0
 41
125.2462756173736
 71
     3
 72
     5
  1
reb 10
 11
0.0000000000000001
 21
1.0
 31
0.0
 73
     1
 44
1.0
1001
ACAD
1000
MTEXTBEGIN
1070
    73
1070
     1
1070
    44
1040
1.0
1070
    74
1070
     0
1000
MTEXTEND
  0
MTEXT
  5
2AF
102
{ACAD_XDICTIONARY
360
750
102
}
330
1F
100
AcDbEntity
  8
Texto
 62
     3
100
AcDbMText
 10
4749.966864048838
 20
994.2167130788124
 30
0.0
 40
10.0
 41
518.3747932201185
 71
     1
 72
     5
  1
\pt10;13707814 pos.1
 11
0.0000000000000001
 21
1.0
 31
0.0
 73
     1
 44
1.0
1001
ACAD
1000
MTEXTBEGIN
1070
    73
1070
     1
1070
    44
1040
1.0
1070
    74
1070
     0
1000
MTEXTEND
  0
LWPOLYLINE
  5
2B0
330
1F
100
AcDbEntity
  8
13797888
 62
     2
100
AcDbPolyline
 90
       25
 70
     1
 43
0.0
 10
4060.693100309999
 20
1772.0000001
 10
4074.693100309999
 20
1772.0000001
 10
4074.693100309999
 20
1762.0000001
 10
4085.693100309998
 20
1762.0000001
 10
4085.693100309998
 20
1742.0000001
 10
4103.693100309999
 20
1742.0000001
 10
4103.693100309999
 20
1722.0000001
 10
4118.693100309999
 20
1722.0000001
 10
4118.693100309999
 20
1702.0000001
 10
4130.69310031
 20
1702.0000001
 10
4130.69310031
 20
1682.0000001
 10
4153.693100309999
 20
1682.0000001
 42
0.4142135588762392
 10
4156.69310031
 20
1685.0000001
 10
4156.69310031
 20
1839.0000001
 42
0.4142135550555261
 10
4153.693100309999
 20
1842.0000001
 10
3970.693100310001
 20
1842.0000001
 42
0.4142135685997518
 10
3967.69310031
 20
1839.0000001
 10
3967.69310031
 20
1812.0000001
 10
4003.693100309998
 20
1812.0000001
 10
4003.693100309998
 20
1802.0000001
 10
4027.693100309998
 20
1802.0000001
 10
4027.693100309998
 20
1792.0000001
 10
4045.693100309999
 20
1792.0000001
 10
4045.693100309999
 20
1782.0000001
 10
4060.693100309999
 20
1782.0000001
  0
MTEXT
  5
2B1
330
1F
100
AcDbEntity
  8
Texto
 62
     2
100
AcDbMText
 10
4131.542295061854
 20
1800.207576650081
 30
0.0
 40
10.0
 41
79.46609597482529
 71
     1
 72
     5
  1
13797888 pos.1
 11
-1.0
 21
0.0000000000000001
 31
0.0
 73
     1
 44
1.0
1001
ACAD
1000
MTEXTBEGIN
1070
    73
1070
     1
1070
    44
1040
1.0
1070
    74
1070
     0
1000
MTEXTEND
  0
LWPOLYLINE
  5
2B2
330
1F
100
AcDbEntity
  8
13376364v01
 62
     2
100
AcDbPolyline
 90
       12
 70
     1
 43
0.0
 10
4800.000000310062
 20
1300.442296100091
 10
4800.000000310001
 20
1266.442296100091
 42
0.4142135580986619
 10
4803.000000310007
 20
1263.442296100085
 10
4887.000000310006
 20
1263.442296099939
 42
0.4142135643195469
 10
4890.000000310001
 20
1266.442296099934
 10
4890.000000310462
 20
1530.442296099934
 42
0.4142135674881944
 10
4887.000000310478
 20
1533.442296099939
 10
4853.000000310466
 20
1533.442296099998
 42
0.4142135650884001
 10
4850.000000310462
 20
1530.442296100003
 10
4850.00000031007
 20
1306.442296100003
 42
-0.4142135668168824
 10
4847.000000310078
 20
1303.442296100009
 10
4803.000000310079
 20
1303.442296100085
 42
0.4142135650815186
  0
CIRCLE
  5
2B3
330
1F
100
AcDbEntity
  8
13376364v01
 62
     2
100
AcDbCircle
 10
4820.000000310031
 20
1283.442296100056
 30
0.0
 40
9.0
  0
CIRCLE
  5
2B4
330
1F
100
AcDbEntity
  8
13376364v01
 62
     2
100
AcDbCircle
 10
4870.000000310291
 20
1433.442296099969
 30
0.0
 40
8.999999999999886
  0
CIRCLE
  5
2B5
330
1F
100
AcDbEntity
  8
13376364v01
 62
     2
100
AcDbCircle
 10
4870.000000310432
 20
1513.442296099969
 30
0.0
 40
9.0
  0
CIRCLE
  5
2B6
330
1F
100
AcDbEntity
  8
13376364v01
 62
     2
100
AcDbCircle
 10
4870.000000310032
 20
1283.442296099968
 30
0.0
 40
9.0
  0
MTEXT
  5
2B7
330
1F
100
AcDbEntity
  8
Texto
 62
     2
100
AcDbMText
 10
4880.26336803313
 20
1419.073348236539
 30
0.0
 40
10.0
 41
165.2828553999097
 71
     1
 72
     5
  1
13376364 POS.5
 11
-0.0000000000018192
 21
-1.0
 31
0.0
 73
     1
 44
1.0
1001
ACAD
1000
MTEXTBEGIN
1070
    73
1070
     1
1070
    44
1040
1.0
1070
    74
1070
     0
1000
MTEXTEND
  0
LWPOLYLINE
  5
2B8
330
1F
100
AcDbEntity
  8
13707331
 62
     1
100
AcDbPolyline
 90
        8
 70
     1
 43
0.0
 10
3531.00000031
 20
1271.9030641
 42
0.4142134287763443
 10
3530.000000309989
 20
1270.9030641
 10
3530.000000309989
 20
824.9030641000011
 42
0.4142134813165001
 10
3531.00000031
 20
823.9030640999999
 10
3637.55092110984
 20
823.9030640999999
 42
0.3270276694300203
 10
3638.504305305879
 20
824.601304966036
 42
0.154480175785294
 10
3638.504305305879
 20
1271.204823233963
 42
0.3270276220212441
 10
3637.55092110984
 20
1271.9030641
  0
MTEXT
  5
2B9
330
1F
100
AcDbEntity
  8
Rebaixo
 62
     1
100
AcDbMText
 10
3585.88043240293
 20
1228.059673943361
 30
0.0
 40
10.0
 41
62.85681466581263
 71
     1
 72
     5
  1
reb 38
 11
0.0000000000000001
 21
1.0
 31
0.0
 73
     1
 44
1.0
1001
ACAD
1000
MTEXTBEGIN
1070
    73
1070
     1
1070
    44
1040
1.0
1070
    74
1070
     0
1000
MTEXTEND
  0
MTEXT
  5
2BA
330
1F
100
AcDbEntity
  8
Rebaixo
 62
     1
100
AcDbMText
 10
3585.88043240293
 20
867.7464542566378
 30
0.0
 40
10.0
 41
62.85681466581263
 71
     3
 72
     5
  1
reb 38
 11
0.0000000000000001
 21
1.0
 31
0.0
 73
     1
 44
1.0
1001
ACAD
1000
MTEXTBEGIN
1070
    73
1070
     1
1070
    44
1040
1.0
1070
    74
1070
     0
1000
MTEXTEND
  0
MTEXT
  5
2BB
330
1F
100
AcDbEntity
  8
Texto
 62
     1
100
AcDbMText
 10
3573.748318414538
 20
981.0299249231039
 30
0.0
 40
20.0
 41
377.4612673904412
 71
     1
 72
     5
  1
13707331
 11
0.0000000000000001
 21
1.0
 31
0.0
 73
     1
 44
1.0
1001
ACAD
1000
MTEXTBEGIN
1070
    73
1070
     1
1070
    44
1040
1.0
1070
    74
1070
     0
1000
MTEXTEND
  0
LWPOLYLINE
  5
2BC
330
1F
100
AcDbEntity
  8
13376364v01
 62
     2
100
AcDbPolyline
 90
       10
 70
     1
 43
0.0
 10
4824.999989310816
 20
1043.423493099998
 42
0.4142135582205329
 10
4821.99998931081
 20
1040.423493100004
 10
4821.999989310466
 20
843.6989293612972
 42
-0.0458097198320896
 10
4821.94983532543
 20
843.1526615807523
 10
4772.656705565701
 20
576.9697608806374
 42
0.4689210455781956
 10
4775.606551580666
 20
573.423493100084
 10
4898.999989309995
 20
573.4234930998687
 42
0.4142135640067444
 10
4901.999989310001
 20
576.4234930998636
 10
4901.99998931081
 20
1040.423493099864
 42
0.4142135535432816
 10
4898.999989310816
 20
1043.423493099869
  0
CIRCLE
  5
2BD
330
1F
100
AcDbEntity
  8
13376364v01
 62
     2
100
AcDbCircle
 10
4831.999989310048
 20
603.4234930999856
 30
0.0
 40
6.499999999999886
  0
CIRCLE
  5
2BE
330
1F
100
AcDbEntity
  8
13376364v01
 62
     2
100
AcDbCircle
 10
4871.999989310048
 20
603.4234930999158
 30
0.0
 40
6.499999999999886
  0
CIRCLE
  5
2BF
330
1F
100
AcDbEntity
  8
13376364v01
 62
     2
100
AcDbCircle
 10
4861.999989310763
 20
1013.423493099933
 30
0.0
 40
9.000000000000056
  0
MTEXT
  5
2C0
330
1F
100
AcDbEntity
  8
Texto
 62
     2
100
AcDbMText
 10
4867.256208870538
 20
923.0662802648812
 30
0.0
 40
15.0
 41
165.2828553999097
 71
     1
 72
     5
  1
13376364 POS.1
 11
-0.0000000000018192
 21
-1.0
 31
0.0
 73
     1
 44
1.0
1001
ACAD
1000
MTEXTBEGIN
1070
    73
1070
     1
1070
    44
1040
1.0
1070
    74
1070
     0
1000
MTEXTEND
  0
LWPOLYLINE
  5
2C1
330
1F
100
AcDbEntity
  8
13376364v01
 62
     2
100
AcDbPolyline
 90
       10
 70
     1
 43
0.0
 10
3607.00000031
 20
333.1893461
 42
0.4142135599299189
 10
3610.00000030999
 20
336.1893461
 10
3610.00000030999
 20
532.9139098387058
 42
-0.0458096859670512
 10
3610.050154295029
 20
533.4601776192506
 10
3659.343284054288
 20
799.6430783194515
 42
0.468921054373497
 10
3656.393438039329
 20
803.1893460999999
 10
3533.00000031
 20
803.1893460999999
 42
0.4142135688303301
 10
3530.000000309989
 20
800.1893460999998
 10
3530.000000309989
 20
336.1893461
 42
0.4142135598436713
 10
3533.00000031
 20
333.1893461
  0
CIRCLE
  5
2C2
330
1F
100
AcDbEntity
  8
13376364v01
 62
     2
100
AcDbCircle
 10
3600.00000031
 20
773.1893460999998
 30
0.0
 40
6.499999999999886
  0
CIRCLE
  5
2C3
330
1F
100
AcDbEntity
  8
13376364v01
 62
     2
100
AcDbCircle
 10
3560.00000031
 20
773.1893460999998
 30
0.0
 40
6.499999999999886
  0
CIRCLE
  5
2C4
330
1F
100
AcDbEntity
  8
13376364v01
 62
     2
100
AcDbCircle
 10
3570.000000309989
 20
363.1893461
 30
0.0
 40
9.000000000000056
  0
MTEXT
  5
2C5
330
1F
100
AcDbEntity
  8
Texto
 62
     2
100
AcDbMText
 10
3564.743780750061
 20
453.5465589350429
 30
0.0
 40
15.0
 41
165.2828553999097
 71
     1
 72
     5
  1
13376364 POS.1
 11
0.0000000000000001
 21
1.0
 31
0.0
 73
     1
 44
1.0
1001
ACAD
1000
MTEXTBEGIN
1070
    73
1070
     1
1070
    44
1040
1.0
1070
    74
1070
     0
1000
MTEXTEND
  0
LWPOLYLINE
  5
2C6
330
1F
100
AcDbEntity
  8
14094683V0
 62
     2
100
AcDbPolyline
 90
       12
 70
     1
 43
0.0
 10
4408.000000310607
 20
1842.000000099747
 10
4264.000000310607
 20
1842.000000099998
 42
0.41421355877155
 10
4261.000000310601
 20
1839.000000100003
 10
4261.000000310001
 20
1495.000000100002
 42
0.4142135502809999
 10
4264.000000309995
 20
1492.000000099998
 10
4298.000000309996
 20
1492.000000099938
 42
0.4142135694337361
 10
4301.000000310001
 20
1495.000000099933
 10
4301.000000310533
 20
1799.000000099933
 42
-0.4142135613457154
 10
4304.000000310537
 20
1802.000000099927
 10
4408.000000310538
 20
1802.000000099746
 42
0.4142135670947884
 10
4411.000000310543
 20
1805.000000099741
 10
4411.000000310601
 20
1839.000000099742
 42
0.4142135647085575
  0
CIRCLE
  5
2C7
330
1F
100
AcDbEntity
  8
14094683V0
 62
     2
100
AcDbCircle
 10
4281.000000310258
 20
1642.000000099969
 30
0.0
 40
9.0
  0
CIRCLE
  5
2C8
330
1F
100
AcDbEntity
  8
14094683V0
 62
     2
100
AcDbCircle
 10
4281.000000310145
 20
1577.000000099967
 30
0.0
 40
9.0
  0
CIRCLE
  5
2C9
330
1F
100
AcDbEntity
  8
14094683V0
 62
     2
100
AcDbCircle
 10
4281.000000310031
 20
1512.000000099967
 30
0.0
 40
9.0
  0
CIRCLE
  5
2CA
330
1F
100
AcDbEntity
  8
14094683V0
 62
     2
100
AcDbCircle
 10
4331.000000310583
 20
1822.00000009988
 30
0.0
 40
9.0
  0
CIRCLE
  5
2CB
330
1F
100
AcDbEntity
  8
14094683V0
 62
     2
100
AcDbCircle
 10
4391.000000310573
 20
1822.000000099776
 30
0.0
 40
9.0
  0
MTEXT
  5
2CC
330
1F
100
AcDbEntity
  8
Texto
 62
     2
100
AcDbMText
 10
4283.121808612853
 20
1777.123578460261
 30
0.0
 40
10.0
 41
197.2276448445864
 71
     1
 72
     5
  1
14094683 pos19
 11
-0.0000000000018192
 21
-1.0
 31
0.0
 73
     1
 44
1.0
1001
ACAD
1000
MTEXTBEGIN
1070
    73
1070
     1
1070
    44
1040
1.0
1070
    74
1070
     0
1000
MTEXTEND
  0
LWPOLYLINE
  5
2CD
330
1F
100
AcDbEntity
  8
13698246V02
 62
     2
100
AcDbPolyline
 90
       12
 70
     1
 43
0.0
 10
3634.96350031
 20
557.0165551
 10
3634.96350031
 20
358.3165550999302
 42
0.4142135688345367
 10
3637.963500310001
 20
355.3165550999302
 10
3671.963500309999
 20
355.3165550999302
 42
0.4142135672089676
 10
3674.96350031
 20
358.3165550999302
 10
3674.96350031
 20
517.0165551
 42
-0.4142135610002253
 10
3677.963500310001
 20
520.0165551
 10
3831.963500310001
 20
520.0165551
 42
0.4142135551758099
 10
3834.963500310001
 20
523.0165550999999
 10
3834.963500310001
 20
557.0165551
 42
0.414213566196772
 10
3831.963500310001
 20
560.0165550999999
 10
3637.963500310001
 20
560.0165550999999
 42
0.4142135609171466
  0
CIRCLE
  5
2CE
330
1F
100
AcDbEntity
  8
13698246V02
 62
     2
100
AcDbCircle
 10
3804.96350031
 20
540.0165550999999
 30
0.0
 40
9.0
  0
CIRCLE
  5
2CF
330
1F
100
AcDbEntity
  8
13698246V02
 62
     2
100
AcDbCircle
 10
3764.963500309999
 20
540.0165550999999
 30
0.0
 40
9.0
  0
MTEXT
  5
2D0
330
1F
100
AcDbEntity
  8
Texto
 62
     2
100
AcDbMText
 10
3717.093779388021
 20
526.1500971535215
 30
0.0
 40
10.0
 41
746.089736356591
 71
     1
 72
     5
  1
13698246\Ppos.58
 11
-1.0
 21
0.0000000000000001
 31
0.0
 73
     1
 44
1.0
1001
ACAD
1000
MTEXTBEGIN
1070
    73
1070
     1
1070
    44
1040
1.0
1070
    74
1070
     0
1000
MTEXTEND
  0
LWPOLYLINE
  5
2D1
330
1F
100
AcDbEntity
  8
14082310
 62
     2
100
AcDbPolyline
 90
        9
 70
     1
 43
0.0
 10
3083.573409679991
 20
34.0366973334712
 10
3208.173643067839
 20
21.43674940580607
 42
0.3912512572485557
 10
3213.596080942166
 20
25.51716593818442
 42
-0.8059387454281289
 10
3574.936343496533
 20
37.90985517683201
 42
0.3152738970027201
 10
3579.27985866422
 20
34.16437619146162
 10
3705.102462140737
 20
21.44081854777263
 42
0.4142135630627
 10
3710.580141329938
 20
25.91239888365195
 10
3712.026160864049
 20
40.21201126840526
 42
0.8609641537729263
 10
3079.13142744952
 20
39.75069297970737
 42
0.4282359726147743
  0
LINE
  5
2D2
330
1F
100
AcDbEntity
  8
Rebaixo
 62
     2
100
AcDbLine
 10
3619.405215764896
 20
37.48579254707787
 30
0.0
 11
3676.318230956117
 21
31.73057838480856
 31
0.0
  0
MTEXT
  5
2D3
330
1F
100
AcDbEntity
  8
Rebaixo
 62
     2
100
AcDbMText
 10
3620.662821156918
 20
49.92218722546613
 30
0.0
 40
10.0
 41
57.20326728614054
 71
     1
 72
     5
  1
{\W2.381369; }REB 5
 11
0.9949259525077739
 21
-0.1006098853319047
 31
0.0
 73
     1
 44
1.0
1001
ACAD
1000
MTEXTBEGIN
1070
    73
1070
     1
1070
    44
1040
1.0
1070
    74
1070
     0
1000
MTEXTEND
  0
MTEXT
  5
2D4
330
1F
100
AcDbEntity
  8
Texto
 62
     2
100
AcDbMText
 10
3214.370310207665
 20
247.117504831741
 30
0.0
 40
20.0
 41
147.717408678789
 71
     1
 72
     5
  1
{\W1.789706; }14082310
 11
0.9949259525077685
 21
-0.1006098853319577
 31
0.0
 73
     1
 44
1.0
1001
ACAD
1000
MTEXTBEGIN
1070
    73
1070
     1
1070
    44
1040
1.0
1070
    74
1070
     0
1000
MTEXTEND
  0
LWPOLYLINE
  5
2D5
330
1F
100
AcDbEntity
  8
14082310
 62
     2
100
AcDbPolyline
 90
       10
 70
     1
 43
0.0
 10
3165.357600310001
 20
293.0632591000001
 10
3165.357600310001
 20
307.4357984319074
 42
0.414213562770448
 10
3160.35760031
 20
312.4357984319074
 10
3033.893311023568
 20
312.4357984319074
 42
0.315273886738851
 10
3029.195002846897
 20
309.1463247477484
 42
-0.7001400420128263
 10
2681.520197773102
 20
309.1463247477483
 42
0.3152738891928777
 10
2676.821889596429
 20
312.4357984319073
 10
2550.35760031
 20
312.4357984319073
 42
0.4142135625588253
 10
2545.35760031
 20
307.4357984319073
 10
2545.35760031
 20
293.0632591
 42
0.7762176150576962
  0
LINE
  5
2D6
330
1F
100
AcDbEntity
  8
Rebaixo
 62
     2
100
AcDbLine
 10
2637.234297781998
 20
305.0942275238164
 30
0.0
 11
2580.03103049586
 21
305.0942275238164
 31
0.0
  0
LINE
  5
2D7
330
1F
100
AcDbEntity
  8
Rebaixo
 62
     2
100
AcDbLine
 10
3073.480902837998
 20
305.0942275238165
 30
0.0
 11
3130.684170124141
 21
305.0942275238165
 31
0.0
  0
MTEXT
  5
2D8
330
1F
100
AcDbEntity
  8
Rebaixo
 62
     2
100
AcDbMText
 10
2637.234297781998
 20
292.5944081683888
 30
0.0
 40
10.0
 41
57.20326728614054
 71
     1
 72
     5
  1
{\W2.381369; }REB 5
 11
-1.0
 21
0.0000000000000001
 31
0.0
 73
     1
 44
1.0
1001
ACAD
1000
MTEXTBEGIN
1070
    73
1070
     1
1070
    44
1040
1.0
1070
    74
1070
     0
1000
MTEXTEND
  0
MTEXT
  5
2D9
102
{ACAD_XDICTIONARY
360
752
102
}
330
1F
100
AcDbEntity
  8
Rebaixo
 62
     2
100
AcDbMText
 10
3073.480902837998
 20
292.594408168389
 30
0.0
 40
10.0
 41
57.20326728614054
 71
     3
 72
     5
  1
REB 5
 11
-1.0
 21
0.0000000000000001
 31
0.0
 73
     1
 44
1.0
1001
ACAD
1000
MTEXTBEGIN
1070
    73
1070
     1
1070
    44
1040
1.0
1070
    74
1070
     0
1000
MTEXTEND
  0
MTEXT
  5
2DA
330
1F
100
AcDbEntity
  8
Texto
 62
     2
100
AcDbMText
 10
3061.305059527317
 20
137.2767119066999
 30
0.0
 40
20.0
 41
147.717408678789
 71
     1
 72
     5
  1
{\W1.789706; }14082310
 11
-1.0
 21
0.0000000000000001
 31
0.0
 73
     1
 44
1.0
1001
ACAD
1000
MTEXTBEGIN
1070
    73
1070
     1
1070
    44
1040
1.0
1070
    74
1070
     0
1000
MTEXTEND
  0
LWPOLYLINE
  5
2DB
330
1F
100
AcDbEntity
  8
14094683V0
 62
     2
100
AcDbPolyline
 90
       12
 70
     1
 43
0.0
 10
3820.00000031
 20
1363.7356891
 10
3696.00000031
 20
1363.7356891
 42
0.4142135584709347
 10
3693.000000309989
 20
1360.7356891
 10
3693.000000309989
 20
966.7356890999998
 42
0.4142135610307819
 10
3696.00000031
 20
963.7356890999999
 10
3730.00000031
 20
963.7356890999999
 42
0.4142135694149117
 10
3733.000000309989
 20
966.7356890999998
 10
3733.000000309989
 20
1320.7356891
 42
-0.414213556763741
 10
3736.00000031
 20
1323.7356891
 10
3820.00000031
 20
1323.7356891
 42
0.4142135487602091
 10
3823.000000309989
 20
1326.7356891
 10
3823.000000309989
 20
1360.7356891
 42
0.414213551872849
  0
CIRCLE
  5
2DC
330
1F
100
AcDbEntity
  8
14094683V0
 62
     2
100
AcDbCircle
 10
3763.00000031
 20
1343.735689100002
 30
0.0
 40
9.0
  0
CIRCLE
  5
2DD
330
1F
100
AcDbEntity
  8
14094683V0
 62
     2
100
AcDbCircle
 10
3803.00000031
 20
1343.735689100002
 30
0.0
 40
9.0
  0
MTEXT
  5
2DE
330
1F
100
AcDbEntity
  8
Texto
 62
     2
100
AcDbMText
 10
3706.293655824361
 20
1095.10075299601
 30
0.0
 40
10.0
 41
197.2276448445864
 71
     1
 72
     5
  1
14094683 pos15
 11
0.0000000000000001
 21
1.0
 31
0.0
 73
     1
 44
1.0
1001
ACAD
1000
MTEXTBEGIN
1070
    73
1070
     1
1070
    44
1040
1.0
1070
    74
1070
     0
1000
MTEXTEND
  0
LWPOLYLINE
  5
2DF
330
1F
100
AcDbEntity
  8
12629595
 62
     2
100
AcDbPolyline
 90
       25
 70
     1
 43
0.0
 10
4899.00000031
 20
391.6695941000002
 42
0.4142135504557152
 10
4902.00000031
 20
394.6695941000001
 10
4902.00000031
 20
549.669594099998
 42
0.4142135556708972
 10
4899.00000031
 20
552.6695940999981
 10
4755.00000031
 20
552.6695940999981
 42
0.4142135661237936
 10
4752.00000031
 20
549.669594099998
 10
4752.00000031
 20
524.6695940999999
 10
4772.000000310007
 20
524.6695940999999
 10
4772.000000310007
 20
512.6695940999999
 10
4792.00000031
 20
512.6695940999999
 10
4792.00000031
 20
496.6695940999983
 10
4812.000000310007
 20
496.6695940999983
 10
4812.000000310007
 20
487.6695941000001
 10
4822.00000031
 20
487.6695941000001
 10
4822.00000031
 20
477.6695940999983
 10
4832.00000031
 20
477.6695940999983
 10
4832.00000031
 20
465.6695940999983
 10
4842.000000310001
 20
465.6695940999983
 10
4842.000000310001
 20
452.6695941000001
 10
4852.000000310006
 20
452.6695941000001
 10
4852.000000310006
 20
435.6695940999983
 10
4862.000000310001
 20
435.6695940999983
 10
4862.000000310001
 20
416.6695940999983
 10
4872.00000031
 20
416.6695940999983
 10
4872.00000031
 20
391.6695941000002
  0
MTEXT
  5
2E0
330
1F
100
AcDbEntity
  8
Texto
 62
     2
100
AcDbMText
 10
4855.08552254922
 20
458.3602278583125
 30
0.0
 40
10.0
 41
73.53215878773879
 71
     1
 72
     5
  1
12629595 pos.2
 11
0.0000000000000001
 21
1.0
 31
0.0
 73
     1
 44
1.0
1001
ACAD
1000
MTEXTBEGIN
1070
    73
1070
     1
1070
    44
1040
1.0
1070
    74
1070
     0
1000
MTEXTEND
  0
LWPOLYLINE
  5
2E1
330
1F
100
AcDbEntity
  8
13797888
 62
     2
100
AcDbPolyline
 90
       25
 70
     1
 43
0.0
 10
4228.819300309999
 20
775.5739101000001
 10
4228.819300309999
 20
761.5739101000001
 10
4218.819300309999
 20
761.5739101000001
 10
4218.819300309999
 20
750.573910100001
 10
4198.819300309999
 20
750.573910100001
 10
4198.819300309999
 20
732.5739101000001
 10
4178.819300309999
 20
732.5739101000001
 10
4178.819300309999
 20
717.5739101000011
 10
4158.819300309999
 20
717.5739101000011
 10
4158.819300309999
 20
705.5739101000011
 10
4138.819300309999
 20
705.5739101000011
 10
4138.819300309999
 20
682.5739101000009
 42
0.4142135548157353
 10
4141.819300309999
 20
679.5739101000009
 10
4295.819300309999
 20
679.5739101000009
 42
0.414213568546164
 10
4298.819300309999
 20
682.5739101000009
 10
4298.819300309999
 20
865.5739101000001
 42
0.4142135594351922
 10
4295.819300309999
 20
868.5739101000001
 10
4268.819300309999
 20
868.5739101000001
 10
4268.819300309999
 20
832.573910100001
 10
4258.819300309999
 20
832.573910100001
 10
4258.819300309999
 20
808.573910100001
 10
4248.819300309999
 20
808.573910100001
 10
4248.819300309999
 20
790.5739101000001
 10
4238.81930031
 20
790.5739101000001
 10
4238.81930031
 20
775.5739101000001
  0
MTEXT
  5
2E2
330
1F
100
AcDbEntity
  8
Texto
 62
     2
100
AcDbMText
 10
4257.026876860081
 20
704.724715348145
 30
0.0
 40
10.0
 41
79.46609597482529
 71
     1
 72
     5
  1
13797888 pos.1
 11
0.0000000000000001
 21
1.0
 31
0.0
 73
     1
 44
1.0
1001
ACAD
1000
MTEXTBEGIN
1070
    73
1070
     1
1070
    44
1040
1.0
1070
    74
1070
     0
1000
MTEXTEND
  0
LWPOLYLINE
  5
2E3
330
1F
100
AcDbEntity
  8
13797807
 62
     2
100
AcDbPolyline
 90
       25
 70
     1
 43
0.0
 10
3753.000002176247
 20
1074.406682388195
 10
3774.108698579008
 20
1057.57151276695
 42
0.4142135579733571
 10
3778.324683692786
 20
1058.046349076008
 10
3892.429722236772
 20
1201.116402472501
 42
0.4142135623400974
 10
3891.954885927713
 20
1205.332387586279
 10
3771.557136074927
 20
1301.355206907447
 42
0.4142135562781021
 10
3767.341150961149
 20
1300.88037059839
 10
3753.000080543054
 20
1282.898888477521
 10
3768.636151952506
 20
1270.428392461784
 10
3761.153854343064
 20
1261.046749616111
 10
3776.789925752517
 20
1248.576253600375
 10
3767.437053740715
 20
1236.849200043286
 10
3783.073125150168
 20
1224.378704027549
 10
3771.849678736006
 20
1210.306239759043
 10
3787.485750145458
 20
1197.835743743306
 10
3780.626977336803
 20
1189.235904468107
 10
3788.445013041529
 20
1183.000656460239
 10
3779.715665830514
 20
1172.055406473622
 10
3787.53370153524
 20
1165.820158465754
 10
3778.180829523439
 20
1154.093104908665
 10
3785.998865228166
 20
1147.857856900797
 10
3774.775418814003
 20
1133.785392632289
 10
3782.59345451873
 20
1127.550144624421
 10
3767.628859299845
 20
1108.786858933077
 10
3775.446895004572
 20
1102.55161092521
  0
MTEXT
  5
2E4
330
1F
100
AcDbEntity
  8
Texto
 62
     2
100
AcDbMText
 10
3802.432918189379
 20
1172.465500649273
 30
0.0
 40
10.0
 41
44.89620294690758
 71
     1
 72
     5
  1
13797807 pos.1
 11
0.6235248007868978
 21
0.7818035704725707
 31
0.0
 73
     1
 44
1.0
1001
ACAD
1000
MTEXTBEGIN
1070
    73
1070
     1
1070
    44
1040
1.0
1070
    74
1070
     0
1000
MTEXTEND
  0
LWPOLYLINE
  5
2E5
330
1F
100
AcDbEntity
  8
13376364v01
 62
     2
100
AcDbPolyline
 90
       22
 70
     1
 43
0.0
 10
4168.979538190252
 20
177.6432622402433
 10
4202.600876438383
 20
135.3868353396554
 42
-0.414213568652677
 10
4202.121149291025
 20
131.171403942505
 10
4147.664294235068
 20
87.84279151454951
 42
-0.0678405076851735
 10
4146.967835898017
 20
87.42851695410003
 10
4098.635169197597
 20
66.92903039395243
 42
0.4272041299993205
 10
4097.099098104033
 20
62.87503341291113
 10
4111.695393573607
 20
32.29099368277389
 42
0.4133766125495942
 10
4115.687257418864
 20
30.87198960112383
 42
-0.2248862106411441
 10
4517.829147728034
 20
30.87744597817084
 42
0.4407294133568043
 10
4521.928778902601
 20
32.55226260902912
 10
4533.811346364236
 20
64.83147532766962
 42
0.3899348300983361
 10
4532.263867452139
 20
68.58677715767846
 42
0.0507160649122462
 10
4434.818198869407
 20
102.507131520802
 42
-0.0658660466890445
 10
4434.083111849012
 20
102.7881707790459
 10
4276.640717424168
 20
188.1291608989964
 42
0.300809978502798
 10
4273.343242781817
 20
187.8392831654082
 10
4238.117364798934
 20
159.8118031909127
 42
-0.4142135703791491
 10
4233.901933401783
 20
160.2915303382721
 10
4200.280595153651
 20
202.54795723886
 42
0.4142135511541199
 10
4196.065163756498
 20
203.027684386218
 10
4169.459265337611
 20
181.8586936373944
 42
0.4142135529320094
  0
CIRCLE
  5
2E6
330
1F
100
AcDbEntity
  8
13376364v01
 62
     2
100
AcDbCircle
 10
4254.363212668077
 20
102.4526502420364
 30
0.0
 40
9.0
  0
MTEXT
  5
2E7
330
1F
100
AcDbEntity
  8
Texto
 62
     2
100
AcDbMText
 10
4147.497757301782
 20
67.38939378365097
 30
0.0
 40
15.0
 41
171.2194965930175
 71
     1
 72
     5
  1
13376364 POS.11
 11
0.7825264240848232
 21
0.622617374965572
 31
0.0
 73
     1
 44
1.0
1001
ACAD
1000
MTEXTBEGIN
1070
    73
1070
     1
1070
    44
1040
1.0
1070
    74
1070
     0
1000
MTEXTEND
  0
LWPOLYLINE
  5
2E8
330
1F
100
AcDbEntity
  8
13797888
 62
     2
100
AcDbPolyline
 90
       25
 70
     1
 43
0.0
 10
2634.000000309999
 20
91.66568809999978
 10
2620.000000310001
 20
91.66568809999978
 10
2620.000000310001
 20
101.6656881000107
 10
2609.000000310001
 20
101.6656881000107
 10
2609.000000310001
 20
121.6656880999998
 10
2591.000000310001
 20
121.6656880999998
 10
2591.000000310001
 20
141.6656881000107
 10
2576.000000310001
 20
141.6656881000107
 10
2576.000000310001
 20
161.6656880999998
 10
2564.00000031
 20
161.6656880999998
 10
2564.00000031
 20
181.6656881000106
 10
2541.000000310001
 20
181.6656881000106
 42
0.4142135668748961
 10
2538.000000309999
 20
178.6656880999998
 10
2538.000000309999
 20
24.6656880999998
 42
0.4142135638107531
 10
2541.000000310001
 20
21.66568810001071
 10
2724.000000309999
 20
21.66568810001079
 42
0.414213555927294
 10
2727.000000309999
 20
24.66568809999988
 10
2727.000000309999
 20
51.66568809999986
 10
2691.000000310001
 20
51.66568809999985
 10
2691.000000310001
 20
61.66568810001075
 10
2667.000000310001
 20
61.66568810001074
 10
2667.000000310001
 20
71.66568809999983
 10
2649.000000310001
 20
71.66568809999983
 10
2649.000000310001
 20
81.66568809999981
 10
2634.000000309999
 20
81.66568809999981
  0
MTEXT
  5
2E9
330
1F
100
AcDbEntity
  8
Texto
 62
     2
100
AcDbMText
 10
2563.150805558145
 20
63.45811154992944
 30
0.0
 40
10.0
 41
79.46609597482529
 71
     1
 72
     5
  1
13797888 pos.1
 73
     1
 44
1.0
1001
ACAD
1000
MTEXTBEGIN
1070
    73
1070
     1
1070
    44
1040
1.0
1070
    74
1070
     0
1000
MTEXTEND
  0
LWPOLYLINE
  5
2EA
330
1F
100
AcDbEntity
  8
12629595
 62
     2
100
AcDbPolyline
 90
       25
 70
     1
 43
0.0
 10
3499.631607219857
 20
47.09876117422594
 42
0.4142135577235708
 10
3499.413894535979
 20
51.33581217548593
 10
3384.332499336567
 20
155.1687187078417
 42
0.4142135616488273
 10
3380.095448335306
 20
154.9510060239632
 10
3283.631328718151
 20
48.03667758063923
 42
0.4142135588555193
 10
3283.849041402029
 20
43.79962657937924
 10
3302.410556756773
 20
27.05238359028959
 10
3315.808351148048
 20
41.90159587409
 10
3324.717878518327
 20
33.86291923932699
 10
3338.115672909593
 20
48.71213152311657
 10
3349.995042736629
 20
37.9938960100998
 10
3363.392837127906
 20
52.8431082939002
 10
3370.074982655614
 20
46.81410081782733
 10
3376.773879851246
 20
54.23870695971942
 10
3384.198485993142
 20
47.53980976408356
 10
3390.897383188778
 20
54.96441590598106
 10
3399.806910559056
 20
46.92573927121804
 10
3406.505807754691
 20
54.35034541311554
 10
3416.157795739157
 20
45.64177905878892
 10
3422.856692934799
 20
53.06638520069182
 10
3435.478523376024
 20
41.67825996811086
 10
3442.177420571655
 20
49.10286611000295
 10
3456.284172241261
 20
36.37496143829483
 10
3462.983069436896
 20
43.79956758019232
 10
3481.54458479164
 20
27.05232459110269
  0
MTEXT
  5
2EB
330
1F
100
AcDbEntity
  8
Texto
 62
     2
100
AcDbMText
 10
3420.698581127006
 20
59.16936099000945
 30
0.0
 40
10.0
 41
73.53215878773879
 71
     1
 72
     5
  1
12629595 pos.2
 11
-0.7424606141898151
 21
0.6698897195635134
 31
0.0
 73
     1
 44
1.0
1001
ACAD
1000
MTEXTBEGIN
1070
    73
1070
     1
1070
    44
1040
1.0
1070
    74
1070
     0
1000
MTEXTEND
  0
LWPOLYLINE
  5
2EC
330
1F
100
AcDbEntity
  8
13376364v01
 62
     2
100
AcDbPolyline
 90
       12
 70
     1
 43
0.0
 10
2946.07140031
 20
268.3335300999999
 10
2946.07140031
 20
302.3335300999999
 42
0.414213562773921
 10
2943.07140031
 20
305.3335300999999
 10
2824.07140031
 20
305.3335300999999
 42
0.4142135535286027
 10
2821.07140031
 20
302.3335300999999
 10
2821.07140031
 20
218.3335300999999
 42
0.4142135600766581
 10
2824.07140031
 20
215.3335300999999
 10
2858.07140031
 20
215.3335300999999
 42
0.4142135662881307
 10
2861.071400310001
 20
218.3335300999999
 10
2861.071400310001
 20
262.3335300999999
 42
-0.4142135697749695
 10
2864.07140031
 20
265.3335300999999
 10
2943.07140031
 20
265.3335300999999
 42
0.4142135620988963
  0
CIRCLE
  5
2ED
330
1F
100
AcDbEntity
  8
13376364v01
 62
     2
100
AcDbCircle
 10
2841.07140031
 20
235.3335300999999
 30
0.0
 40
8.999999999999971
  0
CIRCLE
  5
2EE
330
1F
100
AcDbEntity
  8
13376364v01
 62
     2
100
AcDbCircle
 10
2841.07140031
 20
285.3335300999999
 30
0.0
 40
9.000000000000028
  0
MTEXT
  5
2EF
330
1F
100
AcDbEntity
  8
Texto
 62
     2
100
AcDbMText
 10
2942.45923926829
 20
283.5953701784919
 30
0.0
 40
8.0
 41
165.2828553999097
 71
     1
 72
     5
  1
13376364 POS.12
 11
-1.0
 21
0.0000000000000001
 31
0.0
 73
     1
 44
1.0
1001
ACAD
1000
MTEXTBEGIN
1070
    73
1070
     1
1070
    44
1040
1.0
1070
    74
1070
     0
1000
MTEXTEND
  0
LWPOLYLINE
  5
2F0
330
1F
100
AcDbEntity
  8
13376364v01
 62
     2
100
AcDbPolyline
 90
       12
 70
     1
 43
0.0
 10
4837.00000031
 20
1242.3252801
 10
4803.00000031
 20
1242.3252801
 42
0.4142135679767442
 10
4800.00000031
 20
1239.3252801
 10
4800.00000031
 20
1120.3252801
 42
0.4142135587308819
 10
4803.00000031
 20
1117.3252801
 10
4887.00000031
 20
1117.3252801
 42
0.4142135548743622
 10
4890.00000031
 20
1120.3252801
 10
4890.00000031
 20
1154.325280100001
 42
0.4142135610861234
 10
4887.00000031
 20
1157.3252801
 10
4843.00000031
 20
1157.3252801
 42
-0.4142135749761391
 10
4840.00000031
 20
1160.3252801
 10
4840.00000031
 20
1239.3252801
 42
0.4142135701421644
  0
CIRCLE
  5
2F1
330
1F
100
AcDbEntity
  8
13376364v01
 62
     2
100
AcDbCircle
 10
4870.00000031
 20
1137.3252801
 30
0.0
 40
8.999999999999971
  0
CIRCLE
  5
2F2
330
1F
100
AcDbEntity
  8
13376364v01
 62
     2
100
AcDbCircle
 10
4820.00000031
 20
1137.3252801
 30
0.0
 40
9.000000000000028
  0
MTEXT
  5
2F3
330
1F
100
AcDbEntity
  8
Texto
 62
     2
100
AcDbMText
 10
4821.738160231507
 20
1238.71311905829
 30
0.0
 40
8.0
 41
165.2828553999097
 71
     1
 72
     5
  1
13376364 POS.12
 11
-0.0000000000000002
 21
-1.0
 31
0.0
 73
     1
 44
1.0
1001
ACAD
1000
MTEXTBEGIN
1070
    73
1070
     1
1070
    44
1040
1.0
1070
    74
1070
     0
1000
MTEXTEND
  0
LWPOLYLINE
  5
2F4
330
1F
100
AcDbEntity
  8
Stats
 62
   151
100
AcDbPolyline
 90
        5
 70
     1
 43
0.0
 10
2520.00000021
 20
-25.0
 10
2770.00000021
 20
-25.0
 10
2770.00000021
 20
-105.0
 10
2520.00000021
 20
-105.0
 10
2520.00000021
 20
-25.0
  0
TEXT
  5
2F5
330
1F
100
AcDbEntity
  8
Stats
 62
    60
100
AcDbText
 10
2522.00000021
 20
-37.0
 30
0.0
 40
10.0
  1
Production Qty: 1
100
AcDbText
  0
TEXT
  5
2F6
330
1F
100
AcDbEntity
  8
Stats
 62
    60
100
AcDbText
 10
2522.00000021
 20
-49.0
 30
0.0
 40
10.0
  1
Sheet 2 (2400,00 x 1860,00)
100
AcDbText
  0
TEXT
  5
2F7
330
1F
100
AcDbEntity
  8
Stats
 62
    60
100
AcDbText
 10
2522.00000021
 20
-61.0
 30
0.0
 40
10.0
  1
Parts Nested: 34
100
AcDbText
  0
TEXT
  5
2F8
330
1F
100
AcDbEntity
  8
Stats
 62
    60
100
AcDbText
 10
2522.00000021
 20
-73.0
 30
0.0
 40
10.0
  1
Util (Nest): 79,57%
100
AcDbText
  0
TEXT
  5
2F9
330
1F
100
AcDbEntity
  8
Stats
 62
    60
100
AcDbText
 10
2522.00000021
 20
-85.0
 30
0.0
 40
10.0
  1
Util (Sheet): 76,79%
100
AcDbText
  0
TEXT
  5
2FA
330
1F
100
AcDbEntity
  8
Stats
 62
    60
100
AcDbText
 10
2522.00000021
 20
-97.0
 30
0.0
 40
10.0
  1
Cut Distance: 46667,96mm
100
AcDbText
  0
LWPOLYLINE
  5
624
330
1F
100
AcDbEntity
  8
Rebaixo
 62
     1
100
AcDbPolyline
 90
        6
 70
     1
 43
0.0
 10
3662.4562549968
 20
1221.903064100001
 42
0.0181151536825392
 10
3647.874776942631
 20
1274.237299553313
 42
0.3266348459380437
 10
3637.39227371381
 20
1281.903064100001
 10
3531.158647706009
 20
1281.903064100001
 42
0.4142135623730951
 10
3520.158647706009
 20
1270.903064100001
 10
3520.158647706009
 20
1221.903064100001
  0
MTEXT
  5
625
330
1F
100
AcDbEntity
  8
Rebaixo
 62
     1
100
AcDbMText
 10
3585.880432402923
 20
1228.059673943362
 30
0.0
 40
10.0
 41
62.85681466581263
 71
     1
 72
     5
  1
reb 38
 11
0.0000000000000001
 21
1.0
 31
0.0
 73
     1
 44
1.0
1001
ACAD
1000
ACAD_MTEXT_COLUMN_INFO_BEGIN
1070
    75
1070
     2
1070
    79
1070
     0
1070
    76
1070
     1
1070
    78
1070
     0
1070
    48
1040
62.85681466581263
1070
    49
1040
12.5
1070
    50
1070
     1
1040
0.0
1000
ACAD_MTEXT_COLUMN_INFO_END
1000
MTEXTBEGIN
1070
    73
1070
     1
1070
    44
1040
1.0
1070
    74
1070
     0
1000
MTEXTEND
  0
LWPOLYLINE
  5
627
330
1F
100
AcDbEntity
  8
Rebaixo
 62
     1
100
AcDbPolyline
 90
        6
 70
     1
 43
0.0
 10
3662.4562549968
 20
873.9030641000008
 42
-0.0181151536825392
 10
3647.87477694263
 20
821.5688286466884
 42
-0.3266348459380437
 10
3637.39227371381
 20
813.9030641000008
 10
3531.158647706008
 20
813.9030641000008
 42
-0.4142135623730951
 10
3520.158647706008
 20
824.9030641000008
 10
3520.158647706008
 20
873.9030641000008
  0
MTEXT
  5
628
330
1F
100
AcDbEntity
  8
Rebaixo
 62
     1
100
AcDbMText
 10
3585.880432402922
 20
867.7464542566395
 30
0.0
 40
10.0
 41
62.85681466581263
 71
     3
 72
     5
  1
reb 38
 11
0.0000000000000001
 21
1.0
 31
0.0
 73
     1
 44
1.0
1001
ACAD
1000
ACAD_MTEXT_COLUMN_INFO_BEGIN
1070
    75
1070
     2
1070
    79
1070
     0
1070
    76
1070
     1
1070
    78
1070
     0
1070
    48
1040
62.85681466581263
1070
    49
1040
12.5
1070
    50
1070
     1
1040
0.0
1000
ACAD_MTEXT_COLUMN_INFO_END
1000
MTEXTBEGIN
1070
    73
1070
     1
1070
    44
1040
1.0
1070
    74
1070
     0
1000
MTEXTEND
  0
LWPOLYLINE
  5
62A
330
1F
100
AcDbEntity
  8
Rebaixo
 62
     3
100
AcDbPolyline
 90
        4
 70
     1
 43
0.0
 10
3388.000000309999
 20
1261.9030641
 10
3413.000000309999
 20
1261.9030641
 42
-0.9999999999999998
 10
3413.000000309999
 20
1211.9030641
 10
3388.000000309999
 20
1211.9030641
 42
-0.9999999999999998
  0
LWPOLYLINE
  5
62B
330
1F
100
AcDbEntity
  8
Rebaixo
 62
     3
100
AcDbPolyline
 90
        4
 70
     1
 43
0.0
 10
2935.000000309999
 20
1261.9030641
 10
2960.00000031
 20
1261.9030641
 42
-0.9999999999999998
 10
2960.00000031
 20
1211.9030641
 10
2935.000000309999
 20
1211.9030641
 42
-0.9999999999999998
  0
MTEXT
  5
62C
330
1F
100
AcDbEntity
  8
Rebaixo
 62
     3
100
AcDbMText
 10
3041.219256846798
 20
1053.134116714632
 30
0.0
 40
10.0
 41
125.2462756173736
 71
     3
 72
     5
  1
reb 10
 73
     1
 44
1.0
1001
ACAD
1000
ACAD_MTEXT_COLUMN_INFO_BEGIN
1070
    75
1070
     2
1070
    79
1070
     0
1070
    76
1070
     1
1070
    78
1070
     0
1070
    48
1040
125.2462756173736
1070
    49
1040
12.5
1070
    50
1070
     1
1040
0.0
1000
ACAD_MTEXT_COLUMN_INFO_END
1000
MTEXTBEGIN
1070
    73
1070
     1
1070
    44
1040
1.0
1070
    74
1070
     0
1000
MTEXTEND
  0
LWPOLYLINE
  5
62D
330
1F
100
AcDbEntity
  8
Rebaixo
 62
     3
100
AcDbPolyline
 90
        4
 70
     1
 43
0.0
 10
3001.00000031
 20
1281.9030641
 10
3001.00000031
 20
802.9030641000003
 10
3046.00000031
 20
802.9030641000003
 10
3046.00000031
 20
1281.9030641
  0
MULTILEADER
  5
62E
330
1F
100
AcDbEntity
  8
Rebaixo
 62
     3
 92
      624
310
70020000190000000C00000016000000030000C30C00000033000000000000000C00000013000000993A00000C00000016000000030000C3A00000000B0000008D0185BD25A2A940C6E6ACD28D489340000000000000000000000000000000000000000000000000000000000000F03F000000000000F03F00000000000000
310
000000000000000000726562203135000006000000010000000000000000002440000000000000F03F0000000000000000000000000000F03F00000000000000000000000000000000000000007478742E73687800000000000C00000033000000000000000C000000100000000F0000000C00000016000000030000C30C00
310
000012000000FF7F00000C00000013000000010000000C0000001400000001000000540000000700000003000000306BE83C5844AA4071295D2DE15E93400000000000000000306BE83C584CAA40C67EB282365C93400000000000000000306BE83C5844AA401BD407D88B59934000000000000000000C0000001400000001
310
0000000C00000013000000891300003C0000000600000002000000306BE83C5844AA40C67EB282365C9340000000000000000038AC2F68D020AA40C67EB282365C934000000000000000000C00000013000000112700003C000000060000000200000038AC2F68D020AA40C67EB282365C9340000000000000000038AC2F68
310
D010AA40C67EB282365C934000000000000000000C00000016000000030000C30C00000012000000FF7F00000C00000017000000000000000C000000130000009A3A00000C00000016000000030000C30C00000012000000FF7F00000C00000017000000FFFFFFFF0C0000003300000000000000
100
AcDbMLeader
300
CONTEXT_DATA{
 40
1.0
 10
3279.073711544456
 20
1239.05323294543
 30
0.0
 41
10.0
140
4.0
145
2.0
174
     1
175
     1
176
     2
177
     0
290
     1
304
reb 15
 11
0.0
 21
0.0
 31
1.0
340
11
 12
3334.407044877789
 22
1244.138498975358
 32
0.0
 13
1.0
 23
0.0
 33
0.0
 42
0.0
 43
0.0
 44
0.0
 45
1.0
170
     1
 90
-1023410173
171
     3
172
     5
 91
-1073741824
141
0.0
 92
        0
291
     0
292
     0
173
     0
293
     0
142
0.0
143
0.0
294
     0
295
     0
296
     0
110
3366.172339690289
120
1239.05323294543
130
0.0
111
1.0
121
0.0
131
0.0
112
0.0
122
1.0
132
0.0
297
     0
302
LEADER{
290
     1
291
     1
 10
3344.407044877789
 20
1239.05323294543
 30
0.0
 11
-1.0
 21
0.0
 31
0.0
 90
        0
 40
8.0
304
LEADER_LINE{
 10
3366.172339690289
 20
1239.05323294543
 30
0.0
 91
        0
305
}
303
}
301
}
340
56F
 90
   345088
170
     1
 91
-1056964608
341
14
171
    -2
290
     1
291
     1
 41
8.0
 42
4.0
172
     2
343
11
173
     1
 95
        1
174
     1
175
     0
 92
-1056964608
292
     0
 93
-1056964608
 10
1.0
 20
1.0
 30
1.0
 43
0.0
176
     0
293
     0
294
     0
178
     0
179
     1
 45
1.0
1001
ACAD_MLEADERVER
1070
     2
  0
MULTILEADER
  5
62F
330
1F
100
AcDbEntity
  8
Rebaixo
 62
     3
 92
      624
310
70020000190000000C00000016000000030000C30C00000033000000000000000C00000013000000993A00000C00000016000000030000C3A00000000B000000159B0D6C191BA640C6E6ACD28D489340000000000000000000000000000000000000000000000000000000000000F03F000000000000F03F00000000000000
310
000000000000000000726562203135000006000000010000000000000000002440000000000000F03F0000000000000000000000000000F03F00000000000000000000000000000000000000007478742E73687800000000000C00000033000000000000000C000000100000000F0000000C00000016000000030000C30C00
310
000012000000FF7F00000C00000013000000010000000C0000001400000001000000540000000700000003000000B80471EB4BBDA64071295D2DE15E93400000000000000000B80471EB4BC5A640C67EB282365C93400000000000000000B80471EB4BBDA6401BD407D88B59934000000000000000000C0000001400000001
310
0000000C00000013000000891300003C0000000600000002000000B80471EB4BBDA640C67EB282365C93400000000000000000C045B816C499A640C67EB282365C934000000000000000000C00000013000000112700003C0000000600000002000000C045B816C499A640C67EB282365C93400000000000000000C045B816
310
C489A640C67EB282365C934000000000000000000C00000016000000030000C30C00000012000000FF7F00000C00000017000000000000000C000000130000009A3A00000C00000016000000030000C30C00000012000000FF7F00000C00000017000000FFFFFFFF0C0000003300000000000000
100
AcDbMLeader
300
CONTEXT_DATA{
 40
1.0
 10
2827.549652505094
 20
1239.05323294543
 30
0.0
 41
10.0
140
4.0
145
2.0
174
     1
175
     1
176
     2
177
     0
290
     1
304
reb 15
 11
0.0
 21
0.0
 31
1.0
340
11
 12
2882.882985838427
 22
1244.138498975358
 32
0.0
 13
1.0
 23
0.0
 33
0.0
 42
0.0
 43
0.0
 44
0.0
 45
1.0
170
     1
 90
-1023410173
171
     3
172
     5
 91
-1073741824
141
0.0
 92
        0
291
     0
292
     0
173
     0
293
     0
142
0.0
143
0.0
294
     0
295
     0
296
     0
110
2914.648280650927
120
1239.05323294543
130
0.0
111
1.0
121
0.0
131
0.0
112
0.0
122
1.0
132
0.0
297
     0
302
LEADER{
290
     1
291
     1
 10
2892.882985838427
 20
1239.05323294543
 30
0.0
 11
-1.0
 21
0.0
 31
0.0
 90
        0
 40
8.0
304
LEADER_LINE{
 10
2914.648280650927
 20
1239.05323294543
 30
0.0
 91
        0
305
}
303
}
301
}
340
56F
 90
   345088
170
     1
 91
-1056964608
341
14
171
    -2
290
     1
291
     1
 41
8.0
 42
4.0
172
     2
343
11
173
     1
 95
        1
174
     1
175
     0
 92
-1056964608
292
     0
 93
-1056964608
 10
1.0
 20
1.0
 30
1.0
 43
0.0
176
     0
293
     0
294
     0
178
     0
179
     1
 45
1.0
1001
ACAD_MLEADERVER
1070
     2
  0
LWPOLYLINE
  5
630
330
1F
100
AcDbEntity
  8
Rebaixo
 62
     3
100
AcDbPolyline
 90
       28
 70
     1
 43
0.0
 10
4311.00000031
 20
1419.986529100001
 10
4311.00000031
 20
1439.986529100001
 10
4540.00000031
 20
1439.986529100001
 10
4540.00000031
 20
1696.986529100001
 10
4560.00000031
 20
1696.986529100001
 10
4560.00000031
 20
1439.986529100001
 10
4790.00000031
 20
1439.986529100001
 10
4790.00000031
 20
1419.986529100001
 10
4560.00000031
 20
1419.986529100001
 10
4560.00000031
 20
1193.9865291
 10
4790.00000031
 20
1193.9865291
 10
4790.00000031
 20
1148.9865291
 10
4560.00000031
 20
1148.9865291
 10
4560.00000031
 20
924.9865291000007
 10
4790.00000031
 20
924.9865291000007
 10
4790.00000031
 20
904.9865291000008
 10
4560.00000031
 20
904.9865291000008
 10
4560.00000031
 20
644.9865291000008
 10
4540.00000031
 20
644.9865291000008
 10
4540.00000031
 20
904.9865291000008
 10
4311.00000031
 20
904.9865291000008
 10
4311.00000031
 20
924.9865291000007
 10
4540.00000031
 20
924.9865291000007
 10
4540.00000031
 20
1148.9865291
 10
4311.00000031
 20
1148.9865291
 10
4311.00000031
 20
1193.9865291
 10
4540.00000031
 20
1193.9865291
 10
4540.00000031
 20
1419.986529100001
  0
MTEXT
  5
631
330
1F
100
AcDbEntity
  8
Rebaixo
 62
     3
100
AcDbMText
 10
4544.279421654516
 20
1187.621926294751
 30
0.0
 40
10.0
 41
125.2462756173736
 71
     3
 72
     5
  1
reb 10
 11
0.0000000000000001
 21
1.0
 31
0.0
 73
     1
 44
1.0
1001
ACAD
1000
ACAD_MTEXT_COLUMN_INFO_BEGIN
1070
    75
1070
     2
1070
    79
1070
     0
1070
    76
1070
     1
1070
    78
1070
     0
1070
    48
1040
125.2462756173736
1070
    49
1040
12.5
1070
    50
1070
     1
1040
0.0
1000
ACAD_MTEXT_COLUMN_INFO_END
1000
MTEXTBEGIN
1070
    73
1070
     1
1070
    44
1040
1.0
1070
    74
1070
     0
1000
MTEXTEND
  0
LWPOLYLINE
  5
632
330
1F
100
AcDbEntity
  8
Rebaixo
 62
     3
100
AcDbPolyline
 90
        4
 70
     1
 43
0.0
 10
4350.00000031
 20
698.9865291000008
 10
4370.00000031
 20
698.9865291000008
 42
0.9999999999999998
 10
4370.00000031
 20
748.9865291000008
 10
4350.00000031
 20
748.9865291000008
 42
0.9999999999999998
  0
LWPOLYLINE
  5
633
330
1F
100
AcDbEntity
  8
Rebaixo
 62
     3
100
AcDbPolyline
 90
        4
 70
     1
 43
0.0
 10
4350.00000031
 20
1592.986529100001
 10
4370.00000031
 20
1592.986529100001
 42
0.9999999999999998
 10
4370.00000031
 20
1642.986529100001
 10
4350.00000031
 20
1642.986529100001
 42
0.9999999999999998
  0
LWPOLYLINE
  5
634
330
1F
100
AcDbEntity
  8
Rebaixo
 62
     3
100
AcDbPolyline
 90
        4
 70
     1
 43
0.0
 10
4335.00000031
 20
1246.986529100001
 10
4335.00000031
 20
1226.986529100001
 42
0.9999999999999998
 10
4385.00000031
 20
1226.986529100001
 10
4385.00000031
 20
1246.986529100001
 42
0.9999999999999998
  0
LWPOLYLINE
  5
635
330
1F
100
AcDbEntity
  8
Rebaixo
 62
     3
100
AcDbPolyline
 90
        4
 70
     1
 43
0.0
 10
4716.00000031
 20
1627.986529100001
 10
4716.00000031
 20
1607.986529100001
 42
0.9999999999999998
 10
4766.00000031
 20
1607.986529100001
 10
4766.00000031
 20
1627.986529100001
 42
0.9999999999999998
  0
LWPOLYLINE
  5
636
330
1F
100
AcDbEntity
  8
Rebaixo
 62
     3
100
AcDbPolyline
 90
        4
 70
     1
 43
0.0
 10
4716.00000031
 20
733.9865291000007
 10
4716.00000031
 20
713.9865291000007
 42
0.9999999999999998
 10
4766.00000031
 20
713.9865291000007
 10
4766.00000031
 20
733.9865291000007
 42
0.9999999999999998
  0
MULTILEADER
  5
637
330
1F
100
AcDbEntity
  8
Rebaixo
 62
     3
 92
      624
310
70020000190000000C00000016000000030000C30C00000033000000000000000C00000013000000993A00000C00000016000000030000C3A00000000B000000F1950BEEB20BB14004E66BB6C19F9740000000000000000000000000000000000000000000000000000000000000F03F075C143326A6913C000000000000F0
310
3F0000000000000000726562203135000006000000010000000000000000002440000000000000F03F0000000000000000000000000000F03F00000000000000000000000000000000000000007478742E73687800000053000C00000033000000000000000C000000100000000F0000000C00000016000000030000C30C00
310
000012000000FF7F00000C00000013000000010000000C0000001400000001000000540000000700000003000000C6855F171E06B14049B932B526E49840000000000000000071300AC2C806B14049B932B526F4984000000000000000001CDBB46C7307B14049B932B526E4984000000000000000000C0000001400000001
310
0000000C00000013000000891300003C000000060000000200000071300AC2C806B14049B932B526E49840000000000000000071300AC2C806B140593BC10B179D984000000000000000000C00000013000000112700003C000000060000000200000071300AC2C806B140593BC10B179D9840000000000000000071300AC2
310
C806B140593BC10B177D984000000000000000000C00000016000000030000C30C00000012000000FF7F00000C00000017000000000000000C000000130000009A3A00000C00000016000000030000C30C00000012000000FF7F00000C00000017000000FFFFFFFF0C0000003300000000000000
100
AcDbMLeader
300
CONTEXT_DATA{
 40
1.0
 10
4358.784210812403
 20
1509.939172445215
 30
0.0
 41
10.0
140
4.0
145
2.0
174
     1
175
     1
176
     2
177
     0
290
     1
304
reb 15
 11
0.0
 21
0.0
 31
1.0
340
11
 12
4353.698944782359
 22
1565.272505778548
 32
0.0
 13
0.0000000000000001
 23
1.0
 33
0.0
 42
1.570796326794896
 43
0.0
 44
0.0
 45
1.0
170
     1
 90
-1023410173
171
     3
172
     5
 91
-1073741824
141
0.0
 92
        0
291
     0
292
     0
173
     0
293
     0
142
0.0
143
0.0
294
     0
295
     0
296
     0
110
4358.784210812403
120
1597.037800591048
130
0.0
111
0.0000000000000001
121
1.0
131
0.0
112
-1.0
122
0.0000000000000001
132
0.0
297
     0
302
LEADER{
290
     1
291
     1
 10
4358.784210812403
 20
1575.272505778548
 30
0.0
 11
-0.0000000000000001
 21
-1.0
 31
0.0
 90
        0
 40
8.0
304
LEADER_LINE{
 10
4358.784210812403
 20
1597.037800591048
 30
0.0
 91
        0
305
}
303
}
301
}
340
56F
 90
   345088
170
     1
 91
-1056964608
341
14
171
    -2
290
     1
291
     1
 41
8.0
 42
4.0
172
     2
343
11
173
     1
 95
        1
174
     1
175
     0
 92
-1056964608
292
     0
 93
-1056964608
 10
1.0
 20
1.0
 30
1.0
 43
0.0
176
     0
293
     0
294
     0
178
     0
179
     1
 45
1.0
1001
ACAD_MLEADERVER
1070
     2
  0
MULTILEADER
  5
638
330
1F
100
AcDbEntity
  8
Rebaixo
 62
     3
 92
      624
310
70020000190000000C00000016000000030000C30C00000033000000000000000C00000013000000993A00000C00000016000000030000C3A00000000B000000F1B9F61B328BB24014C7E0429A799740000000000000000000000000000000000000000000000000000000000000F03F075C143326A6913C000000000000F0
310
3F0000000000000000726562203135000006000000010000000000000000002440000000000000F03F0000000000000000000000000000F03F00000000000000000000000000000000000000007478742E73687800000000000C00000033000000000000000C000000100000000F0000000C00000016000000030000C30C00
310
000012000000FF7F00000C00000013000000010000000C0000001400000001000000540000000700000003000000C6A94A459D85B240599AA741FFBD984000000000000000007154F5EF4786B240599AA741FFCD984000000000000000001CFF9F9AF286B240599AA741FFBD984000000000000000000C0000001400000001
310
0000000C00000013000000891300003C00000006000000020000007154F5EF4786B240599AA741FFBD984000000000000000007154F5EF4786B240691C3698EF76984000000000000000000C00000013000000112700003C00000006000000020000007154F5EF4786B240691C3698EF76984000000000000000007154F5EF
310
4786B240691C3698EF56984000000000000000000C00000016000000030000C30C00000012000000FF7F00000C00000017000000000000000C000000130000009A3A00000C00000016000000030000C30C00000012000000FF7F00000C00000017000000FFFFFFFF0C0000003300000000000000
100
AcDbMLeader
300
CONTEXT_DATA{
 40
1.0
 10
4742.281005223384
 20
1500.400645744467
 30
0.0
 41
10.0
140
4.0
145
2.0
174
     1
175
     1
176
     2
177
     0
290
     1
304
reb 15
 11
0.0
 21
0.0
 31
1.0
340
11
 12
4737.19573919334
 22
1555.733979077801
 32
0.0
 13
0.0000000000000001
 23
1.0
 33
0.0
 42
1.570796326794896
 43
0.0
 44
0.0
 45
1.0
170
     1
 90
-1023410173
171
     3
172
     5
 91
-1073741824
141
0.0
 92
        0
291
     0
292
     0
173
     0
293
     0
142
0.0
143
0.0
294
     0
295
     0
296
     0
110
4742.281005223384
120
1587.4992738903
130
0.0
111
0.0000000000000001
121
1.0
131
0.0
112
-1.0
122
0.0000000000000001
132
0.0
297
     0
302
LEADER{
290
     1
291
     1
 10
4742.281005223384
 20
1565.733979077801
 30
0.0
 11
-0.0000000000000001
 21
-1.0
 31
0.0
 90
        0
 40
8.0
304
LEADER_LINE{
 10
4742.281005223384
 20
1587.4992738903
 30
0.0
 91
        0
305
}
303
}
301
}
340
56F
 90
   345088
170
     1
 91
-1056964608
341
14
171
    -2
290
     1
291
     1
 41
8.0
 42
4.0
172
     2
343
11
173
     1
 95
        1
174
     1
175
     0
 92
-1056964608
292
     0
 93
-1056964608
 10
1.0
 20
1.0
 30
1.0
 43
0.0
176
     0
293
     0
294
     0
178
     0
179
     1
 45
1.0
1001
ACAD_MLEADERVER
1070
     2
  0
MULTILEADER
  5
639
330
1F
100
AcDbEntity
  8
Rebaixo
 62
     3
 92
      624
310
70020000190000000C00000016000000030000C30C00000033000000000000000C00000013000000993A00000C00000016000000030000C3A00000000B000000F10506725D8AB24052F1C8EA7F928840000000000000000000000000000000000000000000000000000000000000F03F075C143326A6913C000000000000F0
310
3F0000000000000000726562203135000006000000010000000000000000002440000000000000F03F0000000000000000000000000000F03F00000000000000000000000000000000000000007478742E73687800000000000C00000033000000000000000C000000100000000F0000000C00000016000000030000C30C00
310
000012000000FF7F00000C00000013000000010000000C00000014000000010000005400000007000000030000001C4BAFF01D86B24072F5E59760B48740000000000000000071A004467385B24072F5E597609487400000000000000000C6F5599BC884B24072F5E59760B4874000000000000000000C0000001400000001
310
0000000C00000013000000891300003C000000060000000200000071A004467385B24072F5E59760B48740000000000000000071A004467385B24052F1C8EA7F42884000000000000000000C00000013000000112700003C000000060000000200000071A004467385B24052F1C8EA7F428840000000000000000071A00446
310
7385B24052F1C8EA7F82884000000000000000000C00000016000000030000C30C00000012000000FF7F00000C00000017000000000000000C000000130000009A3A00000C00000016000000030000C30C00000012000000FF7F00000C00000017000000FFFFFFFF0C0000003300000000000000
100
AcDbMLeader
300
CONTEXT_DATA{
 40
1.0
 10
4741.450287141009
 20
784.3124595354695
 30
0.0
 41
10.0
140
4.0
145
2.0
174
     1
175
     1
176
     0
177
     0
290
     1
304
reb 15
 11
0.0
 21
0.0
 31
1.0
340
11
 12
4736.365021110964
 22
786.3124595354695
 32
0.0
 13
0.0000000000000001
 23
1.0
 33
0.0
 42
1.570796326794896
 43
0.0
 44
0.0
 45
1.0
170
     1
 90
-1023410173
171
     1
172
     5
 91
-1073741824
141
0.0
 92
        0
291
     0
292
     0
173
     0
293
     0
142
0.0
143
0.0
294
     0
295
     0
296
     0
110
4741.450287141009
120
754.5471647229699
130
0.0
111
0.0000000000000001
121
1.0
131
0.0
112
-1.0
122
0.0000000000000001
132
0.0
297
     0
302
LEADER{
290
     1
291
     1
 10
4741.450287141009
 20
776.3124595354695
 30
0.0
 11
0.0000000000000001
 21
1.0
 31
0.0
 90
        0
 40
8.0
304
LEADER_LINE{
 10
4741.450287141009
 20
754.5471647229699
 30
0.0
 91
        0
305
}
303
}
301
}
340
56F
 90
   345088
170
     1
 91
-1056964608
341
14
171
    -2
290
     1
291
     1
 41
8.0
 42
4.0
172
     2
343
11
173
     1
 95
        1
174
     1
175
     0
 92
-1056964608
292
     0
 93
-1056964608
 10
1.0
 20
1.0
 30
1.0
 43
0.0
176
     0
293
     0
294
     0
178
     0
179
     1
 45
1.0
1001
ACAD_MLEADERVER
1070
     2
  0
MULTILEADER
  5
63A
330
1F
100
AcDbEntity
  8
Rebaixo
 62
     3
 92
      624
310
70020000190000000C00000016000000030000C30C00000033000000000000000C00000013000000993A00000C00000016000000030000C3A00000000B000000716FF36B8B0BB140F2C306818E478840000000000000000000000000000000000000000000000000000000000000F03F075C143326A6913C000000000000F0
310
3F0000000000000000726562203135000006000000010000000000000000002440000000000000F03F0000000000000000000000000000F03F00000000000000000000000000000000000000007478742E73687800000000000C00000033000000000000000C000000100000000F0000000C00000016000000030000C30C00
310
000012000000FF7F00000C00000013000000010000000C00000014000000010000005400000007000000030000009CB49CEA4B07B14012C8232E6F6987400000000000000000F109F23FA106B14012C8232E6F4987400000000000000000465F4795F605B14012C8232E6F69874000000000000000000C0000001400000001
310
0000000C00000013000000891300003C0000000600000002000000F109F23FA106B14012C8232E6F6987400000000000000000F109F23FA106B140F2C306818EF7874000000000000000000C00000013000000112700003C0000000600000002000000F109F23FA106B140F2C306818EF787400000000000000000F109F23F
310
A106B140F2C306818E37884000000000000000000C00000016000000030000C30C00000012000000FF7F00000C00000017000000000000000C000000130000009A3A00000C00000016000000030000C30C00000012000000FF7F00000C00000017000000FFFFFFFF0C0000003300000000000000
100
AcDbMLeader
300
CONTEXT_DATA{
 40
1.0
 10
4358.629881980349
 20
774.9445820358799
 30
0.0
 41
10.0
140
4.0
145
2.0
174
     1
175
     1
176
     0
177
     0
290
     1
304
reb 15
 11
0.0
 21
0.0
 31
1.0
340
11
 12
4353.544615950305
 22
776.9445820358798
 32
0.0
 13
0.0000000000000001
 23
1.0
 33
0.0
 42
1.570796326794896
 43
0.0
 44
0.0
 45
1.0
170
     1
 90
-1023410173
171
     1
172
     5
 91
-1073741824
141
0.0
 92
        0
291
     0
292
     0
173
     0
293
     0
142
0.0
143
0.0
294
     0
295
     0
296
     0
110
4358.629881980349
120
745.1792872233802
130
0.0
111
0.0000000000000001
121
1.0
131
0.0
112
-1.0
122
0.0000000000000001
132
0.0
297
     0
302
LEADER{
290
     1
291
     1
 10
4358.629881980349
 20
766.9445820358799
 30
0.0
 11
0.0000000000000001
 21
1.0
 31
0.0
 90
        0
 40
8.0
304
LEADER_LINE{
 10
4358.629881980349
 20
745.1792872233802
 30
0.0
 91
        0
305
}
303
}
301
}
340
56F
 90
   345088
170
     1
 91
-1056964608
341
14
171
    -2
290
     1
291
     1
 41
8.0
 42
4.0
172
     2
343
11
173
     1
 95
        1
174
     1
175
     0
 92
-1056964608
292
     0
 93
-1056964608
 10
1.0
 20
1.0
 30
1.0
 43
0.0
176
     0
293
     0
294
     0
178
     0
179
     1
 45
1.0
1001
ACAD_MLEADERVER
1070
     2
  0
MULTILEADER
  5
63B
330
1F
100
AcDbEntity
  8
Rebaixo
 62
     3
 92
      624
310
70020000190000000C00000016000000030000C30C00000033000000000000000C00000013000000993A00000C00000016000000030000C3A00000000B000000716FF36B8B0BB140594825EFFE4C9440000000000000000000000000000000000000000000000000000000000000F03F075C143326A6913C000000000000F0
310
3F0000000000000000726562203135000006000000010000000000000000002440000000000000F03F0000000000000000000000000000F03F00000000000000000000000000000000000000007478742E73687800000000000C00000033000000000000000C000000100000000F0000000C00000016000000030000C30C00
310
000012000000FF7F00000C00000013000000010000000C00000014000000010000005400000007000000030000009CB49CEA4B07B14069CAB345EFDD93400000000000000000F109F23FA106B14069CAB345EFCD93400000000000000000465F4795F605B14069CAB345EFDD934000000000000000000C0000001400000001
310
0000000C00000013000000891300003C0000000600000002000000F109F23FA106B14069CAB345EFDD93400000000000000000F109F23FA106B140594825EFFE24944000000000000000000C00000013000000112700003C0000000600000002000000F109F23FA106B140594825EFFE2494400000000000000000F109F23F
310
A106B140594825EFFE44944000000000000000000C00000016000000030000C30C00000012000000FF7F00000C00000017000000000000000C000000130000009A3A00000C00000016000000030000C30C00000012000000FF7F00000C00000017000000FFFFFFFF0C0000003300000000000000
100
AcDbMLeader
300
CONTEXT_DATA{
 40
1.0
 10
4358.629881980349
 20
1297.248959143201
 30
0.0
 41
10.0
140
4.0
145
2.0
174
     1
175
     1
176
     0
177
     0
290
     1
304
reb 15
 11
0.0
 21
0.0
 31
1.0
340
11
 12
4353.544615950305
 22
1299.248959143201
 32
0.0
 13
0.0000000000000001
 23
1.0
 33
0.0
 42
1.570796326794896
 43
0.0
 44
0.0
 45
1.0
170
     1
 90
-1023410173
171
     1
172
     5
 91
-1073741824
141
0.0
 92
        0
291
     0
292
     0
173
     0
293
     0
142
0.0
143
0.0
294
     0
295
     0
296
     0
110
4358.629881980349
120
1267.483664330701
130
0.0
111
0.0000000000000001
121
1.0
131
0.0
112
-1.0
122
0.0000000000000001
132
0.0
297
     0
302
LEADER{
290
     1
291
     1
 10
4358.629881980349
 20
1289.248959143201
 30
0.0
 11
0.0000000000000001
 21
1.0
 31
0.0
 90
        0
 40
8.0
304
LEADER_LINE{
 10
4358.629881980349
 20
1267.483664330701
 30
0.0
 91
        0
305
}
303
}
301
}
340
56F
 90
   345088
170
     1
 91
-1056964608
341
14
171
    -2
290
     1
291
     1
 41
8.0
 42
4.0
172
     2
343
11
173
     1
 95
        1
174
     1
175
     0
 92
-1056964608
292
     0
 93
-1056964608
 10
1.0
 20
1.0
 30
1.0
 43
0.0
176
     0
293
     0
294
     0
178
     0
179
     1
 45
1.0
1001
ACAD_MLEADERVER
1070
     2
  0
MULTILEADER
  5
63C
330
1F
100
AcDbEntity
  8
Rebaixo
 62
     3
 92
      624
310
70020000190000000C00000016000000030000C30C00000033000000000000000C00000013000000993A00000C00000016000000030000C3A00000000B000000717D4E92B08AB240196236525E279440000000000000000000000000000000000000000000000000000000000000F03F075C143326A6913C000000000000F0
310
3F0000000000000000726562203135000006000000010000000000000000002440000000000000F03F0000000000000000000000000000F03F00000000000000000000000000000000000000007478742E73687800000000000C00000033000000000000000C000000100000000F0000000C00000016000000030000C30C00
310
000012000000FF7F00000C00000013000000010000000C00000014000000010000005400000007000000030000009CC2F7107186B24029E4C4A84EB893400000000000000000F1174D66C685B24029E4C4A84EA893400000000000000000466DA2BB1B85B24029E4C4A84EB8934000000000000000000C0000001400000001
310
0000000C00000013000000891300003C0000000600000002000000F1174D66C685B24029E4C4A84EB893400000000000000000F1174D66C685B240196236525EFF934000000000000000000C00000013000000112700003C0000000600000002000000F1174D66C685B240196236525EFF93400000000000000000F1174D66
310
C685B240196236525E1F944000000000000000000C00000016000000030000C30C00000012000000FF7F00000C00000017000000000000000C000000130000009A3A00000C00000016000000030000C30C00000012000000FF7F00000C00000017000000FFFFFFFF0C0000003300000000000000
100
AcDbMLeader
300
CONTEXT_DATA{
 40
1.0
 10
4741.774998491616
 20
1287.842110490548
 30
0.0
 41
10.0
140
4.0
145
2.0
174
     1
175
     1
176
     0
177
     0
290
     1
304
reb 15
 11
0.0
 21
0.0
 31
1.0
340
11
 12
4736.689732461572
 22
1289.842110490548
 32
0.0
 13
0.0000000000000001
 23
1.0
 33
0.0
 42
1.570796326794896
 43
0.0
 44
0.0
 45
1.0
170
     1
 90
-1023410173
171
     1
172
     5
 91
-1073741824
141
0.0
 92
        0
291
     0
292
     0
173
     0
293
     0
142
0.0
143
0.0
294
     0
295
     0
296
     0
110
4741.774998491616
120
1258.076815678049
130
0.0
111
0.0000000000000001
121
1.0
131
0.0
112
-1.0
122
0.0000000000000001
132
0.0
297
     0
302
LEADER{
290
     1
291
     1
 10
4741.774998491616
 20
1279.842110490548
 30
0.0
 11
0.0000000000000001
 21
1.0
 31
0.0
 90
        0
 40
8.0
304
LEADER_LINE{
 10
4741.774998491616
 20
1258.076815678049
 30
0.0
 91
        0
305
}
303
}
301
}
340
56F
 90
   345088
170
     1
 91
-1056964608
341
14
171
    -2
290
     1
291
     1
 41
8.0
 42
4.0
172
     2
343
11
173
     1
 95
        1
174
     1
175
     0
 92
-1056964608
292
     0
 93
-1056964608
 10
1.0
 20
1.0
 30
1.0
 43
0.0
176
     0
293
     0
294
     0
178
     0
179
     1
 45
1.0
1001
ACAD_MLEADERVER
1070
     2
  0
LWPOLYLINE
  5
63D
330
1F
100
AcDbEntity
  8
Rebaixo
 62
     3
100
AcDbPolyline
 90
        4
 70
     1
 43
0.0
 10
4730.999640089844
 20
1211.986529100001
 10
4750.999640089844
 20
1211.986529100001
 42
0.9999999999999998
 10
4750.999640089844
 20
1261.986529100001
 10
4730.999640089844
 20
1261.986529100001
 42
0.9999999999999998
  0
ENDSEC
  0
SECTION
  2
OBJECTS
  0
DICTIONARY
  5
C
330
0
100
AcDbDictionary
281
     1
  3
ACAD_CIP_PREVIOUS_PRODUCT_INFO
350
5C5
  3
ACAD_COLOR
350
56A
  3
ACAD_DETAILVIEWSTYLE
350
5C2
  3
ACAD_FIELDLIST
350
56B
  3
ACAD_GROUP
350
D
  3
ACAD_IMAGE_DICT
350
56C
  3
ACAD_LAST_SAVED_VERSION_INFO
350
63E
  3
ACAD_LAYOUT
350
1A
  3
ACAD_MATERIAL
350
56D
  3
ACAD_MLEADERSTYLE
350
56E
  3
ACAD_MLINESTYLE
350
17
  3
ACAD_PLOTSETTINGS
350
19
  3
ACAD_PLOTSTYLENAME
350
E
  3
ACAD_SCALELIST
350
558
  3
ACAD_SECTIONVIEWSTYLE
350
5C0
  3
ACAD_TABLESTYLE
350
570
  3
ACAD_VISUALSTYLE
350
578
  3
ACDB_RECOMPOSE_DATA
350
755
  3
AcDbVariableDictionary
350
575
  3
DWGPROPS
350
756
  0
DICTIONARY
  5
5CF
330
2
100
AcDbDictionary
280
     1
281
     1
  3
ACAD_LAYERSTATES
360
5D0
  0
DICTIONARY
  5
63F
330
10
100
AcDbDictionary
280
     1
281
     1
  3
ADSK_XREC_LAYER_RECONCILED
360
640
  0
DICTIONARY
  5
641
330
27
100
AcDbDictionary
280
     1
281
     1
  3
ADSK_XREC_LAYER_RECONCILED
360
642
  0
DICTIONARY
  5
643
330
28
100
AcDbDictionary
280
     1
281
     1
  3
ADSK_XREC_LAYER_RECONCILED
360
644
  0
DICTIONARY
  5
645
330
29
100
AcDbDictionary
280
     1
281
     1
  3
ADSK_XREC_LAYER_RECONCILED
360
646
  0
DICTIONARY
  5
647
330
2A
100
AcDbDictionary
280
     1
281
     1
  3
ADSK_XREC_LAYER_RECONCILED
360
648
  0
DICTIONARY
  5
649
330
2B
100
AcDbDictionary
280
     1
281
     1
  3
ADSK_XREC_LAYER_RECONCILED
360
64A
  0
DICTIONARY
  5
64B
330
2C
100
AcDbDictionary
280
     1
281
     1
  3
ADSK_XREC_LAYER_RECONCILED
360
64C
  0
DICTIONARY
  5
64D
330
2D
100
AcDbDictionary
280
     1
281
     1
  3
ADSK_XREC_LAYER_RECONCILED
360
64E
  0
DICTIONARY
  5
64F
330
2E
100
AcDbDictionary
280
     1
281
     1
  3
ADSK_XREC_LAYER_RECONCILED
360
650
  0
DICTIONARY
  5
651
330
2F
100
AcDbDictionary
280
     1
281
     1
  3
ADSK_XREC_LAYER_RECONCILED
360
652
  0
DICTIONARY
  5
653
330
30
100
AcDbDictionary
280
     1
281
     1
  3
ADSK_XREC_LAYER_RECONCILED
360
654
  0
DICTIONARY
  5
655
330
31
100
AcDbDictionary
280
     1
281
     1
  3
ADSK_XREC_LAYER_RECONCILED
360
656
  0
DICTIONARY
  5
657
330
32
100
AcDbDictionary
280
     1
281
     1
  3
ADSK_XREC_LAYER_RECONCILED
360
658
  0
DICTIONARY
  5
659
330
33
100
AcDbDictionary
280
     1
281
     1
  3
ADSK_XREC_LAYER_RECONCILED
360
65A
  0
DICTIONARY
  5
65B
330
34
100
AcDbDictionary
280
     1
281
     1
  3
ADSK_XREC_LAYER_RECONCILED
360
65C
  0
DICTIONARY
  5
65D
330
35
100
AcDbDictionary
280
     1
281
     1
  3
ADSK_XREC_LAYER_RECONCILED
360
65E
  0
DICTIONARY
  5
65F
330
36
100
AcDbDictionary
280
     1
281
     1
  3
ADSK_XREC_LAYER_RECONCILED
360
660
  0
DICTIONARY
  5
661
330
37
100
AcDbDictionary
280
     1
281
     1
  3
ADSK_XREC_LAYER_RECONCILED
360
662
  0
DICTIONARY
  5
663
330
38
100
AcDbDictionary
280
     1
281
     1
  3
ADSK_XREC_LAYER_RECONCILED
360
664
  0
DICTIONARY
  5
665
330
39
100
AcDbDictionary
280
     1
281
     1
  3
ADSK_XREC_LAYER_RECONCILED
360
666
  0
DICTIONARY
  5
667
330
3A
100
AcDbDictionary
280
     1
281
     1
  3
ADSK_XREC_LAYER_RECONCILED
360
668
  0
DICTIONARY
  5
669
330
3B
100
AcDbDictionary
280
     1
281
     1
  3
ADSK_XREC_LAYER_RECONCILED
360
66A
  0
DICTIONARY
  5
66B
330
3C
100
AcDbDictionary
280
     1
281
     1
  3
ADSK_XREC_LAYER_RECONCILED
360
66C
  0
DICTIONARY
  5
66D
330
3D
100
AcDbDictionary
280
     1
281
     1
  3
ADSK_XREC_LAYER_RECONCILED
360
66E
  0
DICTIONARY
  5
66F
330
3E
100
AcDbDictionary
280
     1
281
     1
  3
ADSK_XREC_LAYER_RECONCILED
360
670
  0
DICTIONARY
  5
671
330
3F
100
AcDbDictionary
280
     1
281
     1
  3
ADSK_XREC_LAYER_RECONCILED
360
672
  0
DICTIONARY
  5
673
330
40
100
AcDbDictionary
280
     1
281
     1
  3
ADSK_XREC_LAYER_RECONCILED
360
674
  0
DICTIONARY
  5
675
330
41
100
AcDbDictionary
280
     1
281
     1
  3
ADSK_XREC_LAYER_RECONCILED
360
676
  0
DICTIONARY
  5
677
330
42
100
AcDbDictionary
280
     1
281
     1
  3
ADSK_XREC_LAYER_RECONCILED
360
678
  0
DICTIONARY
  5
679
330
43
100
AcDbDictionary
280
     1
281
     1
  3
ADSK_XREC_LAYER_RECONCILED
360
67A
  0
DICTIONARY
  5
74A
330
271
100
AcDbDictionary
280
     1
281
     1
  3
ACAD_MTEXT_2008_RT
360
74B
  0
DICTIONARY
  5
74C
330
290
100
AcDbDictionary
280
     1
281
     1
  3
ACAD_MTEXT_2008_RT
360
74D
  0
DICTIONARY
  5
74E
330
296
100
AcDbDictionary
280
     1
281
     1
  3
ACAD_MTEXT_2008_RT
360
74F
  0
DICTIONARY
  5
750
330
2AF
100
AcDbDictionary
280
     1
281
     1
  3
ACAD_MTEXT_2008_RT
360
751
  0
DICTIONARY
  5
752
330
2D9
100
AcDbDictionary
280
     1
281
     1
  3
ACAD_MTEXT_2008_RT
360
753
  0
XRECORD
  5
5C5
102
{ACAD_REACTORS
330
C
102
}
330
C
100
AcDbXrecord
280
     1
300
ACDLT
300
2025
300

  0
DICTIONARY
  5
56A
102
{ACAD_REACTORS
330
C
102
}
330
C
100
AcDbDictionary
281
     1
  0
DICTIONARY
  5
5C2
102
{ACAD_REACTORS
330
C
102
}
330
C
100
AcDbDictionary
281
     1
  3
Metric50
350
5C3
  0
FIELDLIST
  5
56B
102
{ACAD_REACTORS
330
C
102
}
330
C
100
AcDbIdSet
 90
        0
100
AcDbFieldList
  0
DICTIONARY
  5
D
102
{ACAD_REACTORS
330
C
102
}
330
C
100
AcDbDictionary
281
     1
  0
DICTIONARY
  5
56C
102
{ACAD_REACTORS
330
C
102
}
330
C
100
AcDbDictionary
281
     1
  0
XRECORD
  5
63E
102
{ACAD_REACTORS
330
C
102
}
330
C
100
AcDbXrecord
280
     1
300
{ADE7E912-F159-4A4D-A09D-7911A0F2A8F5}
301
{859E4914-6BE8-D54A-BCA9-6AD49A41FD0E}
302
{ADE7E912-F159-4A4D-A09D-7911A0F2A8F5}
303

  0
DICTIONARY
  5
1A
102
{ACAD_REACTORS
330
C
102
}
330
C
100
AcDbDictionary
281
     1
  3
Layout1
350
1E
  3
Model
350
22
  0
DICTIONARY
  5
56D
102
{ACAD_REACTORS
330
C
102
}
330
C
100
AcDbDictionary
281
     1
  3
ByBlock
350
587
  3
ByLayer
350
57F
  3
Global
350
58F
  0
DICTIONARY
  5
56E
102
{ACAD_REACTORS
330
C
102
}
330
C
100
AcDbDictionary
281
     1
  3
Standard
350
56F
  0
DICTIONARY
  5
17
102
{ACAD_REACTORS
330
C
102
}
330
C
100
AcDbDictionary
281
     1
  3
STANDARD
350
18
  0
DICTIONARY
  5
19
102
{ACAD_REACTORS
330
C
102
}
330
C
100
AcDbDictionary
281
     1
  0
ACDBDICTIONARYWDFLT
  5
E
102
{ACAD_REACTORS
330
C
102
}
330
C
100
AcDbDictionary
281
     1
  3
Normal
350
F
100
AcDbDictionaryWithDefault
340
F
  0
DICTIONARY
  5
558
102
{ACAD_REACTORS
330
C
102
}
330
C
100
AcDbDictionary
281
     1
  3
A0
350
5AF
  3
A1
350
5B0
  3
A2
350
5B1
  3
A3
350
5B2
  3
A4
350
5B3
  3
A5
350
5B4
  3
A6
350
5B5
  3
A7
350
5B6
  3
A8
350
5B7
  3
A9
350
5B8
  3
B0
350
5B9
  3
B1
350
5BA
  3
B2
350
5BB
  3
B3
350
5BC
  3
B4
350
5BD
  3
B5
350
5BE
  3
B6
350
5BF
  0
DICTIONARY
  5
5C0
102
{ACAD_REACTORS
330
C
102
}
330
C
100
AcDbDictionary
281
     1
  3
Metric50
350
5C1
  0
DICTIONARY
  5
570
102
{ACAD_REACTORS
330
C
102
}
330
C
100
AcDbDictionary
281
     1
  3
Standard
350
571
  0
DICTIONARY
  5
578
102
{ACAD_REACTORS
330
C
102
}
330
C
100
AcDbDictionary
281
     1
  3
2dWireframe
350
59C
  3
Basic
350
59B
  3
Brighten
350
5A2
  3
ColorChange
350
5A6
  3
Conceptual
350
59F
  3
Dim
350
5A1
  3
EdgeColorOff
350
5AE
  3
Facepattern
350
5A5
  3
Flat
350
597
  3
FlatWithEdges
350
598
  3
Gouraud
350
599
  3
GouraudWithEdges
350
59A
  3
Hidden
350
59E
  3
JitterOff
350
5AC
  3
Linepattern
350
5A4
  3
OverhangOff
350
5AD
  3
Realistic
350
5A0
  3
Shaded
350
5AB
  3
Shaded with edges
350
5AA
  3
Shades of Gray
350
5A7
  3
Sketchy
350
5A8
  3
Thicken
350
5A3
  3
Wireframe
350
59D
  3
X-Ray
350
5A9
  0
XRECORD
  5
755
102
{ACAD_REACTORS
330
C
102
}
330
C
100
AcDbXrecord
280
     1
 90
        1
330
271
330
290
330
296
330
2AF
330
2D9
330
571
330
625
330
628
330
62C
330
631
  0
DICTIONARY
  5
575
102
{ACAD_REACTORS
330
C
102
}
330
C
100
AcDbDictionary
281
     1
  3
CANNOSCALE
350
67F
  3
CMLEADERSTYLE
350
67C
  3
CTABLESTYLE
350
67B
  3
CVIEWDETAILSTYLE
350
67D
  3
CVIEWSECTIONSTYLE
350
67E
  3
DIMASSOC
350
576
  3
HIDETEXT
350
577
  3
INDEXCTL
350
681
  3
SORTENTS
350
680
  3
XCLIPFRAME
350
682
  0
XRECORD
  5
756
102
{ACAD_REACTORS
330
C
102
}
330
C
100
AcDbXrecord
280
     1
  1
DWGPROPS COOKIE
  2

  3

  4

  6

  7

  8
MatheusRVBIsolantes
  9

300
=
301
=
302
=
303
=
304
=
305
=
306
=
307
=
308
=
309
=
 40
0.0023958333333333
 41
2461103.348703704
 42
2461103.851967593
  1

 90
        0
  0
DICTIONARY
  5
5D0
102
{ACAD_REACTORS
330
5CF
102
}
330
5CF
100
AcDbDictionary
281
     1
  0
XRECORD
  5
640
102
{ACAD_REACTORS
330
63F
102
}
330
63F
100
AcDbXrecord
280
     1
290
     1
  0
XRECORD
  5
642
102
{ACAD_REACTORS
330
641
102
}
330
641
100
AcDbXrecord
280
     1
290
     1
  0
XRECORD
  5
644
102
{ACAD_REACTORS
330
643
102
}
330
643
100
AcDbXrecord
280
     1
290
     1
  0
XRECORD
  5
646
102
{ACAD_REACTORS
330
645
102
}
330
645
100
AcDbXrecord
280
     1
290
     1
  0
XRECORD
  5
648
102
{ACAD_REACTORS
330
647
102
}
330
647
100
AcDbXrecord
280
     1
290
     1
  0
XRECORD
  5
64A
102
{ACAD_REACTORS
330
649
102
}
330
649
100
AcDbXrecord
280
     1
290
     1
  0
XRECORD
  5
64C
102
{ACAD_REACTORS
330
64B
102
}
330
64B
100
AcDbXrecord
280
     1
290
     1
  0
XRECORD
  5
64E
102
{ACAD_REACTORS
330
64D
102
}
330
64D
100
AcDbXrecord
280
     1
290
     1
  0
XRECORD
  5
650
102
{ACAD_REACTORS
330
64F
102
}
330
64F
100
AcDbXrecord
280
     1
290
     1
  0
XRECORD
  5
652
102
{ACAD_REACTORS
330
651
102
}
330
651
100
AcDbXrecord
280
     1
290
     1
  0
XRECORD
  5
654
102
{ACAD_REACTORS
330
653
102
}
330
653
100
AcDbXrecord
280
     1
290
     1
  0
XRECORD
  5
656
102
{ACAD_REACTORS
330
655
102
}
330
655
100
AcDbXrecord
280
     1
290
     1
  0
XRECORD
  5
658
102
{ACAD_REACTORS
330
657
102
}
330
657
100
AcDbXrecord
280
     1
290
     1
  0
XRECORD
  5
65A
102
{ACAD_REACTORS
330
659
102
}
330
659
100
AcDbXrecord
280
     1
290
     1
  0
XRECORD
  5
65C
102
{ACAD_REACTORS
330
65B
102
}
330
65B
100
AcDbXrecord
280
     1
290
     1
  0
XRECORD
  5
65E
102
{ACAD_REACTORS
330
65D
102
}
330
65D
100
AcDbXrecord
280
     1
290
     1
  0
XRECORD
  5
660
102
{ACAD_REACTORS
330
65F
102
}
330
65F
100
AcDbXrecord
280
     1
290
     1
  0
XRECORD
  5
662
102
{ACAD_REACTORS
330
661
102
}
330
661
100
AcDbXrecord
280
     1
290
     1
  0
XRECORD
  5
664
102
{ACAD_REACTORS
330
663
102
}
330
663
100
AcDbXrecord
280
     1
290
     1
  0
XRECORD
  5
666
102
{ACAD_REACTORS
330
665
102
}
330
665
100
AcDbXrecord
280
     1
290
     1
  0
XRECORD
  5
668
102
{ACAD_REACTORS
330
667
102
}
330
667
100
AcDbXrecord
280
     1
290
     1
  0
XRECORD
  5
66A
102
{ACAD_REACTORS
330
669
102
}
330
669
100
AcDbXrecord
280
     1
290
     1
  0
XRECORD
  5
66C
102
{ACAD_REACTORS
330
66B
102
}
330
66B
100
AcDbXrecord
280
     1
290
     1
  0
XRECORD
  5
66E
102
{ACAD_REACTORS
330
66D
102
}
330
66D
100
AcDbXrecord
280
     1
290
     1
  0
XRECORD
  5
670
102
{ACAD_REACTORS
330
66F
102
}
330
66F
100
AcDbXrecord
280
     1
290
     1
  0
XRECORD
  5
672
102
{ACAD_REACTORS
330
671
102
}
330
671
100
AcDbXrecord
280
     1
290
     1
  0
XRECORD
  5
674
102
{ACAD_REACTORS
330
673
102
}
330
673
100
AcDbXrecord
280
     1
290
     1
  0
XRECORD
  5
676
102
{ACAD_REACTORS
330
675
102
}
330
675
100
AcDbXrecord
280
     1
290
     1
  0
XRECORD
  5
678
102
{ACAD_REACTORS
330
677
102
}
330
677
100
AcDbXrecord
280
     1
290
     1
  0
XRECORD
  5
67A
102
{ACAD_REACTORS
330
679
102
}
330
679
100
AcDbXrecord
280
     1
290
     1
  0
XRECORD
  5
74B
102
{ACAD_REACTORS
330
74A
102
}
330
74A
100
AcDbXrecord
280
     1
 40
13905.0
  1
\pxt1;13707814 pos.1
  0
XRECORD
  5
74D
102
{ACAD_REACTORS
330
74C
102
}
330
74C
100
AcDbXrecord
280
     1
 40
13925.0
  1
\pxt1;13707814 pos.2
  0
XRECORD
  5
74F
102
{ACAD_REACTORS
330
74E
102
}
330
74E
100
AcDbXrecord
280
     1
 40
13925.0
  1
\pxt1;13707814 pos.2
  0
XRECORD
  5
751
102
{ACAD_REACTORS
330
750
102
}
330
750
100
AcDbXrecord
280
     1
 40
13905.0
  1
\pxt1;13707814 pos.1
  0
XRECORD
  5
753
102
{ACAD_REACTORS
330
752
102
}
330
752
100
AcDbXrecord
280
     1
 40
811.0
  1
\pxqc;REB 5
  0
ACDBDETAILVIEWSTYLE
  5
5C3
102
{ACAD_XDICTIONARY
360
791
102
}
102
{ACAD_REACTORS
330
5C2
102
}
330
5C2
100
AcDbModelDocViewStyle
 70
     0
  3
Metric50
290
     0
100
AcDbDetailViewStyle
 70
     0
 71
     0
 90
        3
 71
     1
340
11
 40
5.0
340
0
 40
5.0
300

 40
0.0
280
     1
 71
     2
340
16
 90
       25
 71
     3
340
11
 40
5.0
 90
        0
 40
15.0
 90
        1
300
%<\AcVar ViewDetailId>% (%<\AcVar ViewScale \f "%sn">%)
 71
     4
340
16
 90
       25
340
16
 90
       25
280
     0
  0
LAYOUT
  5
1E
102
{ACAD_XDICTIONARY
360
757
102
}
102
{ACAD_REACTORS
330
1A
102
}
330
1A
100
AcDbPlotSettings
  1

  2
C:\Program Files\AutoCAD 2002\plotters\DWF ePlot (optimized for plotting).pc3
  4

  6

 40
0.0
 41
0.0
 42
0.0
 43
0.0
 44
0.0
 45
0.0
 46
0.0
 47
0.0
 48
0.0
 49
0.0
140
0.0
141
0.0
142
1.0
143
1.0
 70
   688
 72
     1
 73
     1
 74
     1
  7
acad.stb
 75
    16
147
1.0
148
0.0
149
0.0
100
AcDbLayout
  1
Layout1
 70
     1
 71
     1
 10
0.0
 20
0.0
 11
0.0
 21
0.0
 12
0.0
 22
0.0
 32
0.0
 14
1.000000000000000E+20
 24
1.000000000000000E+20
 34
1.000000000000000E+20
 15
-1.000000000000000E+20
 25
-1.000000000000000E+20
 35
-1.000000000000000E+20
146
0.0
 13
0.0
 23
0.0
 33
0.0
 16
1.0
 26
0.0
 36
0.0
 17
0.0
 27
1.0
 37
0.0
 76
     0
330
553
  0
LAYOUT
  5
22
102
{ACAD_XDICTIONARY
360
759
102
}
102
{ACAD_REACTORS
330
1A
102
}
330
1A
100
AcDbPlotSettings
  1

  2
C:\Program Files\AutoCAD 2002\plotters\DWF ePlot (optimized for plotting).pc3
  4

  6

 40
0.0
 41
0.0
 42
0.0
 43
0.0
 44
0.0
 45
0.0
 46
0.0
 47
0.0
 48
0.0
 49
0.0
140
0.0
141
0.0
142
1.0
143
1.0
 70
  1712
 72
     1
 73
     1
 74
     0
  7
acad.stb
 75
     0
147
1.0
148
0.0
149
0.0
100
AcDbLayout
  1
Model
 70
     1
 71
     0
 10
0.0
 20
0.0
 11
12.0
 21
9.0
 12
0.0
 22
0.0
 32
0.0
 14
0.0
 24
0.0
 34
0.0
 15
0.0
 25
0.0
 35
0.0
146
0.0
 13
0.0
 23
0.0
 33
0.0
 16
1.0
 26
0.0
 36
0.0
 17
0.0
 27
1.0
 37
0.0
 76
     0
330
1F
331
557
  0
MATERIAL
  5
587
102
{ACAD_XDICTIONARY
360
588
102
}
102
{ACAD_REACTORS
330
56D
102
}
330
56D
100
AcDbMaterial
  1
ByBlock
 72
     0
 43
0.0008202099737533
 43
0.0
 43
0.0
 43
0.0
 43
0.0
 43
0.0008202099737533
 43
0.0
 43
0.0
 43
0.0
 43
0.0
 43
1.0
 43
0.0
 43
0.0
 43
0.0
 43
0.0
 43
1.0
 77
     0
 47
0.0008202099737533
 47
0.0
 47
0.0
 47
0.0
 47
0.0
 47
0.0008202099737533
 47
0.0
 47
0.0
 47
0.0
 47
0.0
 47
1.0
 47
0.0
 47
0.0
 47
0.0
 47
0.0
 47
1.0
171
     0
 49
0.0008202099737533
 49
0.0
 49
0.0
 49
0.0
 49
0.0
 49
0.0008202099737533
 49
0.0
 49
0.0
 49
0.0
 49
0.0
 49
1.0
 49
0.0
 49
0.0
 49
0.0
 49
0.0
 49
1.0
175
     0
142
0.0008202099737533
142
0.0
142
0.0
142
0.0
142
0.0
142
0.0008202099737533
142
0.0
142
0.0
142
0.0
142
0.0
142
1.0
142
0.0
142
0.0
142
0.0
142
0.0
142
1.0
179
     0
144
0.0008202099737533
144
0.0
144
0.0
144
0.0
144
0.0
144
0.0008202099737533
144
0.0
144
0.0
144
0.0
144
0.0
144
1.0
144
0.0
144
0.0
144
0.0
144
0.0
144
1.0
147
0.0008202099737533
147
0.0
147
0.0
147
0.0
147
0.0
147
0.0008202099737533
147
0.0
147
0.0
147
0.0
147
0.0
147
1.0
147
0.0
147
0.0
147
0.0
147
0.0
147
1.0
  0
MATERIAL
  5
57F
102
{ACAD_XDICTIONARY
360
580
102
}
102
{ACAD_REACTORS
330
56D
102
}
330
56D
100
AcDbMaterial
  1
ByLayer
 72
     0
 43
0.0008202099737533
 43
0.0
 43
0.0
 43
0.0
 43
0.0
 43
0.0008202099737533
 43
0.0
 43
0.0
 43
0.0
 43
0.0
 43
1.0
 43
0.0
 43
0.0
 43
0.0
 43
0.0
 43
1.0
 77
     0
 47
0.0008202099737533
 47
0.0
 47
0.0
 47
0.0
 47
0.0
 47
0.0008202099737533
 47
0.0
 47
0.0
 47
0.0
 47
0.0
 47
1.0
 47
0.0
 47
0.0
 47
0.0
 47
0.0
 47
1.0
171
     0
 49
0.0008202099737533
 49
0.0
 49
0.0
 49
0.0
 49
0.0
 49
0.0008202099737533
 49
0.0
 49
0.0
 49
0.0
 49
0.0
 49
1.0
 49
0.0
 49
0.0
 49
0.0
 49
0.0
 49
1.0
175
     0
142
0.0008202099737533
142
0.0
142
0.0
142
0.0
142
0.0
142
0.0008202099737533
142
0.0
142
0.0
142
0.0
142
0.0
142
1.0
142
0.0
142
0.0
142
0.0
142
0.0
142
1.0
179
     0
144
0.0008202099737533
144
0.0
144
0.0
144
0.0
144
0.0
144
0.0008202099737533
144
0.0
144
0.0
144
0.0
144
0.0
144
1.0
144
0.0
144
0.0
144
0.0
144
0.0
144
1.0
147
0.0008202099737533
147
0.0
147
0.0
147
0.0
147
0.0
147
0.0008202099737533
147
0.0
147
0.0
147
0.0
147
0.0
147
1.0
147
0.0
147
0.0
147
0.0
147
0.0
147
1.0
  0
MATERIAL
  5
58F
102
{ACAD_XDICTIONARY
360
590
102
}
102
{ACAD_REACTORS
330
56D
102
}
330
56D
100
AcDbMaterial
  1
Global
 72
     0
 43
0.0008202099737533
 43
0.0
 43
0.0
 43
0.0
 43
0.0
 43
0.0008202099737533
 43
0.0
 43
0.0
 43
0.0
 43
0.0
 43
1.0
 43
0.0
 43
0.0
 43
0.0
 43
0.0
 43
1.0
 77
     0
 47
0.0008202099737533
 47
0.0
 47
0.0
 47
0.0
 47
0.0
 47
0.0008202099737533
 47
0.0
 47
0.0
 47
0.0
 47
0.0
 47
1.0
 47
0.0
 47
0.0
 47
0.0
 47
0.0
 47
1.0
171
     0
 49
0.0008202099737533
 49
0.0
 49
0.0
 49
0.0
 49
0.0
 49
0.0008202099737533
 49
0.0
 49
0.0
 49
0.0
 49
0.0
 49
1.0
 49
0.0
 49
0.0
 49
0.0
 49
0.0
 49
1.0
175
     0
142
0.0008202099737533
142
0.0
142
0.0
142
0.0
142
0.0
142
0.0008202099737533
142
0.0
142
0.0
142
0.0
142
0.0
142
1.0
142
0.0
142
0.0
142
0.0
142
0.0
142
1.0
179
     0
144
0.0008202099737533
144
0.0
144
0.0
144
0.0
144
0.0
144
0.0008202099737533
144
0.0
144
0.0
144
0.0
144
0.0
144
1.0
144
0.0
144
0.0
144
0.0
144
0.0
144
1.0
147
0.0008202099737533
147
0.0
147
0.0
147
0.0
147
0.0
147
0.0008202099737533
147
0.0
147
0.0
147
0.0
147
0.0
147
1.0
147
0.0
147
0.0
147
0.0
147
0.0
147
1.0
  0
MLEADERSTYLE
  5
56F
102
{ACAD_REACTORS
330
56E
330
62E
330
62F
330
637
330
638
330
639
330
63A
330
63B
330
63C
102
}
330
56E
100
AcDbMLeaderStyle
170
     2
171
     1
172
     0
 90
        2
 40
0.0
 41
0.0
173
     1
 91
-1073741824
 92
       -2
290
     1
 42
0.09
291
     1
 43
0.36
  3
Standard
 44
0.18
300

174
     1
178
     1
175
     1
176
     0
 93
-1073741824
 45
0.18
292
     0
297
     0
 46
0.0
 94
-1073741824
 47
1.0
 49
1.0
140
1.0
293
     1
141
0.0
294
     1
177
     0
142
1.0
295
     0
296
     0
143
0.125
1001
ACAD_MLEADERVER
1070
     2
  0
MLINESTYLE
  5
18
102
{ACAD_REACTORS
330
17
102
}
330
17
100
AcDbMlineStyle
  2
STANDARD
 70
     0
  3

 62
   256
 51
90.0
 52
90.0
 71
     2
 49
0.5
 62
     0
  6
BYLAYER
 49
-0.5
 62
     0
  6
BYLAYER
  0
ACDBPLACEHOLDER
  5
F
102
{ACAD_REACTORS
330
E
102
}
330
E
  0
SCALE
  5
5AF
102
{ACAD_REACTORS
330
558
102
}
330
558
100
AcDbScale
 70
     0
300
1:1
140
1.0
141
1.0
290
     1
  0
SCALE
  5
5B0
102
{ACAD_REACTORS
330
558
102
}
330
558
100
AcDbScale
 70
     0
300
1:2
140
1.0
141
2.0
290
     0
  0
SCALE
  5
5B1
102
{ACAD_REACTORS
330
558
102
}
330
558
100
AcDbScale
 70
     0
300
1:4
140
1.0
141
4.0
290
     0
  0
SCALE
  5
5B2
102
{ACAD_REACTORS
330
558
102
}
330
558
100
AcDbScale
 70
     0
300
1:5
140
1.0
141
5.0
290
     0
  0
SCALE
  5
5B3
102
{ACAD_REACTORS
330
558
102
}
330
558
100
AcDbScale
 70
     0
300
1:8
140
1.0
141
8.0
290
     0
  0
SCALE
  5
5B4
102
{ACAD_REACTORS
330
558
102
}
330
558
100
AcDbScale
 70
     0
300
1:10
140
1.0
141
10.0
290
     0
  0
SCALE
  5
5B5
102
{ACAD_REACTORS
330
558
102
}
330
558
100
AcDbScale
 70
     0
300
1:16
140
1.0
141
16.0
290
     0
  0
SCALE
  5
5B6
102
{ACAD_REACTORS
330
558
102
}
330
558
100
AcDbScale
 70
     0
300
1:20
140
1.0
141
20.0
290
     0
  0
SCALE
  5
5B7
102
{ACAD_REACTORS
330
558
102
}
330
558
100
AcDbScale
 70
     0
300
1:30
140
1.0
141
30.0
290
     0
  0
SCALE
  5
5B8
102
{ACAD_REACTORS
330
558
102
}
330
558
100
AcDbScale
 70
     0
300
1:40
140
1.0
141
40.0
290
     0
  0
SCALE
  5
5B9
102
{ACAD_REACTORS
330
558
102
}
330
558
100
AcDbScale
 70
     0
300
1:50
140
1.0
141
50.0
290
     0
  0
SCALE
  5
5BA
102
{ACAD_REACTORS
330
558
102
}
330
558
100
AcDbScale
 70
     0
300
1:100
140
1.0
141
100.0
290
     0
  0
SCALE
  5
5BB
102
{ACAD_REACTORS
330
558
102
}
330
558
100
AcDbScale
 70
     0
300
2:1
140
2.0
141
1.0
290
     0
  0
SCALE
  5
5BC
102
{ACAD_REACTORS
330
558
102
}
330
558
100
AcDbScale
 70
     0
300
4:1
140
4.0
141
1.0
290
     0
  0
SCALE
  5
5BD
102
{ACAD_REACTORS
330
558
102
}
330
558
100
AcDbScale
 70
     0
300
8:1
140
8.0
141
1.0
290
     0
  0
SCALE
  5
5BE
102
{ACAD_REACTORS
330
558
102
}
330
558
100
AcDbScale
 70
     0
300
10:1
140
10.0
141
1.0
290
     0
  0
SCALE
  5
5BF
102
{ACAD_REACTORS
330
558
102
}
330
558
100
AcDbScale
 70
     0
300
100:1
140
100.0
141
1.0
290
     0
  0
ACDBSECTIONVIEWSTYLE
  5
5C1
102
{ACAD_XDICTIONARY
360
78F
102
}
102
{ACAD_REACTORS
330
5C0
102
}
330
5C0
100
AcDbModelDocViewStyle
 70
     0
  3
Metric50
290
     0
100
AcDbSectionViewStyle
 70
     0
 71
     0
 90
      102
 71
     1
340
11
 40
5.0
340
0
340
0
 40
5.0
300
I, O, Q, S, X, Z
 40
10.0
 90
        0
 40
2.5
 90
        0
 71
     2
340
16
 90
       25
340
16
 90
       50
 40
5.0
 40
2.5
 40
5.0
 71
     3
340
11
 40
5.0
 90
        0
 40
15.0
 90
        1
300
%<\AcVar ViewSectionStartId>%-%<\AcVar ViewSectionEndId>% (%<\AcVar ViewScale \f "%sn">%)
 71
     4
300
ANSI31
 40
1.0
 90
        0
290
     0
290
     0
 90
        6
 40
0.0
 40
1.570796326794896
 40
0.2617993877991494
 40
1.308996938995747
 40
-0.2617993877991494
 40
1.832595714594046
  0
TABLESTYLE
  5
571
102
{ACAD_XDICTIONARY
360
572
102
}
102
{ACAD_REACTORS
330
570
102
}
330
570
100
AcDbTableStyle
  3

 70
     0
 71
     0
 40
0.06
 41
0.06
280
     0
281
     0
  7
Standard
140
0.18
170
     1
 62
     0
 63
     7
283
     0
274
    -2
284
     1
 64
     0
275
    -2
285
     1
 65
     0
276
    -2
286
     1
 66
     0
277
    -2
287
     1
 67
     0
278
    -2
288
     1
 68
     0
279
    -2
289
     1
 69
     0
  7
Standard
140
0.18
170
     1
 62
     0
 63
     7
283
     0
274
    -2
284
     1
 64
     0
275
    -2
285
     1
 65
     0
276
    -2
286
     1
 66
     0
277
    -2
287
     1
 67
     0
278
    -2
288
     1
 68
     0
279
    -2
289
     1
 69
     0
  7
Standard
140
0.18
170
     1
 62
     0
 63
     7
283
     0
274
    -2
284
     1
 64
     0
275
    -2
285
     1
 65
     0
276
    -2
286
     1
 66
     0
277
    -2
287
     1
 67
     0
278
    -2
288
     1
 68
     0
279
    -2
289
     1
 69
     0
  0
VISUALSTYLE
  5
59C
102
{ACAD_XDICTIONARY
360
769
102
}
102
{ACAD_REACTORS
330
578
102
}
330
578
100
AcDbVisualStyle
  2
2dWireframe
 70
     4
 71
     0
 72
     2
 73
     0
 90
        0
 40
-0.6
 41
-30.0
 62
     5
 63
     7
 74
     1
 91
        4
 64
     7
 65
   257
 75
     1
175
     1
 42
1.0
 92
        0
 66
   257
 43
1.0
 76
     1
 77
     6
 78
     2
 67
     7
 79
     5
170
     0
171
     0
290
     0
174
     0
 93
        1
 44
0.0
173
     0
291
     0
 45
0.0
1001
ACAD
1000
AcDbSavedByObjectVersion
1070
     0
  0
VISUALSTYLE
  5
59B
102
{ACAD_XDICTIONARY
360
767
102
}
102
{ACAD_REACTORS
330
578
102
}
330
578
100
AcDbVisualStyle
  2
Basic
 70
     7
 71
     1
 72
     0
 73
     1
 90
        0
 40
-0.6
 41
-30.0
 62
     5
 63
     7
 74
     0
 91
        4
 64
     7
 65
   257
 75
     1
175
     1
 42
1.0
 92
        8
 66
     7
 43
1.0
 76
     1
 77
     6
 78
     2
 67
     7
 79
     5
170
     0
171
     0
290
     0
174
     0
 93
        1
 44
0.0
173
     0
291
     1
 45
0.0
1001
ACAD
1000
AcDbSavedByObjectVersion
1070
     0
  0
VISUALSTYLE
  5
5A2
102
{ACAD_XDICTIONARY
360
775
102
}
102
{ACAD_REACTORS
330
578
102
}
330
578
100
AcDbVisualStyle
  2
Brighten
 70
    12
 71
     2
 72
     2
 73
     0
 90
        0
 40
-0.6
 41
-30.0
 62
     5
 63
     7
 74
     1
 91
        4
 64
     7
 65
   257
 75
     1
175
     1
 42
1.0
 92
        8
 66
     7
 43
1.0
 76
     1
 77
     6
 78
     2
 67
     7
 79
     5
170
     0
171
     0
290
     0
174
     0
 93
        1
 44
50.0
173
     0
291
     1
 45
0.0
1001
ACAD
1000
AcDbSavedByObjectVersion
1070
     0
  0
VISUALSTYLE
  5
5A6
102
{ACAD_XDICTIONARY
360
77D
102
}
102
{ACAD_REACTORS
330
578
102
}
330
578
100
AcDbVisualStyle
  2
ColorChange
 70
    16
 71
     2
 72
     2
 73
     3
 90
        0
 40
-0.6
 41
-30.0
 62
     5
 63
     8
 74
     1
 91
        4
 64
     7
 65
   257
 75
     1
175
     1
 42
1.0
 92
        8
 66
     8
 43
1.0
 76
     1
 77
     6
 78
     2
 67
     7
 79
     5
170
     0
171
     0
290
     0
174
     0
 93
        1
 44
0.0
173
     0
291
     1
 45
0.0
1001
ACAD
1000
AcDbSavedByObjectVersion
1070
     0
  0
VISUALSTYLE
  5
59F
102
{ACAD_XDICTIONARY
360
76F
102
}
102
{ACAD_REACTORS
330
578
102
}
330
578
100
AcDbVisualStyle
  2
Conceptual
 70
     9
 71
     3
 72
     2
 73
     0
 90
        0
 40
-0.6
 41
-30.0
 62
     5
 63
     7
 74
     2
 91
        2
 64
     7
 65
   257
 75
     1
175
     1
 42
179.0
 92
        8
 66
     7
 43
1.0
 76
     1
 77
     6
 78
     2
 67
     7
 79
     3
170
     0
171
     0
290
     0
174
     0
 93
        1
 44
0.0
173
     0
291
     0
 45
0.0
1001
ACAD
1000
AcDbSavedByObjectVersion
1070
     0
  0
VISUALSTYLE
  5
5A1
102
{ACAD_XDICTIONARY
360
773
102
}
102
{ACAD_REACTORS
330
578
102
}
330
578
100
AcDbVisualStyle
  2
Dim
 70
    11
 71
     2
 72
     2
 73
     0
 90
        0
 40
-0.6
 41
-30.0
 62
     5
 63
     7
 74
     1
 91
        4
 64
     7
 65
   257
 75
     1
175
     1
 42
1.0
 92
        8
 66
     7
 43
1.0
 76
     1
 77
     6
 78
     2
 67
     7
 79
     5
170
     0
171
     0
290
     0
174
     0
 93
        1
 44
-50.0
173
     0
291
     1
 45
0.0
1001
ACAD
1000
AcDbSavedByObjectVersion
1070
     0
  0
VISUALSTYLE
  5
5AE
102
{ACAD_XDICTIONARY
360
78D
102
}
102
{ACAD_REACTORS
330
578
102
}
330
578
100
AcDbVisualStyle
  2
EdgeColorOff
 70
    22
 71
     2
 72
     2
 73
     0
 90
        0
 40
-0.6
 41
-30.0
 62
     5
 63
     7
 74
     1
 91
        4
 64
     7
 65
   257
 75
     1
175
     1
 42
1.0
 92
        8
 66
     7
 43
1.0
 76
     1
 77
     6
 78
     2
 67
     7
 79
     5
170
     0
171
     0
290
     0
174
     0
 93
        1
 44
0.0
173
     0
291
     1
 45
0.0
1001
ACAD
1000
AcDbSavedByObjectVersion
1070
     0
  0
VISUALSTYLE
  5
5A5
102
{ACAD_XDICTIONARY
360
77B
102
}
102
{ACAD_REACTORS
330
578
102
}
330
578
100
AcDbVisualStyle
  2
Facepattern
 70
    15
 71
     2
 72
     2
 73
     0
 90
        0
 40
-0.6
 41
-30.0
 62
     5
 63
     7
 74
     1
 91
        4
 64
     7
 65
   257
 75
     1
175
     1
 42
1.0
 92
        8
 66
     7
 43
1.0
 76
     1
 77
     6
 78
     2
 67
     7
 79
     5
170
     0
171
     0
290
     0
174
     0
 93
        1
 44
0.0
173
     0
291
     1
 45
0.0
1001
ACAD
1000
AcDbSavedByObjectVersion
1070
     0
  0
VISUALSTYLE
  5
597
102
{ACAD_XDICTIONARY
360
75F
102
}
102
{ACAD_REACTORS
330
578
102
}
330
578
100
AcDbVisualStyle
  2
Flat
 70
     0
 71
     2
 72
     1
 73
     1
 90
        2
 40
-0.6
 41
30.0
 62
     5
 63
     7
 74
     0
 91
        0
 64
     7
 65
   257
 75
     1
175
     1
 42
1.0
 92
        8
 66
     7
 43
1.0
 76
     1
 77
     6
 78
     2
 67
     7
 79
     5
170
     0
171
     0
290
     0
174
     0
 93
       13
 44
0.0
173
     0
291
     1
 45
0.0
1001
ACAD
1000
AcDbSavedByObjectVersion
1070
     0
  0
VISUALSTYLE
  5
598
102
{ACAD_XDICTIONARY
360
761
102
}
102
{ACAD_REACTORS
330
578
102
}
330
578
100
AcDbVisualStyle
  2
FlatWithEdges
 70
     1
 71
     2
 72
     1
 73
     1
 90
        2
 40
-0.6
 41
30.0
 62
     5
 63
     7
 74
     1
 91
        0
 64
     7
 65
   257
 75
     1
175
     1
 42
1.0
 92
        0
 66
   257
 43
1.0
 76
     1
 77
     6
 78
     2
 67
     7
 79
     5
170
     0
171
     0
290
     0
174
     0
 93
       13
 44
0.0
173
     0
291
     1
 45
0.0
1001
ACAD
1000
AcDbSavedByObjectVersion
1070
     0
  0
VISUALSTYLE
  5
599
102
{ACAD_XDICTIONARY
360
763
102
}
102
{ACAD_REACTORS
330
578
102
}
330
578
100
AcDbVisualStyle
  2
Gouraud
 70
     2
 71
     2
 72
     2
 73
     1
 90
        2
 40
-0.6
 41
30.0
 62
     5
 63
     7
 74
     0
 91
        0
 64
     7
 65
   257
 75
     1
175
     1
 42
1.0
 92
        0
 66
     7
 43
1.0
 76
     1
 77
     6
 78
     2
 67
     7
 79
     5
170
     0
171
     0
290
     0
174
     0
 93
       13
 44
0.0
173
     0
291
     1
 45
0.0
1001
ACAD
1000
AcDbSavedByObjectVersion
1070
     0
  0
VISUALSTYLE
  5
59A
102
{ACAD_XDICTIONARY
360
765
102
}
102
{ACAD_REACTORS
330
578
102
}
330
578
100
AcDbVisualStyle
  2
GouraudWithEdges
 70
     3
 71
     2
 72
     2
 73
     1
 90
        2
 40
-0.6
 41
30.0
 62
     5
 63
     7
 74
     1
 91
        0
 64
     7
 65
   257
 75
     1
175
     1
 42
1.0
 92
        0
 66
   257
 43
1.0
 76
     1
 77
     6
 78
     2
 67
     7
 79
     5
170
     0
171
     0
290
     0
174
     0
 93
       13
 44
0.0
173
     0
291
     1
 45
0.0
1001
ACAD
1000
AcDbSavedByObjectVersion
1070
     0
  0
VISUALSTYLE
  5
59E
102
{ACAD_XDICTIONARY
360
76D
102
}
102
{ACAD_REACTORS
330
578
102
}
330
578
100
AcDbVisualStyle
  2
Hidden
 70
     6
 71
     1
 72
     2
 73
     2
 90
        0
 40
-0.6
 41
-30.0
 62
     5
 63
     7
 74
     2
 91
        2
 64
     7
 65
   257
 75
     2
175
     1
 42
40.0
 92
        0
 66
   257
 43
1.0
 76
     1
 77
     6
 78
     2
 67
     7
 79
     3
170
     0
171
     0
290
     0
174
     0
 93
        1
 44
0.0
173
     0
291
     0
 45
0.0
1001
ACAD
1000
AcDbSavedByObjectVersion
1070
     0
  0
VISUALSTYLE
  5
5AC
102
{ACAD_XDICTIONARY
360
789
102
}
102
{ACAD_REACTORS
330
578
102
}
330
578
100
AcDbVisualStyle
  2
JitterOff
 70
    20
 71
     2
 72
     2
 73
     0
 90
        0
 40
-0.6
 41
-30.0
 62
     5
 63
     7
 74
     1
 91
        4
 64
     7
 65
   257
 75
     1
175
     1
 42
1.0
 92
       10
 66
     7
 43
1.0
 76
     1
 77
     6
 78
     2
 67
     7
 79
     5
170
     0
171
     0
290
     0
174
     0
 93
        1
 44
0.0
173
     0
291
     1
 45
0.0
1001
ACAD
1000
AcDbSavedByObjectVersion
1070
     0
  0
VISUALSTYLE
  5
5A4
102
{ACAD_XDICTIONARY
360
779
102
}
102
{ACAD_REACTORS
330
578
102
}
330
578
100
AcDbVisualStyle
  2
Linepattern
 70
    14
 71
     2
 72
     2
 73
     0
 90
        0
 40
-0.6
 41
-30.0
 62
     5
 63
     7
 74
     1
 91
        4
 64
     7
 65
   257
 75
     7
175
     7
 42
1.0
 92
        8
 66
     7
 43
1.0
 76
     1
 77
     6
 78
     2
 67
     7
 79
     5
170
     0
171
     0
290
     0
174
     0
 93
        1
 44
0.0
173
     0
291
     1
 45
0.0
1001
ACAD
1000
AcDbSavedByObjectVersion
1070
     0
  0
VISUALSTYLE
  5
5AD
102
{ACAD_XDICTIONARY
360
78B
102
}
102
{ACAD_REACTORS
330
578
102
}
330
578
100
AcDbVisualStyle
  2
OverhangOff
 70
    21
 71
     2
 72
     2
 73
     0
 90
        0
 40
-0.6
 41
-30.0
 62
     5
 63
     7
 74
     1
 91
        4
 64
     7
 65
   257
 75
     1
175
     1
 42
1.0
 92
        9
 66
     7
 43
1.0
 76
     1
 77
     6
 78
     2
 67
     7
 79
     5
170
     0
171
     0
290
     0
174
     0
 93
        1
 44
0.0
173
     0
291
     1
 45
0.0
1001
ACAD
1000
AcDbSavedByObjectVersion
1070
     0
  0
VISUALSTYLE
  5
5A0
102
{ACAD_XDICTIONARY
360
771
102
}
102
{ACAD_REACTORS
330
578
102
}
330
578
100
AcDbVisualStyle
  2
Realistic
 70
     8
 71
     2
 72
     3
 73
     0
 90
        2
 40
-0.6
 41
30.0
 62
     5
 63
     7
 74
     0
 91
        0
 64
     7
 65
   257
 75
     1
175
     1
 42
1.0
 92
        8
 66
   257
 43
1.0
 76
     1
 77
     6
 78
     2
 67
     7
 79
     3
170
     0
171
     0
290
     0
174
     0
 93
       13
 44
0.0
173
     0
291
     0
 45
0.0
1001
ACAD
1000
AcDbSavedByObjectVersion
1070
     0
  0
VISUALSTYLE
  5
5AB
102
{ACAD_XDICTIONARY
360
787
102
}
102
{ACAD_REACTORS
330
578
102
}
330
578
100
AcDbVisualStyle
  2
Shaded
 70
    27
 71
     2
 72
     2
 73
     1
 90
        2
 40
-0.6
 41
30.0
 62
     5
 63
     7
 74
     0
 91
        4
 64
     7
 65
   257
 75
     1
175
     1
 42
1.0
 92
        8
 66
   257
 43
1.0
 76
     1
 77
     6
 78
     2
 67
     8
 79
     3
170
     0
171
     0
290
     0
174
     0
 93
        5
 44
0.0
173
     0
291
     0
 45
0.0
1001
ACAD
1000
AcDbSavedByObjectVersion
1070
     0
  0
VISUALSTYLE
  5
5AA
102
{ACAD_XDICTIONARY
360
785
102
}
102
{ACAD_REACTORS
330
578
102
}
330
578
100
AcDbVisualStyle
  2
Shaded with edges
 70
    26
 71
     2
 72
     2
 73
     1
 90
        2
 40
-0.6
 41
30.0
 62
     5
 63
     7
 74
     1
 91
        2
 64
     7
 65
   257
 75
     2
175
     1
 42
1.0
 92
        8
 66
   257
 43
1.0
 76
     1
 77
     6
 78
     2
 67
     7
 79
     3
170
     0
171
     0
290
     0
174
     0
 93
        5
 44
0.0
173
     0
291
     0
 45
0.0
1001
ACAD
1000
AcDbSavedByObjectVersion
1070
     0
  0
VISUALSTYLE
  5
5A7
102
{ACAD_XDICTIONARY
360
77F
102
}
102
{ACAD_REACTORS
330
578
102
}
330
578
100
AcDbVisualStyle
  2
Shades of Gray
 70
    23
 71
     2
 72
     2
 73
     3
 90
        0
 40
-0.6
 41
-30.0
 62
     5
 63
     7
 74
     2
 91
        2
 64
     7
 65
     7
 75
     1
175
     1
 42
40.0
 92
        8
 66
     7
 43
1.0
 76
     1
 77
     6
 78
     2
 67
     7
 79
     3
170
     0
171
     0
290
     0
174
     0
 93
        1
 44
0.0
173
     0
291
     0
 45
0.0
1001
ACAD
1000
AcDbSavedByObjectVersion
1070
     0
  0
VISUALSTYLE
  5
5A8
102
{ACAD_XDICTIONARY
360
781
102
}
102
{ACAD_REACTORS
330
578
102
}
330
578
100
AcDbVisualStyle
  2
Sketchy
 70
    24
 71
     1
 72
     2
 73
     2
 90
        0
 40
-0.6
 41
-30.0
 62
     5
 63
     7
 74
     2
 91
        2
 64
     7
 65
     7
 75
     1
175
     1
 42
40.0
 92
       11
 66
     7
 43
1.0
 76
     1
 77
     6
 78
     2
 67
     7
 79
     6
170
     0
171
     0
290
     0
174
     0
 93
        1
 44
0.0
173
     0
291
     0
 45
0.0
1001
ACAD
1000
AcDbSavedByObjectVersion
1070
     0
  0
VISUALSTYLE
  5
5A3
102
{ACAD_XDICTIONARY
360
777
102
}
102
{ACAD_REACTORS
330
578
102
}
330
578
100
AcDbVisualStyle
  2
Thicken
 70
    13
 71
     2
 72
     2
 73
     0
 90
        0
 40
-0.6
 41
-30.0
 62
     5
 63
     7
 74
     1
 91
        4
 64
     7
 65
   257
 75
     1
175
     1
 42
1.0
 92
       12
 66
     7
 43
1.0
 76
     1
 77
     6
 78
     2
 67
     7
 79
     5
170
     0
171
     0
290
     0
174
     0
 93
        1
 44
0.0
173
     0
291
     1
 45
0.0
1001
ACAD
1000
AcDbSavedByObjectVersion
1070
     0
  0
VISUALSTYLE
  5
59D
102
{ACAD_XDICTIONARY
360
76B
102
}
102
{ACAD_REACTORS
330
578
102
}
330
578
100
AcDbVisualStyle
  2
Wireframe
 70
     5
 71
     0
 72
     2
 73
     0
 90
        0
 40
-0.6
 41
-30.0
 62
     5
 63
     7
 74
     1
 91
        4
 64
     7
 65
   257
 75
     1
175
     1
 42
1.0
 92
        0
 66
   257
 43
1.0
 76
     1
 77
     6
 78
     2
 67
     7
 79
     3
170
     0
171
     0
290
     0
174
     0
 93
        1
 44
0.0
173
     0
291
     0
 45
0.0
1001
ACAD
1000
AcDbSavedByObjectVersion
1070
     0
  0
VISUALSTYLE
  5
5A9
102
{ACAD_XDICTIONARY
360
783
102
}
102
{ACAD_REACTORS
330
578
102
}
330
578
100
AcDbVisualStyle
  2
X-Ray
 70
    25
 71
     2
 72
     2
 73
     1
 90
        1
 40
0.5
 41
-30.0
 62
     5
 63
     7
 74
     1
 91
        0
 64
     7
 65
   257
 75
     1
175
     1
 42
1.0
 92
        8
 66
     7
 43
1.0
 76
     1
 77
     6
 78
     2
 67
     7
 79
     3
170
     0
171
     0
290
     0
174
     0
 93
       13
 44
0.0
173
     0
291
     0
 45
0.0
1001
ACAD
1000
AcDbSavedByObjectVersion
1070
     0
  0
DICTIONARYVAR
  5
67F
102
{ACAD_REACTORS
330
575
102
}
330
575
100
DictionaryVariables
280
     0
  1
1:1
  0
DICTIONARYVAR
  5
67C
102
{ACAD_REACTORS
330
575
102
}
330
575
100
DictionaryVariables
280
     0
  1
STANDARD
  0
DICTIONARYVAR
  5
67B
102
{ACAD_REACTORS
330
575
102
}
330
575
100
DictionaryVariables
280
     0
  1
STANDARD
  0
DICTIONARYVAR
  5
67D
102
{ACAD_REACTORS
330
575
102
}
330
575
100
DictionaryVariables
280
     0
  1
Metric50
  0
DICTIONARYVAR
  5
67E
102
{ACAD_REACTORS
330
575
102
}
330
575
100
DictionaryVariables
280
     0
  1
Metric50
  0
DICTIONARYVAR
  5
576
102
{ACAD_REACTORS
330
575
102
}
330
575
100
DictionaryVariables
280
     0
  1
1
  0
DICTIONARYVAR
  5
577
102
{ACAD_REACTORS
330
575
102
}
330
575
100
DictionaryVariables
280
     0
  1
0
  0
DICTIONARYVAR
  5
681
102
{ACAD_REACTORS
330
575
102
}
330
575
100
DictionaryVariables
280
     0
  1
0
  0
DICTIONARYVAR
  5
680
102
{ACAD_REACTORS
330
575
102
}
330
575
100
DictionaryVariables
280
     0
  1
127
  0
DICTIONARYVAR
  5
682
102
{ACAD_REACTORS
330
575
102
}
330
575
100
DictionaryVariables
280
     0
  1
2
  0
DICTIONARY
  5
791
330
5C3
100
AcDbDictionary
280
     1
281
     1
  3
ACAD_XREC_ROUNDTRIP
360
792
  0
DICTIONARY
  5
757
330
1E
100
AcDbDictionary
280
     1
281
     1
  3
ACAD_XREC_ROUNDTRIP
360
758
  0
DICTIONARY
  5
759
330
22
100
AcDbDictionary
280
     1
281
     1
  3
ACAD_XREC_ROUNDTRIP
360
75A
  0
DICTIONARY
  5
588
330
587
100
AcDbDictionary
280
     1
281
     1
  3
ACAD_XREC_ROUNDTRIP
360
75D
  3
BUMPTILE
360
58A
  3
DIFFUSETILE
360
589
  3
OPACITYTILE
360
58D
  3
REFLECTIONTILE
360
58C
  3
REFRACTIONTILE
360
58E
  3
SPECULARTILE
360
58B
  0
DICTIONARY
  5
580
330
57F
100
AcDbDictionary
280
     1
281
     1
  3
ACAD_XREC_ROUNDTRIP
360
75C
  3
BUMPTILE
360
582
  3
DIFFUSETILE
360
581
  3
OPACITYTILE
360
585
  3
REFLECTIONTILE
360
584
  3
REFRACTIONTILE
360
586
  3
SPECULARTILE
360
583
  0
DICTIONARY
  5
590
330
58F
100
AcDbDictionary
280
     1
281
     1
  3
ACAD_XREC_ROUNDTRIP
360
75E
  3
BUMPTILE
360
592
  3
DIFFUSETILE
360
591
  3
OPACITYTILE
360
595
  3
REFLECTIONTILE
360
594
  3
REFRACTIONTILE
360
596
  3
SPECULARTILE
360
593
  0
DICTIONARY
  5
78F
330
5C1
100
AcDbDictionary
280
     1
281
     1
  3
ACAD_XREC_ROUNDTRIP
360
790
  0
DICTIONARY
  5
572
330
571
100
AcDbDictionary
281
     1
  3
ACAD_ROUNDTRIP_2008_TABLESTYLE_CELLSTYLEMAP
350
754
  3
ACAD_XREC_ROUNDTRIP
350
75B
  0
DICTIONARY
  5
769
330
59C
100
AcDbDictionary
280
     1
281
     1
  3
ACAD_XREC_ROUNDTRIP
360
76A
  0
DICTIONARY
  5
767
330
59B
100
AcDbDictionary
280
     1
281
     1
  3
ACAD_XREC_ROUNDTRIP
360
768
  0
DICTIONARY
  5
775
330
5A2
100
AcDbDictionary
280
     1
281
     1
  3
ACAD_XREC_ROUNDTRIP
360
776
  0
DICTIONARY
  5
77D
330
5A6
100
AcDbDictionary
280
     1
281
     1
  3
ACAD_XREC_ROUNDTRIP
360
77E
  0
DICTIONARY
  5
76F
330
59F
100
AcDbDictionary
280
     1
281
     1
  3
ACAD_XREC_ROUNDTRIP
360
770
  0
DICTIONARY
  5
773
330
5A1
100
AcDbDictionary
280
     1
281
     1
  3
ACAD_XREC_ROUNDTRIP
360
774
  0
DICTIONARY
  5
78D
330
5AE
100
AcDbDictionary
280
     1
281
     1
  3
ACAD_XREC_ROUNDTRIP
360
78E
  0
DICTIONARY
  5
77B
330
5A5
100
AcDbDictionary
280
     1
281
     1
  3
ACAD_XREC_ROUNDTRIP
360
77C
  0
DICTIONARY
  5
75F
330
597
100
AcDbDictionary
280
     1
281
     1
  3
ACAD_XREC_ROUNDTRIP
360
760
  0
DICTIONARY
  5
761
330
598
100
AcDbDictionary
280
     1
281
     1
  3
ACAD_XREC_ROUNDTRIP
360
762
  0
DICTIONARY
  5
763
330
599
100
AcDbDictionary
280
     1
281
     1
  3
ACAD_XREC_ROUNDTRIP
360
764
  0
DICTIONARY
  5
765
330
59A
100
AcDbDictionary
280
     1
281
     1
  3
ACAD_XREC_ROUNDTRIP
360
766
  0
DICTIONARY
  5
76D
330
59E
100
AcDbDictionary
280
     1
281
     1
  3
ACAD_XREC_ROUNDTRIP
360
76E
  0
DICTIONARY
  5
789
330
5AC
100
AcDbDictionary
280
     1
281
     1
  3
ACAD_XREC_ROUNDTRIP
360
78A
  0
DICTIONARY
  5
779
330
5A4
100
AcDbDictionary
280
     1
281
     1
  3
ACAD_XREC_ROUNDTRIP
360
77A
  0
DICTIONARY
  5
78B
330
5AD
100
AcDbDictionary
280
     1
281
     1
  3
ACAD_XREC_ROUNDTRIP
360
78C
  0
DICTIONARY
  5
771
330
5A0
100
AcDbDictionary
280
     1
281
     1
  3
ACAD_XREC_ROUNDTRIP
360
772
  0
DICTIONARY
  5
787
330
5AB
100
AcDbDictionary
280
     1
281
     1
  3
ACAD_XREC_ROUNDTRIP
360
788
  0
DICTIONARY
  5
785
330
5AA
100
AcDbDictionary
280
     1
281
     1
  3
ACAD_XREC_ROUNDTRIP
360
786
  0
DICTIONARY
  5
77F
330
5A7
100
AcDbDictionary
280
     1
281
     1
  3
ACAD_XREC_ROUNDTRIP
360
780
  0
DICTIONARY
  5
781
330
5A8
100
AcDbDictionary
280
     1
281
     1
  3
ACAD_XREC_ROUNDTRIP
360
782
  0
DICTIONARY
  5
777
330
5A3
100
AcDbDictionary
280
     1
281
     1
  3
ACAD_XREC_ROUNDTRIP
360
778
  0
DICTIONARY
  5
76B
330
59D
100
AcDbDictionary
280
     1
281
     1
  3
ACAD_XREC_ROUNDTRIP
360
76C
  0
DICTIONARY
  5
783
330
5A9
100
AcDbDictionary
280
     1
281
     1
  3
ACAD_XREC_ROUNDTRIP
360
784
  0
XRECORD
  5
792
102
{ACAD_REACTORS
330
791
102
}
330
791
100
AcDbXrecord
280
     1
102
DISPLAYNAME
  1
Metric50
102
FLAGS
 90
        0
  0
XRECORD
  5
758
102
{ACAD_REACTORS
330
757
102
}
330
757
100
AcDbXrecord
280
     1
102
SHADEPLOT
 70
     0
102
SHADEPLOTRESLEVEL
 70
     0
102
SHADEPLOTCUSTOMDPI
 70
     0
  0
XRECORD
  5
75A
102
{ACAD_REACTORS
330
759
102
}
330
759
100
AcDbXrecord
280
     1
102
SHADEPLOT
 70
     0
102
SHADEPLOTRESLEVEL
 70
     0
102
SHADEPLOTCUSTOMDPI
 70
     0
  0
XRECORD
  5
75D
102
{ACAD_REACTORS
330
588
102
}
330
588
100
AcDbXrecord
280
     1
102
MATERIAL
148
0.0
149
0.0
149
0.0
 93
        0
 94
      127
282
     0
 72
     0
 77
     0
171
     0
175
     0
179
     0
273
     0
  0
XRECORD
  5
58A
102
{ACAD_REACTORS
330
588
102
}
330
588
100
AcDbXrecord
280
     1
270
     1
271
     1
  0
XRECORD
  5
589
102
{ACAD_REACTORS
330
588
102
}
330
588
100
AcDbXrecord
280
     1
270
     1
271
     1
  0
XRECORD
  5
58D
102
{ACAD_REACTORS
330
588
102
}
330
588
100
AcDbXrecord
280
     1
270
     1
271
     1
  0
XRECORD
  5
58C
102
{ACAD_REACTORS
330
588
102
}
330
588
100
AcDbXrecord
280
     1
270
     1
271
     1
  0
XRECORD
  5
58E
102
{ACAD_REACTORS
330
588
102
}
330
588
100
AcDbXrecord
280
     1
270
     1
271
     1
  0
XRECORD
  5
58B
102
{ACAD_REACTORS
330
588
102
}
330
588
100
AcDbXrecord
280
     1
270
     1
271
     1
  0
XRECORD
  5
75C
102
{ACAD_REACTORS
330
580
102
}
330
580
100
AcDbXrecord
280
     1
102
MATERIAL
148
0.0
149
0.0
149
0.0
 93
        0
 94
      127
282
     0
 72
     0
 77
     0
171
     0
175
     0
179
     0
273
     0
  0
XRECORD
  5
582
102
{ACAD_REACTORS
330
580
102
}
330
580
100
AcDbXrecord
280
     1
270
     1
271
     1
  0
XRECORD
  5
581
102
{ACAD_REACTORS
330
580
102
}
330
580
100
AcDbXrecord
280
     1
270
     1
271
     1
  0
XRECORD
  5
585
102
{ACAD_REACTORS
330
580
102
}
330
580
100
AcDbXrecord
280
     1
270
     1
271
     1
  0
XRECORD
  5
584
102
{ACAD_REACTORS
330
580
102
}
330
580
100
AcDbXrecord
280
     1
270
     1
271
     1
  0
XRECORD
  5
586
102
{ACAD_REACTORS
330
580
102
}
330
580
100
AcDbXrecord
280
     1
270
     1
271
     1
  0
XRECORD
  5
583
102
{ACAD_REACTORS
330
580
102
}
330
580
100
AcDbXrecord
280
     1
270
     1
271
     1
  0
XRECORD
  5
75E
102
{ACAD_REACTORS
330
590
102
}
330
590
100
AcDbXrecord
280
     1
102
MATERIAL
148
0.0
149
0.0
149
0.0
 93
        0
 94
      127
282
     0
 72
     0
 77
     0
171
     0
175
     0
179
     0
273
     0
  0
XRECORD
  5
592
102
{ACAD_REACTORS
330
590
102
}
330
590
100
AcDbXrecord
280
     1
270
     1
271
     1
  0
XRECORD
  5
591
102
{ACAD_REACTORS
330
590
102
}
330
590
100
AcDbXrecord
280
     1
270
     1
271
     1
  0
XRECORD
  5
595
102
{ACAD_REACTORS
330
590
102
}
330
590
100
AcDbXrecord
280
     1
270
     1
271
     1
  0
XRECORD
  5
594
102
{ACAD_REACTORS
330
590
102
}
330
590
100
AcDbXrecord
280
     1
270
     1
271
     1
  0
XRECORD
  5
596
102
{ACAD_REACTORS
330
590
102
}
330
590
100
AcDbXrecord
280
     1
270
     1
271
     1
  0
XRECORD
  5
593
102
{ACAD_REACTORS
330
590
102
}
330
590
100
AcDbXrecord
280
     1
270
     1
271
     1
  0
XRECORD
  5
790
102
{ACAD_REACTORS
330
78F
102
}
330
78F
100
AcDbXrecord
280
     1
102
DISPLAYNAME
  1
Metric50
102
FLAGS
 90
        0
  0
CELLSTYLEMAP
  5
754
102
{ACAD_REACTORS
330
572
102
}
330
572
100
AcDbCellStyleMap
 90
        3
300
CELLSTYLE
  1
TABLEFORMAT_BEGIN
 90
        5
170
     1
 91
        0
 92
    32768
 62
   257
 93
        1
300
CONTENTFORMAT
  1
CONTENTFORMAT_BEGIN
 90
        0
 91
        0
 92
        4
 93
        0
300

 40
0.0
140
1.0
 94
        1
 62
     0
340
11
144
0.18
309
CONTENTFORMAT_END
171
     1
301
MARGIN
  1
CELLMARGIN_BEGIN
 40
0.06
 40
0.06
 40
0.06
 40
0.06
 40
0.18
 40
0.18
309
CELLMARGIN_END
 94
        6
 95
        1
302
GRIDFORMAT
  1
GRIDFORMAT_BEGIN
 90
        0
 91
        1
 62
     0
 92
       -2
340
0
 93
        0
 40
0.045
309
GRIDFORMAT_END
 95
        2
302
GRIDFORMAT
  1
GRIDFORMAT_BEGIN
 90
        0
 91
        1
 62
     0
 92
       -2
340
0
 93
        0
 40
0.045
309
GRIDFORMAT_END
 95
        4
302
GRIDFORMAT
  1
GRIDFORMAT_BEGIN
 90
        0
 91
        1
 62
     0
 92
       -2
340
0
 93
        0
 40
0.045
309
GRIDFORMAT_END
 95
        8
302
GRIDFORMAT
  1
GRIDFORMAT_BEGIN
 90
        0
 91
        1
 62
     0
 92
       -2
340
0
 93
        0
 40
0.045
309
GRIDFORMAT_END
 95
       16
302
GRIDFORMAT
  1
GRIDFORMAT_BEGIN
 90
        0
 91
        1
 62
     0
 92
       -2
340
0
 93
        0
 40
0.045
309
GRIDFORMAT_END
 95
       32
302
GRIDFORMAT
  1
GRIDFORMAT_BEGIN
 90
        0
 91
        1
 62
     0
 92
       -2
340
0
 93
        0
 40
0.045
309
GRIDFORMAT_END
309
TABLEFORMAT_END
  1
CELLSTYLE_BEGIN
 90
        1
 91
        2
300
_TITLE
309
CELLSTYLE_END
300
CELLSTYLE
  1
TABLEFORMAT_BEGIN
 90
        5
170
     1
 91
        0
 92
        0
 62
   257
 93
        1
300
CONTENTFORMAT
  1
CONTENTFORMAT_BEGIN
 90
        0
 91
        0
 92
        4
 93
        0
300

 40
0.0
140
1.0
 94
        1
 62
     0
340
11
144
0.18
309
CONTENTFORMAT_END
171
     1
301
MARGIN
  1
CELLMARGIN_BEGIN
 40
0.06
 40
0.06
 40
0.06
 40
0.06
 40
0.18
 40
0.18
309
CELLMARGIN_END
 94
        6
 95
        1
302
GRIDFORMAT
  1
GRIDFORMAT_BEGIN
 90
        0
 91
        1
 62
     0
 92
       -2
340
0
 93
        0
 40
0.045
309
GRIDFORMAT_END
 95
        2
302
GRIDFORMAT
  1
GRIDFORMAT_BEGIN
 90
        0
 91
        1
 62
     0
 92
       -2
340
0
 93
        0
 40
0.045
309
GRIDFORMAT_END
 95
        4
302
GRIDFORMAT
  1
GRIDFORMAT_BEGIN
 90
        0
 91
        1
 62
     0
 92
       -2
340
0
 93
        0
 40
0.045
309
GRIDFORMAT_END
 95
        8
302
GRIDFORMAT
  1
GRIDFORMAT_BEGIN
 90
        0
 91
        1
 62
     0
 92
       -2
340
0
 93
        0
 40
0.045
309
GRIDFORMAT_END
 95
       16
302
GRIDFORMAT
  1
GRIDFORMAT_BEGIN
 90
        0
 91
        1
 62
     0
 92
       -2
340
0
 93
        0
 40
0.045
309
GRIDFORMAT_END
 95
       32
302
GRIDFORMAT
  1
GRIDFORMAT_BEGIN
 90
        0
 91
        1
 62
     0
 92
       -2
340
0
 93
        0
 40
0.045
309
GRIDFORMAT_END
309
TABLEFORMAT_END
  1
CELLSTYLE_BEGIN
 90
        2
 91
        2
300
_HEADER
309
CELLSTYLE_END
300
CELLSTYLE
  1
TABLEFORMAT_BEGIN
 90
        5
170
     1
 91
        0
 92
        0
 62
   257
 93
        1
300
CONTENTFORMAT
  1
CONTENTFORMAT_BEGIN
 90
        0
 91
        0
 92
        4
 93
        0
300

 40
0.0
140
1.0
 94
        1
 62
     0
340
11
144
0.18
309
CONTENTFORMAT_END
171
     1
301
MARGIN
  1
CELLMARGIN_BEGIN
 40
0.06
 40
0.06
 40
0.06
 40
0.06
 40
0.18
 40
0.18
309
CELLMARGIN_END
 94
        6
 95
        1
302
GRIDFORMAT
  1
GRIDFORMAT_BEGIN
 90
        0
 91
        1
 62
     0
 92
       -2
340
0
 93
        0
 40
0.045
309
GRIDFORMAT_END
 95
        2
302
GRIDFORMAT
  1
GRIDFORMAT_BEGIN
 90
        0
 91
        1
 62
     0
 92
       -2
340
0
 93
        0
 40
0.045
309
GRIDFORMAT_END
 95
        4
302
GRIDFORMAT
  1
GRIDFORMAT_BEGIN
 90
        0
 91
        1
 62
     0
 92
       -2
340
0
 93
        0
 40
0.045
309
GRIDFORMAT_END
 95
        8
302
GRIDFORMAT
  1
GRIDFORMAT_BEGIN
 90
        0
 91
        1
 62
     0
 92
       -2
340
0
 93
        0
 40
0.045
309
GRIDFORMAT_END
 95
       16
302
GRIDFORMAT
  1
GRIDFORMAT_BEGIN
 90
        0
 91
        1
 62
     0
 92
       -2
340
0
 93
        0
 40
0.045
309
GRIDFORMAT_END
 95
       32
302
GRIDFORMAT
  1
GRIDFORMAT_BEGIN
 90
        0
 91
        1
 62
     0
 92
       -2
340
0
 93
        0
 40
0.045
309
GRIDFORMAT_END
309
TABLEFORMAT_END
  1
CELLSTYLE_BEGIN
 90
        3
 91
        2
300
_DATA
309
CELLSTYLE_END
  0
XRECORD
  5
75B
102
{ACAD_REACTORS
330
572
102
}
330
572
100
AcDbXrecord
280
     1
102
ACAD_ROUNDTRIP_PRE2007_TABLESTYLE
 90
        4
 91
        0
  1

 92
        4
 93
        0
  2

 94
        4
 95
        0
  3

  0
XRECORD
  5
76A
102
{ACAD_REACTORS
330
769
102
}
330
769
100
AcDbXrecord
280
     1
102
RTVSPost2010Prop28
280
     1
102
RTVSPost2010PropOp28
 70
     1
102
RTVSPost2010Prop29
280
     1
102
RTVSPost2010PropOp29
 70
     1
102
RTVSPost2010Prop30
280
     0
102
RTVSPost2010PropOp30
 70
     1
102
RTVSPost2010Prop31
280
     0
102
RTVSPost2010PropOp31
 70
     1
102
RTVSPost2010Prop32
280
     0
102
RTVSPost2010PropOp32
 70
     1
102
RTVSPost2010Prop33
280
     0
102
RTVSPost2010PropOp33
 70
     1
102
RTVSPost2010Prop34
280
     0
102
RTVSPost2010PropOp34
 70
     1
102
RTVSPost2010Prop35
280
     0
102
RTVSPost2010PropOp35
 70
     1
102
RTVSPost2010Prop36
280
     0
102
RTVSPost2010PropOp36
 70
     1
102
RTVSPost2010Prop37
 90
       50
102
RTVSPost2010PropOp37
 70
     1
102
RTVSPost2010Prop38
140
0.0
102
RTVSPost2010PropOp38
 70
     1
102
RTVSPost2010Prop39
140
1.0
102
RTVSPost2010PropOp39
 70
     1
102
RTVSPost2010Prop40
 90
        0
102
RTVSPost2010PropOp40
 70
     1
102
RTVSPost2010Prop41ColorIndex
 90
       18
102
RTVSPost2010Prop41ColorRGB
 90
        0
102
RTVSPost2010PropOp41
 70
     1
102
RTVSPost2010Prop42
 90
       50
102
RTVSPost2010PropOp42
 70
     1
102
RTVSPost2010Prop43
 90
        3
102
RTVSPost2010PropOp43
 70
     1
102
RTVSPost2010Prop44ColorIndex
 90
        5
102
RTVSPost2010Prop44ColorRGB
 90
      255
102
RTVSPost2010PropOp44
 70
     1
102
RTVSPost2010Prop45
280
     0
102
RTVSPost2010PropOp45
 70
     1
102
RTVSPost2010Prop46
 90
       50
102
RTVSPost2010PropOp46
 70
     1
102
RTVSPost2010Prop47
 90
       50
102
RTVSPost2010PropOp47
 70
     1
102
RTVSPost2010Prop48
 90
       50
102
RTVSPost2010PropOp48
 70
     1
102
RTVSPost2010Prop49
280
     0
102
RTVSPost2010PropOp49
 70
     1
102
RTVSPost2010Prop50
 90
       50
102
RTVSPost2010PropOp50
 70
     1
102
RTVSPost2010Prop51ColorIndex
 90
      256
102
RTVSPost2010Prop51ColorRGB
 90
-16777216
102
RTVSPost2010PropOp51
 70
     0
102
RTVSPost2010Prop52
140
1.0
102
RTVSPost2010PropOp52
 70
     0
102
RTVSPost2010Prop53
 90
        2
102
RTVSPost2010PropOp53
 70
     1
102
RTVSPost2010Prop54
  1
strokes_ogs.tif
102
RTVSPost2010PropOp54
 70
     1
102
RTVSPost2010Prop55
280
     0
102
RTVSPost2010PropOp55
 70
     1
102
RTVSPost2010Prop56
140
1.0
102
RTVSPost2010PropOp56
 70
     1
102
RTVSPost2010Prop57
140
1.0
102
RTVSPost2010PropOp57
 70
     1
102
RTVSPropertyOp0
 70
     1
102
RTVSPropertyOp1
 70
     1
102
RTVSPropertyOp2
 70
     1
102
RTVSPropertyOp3
 70
     1
102
RTVSPropertyOp4
 70
     1
102
RTVSPropertyOp5
 70
     1
102
RTVSPropertyOp6
 70
     1
102
RTVSPropertyOp7
 70
     1
102
RTVSPropertyOp8
 70
     1
102
RTVSPropertyOp9
 70
     1
102
RTVSPropertyOp10
 70
     1
102
RTVSPropertyOp11
 70
     1
102
RTVSPropertyOp12
 70
     1
102
RTVSPropertyOp13
 70
     1
102
RTVSPropertyOp14
 70
     1
102
RTVSPropertyOp15
 70
     1
102
RTVSPropertyOp16
 70
     1
102
RTVSPropertyOp17
 70
     1
102
RTVSPropertyOp18
 70
     1
102
RTVSPropertyOp19
 70
     1
102
RTVSPropertyOp20
 70
     1
102
RTVSPropertyOp21
 70
     1
102
RTVSPropertyOp22
 70
     1
102
RTVSPropertyOp23
 70
     1
102
RTVSPropertyOp24
 70
     1
102
RTVSPropertyOp25
 70
     1
102
RTVSPropertyOp26
 70
     1
102
RTVSPropertyOp27
 70
     1
102
RTVSPropertyOp28
 70
     1
102
RTVSPropertyOp29
 70
     1
102
RTVSPropertyOp30
 70
     1
102
RTVSPropertyOp31
 70
     1
102
RTVSPropertyOp32
 70
     1
102
RTVSPropertyOp33
 70
     1
102
RTVSPropertyOp34
 70
     1
102
RTVSPropertyOp35
 70
     1
102
RTVSPropertyOp36
 70
     1
102
RTVSPropertyOp37
 70
     1
102
RTVSPropertyOp38
 70
     1
102
RTVSPropertyOp39
 70
     1
102
RTVSPropertyOp40
 70
     1
102
RTVSPropertyOp41
 70
     1
102
RTVSPropertyOp42
 70
     1
102
RTVSPropertyOp43
 70
     1
102
RTVSPropertyOp44
 70
     1
102
RTVSPropertyOp45
 70
     1
102
RTVSPropertyOp46
 70
     1
102
RTVSPropertyOp47
 70
     1
102
RTVSPropertyOp48
 70
     1
102
RTVSPropertyOp49
 70
     1
102
RTVSPropertyOp50
 70
     1
102
RTVSPropertyOp51
 70
     0
102
RTVSPropertyOp52
 70
     0
102
RTVSPropertyOp53
 70
     1
102
RTVSPropertyOp54
 70
     1
102
RTVSPropertyOp55
 70
     1
102
RTVSPropertyOp56
 70
     1
102
RTVSPropertyOp57
 70
     1
102
RTVSPropertyOp58
 70
     1
102
RTVSPropertyOp59
 70
     1
102
RTVSPropertyOp60
 70
     1
102
RTVSPropertyOp61
 70
     1
102
RTVSPropertyOp62
 70
     1
  0
XRECORD
  5
768
102
{ACAD_REACTORS
330
767
102
}
330
767
100
AcDbXrecord
280
     1
102
RTVSPost2010Prop28
280
     0
102
RTVSPost2010PropOp28
 70
     1
102
RTVSPost2010Prop29
280
     1
102
RTVSPost2010PropOp29
 70
     1
102
RTVSPost2010Prop30
280
     1
102
RTVSPost2010PropOp30
 70
     1
102
RTVSPost2010Prop31
280
     0
102
RTVSPost2010PropOp31
 70
     1
102
RTVSPost2010Prop32
280
     0
102
RTVSPost2010PropOp32
 70
     1
102
RTVSPost2010Prop33
280
     0
102
RTVSPost2010PropOp33
 70
     1
102
RTVSPost2010Prop34
280
     0
102
RTVSPost2010PropOp34
 70
     1
102
RTVSPost2010Prop35
280
     0
102
RTVSPost2010PropOp35
 70
     1
102
RTVSPost2010Prop36
280
     0
102
RTVSPost2010PropOp36
 70
     1
102
RTVSPost2010Prop37
 90
       50
102
RTVSPost2010PropOp37
 70
     1
102
RTVSPost2010Prop38
140
0.0
102
RTVSPost2010PropOp38
 70
     1
102
RTVSPost2010Prop39
140
1.0
102
RTVSPost2010PropOp39
 70
     1
102
RTVSPost2010Prop40
 90
        0
102
RTVSPost2010PropOp40
 70
     1
102
RTVSPost2010Prop41ColorIndex
 90
       18
102
RTVSPost2010Prop41ColorRGB
 90
        0
102
RTVSPost2010PropOp41
 70
     1
102
RTVSPost2010Prop42
 90
       50
102
RTVSPost2010PropOp42
 70
     1
102
RTVSPost2010Prop43
 90
        3
102
RTVSPost2010PropOp43
 70
     1
102
RTVSPost2010Prop44ColorIndex
 90
        5
102
RTVSPost2010Prop44ColorRGB
 90
      255
102
RTVSPost2010PropOp44
 70
     1
102
RTVSPost2010Prop45
280
     0
102
RTVSPost2010PropOp45
 70
     1
102
RTVSPost2010Prop46
 90
       50
102
RTVSPost2010PropOp46
 70
     1
102
RTVSPost2010Prop47
 90
       50
102
RTVSPost2010PropOp47
 70
     1
102
RTVSPost2010Prop48
 90
       50
102
RTVSPost2010PropOp48
 70
     1
102
RTVSPost2010Prop49
280
     0
102
RTVSPost2010PropOp49
 70
     1
102
RTVSPost2010Prop50
 90
       50
102
RTVSPost2010PropOp50
 70
     1
102
RTVSPost2010Prop51ColorIndex
 90
      256
102
RTVSPost2010Prop51ColorRGB
 90
-16777216
102
RTVSPost2010PropOp51
 70
     0
102
RTVSPost2010Prop52
140
1.0
102
RTVSPost2010PropOp52
 70
     0
102
RTVSPost2010Prop53
 90
        2
102
RTVSPost2010PropOp53
 70
     1
102
RTVSPost2010Prop54
  1
strokes_ogs.tif
102
RTVSPost2010PropOp54
 70
     1
102
RTVSPost2010Prop55
280
     0
102
RTVSPost2010PropOp55
 70
     1
102
RTVSPost2010Prop56
140
1.0
102
RTVSPost2010PropOp56
 70
     1
102
RTVSPost2010Prop57
140
1.0
102
RTVSPost2010PropOp57
 70
     1
102
RTVSPropertyOp0
 70
     1
102
RTVSPropertyOp1
 70
     1
102
RTVSPropertyOp2
 70
     1
102
RTVSPropertyOp3
 70
     1
102
RTVSPropertyOp4
 70
     1
102
RTVSPropertyOp5
 70
     1
102
RTVSPropertyOp6
 70
     1
102
RTVSPropertyOp7
 70
     1
102
RTVSPropertyOp8
 70
     1
102
RTVSPropertyOp9
 70
     1
102
RTVSPropertyOp10
 70
     1
102
RTVSPropertyOp11
 70
     1
102
RTVSPropertyOp12
 70
     1
102
RTVSPropertyOp13
 70
     1
102
RTVSPropertyOp14
 70
     1
102
RTVSPropertyOp15
 70
     1
102
RTVSPropertyOp16
 70
     1
102
RTVSPropertyOp17
 70
     1
102
RTVSPropertyOp18
 70
     1
102
RTVSPropertyOp19
 70
     1
102
RTVSPropertyOp20
 70
     1
102
RTVSPropertyOp21
 70
     1
102
RTVSPropertyOp22
 70
     1
102
RTVSPropertyOp23
 70
     1
102
RTVSPropertyOp24
 70
     1
102
RTVSPropertyOp25
 70
     1
102
RTVSPropertyOp26
 70
     1
102
RTVSPropertyOp27
 70
     1
102
RTVSPropertyOp28
 70
     1
102
RTVSPropertyOp29
 70
     1
102
RTVSPropertyOp30
 70
     1
102
RTVSPropertyOp31
 70
     1
102
RTVSPropertyOp32
 70
     1
102
RTVSPropertyOp33
 70
     1
102
RTVSPropertyOp34
 70
     1
102
RTVSPropertyOp35
 70
     1
102
RTVSPropertyOp36
 70
     1
102
RTVSPropertyOp37
 70
     1
102
RTVSPropertyOp38
 70
     1
102
RTVSPropertyOp39
 70
     1
102
RTVSPropertyOp40
 70
     1
102
RTVSPropertyOp41
 70
     1
102
RTVSPropertyOp42
 70
     1
102
RTVSPropertyOp43
 70
     1
102
RTVSPropertyOp44
 70
     1
102
RTVSPropertyOp45
 70
     1
102
RTVSPropertyOp46
 70
     1
102
RTVSPropertyOp47
 70
     1
102
RTVSPropertyOp48
 70
     1
102
RTVSPropertyOp49
 70
     1
102
RTVSPropertyOp50
 70
     1
102
RTVSPropertyOp51
 70
     0
102
RTVSPropertyOp52
 70
     0
102
RTVSPropertyOp53
 70
     1
102
RTVSPropertyOp54
 70
     1
102
RTVSPropertyOp55
 70
     1
102
RTVSPropertyOp56
 70
     1
102
RTVSPropertyOp57
 70
     1
102
RTVSPropertyOp58
 70
     1
102
RTVSPropertyOp59
 70
     1
102
RTVSPropertyOp60
 70
     1
102
RTVSPropertyOp61
 70
     1
102
RTVSPropertyOp62
 70
     1
  0
XRECORD
  5
776
102
{ACAD_REACTORS
330
775
102
}
330
775
100
AcDbXrecord
280
     1
102
RTVSPost2010Prop28
280
     0
102
RTVSPost2010PropOp28
 70
     1
102
RTVSPost2010Prop29
280
     1
102
RTVSPost2010PropOp29
 70
     1
102
RTVSPost2010Prop30
280
     1
102
RTVSPost2010PropOp30
 70
     1
102
RTVSPost2010Prop31
280
     0
102
RTVSPost2010PropOp31
 70
     1
102
RTVSPost2010Prop32
280
     0
102
RTVSPost2010PropOp32
 70
     1
102
RTVSPost2010Prop33
280
     0
102
RTVSPost2010PropOp33
 70
     1
102
RTVSPost2010Prop34
280
     0
102
RTVSPost2010PropOp34
 70
     1
102
RTVSPost2010Prop35
280
     0
102
RTVSPost2010PropOp35
 70
     1
102
RTVSPost2010Prop36
280
     0
102
RTVSPost2010PropOp36
 70
     1
102
RTVSPost2010Prop37
 90
       50
102
RTVSPost2010PropOp37
 70
     1
102
RTVSPost2010Prop38
140
0.0
102
RTVSPost2010PropOp38
 70
     1
102
RTVSPost2010Prop39
140
1.0
102
RTVSPost2010PropOp39
 70
     1
102
RTVSPost2010Prop40
 90
        0
102
RTVSPost2010PropOp40
 70
     1
102
RTVSPost2010Prop41ColorIndex
 90
       18
102
RTVSPost2010Prop41ColorRGB
 90
        0
102
RTVSPost2010PropOp41
 70
     1
102
RTVSPost2010Prop42
 90
       50
102
RTVSPost2010PropOp42
 70
     1
102
RTVSPost2010Prop43
 90
        3
102
RTVSPost2010PropOp43
 70
     1
102
RTVSPost2010Prop44ColorIndex
 90
        5
102
RTVSPost2010Prop44ColorRGB
 90
      255
102
RTVSPost2010PropOp44
 70
     1
102
RTVSPost2010Prop45
280
     0
102
RTVSPost2010PropOp45
 70
     1
102
RTVSPost2010Prop46
 90
       50
102
RTVSPost2010PropOp46
 70
     1
102
RTVSPost2010Prop47
 90
       50
102
RTVSPost2010PropOp47
 70
     1
102
RTVSPost2010Prop48
 90
       50
102
RTVSPost2010PropOp48
 70
     1
102
RTVSPost2010Prop49
280
     0
102
RTVSPost2010PropOp49
 70
     1
102
RTVSPost2010Prop50
 90
       50
102
RTVSPost2010PropOp50
 70
     1
102
RTVSPost2010Prop51ColorIndex
 90
      256
102
RTVSPost2010Prop51ColorRGB
 90
-16777216
102
RTVSPost2010PropOp51
 70
     0
102
RTVSPost2010Prop52
140
1.0
102
RTVSPost2010PropOp52
 70
     0
102
RTVSPost2010Prop53
 90
        2
102
RTVSPost2010PropOp53
 70
     1
102
RTVSPost2010Prop54
  1
strokes_ogs.tif
102
RTVSPost2010PropOp54
 70
     1
102
RTVSPost2010Prop55
280
     0
102
RTVSPost2010PropOp55
 70
     1
102
RTVSPost2010Prop56
140
1.0
102
RTVSPost2010PropOp56
 70
     1
102
RTVSPost2010Prop57
140
1.0
102
RTVSPost2010PropOp57
 70
     1
102
RTVSPropertyOp0
 70
     1
102
RTVSPropertyOp1
 70
     1
102
RTVSPropertyOp2
 70
     1
102
RTVSPropertyOp3
 70
     1
102
RTVSPropertyOp4
 70
     1
102
RTVSPropertyOp5
 70
     1
102
RTVSPropertyOp6
 70
     1
102
RTVSPropertyOp7
 70
     1
102
RTVSPropertyOp8
 70
     1
102
RTVSPropertyOp9
 70
     1
102
RTVSPropertyOp10
 70
     1
102
RTVSPropertyOp11
 70
     1
102
RTVSPropertyOp12
 70
     1
102
RTVSPropertyOp13
 70
     1
102
RTVSPropertyOp14
 70
     1
102
RTVSPropertyOp15
 70
     1
102
RTVSPropertyOp16
 70
     1
102
RTVSPropertyOp17
 70
     1
102
RTVSPropertyOp18
 70
     1
102
RTVSPropertyOp19
 70
     1
102
RTVSPropertyOp20
 70
     1
102
RTVSPropertyOp21
 70
     1
102
RTVSPropertyOp22
 70
     1
102
RTVSPropertyOp23
 70
     1
102
RTVSPropertyOp24
 70
     1
102
RTVSPropertyOp25
 70
     1
102
RTVSPropertyOp26
 70
     1
102
RTVSPropertyOp27
 70
     1
102
RTVSPropertyOp28
 70
     1
102
RTVSPropertyOp29
 70
     1
102
RTVSPropertyOp30
 70
     1
102
RTVSPropertyOp31
 70
     1
102
RTVSPropertyOp32
 70
     1
102
RTVSPropertyOp33
 70
     1
102
RTVSPropertyOp34
 70
     1
102
RTVSPropertyOp35
 70
     1
102
RTVSPropertyOp36
 70
     1
102
RTVSPropertyOp37
 70
     1
102
RTVSPropertyOp38
 70
     1
102
RTVSPropertyOp39
 70
     1
102
RTVSPropertyOp40
 70
     1
102
RTVSPropertyOp41
 70
     1
102
RTVSPropertyOp42
 70
     1
102
RTVSPropertyOp43
 70
     1
102
RTVSPropertyOp44
 70
     1
102
RTVSPropertyOp45
 70
     1
102
RTVSPropertyOp46
 70
     1
102
RTVSPropertyOp47
 70
     1
102
RTVSPropertyOp48
 70
     1
102
RTVSPropertyOp49
 70
     1
102
RTVSPropertyOp50
 70
     1
102
RTVSPropertyOp51
 70
     0
102
RTVSPropertyOp52
 70
     0
102
RTVSPropertyOp53
 70
     1
102
RTVSPropertyOp54
 70
     1
102
RTVSPropertyOp55
 70
     1
102
RTVSPropertyOp56
 70
     1
102
RTVSPropertyOp57
 70
     1
102
RTVSPropertyOp58
 70
     1
102
RTVSPropertyOp59
 70
     1
102
RTVSPropertyOp60
 70
     1
102
RTVSPropertyOp61
 70
     1
102
RTVSPropertyOp62
 70
     1
  0
XRECORD
  5
77E
102
{ACAD_REACTORS
330
77D
102
}
330
77D
100
AcDbXrecord
280
     1
102
RTVSPost2010Prop28
280
     0
102
RTVSPost2010PropOp28
 70
     1
102
RTVSPost2010Prop29
280
     1
102
RTVSPost2010PropOp29
 70
     1
102
RTVSPost2010Prop30
280
     1
102
RTVSPost2010PropOp30
 70
     1
102
RTVSPost2010Prop31
280
     0
102
RTVSPost2010PropOp31
 70
     1
102
RTVSPost2010Prop32
280
     0
102
RTVSPost2010PropOp32
 70
     1
102
RTVSPost2010Prop33
280
     0
102
RTVSPost2010PropOp33
 70
     1
102
RTVSPost2010Prop34
280
     0
102
RTVSPost2010PropOp34
 70
     1
102
RTVSPost2010Prop35
280
     0
102
RTVSPost2010PropOp35
 70
     1
102
RTVSPost2010Prop36
280
     0
102
RTVSPost2010PropOp36
 70
     1
102
RTVSPost2010Prop37
 90
       50
102
RTVSPost2010PropOp37
 70
     1
102
RTVSPost2010Prop38
140
0.0
102
RTVSPost2010PropOp38
 70
     1
102
RTVSPost2010Prop39
140
1.0
102
RTVSPost2010PropOp39
 70
     1
102
RTVSPost2010Prop40
 90
        0
102
RTVSPost2010PropOp40
 70
     1
102
RTVSPost2010Prop41ColorIndex
 90
       18
102
RTVSPost2010Prop41ColorRGB
 90
        0
102
RTVSPost2010PropOp41
 70
     1
102
RTVSPost2010Prop42
 90
       50
102
RTVSPost2010PropOp42
 70
     1
102
RTVSPost2010Prop43
 90
        3
102
RTVSPost2010PropOp43
 70
     1
102
RTVSPost2010Prop44ColorIndex
 90
        5
102
RTVSPost2010Prop44ColorRGB
 90
      255
102
RTVSPost2010PropOp44
 70
     1
102
RTVSPost2010Prop45
280
     0
102
RTVSPost2010PropOp45
 70
     1
102
RTVSPost2010Prop46
 90
       50
102
RTVSPost2010PropOp46
 70
     1
102
RTVSPost2010Prop47
 90
       50
102
RTVSPost2010PropOp47
 70
     1
102
RTVSPost2010Prop48
 90
       50
102
RTVSPost2010PropOp48
 70
     1
102
RTVSPost2010Prop49
280
     0
102
RTVSPost2010PropOp49
 70
     1
102
RTVSPost2010Prop50
 90
       50
102
RTVSPost2010PropOp50
 70
     1
102
RTVSPost2010Prop51ColorIndex
 90
      256
102
RTVSPost2010Prop51ColorRGB
 90
-16777216
102
RTVSPost2010PropOp51
 70
     0
102
RTVSPost2010Prop52
140
1.0
102
RTVSPost2010PropOp52
 70
     0
102
RTVSPost2010Prop53
 90
        2
102
RTVSPost2010PropOp53
 70
     1
102
RTVSPost2010Prop54
  1
strokes_ogs.tif
102
RTVSPost2010PropOp54
 70
     1
102
RTVSPost2010Prop55
280
     0
102
RTVSPost2010PropOp55
 70
     1
102
RTVSPost2010Prop56
140
1.0
102
RTVSPost2010PropOp56
 70
     1
102
RTVSPost2010Prop57
140
1.0
102
RTVSPost2010PropOp57
 70
     1
102
RTVSPropertyOp0
 70
     1
102
RTVSPropertyOp1
 70
     1
102
RTVSPropertyOp2
 70
     1
102
RTVSPropertyOp3
 70
     1
102
RTVSPropertyOp4
 70
     1
102
RTVSPropertyOp5
 70
     1
102
RTVSPropertyOp6
 70
     1
102
RTVSPropertyOp7
 70
     1
102
RTVSPropertyOp8
 70
     1
102
RTVSPropertyOp9
 70
     1
102
RTVSPropertyOp10
 70
     1
102
RTVSPropertyOp11
 70
     1
102
RTVSPropertyOp12
 70
     1
102
RTVSPropertyOp13
 70
     1
102
RTVSPropertyOp14
 70
     1
102
RTVSPropertyOp15
 70
     1
102
RTVSPropertyOp16
 70
     1
102
RTVSPropertyOp17
 70
     1
102
RTVSPropertyOp18
 70
     1
102
RTVSPropertyOp19
 70
     1
102
RTVSPropertyOp20
 70
     1
102
RTVSPropertyOp21
 70
     1
102
RTVSPropertyOp22
 70
     1
102
RTVSPropertyOp23
 70
     1
102
RTVSPropertyOp24
 70
     1
102
RTVSPropertyOp25
 70
     1
102
RTVSPropertyOp26
 70
     1
102
RTVSPropertyOp27
 70
     1
102
RTVSPropertyOp28
 70
     1
102
RTVSPropertyOp29
 70
     1
102
RTVSPropertyOp30
 70
     1
102
RTVSPropertyOp31
 70
     1
102
RTVSPropertyOp32
 70
     1
102
RTVSPropertyOp33
 70
     1
102
RTVSPropertyOp34
 70
     1
102
RTVSPropertyOp35
 70
     1
102
RTVSPropertyOp36
 70
     1
102
RTVSPropertyOp37
 70
     1
102
RTVSPropertyOp38
 70
     1
102
RTVSPropertyOp39
 70
     1
102
RTVSPropertyOp40
 70
     1
102
RTVSPropertyOp41
 70
     1
102
RTVSPropertyOp42
 70
     1
102
RTVSPropertyOp43
 70
     1
102
RTVSPropertyOp44
 70
     1
102
RTVSPropertyOp45
 70
     1
102
RTVSPropertyOp46
 70
     1
102
RTVSPropertyOp47
 70
     1
102
RTVSPropertyOp48
 70
     1
102
RTVSPropertyOp49
 70
     1
102
RTVSPropertyOp50
 70
     1
102
RTVSPropertyOp51
 70
     0
102
RTVSPropertyOp52
 70
     0
102
RTVSPropertyOp53
 70
     1
102
RTVSPropertyOp54
 70
     1
102
RTVSPropertyOp55
 70
     1
102
RTVSPropertyOp56
 70
     1
102
RTVSPropertyOp57
 70
     1
102
RTVSPropertyOp58
 70
     1
102
RTVSPropertyOp59
 70
     1
102
RTVSPropertyOp60
 70
     1
102
RTVSPropertyOp61
 70
     1
102
RTVSPropertyOp62
 70
     1
  0
XRECORD
  5
770
102
{ACAD_REACTORS
330
76F
102
}
330
76F
100
AcDbXrecord
280
     1
102
RTVSPost2010Prop28
280
     0
102
RTVSPost2010PropOp28
 70
     1
102
RTVSPost2010Prop29
280
     1
102
RTVSPost2010PropOp29
 70
     1
102
RTVSPost2010Prop30
280
     1
102
RTVSPost2010PropOp30
 70
     1
102
RTVSPost2010Prop31
280
     0
102
RTVSPost2010PropOp31
 70
     1
102
RTVSPost2010Prop32
280
     0
102
RTVSPost2010PropOp32
 70
     1
102
RTVSPost2010Prop33
280
     0
102
RTVSPost2010PropOp33
 70
     1
102
RTVSPost2010Prop34
280
     0
102
RTVSPost2010PropOp34
 70
     1
102
RTVSPost2010Prop35
280
     0
102
RTVSPost2010PropOp35
 70
     1
102
RTVSPost2010Prop36
280
     0
102
RTVSPost2010PropOp36
 70
     1
102
RTVSPost2010Prop37
 90
       50
102
RTVSPost2010PropOp37
 70
     1
102
RTVSPost2010Prop38
140
0.0
102
RTVSPost2010PropOp38
 70
     1
102
RTVSPost2010Prop39
140
1.0
102
RTVSPost2010PropOp39
 70
     1
102
RTVSPost2010Prop40
 90
        0
102
RTVSPost2010PropOp40
 70
     1
102
RTVSPost2010Prop41ColorIndex
 90
       18
102
RTVSPost2010Prop41ColorRGB
 90
        0
102
RTVSPost2010PropOp41
 70
     1
102
RTVSPost2010Prop42
 90
       50
102
RTVSPost2010PropOp42
 70
     1
102
RTVSPost2010Prop43
 90
        3
102
RTVSPost2010PropOp43
 70
     1
102
RTVSPost2010Prop44ColorIndex
 90
        5
102
RTVSPost2010Prop44ColorRGB
 90
      255
102
RTVSPost2010PropOp44
 70
     1
102
RTVSPost2010Prop45
280
     0
102
RTVSPost2010PropOp45
 70
     1
102
RTVSPost2010Prop46
 90
       50
102
RTVSPost2010PropOp46
 70
     1
102
RTVSPost2010Prop47
 90
       50
102
RTVSPost2010PropOp47
 70
     1
102
RTVSPost2010Prop48
 90
       50
102
RTVSPost2010PropOp48
 70
     1
102
RTVSPost2010Prop49
280
     0
102
RTVSPost2010PropOp49
 70
     1
102
RTVSPost2010Prop50
 90
       50
102
RTVSPost2010PropOp50
 70
     1
102
RTVSPost2010Prop51ColorIndex
 90
      256
102
RTVSPost2010Prop51ColorRGB
 90
-16777216
102
RTVSPost2010PropOp51
 70
     0
102
RTVSPost2010Prop52
140
1.0
102
RTVSPost2010PropOp52
 70
     0
102
RTVSPost2010Prop53
 90
        2
102
RTVSPost2010PropOp53
 70
     1
102
RTVSPost2010Prop54
  1
strokes_ogs.tif
102
RTVSPost2010PropOp54
 70
     1
102
RTVSPost2010Prop55
280
     0
102
RTVSPost2010PropOp55
 70
     1
102
RTVSPost2010Prop56
140
1.0
102
RTVSPost2010PropOp56
 70
     1
102
RTVSPost2010Prop57
140
1.0
102
RTVSPost2010PropOp57
 70
     1
102
RTVSPropertyOp0
 70
     1
102
RTVSPropertyOp1
 70
     1
102
RTVSPropertyOp2
 70
     1
102
RTVSPropertyOp3
 70
     1
102
RTVSPropertyOp4
 70
     1
102
RTVSPropertyOp5
 70
     1
102
RTVSPropertyOp6
 70
     1
102
RTVSPropertyOp7
 70
     1
102
RTVSPropertyOp8
 70
     1
102
RTVSPropertyOp9
 70
     1
102
RTVSPropertyOp10
 70
     1
102
RTVSPropertyOp11
 70
     1
102
RTVSPropertyOp12
 70
     1
102
RTVSPropertyOp13
 70
     1
102
RTVSPropertyOp14
 70
     1
102
RTVSPropertyOp15
 70
     1
102
RTVSPropertyOp16
 70
     1
102
RTVSPropertyOp17
 70
     1
102
RTVSPropertyOp18
 70
     1
102
RTVSPropertyOp19
 70
     1
102
RTVSPropertyOp20
 70
     1
102
RTVSPropertyOp21
 70
     1
102
RTVSPropertyOp22
 70
     1
102
RTVSPropertyOp23
 70
     1
102
RTVSPropertyOp24
 70
     1
102
RTVSPropertyOp25
 70
     1
102
RTVSPropertyOp26
 70
     1
102
RTVSPropertyOp27
 70
     1
102
RTVSPropertyOp28
 70
     1
102
RTVSPropertyOp29
 70
     1
102
RTVSPropertyOp30
 70
     1
102
RTVSPropertyOp31
 70
     1
102
RTVSPropertyOp32
 70
     1
102
RTVSPropertyOp33
 70
     1
102
RTVSPropertyOp34
 70
     1
102
RTVSPropertyOp35
 70
     1
102
RTVSPropertyOp36
 70
     1
102
RTVSPropertyOp37
 70
     1
102
RTVSPropertyOp38
 70
     1
102
RTVSPropertyOp39
 70
     1
102
RTVSPropertyOp40
 70
     1
102
RTVSPropertyOp41
 70
     1
102
RTVSPropertyOp42
 70
     1
102
RTVSPropertyOp43
 70
     1
102
RTVSPropertyOp44
 70
     1
102
RTVSPropertyOp45
 70
     1
102
RTVSPropertyOp46
 70
     1
102
RTVSPropertyOp47
 70
     1
102
RTVSPropertyOp48
 70
     1
102
RTVSPropertyOp49
 70
     1
102
RTVSPropertyOp50
 70
     1
102
RTVSPropertyOp51
 70
     0
102
RTVSPropertyOp52
 70
     0
102
RTVSPropertyOp53
 70
     1
102
RTVSPropertyOp54
 70
     1
102
RTVSPropertyOp55
 70
     1
102
RTVSPropertyOp56
 70
     1
102
RTVSPropertyOp57
 70
     1
102
RTVSPropertyOp58
 70
     1
102
RTVSPropertyOp59
 70
     1
102
RTVSPropertyOp60
 70
     1
102
RTVSPropertyOp61
 70
     1
102
RTVSPropertyOp62
 70
     1
  0
XRECORD
  5
774
102
{ACAD_REACTORS
330
773
102
}
330
773
100
AcDbXrecord
280
     1
102
RTVSPost2010Prop28
280
     0
102
RTVSPost2010PropOp28
 70
     1
102
RTVSPost2010Prop29
280
     1
102
RTVSPost2010PropOp29
 70
     1
102
RTVSPost2010Prop30
280
     1
102
RTVSPost2010PropOp30
 70
     1
102
RTVSPost2010Prop31
280
     0
102
RTVSPost2010PropOp31
 70
     1
102
RTVSPost2010Prop32
280
     0
102
RTVSPost2010PropOp32
 70
     1
102
RTVSPost2010Prop33
280
     0
102
RTVSPost2010PropOp33
 70
     1
102
RTVSPost2010Prop34
280
     0
102
RTVSPost2010PropOp34
 70
     1
102
RTVSPost2010Prop35
280
     0
102
RTVSPost2010PropOp35
 70
     1
102
RTVSPost2010Prop36
280
     0
102
RTVSPost2010PropOp36
 70
     1
102
RTVSPost2010Prop37
 90
       50
102
RTVSPost2010PropOp37
 70
     1
102
RTVSPost2010Prop38
140
0.0
102
RTVSPost2010PropOp38
 70
     1
102
RTVSPost2010Prop39
140
1.0
102
RTVSPost2010PropOp39
 70
     1
102
RTVSPost2010Prop40
 90
        0
102
RTVSPost2010PropOp40
 70
     1
102
RTVSPost2010Prop41ColorIndex
 90
       18
102
RTVSPost2010Prop41ColorRGB
 90
        0
102
RTVSPost2010PropOp41
 70
     1
102
RTVSPost2010Prop42
 90
       50
102
RTVSPost2010PropOp42
 70
     1
102
RTVSPost2010Prop43
 90
        3
102
RTVSPost2010PropOp43
 70
     1
102
RTVSPost2010Prop44ColorIndex
 90
        5
102
RTVSPost2010Prop44ColorRGB
 90
      255
102
RTVSPost2010PropOp44
 70
     1
102
RTVSPost2010Prop45
280
     0
102
RTVSPost2010PropOp45
 70
     1
102
RTVSPost2010Prop46
 90
       50
102
RTVSPost2010PropOp46
 70
     1
102
RTVSPost2010Prop47
 90
       50
102
RTVSPost2010PropOp47
 70
     1
102
RTVSPost2010Prop48
 90
       50
102
RTVSPost2010PropOp48
 70
     1
102
RTVSPost2010Prop49
280
     0
102
RTVSPost2010PropOp49
 70
     1
102
RTVSPost2010Prop50
 90
       50
102
RTVSPost2010PropOp50
 70
     1
102
RTVSPost2010Prop51ColorIndex
 90
      256
102
RTVSPost2010Prop51ColorRGB
 90
-16777216
102
RTVSPost2010PropOp51
 70
     0
102
RTVSPost2010Prop52
140
1.0
102
RTVSPost2010PropOp52
 70
     0
102
RTVSPost2010Prop53
 90
        2
102
RTVSPost2010PropOp53
 70
     1
102
RTVSPost2010Prop54
  1
strokes_ogs.tif
102
RTVSPost2010PropOp54
 70
     1
102
RTVSPost2010Prop55
280
     0
102
RTVSPost2010PropOp55
 70
     1
102
RTVSPost2010Prop56
140
1.0
102
RTVSPost2010PropOp56
 70
     1
102
RTVSPost2010Prop57
140
1.0
102
RTVSPost2010PropOp57
 70
     1
102
RTVSPropertyOp0
 70
     1
102
RTVSPropertyOp1
 70
     1
102
RTVSPropertyOp2
 70
     1
102
RTVSPropertyOp3
 70
     1
102
RTVSPropertyOp4
 70
     1
102
RTVSPropertyOp5
 70
     1
102
RTVSPropertyOp6
 70
     1
102
RTVSPropertyOp7
 70
     1
102
RTVSPropertyOp8
 70
     1
102
RTVSPropertyOp9
 70
     1
102
RTVSPropertyOp10
 70
     1
102
RTVSPropertyOp11
 70
     1
102
RTVSPropertyOp12
 70
     1
102
RTVSPropertyOp13
 70
     1
102
RTVSPropertyOp14
 70
     1
102
RTVSPropertyOp15
 70
     1
102
RTVSPropertyOp16
 70
     1
102
RTVSPropertyOp17
 70
     1
102
RTVSPropertyOp18
 70
     1
102
RTVSPropertyOp19
 70
     1
102
RTVSPropertyOp20
 70
     1
102
RTVSPropertyOp21
 70
     1
102
RTVSPropertyOp22
 70
     1
102
RTVSPropertyOp23
 70
     1
102
RTVSPropertyOp24
 70
     1
102
RTVSPropertyOp25
 70
     1
102
RTVSPropertyOp26
 70
     1
102
RTVSPropertyOp27
 70
     1
102
RTVSPropertyOp28
 70
     1
102
RTVSPropertyOp29
 70
     1
102
RTVSPropertyOp30
 70
     1
102
RTVSPropertyOp31
 70
     1
102
RTVSPropertyOp32
 70
     1
102
RTVSPropertyOp33
 70
     1
102
RTVSPropertyOp34
 70
     1
102
RTVSPropertyOp35
 70
     1
102
RTVSPropertyOp36
 70
     1
102
RTVSPropertyOp37
 70
     1
102
RTVSPropertyOp38
 70
     1
102
RTVSPropertyOp39
 70
     1
102
RTVSPropertyOp40
 70
     1
102
RTVSPropertyOp41
 70
     1
102
RTVSPropertyOp42
 70
     1
102
RTVSPropertyOp43
 70
     1
102
RTVSPropertyOp44
 70
     1
102
RTVSPropertyOp45
 70
     1
102
RTVSPropertyOp46
 70
     1
102
RTVSPropertyOp47
 70
     1
102
RTVSPropertyOp48
 70
     1
102
RTVSPropertyOp49
 70
     1
102
RTVSPropertyOp50
 70
     1
102
RTVSPropertyOp51
 70
     0
102
RTVSPropertyOp52
 70
     0
102
RTVSPropertyOp53
 70
     1
102
RTVSPropertyOp54
 70
     1
102
RTVSPropertyOp55
 70
     1
102
RTVSPropertyOp56
 70
     1
102
RTVSPropertyOp57
 70
     1
102
RTVSPropertyOp58
 70
     1
102
RTVSPropertyOp59
 70
     1
102
RTVSPropertyOp60
 70
     1
102
RTVSPropertyOp61
 70
     1
102
RTVSPropertyOp62
 70
     1
  0
XRECORD
  5
78E
102
{ACAD_REACTORS
330
78D
102
}
330
78D
100
AcDbXrecord
280
     1
102
RTVSPost2010Prop28
280
     0
102
RTVSPost2010PropOp28
 70
     1
102
RTVSPost2010Prop29
280
     1
102
RTVSPost2010PropOp29
 70
     1
102
RTVSPost2010Prop30
280
     1
102
RTVSPost2010PropOp30
 70
     1
102
RTVSPost2010Prop31
280
     0
102
RTVSPost2010PropOp31
 70
     1
102
RTVSPost2010Prop32
280
     0
102
RTVSPost2010PropOp32
 70
     1
102
RTVSPost2010Prop33
280
     0
102
RTVSPost2010PropOp33
 70
     1
102
RTVSPost2010Prop34
280
     0
102
RTVSPost2010PropOp34
 70
     1
102
RTVSPost2010Prop35
280
     0
102
RTVSPost2010PropOp35
 70
     1
102
RTVSPost2010Prop36
280
     0
102
RTVSPost2010PropOp36
 70
     1
102
RTVSPost2010Prop37
 90
       50
102
RTVSPost2010PropOp37
 70
     0
102
RTVSPost2010Prop38
140
0.0
102
RTVSPost2010PropOp38
 70
     0
102
RTVSPost2010Prop39
140
1.0
102
RTVSPost2010PropOp39
 70
     0
102
RTVSPost2010Prop40
 90
        0
102
RTVSPost2010PropOp40
 70
     0
102
RTVSPost2010Prop41ColorIndex
 90
       18
102
RTVSPost2010Prop41ColorRGB
 90
        0
102
RTVSPost2010PropOp41
 70
     0
102
RTVSPost2010Prop42
 90
       50
102
RTVSPost2010PropOp42
 70
     0
102
RTVSPost2010Prop43
 90
        3
102
RTVSPost2010PropOp43
 70
     0
102
RTVSPost2010Prop44ColorIndex
 90
        5
102
RTVSPost2010Prop44ColorRGB
 90
      255
102
RTVSPost2010PropOp44
 70
     0
102
RTVSPost2010Prop45
280
     0
102
RTVSPost2010PropOp45
 70
     1
102
RTVSPost2010Prop46
 90
       50
102
RTVSPost2010PropOp46
 70
     0
102
RTVSPost2010Prop47
 90
       50
102
RTVSPost2010PropOp47
 70
     0
102
RTVSPost2010Prop48
 90
       50
102
RTVSPost2010PropOp48
 70
     0
102
RTVSPost2010Prop49
280
     0
102
RTVSPost2010PropOp49
 70
     1
102
RTVSPost2010Prop50
 90
       50
102
RTVSPost2010PropOp50
 70
     0
102
RTVSPost2010Prop51ColorIndex
 90
      256
102
RTVSPost2010Prop51ColorRGB
 90
-16777216
102
RTVSPost2010PropOp51
 70
     0
102
RTVSPost2010Prop52
140
1.0
102
RTVSPost2010PropOp52
 70
     0
102
RTVSPost2010Prop53
 90
        2
102
RTVSPost2010PropOp53
 70
     0
102
RTVSPost2010Prop54
  1
strokes_ogs.tif
102
RTVSPost2010PropOp54
 70
     0
102
RTVSPost2010Prop55
280
     0
102
RTVSPost2010PropOp55
 70
     1
102
RTVSPost2010Prop56
140
1.0
102
RTVSPost2010PropOp56
 70
     0
102
RTVSPost2010Prop57
140
1.0
102
RTVSPost2010PropOp57
 70
     0
102
RTVSPropertyOp0
 70
     0
102
RTVSPropertyOp1
 70
     0
102
RTVSPropertyOp2
 70
     0
102
RTVSPropertyOp3
 70
     0
102
RTVSPropertyOp4
 70
     0
102
RTVSPropertyOp5
 70
     0
102
RTVSPropertyOp6
 70
     0
102
RTVSPropertyOp7
 70
     0
102
RTVSPropertyOp8
 70
     0
102
RTVSPropertyOp9
 70
     0
102
RTVSPropertyOp10
 70
     0
102
RTVSPropertyOp11
 70
     0
102
RTVSPropertyOp12
 70
     0
102
RTVSPropertyOp13
 70
     0
102
RTVSPropertyOp14
 70
     2
102
RTVSPropertyOp15
 70
     0
102
RTVSPropertyOp16
 70
     0
102
RTVSPropertyOp17
 70
     0
102
RTVSPropertyOp18
 70
     0
102
RTVSPropertyOp19
 70
     0
102
RTVSPropertyOp20
 70
     0
102
RTVSPropertyOp21
 70
     0
102
RTVSPropertyOp22
 70
     0
102
RTVSPropertyOp23
 70
     0
102
RTVSPropertyOp24
 70
     0
102
RTVSPropertyOp25
 70
     0
102
RTVSPropertyOp26
 70
     0
102
RTVSPropertyOp27
 70
     0
102
RTVSPropertyOp28
 70
     1
102
RTVSPropertyOp29
 70
     1
102
RTVSPropertyOp30
 70
     1
102
RTVSPropertyOp31
 70
     1
102
RTVSPropertyOp32
 70
     1
102
RTVSPropertyOp33
 70
     1
102
RTVSPropertyOp34
 70
     1
102
RTVSPropertyOp35
 70
     1
102
RTVSPropertyOp36
 70
     1
102
RTVSPropertyOp37
 70
     0
102
RTVSPropertyOp38
 70
     0
102
RTVSPropertyOp39
 70
     0
102
RTVSPropertyOp40
 70
     0
102
RTVSPropertyOp41
 70
     0
102
RTVSPropertyOp42
 70
     0
102
RTVSPropertyOp43
 70
     0
102
RTVSPropertyOp44
 70
     0
102
RTVSPropertyOp45
 70
     1
102
RTVSPropertyOp46
 70
     0
102
RTVSPropertyOp47
 70
     0
102
RTVSPropertyOp48
 70
     0
102
RTVSPropertyOp49
 70
     1
102
RTVSPropertyOp50
 70
     0
102
RTVSPropertyOp51
 70
     0
102
RTVSPropertyOp52
 70
     0
102
RTVSPropertyOp53
 70
     0
102
RTVSPropertyOp54
 70
     0
102
RTVSPropertyOp55
 70
     1
102
RTVSPropertyOp56
 70
     0
102
RTVSPropertyOp57
 70
     0
102
RTVSPropertyOp58
 70
     0
102
RTVSPropertyOp59
 70
     0
102
RTVSPropertyOp60
 70
     0
102
RTVSPropertyOp61
 70
     0
102
RTVSPropertyOp62
 70
     0
  0
XRECORD
  5
77C
102
{ACAD_REACTORS
330
77B
102
}
330
77B
100
AcDbXrecord
280
     1
102
RTVSPost2010Prop28
280
     0
102
RTVSPost2010PropOp28
 70
     1
102
RTVSPost2010Prop29
280
     1
102
RTVSPost2010PropOp29
 70
     1
102
RTVSPost2010Prop30
280
     1
102
RTVSPost2010PropOp30
 70
     1
102
RTVSPost2010Prop31
280
     0
102
RTVSPost2010PropOp31
 70
     1
102
RTVSPost2010Prop32
280
     0
102
RTVSPost2010PropOp32
 70
     1
102
RTVSPost2010Prop33
280
     0
102
RTVSPost2010PropOp33
 70
     1
102
RTVSPost2010Prop34
280
     0
102
RTVSPost2010PropOp34
 70
     1
102
RTVSPost2010Prop35
280
     0
102
RTVSPost2010PropOp35
 70
     1
102
RTVSPost2010Prop36
280
     0
102
RTVSPost2010PropOp36
 70
     1
102
RTVSPost2010Prop37
 90
       50
102
RTVSPost2010PropOp37
 70
     1
102
RTVSPost2010Prop38
140
0.0
102
RTVSPost2010PropOp38
 70
     1
102
RTVSPost2010Prop39
140
1.0
102
RTVSPost2010PropOp39
 70
     1
102
RTVSPost2010Prop40
 90
        0
102
RTVSPost2010PropOp40
 70
     1
102
RTVSPost2010Prop41ColorIndex
 90
       18
102
RTVSPost2010Prop41ColorRGB
 90
        0
102
RTVSPost2010PropOp41
 70
     1
102
RTVSPost2010Prop42
 90
       50
102
RTVSPost2010PropOp42
 70
     1
102
RTVSPost2010Prop43
 90
        3
102
RTVSPost2010PropOp43
 70
     1
102
RTVSPost2010Prop44ColorIndex
 90
        5
102
RTVSPost2010Prop44ColorRGB
 90
      255
102
RTVSPost2010PropOp44
 70
     1
102
RTVSPost2010Prop45
280
     0
102
RTVSPost2010PropOp45
 70
     1
102
RTVSPost2010Prop46
 90
       50
102
RTVSPost2010PropOp46
 70
     1
102
RTVSPost2010Prop47
 90
       50
102
RTVSPost2010PropOp47
 70
     1
102
RTVSPost2010Prop48
 90
       50
102
RTVSPost2010PropOp48
 70
     1
102
RTVSPost2010Prop49
280
     0
102
RTVSPost2010PropOp49
 70
     1
102
RTVSPost2010Prop50
 90
       50
102
RTVSPost2010PropOp50
 70
     1
102
RTVSPost2010Prop51ColorIndex
 90
      256
102
RTVSPost2010Prop51ColorRGB
 90
-16777216
102
RTVSPost2010PropOp51
 70
     0
102
RTVSPost2010Prop52
140
1.0
102
RTVSPost2010PropOp52
 70
     0
102
RTVSPost2010Prop53
 90
        2
102
RTVSPost2010PropOp53
 70
     1
102
RTVSPost2010Prop54
  1
strokes_ogs.tif
102
RTVSPost2010PropOp54
 70
     1
102
RTVSPost2010Prop55
280
     0
102
RTVSPost2010PropOp55
 70
     1
102
RTVSPost2010Prop56
140
1.0
102
RTVSPost2010PropOp56
 70
     1
102
RTVSPost2010Prop57
140
1.0
102
RTVSPost2010PropOp57
 70
     1
102
RTVSPropertyOp0
 70
     1
102
RTVSPropertyOp1
 70
     1
102
RTVSPropertyOp2
 70
     1
102
RTVSPropertyOp3
 70
     1
102
RTVSPropertyOp4
 70
     1
102
RTVSPropertyOp5
 70
     1
102
RTVSPropertyOp6
 70
     1
102
RTVSPropertyOp7
 70
     1
102
RTVSPropertyOp8
 70
     1
102
RTVSPropertyOp9
 70
     1
102
RTVSPropertyOp10
 70
     1
102
RTVSPropertyOp11
 70
     1
102
RTVSPropertyOp12
 70
     1
102
RTVSPropertyOp13
 70
     1
102
RTVSPropertyOp14
 70
     1
102
RTVSPropertyOp15
 70
     1
102
RTVSPropertyOp16
 70
     1
102
RTVSPropertyOp17
 70
     1
102
RTVSPropertyOp18
 70
     1
102
RTVSPropertyOp19
 70
     1
102
RTVSPropertyOp20
 70
     1
102
RTVSPropertyOp21
 70
     1
102
RTVSPropertyOp22
 70
     1
102
RTVSPropertyOp23
 70
     1
102
RTVSPropertyOp24
 70
     1
102
RTVSPropertyOp25
 70
     1
102
RTVSPropertyOp26
 70
     1
102
RTVSPropertyOp27
 70
     1
102
RTVSPropertyOp28
 70
     1
102
RTVSPropertyOp29
 70
     1
102
RTVSPropertyOp30
 70
     1
102
RTVSPropertyOp31
 70
     1
102
RTVSPropertyOp32
 70
     1
102
RTVSPropertyOp33
 70
     1
102
RTVSPropertyOp34
 70
     1
102
RTVSPropertyOp35
 70
     1
102
RTVSPropertyOp36
 70
     1
102
RTVSPropertyOp37
 70
     1
102
RTVSPropertyOp38
 70
     1
102
RTVSPropertyOp39
 70
     1
102
RTVSPropertyOp40
 70
     1
102
RTVSPropertyOp41
 70
     1
102
RTVSPropertyOp42
 70
     1
102
RTVSPropertyOp43
 70
     1
102
RTVSPropertyOp44
 70
     1
102
RTVSPropertyOp45
 70
     1
102
RTVSPropertyOp46
 70
     1
102
RTVSPropertyOp47
 70
     1
102
RTVSPropertyOp48
 70
     1
102
RTVSPropertyOp49
 70
     1
102
RTVSPropertyOp50
 70
     1
102
RTVSPropertyOp51
 70
     0
102
RTVSPropertyOp52
 70
     0
102
RTVSPropertyOp53
 70
     1
102
RTVSPropertyOp54
 70
     1
102
RTVSPropertyOp55
 70
     1
102
RTVSPropertyOp56
 70
     1
102
RTVSPropertyOp57
 70
     1
102
RTVSPropertyOp58
 70
     1
102
RTVSPropertyOp59
 70
     1
102
RTVSPropertyOp60
 70
     1
102
RTVSPropertyOp61
 70
     1
102
RTVSPropertyOp62
 70
     1
  0
XRECORD
  5
760
102
{ACAD_REACTORS
330
75F
102
}
330
75F
100
AcDbXrecord
280
     1
102
RTVSPost2010Prop28
280
     0
102
RTVSPost2010PropOp28
 70
     1
102
RTVSPost2010Prop29
280
     1
102
RTVSPost2010PropOp29
 70
     1
102
RTVSPost2010Prop30
280
     1
102
RTVSPost2010PropOp30
 70
     1
102
RTVSPost2010Prop31
280
     0
102
RTVSPost2010PropOp31
 70
     1
102
RTVSPost2010Prop32
280
     0
102
RTVSPost2010PropOp32
 70
     1
102
RTVSPost2010Prop33
280
     0
102
RTVSPost2010PropOp33
 70
     1
102
RTVSPost2010Prop34
280
     0
102
RTVSPost2010PropOp34
 70
     1
102
RTVSPost2010Prop35
280
     0
102
RTVSPost2010PropOp35
 70
     1
102
RTVSPost2010Prop36
280
     0
102
RTVSPost2010PropOp36
 70
     1
102
RTVSPost2010Prop37
 90
       50
102
RTVSPost2010PropOp37
 70
     1
102
RTVSPost2010Prop38
140
0.0
102
RTVSPost2010PropOp38
 70
     1
102
RTVSPost2010Prop39
140
1.0
102
RTVSPost2010PropOp39
 70
     1
102
RTVSPost2010Prop40
 90
        0
102
RTVSPost2010PropOp40
 70
     1
102
RTVSPost2010Prop41ColorIndex
 90
       18
102
RTVSPost2010Prop41ColorRGB
 90
        0
102
RTVSPost2010PropOp41
 70
     1
102
RTVSPost2010Prop42
 90
       50
102
RTVSPost2010PropOp42
 70
     1
102
RTVSPost2010Prop43
 90
        3
102
RTVSPost2010PropOp43
 70
     1
102
RTVSPost2010Prop44ColorIndex
 90
        5
102
RTVSPost2010Prop44ColorRGB
 90
      255
102
RTVSPost2010PropOp44
 70
     1
102
RTVSPost2010Prop45
280
     0
102
RTVSPost2010PropOp45
 70
     1
102
RTVSPost2010Prop46
 90
       50
102
RTVSPost2010PropOp46
 70
     1
102
RTVSPost2010Prop47
 90
       50
102
RTVSPost2010PropOp47
 70
     1
102
RTVSPost2010Prop48
 90
       50
102
RTVSPost2010PropOp48
 70
     1
102
RTVSPost2010Prop49
280
     0
102
RTVSPost2010PropOp49
 70
     1
102
RTVSPost2010Prop50
 90
       50
102
RTVSPost2010PropOp50
 70
     1
102
RTVSPost2010Prop51ColorIndex
 90
      256
102
RTVSPost2010Prop51ColorRGB
 90
-16777216
102
RTVSPost2010PropOp51
 70
     0
102
RTVSPost2010Prop52
140
1.0
102
RTVSPost2010PropOp52
 70
     0
102
RTVSPost2010Prop53
 90
        2
102
RTVSPost2010PropOp53
 70
     1
102
RTVSPost2010Prop54
  1
strokes_ogs.tif
102
RTVSPost2010PropOp54
 70
     1
102
RTVSPost2010Prop55
280
     0
102
RTVSPost2010PropOp55
 70
     1
102
RTVSPost2010Prop56
140
1.0
102
RTVSPost2010PropOp56
 70
     1
102
RTVSPost2010Prop57
140
1.0
102
RTVSPost2010PropOp57
 70
     1
102
RTVSPropertyOp0
 70
     1
102
RTVSPropertyOp1
 70
     1
102
RTVSPropertyOp2
 70
     1
102
RTVSPropertyOp3
 70
     1
102
RTVSPropertyOp4
 70
     1
102
RTVSPropertyOp5
 70
     1
102
RTVSPropertyOp6
 70
     1
102
RTVSPropertyOp7
 70
     1
102
RTVSPropertyOp8
 70
     1
102
RTVSPropertyOp9
 70
     1
102
RTVSPropertyOp10
 70
     1
102
RTVSPropertyOp11
 70
     1
102
RTVSPropertyOp12
 70
     1
102
RTVSPropertyOp13
 70
     1
102
RTVSPropertyOp14
 70
     1
102
RTVSPropertyOp15
 70
     1
102
RTVSPropertyOp16
 70
     1
102
RTVSPropertyOp17
 70
     1
102
RTVSPropertyOp18
 70
     1
102
RTVSPropertyOp19
 70
     1
102
RTVSPropertyOp20
 70
     1
102
RTVSPropertyOp21
 70
     1
102
RTVSPropertyOp22
 70
     1
102
RTVSPropertyOp23
 70
     1
102
RTVSPropertyOp24
 70
     1
102
RTVSPropertyOp25
 70
     1
102
RTVSPropertyOp26
 70
     1
102
RTVSPropertyOp27
 70
     1
102
RTVSPropertyOp28
 70
     1
102
RTVSPropertyOp29
 70
     1
102
RTVSPropertyOp30
 70
     1
102
RTVSPropertyOp31
 70
     1
102
RTVSPropertyOp32
 70
     1
102
RTVSPropertyOp33
 70
     1
102
RTVSPropertyOp34
 70
     1
102
RTVSPropertyOp35
 70
     1
102
RTVSPropertyOp36
 70
     1
102
RTVSPropertyOp37
 70
     1
102
RTVSPropertyOp38
 70
     1
102
RTVSPropertyOp39
 70
     1
102
RTVSPropertyOp40
 70
     1
102
RTVSPropertyOp41
 70
     1
102
RTVSPropertyOp42
 70
     1
102
RTVSPropertyOp43
 70
     1
102
RTVSPropertyOp44
 70
     1
102
RTVSPropertyOp45
 70
     1
102
RTVSPropertyOp46
 70
     1
102
RTVSPropertyOp47
 70
     1
102
RTVSPropertyOp48
 70
     1
102
RTVSPropertyOp49
 70
     1
102
RTVSPropertyOp50
 70
     1
102
RTVSPropertyOp51
 70
     0
102
RTVSPropertyOp52
 70
     0
102
RTVSPropertyOp53
 70
     1
102
RTVSPropertyOp54
 70
     1
102
RTVSPropertyOp55
 70
     1
102
RTVSPropertyOp56
 70
     1
102
RTVSPropertyOp57
 70
     1
102
RTVSPropertyOp58
 70
     1
102
RTVSPropertyOp59
 70
     1
102
RTVSPropertyOp60
 70
     1
102
RTVSPropertyOp61
 70
     1
102
RTVSPropertyOp62
 70
     1
  0
XRECORD
  5
762
102
{ACAD_REACTORS
330
761
102
}
330
761
100
AcDbXrecord
280
     1
102
RTVSPost2010Prop28
280
     0
102
RTVSPost2010PropOp28
 70
     1
102
RTVSPost2010Prop29
280
     1
102
RTVSPost2010PropOp29
 70
     1
102
RTVSPost2010Prop30
280
     1
102
RTVSPost2010PropOp30
 70
     1
102
RTVSPost2010Prop31
280
     0
102
RTVSPost2010PropOp31
 70
     1
102
RTVSPost2010Prop32
280
     0
102
RTVSPost2010PropOp32
 70
     1
102
RTVSPost2010Prop33
280
     0
102
RTVSPost2010PropOp33
 70
     1
102
RTVSPost2010Prop34
280
     0
102
RTVSPost2010PropOp34
 70
     1
102
RTVSPost2010Prop35
280
     0
102
RTVSPost2010PropOp35
 70
     1
102
RTVSPost2010Prop36
280
     0
102
RTVSPost2010PropOp36
 70
     1
102
RTVSPost2010Prop37
 90
       50
102
RTVSPost2010PropOp37
 70
     1
102
RTVSPost2010Prop38
140
0.0
102
RTVSPost2010PropOp38
 70
     1
102
RTVSPost2010Prop39
140
1.0
102
RTVSPost2010PropOp39
 70
     1
102
RTVSPost2010Prop40
 90
        0
102
RTVSPost2010PropOp40
 70
     1
102
RTVSPost2010Prop41ColorIndex
 90
       18
102
RTVSPost2010Prop41ColorRGB
 90
        0
102
RTVSPost2010PropOp41
 70
     1
102
RTVSPost2010Prop42
 90
       50
102
RTVSPost2010PropOp42
 70
     1
102
RTVSPost2010Prop43
 90
        3
102
RTVSPost2010PropOp43
 70
     1
102
RTVSPost2010Prop44ColorIndex
 90
        5
102
RTVSPost2010Prop44ColorRGB
 90
      255
102
RTVSPost2010PropOp44
 70
     1
102
RTVSPost2010Prop45
280
     0
102
RTVSPost2010PropOp45
 70
     1
102
RTVSPost2010Prop46
 90
       50
102
RTVSPost2010PropOp46
 70
     1
102
RTVSPost2010Prop47
 90
       50
102
RTVSPost2010PropOp47
 70
     1
102
RTVSPost2010Prop48
 90
       50
102
RTVSPost2010PropOp48
 70
     1
102
RTVSPost2010Prop49
280
     0
102
RTVSPost2010PropOp49
 70
     1
102
RTVSPost2010Prop50
 90
       50
102
RTVSPost2010PropOp50
 70
     1
102
RTVSPost2010Prop51ColorIndex
 90
      256
102
RTVSPost2010Prop51ColorRGB
 90
-16777216
102
RTVSPost2010PropOp51
 70
     0
102
RTVSPost2010Prop52
140
1.0
102
RTVSPost2010PropOp52
 70
     0
102
RTVSPost2010Prop53
 90
        2
102
RTVSPost2010PropOp53
 70
     1
102
RTVSPost2010Prop54
  1
strokes_ogs.tif
102
RTVSPost2010PropOp54
 70
     1
102
RTVSPost2010Prop55
280
     0
102
RTVSPost2010PropOp55
 70
     1
102
RTVSPost2010Prop56
140
1.0
102
RTVSPost2010PropOp56
 70
     1
102
RTVSPost2010Prop57
140
1.0
102
RTVSPost2010PropOp57
 70
     1
102
RTVSPropertyOp0
 70
     1
102
RTVSPropertyOp1
 70
     1
102
RTVSPropertyOp2
 70
     1
102
RTVSPropertyOp3
 70
     1
102
RTVSPropertyOp4
 70
     1
102
RTVSPropertyOp5
 70
     1
102
RTVSPropertyOp6
 70
     1
102
RTVSPropertyOp7
 70
     1
102
RTVSPropertyOp8
 70
     1
102
RTVSPropertyOp9
 70
     1
102
RTVSPropertyOp10
 70
     1
102
RTVSPropertyOp11
 70
     1
102
RTVSPropertyOp12
 70
     1
102
RTVSPropertyOp13
 70
     1
102
RTVSPropertyOp14
 70
     1
102
RTVSPropertyOp15
 70
     1
102
RTVSPropertyOp16
 70
     1
102
RTVSPropertyOp17
 70
     1
102
RTVSPropertyOp18
 70
     1
102
RTVSPropertyOp19
 70
     1
102
RTVSPropertyOp20
 70
     1
102
RTVSPropertyOp21
 70
     1
102
RTVSPropertyOp22
 70
     1
102
RTVSPropertyOp23
 70
     1
102
RTVSPropertyOp24
 70
     1
102
RTVSPropertyOp25
 70
     1
102
RTVSPropertyOp26
 70
     1
102
RTVSPropertyOp27
 70
     1
102
RTVSPropertyOp28
 70
     1
102
RTVSPropertyOp29
 70
     1
102
RTVSPropertyOp30
 70
     1
102
RTVSPropertyOp31
 70
     1
102
RTVSPropertyOp32
 70
     1
102
RTVSPropertyOp33
 70
     1
102
RTVSPropertyOp34
 70
     1
102
RTVSPropertyOp35
 70
     1
102
RTVSPropertyOp36
 70
     1
102
RTVSPropertyOp37
 70
     1
102
RTVSPropertyOp38
 70
     1
102
RTVSPropertyOp39
 70
     1
102
RTVSPropertyOp40
 70
     1
102
RTVSPropertyOp41
 70
     1
102
RTVSPropertyOp42
 70
     1
102
RTVSPropertyOp43
 70
     1
102
RTVSPropertyOp44
 70
     1
102
RTVSPropertyOp45
 70
     1
102
RTVSPropertyOp46
 70
     1
102
RTVSPropertyOp47
 70
     1
102
RTVSPropertyOp48
 70
     1
102
RTVSPropertyOp49
 70
     1
102
RTVSPropertyOp50
 70
     1
102
RTVSPropertyOp51
 70
     0
102
RTVSPropertyOp52
 70
     0
102
RTVSPropertyOp53
 70
     1
102
RTVSPropertyOp54
 70
     1
102
RTVSPropertyOp55
 70
     1
102
RTVSPropertyOp56
 70
     1
102
RTVSPropertyOp57
 70
     1
102
RTVSPropertyOp58
 70
     1
102
RTVSPropertyOp59
 70
     1
102
RTVSPropertyOp60
 70
     1
102
RTVSPropertyOp61
 70
     1
102
RTVSPropertyOp62
 70
     1
  0
XRECORD
  5
764
102
{ACAD_REACTORS
330
763
102
}
330
763
100
AcDbXrecord
280
     1
102
RTVSPost2010Prop28
280
     0
102
RTVSPost2010PropOp28
 70
     1
102
RTVSPost2010Prop29
280
     1
102
RTVSPost2010PropOp29
 70
     1
102
RTVSPost2010Prop30
280
     1
102
RTVSPost2010PropOp30
 70
     1
102
RTVSPost2010Prop31
280
     0
102
RTVSPost2010PropOp31
 70
     1
102
RTVSPost2010Prop32
280
     0
102
RTVSPost2010PropOp32
 70
     1
102
RTVSPost2010Prop33
280
     0
102
RTVSPost2010PropOp33
 70
     1
102
RTVSPost2010Prop34
280
     0
102
RTVSPost2010PropOp34
 70
     1
102
RTVSPost2010Prop35
280
     0
102
RTVSPost2010PropOp35
 70
     1
102
RTVSPost2010Prop36
280
     0
102
RTVSPost2010PropOp36
 70
     1
102
RTVSPost2010Prop37
 90
       50
102
RTVSPost2010PropOp37
 70
     1
102
RTVSPost2010Prop38
140
0.0
102
RTVSPost2010PropOp38
 70
     1
102
RTVSPost2010Prop39
140
1.0
102
RTVSPost2010PropOp39
 70
     1
102
RTVSPost2010Prop40
 90
        0
102
RTVSPost2010PropOp40
 70
     1
102
RTVSPost2010Prop41ColorIndex
 90
       18
102
RTVSPost2010Prop41ColorRGB
 90
        0
102
RTVSPost2010PropOp41
 70
     1
102
RTVSPost2010Prop42
 90
       50
102
RTVSPost2010PropOp42
 70
     1
102
RTVSPost2010Prop43
 90
        3
102
RTVSPost2010PropOp43
 70
     1
102
RTVSPost2010Prop44ColorIndex
 90
        5
102
RTVSPost2010Prop44ColorRGB
 90
      255
102
RTVSPost2010PropOp44
 70
     1
102
RTVSPost2010Prop45
280
     0
102
RTVSPost2010PropOp45
 70
     1
102
RTVSPost2010Prop46
 90
       50
102
RTVSPost2010PropOp46
 70
     1
102
RTVSPost2010Prop47
 90
       50
102
RTVSPost2010PropOp47
 70
     1
102
RTVSPost2010Prop48
 90
       50
102
RTVSPost2010PropOp48
 70
     1
102
RTVSPost2010Prop49
280
     0
102
RTVSPost2010PropOp49
 70
     1
102
RTVSPost2010Prop50
 90
       50
102
RTVSPost2010PropOp50
 70
     1
102
RTVSPost2010Prop51ColorIndex
 90
      256
102
RTVSPost2010Prop51ColorRGB
 90
-16777216
102
RTVSPost2010PropOp51
 70
     0
102
RTVSPost2010Prop52
140
1.0
102
RTVSPost2010PropOp52
 70
     0
102
RTVSPost2010Prop53
 90
        2
102
RTVSPost2010PropOp53
 70
     1
102
RTVSPost2010Prop54
  1
strokes_ogs.tif
102
RTVSPost2010PropOp54
 70
     1
102
RTVSPost2010Prop55
280
     0
102
RTVSPost2010PropOp55
 70
     1
102
RTVSPost2010Prop56
140
1.0
102
RTVSPost2010PropOp56
 70
     1
102
RTVSPost2010Prop57
140
1.0
102
RTVSPost2010PropOp57
 70
     1
102
RTVSPropertyOp0
 70
     1
102
RTVSPropertyOp1
 70
     1
102
RTVSPropertyOp2
 70
     1
102
RTVSPropertyOp3
 70
     1
102
RTVSPropertyOp4
 70
     1
102
RTVSPropertyOp5
 70
     1
102
RTVSPropertyOp6
 70
     1
102
RTVSPropertyOp7
 70
     1
102
RTVSPropertyOp8
 70
     1
102
RTVSPropertyOp9
 70
     1
102
RTVSPropertyOp10
 70
     1
102
RTVSPropertyOp11
 70
     1
102
RTVSPropertyOp12
 70
     1
102
RTVSPropertyOp13
 70
     1
102
RTVSPropertyOp14
 70
     1
102
RTVSPropertyOp15
 70
     1
102
RTVSPropertyOp16
 70
     1
102
RTVSPropertyOp17
 70
     1
102
RTVSPropertyOp18
 70
     1
102
RTVSPropertyOp19
 70
     1
102
RTVSPropertyOp20
 70
     1
102
RTVSPropertyOp21
 70
     1
102
RTVSPropertyOp22
 70
     1
102
RTVSPropertyOp23
 70
     1
102
RTVSPropertyOp24
 70
     1
102
RTVSPropertyOp25
 70
     1
102
RTVSPropertyOp26
 70
     1
102
RTVSPropertyOp27
 70
     1
102
RTVSPropertyOp28
 70
     1
102
RTVSPropertyOp29
 70
     1
102
RTVSPropertyOp30
 70
     1
102
RTVSPropertyOp31
 70
     1
102
RTVSPropertyOp32
 70
     1
102
RTVSPropertyOp33
 70
     1
102
RTVSPropertyOp34
 70
     1
102
RTVSPropertyOp35
 70
     1
102
RTVSPropertyOp36
 70
     1
102
RTVSPropertyOp37
 70
     1
102
RTVSPropertyOp38
 70
     1
102
RTVSPropertyOp39
 70
     1
102
RTVSPropertyOp40
 70
     1
102
RTVSPropertyOp41
 70
     1
102
RTVSPropertyOp42
 70
     1
102
RTVSPropertyOp43
 70
     1
102
RTVSPropertyOp44
 70
     1
102
RTVSPropertyOp45
 70
     1
102
RTVSPropertyOp46
 70
     1
102
RTVSPropertyOp47
 70
     1
102
RTVSPropertyOp48
 70
     1
102
RTVSPropertyOp49
 70
     1
102
RTVSPropertyOp50
 70
     1
102
RTVSPropertyOp51
 70
     0
102
RTVSPropertyOp52
 70
     0
102
RTVSPropertyOp53
 70
     1
102
RTVSPropertyOp54
 70
     1
102
RTVSPropertyOp55
 70
     1
102
RTVSPropertyOp56
 70
     1
102
RTVSPropertyOp57
 70
     1
102
RTVSPropertyOp58
 70
     1
102
RTVSPropertyOp59
 70
     1
102
RTVSPropertyOp60
 70
     1
102
RTVSPropertyOp61
 70
     1
102
RTVSPropertyOp62
 70
     1
  0
XRECORD
  5
766
102
{ACAD_REACTORS
330
765
102
}
330
765
100
AcDbXrecord
280
     1
102
RTVSPost2010Prop28
280
     0
102
RTVSPost2010PropOp28
 70
     1
102
RTVSPost2010Prop29
280
     1
102
RTVSPost2010PropOp29
 70
     1
102
RTVSPost2010Prop30
280
     1
102
RTVSPost2010PropOp30
 70
     1
102
RTVSPost2010Prop31
280
     0
102
RTVSPost2010PropOp31
 70
     1
102
RTVSPost2010Prop32
280
     0
102
RTVSPost2010PropOp32
 70
     1
102
RTVSPost2010Prop33
280
     0
102
RTVSPost2010PropOp33
 70
     1
102
RTVSPost2010Prop34
280
     0
102
RTVSPost2010PropOp34
 70
     1
102
RTVSPost2010Prop35
280
     0
102
RTVSPost2010PropOp35
 70
     1
102
RTVSPost2010Prop36
280
     0
102
RTVSPost2010PropOp36
 70
     1
102
RTVSPost2010Prop37
 90
       50
102
RTVSPost2010PropOp37
 70
     1
102
RTVSPost2010Prop38
140
0.0
102
RTVSPost2010PropOp38
 70
     1
102
RTVSPost2010Prop39
140
1.0
102
RTVSPost2010PropOp39
 70
     1
102
RTVSPost2010Prop40
 90
        0
102
RTVSPost2010PropOp40
 70
     1
102
RTVSPost2010Prop41ColorIndex
 90
       18
102
RTVSPost2010Prop41ColorRGB
 90
        0
102
RTVSPost2010PropOp41
 70
     1
102
RTVSPost2010Prop42
 90
       50
102
RTVSPost2010PropOp42
 70
     1
102
RTVSPost2010Prop43
 90
        3
102
RTVSPost2010PropOp43
 70
     1
102
RTVSPost2010Prop44ColorIndex
 90
        5
102
RTVSPost2010Prop44ColorRGB
 90
      255
102
RTVSPost2010PropOp44
 70
     1
102
RTVSPost2010Prop45
280
     0
102
RTVSPost2010PropOp45
 70
     1
102
RTVSPost2010Prop46
 90
       50
102
RTVSPost2010PropOp46
 70
     1
102
RTVSPost2010Prop47
 90
       50
102
RTVSPost2010PropOp47
 70
     1
102
RTVSPost2010Prop48
 90
       50
102
RTVSPost2010PropOp48
 70
     1
102
RTVSPost2010Prop49
280
     0
102
RTVSPost2010PropOp49
 70
     1
102
RTVSPost2010Prop50
 90
       50
102
RTVSPost2010PropOp50
 70
     1
102
RTVSPost2010Prop51ColorIndex
 90
      256
102
RTVSPost2010Prop51ColorRGB
 90
-16777216
102
RTVSPost2010PropOp51
 70
     0
102
RTVSPost2010Prop52
140
1.0
102
RTVSPost2010PropOp52
 70
     0
102
RTVSPost2010Prop53
 90
        2
102
RTVSPost2010PropOp53
 70
     1
102
RTVSPost2010Prop54
  1
strokes_ogs.tif
102
RTVSPost2010PropOp54
 70
     1
102
RTVSPost2010Prop55
280
     0
102
RTVSPost2010PropOp55
 70
     1
102
RTVSPost2010Prop56
140
1.0
102
RTVSPost2010PropOp56
 70
     1
102
RTVSPost2010Prop57
140
1.0
102
RTVSPost2010PropOp57
 70
     1
102
RTVSPropertyOp0
 70
     1
102
RTVSPropertyOp1
 70
     1
102
RTVSPropertyOp2
 70
     1
102
RTVSPropertyOp3
 70
     1
102
RTVSPropertyOp4
 70
     1
102
RTVSPropertyOp5
 70
     1
102
RTVSPropertyOp6
 70
     1
102
RTVSPropertyOp7
 70
     1
102
RTVSPropertyOp8
 70
     1
102
RTVSPropertyOp9
 70
     1
102
RTVSPropertyOp10
 70
     1
102
RTVSPropertyOp11
 70
     1
102
RTVSPropertyOp12
 70
     1
102
RTVSPropertyOp13
 70
     1
102
RTVSPropertyOp14
 70
     1
102
RTVSPropertyOp15
 70
     1
102
RTVSPropertyOp16
 70
     1
102
RTVSPropertyOp17
 70
     1
102
RTVSPropertyOp18
 70
     1
102
RTVSPropertyOp19
 70
     1
102
RTVSPropertyOp20
 70
     1
102
RTVSPropertyOp21
 70
     1
102
RTVSPropertyOp22
 70
     1
102
RTVSPropertyOp23
 70
     1
102
RTVSPropertyOp24
 70
     1
102
RTVSPropertyOp25
 70
     1
102
RTVSPropertyOp26
 70
     1
102
RTVSPropertyOp27
 70
     1
102
RTVSPropertyOp28
 70
     1
102
RTVSPropertyOp29
 70
     1
102
RTVSPropertyOp30
 70
     1
102
RTVSPropertyOp31
 70
     1
102
RTVSPropertyOp32
 70
     1
102
RTVSPropertyOp33
 70
     1
102
RTVSPropertyOp34
 70
     1
102
RTVSPropertyOp35
 70
     1
102
RTVSPropertyOp36
 70
     1
102
RTVSPropertyOp37
 70
     1
102
RTVSPropertyOp38
 70
     1
102
RTVSPropertyOp39
 70
     1
102
RTVSPropertyOp40
 70
     1
102
RTVSPropertyOp41
 70
     1
102
RTVSPropertyOp42
 70
     1
102
RTVSPropertyOp43
 70
     1
102
RTVSPropertyOp44
 70
     1
102
RTVSPropertyOp45
 70
     1
102
RTVSPropertyOp46
 70
     1
102
RTVSPropertyOp47
 70
     1
102
RTVSPropertyOp48
 70
     1
102
RTVSPropertyOp49
 70
     1
102
RTVSPropertyOp50
 70
     1
102
RTVSPropertyOp51
 70
     0
102
RTVSPropertyOp52
 70
     0
102
RTVSPropertyOp53
 70
     1
102
RTVSPropertyOp54
 70
     1
102
RTVSPropertyOp55
 70
     1
102
RTVSPropertyOp56
 70
     1
102
RTVSPropertyOp57
 70
     1
102
RTVSPropertyOp58
 70
     1
102
RTVSPropertyOp59
 70
     1
102
RTVSPropertyOp60
 70
     1
102
RTVSPropertyOp61
 70
     1
102
RTVSPropertyOp62
 70
     1
  0
XRECORD
  5
76E
102
{ACAD_REACTORS
330
76D
102
}
330
76D
100
AcDbXrecord
280
     1
102
RTVSPost2010Prop28
280
     0
102
RTVSPost2010PropOp28
 70
     1
102
RTVSPost2010Prop29
280
     1
102
RTVSPost2010PropOp29
 70
     1
102
RTVSPost2010Prop30
280
     1
102
RTVSPost2010PropOp30
 70
     1
102
RTVSPost2010Prop31
280
     0
102
RTVSPost2010PropOp31
 70
     1
102
RTVSPost2010Prop32
280
     0
102
RTVSPost2010PropOp32
 70
     1
102
RTVSPost2010Prop33
280
     0
102
RTVSPost2010PropOp33
 70
     1
102
RTVSPost2010Prop34
280
     0
102
RTVSPost2010PropOp34
 70
     1
102
RTVSPost2010Prop35
280
     0
102
RTVSPost2010PropOp35
 70
     1
102
RTVSPost2010Prop36
280
     0
102
RTVSPost2010PropOp36
 70
     1
102
RTVSPost2010Prop37
 90
       50
102
RTVSPost2010PropOp37
 70
     1
102
RTVSPost2010Prop38
140
0.0
102
RTVSPost2010PropOp38
 70
     1
102
RTVSPost2010Prop39
140
1.0
102
RTVSPost2010PropOp39
 70
     1
102
RTVSPost2010Prop40
 90
        0
102
RTVSPost2010PropOp40
 70
     1
102
RTVSPost2010Prop41ColorIndex
 90
       18
102
RTVSPost2010Prop41ColorRGB
 90
        0
102
RTVSPost2010PropOp41
 70
     1
102
RTVSPost2010Prop42
 90
       50
102
RTVSPost2010PropOp42
 70
     1
102
RTVSPost2010Prop43
 90
        3
102
RTVSPost2010PropOp43
 70
     1
102
RTVSPost2010Prop44ColorIndex
 90
        5
102
RTVSPost2010Prop44ColorRGB
 90
      255
102
RTVSPost2010PropOp44
 70
     1
102
RTVSPost2010Prop45
280
     0
102
RTVSPost2010PropOp45
 70
     1
102
RTVSPost2010Prop46
 90
       50
102
RTVSPost2010PropOp46
 70
     1
102
RTVSPost2010Prop47
 90
       50
102
RTVSPost2010PropOp47
 70
     1
102
RTVSPost2010Prop48
 90
       50
102
RTVSPost2010PropOp48
 70
     1
102
RTVSPost2010Prop49
280
     0
102
RTVSPost2010PropOp49
 70
     1
102
RTVSPost2010Prop50
 90
       50
102
RTVSPost2010PropOp50
 70
     1
102
RTVSPost2010Prop51ColorIndex
 90
      256
102
RTVSPost2010Prop51ColorRGB
 90
-16777216
102
RTVSPost2010PropOp51
 70
     0
102
RTVSPost2010Prop52
140
1.0
102
RTVSPost2010PropOp52
 70
     0
102
RTVSPost2010Prop53
 90
        2
102
RTVSPost2010PropOp53
 70
     1
102
RTVSPost2010Prop54
  1
strokes_ogs.tif
102
RTVSPost2010PropOp54
 70
     1
102
RTVSPost2010Prop55
280
     0
102
RTVSPost2010PropOp55
 70
     1
102
RTVSPost2010Prop56
140
1.0
102
RTVSPost2010PropOp56
 70
     1
102
RTVSPost2010Prop57
140
1.0
102
RTVSPost2010PropOp57
 70
     1
102
RTVSPropertyOp0
 70
     1
102
RTVSPropertyOp1
 70
     1
102
RTVSPropertyOp2
 70
     1
102
RTVSPropertyOp3
 70
     1
102
RTVSPropertyOp4
 70
     1
102
RTVSPropertyOp5
 70
     1
102
RTVSPropertyOp6
 70
     1
102
RTVSPropertyOp7
 70
     1
102
RTVSPropertyOp8
 70
     1
102
RTVSPropertyOp9
 70
     1
102
RTVSPropertyOp10
 70
     1
102
RTVSPropertyOp11
 70
     1
102
RTVSPropertyOp12
 70
     1
102
RTVSPropertyOp13
 70
     1
102
RTVSPropertyOp14
 70
     1
102
RTVSPropertyOp15
 70
     1
102
RTVSPropertyOp16
 70
     1
102
RTVSPropertyOp17
 70
     1
102
RTVSPropertyOp18
 70
     1
102
RTVSPropertyOp19
 70
     1
102
RTVSPropertyOp20
 70
     1
102
RTVSPropertyOp21
 70
     1
102
RTVSPropertyOp22
 70
     1
102
RTVSPropertyOp23
 70
     1
102
RTVSPropertyOp24
 70
     1
102
RTVSPropertyOp25
 70
     1
102
RTVSPropertyOp26
 70
     1
102
RTVSPropertyOp27
 70
     1
102
RTVSPropertyOp28
 70
     1
102
RTVSPropertyOp29
 70
     1
102
RTVSPropertyOp30
 70
     1
102
RTVSPropertyOp31
 70
     1
102
RTVSPropertyOp32
 70
     1
102
RTVSPropertyOp33
 70
     1
102
RTVSPropertyOp34
 70
     1
102
RTVSPropertyOp35
 70
     1
102
RTVSPropertyOp36
 70
     1
102
RTVSPropertyOp37
 70
     1
102
RTVSPropertyOp38
 70
     1
102
RTVSPropertyOp39
 70
     1
102
RTVSPropertyOp40
 70
     1
102
RTVSPropertyOp41
 70
     1
102
RTVSPropertyOp42
 70
     1
102
RTVSPropertyOp43
 70
     1
102
RTVSPropertyOp44
 70
     1
102
RTVSPropertyOp45
 70
     1
102
RTVSPropertyOp46
 70
     1
102
RTVSPropertyOp47
 70
     1
102
RTVSPropertyOp48
 70
     1
102
RTVSPropertyOp49
 70
     1
102
RTVSPropertyOp50
 70
     1
102
RTVSPropertyOp51
 70
     0
102
RTVSPropertyOp52
 70
     0
102
RTVSPropertyOp53
 70
     1
102
RTVSPropertyOp54
 70
     1
102
RTVSPropertyOp55
 70
     1
102
RTVSPropertyOp56
 70
     1
102
RTVSPropertyOp57
 70
     1
102
RTVSPropertyOp58
 70
     1
102
RTVSPropertyOp59
 70
     1
102
RTVSPropertyOp60
 70
     1
102
RTVSPropertyOp61
 70
     1
102
RTVSPropertyOp62
 70
     1
  0
XRECORD
  5
78A
102
{ACAD_REACTORS
330
789
102
}
330
789
100
AcDbXrecord
280
     1
102
RTVSPost2010Prop28
280
     0
102
RTVSPost2010PropOp28
 70
     1
102
RTVSPost2010Prop29
280
     1
102
RTVSPost2010PropOp29
 70
     1
102
RTVSPost2010Prop30
280
     1
102
RTVSPost2010PropOp30
 70
     1
102
RTVSPost2010Prop31
280
     0
102
RTVSPost2010PropOp31
 70
     1
102
RTVSPost2010Prop32
280
     0
102
RTVSPost2010PropOp32
 70
     1
102
RTVSPost2010Prop33
280
     0
102
RTVSPost2010PropOp33
 70
     1
102
RTVSPost2010Prop34
280
     0
102
RTVSPost2010PropOp34
 70
     1
102
RTVSPost2010Prop35
280
     0
102
RTVSPost2010PropOp35
 70
     1
102
RTVSPost2010Prop36
280
     0
102
RTVSPost2010PropOp36
 70
     1
102
RTVSPost2010Prop37
 90
       50
102
RTVSPost2010PropOp37
 70
     0
102
RTVSPost2010Prop38
140
0.0
102
RTVSPost2010PropOp38
 70
     0
102
RTVSPost2010Prop39
140
1.0
102
RTVSPost2010PropOp39
 70
     0
102
RTVSPost2010Prop40
 90
        0
102
RTVSPost2010PropOp40
 70
     0
102
RTVSPost2010Prop41ColorIndex
 90
       18
102
RTVSPost2010Prop41ColorRGB
 90
        0
102
RTVSPost2010PropOp41
 70
     0
102
RTVSPost2010Prop42
 90
       50
102
RTVSPost2010PropOp42
 70
     0
102
RTVSPost2010Prop43
 90
        3
102
RTVSPost2010PropOp43
 70
     0
102
RTVSPost2010Prop44ColorIndex
 90
        5
102
RTVSPost2010Prop44ColorRGB
 90
      255
102
RTVSPost2010PropOp44
 70
     0
102
RTVSPost2010Prop45
280
     0
102
RTVSPost2010PropOp45
 70
     1
102
RTVSPost2010Prop46
 90
       50
102
RTVSPost2010PropOp46
 70
     0
102
RTVSPost2010Prop47
 90
       50
102
RTVSPost2010PropOp47
 70
     0
102
RTVSPost2010Prop48
 90
       50
102
RTVSPost2010PropOp48
 70
     0
102
RTVSPost2010Prop49
280
     0
102
RTVSPost2010PropOp49
 70
     1
102
RTVSPost2010Prop50
 90
       50
102
RTVSPost2010PropOp50
 70
     0
102
RTVSPost2010Prop51ColorIndex
 90
      256
102
RTVSPost2010Prop51ColorRGB
 90
-16777216
102
RTVSPost2010PropOp51
 70
     0
102
RTVSPost2010Prop52
140
1.0
102
RTVSPost2010PropOp52
 70
     0
102
RTVSPost2010Prop53
 90
        2
102
RTVSPost2010PropOp53
 70
     0
102
RTVSPost2010Prop54
  1
strokes_ogs.tif
102
RTVSPost2010PropOp54
 70
     0
102
RTVSPost2010Prop55
280
     0
102
RTVSPost2010PropOp55
 70
     1
102
RTVSPost2010Prop56
140
1.0
102
RTVSPost2010PropOp56
 70
     0
102
RTVSPost2010Prop57
140
1.0
102
RTVSPost2010PropOp57
 70
     0
102
RTVSPropertyOp0
 70
     0
102
RTVSPropertyOp1
 70
     0
102
RTVSPropertyOp2
 70
     0
102
RTVSPropertyOp3
 70
     0
102
RTVSPropertyOp4
 70
     0
102
RTVSPropertyOp5
 70
     0
102
RTVSPropertyOp6
 70
     0
102
RTVSPropertyOp7
 70
     0
102
RTVSPropertyOp8
 70
     0
102
RTVSPropertyOp9
 70
     0
102
RTVSPropertyOp10
 70
     0
102
RTVSPropertyOp11
 70
     0
102
RTVSPropertyOp12
 70
     0
102
RTVSPropertyOp13
 70
     0
102
RTVSPropertyOp14
 70
     2
102
RTVSPropertyOp15
 70
     0
102
RTVSPropertyOp16
 70
     0
102
RTVSPropertyOp17
 70
     0
102
RTVSPropertyOp18
 70
     0
102
RTVSPropertyOp19
 70
     0
102
RTVSPropertyOp20
 70
     0
102
RTVSPropertyOp21
 70
     0
102
RTVSPropertyOp22
 70
     0
102
RTVSPropertyOp23
 70
     0
102
RTVSPropertyOp24
 70
     0
102
RTVSPropertyOp25
 70
     0
102
RTVSPropertyOp26
 70
     0
102
RTVSPropertyOp27
 70
     0
102
RTVSPropertyOp28
 70
     1
102
RTVSPropertyOp29
 70
     1
102
RTVSPropertyOp30
 70
     1
102
RTVSPropertyOp31
 70
     1
102
RTVSPropertyOp32
 70
     1
102
RTVSPropertyOp33
 70
     1
102
RTVSPropertyOp34
 70
     1
102
RTVSPropertyOp35
 70
     1
102
RTVSPropertyOp36
 70
     1
102
RTVSPropertyOp37
 70
     0
102
RTVSPropertyOp38
 70
     0
102
RTVSPropertyOp39
 70
     0
102
RTVSPropertyOp40
 70
     0
102
RTVSPropertyOp41
 70
     0
102
RTVSPropertyOp42
 70
     0
102
RTVSPropertyOp43
 70
     0
102
RTVSPropertyOp44
 70
     0
102
RTVSPropertyOp45
 70
     1
102
RTVSPropertyOp46
 70
     0
102
RTVSPropertyOp47
 70
     0
102
RTVSPropertyOp48
 70
     0
102
RTVSPropertyOp49
 70
     1
102
RTVSPropertyOp50
 70
     0
102
RTVSPropertyOp51
 70
     0
102
RTVSPropertyOp52
 70
     0
102
RTVSPropertyOp53
 70
     0
102
RTVSPropertyOp54
 70
     0
102
RTVSPropertyOp55
 70
     1
102
RTVSPropertyOp56
 70
     0
102
RTVSPropertyOp57
 70
     0
102
RTVSPropertyOp58
 70
     0
102
RTVSPropertyOp59
 70
     0
102
RTVSPropertyOp60
 70
     0
102
RTVSPropertyOp61
 70
     0
102
RTVSPropertyOp62
 70
     0
  0
XRECORD
  5
77A
102
{ACAD_REACTORS
330
779
102
}
330
779
100
AcDbXrecord
280
     1
102
RTVSPost2010Prop28
280
     0
102
RTVSPost2010PropOp28
 70
     1
102
RTVSPost2010Prop29
280
     1
102
RTVSPost2010PropOp29
 70
     1
102
RTVSPost2010Prop30
280
     1
102
RTVSPost2010PropOp30
 70
     1
102
RTVSPost2010Prop31
280
     0
102
RTVSPost2010PropOp31
 70
     1
102
RTVSPost2010Prop32
280
     0
102
RTVSPost2010PropOp32
 70
     1
102
RTVSPost2010Prop33
280
     0
102
RTVSPost2010PropOp33
 70
     1
102
RTVSPost2010Prop34
280
     0
102
RTVSPost2010PropOp34
 70
     1
102
RTVSPost2010Prop35
280
     0
102
RTVSPost2010PropOp35
 70
     1
102
RTVSPost2010Prop36
280
     0
102
RTVSPost2010PropOp36
 70
     1
102
RTVSPost2010Prop37
 90
       50
102
RTVSPost2010PropOp37
 70
     1
102
RTVSPost2010Prop38
140
0.0
102
RTVSPost2010PropOp38
 70
     1
102
RTVSPost2010Prop39
140
1.0
102
RTVSPost2010PropOp39
 70
     1
102
RTVSPost2010Prop40
 90
        0
102
RTVSPost2010PropOp40
 70
     1
102
RTVSPost2010Prop41ColorIndex
 90
       18
102
RTVSPost2010Prop41ColorRGB
 90
        0
102
RTVSPost2010PropOp41
 70
     1
102
RTVSPost2010Prop42
 90
       50
102
RTVSPost2010PropOp42
 70
     1
102
RTVSPost2010Prop43
 90
        3
102
RTVSPost2010PropOp43
 70
     1
102
RTVSPost2010Prop44ColorIndex
 90
        5
102
RTVSPost2010Prop44ColorRGB
 90
      255
102
RTVSPost2010PropOp44
 70
     1
102
RTVSPost2010Prop45
280
     0
102
RTVSPost2010PropOp45
 70
     1
102
RTVSPost2010Prop46
 90
       50
102
RTVSPost2010PropOp46
 70
     1
102
RTVSPost2010Prop47
 90
       50
102
RTVSPost2010PropOp47
 70
     1
102
RTVSPost2010Prop48
 90
       50
102
RTVSPost2010PropOp48
 70
     1
102
RTVSPost2010Prop49
280
     0
102
RTVSPost2010PropOp49
 70
     1
102
RTVSPost2010Prop50
 90
       50
102
RTVSPost2010PropOp50
 70
     1
102
RTVSPost2010Prop51ColorIndex
 90
      256
102
RTVSPost2010Prop51ColorRGB
 90
-16777216
102
RTVSPost2010PropOp51
 70
     0
102
RTVSPost2010Prop52
140
1.0
102
RTVSPost2010PropOp52
 70
     0
102
RTVSPost2010Prop53
 90
        2
102
RTVSPost2010PropOp53
 70
     1
102
RTVSPost2010Prop54
  1
strokes_ogs.tif
102
RTVSPost2010PropOp54
 70
     1
102
RTVSPost2010Prop55
280
     0
102
RTVSPost2010PropOp55
 70
     1
102
RTVSPost2010Prop56
140
1.0
102
RTVSPost2010PropOp56
 70
     1
102
RTVSPost2010Prop57
140
1.0
102
RTVSPost2010PropOp57
 70
     1
102
RTVSPropertyOp0
 70
     1
102
RTVSPropertyOp1
 70
     1
102
RTVSPropertyOp2
 70
     1
102
RTVSPropertyOp3
 70
     1
102
RTVSPropertyOp4
 70
     1
102
RTVSPropertyOp5
 70
     1
102
RTVSPropertyOp6
 70
     1
102
RTVSPropertyOp7
 70
     1
102
RTVSPropertyOp8
 70
     1
102
RTVSPropertyOp9
 70
     1
102
RTVSPropertyOp10
 70
     1
102
RTVSPropertyOp11
 70
     1
102
RTVSPropertyOp12
 70
     1
102
RTVSPropertyOp13
 70
     1
102
RTVSPropertyOp14
 70
     1
102
RTVSPropertyOp15
 70
     1
102
RTVSPropertyOp16
 70
     1
102
RTVSPropertyOp17
 70
     1
102
RTVSPropertyOp18
 70
     1
102
RTVSPropertyOp19
 70
     1
102
RTVSPropertyOp20
 70
     1
102
RTVSPropertyOp21
 70
     1
102
RTVSPropertyOp22
 70
     1
102
RTVSPropertyOp23
 70
     1
102
RTVSPropertyOp24
 70
     1
102
RTVSPropertyOp25
 70
     1
102
RTVSPropertyOp26
 70
     1
102
RTVSPropertyOp27
 70
     1
102
RTVSPropertyOp28
 70
     1
102
RTVSPropertyOp29
 70
     1
102
RTVSPropertyOp30
 70
     1
102
RTVSPropertyOp31
 70
     1
102
RTVSPropertyOp32
 70
     1
102
RTVSPropertyOp33
 70
     1
102
RTVSPropertyOp34
 70
     1
102
RTVSPropertyOp35
 70
     1
102
RTVSPropertyOp36
 70
     1
102
RTVSPropertyOp37
 70
     1
102
RTVSPropertyOp38
 70
     1
102
RTVSPropertyOp39
 70
     1
102
RTVSPropertyOp40
 70
     1
102
RTVSPropertyOp41
 70
     1
102
RTVSPropertyOp42
 70
     1
102
RTVSPropertyOp43
 70
     1
102
RTVSPropertyOp44
 70
     1
102
RTVSPropertyOp45
 70
     1
102
RTVSPropertyOp46
 70
     1
102
RTVSPropertyOp47
 70
     1
102
RTVSPropertyOp48
 70
     1
102
RTVSPropertyOp49
 70
     1
102
RTVSPropertyOp50
 70
     1
102
RTVSPropertyOp51
 70
     0
102
RTVSPropertyOp52
 70
     0
102
RTVSPropertyOp53
 70
     1
102
RTVSPropertyOp54
 70
     1
102
RTVSPropertyOp55
 70
     1
102
RTVSPropertyOp56
 70
     1
102
RTVSPropertyOp57
 70
     1
102
RTVSPropertyOp58
 70
     1
102
RTVSPropertyOp59
 70
     1
102
RTVSPropertyOp60
 70
     1
102
RTVSPropertyOp61
 70
     1
102
RTVSPropertyOp62
 70
     1
  0
XRECORD
  5
78C
102
{ACAD_REACTORS
330
78B
102
}
330
78B
100
AcDbXrecord
280
     1
102
RTVSPost2010Prop28
280
     0
102
RTVSPost2010PropOp28
 70
     1
102
RTVSPost2010Prop29
280
     1
102
RTVSPost2010PropOp29
 70
     1
102
RTVSPost2010Prop30
280
     1
102
RTVSPost2010PropOp30
 70
     1
102
RTVSPost2010Prop31
280
     0
102
RTVSPost2010PropOp31
 70
     1
102
RTVSPost2010Prop32
280
     0
102
RTVSPost2010PropOp32
 70
     1
102
RTVSPost2010Prop33
280
     0
102
RTVSPost2010PropOp33
 70
     1
102
RTVSPost2010Prop34
280
     0
102
RTVSPost2010PropOp34
 70
     1
102
RTVSPost2010Prop35
280
     0
102
RTVSPost2010PropOp35
 70
     1
102
RTVSPost2010Prop36
280
     0
102
RTVSPost2010PropOp36
 70
     1
102
RTVSPost2010Prop37
 90
       50
102
RTVSPost2010PropOp37
 70
     0
102
RTVSPost2010Prop38
140
0.0
102
RTVSPost2010PropOp38
 70
     0
102
RTVSPost2010Prop39
140
1.0
102
RTVSPost2010PropOp39
 70
     0
102
RTVSPost2010Prop40
 90
        0
102
RTVSPost2010PropOp40
 70
     0
102
RTVSPost2010Prop41ColorIndex
 90
       18
102
RTVSPost2010Prop41ColorRGB
 90
        0
102
RTVSPost2010PropOp41
 70
     0
102
RTVSPost2010Prop42
 90
       50
102
RTVSPost2010PropOp42
 70
     0
102
RTVSPost2010Prop43
 90
        3
102
RTVSPost2010PropOp43
 70
     0
102
RTVSPost2010Prop44ColorIndex
 90
        5
102
RTVSPost2010Prop44ColorRGB
 90
      255
102
RTVSPost2010PropOp44
 70
     0
102
RTVSPost2010Prop45
280
     0
102
RTVSPost2010PropOp45
 70
     1
102
RTVSPost2010Prop46
 90
       50
102
RTVSPost2010PropOp46
 70
     0
102
RTVSPost2010Prop47
 90
       50
102
RTVSPost2010PropOp47
 70
     0
102
RTVSPost2010Prop48
 90
       50
102
RTVSPost2010PropOp48
 70
     0
102
RTVSPost2010Prop49
280
     0
102
RTVSPost2010PropOp49
 70
     1
102
RTVSPost2010Prop50
 90
       50
102
RTVSPost2010PropOp50
 70
     0
102
RTVSPost2010Prop51ColorIndex
 90
      256
102
RTVSPost2010Prop51ColorRGB
 90
-16777216
102
RTVSPost2010PropOp51
 70
     0
102
RTVSPost2010Prop52
140
1.0
102
RTVSPost2010PropOp52
 70
     0
102
RTVSPost2010Prop53
 90
        2
102
RTVSPost2010PropOp53
 70
     0
102
RTVSPost2010Prop54
  1
strokes_ogs.tif
102
RTVSPost2010PropOp54
 70
     0
102
RTVSPost2010Prop55
280
     0
102
RTVSPost2010PropOp55
 70
     1
102
RTVSPost2010Prop56
140
1.0
102
RTVSPost2010PropOp56
 70
     0
102
RTVSPost2010Prop57
140
1.0
102
RTVSPost2010PropOp57
 70
     0
102
RTVSPropertyOp0
 70
     0
102
RTVSPropertyOp1
 70
     0
102
RTVSPropertyOp2
 70
     0
102
RTVSPropertyOp3
 70
     0
102
RTVSPropertyOp4
 70
     0
102
RTVSPropertyOp5
 70
     0
102
RTVSPropertyOp6
 70
     0
102
RTVSPropertyOp7
 70
     0
102
RTVSPropertyOp8
 70
     0
102
RTVSPropertyOp9
 70
     0
102
RTVSPropertyOp10
 70
     0
102
RTVSPropertyOp11
 70
     0
102
RTVSPropertyOp12
 70
     0
102
RTVSPropertyOp13
 70
     0
102
RTVSPropertyOp14
 70
     2
102
RTVSPropertyOp15
 70
     0
102
RTVSPropertyOp16
 70
     0
102
RTVSPropertyOp17
 70
     0
102
RTVSPropertyOp18
 70
     0
102
RTVSPropertyOp19
 70
     0
102
RTVSPropertyOp20
 70
     0
102
RTVSPropertyOp21
 70
     0
102
RTVSPropertyOp22
 70
     0
102
RTVSPropertyOp23
 70
     0
102
RTVSPropertyOp24
 70
     0
102
RTVSPropertyOp25
 70
     0
102
RTVSPropertyOp26
 70
     0
102
RTVSPropertyOp27
 70
     0
102
RTVSPropertyOp28
 70
     1
102
RTVSPropertyOp29
 70
     1
102
RTVSPropertyOp30
 70
     1
102
RTVSPropertyOp31
 70
     1
102
RTVSPropertyOp32
 70
     1
102
RTVSPropertyOp33
 70
     1
102
RTVSPropertyOp34
 70
     1
102
RTVSPropertyOp35
 70
     1
102
RTVSPropertyOp36
 70
     1
102
RTVSPropertyOp37
 70
     0
102
RTVSPropertyOp38
 70
     0
102
RTVSPropertyOp39
 70
     0
102
RTVSPropertyOp40
 70
     0
102
RTVSPropertyOp41
 70
     0
102
RTVSPropertyOp42
 70
     0
102
RTVSPropertyOp43
 70
     0
102
RTVSPropertyOp44
 70
     0
102
RTVSPropertyOp45
 70
     1
102
RTVSPropertyOp46
 70
     0
102
RTVSPropertyOp47
 70
     0
102
RTVSPropertyOp48
 70
     0
102
RTVSPropertyOp49
 70
     1
102
RTVSPropertyOp50
 70
     0
102
RTVSPropertyOp51
 70
     0
102
RTVSPropertyOp52
 70
     0
102
RTVSPropertyOp53
 70
     0
102
RTVSPropertyOp54
 70
     0
102
RTVSPropertyOp55
 70
     1
102
RTVSPropertyOp56
 70
     0
102
RTVSPropertyOp57
 70
     0
102
RTVSPropertyOp58
 70
     0
102
RTVSPropertyOp59
 70
     0
102
RTVSPropertyOp60
 70
     0
102
RTVSPropertyOp61
 70
     0
102
RTVSPropertyOp62
 70
     0
  0
XRECORD
  5
772
102
{ACAD_REACTORS
330
771
102
}
330
771
100
AcDbXrecord
280
     1
102
RTVSPost2010Prop28
280
     0
102
RTVSPost2010PropOp28
 70
     1
102
RTVSPost2010Prop29
280
     1
102
RTVSPost2010PropOp29
 70
     1
102
RTVSPost2010Prop30
280
     1
102
RTVSPost2010PropOp30
 70
     1
102
RTVSPost2010Prop31
280
     0
102
RTVSPost2010PropOp31
 70
     1
102
RTVSPost2010Prop32
280
     0
102
RTVSPost2010PropOp32
 70
     1
102
RTVSPost2010Prop33
280
     0
102
RTVSPost2010PropOp33
 70
     1
102
RTVSPost2010Prop34
280
     0
102
RTVSPost2010PropOp34
 70
     1
102
RTVSPost2010Prop35
280
     0
102
RTVSPost2010PropOp35
 70
     1
102
RTVSPost2010Prop36
280
     0
102
RTVSPost2010PropOp36
 70
     1
102
RTVSPost2010Prop37
 90
       50
102
RTVSPost2010PropOp37
 70
     1
102
RTVSPost2010Prop38
140
0.0
102
RTVSPost2010PropOp38
 70
     1
102
RTVSPost2010Prop39
140
1.0
102
RTVSPost2010PropOp39
 70
     1
102
RTVSPost2010Prop40
 90
        0
102
RTVSPost2010PropOp40
 70
     1
102
RTVSPost2010Prop41ColorIndex
 90
       18
102
RTVSPost2010Prop41ColorRGB
 90
        0
102
RTVSPost2010PropOp41
 70
     1
102
RTVSPost2010Prop42
 90
       50
102
RTVSPost2010PropOp42
 70
     1
102
RTVSPost2010Prop43
 90
        3
102
RTVSPost2010PropOp43
 70
     1
102
RTVSPost2010Prop44ColorIndex
 90
        5
102
RTVSPost2010Prop44ColorRGB
 90
      255
102
RTVSPost2010PropOp44
 70
     1
102
RTVSPost2010Prop45
280
     0
102
RTVSPost2010PropOp45
 70
     1
102
RTVSPost2010Prop46
 90
       50
102
RTVSPost2010PropOp46
 70
     1
102
RTVSPost2010Prop47
 90
       50
102
RTVSPost2010PropOp47
 70
     1
102
RTVSPost2010Prop48
 90
       50
102
RTVSPost2010PropOp48
 70
     1
102
RTVSPost2010Prop49
280
     0
102
RTVSPost2010PropOp49
 70
     1
102
RTVSPost2010Prop50
 90
       50
102
RTVSPost2010PropOp50
 70
     1
102
RTVSPost2010Prop51ColorIndex
 90
      256
102
RTVSPost2010Prop51ColorRGB
 90
-16777216
102
RTVSPost2010PropOp51
 70
     0
102
RTVSPost2010Prop52
140
1.0
102
RTVSPost2010PropOp52
 70
     0
102
RTVSPost2010Prop53
 90
        2
102
RTVSPost2010PropOp53
 70
     1
102
RTVSPost2010Prop54
  1
strokes_ogs.tif
102
RTVSPost2010PropOp54
 70
     1
102
RTVSPost2010Prop55
280
     0
102
RTVSPost2010PropOp55
 70
     1
102
RTVSPost2010Prop56
140
1.0
102
RTVSPost2010PropOp56
 70
     1
102
RTVSPost2010Prop57
140
1.0
102
RTVSPost2010PropOp57
 70
     1
102
RTVSPropertyOp0
 70
     1
102
RTVSPropertyOp1
 70
     1
102
RTVSPropertyOp2
 70
     1
102
RTVSPropertyOp3
 70
     1
102
RTVSPropertyOp4
 70
     1
102
RTVSPropertyOp5
 70
     1
102
RTVSPropertyOp6
 70
     1
102
RTVSPropertyOp7
 70
     1
102
RTVSPropertyOp8
 70
     1
102
RTVSPropertyOp9
 70
     1
102
RTVSPropertyOp10
 70
     1
102
RTVSPropertyOp11
 70
     1
102
RTVSPropertyOp12
 70
     1
102
RTVSPropertyOp13
 70
     1
102
RTVSPropertyOp14
 70
     1
102
RTVSPropertyOp15
 70
     1
102
RTVSPropertyOp16
 70
     1
102
RTVSPropertyOp17
 70
     1
102
RTVSPropertyOp18
 70
     1
102
RTVSPropertyOp19
 70
     1
102
RTVSPropertyOp20
 70
     1
102
RTVSPropertyOp21
 70
     1
102
RTVSPropertyOp22
 70
     1
102
RTVSPropertyOp23
 70
     1
102
RTVSPropertyOp24
 70
     1
102
RTVSPropertyOp25
 70
     1
102
RTVSPropertyOp26
 70
     1
102
RTVSPropertyOp27
 70
     1
102
RTVSPropertyOp28
 70
     1
102
RTVSPropertyOp29
 70
     1
102
RTVSPropertyOp30
 70
     1
102
RTVSPropertyOp31
 70
     1
102
RTVSPropertyOp32
 70
     1
102
RTVSPropertyOp33
 70
     1
102
RTVSPropertyOp34
 70
     1
102
RTVSPropertyOp35
 70
     1
102
RTVSPropertyOp36
 70
     1
102
RTVSPropertyOp37
 70
     1
102
RTVSPropertyOp38
 70
     1
102
RTVSPropertyOp39
 70
     1
102
RTVSPropertyOp40
 70
     1
102
RTVSPropertyOp41
 70
     1
102
RTVSPropertyOp42
 70
     1
102
RTVSPropertyOp43
 70
     1
102
RTVSPropertyOp44
 70
     1
102
RTVSPropertyOp45
 70
     1
102
RTVSPropertyOp46
 70
     1
102
RTVSPropertyOp47
 70
     1
102
RTVSPropertyOp48
 70
     1
102
RTVSPropertyOp49
 70
     1
102
RTVSPropertyOp50
 70
     1
102
RTVSPropertyOp51
 70
     0
102
RTVSPropertyOp52
 70
     0
102
RTVSPropertyOp53
 70
     1
102
RTVSPropertyOp54
 70
     1
102
RTVSPropertyOp55
 70
     1
102
RTVSPropertyOp56
 70
     1
102
RTVSPropertyOp57
 70
     1
102
RTVSPropertyOp58
 70
     1
102
RTVSPropertyOp59
 70
     1
102
RTVSPropertyOp60
 70
     1
102
RTVSPropertyOp61
 70
     1
102
RTVSPropertyOp62
 70
     1
  0
XRECORD
  5
788
102
{ACAD_REACTORS
330
787
102
}
330
787
100
AcDbXrecord
280
     1
102
RTVSPost2010Prop28
280
     0
102
RTVSPost2010PropOp28
 70
     1
102
RTVSPost2010Prop29
280
     1
102
RTVSPost2010PropOp29
 70
     1
102
RTVSPost2010Prop30
280
     1
102
RTVSPost2010PropOp30
 70
     1
102
RTVSPost2010Prop31
280
     0
102
RTVSPost2010PropOp31
 70
     1
102
RTVSPost2010Prop32
280
     0
102
RTVSPost2010PropOp32
 70
     1
102
RTVSPost2010Prop33
280
     0
102
RTVSPost2010PropOp33
 70
     1
102
RTVSPost2010Prop34
280
     0
102
RTVSPost2010PropOp34
 70
     1
102
RTVSPost2010Prop35
280
     0
102
RTVSPost2010PropOp35
 70
     1
102
RTVSPost2010Prop36
280
     0
102
RTVSPost2010PropOp36
 70
     1
102
RTVSPost2010Prop37
 90
       50
102
RTVSPost2010PropOp37
 70
     1
102
RTVSPost2010Prop38
140
0.0
102
RTVSPost2010PropOp38
 70
     1
102
RTVSPost2010Prop39
140
1.0
102
RTVSPost2010PropOp39
 70
     1
102
RTVSPost2010Prop40
 90
        0
102
RTVSPost2010PropOp40
 70
     1
102
RTVSPost2010Prop41ColorIndex
 90
       18
102
RTVSPost2010Prop41ColorRGB
 90
        0
102
RTVSPost2010PropOp41
 70
     1
102
RTVSPost2010Prop42
 90
       50
102
RTVSPost2010PropOp42
 70
     1
102
RTVSPost2010Prop43
 90
        3
102
RTVSPost2010PropOp43
 70
     1
102
RTVSPost2010Prop44ColorIndex
 90
        5
102
RTVSPost2010Prop44ColorRGB
 90
      255
102
RTVSPost2010PropOp44
 70
     1
102
RTVSPost2010Prop45
280
     0
102
RTVSPost2010PropOp45
 70
     1
102
RTVSPost2010Prop46
 90
       50
102
RTVSPost2010PropOp46
 70
     1
102
RTVSPost2010Prop47
 90
       50
102
RTVSPost2010PropOp47
 70
     1
102
RTVSPost2010Prop48
 90
       50
102
RTVSPost2010PropOp48
 70
     1
102
RTVSPost2010Prop49
280
     0
102
RTVSPost2010PropOp49
 70
     1
102
RTVSPost2010Prop50
 90
       50
102
RTVSPost2010PropOp50
 70
     1
102
RTVSPost2010Prop51ColorIndex
 90
      256
102
RTVSPost2010Prop51ColorRGB
 90
-16777216
102
RTVSPost2010PropOp51
 70
     0
102
RTVSPost2010Prop52
140
1.0
102
RTVSPost2010PropOp52
 70
     0
102
RTVSPost2010Prop53
 90
        2
102
RTVSPost2010PropOp53
 70
     1
102
RTVSPost2010Prop54
  1
strokes_ogs.tif
102
RTVSPost2010PropOp54
 70
     1
102
RTVSPost2010Prop55
280
     0
102
RTVSPost2010PropOp55
 70
     1
102
RTVSPost2010Prop56
140
1.0
102
RTVSPost2010PropOp56
 70
     1
102
RTVSPost2010Prop57
140
1.0
102
RTVSPost2010PropOp57
 70
     1
102
RTVSPropertyOp0
 70
     1
102
RTVSPropertyOp1
 70
     1
102
RTVSPropertyOp2
 70
     1
102
RTVSPropertyOp3
 70
     1
102
RTVSPropertyOp4
 70
     1
102
RTVSPropertyOp5
 70
     1
102
RTVSPropertyOp6
 70
     1
102
RTVSPropertyOp7
 70
     1
102
RTVSPropertyOp8
 70
     1
102
RTVSPropertyOp9
 70
     1
102
RTVSPropertyOp10
 70
     1
102
RTVSPropertyOp11
 70
     1
102
RTVSPropertyOp12
 70
     1
102
RTVSPropertyOp13
 70
     1
102
RTVSPropertyOp14
 70
     1
102
RTVSPropertyOp15
 70
     1
102
RTVSPropertyOp16
 70
     1
102
RTVSPropertyOp17
 70
     1
102
RTVSPropertyOp18
 70
     1
102
RTVSPropertyOp19
 70
     1
102
RTVSPropertyOp20
 70
     1
102
RTVSPropertyOp21
 70
     1
102
RTVSPropertyOp22
 70
     1
102
RTVSPropertyOp23
 70
     1
102
RTVSPropertyOp24
 70
     1
102
RTVSPropertyOp25
 70
     1
102
RTVSPropertyOp26
 70
     1
102
RTVSPropertyOp27
 70
     1
102
RTVSPropertyOp28
 70
     1
102
RTVSPropertyOp29
 70
     1
102
RTVSPropertyOp30
 70
     1
102
RTVSPropertyOp31
 70
     1
102
RTVSPropertyOp32
 70
     1
102
RTVSPropertyOp33
 70
     1
102
RTVSPropertyOp34
 70
     1
102
RTVSPropertyOp35
 70
     1
102
RTVSPropertyOp36
 70
     1
102
RTVSPropertyOp37
 70
     1
102
RTVSPropertyOp38
 70
     1
102
RTVSPropertyOp39
 70
     1
102
RTVSPropertyOp40
 70
     1
102
RTVSPropertyOp41
 70
     1
102
RTVSPropertyOp42
 70
     1
102
RTVSPropertyOp43
 70
     1
102
RTVSPropertyOp44
 70
     1
102
RTVSPropertyOp45
 70
     1
102
RTVSPropertyOp46
 70
     1
102
RTVSPropertyOp47
 70
     1
102
RTVSPropertyOp48
 70
     1
102
RTVSPropertyOp49
 70
     1
102
RTVSPropertyOp50
 70
     1
102
RTVSPropertyOp51
 70
     0
102
RTVSPropertyOp52
 70
     0
102
RTVSPropertyOp53
 70
     1
102
RTVSPropertyOp54
 70
     1
102
RTVSPropertyOp55
 70
     1
102
RTVSPropertyOp56
 70
     1
102
RTVSPropertyOp57
 70
     1
102
RTVSPropertyOp58
 70
     1
102
RTVSPropertyOp59
 70
     1
102
RTVSPropertyOp60
 70
     1
102
RTVSPropertyOp61
 70
     1
102
RTVSPropertyOp62
 70
     1
  0
XRECORD
  5
786
102
{ACAD_REACTORS
330
785
102
}
330
785
100
AcDbXrecord
280
     1
102
RTVSPost2010Prop28
280
     0
102
RTVSPost2010PropOp28
 70
     1
102
RTVSPost2010Prop29
280
     1
102
RTVSPost2010PropOp29
 70
     1
102
RTVSPost2010Prop30
280
     1
102
RTVSPost2010PropOp30
 70
     1
102
RTVSPost2010Prop31
280
     0
102
RTVSPost2010PropOp31
 70
     1
102
RTVSPost2010Prop32
280
     0
102
RTVSPost2010PropOp32
 70
     1
102
RTVSPost2010Prop33
280
     0
102
RTVSPost2010PropOp33
 70
     1
102
RTVSPost2010Prop34
280
     0
102
RTVSPost2010PropOp34
 70
     1
102
RTVSPost2010Prop35
280
     0
102
RTVSPost2010PropOp35
 70
     1
102
RTVSPost2010Prop36
280
     0
102
RTVSPost2010PropOp36
 70
     1
102
RTVSPost2010Prop37
 90
       50
102
RTVSPost2010PropOp37
 70
     1
102
RTVSPost2010Prop38
140
0.0
102
RTVSPost2010PropOp38
 70
     1
102
RTVSPost2010Prop39
140
1.0
102
RTVSPost2010PropOp39
 70
     1
102
RTVSPost2010Prop40
 90
        0
102
RTVSPost2010PropOp40
 70
     1
102
RTVSPost2010Prop41ColorIndex
 90
       18
102
RTVSPost2010Prop41ColorRGB
 90
        0
102
RTVSPost2010PropOp41
 70
     1
102
RTVSPost2010Prop42
 90
       50
102
RTVSPost2010PropOp42
 70
     1
102
RTVSPost2010Prop43
 90
        3
102
RTVSPost2010PropOp43
 70
     1
102
RTVSPost2010Prop44ColorIndex
 90
        5
102
RTVSPost2010Prop44ColorRGB
 90
      255
102
RTVSPost2010PropOp44
 70
     1
102
RTVSPost2010Prop45
280
     0
102
RTVSPost2010PropOp45
 70
     1
102
RTVSPost2010Prop46
 90
       50
102
RTVSPost2010PropOp46
 70
     1
102
RTVSPost2010Prop47
 90
       50
102
RTVSPost2010PropOp47
 70
     1
102
RTVSPost2010Prop48
 90
       50
102
RTVSPost2010PropOp48
 70
     1
102
RTVSPost2010Prop49
280
     0
102
RTVSPost2010PropOp49
 70
     1
102
RTVSPost2010Prop50
 90
       50
102
RTVSPost2010PropOp50
 70
     1
102
RTVSPost2010Prop51ColorIndex
 90
      256
102
RTVSPost2010Prop51ColorRGB
 90
-16777216
102
RTVSPost2010PropOp51
 70
     0
102
RTVSPost2010Prop52
140
1.0
102
RTVSPost2010PropOp52
 70
     0
102
RTVSPost2010Prop53
 90
        2
102
RTVSPost2010PropOp53
 70
     1
102
RTVSPost2010Prop54
  1
strokes_ogs.tif
102
RTVSPost2010PropOp54
 70
     1
102
RTVSPost2010Prop55
280
     0
102
RTVSPost2010PropOp55
 70
     1
102
RTVSPost2010Prop56
140
1.0
102
RTVSPost2010PropOp56
 70
     1
102
RTVSPost2010Prop57
140
1.0
102
RTVSPost2010PropOp57
 70
     1
102
RTVSPropertyOp0
 70
     1
102
RTVSPropertyOp1
 70
     1
102
RTVSPropertyOp2
 70
     1
102
RTVSPropertyOp3
 70
     1
102
RTVSPropertyOp4
 70
     1
102
RTVSPropertyOp5
 70
     1
102
RTVSPropertyOp6
 70
     1
102
RTVSPropertyOp7
 70
     1
102
RTVSPropertyOp8
 70
     1
102
RTVSPropertyOp9
 70
     1
102
RTVSPropertyOp10
 70
     1
102
RTVSPropertyOp11
 70
     1
102
RTVSPropertyOp12
 70
     1
102
RTVSPropertyOp13
 70
     1
102
RTVSPropertyOp14
 70
     1
102
RTVSPropertyOp15
 70
     1
102
RTVSPropertyOp16
 70
     1
102
RTVSPropertyOp17
 70
     1
102
RTVSPropertyOp18
 70
     1
102
RTVSPropertyOp19
 70
     1
102
RTVSPropertyOp20
 70
     1
102
RTVSPropertyOp21
 70
     1
102
RTVSPropertyOp22
 70
     1
102
RTVSPropertyOp23
 70
     1
102
RTVSPropertyOp24
 70
     1
102
RTVSPropertyOp25
 70
     1
102
RTVSPropertyOp26
 70
     1
102
RTVSPropertyOp27
 70
     1
102
RTVSPropertyOp28
 70
     1
102
RTVSPropertyOp29
 70
     1
102
RTVSPropertyOp30
 70
     1
102
RTVSPropertyOp31
 70
     1
102
RTVSPropertyOp32
 70
     1
102
RTVSPropertyOp33
 70
     1
102
RTVSPropertyOp34
 70
     1
102
RTVSPropertyOp35
 70
     1
102
RTVSPropertyOp36
 70
     1
102
RTVSPropertyOp37
 70
     1
102
RTVSPropertyOp38
 70
     1
102
RTVSPropertyOp39
 70
     1
102
RTVSPropertyOp40
 70
     1
102
RTVSPropertyOp41
 70
     1
102
RTVSPropertyOp42
 70
     1
102
RTVSPropertyOp43
 70
     1
102
RTVSPropertyOp44
 70
     1
102
RTVSPropertyOp45
 70
     1
102
RTVSPropertyOp46
 70
     1
102
RTVSPropertyOp47
 70
     1
102
RTVSPropertyOp48
 70
     1
102
RTVSPropertyOp49
 70
     1
102
RTVSPropertyOp50
 70
     1
102
RTVSPropertyOp51
 70
     0
102
RTVSPropertyOp52
 70
     0
102
RTVSPropertyOp53
 70
     1
102
RTVSPropertyOp54
 70
     1
102
RTVSPropertyOp55
 70
     1
102
RTVSPropertyOp56
 70
     1
102
RTVSPropertyOp57
 70
     1
102
RTVSPropertyOp58
 70
     1
102
RTVSPropertyOp59
 70
     1
102
RTVSPropertyOp60
 70
     1
102
RTVSPropertyOp61
 70
     1
102
RTVSPropertyOp62
 70
     1
  0
XRECORD
  5
780
102
{ACAD_REACTORS
330
77F
102
}
330
77F
100
AcDbXrecord
280
     1
102
RTVSPost2010Prop28
280
     0
102
RTVSPost2010PropOp28
 70
     1
102
RTVSPost2010Prop29
280
     1
102
RTVSPost2010PropOp29
 70
     1
102
RTVSPost2010Prop30
280
     1
102
RTVSPost2010PropOp30
 70
     1
102
RTVSPost2010Prop31
280
     0
102
RTVSPost2010PropOp31
 70
     1
102
RTVSPost2010Prop32
280
     0
102
RTVSPost2010PropOp32
 70
     1
102
RTVSPost2010Prop33
280
     0
102
RTVSPost2010PropOp33
 70
     1
102
RTVSPost2010Prop34
280
     0
102
RTVSPost2010PropOp34
 70
     1
102
RTVSPost2010Prop35
280
     0
102
RTVSPost2010PropOp35
 70
     1
102
RTVSPost2010Prop36
280
     0
102
RTVSPost2010PropOp36
 70
     1
102
RTVSPost2010Prop37
 90
       50
102
RTVSPost2010PropOp37
 70
     1
102
RTVSPost2010Prop38
140
0.0
102
RTVSPost2010PropOp38
 70
     1
102
RTVSPost2010Prop39
140
1.0
102
RTVSPost2010PropOp39
 70
     1
102
RTVSPost2010Prop40
 90
        0
102
RTVSPost2010PropOp40
 70
     1
102
RTVSPost2010Prop41ColorIndex
 90
       18
102
RTVSPost2010Prop41ColorRGB
 90
        0
102
RTVSPost2010PropOp41
 70
     1
102
RTVSPost2010Prop42
 90
       50
102
RTVSPost2010PropOp42
 70
     1
102
RTVSPost2010Prop43
 90
        3
102
RTVSPost2010PropOp43
 70
     1
102
RTVSPost2010Prop44ColorIndex
 90
        5
102
RTVSPost2010Prop44ColorRGB
 90
      255
102
RTVSPost2010PropOp44
 70
     1
102
RTVSPost2010Prop45
280
     0
102
RTVSPost2010PropOp45
 70
     1
102
RTVSPost2010Prop46
 90
       50
102
RTVSPost2010PropOp46
 70
     1
102
RTVSPost2010Prop47
 90
       50
102
RTVSPost2010PropOp47
 70
     1
102
RTVSPost2010Prop48
 90
       50
102
RTVSPost2010PropOp48
 70
     1
102
RTVSPost2010Prop49
280
     0
102
RTVSPost2010PropOp49
 70
     1
102
RTVSPost2010Prop50
 90
       50
102
RTVSPost2010PropOp50
 70
     1
102
RTVSPost2010Prop51ColorIndex
 90
      256
102
RTVSPost2010Prop51ColorRGB
 90
-16777216
102
RTVSPost2010PropOp51
 70
     0
102
RTVSPost2010Prop52
140
1.0
102
RTVSPost2010PropOp52
 70
     0
102
RTVSPost2010Prop53
 90
        2
102
RTVSPost2010PropOp53
 70
     1
102
RTVSPost2010Prop54
  1
strokes_ogs.tif
102
RTVSPost2010PropOp54
 70
     1
102
RTVSPost2010Prop55
280
     0
102
RTVSPost2010PropOp55
 70
     1
102
RTVSPost2010Prop56
140
1.0
102
RTVSPost2010PropOp56
 70
     1
102
RTVSPost2010Prop57
140
1.0
102
RTVSPost2010PropOp57
 70
     1
102
RTVSPropertyOp0
 70
     1
102
RTVSPropertyOp1
 70
     1
102
RTVSPropertyOp2
 70
     1
102
RTVSPropertyOp3
 70
     1
102
RTVSPropertyOp4
 70
     1
102
RTVSPropertyOp5
 70
     1
102
RTVSPropertyOp6
 70
     1
102
RTVSPropertyOp7
 70
     1
102
RTVSPropertyOp8
 70
     1
102
RTVSPropertyOp9
 70
     1
102
RTVSPropertyOp10
 70
     1
102
RTVSPropertyOp11
 70
     1
102
RTVSPropertyOp12
 70
     1
102
RTVSPropertyOp13
 70
     1
102
RTVSPropertyOp14
 70
     1
102
RTVSPropertyOp15
 70
     1
102
RTVSPropertyOp16
 70
     1
102
RTVSPropertyOp17
 70
     1
102
RTVSPropertyOp18
 70
     1
102
RTVSPropertyOp19
 70
     1
102
RTVSPropertyOp20
 70
     1
102
RTVSPropertyOp21
 70
     1
102
RTVSPropertyOp22
 70
     1
102
RTVSPropertyOp23
 70
     1
102
RTVSPropertyOp24
 70
     1
102
RTVSPropertyOp25
 70
     1
102
RTVSPropertyOp26
 70
     1
102
RTVSPropertyOp27
 70
     1
102
RTVSPropertyOp28
 70
     1
102
RTVSPropertyOp29
 70
     1
102
RTVSPropertyOp30
 70
     1
102
RTVSPropertyOp31
 70
     1
102
RTVSPropertyOp32
 70
     1
102
RTVSPropertyOp33
 70
     1
102
RTVSPropertyOp34
 70
     1
102
RTVSPropertyOp35
 70
     1
102
RTVSPropertyOp36
 70
     1
102
RTVSPropertyOp37
 70
     1
102
RTVSPropertyOp38
 70
     1
102
RTVSPropertyOp39
 70
     1
102
RTVSPropertyOp40
 70
     1
102
RTVSPropertyOp41
 70
     1
102
RTVSPropertyOp42
 70
     1
102
RTVSPropertyOp43
 70
     1
102
RTVSPropertyOp44
 70
     1
102
RTVSPropertyOp45
 70
     1
102
RTVSPropertyOp46
 70
     1
102
RTVSPropertyOp47
 70
     1
102
RTVSPropertyOp48
 70
     1
102
RTVSPropertyOp49
 70
     1
102
RTVSPropertyOp50
 70
     1
102
RTVSPropertyOp51
 70
     0
102
RTVSPropertyOp52
 70
     0
102
RTVSPropertyOp53
 70
     1
102
RTVSPropertyOp54
 70
     1
102
RTVSPropertyOp55
 70
     1
102
RTVSPropertyOp56
 70
     1
102
RTVSPropertyOp57
 70
     1
102
RTVSPropertyOp58
 70
     1
102
RTVSPropertyOp59
 70
     1
102
RTVSPropertyOp60
 70
     1
102
RTVSPropertyOp61
 70
     1
102
RTVSPropertyOp62
 70
     1
  0
XRECORD
  5
782
102
{ACAD_REACTORS
330
781
102
}
330
781
100
AcDbXrecord
280
     1
102
RTVSPost2010Prop28
280
     0
102
RTVSPost2010PropOp28
 70
     1
102
RTVSPost2010Prop29
280
     1
102
RTVSPost2010PropOp29
 70
     1
102
RTVSPost2010Prop30
280
     1
102
RTVSPost2010PropOp30
 70
     1
102
RTVSPost2010Prop31
280
     0
102
RTVSPost2010PropOp31
 70
     1
102
RTVSPost2010Prop32
280
     0
102
RTVSPost2010PropOp32
 70
     1
102
RTVSPost2010Prop33
280
     0
102
RTVSPost2010PropOp33
 70
     1
102
RTVSPost2010Prop34
280
     0
102
RTVSPost2010PropOp34
 70
     1
102
RTVSPost2010Prop35
280
     0
102
RTVSPost2010PropOp35
 70
     1
102
RTVSPost2010Prop36
280
     0
102
RTVSPost2010PropOp36
 70
     1
102
RTVSPost2010Prop37
 90
       50
102
RTVSPost2010PropOp37
 70
     1
102
RTVSPost2010Prop38
140
0.0
102
RTVSPost2010PropOp38
 70
     1
102
RTVSPost2010Prop39
140
1.0
102
RTVSPost2010PropOp39
 70
     1
102
RTVSPost2010Prop40
 90
        0
102
RTVSPost2010PropOp40
 70
     1
102
RTVSPost2010Prop41ColorIndex
 90
       18
102
RTVSPost2010Prop41ColorRGB
 90
        0
102
RTVSPost2010PropOp41
 70
     1
102
RTVSPost2010Prop42
 90
       50
102
RTVSPost2010PropOp42
 70
     1
102
RTVSPost2010Prop43
 90
        3
102
RTVSPost2010PropOp43
 70
     1
102
RTVSPost2010Prop44ColorIndex
 90
        5
102
RTVSPost2010Prop44ColorRGB
 90
      255
102
RTVSPost2010PropOp44
 70
     1
102
RTVSPost2010Prop45
280
     0
102
RTVSPost2010PropOp45
 70
     1
102
RTVSPost2010Prop46
 90
       50
102
RTVSPost2010PropOp46
 70
     1
102
RTVSPost2010Prop47
 90
       50
102
RTVSPost2010PropOp47
 70
     1
102
RTVSPost2010Prop48
 90
       50
102
RTVSPost2010PropOp48
 70
     1
102
RTVSPost2010Prop49
280
     0
102
RTVSPost2010PropOp49
 70
     1
102
RTVSPost2010Prop50
 90
       50
102
RTVSPost2010PropOp50
 70
     1
102
RTVSPost2010Prop51ColorIndex
 90
      256
102
RTVSPost2010Prop51ColorRGB
 90
-16777216
102
RTVSPost2010PropOp51
 70
     0
102
RTVSPost2010Prop52
140
1.0
102
RTVSPost2010PropOp52
 70
     0
102
RTVSPost2010Prop53
 90
        2
102
RTVSPost2010PropOp53
 70
     1
102
RTVSPost2010Prop54
  1
strokes_ogs.tif
102
RTVSPost2010PropOp54
 70
     1
102
RTVSPost2010Prop55
280
     0
102
RTVSPost2010PropOp55
 70
     1
102
RTVSPost2010Prop56
140
1.0
102
RTVSPost2010PropOp56
 70
     1
102
RTVSPost2010Prop57
140
1.0
102
RTVSPost2010PropOp57
 70
     1
102
RTVSPropertyOp0
 70
     1
102
RTVSPropertyOp1
 70
     1
102
RTVSPropertyOp2
 70
     1
102
RTVSPropertyOp3
 70
     1
102
RTVSPropertyOp4
 70
     1
102
RTVSPropertyOp5
 70
     1
102
RTVSPropertyOp6
 70
     1
102
RTVSPropertyOp7
 70
     1
102
RTVSPropertyOp8
 70
     1
102
RTVSPropertyOp9
 70
     1
102
RTVSPropertyOp10
 70
     1
102
RTVSPropertyOp11
 70
     1
102
RTVSPropertyOp12
 70
     1
102
RTVSPropertyOp13
 70
     1
102
RTVSPropertyOp14
 70
     1
102
RTVSPropertyOp15
 70
     1
102
RTVSPropertyOp16
 70
     1
102
RTVSPropertyOp17
 70
     1
102
RTVSPropertyOp18
 70
     1
102
RTVSPropertyOp19
 70
     1
102
RTVSPropertyOp20
 70
     1
102
RTVSPropertyOp21
 70
     1
102
RTVSPropertyOp22
 70
     1
102
RTVSPropertyOp23
 70
     1
102
RTVSPropertyOp24
 70
     1
102
RTVSPropertyOp25
 70
     1
102
RTVSPropertyOp26
 70
     1
102
RTVSPropertyOp27
 70
     1
102
RTVSPropertyOp28
 70
     1
102
RTVSPropertyOp29
 70
     1
102
RTVSPropertyOp30
 70
     1
102
RTVSPropertyOp31
 70
     1
102
RTVSPropertyOp32
 70
     1
102
RTVSPropertyOp33
 70
     1
102
RTVSPropertyOp34
 70
     1
102
RTVSPropertyOp35
 70
     1
102
RTVSPropertyOp36
 70
     1
102
RTVSPropertyOp37
 70
     1
102
RTVSPropertyOp38
 70
     1
102
RTVSPropertyOp39
 70
     1
102
RTVSPropertyOp40
 70
     1
102
RTVSPropertyOp41
 70
     1
102
RTVSPropertyOp42
 70
     1
102
RTVSPropertyOp43
 70
     1
102
RTVSPropertyOp44
 70
     1
102
RTVSPropertyOp45
 70
     1
102
RTVSPropertyOp46
 70
     1
102
RTVSPropertyOp47
 70
     1
102
RTVSPropertyOp48
 70
     1
102
RTVSPropertyOp49
 70
     1
102
RTVSPropertyOp50
 70
     1
102
RTVSPropertyOp51
 70
     0
102
RTVSPropertyOp52
 70
     0
102
RTVSPropertyOp53
 70
     1
102
RTVSPropertyOp54
 70
     1
102
RTVSPropertyOp55
 70
     1
102
RTVSPropertyOp56
 70
     1
102
RTVSPropertyOp57
 70
     1
102
RTVSPropertyOp58
 70
     1
102
RTVSPropertyOp59
 70
     1
102
RTVSPropertyOp60
 70
     1
102
RTVSPropertyOp61
 70
     1
102
RTVSPropertyOp62
 70
     1
  0
XRECORD
  5
778
102
{ACAD_REACTORS
330
777
102
}
330
777
100
AcDbXrecord
280
     1
102
RTVSPost2010Prop28
280
     0
102
RTVSPost2010PropOp28
 70
     1
102
RTVSPost2010Prop29
280
     1
102
RTVSPost2010PropOp29
 70
     1
102
RTVSPost2010Prop30
280
     1
102
RTVSPost2010PropOp30
 70
     1
102
RTVSPost2010Prop31
280
     0
102
RTVSPost2010PropOp31
 70
     1
102
RTVSPost2010Prop32
280
     0
102
RTVSPost2010PropOp32
 70
     1
102
RTVSPost2010Prop33
280
     0
102
RTVSPost2010PropOp33
 70
     1
102
RTVSPost2010Prop34
280
     0
102
RTVSPost2010PropOp34
 70
     1
102
RTVSPost2010Prop35
280
     0
102
RTVSPost2010PropOp35
 70
     1
102
RTVSPost2010Prop36
280
     0
102
RTVSPost2010PropOp36
 70
     1
102
RTVSPost2010Prop37
 90
       50
102
RTVSPost2010PropOp37
 70
     1
102
RTVSPost2010Prop38
140
0.0
102
RTVSPost2010PropOp38
 70
     1
102
RTVSPost2010Prop39
140
1.0
102
RTVSPost2010PropOp39
 70
     1
102
RTVSPost2010Prop40
 90
        0
102
RTVSPost2010PropOp40
 70
     1
102
RTVSPost2010Prop41ColorIndex
 90
       18
102
RTVSPost2010Prop41ColorRGB
 90
        0
102
RTVSPost2010PropOp41
 70
     1
102
RTVSPost2010Prop42
 90
       50
102
RTVSPost2010PropOp42
 70
     1
102
RTVSPost2010Prop43
 90
        3
102
RTVSPost2010PropOp43
 70
     1
102
RTVSPost2010Prop44ColorIndex
 90
        5
102
RTVSPost2010Prop44ColorRGB
 90
      255
102
RTVSPost2010PropOp44
 70
     1
102
RTVSPost2010Prop45
280
     0
102
RTVSPost2010PropOp45
 70
     1
102
RTVSPost2010Prop46
 90
       50
102
RTVSPost2010PropOp46
 70
     1
102
RTVSPost2010Prop47
 90
       50
102
RTVSPost2010PropOp47
 70
     1
102
RTVSPost2010Prop48
 90
       50
102
RTVSPost2010PropOp48
 70
     1
102
RTVSPost2010Prop49
280
     0
102
RTVSPost2010PropOp49
 70
     1
102
RTVSPost2010Prop50
 90
       50
102
RTVSPost2010PropOp50
 70
     1
102
RTVSPost2010Prop51ColorIndex
 90
      256
102
RTVSPost2010Prop51ColorRGB
 90
-16777216
102
RTVSPost2010PropOp51
 70
     0
102
RTVSPost2010Prop52
140
1.0
102
RTVSPost2010PropOp52
 70
     0
102
RTVSPost2010Prop53
 90
        2
102
RTVSPost2010PropOp53
 70
     1
102
RTVSPost2010Prop54
  1
strokes_ogs.tif
102
RTVSPost2010PropOp54
 70
     1
102
RTVSPost2010Prop55
280
     0
102
RTVSPost2010PropOp55
 70
     1
102
RTVSPost2010Prop56
140
1.0
102
RTVSPost2010PropOp56
 70
     1
102
RTVSPost2010Prop57
140
1.0
102
RTVSPost2010PropOp57
 70
     1
102
RTVSPropertyOp0
 70
     1
102
RTVSPropertyOp1
 70
     1
102
RTVSPropertyOp2
 70
     1
102
RTVSPropertyOp3
 70
     1
102
RTVSPropertyOp4
 70
     1
102
RTVSPropertyOp5
 70
     1
102
RTVSPropertyOp6
 70
     1
102
RTVSPropertyOp7
 70
     1
102
RTVSPropertyOp8
 70
     1
102
RTVSPropertyOp9
 70
     1
102
RTVSPropertyOp10
 70
     1
102
RTVSPropertyOp11
 70
     1
102
RTVSPropertyOp12
 70
     1
102
RTVSPropertyOp13
 70
     1
102
RTVSPropertyOp14
 70
     1
102
RTVSPropertyOp15
 70
     1
102
RTVSPropertyOp16
 70
     1
102
RTVSPropertyOp17
 70
     1
102
RTVSPropertyOp18
 70
     1
102
RTVSPropertyOp19
 70
     1
102
RTVSPropertyOp20
 70
     1
102
RTVSPropertyOp21
 70
     1
102
RTVSPropertyOp22
 70
     1
102
RTVSPropertyOp23
 70
     1
102
RTVSPropertyOp24
 70
     1
102
RTVSPropertyOp25
 70
     1
102
RTVSPropertyOp26
 70
     1
102
RTVSPropertyOp27
 70
     1
102
RTVSPropertyOp28
 70
     1
102
RTVSPropertyOp29
 70
     1
102
RTVSPropertyOp30
 70
     1
102
RTVSPropertyOp31
 70
     1
102
RTVSPropertyOp32
 70
     1
102
RTVSPropertyOp33
 70
     1
102
RTVSPropertyOp34
 70
     1
102
RTVSPropertyOp35
 70
     1
102
RTVSPropertyOp36
 70
     1
102
RTVSPropertyOp37
 70
     1
102
RTVSPropertyOp38
 70
     1
102
RTVSPropertyOp39
 70
     1
102
RTVSPropertyOp40
 70
     1
102
RTVSPropertyOp41
 70
     1
102
RTVSPropertyOp42
 70
     1
102
RTVSPropertyOp43
 70
     1
102
RTVSPropertyOp44
 70
     1
102
RTVSPropertyOp45
 70
     1
102
RTVSPropertyOp46
 70
     1
102
RTVSPropertyOp47
 70
     1
102
RTVSPropertyOp48
 70
     1
102
RTVSPropertyOp49
 70
     1
102
RTVSPropertyOp50
 70
     1
102
RTVSPropertyOp51
 70
     0
102
RTVSPropertyOp52
 70
     0
102
RTVSPropertyOp53
 70
     1
102
RTVSPropertyOp54
 70
     1
102
RTVSPropertyOp55
 70
     1
102
RTVSPropertyOp56
 70
     1
102
RTVSPropertyOp57
 70
     1
102
RTVSPropertyOp58
 70
     1
102
RTVSPropertyOp59
 70
     1
102
RTVSPropertyOp60
 70
     1
102
RTVSPropertyOp61
 70
     1
102
RTVSPropertyOp62
 70
     1
  0
XRECORD
  5
76C
102
{ACAD_REACTORS
330
76B
102
}
330
76B
100
AcDbXrecord
280
     1
102
RTVSPost2010Prop28
280
     0
102
RTVSPost2010PropOp28
 70
     1
102
RTVSPost2010Prop29
280
     1
102
RTVSPost2010PropOp29
 70
     1
102
RTVSPost2010Prop30
280
     1
102
RTVSPost2010PropOp30
 70
     1
102
RTVSPost2010Prop31
280
     0
102
RTVSPost2010PropOp31
 70
     1
102
RTVSPost2010Prop32
280
     0
102
RTVSPost2010PropOp32
 70
     1
102
RTVSPost2010Prop33
280
     0
102
RTVSPost2010PropOp33
 70
     1
102
RTVSPost2010Prop34
280
     0
102
RTVSPost2010PropOp34
 70
     1
102
RTVSPost2010Prop35
280
     0
102
RTVSPost2010PropOp35
 70
     1
102
RTVSPost2010Prop36
280
     0
102
RTVSPost2010PropOp36
 70
     1
102
RTVSPost2010Prop37
 90
       50
102
RTVSPost2010PropOp37
 70
     1
102
RTVSPost2010Prop38
140
0.0
102
RTVSPost2010PropOp38
 70
     1
102
RTVSPost2010Prop39
140
1.0
102
RTVSPost2010PropOp39
 70
     1
102
RTVSPost2010Prop40
 90
        0
102
RTVSPost2010PropOp40
 70
     1
102
RTVSPost2010Prop41ColorIndex
 90
       18
102
RTVSPost2010Prop41ColorRGB
 90
        0
102
RTVSPost2010PropOp41
 70
     1
102
RTVSPost2010Prop42
 90
       50
102
RTVSPost2010PropOp42
 70
     1
102
RTVSPost2010Prop43
 90
        3
102
RTVSPost2010PropOp43
 70
     1
102
RTVSPost2010Prop44ColorIndex
 90
        5
102
RTVSPost2010Prop44ColorRGB
 90
      255
102
RTVSPost2010PropOp44
 70
     1
102
RTVSPost2010Prop45
280
     0
102
RTVSPost2010PropOp45
 70
     1
102
RTVSPost2010Prop46
 90
       50
102
RTVSPost2010PropOp46
 70
     1
102
RTVSPost2010Prop47
 90
       50
102
RTVSPost2010PropOp47
 70
     1
102
RTVSPost2010Prop48
 90
       50
102
RTVSPost2010PropOp48
 70
     1
102
RTVSPost2010Prop49
280
     0
102
RTVSPost2010PropOp49
 70
     1
102
RTVSPost2010Prop50
 90
       50
102
RTVSPost2010PropOp50
 70
     1
102
RTVSPost2010Prop51ColorIndex
 90
      256
102
RTVSPost2010Prop51ColorRGB
 90
-16777216
102
RTVSPost2010PropOp51
 70
     0
102
RTVSPost2010Prop52
140
1.0
102
RTVSPost2010PropOp52
 70
     0
102
RTVSPost2010Prop53
 90
        2
102
RTVSPost2010PropOp53
 70
     1
102
RTVSPost2010Prop54
  1
strokes_ogs.tif
102
RTVSPost2010PropOp54
 70
     1
102
RTVSPost2010Prop55
280
     0
102
RTVSPost2010PropOp55
 70
     1
102
RTVSPost2010Prop56
140
1.0
102
RTVSPost2010PropOp56
 70
     1
102
RTVSPost2010Prop57
140
1.0
102
RTVSPost2010PropOp57
 70
     1
102
RTVSPropertyOp0
 70
     1
102
RTVSPropertyOp1
 70
     1
102
RTVSPropertyOp2
 70
     1
102
RTVSPropertyOp3
 70
     1
102
RTVSPropertyOp4
 70
     1
102
RTVSPropertyOp5
 70
     1
102
RTVSPropertyOp6
 70
     1
102
RTVSPropertyOp7
 70
     1
102
RTVSPropertyOp8
 70
     1
102
RTVSPropertyOp9
 70
     1
102
RTVSPropertyOp10
 70
     1
102
RTVSPropertyOp11
 70
     1
102
RTVSPropertyOp12
 70
     1
102
RTVSPropertyOp13
 70
     1
102
RTVSPropertyOp14
 70
     1
102
RTVSPropertyOp15
 70
     1
102
RTVSPropertyOp16
 70
     1
102
RTVSPropertyOp17
 70
     1
102
RTVSPropertyOp18
 70
     1
102
RTVSPropertyOp19
 70
     1
102
RTVSPropertyOp20
 70
     1
102
RTVSPropertyOp21
 70
     1
102
RTVSPropertyOp22
 70
     1
102
RTVSPropertyOp23
 70
     1
102
RTVSPropertyOp24
 70
     1
102
RTVSPropertyOp25
 70
     1
102
RTVSPropertyOp26
 70
     1
102
RTVSPropertyOp27
 70
     1
102
RTVSPropertyOp28
 70
     1
102
RTVSPropertyOp29
 70
     1
102
RTVSPropertyOp30
 70
     1
102
RTVSPropertyOp31
 70
     1
102
RTVSPropertyOp32
 70
     1
102
RTVSPropertyOp33
 70
     1
102
RTVSPropertyOp34
 70
     1
102
RTVSPropertyOp35
 70
     1
102
RTVSPropertyOp36
 70
     1
102
RTVSPropertyOp37
 70
     1
102
RTVSPropertyOp38
 70
     1
102
RTVSPropertyOp39
 70
     1
102
RTVSPropertyOp40
 70
     1
102
RTVSPropertyOp41
 70
     1
102
RTVSPropertyOp42
 70
     1
102
RTVSPropertyOp43
 70
     1
102
RTVSPropertyOp44
 70
     1
102
RTVSPropertyOp45
 70
     1
102
RTVSPropertyOp46
 70
     1
102
RTVSPropertyOp47
 70
     1
102
RTVSPropertyOp48
 70
     1
102
RTVSPropertyOp49
 70
     1
102
RTVSPropertyOp50
 70
     1
102
RTVSPropertyOp51
 70
     0
102
RTVSPropertyOp52
 70
     0
102
RTVSPropertyOp53
 70
     1
102
RTVSPropertyOp54
 70
     1
102
RTVSPropertyOp55
 70
     1
102
RTVSPropertyOp56
 70
     1
102
RTVSPropertyOp57
 70
     1
102
RTVSPropertyOp58
 70
     1
102
RTVSPropertyOp59
 70
     1
102
RTVSPropertyOp60
 70
     1
102
RTVSPropertyOp61
 70
     1
102
RTVSPropertyOp62
 70
     1
  0
XRECORD
  5
784
102
{ACAD_REACTORS
330
783
102
}
330
783
100
AcDbXrecord
280
     1
102
RTVSPost2010Prop28
280
     0
102
RTVSPost2010PropOp28
 70
     1
102
RTVSPost2010Prop29
280
     1
102
RTVSPost2010PropOp29
 70
     1
102
RTVSPost2010Prop30
280
     1
102
RTVSPost2010PropOp30
 70
     1
102
RTVSPost2010Prop31
280
     0
102
RTVSPost2010PropOp31
 70
     1
102
RTVSPost2010Prop32
280
     0
102
RTVSPost2010PropOp32
 70
     1
102
RTVSPost2010Prop33
280
     0
102
RTVSPost2010PropOp33
 70
     1
102
RTVSPost2010Prop34
280
     0
102
RTVSPost2010PropOp34
 70
     1
102
RTVSPost2010Prop35
280
     0
102
RTVSPost2010PropOp35
 70
     1
102
RTVSPost2010Prop36
280
     0
102
RTVSPost2010PropOp36
 70
     1
102
RTVSPost2010Prop37
 90
       50
102
RTVSPost2010PropOp37
 70
     1
102
RTVSPost2010Prop38
140
0.0
102
RTVSPost2010PropOp38
 70
     1
102
RTVSPost2010Prop39
140
1.0
102
RTVSPost2010PropOp39
 70
     1
102
RTVSPost2010Prop40
 90
        0
102
RTVSPost2010PropOp40
 70
     1
102
RTVSPost2010Prop41ColorIndex
 90
       18
102
RTVSPost2010Prop41ColorRGB
 90
        0
102
RTVSPost2010PropOp41
 70
     1
102
RTVSPost2010Prop42
 90
       50
102
RTVSPost2010PropOp42
 70
     1
102
RTVSPost2010Prop43
 90
        3
102
RTVSPost2010PropOp43
 70
     1
102
RTVSPost2010Prop44ColorIndex
 90
        5
102
RTVSPost2010Prop44ColorRGB
 90
      255
102
RTVSPost2010PropOp44
 70
     1
102
RTVSPost2010Prop45
280
     0
102
RTVSPost2010PropOp45
 70
     1
102
RTVSPost2010Prop46
 90
       50
102
RTVSPost2010PropOp46
 70
     1
102
RTVSPost2010Prop47
 90
       50
102
RTVSPost2010PropOp47
 70
     1
102
RTVSPost2010Prop48
 90
       50
102
RTVSPost2010PropOp48
 70
     1
102
RTVSPost2010Prop49
280
     0
102
RTVSPost2010PropOp49
 70
     1
102
RTVSPost2010Prop50
 90
       50
102
RTVSPost2010PropOp50
 70
     1
102
RTVSPost2010Prop51ColorIndex
 90
      256
102
RTVSPost2010Prop51ColorRGB
 90
-16777216
102
RTVSPost2010PropOp51
 70
     0
102
RTVSPost2010Prop52
140
1.0
102
RTVSPost2010PropOp52
 70
     0
102
RTVSPost2010Prop53
 90
        2
102
RTVSPost2010PropOp53
 70
     1
102
RTVSPost2010Prop54
  1
strokes_ogs.tif
102
RTVSPost2010PropOp54
 70
     1
102
RTVSPost2010Prop55
280
     0
102
RTVSPost2010PropOp55
 70
     1
102
RTVSPost2010Prop56
140
1.0
102
RTVSPost2010PropOp56
 70
     1
102
RTVSPost2010Prop57
140
1.0
102
RTVSPost2010PropOp57
 70
     1
102
RTVSPropertyOp0
 70
     1
102
RTVSPropertyOp1
 70
     1
102
RTVSPropertyOp2
 70
     1
102
RTVSPropertyOp3
 70
     1
102
RTVSPropertyOp4
 70
     1
102
RTVSPropertyOp5
 70
     1
102
RTVSPropertyOp6
 70
     1
102
RTVSPropertyOp7
 70
     1
102
RTVSPropertyOp8
 70
     1
102
RTVSPropertyOp9
 70
     1
102
RTVSPropertyOp10
 70
     1
102
RTVSPropertyOp11
 70
     1
102
RTVSPropertyOp12
 70
     1
102
RTVSPropertyOp13
 70
     1
102
RTVSPropertyOp14
 70
     1
102
RTVSPropertyOp15
 70
     1
102
RTVSPropertyOp16
 70
     1
102
RTVSPropertyOp17
 70
     1
102
RTVSPropertyOp18
 70
     1
102
RTVSPropertyOp19
 70
     1
102
RTVSPropertyOp20
 70
     1
102
RTVSPropertyOp21
 70
     1
102
RTVSPropertyOp22
 70
     1
102
RTVSPropertyOp23
 70
     1
102
RTVSPropertyOp24
 70
     1
102
RTVSPropertyOp25
 70
     1
102
RTVSPropertyOp26
 70
     1
102
RTVSPropertyOp27
 70
     1
102
RTVSPropertyOp28
 70
     1
102
RTVSPropertyOp29
 70
     1
102
RTVSPropertyOp30
 70
     1
102
RTVSPropertyOp31
 70
     1
102
RTVSPropertyOp32
 70
     1
102
RTVSPropertyOp33
 70
     1
102
RTVSPropertyOp34
 70
     1
102
RTVSPropertyOp35
 70
     1
102
RTVSPropertyOp36
 70
     1
102
RTVSPropertyOp37
 70
     1
102
RTVSPropertyOp38
 70
     1
102
RTVSPropertyOp39
 70
     1
102
RTVSPropertyOp40
 70
     1
102
RTVSPropertyOp41
 70
     1
102
RTVSPropertyOp42
 70
     1
102
RTVSPropertyOp43
 70
     1
102
RTVSPropertyOp44
 70
     1
102
RTVSPropertyOp45
 70
     1
102
RTVSPropertyOp46
 70
     1
102
RTVSPropertyOp47
 70
     1
102
RTVSPropertyOp48
 70
     1
102
RTVSPropertyOp49
 70
     1
102
RTVSPropertyOp50
 70
     1
102
RTVSPropertyOp51
 70
     0
102
RTVSPropertyOp52
 70
     0
102
RTVSPropertyOp53
 70
     1
102
RTVSPropertyOp54
 70
     1
102
RTVSPropertyOp55
 70
     1
102
RTVSPropertyOp56
 70
     1
102
RTVSPropertyOp57
 70
     1
102
RTVSPropertyOp58
 70
     1
102
RTVSPropertyOp59
 70
     1
102
RTVSPropertyOp60
 70
     1
102
RTVSPropertyOp61
 70
     1
102
RTVSPropertyOp62
 70
     1
  0
ENDSEC
  0
EOF
